balancing,balancing,balancing,battery,battery,battery,battery,battery,grid,grid,grid,grid,grid,grid,grid,grid,node,node,node,node,node,node,node,node,node,node,node,node,node,node,node,node,node,node,pv_source,pv_source,pv_source,pv_source,balance,balance,balance,balance,balance,balance,balance,balance,balance,balance
0,0,0,0,0,0,0,0,0,0,0,0,0,0,0,0,0,0,0,1,1,1,2,2,2,3,3,3,4,4,4,5,5,5,0,0,0,0,0,0,0,0,0,0,0,0,0,0
loss_load,overgeneration,reward,charge_amount,current_charge,discharge_amount,reward,soc,co2_per_kwh_current,co2_production,export_price_current,grid_export,grid_import,grid_status_current,import_price_current,reward,load_met,node_current,reward,load_met,node_current,reward,load_met,node_current,reward,load_met,node_current,reward,load_met,node_current,reward,load_met,node_current,reward,curtailment,renewable_current,renewable_used,reward,reward,shaped_reward,overall_provided_to_microgrid,overall_absorbed_from_microgrid,flex_provided_to_microgrid,flex_absorbed_from_microgrid,controllable_provided_to_microgrid,controllable_absorbed_from_microgrid,fixed_provided_to_microgrid,fixed_absorbed_from_microgrid
0.0,0.0,-0.0,0.0,20626.5,720.0,-0.0,0.5,0.37853033242258655,0.0,799.2,0.0,0.0,1.0,888.0,-0.0,120,-24.501111349742594,0.0,120,-32.06383639281151,0.0,120,-45.195632247328646,0.0,120,-52.30875043814663,0.0,120,-29.043623374474244,0.0,120,-53.35524080217703,0.0,0.0,0.0,0.0,0.0,0.0,0.0,720.0,720.0,0.0,0.0,720.0,0.0,0.0,720
0.0,0.0,-0.0,0.0,19826.5,720.0,-0.0,0.4806074709718081,0.37853033242258655,0.0,799.2,0.0,0.0,1.0,888.0,-0.0,120,-38.875853364186284,0.0,120,-55.31335856525987,0.0,120,-46.69200183605379,0.0,120,-32.386804830526856,0.0,120,-6.624519424702773,0.0,120,-34.20288958599145,0.0,0.0,0.0,0.0,0.0,0.0,0.0,720.0,720.0,0.0,0.0,720.0,0.0,0.0,720
0.0,0.0,-0.0,0.0,19026.5,720.0,-0.0,0.46121494194361623,0.37853033242258655,0.0,799.2,0.0,0.0,1.0,888.0,-0.0,120,-49.28554971931031,0.0,120,-53.264746271106915,0.0,120,-25.14929407193288,0.0,120,-21.56915823619381,0.0,120,-7.936003605000391,0.0,120,-10.124294392407776,0.0,0.0,0.0,0.0,0.0,0.0,0.0,720.0,720.0,0.0,0.0,720.0,0.0,0.0,720
0.0,0.0,-0.0,0.0,18226.5,720.0,-0.0,0.44182241291542435,0.37853033242258655,0.0,799.2,0.0,0.0,1.0,888.0,-0.0,120,-43.91192529580953,0.0,120,-16.373035162710707,0.0,120,-57.136394940241,0.0,120,-14.893492436999182,0.0,120,-19.30948150098437,0.0,120,-17.627842310429035,0.0,0.0,0.0,0.0,0.0,0.0,0.0,720.0,720.0,0.0,0.0,720.0,0.0,0.0,720
0.0,0.0,-0.0,0.0,17426.5,720.0,-0.0,0.42242988388723246,0.37853033242258655,0.0,799.2,0.0,0.0,1.0,888.0,-0.0,120,-44.54114864663507,0.0,120,-36.11503587215839,0.0,120,-5.094387882528528,0.0,120,-1.4700995269655004,0.0,120,-24.405605328423743,0.0,120,-17.336571958877816,0.0,0.0,0.0,0.0,0.0,0.0,0.0,720.0,720.0,0.0,0.0,720.0,0.0,0.0,720
0.0,0.0,-0.0,0.0,16626.5,720.0,-0.0,0.4030373548590406,0.37853033242258655,0.0,799.2,0.0,0.0,1.0,888.0,-0.0,120,-25.779080182296607,0.0,120,-53.056452734497604,0.0,120,-3.0440862398230872,0.0,120,-58.987579618665535,0.0,120,-19.34843584612842,0.0,120,-8.652498947647324,0.0,0.0,0.0,0.0,0.0,0.0,0.0,720.0,720.0,0.0,0.0,720.0,0.0,0.0,720
0.0,0.0,-0.0,0.0,15826.5,720.0,-0.0,0.3836448258308487,0.37853033242258655,0.0,799.2,0.0,0.0,1.0,888.0,-0.0,120,-22.887559741793066,0.0,120,-27.214042632216337,0.0,120,-1.0242305295527543,0.0,120,-8.349668821594634,0.0,120,-6.110063500423399,0.0,120,-3.5726493246412017,0.0,0.0,0.0,0.0,0.0,0.0,0.0,720.0,720.0,0.0,0.0,720.0,0.0,0.0,720
0.0,0.0,-0.0,0.0,15026.5,720.0,-0.0,0.36425229680265675,0.37853033242258655,0.0,799.2,0.0,0.0,1.0,888.0,-0.0,120,-48.43064677639265,0.0,120,-54.17649582074335,0.0,120,-39.50220633928874,0.0,120,-51.69513160701115,0.0,120,-47.02279305179516,0.0,120,-10.206702397008332,0.0,0.0,0.0,0.0,0.0,0.0,0.0,720.0,720.0,0.0,0.0,720.0,0.0,0.0,720
0.0,0.0,-0.0,0.0,14226.5,720.0,-0.0,0.34485976777446486,0.37853033242258655,0.0,799.2,0.0,0.0,1.0,888.0,-0.0,120,-58.212621540757326,0.0,120,-7.190903925275391,0.0,120,-23.24477200769483,0.0,120,-29.58511856972008,0.0,120,-28.898548527974445,0.0,120,-9.341774709218127,0.0,0.0,0.0,0.0,0.0,0.0,0.0,720.0,720.0,0.0,0.0,720.0,0.0,0.0,720
0.0,0.0,-0.0,0.0,13426.5,720.0,-0.0,0.325467238746273,0.37853033242258655,0.0,799.2,0.0,0.0,1.0,888.0,-0.0,120,-1.1799067531499419,0.0,120,-12.611884492814227,0.0,120,-53.19732657460601,0.0,120,-44.49732702360548,0.0,120,-52.88566943518111,0.0,120,-45.44373134781355,0.0,0.0,0.0,0.0,0.0,0.0,0.0,720.0,720.0,0.0,0.0,720.0,0.0,0.0,720
0.0,0.0,-0.0,0.0,12626.5,720.0,-0.0,0.3060747097180811,0.37853033242258655,0.0,799.2,0.0,0.0,1.0,888.0,-0.0,120,-36.4916523317793,0.0,120,-59.43596140572566,0.0,120,-57.56676855552466,0.0,120,-47.193872727611094,0.0,120,-52.89403585654266,0.0,120,-25.164546719375064,0.0,0.0,0.0,0.0,0.0,0.0,0.0,720.0,720.0,0.0,0.0,720.0,0.0,0.0,720
0.0,0.0,-0.0,0.0,11826.5,720.0,-0.0,0.2866821806898892,0.37853033242258655,0.0,799.2,0.0,0.0,1.0,888.0,-0.0,120,-54.034793280479526,0.0,120,-9.151239294089674,0.0,120,-47.55305157304343,0.0,120,-23.15464528732229,0.0,120,-30.529576111117333,0.0,120,-29.596269831265808,0.0,0.0,0.0,0.0,0.0,0.0,0.0,720.0,720.0,0.0,0.0,720.0,0.0,0.0,720
0.0,0.0,-0.0,0.0,11026.5,720.0,-0.0,0.2672896516616973,0.37853033242258655,0.0,799.2,0.0,0.0,1.0,888.0,-0.0,120,-5.435958610067139,0.0,120,-24.741228439240924,0.0,120,-28.503660771869207,0.0,120,-41.32045364580963,0.0,120,-39.57294829781117,0.0,120,-21.63059081538076,0.0,0.0,0.0,0.0,0.0,0.0,0.0,720.0,720.0,0.0,0.0,720.0,0.0,0.0,720
0.0,0.0,-0.0,0.0,10226.5,720.0,-0.0,0.24789712263350544,0.37853033242258655,0.0,799.2,0.0,0.0,1.0,888.0,-0.0,120,-11.777749799409749,0.0,120,-32.3868904672227,0.0,120,-51.18839343226757,0.0,120,-22.093216033440054,0.0,120,-6.247912677622509,0.0,120,-22.923023567698348,0.0,0.0,0.0,0.0,0.0,0.0,0.0,720.0,720.0,0.0,0.0,720.0,0.0,0.0,720
0.0,0.0,-0.0,0.0,9426.5,720.0,-0.0,0.22850459360531356,0.37853033242258655,0.0,799.2,0.0,0.0,1.0,888.0,-0.0,120,-57.26685090731068,0.0,120,-5.180028647625394,0.0,120,-2.947191745398061,0.0,120,-7.375386828709571,0.0,120,-5.948923133450599,0.0,120,-38.97441764302924,0.0,0.0,0.0,0.0,0.0,0.0,0.0,720.0,720.0,0.0,0.0,720.0,0.0,0.0,720
0.0,0.0,-0.0,0.0,8626.5,720.0,-0.0,0.20911206457712167,0.37853033242258655,0.0,799.2,0.0,0.0,1.0,888.0,-0.0,120,-44.288471020575074,0.0,120,-23.177530209441237,0.0,120,-16.537073221551324,0.0,120,-35.59699919985362,0.0,120,-2.709298905793065,0.0,120,-56.97280573302728,0.0,0.0,0.0,0.0,0.0,0.0,0.0,720.0,720.0,0.0,0.0,720.0,0.0,0.0,720
0.0,0.0,-0.0,0.0,7826.5,720.0,-0.0,0.18971953554892979,0.37853033242258655,0.0,799.2,0.0,0.0,1.0,888.0,-0.0,120,-37.210599599912186,0.0,120,-17.07359370570605,0.0,120,-49.22964061471719,0.0,120,-13.990554693334236,0.0,120,-41.06667488784533,0.0,120,-32.80789655972981,0.0,0.0,0.0,0.0,0.0,0.0,0.0,720.0,720.0,0.0,0.0,720.0,0.0,0.0,720
0.0,0.0,-0.0,0.0,7026.5,720.0,-0.0,0.17032700652073787,0.37853033242258655,0.0,799.2,0.0,0.0,1.0,888.0,-0.0,120,-40.193683780463495,0.0,120,-13.803235031161819,0.0,120,-33.82731932510701,0.0,120,-19.950067580148087,0.0,120,-2.1552019091510477,0.0,120,-44.6542386236089,0.0,0.0,0.0,0.0,0.0,0.0,0.0,720.0,720.0,0.0,0.0,720.0,0.0,0.0,720
0.0,0.0,-0.0,0.0,6226.5,720.0,-0.0,0.150934477492546,0.37853033242258655,0.0,799.2,0.0,0.0,1.0,888.0,-0.0,120,-17.444192325761914,0.0,120,-53.14481491245712,0.0,120,-45.63010914427512,0.0,120,-5.9450378374571855,0.0,120,-21.689633752426612,0.0,120,-58.069164846178815,0.0,0.0,0.0,0.0,0.0,0.0,0.0,720.0,720.0,0.0,0.0,720.0,0.0,0.0,720
0.0,0.0,-0.0,0.0,5426.5,720.0,-0.0,0.1315419484643541,0.37853033242258655,0.0,799.2,0.0,0.0,1.0,888.0,-0.0,120,-31.991946435687616,0.0,120,-31.028836165820397,0.0,120,-0.05878262166740589,0.0,120,-18.976531615305998,0.0,120,-53.36048913984074,0.0,120,-28.803881389562253,0.0,0.0,0.0,0.0,0.0,0.0,0.0,720.0,720.0,0.0,0.0,720.0,0.0,0.0,720
0.0,0.0,-0.0,0.0,4626.5,720.0,-0.0,0.11214941943616222,0.37853033242258655,0.0,799.2,0.0,0.0,1.0,888.0,-0.0,120,-19.57613150498944,0.0,120,-50.64849693649635,0.0,120,-21.532324573964825,0.0,120,-51.85580845906902,0.0,120,-56.83755275547689,0.0,120,-12.911444680299493,0.0,0.0,0.0,0.0,0.0,0.0,0.0,720.0,720.0,0.0,0.0,720.0,0.0,0.0,720
0.0,0.0,-0.0,0.0,3826.5,720.0,-0.0,0.09275689040797033,0.37853033242258655,0.0,799.2,0.0,0.0,1.0,888.0,-0.0,120,-9.797191149367494,0.0,120,-53.80804609965882,0.0,120,-48.85785437648814,0.0,120,-6.531944268416591,0.0,120,-0.5663534108818635,0.0,120,-14.343443746384603,0.0,0.0,0.0,0.0,0.0,0.0,0.0,720.0,720.0,0.0,0.0,720.0,0.0,0.0,720
0.0,0.0,-0.0,0.0,3026.5,720.0,-0.0,0.07336436137977843,0.37853033242258655,0.0,799.2,0.0,0.0,1.0,888.0,-0.0,120,-59.77324895246502,0.0,120,-48.755602216666894,0.0,120,-3.046093721196015,0.0,120,-14.74811853970614,0.0,120,-3.5763374282247073,0.0,120,-31.047961012586022,0.0,0.0,0.0,0.0,0.0,0.0,0.0,720.0,720.0,0.0,0.0,720.0,0.0,0.0,720
0.0,0.0,-0.0,0.0,2226.5,720.0,-0.0,0.05397183235158655,0.37853033242258655,0.0,799.2,0.0,0.0,1.0,888.0,-0.0,120,-34.982592292443236,0.0,120,-18.374895204321724,0.0,120,-57.114852379012085,0.0,120,-15.281527376426338,0.0,120,-42.55032643075899,0.0,120,-52.08106820384724,0.0,0.0,0.0,0.0,0.0,0.0,0.0,720.0,720.0,0.0,0.0,720.0,0.0,0.0,720
0.0,0.0,-0.0,0.0,1426.5,720.0,-0.0,0.034579303323394664,0.37853033242258655,0.0,799.2,0.0,0.0,1.0,888.0,-0.0,120,-41.951789146587934,0.0,120,-33.83576683752589,0.0,120,-31.127491969480545,0.0,120,-43.35963529940126,0.0,120,-42.81067837416584,0.0,120,-11.650981382128759,0.0,0.0,0.0,0.0,0.0,0.0,0.0,720.0,720.0,0.0,0.0,720.0,0.0,0.0,720
0.0,0.0,-0.0,0.0,626.5,563.85,-0.0,0.015186774295202774,0.37853033242258655,59.10751140778688,799.2,0.0,156.14999999999998,1.0,888.0,-138661.19999999998,120,-48.79291665964732,0.0,120,-35.04531988017797,0.0,120,-0.3295002589660889,0.0,120,-25.36344763290967,0.0,120,-47.00033292240224,0.0,120,-34.69059203802949,0.0,0.0,0.0,0.0,0.0,-138661.19999999998,-138661.19999999998,720.0,720.0,0.0,0.0,720.0,0.0,0.0,720
0.0,0.0,-0.0,0.0,0.0,0.0,-0.0,0.0,0.37853033242258655,272.5418393442623,799.2,0.0,720.0,1.0,888.0,-639360.0,120,-56.158165923482215,0.0,120,-54.702515766695136,0.0,120,-37.82607842699612,0.0,120,-38.50574731290436,0.0,120,-14.328488953235128,0.0,120,-8.106130735747927,0.0,0.0,0.0,0.0,0.0,-639360.0,-639360.0,720.0,720.0,0.0,0.0,720.0,0.0,0.0,720
0.0,0.0,-0.0,0.0,0.0,0.0,-0.0,0.0,0.37853033242258655,272.5418393442623,799.2,0.0,720.0,1.0,888.0,-639360.0,120,-26.17717290108972,0.0,120,-10.358571248496345,0.0,120,-42.4546990963087,0.0,120,-38.21951977765521,0.0,120,-50.82314184683425,0.0,120,-53.68753259133319,0.0,0.0,0.0,0.0,0.0,-639360.0,-639360.0,720.0,720.0,0.0,0.0,720.0,0.0,0.0,720
0.0,0.0,-0.0,0.0,0.0,0.0,-0.0,0.0,0.37853033242258655,272.5418393442623,799.2,0.0,720.0,1.0,888.0,-639360.0,120,-0.869235383848943,0.0,120,-26.75247764883866,0.0,120,-42.61197976031484,0.0,120,-56.562407473487596,0.0,120,-17.115482017579197,0.0,120,-14.27297444454885,0.0,0.0,0.0,0.0,0.0,-639360.0,-639360.0,720.0,720.0,0.0,0.0,720.0,0.0,0.0,720
0.0,0.0,-0.0,0.0,0.0,0.0,-0.0,0.0,0.37853033242258655,272.5418393442623,799.2,0.0,720.0,1.0,888.0,-639360.0,120,-31.854388399297513,0.0,120,-2.7896315006130945,0.0,120,-56.14886545120562,0.0,120,-33.750567331359356,0.0,120,-48.47823744756824,0.0,120,-36.0174044362086,0.0,0.0,0.0,0.0,0.0,-639360.0,-639360.0,720.0,720.0,0.0,0.0,720.0,0.0,0.0,720
0.0,0.0,-0.0,0.0,0.0,0.0,-0.0,0.0,0.37853033242258655,272.5418393442623,799.2,0.0,720.0,1.0,888.0,-639360.0,120,-47.26684078552804,0.0,120,-37.65560901581532,0.0,120,-13.310138979361753,0.0,120,-42.12700911736744,0.0,120,-50.27379097671387,0.0,120,-23.21274649664439,0.0,0.0,0.0,0.0,0.0,-639360.0,-639360.0,720.0,720.0,0.0,0.0,720.0,0.0,0.0,720
0.0,0.0,-0.0,0.0,0.0,0.0,-0.0,0.0,0.37853033242258655,272.5418393442623,799.2,0.0,720.0,1.0,888.0,-639360.0,120,-39.831254127089316,0.0,120,-57.62012333759296,0.0,120,-33.537790341332695,0.0,120,-0.17370324674060855,0.0,120,-41.68008372028405,0.0,120,-41.09236703370578,0.0,0.0,0.0,0.0,0.0,-639360.0,-639360.0,720.0,720.0,0.0,0.0,720.0,0.0,0.0,720
0.0,0.0,-0.0,0.0,0.0,0.0,-0.0,0.0,0.37853033242258655,272.5418393442623,799.2,0.0,720.0,1.0,888.0,-639360.0,120,-58.316189635025275,0.0,120,-38.398927882121264,0.0,120,-11.360355268564042,0.0,120,-11.943875622634717,0.0,120,-18.391612914885652,0.0,120,-29.25319493112276,0.0,0.0,0.0,0.0,0.0,-639360.0,-639360.0,720.0,720.0,0.0,0.0,720.0,0.0,0.0,720
0.0,0.0,-0.0,0.0,0.0,0.0,-0.0,0.0,0.37853033242258655,272.5418393442623,799.2,0.0,720.0,1.0,888.0,-639360.0,120,-40.4306984474854,0.0,120,-21.603177417786807,0.0,120,-54.144262071240206,0.0,120,-3.0786000197680585,0.0,120,-16.693161911383473,0.0,120,-26.409343334268293,0.0,0.0,0.0,0.0,0.0,-639360.0,-639360.0,720.0,720.0,0.0,0.0,720.0,0.0,0.0,720
0.0,0.0,-0.0,0.0,0.0,0.0,-0.0,0.0,0.37853033242258655,272.5418393442623,799.2,0.0,720.0,1.0,888.0,-639360.0,120,-28.408887806161303,0.0,120,-23.921945826766123,0.0,120,-10.904265979599156,0.0,120,-22.485316821196864,0.0,120,-9.2545947948501,0.0,120,-19.96338041952224,0.0,0.0,0.0,0.0,0.0,-639360.0,-639360.0,720.0,720.0,0.0,0.0,720.0,0.0,0.0,720
0.0,0.0,-0.0,0.0,0.0,0.0,-0.0,0.0,0.37853033242258655,272.5418393442623,799.2,0.0,720.0,1.0,888.0,-639360.0,120,-5.056223163051601,0.0,120,-17.177005912177087,0.0,120,-21.9551246360349,0.0,120,-19.548039514034578,0.0,120,-11.85341610826316,0.0,120,-12.213464588244982,0.0,0.0,0.0,0.0,0.0,-639360.0,-639360.0,720.0,720.0,0.0,0.0,720.0,0.0,0.0,720
328.3002562973285,0.0,-3283.0025629732845,0.0,0.0,0.0,-0.0,0.0,0.37853033242258655,148.23570471177186,799.2,0.0,391.6085238481849,1.0,888.0,-347748.3691771882,120,-19.724639503750907,0.0,120,-56.99376831873468,0.0,120,-28.100771104963776,0.0,120,-3.589950167678695,0.0,120,-27.637186820164793,0.0,120,-48.39071591016854,0.0,0.0,0.0912198544866153,0.0912198544866153,0.0,-351031.3717401615,-351031.3717401615,720.0,720.0,328.3914761518151,0.0,391.6085238481849,0.0,0.0,720
328.3002562973285,0.0,-3283.0025629732845,0.0,0.0,0.0,-0.0,0.0,0.37853033242258655,148.23570471177186,799.2,0.0,391.6085238481849,1.0,888.0,-347748.3691771882,120,-10.861368352945455,0.0,120,-46.44749173930376,0.0,120,-53.08695555805938,0.0,120,-25.801013821019005,0.0,120,-26.662067293547654,0.0,120,-8.462854773017508,0.0,0.0,0.0912198544866153,0.0912198544866153,0.0,-351031.3717401615,-351031.3717401615,720.0,720.0,328.3914761518151,0.0,391.6085238481849,0.0,0.0,720
328.3002562973285,0.0,-3283.0025629732845,0.0,0.0,0.0,-0.0,0.0,0.37853033242258655,148.23570471177186,799.2,0.0,391.6085238481849,1.0,888.0,-347748.3691771882,120,-14.657987317049056,0.0,120,-21.586508221390726,0.0,120,-55.29648993735092,0.0,120,-17.023021661025815,0.0,120,-42.76232289950133,0.0,120,-12.205504363338594,0.0,0.0,0.0912198544866153,0.0912198544866153,0.0,-351031.3717401615,-351031.3717401615,720.0,720.0,328.3914761518151,0.0,391.6085238481849,0.0,0.0,720
328.3002562973285,0.0,-3283.0025629732845,0.0,0.0,0.0,-0.0,0.0,0.37853033242258655,148.23570471177186,799.2,0.0,391.6085238481849,1.0,888.0,-347748.3691771882,120,-4.872738456558086,0.0,120,-48.16820806694194,0.0,120,-31.92590662845635,0.0,120,-8.886249198551594,0.0,120,-8.944243952831224,0.0,120,-6.560107078784936,0.0,0.0,0.0912198544866153,0.0912198544866153,0.0,-351031.3717401615,-351031.3717401615,720.0,720.0,328.3914761518151,0.0,391.6085238481849,0.0,0.0,720
328.3002562973285,0.0,-3283.0025629732845,0.0,0.0,0.0,-0.0,0.0,0.37853033242258655,148.23570471177186,799.2,0.0,391.6085238481849,1.0,888.0,-347748.3691771882,120,-26.65124351672726,0.0,120,-55.66829352197819,0.0,120,-11.507588602835897,0.0,120,-43.73933393548762,0.0,120,-54.04498268599643,0.0,120,-59.83607016420587,0.0,0.0,0.0912198544866153,0.0912198544866153,0.0,-351031.3717401615,-351031.3717401615,720.0,720.0,328.3914761518151,0.0,391.6085238481849,0.0,0.0,720
328.3002562973285,0.0,-3283.0025629732845,0.0,0.0,0.0,-0.0,0.0,0.37853033242258655,148.23570471177186,799.2,0.0,391.6085238481849,1.0,888.0,-347748.3691771882,120,-45.89189713491435,0.0,120,-15.723280334641421,0.0,120,-57.18606570235413,0.0,120,-58.07809847401281,0.0,120,-42.96261166530079,0.0,120,-15.141684894861802,0.0,0.0,0.0912198544866153,0.0912198544866153,0.0,-351031.3717401615,-351031.3717401615,720.0,720.0,328.3914761518151,0.0,391.6085238481849,0.0,0.0,720
1011.1142374224049,0.0,-10111.14237422405,173.39518052810718,0.0,0.0,-0.0,0.0,0.37853033242258655,0.0,799.2,0.0,0.0,1.0,888.0,-0.0,118,-26.461654777557232,0.0,120,-24.30982509941696,0.0,180,-3.7421003203810232,0.0,120,-33.02479396845803,0.0,120,-1.3592300083321707,0.0,180,-3.242380444037396,0.0,0.0,0.280943105702252,0.280943105702252,0.0,-10111.14237422405,-10111.14237422405,1011.3951805281072,1011.3951805281072,1011.3951805281072,0.0,0.0,173.39518052810718,0.0,838
1011.1142374224049,0.0,-10111.14237422405,173.39518052810718,156.05566247529646,0.0,-0.0,0.003782892455707378,0.37853033242258655,0.0,799.2,0.0,0.0,1.0,888.0,-0.0,118,-23.599800021312987,0.0,120,-45.22039770550746,0.0,180,-55.40961036206861,0.0,120,-24.740909212188043,0.0,120,-59.88865451046829,0.0,180,-42.904555451378414,0.0,0.0,0.280943105702252,0.280943105702252,0.0,-10111.14237422405,-10111.14237422405,1011.3951805281072,1011.3951805281072,1011.3951805281072,0.0,0.0,173.39518052810718,0.0,838
1011.1142374224049,0.0,-10111.14237422405,175.39518052810718,312.1113249505929,0.0,-0.0,0.007565784911414756,0.37853033242258655,0.0,799.2,0.0,0.0,1.0,888.0,-0.0,118,-15.530585858393893,0.0,120,-34.26694854801765,0.0,180,-25.371950136063475,0.0,120,-1.9843807818341985,0.0,118,-29.563232167926085,0.0,180,-51.75297908690947,0.0,0.0,0.280943105702252,0.280943105702252,0.0,-10111.14237422405,-10111.14237422405,1011.3951805281072,1011.3951805281072,1011.3951805281072,0.0,0.0,175.39518052810718,0.0,836
1011.1142374224049,0.0,-10111.14237422405,175.39518052810718,469.9669874258894,0.0,-0.0,0.011392310557435566,0.37853033242258655,0.0,799.2,0.0,0.0,1.0,888.0,-0.0,118,-58.12134724519465,0.0,120,-35.10134826267689,0.0,180,-40.176700763426595,0.0,120,-1.2195210060672612,0.0,118,-50.60659006052185,0.0,180,-14.555234003960877,0.0,0.0,0.280943105702252,0.280943105702252,0.0,-10111.14237422405,-10111.14237422405,1011.3951805281072,1011.3951805281072,1011.3951805281072,0.0,0.0,175.39518052810718,0.0,836
1011.1142374224049,0.0,-10111.14237422405,175.39518052810718,627.8226499011859,0.0,-0.0,0.015218836203456376,0.37853033242258655,0.0,799.2,0.0,0.0,1.0,888.0,-0.0,118,-58.29844403682867,0.0,120,-6.860495830432615,0.0,180,-26.399295211802325,0.0,120,-50.7863114363958,0.0,118,-17.495064489545396,0.0,180,-15.095358927774425,0.0,0.0,0.280943105702252,0.280943105702252,0.0,-10111.14237422405,-10111.14237422405,1011.3951805281072,1011.3951805281072,1011.3951805281072,0.0,0.0,175.39518052810718,0.0,836
1011.1142374224049,0.0,-10111.14237422405,175.39518052810718,785.6783123764824,0.0,-0.0,0.019045361849477187,0.37853033242258655,0.0,799.2,0.0,0.0,1.0,888.0,-0.0,118,-18.74560617359675,0.0,120,-45.719973522542,0.0,180,-57.91722551970528,0.0,120,-4.803766727931668,0.0,118,-55.837666726972664,0.0,180,-6.623694686177545,0.0,0.0,0.280943105702252,0.280943105702252,0.0,-10111.14237422405,-10111.14237422405,1011.3951805281072,1011.3951805281072,1011.3951805281072,0.0,0.0,175.39518052810718,0.0,836
1631.2553475422878,0.0,-16312.55347542288,795.7085999311576,943.5339748517788,0.0,-0.0,0.022871887495497994,0.37853033242258655,0.0,799.2,0.0,0.0,1.0,888.0,-0.0,118,-33.581931992128105,0.0,120,-3.6476011300722577,0.0,180,-31.60942482777925,0.0,120,-2.9097164401437103,0.0,118,-17.535760280766663,0.0,180,-47.19218431564463,0.0,0.0,0.453252388869766,0.453252388869766,0.0,-16312.55347542288,-16312.55347542288,1631.7085999311576,1631.7085999311576,1631.7085999311576,0.0,0.0,795.7085999311576,0.0,836
1631.2553475422878,0.0,-16312.55347542288,795.7085999311576,1659.6717147898207,0.0,-0.0,0.04023153988291326,0.37853033242258655,0.0,799.2,0.0,0.0,1.0,888.0,-0.0,118,-36.02721212429684,0.0,120,-21.95673380040619,0.0,180,-7.071118822285484,0.0,120,-30.488617606070104,0.0,118,-50.268885001619466,0.0,180,-58.95100983327658,0.0,0.0,0.453252388869766,0.453252388869766,0.0,-16312.55347542288,-16312.55347542288,1631.7085999311576,1631.7085999311576,1631.7085999311576,0.0,0.0,795.7085999311576,0.0,836
1631.2553475422878,0.0,-16312.55347542288,795.7085999311576,2375.8094547278624,0.0,-0.0,0.05759119227032852,0.37853033242258655,0.0,799.2,0.0,0.0,1.0,888.0,-0.0,118,-52.19760880552035,0.0,120,-36.43444675316837,0.0,180,-9.187848910035921,0.0,120,-41.783082617815325,0.0,118,-51.793998363941114,0.0,180,-9.302946797388085,0.0,0.0,0.453252388869766,0.453252388869766,0.0,-16312.55347542288,-16312.55347542288,1631.7085999311576,1631.7085999311576,1631.7085999311576,0.0,0.0,795.7085999311576,0.0,836
1631.2553475422878,0.0,-16312.55347542288,795.7085999311576,3091.947194665904,0.0,-0.0,0.07495084465774378,0.37853033242258655,0.0,799.2,0.0,0.0,1.0,888.0,-0.0,118,-53.214889874492066,0.0,120,-35.88017379728029,0.0,180,-33.561867231150266,0.0,120,-0.186173418430855,0.0,118,-28.778704544823196,0.0,180,-12.010013592137799,0.0,0.0,0.453252388869766,0.453252388869766,0.0,-16312.55347542288,-16312.55347542288,1631.7085999311576,1631.7085999311576,1631.7085999311576,0.0,0.0,795.7085999311576,0.0,836
1631.2553475422878,0.0,-16312.55347542288,795.7085999311576,3808.084934603946,0.0,-0.0,0.09231049704515903,0.37853033242258655,0.0,799.2,0.0,0.0,1.0,888.0,-0.0,118,-17.332360584343473,0.0,120,-34.99123393074042,0.0,180,-38.62945170465727,0.0,120,-55.61873742770661,0.0,118,-11.377018097795649,0.0,180,-35.58518810296359,0.0,0.0,0.453252388869766,0.453252388869766,0.0,-16312.55347542288,-16312.55347542288,1631.7085999311576,1631.7085999311576,1631.7085999311576,0.0,0.0,795.7085999311576,0.0,836
1631.2553475422878,0.0,-16312.55347542288,795.7085999311576,4524.2226745419875,0.0,-0.0,0.1096701494325743,0.37853033242258655,0.0,799.2,0.0,0.0,1.0,888.0,-0.0,118,-45.637746748755156,0.0,120,-18.126610611339288,0.0,180,-39.100542807061686,0.0,120,-19.947437775783733,0.0,118,-25.99765040207567,0.0,180,-28.001030750481736,0.0,0.0,0.453252388869766,0.453252388869766,0.0,-16312.55347542288,-16312.55347542288,1631.7085999311576,1631.7085999311576,1631.7085999311576,0.0,0.0,795.7085999311576,0.0,836
2092.7135686914125,0.0,-20927.135686914124,1257.295039535728,5240.360414480029,0.0,-0.0,0.12702980181998955,0.37853033242258655,0.0,799.2,0.0,0.0,1.0,888.0,-0.0,118,-59.25597144540281,0.0,120,-40.67189155168673,0.0,180,-45.2325223920468,0.0,120,-22.086059728082986,0.0,118,-56.30409365602207,0.0,180,-22.269481271397108,0.0,0.0,0.58147084431548,0.58147084431548,0.0,-20927.135686914124,-20927.135686914124,2093.295039535728,2093.295039535728,2093.295039535728,0.0,0.0,1257.295039535728,0.0,836
2092.7135686914125,0.0,-20927.135686914124,1257.295039535728,6371.925950062185,0.0,-0.0,0.15445969869008763,0.37853033242258655,0.0,799.2,0.0,0.0,1.0,888.0,-0.0,118,-2.6013713857434184,0.0,120,-38.35807839426202,0.0,180,-46.34876211022297,0.0,120,-38.61046370376337,0.0,118,-47.99072477379166,0.0,180,-24.829291707217813,0.0,0.0,0.58147084431548,0.58147084431548,0.0,-20927.135686914124,-20927.135686914124,2093.295039535728,2093.295039535728,2093.295039535728,0.0,0.0,1257.295039535728,0.0,836
2092.7135686914125,0.0,-20927.135686914124,1259.295039535728,7503.49148564434,0.0,-0.0,0.1818895955601857,0.37853033242258655,0.0,799.2,0.0,0.0,1.0,888.0,-0.0,118,-2.745867184074293,0.0,118,-30.026296275445674,0.0,180,-52.59942267111325,0.0,120,-51.398902342502694,0.0,118,-3.648616371708364,0.0,180,-1.6134477036753214,0.0,0.0,0.58147084431548,0.58147084431548,0.0,-20927.135686914124,-20927.135686914124,2093.295039535728,2093.295039535728,2093.295039535728,0.0,0.0,1259.295039535728,0.0,834
2092.7135686914125,0.0,-20927.135686914124,1259.295039535728,8636.857021226495,0.0,-0.0,0.20936312562059717,0.37853033242258655,0.0,799.2,0.0,0.0,1.0,888.0,-0.0,118,-48.82271804175927,0.0,118,-2.6902097521978208,0.0,180,-21.154571551982922,0.0,120,-59.967699080110066,0.0,118,-15.522154281472147,0.0,180,-39.947011025459915,0.0,0.0,0.58147084431548,0.58147084431548,0.0,-20927.135686914124,-20927.135686914124,2093.295039535728,2093.295039535728,2093.295039535728,0.0,0.0,1259.295039535728,0.0,834
2092.7135686914125,0.0,-20927.135686914124,1261.295039535728,9770.22255680865,0.0,-0.0,0.23683665568100867,0.37853033242258655,0.0,799.2,0.0,0.0,1.0,888.0,-0.0,118,-38.35169226091912,0.0,118,-55.445489146558586,0.0,180,-49.22992480754155,0.0,118,-36.552060453879285,0.0,118,-50.480987315566956,0.0,180,-18.373783772083836,0.0,0.0,0.58147084431548,0.58147084431548,0.0,-20927.135686914124,-20927.135686914124,2093.295039535728,2093.295039535728,2093.295039535728,0.0,0.0,1261.295039535728,0.0,832
2092.7135686914125,0.0,-20927.135686914124,1261.295039535728,10905.388092390805,0.0,-0.0,0.2643538189317336,0.37853033242258655,0.0,799.2,0.0,0.0,1.0,888.0,-0.0,118,-13.41142076055564,0.0,118,-11.153899745699995,0.0,180,-15.432855988028518,0.0,118,-59.90472030199107,0.0,118,-50.39575973363506,0.0,180,-46.72748699421812,0.0,0.0,0.58147084431548,0.58147084431548,0.0,-20927.135686914124,-20927.135686914124,2093.295039535728,2093.295039535728,2093.295039535728,0.0,0.0,1261.295039535728,0.0,832
2307.9910747239787,0.0,-23079.910747239788,1600.6323614910598,12040.55362797296,0.0,-0.0,0.2918709821824585,0.37853033242258655,0.0,799.2,0.0,0.0,1.0,888.0,-0.0,118,-23.872141374649903,0.0,118,-44.32040946598728,0.0,118,-34.807192487071724,0.0,118,-13.757476123176115,0.0,118,-31.991169895702228,0.0,118,-46.38464120258589,0.0,0.0,0.64128676708085,0.64128676708085,0.0,-23079.910747239788,-23079.910747239788,2308.63236149106,2308.63236149106,2308.63236149106,0.0,0.0,1600.6323614910598,0.0,708
2307.9910747239787,0.0,-23079.910747239788,1600.6323614910598,13481.122753314914,0.0,-0.0,0.326791330407847,0.37853033242258655,0.0,799.2,0.0,0.0,1.0,888.0,-0.0,118,-4.859448146217174,0.0,118,-20.012130059442416,0.0,118,-42.148280375076894,0.0,118,-32.36030262342003,0.0,118,-57.66967307896563,0.0,118,-42.34646840634691,0.0,0.0,0.64128676708085,0.64128676708085,0.0,-23079.910747239788,-23079.910747239788,2308.63236149106,2308.63236149106,2308.63236149106,0.0,0.0,1600.6323614910598,0.0,708
2307.9910747239787,0.0,-23079.910747239788,1600.6323614910598,14921.691878656868,0.0,-0.0,0.3617116786332356,0.37853033242258655,0.0,799.2,0.0,0.0,1.0,888.0,-0.0,118,-15.268687837446503,0.0,118,-44.59726715373012,0.0,118,-44.93260259595864,0.0,118,-45.489925853967144,0.0,118,-58.40067537423144,0.0,118,-33.847699998238795,0.0,0.0,0.64128676708085,0.64128676708085,0.0,-23079.910747239788,-23079.910747239788,2308.63236149106,2308.63236149106,2308.63236149106,0.0,0.0,1600.6323614910598,0.0,708
2307.9910747239787,0.0,-23079.910747239788,1600.6323614910598,16362.261003998821,0.0,-0.0,0.39663202685862414,0.37853033242258655,0.0,799.2,0.0,0.0,1.0,888.0,-0.0,118,-6.154189269480483,0.0,118,-28.643363803893934,0.0,118,-13.661193286479795,0.0,118,-0.04450699580651918,0.0,118,-50.43405645996758,0.0,118,-15.137283505796631,0.0,0.0,0.64128676708085,0.64128676708085,0.0,-23079.910747239788,-23079.910747239788,2308.63236149106,2308.63236149106,2308.63236149106,0.0,0.0,1600.6323614910598,0.0,708
2307.9910747239787,0.0,-23079.910747239788,1600.6323614910598,17802.830129340775,0.0,-0.0,0.4315523750840127,0.37853033242258655,0.0,799.2,0.0,0.0,1.0,888.0,-0.0,118,-41.8705680035537,0.0,118,-34.366152357429186,0.0,118,-12.181351913648605,0.0,118,-43.43893546667218,0.0,118,-52.62502918230964,0.0,118,-45.51555106241647,0.0,0.0,0.64128676708085,0.64128676708085,0.0,-23079.910747239788,-23079.910747239788,2308.63236149106,2308.63236149106,2308.63236149106,0.0,0.0,1600.6323614910598,0.0,708
2307.9910747239787,0.0,-23079.910747239788,1600.6323614910598,19243.39925468273,0.0,-0.0,0.4664727233094012,0.37853033242258655,0.0,799.2,0.0,0.0,1.0,888.0,-0.0,118,-41.29651393354547,0.0,118,-2.1556755133259253,0.0,118,-5.5687555372535265,0.0,118,-16.54925500736831,0.0,118,-34.07936702966318,0.0,118,-0.6602269393880089,0.0,0.0,0.64128676708085,0.64128676708085,0.0,-23079.910747239788,-23079.910747239788,2308.63236149106,2308.63236149106,2308.63236149106,0.0,0.0,1600.6323614910598,0.0,708
2303.1082642009424,0.0,-23031.082642009424,1595.748194254902,20683.968380024682,0.0,-0.0,0.5013930715347897,0.37853033242258655,0.0,799.2,0.0,0.0,1.0,888.0,-0.0,118,-6.352376719322404,0.0,118,-8.9313389097911,0.0,118,-31.16790066466831,0.0,118,-3.884570045793081,0.0,118,-27.13738815054556,0.0,118,-4.639863255056246,0.0,0.0,0.639930053959695,0.639930053959695,0.0,-23031.082642009424,-23031.082642009424,2303.748194254902,2303.748194254902,2303.748194254902,0.0,0.0,1595.748194254902,0.0,708
2303.1082642009424,0.0,-23031.082642009424,1533.748194254902,22120.141754854092,0.0,-0.0,0.5362068638609093,0.37853033242258655,0.0,799.2,0.0,0.0,1.0,888.0,-0.0,180,-53.37317866033154,0.0,118,-36.205565181343346,0.0,118,-49.69808025557714,0.0,118,-3.5634109597676966,0.0,118,-44.215793385973434,0.0,118,-10.670964491929846,0.0,0.0,0.639930053959695,0.639930053959695,0.0,-23031.082642009424,-23031.082642009424,2303.748194254902,2303.748194254902,2303.748194254902,0.0,0.0,1533.748194254902,0.0,770
2303.1082642009424,0.0,-23031.082642009424,1533.748194254902,23500.515129683503,0.0,-0.0,0.5696680272873125,0.37853033242258655,0.0,799.2,0.0,0.0,1.0,888.0,-0.0,180,-21.964219814125435,0.0,118,-3.483032384560363,0.0,118,-20.137369820691777,0.0,118,-8.3778446774357,0.0,118,-37.95991641655426,0.0,118,-53.88298314837687,0.0,0.0,0.639930053959695,0.639930053959695,0.0,-23031.082642009424,-23031.082642009424,2303.748194254902,2303.748194254902,2303.748194254902,0.0,0.0,1533.748194254902,0.0,770
2303.1082642009424,0.0,-23031.082642009424,1533.748194254902,24880.888504512914,0.0,-0.0,0.6031291907137157,0.37853033242258655,0.0,799.2,0.0,0.0,1.0,888.0,-0.0,180,-27.377930902794446,0.0,118,-15.765440345762876,0.0,118,-22.172659664202993,0.0,118,-15.56536354300631,0.0,118,-4.235801509763439,0.0,118,-10.75561904559759,0.0,0.0,0.639930053959695,0.639930053959695,0.0,-23031.082642009424,-23031.082642009424,2303.748194254902,2303.748194254902,2303.748194254902,0.0,0.0,1533.748194254902,0.0,770
2303.1082642009424,0.0,-23031.082642009424,1533.748194254902,26261.261879342324,0.0,-0.0,0.6365903541401189,0.37853033242258655,0.0,799.2,0.0,0.0,1.0,888.0,-0.0,180,-46.79878784822836,0.0,118,-27.685035302804156,0.0,118,-48.84292957229784,0.0,118,-19.299010052483357,0.0,118,-23.587775268103023,0.0,118,-48.26552752929506,0.0,0.0,0.639930053959695,0.639930053959695,0.0,-23031.082642009424,-23031.082642009424,2303.748194254902,2303.748194254902,2303.748194254902,0.0,0.0,1533.748194254902,0.0,770
2303.1082642009424,0.0,-23031.082642009424,1533.748194254902,27641.635254171735,0.0,-0.0,0.670051517566522,0.37853033242258655,0.0,799.2,0.0,0.0,1.0,888.0,-0.0,180,-17.778952683619845,0.0,118,-55.937099469191445,0.0,118,-35.62542183716774,0.0,118,-33.4403236554116,0.0,118,-51.77175040238607,0.0,118,-16.357304595125328,0.0,0.0,0.639930053959695,0.639930053959695,0.0,-23031.082642009424,-23031.082642009424,2303.748194254902,2303.748194254902,2303.748194254902,0.0,0.0,1533.748194254902,0.0,770
2106.4178505269215,0.0,-21064.178505269214,1337.0031291739142,29022.008629001146,0.0,-0.0,0.7035126809929253,0.37853033242258655,0.0,799.2,0.0,0.0,1.0,888.0,-0.0,180,-14.175613589206428,0.0,118,-28.807824194281974,0.0,118,-44.697065429346026,0.0,118,-0.9822476164518412,0.0,118,-30.81336907316754,0.0,118,-4.737707520122281,0.0,0.0,0.585278646992754,0.585278646992754,0.0,-21064.178505269214,-21064.178505269214,2107.003129173914,2107.003129173914,2107.003129173914,0.0,0.0,1337.0031291739142,0.0,770
2106.4178505269215,0.0,-21064.178505269214,1275.0031291739142,30225.31144525767,0.0,-0.0,0.7326815369853749,0.37853033242258655,0.0,799.2,0.0,0.0,1.0,888.0,-0.0,180,-43.041611219079755,0.0,118,-28.501802823051822,0.0,180,-31.53612560599062,0.0,118,-39.27503923201438,0.0,118,-43.94269425892407,0.0,118,-0.03390879992452467,0.0,0.0,0.585278646992754,0.585278646992754,0.0,-21064.178505269214,-21064.178505269214,2107.003129173914,2107.003129173914,2107.003129173914,0.0,0.0,1275.0031291739142,0.0,832
2106.4178505269215,0.0,-21064.178505269214,1275.0031291739142,31372.81426151419,0.0,-0.0,0.7604977640781081,0.37853033242258655,0.0,799.2,0.0,0.0,1.0,888.0,-0.0,180,-15.222658550028212,0.0,118,-18.46924931823834,0.0,180,-55.7324758009901,0.0,118,-57.85914396057401,0.0,118,-35.13179284455666,0.0,118,-53.19762947353203,0.0,0.0,0.585278646992754,0.585278646992754,0.0,-21064.178505269214,-21064.178505269214,2107.003129173914,2107.003129173914,2107.003129173914,0.0,0.0,1275.0031291739142,0.0,832
2106.4178505269215,0.0,-21064.178505269214,1337.0031291739142,32520.317077770713,0.0,-0.0,0.7883139911708412,0.37853033242258655,0.0,799.2,0.0,0.0,1.0,888.0,-0.0,118,-43.22536545652291,0.0,118,-40.963977069988935,0.0,180,-1.2938926901968872,0.0,118,-17.56966570993836,0.0,118,-20.64527184945039,0.0,118,-2.03607693753707,0.0,0.0,0.585278646992754,0.585278646992754,0.0,-21064.178505269214,-21064.178505269214,2107.003129173914,2107.003129173914,2107.003129173914,0.0,0.0,1337.0031291739142,0.0,770
2106.4178505269215,0.0,-21064.178505269214,1337.0031291739142,33723.61989402724,0.0,-0.0,0.8174828471632909,0.37853033242258655,0.0,799.2,0.0,0.0,1.0,888.0,-0.0,118,-9.67350922009561,0.0,118,-45.53157577976321,0.0,180,-33.280275421933965,0.0,118,-18.958781939613043,0.0,118,-52.25856764234399,0.0,118,-20.62718274271602,0.0,0.0,0.585278646992754,0.585278646992754,0.0,-21064.178505269214,-21064.178505269214,2107.003129173914,2107.003129173914,2107.003129173914,0.0,0.0,1337.0031291739142,0.0,770
2106.4178505269215,0.0,-21064.178505269214,1337.0031291739142,34926.92271028376,0.0,-0.0,0.8466517031557405,0.37853033242258655,0.0,799.2,0.0,0.0,1.0,888.0,-0.0,118,-27.252850145065775,0.0,118,-5.570421873093299,0.0,180,-22.962046729808606,0.0,118,-18.326733864103765,0.0,118,-38.474401005784785,0.0,118,-55.78584992360506,0.0,0.0,0.585278646992754,0.585278646992754,0.0,-21064.178505269214,-21064.178505269214,2107.003129173914,2107.003129173914,2107.003129173914,0.0,0.0,1337.0031291739142,0.0,770
1721.649113781361,0.0,-17216.49113781361,890.1274825265073,36130.225526540286,0.0,-0.0,0.8758205591481901,0.37853033242258655,0.0,799.2,0.0,0.0,1.0,888.0,-0.0,118,-47.735726450202456,0.0,118,-48.1402540789258,0.0,180,-46.2912623003467,0.0,118,-28.435078182127278,0.0,180,-28.161043010312454,0.0,118,-3.6101549452332526,0.0,0.0,0.478368745146252,0.478368745146252,0.0,-17216.49113781361,-17216.49113781361,1722.1274825265073,1722.1274825265073,1722.1274825265073,0.0,0.0,890.1274825265073,0.0,832
1721.649113781361,0.0,-17216.49113781361,890.1274825265073,36931.34026081414,0.0,-0.0,0.8952401100723375,0.37853033242258655,0.0,799.2,0.0,0.0,1.0,888.0,-0.0,118,-56.04130279802595,0.0,118,-2.216013042793281,0.0,180,-15.598902827772696,0.0,118,-31.06034716504113,0.0,180,-7.172433866258436,0.0,118,-24.25668402998397,0.0,0.0,0.478368745146252,0.478368745146252,0.0,-17216.49113781361,-17216.49113781361,1722.1274825265073,1722.1274825265073,1722.1274825265073,0.0,0.0,890.1274825265073,0.0,832
1721.649113781361,0.0,-17216.49113781361,890.1274825265073,37732.454995087995,0.0,-0.0,0.914659660996485,0.37853033242258655,0.0,799.2,0.0,0.0,1.0,888.0,-0.0,118,-19.053848718158438,0.0,118,-28.274201015640536,0.0,180,-41.83814906166558,0.0,118,-18.375767414474517,0.0,180,-58.48989753300064,0.0,118,-21.226939210939967,0.0,0.0,0.478368745146252,0.478368745146252,0.0,-17216.49113781361,-17216.49113781361,1722.1274825265073,1722.1274825265073,1722.1274825265073,0.0,0.0,890.1274825265073,0.0,832
1721.649113781361,0.0,-17216.49113781361,890.1274825265073,38533.56972936185,0.0,-0.0,0.9340792119206325,0.37853033242258655,0.0,799.2,0.0,0.0,1.0,888.0,-0.0,118,-48.220777244784216,0.0,118,-6.437574632293412,0.0,180,-39.727742927728485,0.0,118,-6.440279402931921,0.0,180,-38.352097860650446,0.0,118,-1.4856737833583034,0.0,0.0,0.478368745146252,0.478368745146252,0.0,-17216.49113781361,-17216.49113781361,1722.1274825265073,1722.1274825265073,1722.1274825265073,0.0,0.0,890.1274825265073,0.0,832
1721.649113781361,0.0,-17216.49113781361,952.1274825265073,39334.684463635705,0.0,-0.0,0.9534987628447799,0.37853033242258655,0.0,799.2,0.0,0.0,1.0,888.0,-0.0,118,-48.25003490765264,0.0,118,-37.21678216524324,0.0,180,-14.748687337787594,0.0,118,-53.61483905248404,0.0,118,-14.982967063349635,0.0,118,-14.266687728039331,0.0,0.0,0.478368745146252,0.478368745146252,0.0,-17216.49113781361,-17216.49113781361,1722.1274825265073,1722.1274825265073,1722.1274825265073,0.0,0.0,952.1274825265073,0.0,770
1721.649113781361,0.0,-17216.49113781361,952.1274825265073,40191.59919790956,0.0,-0.0,0.9742709426686438,0.37853033242258655,0.0,799.2,0.0,0.0,1.0,888.0,-0.0,118,-11.375424720491322,0.0,118,-35.65270636623599,0.0,180,-9.002501345702708,0.0,118,-5.886978213826886,0.0,118,-19.80697248020743,0.0,118,-19.460171137077552,0.0,0.0,0.478368745146252,0.478368745146252,0.0,-17216.49113781361,-17216.49113781361,1722.1274825265073,1722.1274825265073,1722.1274825265073,0.0,0.0,952.1274825265073,0.0,770
1132.5879291168455,0.0,-11325.879291168456,227.2067420184208,41048.51393218342,0.0,-0.0,0.9950431224925077,0.37853033242258655,0.0,799.2,73.6958822718388,0.0,1.0,888.0,58897.74911165357,118,-50.535968818275414,0.0,118,-6.562218424829673,0.0,180,-30.238136043485746,0.0,118,-8.945123130787247,0.0,180,-28.9208897072849,0.0,118,-47.25556426939965,0.0,0.0,0.314695173413961,0.314695173413961,0.0,47571.86982048511,47571.86982048511,1132.9026242902596,1132.9026242902596,1132.9026242902596,0.0,0.0,300.9026242902596,0.0,832
1132.5879291168455,0.0,-11325.879291168456,0.0,41253.0,0.0,-0.0,1.0,0.37853033242258655,0.0,799.2,238.9026242902596,0.0,1.0,888.0,190930.97733277548,118,-7.787712305316205,0.0,118,-12.493508716123536,0.0,180,-17.50607484185158,0.0,180,-24.039249818483782,0.0,180,-17.85321592615235,0.0,118,-16.226104421010717,0.0,0.0,0.314695173413961,0.314695173413961,0.0,179605.09804160704,179605.09804160704,1132.9026242902596,1132.9026242902596,1132.9026242902596,0.0,0.0,238.9026242902596,0.0,894
1132.5879291168455,0.0,-11325.879291168456,0.0,41253.0,0.0,-0.0,1.0,0.37853033242258655,0.0,799.2,238.9026242902596,0.0,1.0,888.0,190930.97733277548,118,-21.48486054034205,0.0,118,-29.581170233156545,0.0,180,-54.938927018579435,0.0,180,-21.37473409633722,0.0,180,-36.268725534509656,0.0,118,-7.262723713112931,0.0,0.0,0.314695173413961,0.314695173413961,0.0,179605.09804160704,179605.09804160704,1132.9026242902596,1132.9026242902596,1132.9026242902596,0.0,0.0,238.9026242902596,0.0,894
1132.5879291168455,0.0,-11325.879291168456,0.0,41253.0,0.0,-0.0,1.0,0.37853033242258655,0.0,799.2,238.9026242902596,0.0,1.0,888.0,190930.97733277548,118,-33.04027464570376,0.0,118,-14.823735761737076,0.0,180,-20.73069023828477,0.0,180,-53.62042860260989,0.0,180,-41.04711773908761,0.0,118,-6.671209426314602,0.0,0.0,0.314695173413961,0.314695173413961,0.0,179605.09804160704,179605.09804160704,1132.9026242902596,1132.9026242902596,1132.9026242902596,0.0,0.0,238.9026242902596,0.0,894
1132.5879291168455,0.0,-11325.879291168456,0.0,41253.0,0.0,-0.0,1.0,0.37853033242258655,0.0,799.2,238.9026242902596,0.0,1.0,888.0,190930.97733277548,118,-23.869898849434712,0.0,118,-36.672665571631185,0.0,180,-59.35600598751548,0.0,180,-8.942853799262231,0.0,180,-27.664511965341013,0.0,118,-28.407966416737146,0.0,0.0,0.314695173413961,0.314695173413961,0.0,179605.09804160704,179605.09804160704,1132.9026242902596,1132.9026242902596,1132.9026242902596,0.0,0.0,238.9026242902596,0.0,894
1132.5879291168455,0.0,-11325.879291168456,0.0,41253.0,0.0,-0.0,1.0,0.37853033242258655,0.0,799.2,238.9026242902596,0.0,1.0,888.0,190930.97733277548,118,-42.6778644642243,0.0,118,-46.283535538663784,0.0,180,-41.047588553412304,0.0,180,-39.83037227066151,0.0,180,-45.537895839373,0.0,118,-33.26232561675441,0.0,0.0,0.314695173413961,0.314695173413961,0.0,179605.09804160704,179605.09804160704,1132.9026242902596,1132.9026242902596,1132.9026242902596,0.0,0.0,238.9026242902596,0.0,894
421.8658761733576,0.0,-4218.658761733576,0.0,41253.0,472.0169063006148,-0.0,1.0,0.37853033242258655,0.0,799.2,0.0,0.0,1.0,888.0,-0.0,118,-52.59150584550725,0.0,118,-3.4339242038960816,0.0,180,-43.428292574687184,0.0,180,-51.93856534190543,0.0,180,-48.94217821755757,0.0,118,-28.474832321498113,0.0,0.0,0.117217526027607,0.117217526027607,0.0,-4218.658761733576,-4218.658761733576,894.0,894.0,421.9830936993852,0.0,472.0169063006148,0.0,0.0,894
421.8658761733576,0.0,-4218.658761733576,0.0,40728.53677077709,472.0169063006148,-0.0,0.9872866645038444,0.37853033242258655,0.0,799.2,0.0,0.0,1.0,888.0,-0.0,118,-13.287853175222665,0.0,118,-0.3581265914050391,0.0,180,-28.295785671526065,0.0,180,-55.00153946382032,0.0,180,-17.738978914930893,0.0,118,-24.80777310775574,0.0,0.0,0.117217526027607,0.117217526027607,0.0,-4218.658761733576,-4218.658761733576,894.0,894.0,421.9830936993852,0.0,472.0169063006148,0.0,0.0,894
421.8658761733576,0.0,-4218.658761733576,0.0,40204.073541554186,472.0169063006148,-0.0,0.9745733290076888,0.37853033242258655,0.0,799.2,0.0,0.0,1.0,888.0,-0.0,118,-0.4293994911927723,0.0,118,-31.49990652372211,0.0,180,-53.99058404602075,0.0,180,-50.8775155955513,0.0,180,-10.48265295272622,0.0,118,-36.53811871462868,0.0,0.0,0.117217526027607,0.117217526027607,0.0,-4218.658761733576,-4218.658761733576,894.0,894.0,421.9830936993852,0.0,472.0169063006148,0.0,0.0,894
421.8658761733576,0.0,-4218.658761733576,0.0,39679.61031233128,472.0169063006148,-0.0,0.9618599935115332,0.37853033242258655,0.0,799.2,0.0,0.0,1.0,888.0,-0.0,118,-12.150395207683886,0.0,118,-6.007617397916616,0.0,180,-40.88340910238645,0.0,180,-37.891245161922534,0.0,180,-13.477244277644793,0.0,118,-10.858686300926939,0.0,0.0,0.117217526027607,0.117217526027607,0.0,-4218.658761733576,-4218.658761733576,894.0,894.0,421.9830936993852,0.0,472.0169063006148,0.0,0.0,894
421.8658761733576,0.0,-4218.658761733576,0.0,39155.14708310837,474.0169063006148,-0.0,0.9491466580153776,0.37853033242258655,0.0,799.2,0.0,0.0,1.0,888.0,-0.0,118,-54.176008049868955,0.0,120,-29.239466191384405,0.0,180,-8.302771120830048,0.0,180,-10.87905910589398,0.0,180,-58.77556076774997,0.0,118,-23.618190546900323,0.0,0.0,0.117217526027607,0.117217526027607,0.0,-4218.658761733576,-4218.658761733576,896.0,896.0,421.9830936993852,0.0,474.0169063006148,0.0,0.0,896
421.8658761733576,0.0,-4218.658761733576,0.0,38628.461631663245,474.0169063006148,-0.0,0.9363794543830326,0.37853033242258655,0.0,799.2,0.0,0.0,1.0,888.0,-0.0,118,-37.059459259604616,0.0,120,-29.7769246183449,0.0,180,-35.844099762592144,0.0,180,-6.4424841484437785,0.0,180,-14.283404534960189,0.0,118,-5.4005214739661405,0.0,0.0,0.117217526027607,0.117217526027607,0.0,-4218.658761733576,-4218.658761733576,896.0,896.0,421.9830936993852,0.0,474.0169063006148,0.0,0.0,896
0.0,0.0,-0.0,0.0,38101.77618021812,896.0,-0.0,0.9236122507506876,0.37853033242258655,0.0,799.2,0.0,0.0,1.0,888.0,-0.0,118,-16.447527002989123,0.0,120,-22.75852591418172,0.0,180,-10.224930911302664,0.0,180,-9.637135188116506,0.0,180,-8.601610795611208,0.0,118,-3.1174139633294584,0.0,0.0,0.0,0.0,0.0,0.0,0.0,896.0,896.0,0.0,0.0,896.0,0.0,0.0,896
0.0,0.0,-0.0,0.0,37106.220624662565,834.0,-0.0,0.8994793257378267,0.37853033242258655,0.0,799.2,0.0,0.0,1.0,888.0,-0.0,118,-47.368164365274595,0.0,120,-16.349730001895345,0.0,180,-15.644828301124958,0.0,118,-20.962308841197313,0.0,180,-37.79107594709809,0.0,118,-10.73474894289256,0.0,0.0,0.0,0.0,0.0,0.0,0.0,834.0,834.0,0.0,0.0,834.0,0.0,0.0,834
0.0,0.0,-0.0,0.0,36179.5539579959,834.0,-0.0,0.8770163129468378,0.37853033242258655,0.0,799.2,0.0,0.0,1.0,888.0,-0.0,118,-48.60091761338923,0.0,120,-57.20270511381294,0.0,180,-39.53212699913496,0.0,118,-48.100908660981986,0.0,180,-57.692470381444934,0.0,118,-41.449023548800234,0.0,0.0,0.0,0.0,0.0,0.0,0.0,834.0,834.0,0.0,0.0,834.0,0.0,0.0,834
0.0,0.0,-0.0,0.0,35252.887291329236,836.0,-0.0,0.854553300155849,0.37853033242258655,0.0,799.2,0.0,0.0,1.0,888.0,-0.0,118,-27.287736507181442,0.0,120,-0.0955624288290724,0.0,180,-59.240377472735496,0.0,118,-16.759794556555235,0.0,180,-26.877811685953635,0.0,120,-32.61908422628772,0.0,0.0,0.0,0.0,0.0,0.0,0.0,836.0,836.0,0.0,0.0,836.0,0.0,0.0,836
0.0,0.0,-0.0,0.0,34323.998402440346,836.0,-0.0,0.8320364192286706,0.37853033242258655,0.0,799.2,0.0,0.0,1.0,888.0,-0.0,118,-35.10320036504935,0.0,120,-19.53940508741818,0.0,180,-5.370055525075578,0.0,118,-36.00027899406148,0.0,180,-7.258524101969557,0.0,120,-12.70560225919732,0.0,0.0,0.0,0.0,0.0,0.0,0.0,836.0,836.0,0.0,0.0,836.0,0.0,0.0,836
0.0,0.0,-0.0,0.0,33395.109513551455,836.0,-0.0,0.8095195383014921,0.37853033242258655,0.0,799.2,0.0,0.0,1.0,888.0,-0.0,118,-27.60469858736603,0.0,120,-31.081521293901314,0.0,180,-21.594524857210494,0.0,118,-30.677575813188895,0.0,180,-11.894132413457301,0.0,120,-20.690303786713326,0.0,0.0,0.0,0.0,0.0,0.0,0.0,836.0,836.0,0.0,0.0,836.0,0.0,0.0,836
0.0,0.0,-0.0,0.0,32466.220624662565,836.0,-0.0,0.7870026573743137,0.37853033242258655,0.0,799.2,0.0,0.0,1.0,888.0,-0.0,118,-53.5555867402041,0.0,120,-8.881506454128449,0.0,180,-15.506931542297405,0.0,118,-16.049222797399246,0.0,180,-44.73826561216715,0.0,120,-50.23774964099712,0.0,0.0,0.0,0.0,0.0,0.0,0.0,836.0,836.0,0.0,0.0,836.0,0.0,0.0,836
0.0,0.0,-0.0,0.0,31537.331735773674,836.0,-0.0,0.7644857764471353,0.37853033242258655,0.0,799.2,0.0,0.0,1.0,888.0,-0.0,118,-51.56081509597658,0.0,120,-43.53255253171777,0.0,180,-43.14417655312583,0.0,118,-24.2197007792661,0.0,180,-0.32397392694474947,0.0,120,-27.99226584561264,0.0,0.0,0.0,0.0,0.0,0.0,0.0,836.0,836.0,0.0,0.0,836.0,0.0,0.0,836
0.0,0.0,-0.0,0.0,30608.442846884784,836.0,-0.0,0.7419688955199569,0.37853033242258655,0.0,799.2,0.0,0.0,1.0,888.0,-0.0,118,-33.006031728148926,0.0,120,-40.63357478859004,0.0,180,-36.73722706844652,0.0,118,-44.368023033467374,0.0,180,-0.5528635924814518,0.0,120,-9.38009786076713,0.0,0.0,0.0,0.0,0.0,0.0,0.0,836.0,836.0,0.0,0.0,836.0,0.0,0.0,836
0.0,0.0,-0.0,0.0,29679.553957995893,836.0,-0.0,0.7194520145927785,0.37853033242258655,0.0,799.2,0.0,0.0,1.0,888.0,-0.0,118,-56.14821258854443,0.0,120,-13.609882774862063,0.0,180,-31.47860230450831,0.0,118,-3.636573677471726,0.0,180,-2.2626178574344658,0.0,120,-59.39557844640934,0.0,0.0,0.0,0.0,0.0,0.0,0.0,836.0,836.0,0.0,0.0,836.0,0.0,0.0,836
0.0,0.0,-0.0,0.0,28750.665069107003,836.0,-0.0,0.6969351336656001,0.37853033242258655,0.0,799.2,0.0,0.0,1.0,888.0,-0.0,118,-2.9011442765139894,0.0,120,-37.322330072408604,0.0,180,-38.805067095780196,0.0,118,-28.85562378194318,0.0,180,-42.71861384330661,0.0,120,-57.47883693209343,0.0,0.0,0.0,0.0,0.0,0.0,0.0,836.0,836.0,0.0,0.0,836.0,0.0,0.0,836
0.0,0.0,-0.0,0.0,27821.776180218112,836.0,-0.0,0.6744182527384217,0.37853033242258655,0.0,799.2,0.0,0.0,1.0,888.0,-0.0,118,-7.552185673522285,0.0,120,-16.610725444306354,0.0,180,-30.701304952444225,0.0,118,-42.213958202360004,0.0,180,-50.89179112565624,0.0,120,-9.689448226816108,0.0,0.0,0.0,0.0,0.0,0.0,0.0,836.0,836.0,0.0,0.0,836.0,0.0,0.0,836
0.0,0.0,-0.0,0.0,26892.88729132922,836.0,-0.0,0.6519013718112433,0.37853033242258655,0.0,799.2,0.0,0.0,1.0,888.0,-0.0,118,-38.071341999430445,0.0,120,-14.708064818914455,0.0,180,-25.019327629001385,0.0,118,-24.153797539280728,0.0,180,-51.22702499984915,0.0,120,-45.96668993829748,0.0,0.0,0.0,0.0,0.0,0.0,0.0,836.0,836.0,0.0,0.0,836.0,0.0,0.0,836
0.0,0.0,-0.0,0.0,25963.99840244033,834.0,-0.0,0.6293844908840649,0.37853033242258655,0.0,799.2,0.0,0.0,1.0,888.0,-0.0,118,-43.470586224988324,0.0,118,-15.762104818394207,0.0,180,-35.05721490951661,0.0,118,-8.38372619259253,0.0,180,-19.990413413008895,0.0,120,-36.75501372500224,0.0,0.0,0.0,0.0,0.0,0.0,0.0,834.0,834.0,0.0,0.0,834.0,0.0,0.0,834
0.0,0.0,-0.0,0.0,25037.331735773663,834.0,-0.0,0.606921478093076,0.37853033242258655,0.0,799.2,0.0,0.0,1.0,888.0,-0.0,118,-46.73245737624213,0.0,118,-26.788288234898697,0.0,180,-21.612649989497555,0.0,118,-11.385332475513646,0.0,180,-36.560019459593235,0.0,120,-48.48464527132758,0.0,0.0,0.0,0.0,0.0,0.0,0.0,834.0,834.0,0.0,0.0,834.0,0.0,0.0,834
0.0,0.0,-0.0,0.0,24110.665069106995,834.0,-0.0,0.584458465302087,0.37853033242258655,0.0,799.2,0.0,0.0,1.0,888.0,-0.0,118,-45.7745956046947,0.0,118,-24.525295264353037,0.0,180,-26.04185911357914,0.0,118,-50.75674599615892,0.0,180,-45.218768330512134,0.0,120,-6.418636403367797,0.0,0.0,0.0,0.0,0.0,0.0,0.0,834.0,834.0,0.0,0.0,834.0,0.0,0.0,834
0.0,0.0,-0.0,0.0,23183.998402440327,772.0,-0.0,0.5619954525110981,0.37853033242258655,0.0,799.2,0.0,0.0,1.0,888.0,-0.0,118,-52.19849857878631,0.0,118,-14.701761023859996,0.0,118,-3.9614417202560226,0.0,118,-56.52332381122292,0.0,180,-5.2736707139111765,0.0,120,-25.368282783229322,0.0,0.0,0.0,0.0,0.0,0.0,0.0,772.0,772.0,0.0,0.0,772.0,0.0,0.0,772
0.0,0.0,-0.0,0.0,22326.22062466255,772.0,-0.0,0.5412023519419812,0.37853033242258655,0.0,799.2,0.0,0.0,1.0,888.0,-0.0,118,-45.48960909278892,0.0,118,-34.053223239995326,0.0,118,-7.393747452112369,0.0,118,-48.76371081433053,0.0,180,-19.07423161713845,0.0,120,-29.78946864539334,0.0,0.0,0.0,0.0,0.0,0.0,0.0,772.0,772.0,0.0,0.0,772.0,0.0,0.0,772
0.0,0.0,-0.0,0.0,21468.442846884773,712.0,-0.0,0.5204092513728643,0.37853033242258655,0.0,799.2,0.0,0.0,1.0,888.0,-0.0,120,-38.957725288982246,0.0,118,-20.51192828682209,0.0,118,-46.43513370410566,0.0,118,-48.19395750277364,0.0,118,-6.987560243051833,0.0,120,-3.7981292834432923,0.0,0.0,0.0,0.0,0.0,0.0,0.0,712.0,712.0,0.0,0.0,712.0,0.0,0.0,712
0.0,0.0,-0.0,0.0,20677.331735773663,710.0,-0.0,0.5012321948894302,0.37853033242258655,0.0,799.2,0.0,0.0,1.0,888.0,-0.0,118,-48.061466953194845,0.0,118,-44.91596595723836,0.0,118,-37.281177791791215,0.0,118,-57.649128828859524,0.0,118,-30.310384242402808,0.0,120,-59.99040380399965,0.0,0.0,0.0,0.0,0.0,0.0,0.0,710.0,710.0,0.0,0.0,710.0,0.0,0.0,710
0.0,0.0,-0.0,0.0,19888.442846884773,710.0,-0.0,0.48210900654218536,0.37853033242258655,0.0,799.2,0.0,0.0,1.0,888.0,-0.0,118,-37.34690047154234,0.0,118,-23.44555809830688,0.0,118,-42.4670263128146,0.0,118,-40.040049673396574,0.0,118,-13.781360298871853,0.0,120,-47.21173729178508,0.0,0.0,0.0,0.0,0.0,0.0,0.0,710.0,710.0,0.0,0.0,710.0,0.0,0.0,710
0.0,0.0,-0.0,0.0,19099.553957995882,710.0,-0.0,0.46298581819494056,0.37853033242258655,0.0,799.2,0.0,0.0,1.0,888.0,-0.0,118,-46.019452104613265,0.0,118,-25.244584897198692,0.0,118,-40.83675959091218,0.0,118,-1.8890754338946159,0.0,118,-29.111021872118634,0.0,120,-50.4659126917292,0.0,0.0,0.0,0.0,0.0,0.0,0.0,710.0,710.0,0.0,0.0,710.0,0.0,0.0,710
0.0,0.0,-0.0,0.0,18310.66506910699,710.0,-0.0,0.4438626298476957,0.37853033242258655,0.0,799.2,0.0,0.0,1.0,888.0,-0.0,118,-28.08068460676607,0.0,118,-47.50173697152965,0.0,118,-26.698581746614984,0.0,118,-4.724857143754213,0.0,118,-27.753236009453307,0.0,120,-24.483746926717824,0.0,0.0,0.0,0.0,0.0,0.0,0.0,710.0,710.0,0.0,0.0,710.0,0.0,0.0,710
0.0,0.0,-0.0,0.0,17521.7761802181,710.0,-0.0,0.4247394415004509,0.37853033242258655,0.0,799.2,0.0,0.0,1.0,888.0,-0.0,118,-20.0455575087846,0.0,118,-17.056779455405405,0.0,118,-5.324344213028047,0.0,118,-14.47275120527924,0.0,118,-9.000238470591169,0.0,120,-33.28679629852733,0.0,0.0,0.0,0.0,0.0,0.0,0.0,710.0,710.0,0.0,0.0,710.0,0.0,0.0,710
0.0,0.0,-0.0,0.0,16732.88729132921,710.0,-0.0,0.4056162531532061,0.37853033242258655,0.0,799.2,0.0,0.0,1.0,888.0,-0.0,118,-36.828121263696275,0.0,118,-53.03225416422889,0.0,118,-43.17385587317693,0.0,118,-7.440017642586119,0.0,118,-46.13318227833792,0.0,120,-8.984608023426922,0.0,0.0,0.0,0.0,0.0,0.0,0.0,710.0,710.0,0.0,0.0,710.0,0.0,0.0,710
0.0,0.0,-0.0,0.0,15943.998402440322,710.0,-0.0,0.3864930648059613,0.37853033242258655,0.0,799.2,0.0,0.0,1.0,888.0,-0.0,118,-10.105853305138968,0.0,118,-12.125863313328335,0.0,118,-8.12035687430444,0.0,118,-1.552610782585464,0.0,118,-49.22601292021187,0.0,120,-5.551659654153456,0.0,0.0,0.0,0.0,0.0,0.0,0.0,710.0,710.0,0.0,0.0,710.0,0.0,0.0,710
0.0,0.0,-0.0,0.0,15155.109513551433,710.0,-0.0,0.36736987645871655,0.37853033242258655,0.0,799.2,0.0,0.0,1.0,888.0,-0.0,118,-52.78473750067093,0.0,118,-51.36388552152593,0.0,118,-11.657093377312764,0.0,118,-28.068371675423812,0.0,118,-36.41018391621992,0.0,120,-4.173750117308481,0.0,0.0,0.0,0.0,0.0,0.0,0.0,710.0,710.0,0.0,0.0,710.0,0.0,0.0,710
0.0,0.0,-0.0,0.0,14366.220624662545,710.0,-0.0,0.34824668811147175,0.37853033242258655,0.0,799.2,0.0,0.0,1.0,888.0,-0.0,118,-36.32812354711051,0.0,118,-50.13345030274115,0.0,118,-30.58803074620833,0.0,118,-9.272484209641307,0.0,118,-24.559158516921816,0.0,120,-56.33575386408273,0.0,0.0,0.0,0.0,0.0,0.0,0.0,710.0,710.0,0.0,0.0,710.0,0.0,0.0,710
0.0,0.0,-0.0,0.0,13577.331735773656,710.0,-0.0,0.329123499764227,0.37853033242258655,0.0,799.2,0.0,0.0,1.0,888.0,-0.0,118,-6.891673605999273,0.0,118,-22.117439478439437,0.0,118,-40.359706814542925,0.0,118,-40.38518944609083,0.0,118,-38.88415380021296,0.0,120,-59.149606497609035,0.0,0.0,0.0,0.0,0.0,0.0,0.0,710.0,710.0,0.0,0.0,710.0,0.0,0.0,710
0.0,0.0,-0.0,0.0,12788.442846884767,710.0,-0.0,0.3100003114169822,0.37853033242258655,0.0,799.2,0.0,0.0,1.0,888.0,-0.0,118,-9.806243283812815,0.0,118,-44.9143623580628,0.0,118,-34.50081440391096,0.0,118,-28.499877215100145,0.0,118,-46.55846074566003,0.0,120,-14.58422216865025,0.0,0.0,0.0,0.0,0.0,0.0,0.0,710.0,710.0,0.0,0.0,710.0,0.0,0.0,710
0.0,0.0,-0.0,0.0,11999.553957995879,710.0,-0.0,0.29087712306973745,0.37853033242258655,0.0,799.2,0.0,0.0,1.0,888.0,-0.0,118,-14.708367825800611,0.0,118,-15.608070930367486,0.0,118,-16.48601817197299,0.0,118,-7.745693675409586,0.0,118,-5.958153287015238,0.0,120,-3.9018300537858885,0.0,0.0,0.0,0.0,0.0,0.0,0.0,710.0,710.0,0.0,0.0,710.0,0.0,0.0,710
0.0,0.0,-0.0,0.0,11210.66506910699,710.0,-0.0,0.27175393472249265,0.37853033242258655,0.0,799.2,0.0,0.0,1.0,888.0,-0.0,118,-53.14624681029664,0.0,118,-40.309072361625766,0.0,118,-11.208344901646408,0.0,118,-50.91074364573373,0.0,118,-18.06632765578865,0.0,120,-40.51985344129066,0.0,0.0,0.0,0.0,0.0,0.0,0.0,710.0,710.0,0.0,0.0,710.0,0.0,0.0,710
0.0,0.0,-0.0,0.0,10421.776180218101,710.0,-0.0,0.2526307463752479,0.37853033242258655,0.0,799.2,0.0,0.0,1.0,888.0,-0.0,118,-6.071198404247015,0.0,118,-7.5570432804308,0.0,118,-26.311371245300254,0.0,118,-52.124801250479116,0.0,118,-0.3055644369766175,0.0,120,-10.95086920204558,0.0,0.0,0.0,0.0,0.0,0.0,0.0,710.0,710.0,0.0,0.0,710.0,0.0,0.0,710
0.0,0.0,-0.0,0.0,9632.887291329213,710.0,-0.0,0.2335075580280031,0.37853033242258655,0.0,799.2,0.0,0.0,1.0,888.0,-0.0,118,-55.35025284462544,0.0,118,-29.197528464217037,0.0,118,-51.12492650482551,0.0,118,-33.02958026869544,0.0,118,-10.501638234142565,0.0,120,-38.11962816947941,0.0,0.0,0.0,0.0,0.0,0.0,0.0,710.0,710.0,0.0,0.0,710.0,0.0,0.0,710
0.0,0.0,-0.0,0.0,8843.998402440324,710.0,-0.0,0.21438436968075833,0.37853033242258655,0.0,799.2,0.0,0.0,1.0,888.0,-0.0,118,-19.855587041598156,0.0,118,-43.576913098702455,0.0,118,-35.77807729296758,0.0,118,-50.36460343818669,0.0,118,-4.424199864237792,0.0,120,-36.83711269625408,0.0,0.0,0.0,0.0,0.0,0.0,0.0,710.0,710.0,0.0,0.0,710.0,0.0,0.0,710
0.0,0.0,-0.0,0.0,8055.109513551435,710.0,-0.0,0.19526118133351356,0.37853033242258655,0.0,799.2,0.0,0.0,1.0,888.0,-0.0,118,-5.352606362714902,0.0,118,-53.96705590201529,0.0,118,-55.50417017055705,0.0,118,-12.98253428200069,0.0,118,-33.82631568505239,0.0,120,-26.346030121605825,0.0,0.0,0.0,0.0,0.0,0.0,0.0,710.0,710.0,0.0,0.0,710.0,0.0,0.0,710
0.0,0.0,-0.0,0.0,7266.2206246625465,710.0,-0.0,0.17613799298626878,0.37853033242258655,0.0,799.2,0.0,0.0,1.0,888.0,-0.0,118,-9.919558907158494,0.0,118,-14.828394468530066,0.0,118,-21.314507942820576,0.0,118,-44.38922659855472,0.0,118,-24.894205189478505,0.0,120,-45.76812776251383,0.0,0.0,0.0,0.0,0.0,0.0,0.0,710.0,710.0,0.0,0.0,710.0,0.0,0.0,710
0.0,0.0,-0.0,0.0,6477.331735773658,710.0,-0.0,0.157014804639024,0.37853033242258655,0.0,799.2,0.0,0.0,1.0,888.0,-0.0,118,-26.383429145663264,0.0,118,-58.48863463892783,0.0,118,-0.8722348195975504,0.0,118,-11.382559534703528,0.0,118,-58.928493124044216,0.0,120,-48.66372258770582,0.0,0.0,0.0,0.0,0.0,0.0,0.0,710.0,710.0,0.0,0.0,710.0,0.0,0.0,710
0.0,0.0,-0.0,0.0,5688.442846884769,710.0,-0.0,0.13789161629177923,0.37853033242258655,0.0,799.2,0.0,0.0,1.0,888.0,-0.0,118,-52.05928256462909,0.0,118,-23.71871038535162,0.0,118,-37.13010981477069,0.0,118,-34.35713386994968,0.0,118,-15.770101587403564,0.0,120,-41.50789883394211,0.0,0.0,0.0,0.0,0.0,0.0,0.0,710.0,710.0,0.0,0.0,710.0,0.0,0.0,710
0.0,0.0,-0.0,0.0,4899.55395799588,710.0,-0.0,0.11876842794453447,0.37853033242258655,0.0,799.2,0.0,0.0,1.0,888.0,-0.0,118,-45.295788985840986,0.0,118,-51.72234387156653,0.0,118,-5.76456825812055,0.0,118,-12.48764612147626,0.0,118,-2.1347422440044905,0.0,120,-29.114035640038605,0.0,0.0,0.0,0.0,0.0,0.0,0.0,710.0,710.0,0.0,0.0,710.0,0.0,0.0,710
0.0,0.0,-0.0,0.0,4110.665069106992,710.0,-0.0,0.09964523959728969,0.37853033242258655,0.0,799.2,0.0,0.0,1.0,888.0,-0.0,118,-3.419818529159262,0.0,118,-13.761189778635575,0.0,118,-46.81547257517004,0.0,118,-24.566979306159865,0.0,118,-37.2263375201442,0.0,120,-17.515234376177563,0.0,0.0,0.0,0.0,0.0,0.0,0.0,710.0,710.0,0.0,0.0,710.0,0.0,0.0,710
0.0,0.0,-0.0,0.0,3321.776180218103,710.0,-0.0,0.08052205125004491,0.37853033242258655,0.0,799.2,0.0,0.0,1.0,888.0,-0.0,118,-42.83488474149529,0.0,118,-58.28719673616641,0.0,118,-48.907448745075136,0.0,118,-32.58565796786067,0.0,118,-3.075641265841742,0.0,120,-14.561517109116762,0.0,0.0,0.0,0.0,0.0,0.0,0.0,710.0,710.0,0.0,0.0,710.0,0.0,0.0,710
0.0,0.0,-0.0,0.0,2532.8872913292143,710.0,-0.0,0.061398862902800146,0.37853033242258655,0.0,799.2,0.0,0.0,1.0,888.0,-0.0,118,-30.958268885242134,0.0,118,-56.997753390496115,0.0,118,-28.231998796438805,0.0,118,-19.70098921028883,0.0,118,-58.614405935836025,0.0,120,-45.73703246598564,0.0,0.0,0.0,0.0,0.0,0.0,0.0,710.0,710.0,0.0,0.0,710.0,0.0,0.0,710
0.0,0.0,-0.0,0.0,1743.9984024403254,710.0,-0.0,0.042275674555555365,0.37853033242258655,0.0,799.2,0.0,0.0,1.0,888.0,-0.0,118,-22.201544329342685,0.0,118,-59.44491197377677,0.0,118,-45.765558831806786,0.0,118,-1.5920085572693377,0.0,118,-16.706871972671767,0.0,120,-17.753344383844052,0.0,0.0,0.0,0.0,0.0,0.0,0.0,710.0,710.0,0.0,0.0,710.0,0.0,0.0,710
0.0,0.0,-0.0,0.0,955.1095135514365,710.0,-0.0,0.023152486208310584,0.37853033242258655,0.0,799.2,0.0,0.0,1.0,888.0,-0.0,118,-52.060587881534055,0.0,118,-17.904561167107815,0.0,118,-39.53007091525838,0.0,118,-8.1072478989492,0.0,118,-8.99784972983521,0.0,120,-6.815482326442535,0.0,0.0,0.0,0.0,0.0,0.0,0.0,710.0,710.0,0.0,0.0,710.0,0.0,0.0,710
0.0,0.0,-0.0,0.0,166.2206246625476,149.59856219629285,-0.0,0.004029297861065804,0.37853033242258655,212.12894254193273,799.2,0.0,560.4014378037072,1.0,888.0,-497636.476769692,118,-57.38313006777403,0.0,118,-16.370080874259617,0.0,118,-46.54031064619501,0.0,118,-52.21990576491203,0.0,118,-34.85250584944342,0.0,120,-9.989711255744194,0.0,0.0,0.0,0.0,0.0,-497636.476769692,-497636.476769692,710.0,710.0,0.0,0.0,710.0,0.0,0.0,710
0.0,0.0,-0.0,0.0,0.0,0.0,-0.0,0.0,0.37853033242258655,268.75653602003644,799.2,0.0,710.0,1.0,888.0,-630480.0,118,-57.19028695701377,0.0,118,-7.890843429919716,0.0,118,-23.075427963212665,0.0,118,-50.796105452111,0.0,118,-45.769708978947136,0.0,120,-52.27776775627127,0.0,0.0,0.0,0.0,0.0,-630480.0,-630480.0,710.0,710.0,0.0,0.0,710.0,0.0,0.0,710
0.0,0.0,-0.0,0.0,0.0,0.0,-0.0,0.0,0.37853033242258655,268.75653602003644,799.2,0.0,710.0,1.0,888.0,-630480.0,118,-35.52495004168414,0.0,118,-32.763341914120026,0.0,118,-35.591854143253094,0.0,118,-38.96725071924149,0.0,118,-4.879240290889015,0.0,120,-19.06833335855214,0.0,0.0,0.0,0.0,0.0,-630480.0,-630480.0,710.0,710.0,0.0,0.0,710.0,0.0,0.0,710
0.0,0.0,-0.0,0.0,0.0,0.0,-0.0,0.0,0.37853033242258655,268.75653602003644,799.2,0.0,710.0,1.0,888.0,-630480.0,118,-26.350016141331942,0.0,118,-35.69139819691257,0.0,118,-31.558448062811994,0.0,118,-49.1819176025439,0.0,118,-13.793802341925105,0.0,120,-33.007365080500925,0.0,0.0,0.0,0.0,0.0,-630480.0,-630480.0,710.0,710.0,0.0,0.0,710.0,0.0,0.0,710
0.0,0.0,-0.0,0.0,0.0,0.0,-0.0,0.0,0.37853033242258655,268.75653602003644,799.2,0.0,710.0,1.0,888.0,-630480.0,118,-49.51257151994074,0.0,118,-48.76564170560655,0.0,118,-15.598010627945458,0.0,118,-59.50124457125815,0.0,118,-39.225301228173635,0.0,120,-36.07070733598419,0.0,0.0,0.0,0.0,0.0,-630480.0,-630480.0,710.0,710.0,0.0,0.0,710.0,0.0,0.0,710
0.0,0.0,-0.0,0.0,0.0,0.0,-0.0,0.0,0.37853033242258655,268.75653602003644,799.2,0.0,710.0,1.0,888.0,-630480.0,118,-8.160696646979424,0.0,118,-25.227175841565895,0.0,118,-49.759568784341866,0.0,118,-51.49338898714112,0.0,118,-18.099550972355804,0.0,120,-17.781559538049855,0.0,0.0,0.0,0.0,0.0,-630480.0,-630480.0,710.0,710.0,0.0,0.0,710.0,0.0,0.0,710
0.0,0.0,-0.0,0.0,0.0,0.0,-0.0,0.0,0.37853033242258655,268.75653602003644,799.2,0.0,710.0,1.0,888.0,-630480.0,118,-44.67505065575513,0.0,118,-13.44216515167387,0.0,118,-24.487739460392874,0.0,118,-22.93737932519847,0.0,118,-50.81070813095983,0.0,120,-14.057859026434063,0.0,0.0,0.0,0.0,0.0,-630480.0,-630480.0,710.0,710.0,0.0,0.0,710.0,0.0,0.0,710
0.0,0.0,-0.0,0.0,0.0,0.0,-0.0,0.0,0.37853033242258655,268.75653602003644,799.2,0.0,710.0,1.0,888.0,-630480.0,118,-51.6445364223466,0.0,118,-18.96853338913203,0.0,118,-30.139848763032475,0.0,118,-47.77347600867962,0.0,118,-5.871607858123835,0.0,120,-57.991363745066316,0.0,0.0,0.0,0.0,0.0,-630480.0,-630480.0,710.0,710.0,0.0,0.0,710.0,0.0,0.0,710
0.0,0.0,-0.0,0.0,0.0,0.0,-0.0,0.0,0.37853033242258655,268.75653602003644,799.2,0.0,710.0,1.0,888.0,-630480.0,118,-15.217853790674049,0.0,118,-32.71663160029019,0.0,118,-58.32620151801182,0.0,118,-13.898632368890933,0.0,118,-47.740012270210556,0.0,120,-57.533647143763936,0.0,0.0,0.0,0.0,0.0,-630480.0,-630480.0,710.0,710.0,0.0,0.0,710.0,0.0,0.0,710
0.0,0.0,-0.0,0.0,0.0,0.0,-0.0,0.0,0.37853033242258655,270.2706573497268,799.2,0.0,714.0,1.0,888.0,-634032.0,118,-59.66367839290356,0.0,120,-29.746384250946324,0.0,118,-55.03277227309641,0.0,118,-9.758262287840651,0.0,120,-44.26902607665517,0.0,120,-59.464908850777555,0.0,0.0,0.0,0.0,0.0,-634032.0,-634032.0,714.0,714.0,0.0,0.0,714.0,0.0,0.0,714
0.0,0.0,-0.0,0.0,0.0,0.0,-0.0,0.0,0.37853033242258655,270.2706573497268,799.2,0.0,714.0,1.0,888.0,-634032.0,118,-55.787111050336605,0.0,120,-17.11614703294107,0.0,118,-37.610323188399114,0.0,118,-50.51426482750445,0.0,120,-3.414289907116843,0.0,120,-19.501846160974598,0.0,0.0,0.0,0.0,0.0,-634032.0,-634032.0,714.0,714.0,0.0,0.0,714.0,0.0,0.0,714
0.0,0.0,-0.0,0.0,0.0,0.0,-0.0,0.0,0.37853033242258655,270.2706573497268,799.2,0.0,714.0,1.0,888.0,-634032.0,118,-11.733856896988407,0.0,120,-27.65737835022731,0.0,118,-8.128630209614478,0.0,118,-56.30670567914505,0.0,120,-1.0962200446560688,0.0,120,-55.378611353298666,0.0,0.0,0.0,0.0,0.0,-634032.0,-634032.0,714.0,714.0,0.0,0.0,714.0,0.0,0.0,714
0.0,0.0,-0.0,0.0,0.0,0.0,-0.0,0.0,0.37853033242258655,270.2706573497268,799.2,0.0,714.0,1.0,888.0,-634032.0,118,-54.099121968883885,0.0,120,-27.110632310109917,0.0,118,-36.1179701226539,0.0,118,-59.59377665356382,0.0,120,-55.854191991370065,0.0,120,-33.94663128199076,0.0,0.0,0.0,0.0,0.0,-634032.0,-634032.0,714.0,714.0,0.0,0.0,714.0,0.0,0.0,714
0.0,0.0,-0.0,0.0,0.0,0.0,-0.0,0.0,0.37853033242258655,271.027718014572,799.2,0.0,716.0,1.0,888.0,-635808.0,120,-29.918635665732594,0.0,120,-33.87621520144163,0.0,118,-16.986532654803867,0.0,118,-37.500032365832276,0.0,120,-42.70136503059991,0.0,120,-29.63232819334983,0.0,0.0,0.0,0.0,0.0,-635808.0,-635808.0,716.0,716.0,0.0,0.0,716.0,0.0,0.0,716
0.0,0.0,-0.0,0.0,0.0,0.0,-0.0,0.0,0.37853033242258655,271.027718014572,799.2,0.0,716.0,1.0,888.0,-635808.0,120,-57.92828407060698,0.0,120,-28.06938297718881,0.0,118,-1.630838762199256,0.0,118,-59.1833125432856,0.0,120,-49.73679172440376,0.0,120,-31.778662553351445,0.0,0.0,0.0,0.0,0.0,-635808.0,-635808.0,716.0,716.0,0.0,0.0,716.0,0.0,0.0,716
0.0,0.0,-0.0,0.0,0.0,0.0,-0.0,0.0,0.37853033242258655,271.027718014572,799.2,0.0,716.0,1.0,888.0,-635808.0,120,-5.591517008353206,0.0,120,-26.624485610707385,0.0,118,-4.645126292508213,0.0,118,-10.987535501430214,0.0,120,-9.814821194761084,0.0,120,-59.77856532202749,0.0,0.0,0.0,0.0,0.0,-635808.0,-635808.0,716.0,716.0,0.0,0.0,716.0,0.0,0.0,716
0.0,0.0,-0.0,0.0,0.0,0.0,-0.0,0.0,0.37853033242258655,271.027718014572,799.2,0.0,716.0,1.0,888.0,-635808.0,120,-0.7200378979137279,0.0,120,-47.375463018018834,0.0,118,-2.9261226818379327,0.0,118,-43.93368139182302,0.0,120,-50.91867873004124,0.0,120,-18.366642304982555,0.0,0.0,0.0,0.0,0.0,-635808.0,-635808.0,716.0,716.0,0.0,0.0,716.0,0.0,0.0,716
0.0,0.0,-0.0,0.0,0.0,0.0,-0.0,0.0,0.37853033242258655,271.027718014572,799.2,0.0,716.0,1.0,888.0,-635808.0,120,-11.448097005587254,0.0,120,-33.64066415787309,0.0,118,-29.61963523021009,0.0,118,-17.008980161959588,0.0,120,-13.135707590751878,0.0,120,-3.0991453744965725,0.0,0.0,0.0,0.0,0.0,-635808.0,-635808.0,716.0,716.0,0.0,0.0,716.0,0.0,0.0,716
0.0,0.0,-0.0,0.0,0.0,0.0,-0.0,0.0,0.37853033242258655,271.027718014572,799.2,0.0,716.0,1.0,888.0,-635808.0,120,-41.73439115362948,0.0,120,-32.25897308571665,0.0,118,-28.348899296699955,0.0,118,-41.305180779853096,0.0,120,-45.702243794312814,0.0,120,-46.9831078737964,0.0,0.0,0.0,0.0,0.0,-635808.0,-635808.0,716.0,716.0,0.0,0.0,716.0,0.0,0.0,716
0.0,0.0,-0.0,0.0,0.0,0.0,-0.0,0.0,0.37853033242258655,271.027718014572,799.2,0.0,716.0,1.0,888.0,-635808.0,120,-35.7283712930409,0.0,120,-34.483945227124686,0.0,118,-40.698979024373564,0.0,118,-39.21905357501414,0.0,120,-29.76692481689315,0.0,120,-13.16187149992858,0.0,0.0,0.0,0.0,0.0,-635808.0,-635808.0,716.0,716.0,0.0,0.0,716.0,0.0,0.0,716
0.0,0.0,-0.0,0.0,0.0,0.0,-0.0,0.0,0.37853033242258655,271.7847786794171,799.2,0.0,718.0,1.0,888.0,-637584.0,120,-13.289849117745305,0.0,120,-29.939757176132787,0.0,120,-57.275948488140585,0.0,118,-12.805055957621265,0.0,120,-32.65798500471534,0.0,120,-9.24380250621111,0.0,0.0,0.0,0.0,0.0,-637584.0,-637584.0,718.0,718.0,0.0,0.0,718.0,0.0,0.0,718
0.0,0.0,-0.0,0.0,0.0,0.0,-0.0,0.0,0.37853033242258655,271.7847786794171,799.2,0.0,718.0,1.0,888.0,-637584.0,120,-2.531103316005725,0.0,120,-18.325675626890067,0.0,120,-30.819909085485968,0.0,118,-45.08147620579045,0.0,120,-41.77862690140241,0.0,120,-4.645350809106179,0.0,0.0,0.0,0.0,0.0,-637584.0,-637584.0,718.0,718.0,0.0,0.0,718.0,0.0,0.0,718
0.0,0.0,-0.0,0.0,0.0,0.0,-0.0,0.0,0.37853033242258655,271.7847786794171,799.2,0.0,718.0,1.0,888.0,-637584.0,120,-58.26322549048477,0.0,120,-9.4000892213571,0.0,120,-49.02491712689257,0.0,118,-31.55883658461449,0.0,120,-3.202780086396546,0.0,120,-48.0119442140375,0.0,0.0,0.0,0.0,0.0,-637584.0,-637584.0,718.0,718.0,0.0,0.0,718.0,0.0,0.0,718
0.0,0.0,-0.0,0.0,0.0,0.0,-0.0,0.0,0.37853033242258655,271.7847786794171,799.2,0.0,718.0,1.0,888.0,-637584.0,120,-30.273579509956704,0.0,120,-51.59446721663423,0.0,120,-43.084231605575596,0.0,118,-22.78589636152161,0.0,120,-56.70798212893168,0.0,120,-50.87941879388387,0.0,0.0,0.0,0.0,0.0,-637584.0,-637584.0,718.0,718.0,0.0,0.0,718.0,0.0,0.0,718
0.0,0.0,-0.0,0.0,0.0,0.0,-0.0,0.0,0.37853033242258655,271.7847786794171,799.2,0.0,718.0,1.0,888.0,-637584.0,120,-20.63465377765428,0.0,120,-48.90906655707313,0.0,120,-23.277668406547612,0.0,118,-34.74868932124021,0.0,120,-23.352425642774058,0.0,120,-19.615681546974955,0.0,0.0,0.0,0.0,0.0,-637584.0,-637584.0,718.0,718.0,0.0,0.0,718.0,0.0,0.0,718
0.0,0.0,-0.0,0.0,0.0,0.0,-0.0,0.0,0.37853033242258655,271.7847786794171,799.2,0.0,718.0,1.0,888.0,-637584.0,120,-51.51860711941791,0.0,120,-53.284907929724525,0.0,120,-9.960543056025804,0.0,118,-24.331330295986405,0.0,120,-31.319453490712544,0.0,120,-41.411730274601595,0.0,0.0,0.0,0.0,0.0,-637584.0,-637584.0,718.0,718.0,0.0,0.0,718.0,0.0,0.0,718
0.0,0.0,-0.0,0.0,0.0,0.0,-0.0,0.0,0.37853033242258655,271.7847786794171,799.2,0.0,718.0,1.0,888.0,-637584.0,120,-54.848868657154796,0.0,120,-59.67310650624514,0.0,120,-44.38248417414293,0.0,118,-33.4803441657336,0.0,120,-45.90689265288627,0.0,120,-39.214839444706094,0.0,0.0,0.0,0.0,0.0,-637584.0,-637584.0,718.0,718.0,0.0,0.0,718.0,0.0,0.0,718
0.0,0.0,-0.0,0.0,0.0,0.0,-0.0,0.0,0.37853033242258655,271.7847786794171,799.2,0.0,718.0,1.0,888.0,-637584.0,120,-22.159460778014434,0.0,120,-56.920411650952055,0.0,120,-27.44637191965267,0.0,118,-40.200044774355014,0.0,120,-55.00311679599284,0.0,120,-33.18967512274909,0.0,0.0,0.0,0.0,0.0,-637584.0,-637584.0,718.0,718.0,0.0,0.0,718.0,0.0,0.0,718
0.0,0.0,-0.0,0.0,0.0,0.0,-0.0,0.0,0.37853033242258655,271.7847786794171,799.2,0.0,718.0,1.0,888.0,-637584.0,120,-26.315190814821502,0.0,120,-7.644027707803169,0.0,120,-39.9141777713526,0.0,118,-25.310248839086388,0.0,120,-45.771821617089905,0.0,120,-7.0809412016878674,0.0,0.0,0.0,0.0,0.0,-637584.0,-637584.0,718.0,718.0,0.0,0.0,718.0,0.0,0.0,718
0.0,0.0,-0.0,0.0,0.0,0.0,-0.0,0.0,0.37853033242258655,272.5418393442623,799.2,0.0,720.0,1.0,888.0,-639360.0,120,-12.78561257799833,0.0,120,-34.000003552338434,0.0,120,-54.293353246061386,0.0,120,-10.42160916612039,0.0,120,-39.66926570522866,0.0,120,-29.40589459591483,0.0,0.0,0.0,0.0,0.0,-639360.0,-639360.0,720.0,720.0,0.0,0.0,720.0,0.0,0.0,720
0.0,0.0,-0.0,0.0,0.0,0.0,-0.0,0.0,0.37853033242258655,272.5418393442623,799.2,0.0,720.0,1.0,888.0,-639360.0,120,-26.31852982826888,0.0,120,-49.142036332338705,0.0,120,-33.35489172752146,0.0,120,-22.77198151102826,0.0,120,-10.190420124334338,0.0,120,-54.82189770996682,0.0,0.0,0.0,0.0,0.0,-639360.0,-639360.0,720.0,720.0,0.0,0.0,720.0,0.0,0.0,720
0.0,0.0,-0.0,0.0,0.0,0.0,-0.0,0.0,0.37853033242258655,272.5418393442623,799.2,0.0,720.0,1.0,888.0,-639360.0,120,-43.15642999283186,0.0,120,-29.09449940624334,0.0,120,-57.49384719548327,0.0,120,-47.85763493409855,0.0,120,-13.836649015278848,0.0,120,-26.674391925868107,0.0,0.0,0.0,0.0,0.0,-639360.0,-639360.0,720.0,720.0,0.0,0.0,720.0,0.0,0.0,720
0.0,0.0,-0.0,0.0,0.0,0.0,-0.0,0.0,0.37853033242258655,271.7847786794171,799.2,0.0,718.0,1.0,888.0,-637584.0,120,-49.45523968426242,0.0,118,-34.100685998894434,0.0,120,-54.11258873555865,0.0,120,-57.883199739283995,0.0,120,-40.8823358845708,0.0,120,-45.44816343700207,0.0,0.0,0.0,0.0,0.0,-637584.0,-637584.0,718.0,718.0,0.0,0.0,718.0,0.0,0.0,718
0.0,0.0,-0.0,0.0,0.0,0.0,-0.0,0.0,0.37853033242258655,271.7847786794171,799.2,0.0,718.0,1.0,888.0,-637584.0,120,-17.652373387891906,0.0,118,-16.02196939522881,0.0,120,-17.540493736450244,0.0,120,-24.883604229164234,0.0,120,-22.111633890832753,0.0,120,-12.585614861012518,0.0,0.0,0.0,0.0,0.0,-637584.0,-637584.0,718.0,718.0,0.0,0.0,718.0,0.0,0.0,718
0.0,0.0,-0.0,0.0,0.0,0.0,-0.0,0.0,0.37853033242258655,271.7847786794171,799.2,0.0,718.0,1.0,888.0,-637584.0,120,-27.863161218835785,0.0,118,-17.074829176612603,0.0,120,-40.00808061022098,0.0,120,-22.127842675748507,0.0,120,-46.32368725365725,0.0,120,-23.624953313358336,0.0,0.0,0.0,0.0,0.0,-637584.0,-637584.0,718.0,718.0,0.0,0.0,718.0,0.0,0.0,718
0.0,0.0,-0.0,0.0,0.0,0.0,-0.0,0.0,0.37853033242258655,271.7847786794171,799.2,0.0,718.0,1.0,888.0,-637584.0,120,-11.675959172297528,0.0,118,-38.19728323225936,0.0,120,-1.2441470746396033,0.0,120,-56.62671349276579,0.0,120,-36.369824546496844,0.0,120,-36.330145771324396,0.0,0.0,0.0,0.0,0.0,-637584.0,-637584.0,718.0,718.0,0.0,0.0,718.0,0.0,0.0,718
0.0,0.0,-0.0,0.0,0.0,0.0,-0.0,0.0,0.37853033242258655,271.7847786794171,799.2,0.0,718.0,1.0,888.0,-637584.0,120,-49.796662575214846,0.0,118,-55.40234702517151,0.0,120,-2.895024173005518,0.0,120,-2.834284842549595,0.0,120,-23.752372120874195,0.0,120,-19.101418698099025,0.0,0.0,0.0,0.0,0.0,-637584.0,-637584.0,718.0,718.0,0.0,0.0,718.0,0.0,0.0,718
0.0,0.0,-0.0,0.0,0.0,0.0,-0.0,0.0,0.37853033242258655,272.5418393442623,799.2,0.0,720.0,1.0,888.0,-639360.0,120,-17.344047484168872,0.0,120,-17.294966990789224,0.0,120,-29.153616583442098,0.0,120,-30.861459974206028,0.0,120,-20.25236578398183,0.0,120,-5.259371202084598,0.0,0.0,0.0,0.0,0.0,-639360.0,-639360.0,720.0,720.0,0.0,0.0,720.0,0.0,0.0,720
0.0,0.0,-0.0,0.0,0.0,0.0,-0.0,0.0,0.37853033242258655,272.5418393442623,799.2,0.0,720.0,1.0,888.0,-639360.0,120,-25.63430552941152,0.0,120,-24.8948974988683,0.0,120,-27.24799262094003,0.0,120,-46.07498111329508,0.0,120,-18.66826592753882,0.0,120,-16.805254538590226,0.0,0.0,0.0,0.0,0.0,-639360.0,-639360.0,720.0,720.0,0.0,0.0,720.0,0.0,0.0,720
369.45043768835643,0.0,-3694.5043768835644,0.0,0.0,0.0,-0.0,0.0,0.37853033242258655,132.65478483727782,799.2,0.0,350.4469086751644,1.0,888.0,-311196.854903546,120,-39.89780597869958,0.0,120,-43.70576608743396,0.0,120,-55.43653295550765,0.0,120,-27.306849869684658,0.0,120,-2.6036813026355676,0.0,120,-16.672343684565156,0.0,0.0,0.102653636479121,0.102653636479121,0.0,-314891.35928042955,-314891.35928042955,720.0,720.0,369.5530913248356,0.0,350.4469086751644,0.0,0.0,720
369.45043768835643,0.0,-3694.5043768835644,0.0,0.0,0.0,-0.0,0.0,0.37853033242258655,132.65478483727782,799.2,0.0,350.4469086751644,1.0,888.0,-311196.854903546,120,-29.618206670595786,0.0,120,-30.709244585627214,0.0,120,-57.95597998806623,0.0,120,-2.684448455566626,0.0,120,-37.158208553153514,0.0,120,-21.6875219221382,0.0,0.0,0.102653636479121,0.102653636479121,0.0,-314891.35928042955,-314891.35928042955,720.0,720.0,369.5530913248356,0.0,350.4469086751644,0.0,0.0,720
369.45043768835643,0.0,-3694.5043768835644,0.0,0.0,0.0,-0.0,0.0,0.37853033242258655,132.65478483727782,799.2,0.0,350.4469086751644,1.0,888.0,-311196.854903546,120,-45.40667482764695,0.0,120,-39.57635942091558,0.0,120,-49.149805637379124,0.0,120,-35.22982478905842,0.0,120,-15.178339538724103,0.0,120,-35.29887745113735,0.0,0.0,0.102653636479121,0.102653636479121,0.0,-314891.35928042955,-314891.35928042955,720.0,720.0,369.5530913248356,0.0,350.4469086751644,0.0,0.0,720
369.45043768835643,0.0,-3694.5043768835644,0.0,0.0,0.0,-0.0,0.0,0.37853033242258655,132.65478483727782,799.2,0.0,350.4469086751644,1.0,888.0,-311196.854903546,120,-44.143326286659665,0.0,120,-24.23935526954671,0.0,120,-43.65428356046729,0.0,120,-52.11733491237271,0.0,120,-19.74525385366052,0.0,120,-22.437053961861427,0.0,0.0,0.102653636479121,0.102653636479121,0.0,-314891.35928042955,-314891.35928042955,720.0,720.0,369.5530913248356,0.0,350.4469086751644,0.0,0.0,720
369.45043768835643,0.0,-3694.5043768835644,0.0,0.0,0.0,-0.0,0.0,0.37853033242258655,132.65478483727782,799.2,0.0,350.4469086751644,1.0,888.0,-311196.854903546,120,-19.516635159102076,0.0,120,-40.381012781782445,0.0,120,-51.58502549062937,0.0,120,-9.890530057254605,0.0,120,-34.20897297650186,0.0,120,-24.97070612125893,0.0,0.0,0.102653636479121,0.102653636479121,0.0,-314891.35928042955,-314891.35928042955,720.0,720.0,369.5530913248356,0.0,350.4469086751644,0.0,0.0,720
369.45043768835643,0.0,-3694.5043768835644,0.0,0.0,0.0,-0.0,0.0,0.37853033242258655,131.89772417243265,799.2,0.0,348.4469086751644,1.0,888.0,-309420.854903546,120,-23.415968782080576,0.0,118,-55.7620694643854,0.0,120,-14.120618396487695,0.0,120,-37.93855509866246,0.0,120,-20.28022090837345,0.0,120,-31.245733726269165,0.0,0.0,0.102653636479121,0.102653636479121,0.0,-313115.35928042955,-313115.35928042955,718.0,718.0,369.5530913248356,0.0,348.4469086751644,0.0,0.0,718
1140.5818811146073,0.0,-11405.818811146073,424.8987974472316,0.0,0.0,-0.0,0.0,0.37853033242258655,0.0,799.2,0.0,0.0,1.0,888.0,-0.0,120,-26.48489018541261,0.0,118,-1.9093306757735529,0.0,118,-26.609424905117905,0.0,120,-42.59313031419169,0.0,120,-49.53937279911865,0.0,120,-58.344057674677835,0.0,0.0,0.316916332624231,0.316916332624231,0.0,-11405.818811146073,-11405.818811146073,1140.8987974472316,1140.8987974472316,1140.8987974472316,0.0,0.0,424.8987974472316,0.0,716
1140.5818811146073,0.0,-11405.818811146073,422.8987974472316,382.4089177025084,0.0,-0.0,0.009269845046481671,0.37853033242258655,0.0,799.2,0.0,0.0,1.0,888.0,-0.0,120,-46.36879006556361,0.0,120,-22.627945324185923,0.0,118,-43.64325977413697,0.0,120,-25.027298567875306,0.0,120,-9.985067324606916,0.0,120,-49.06847414764966,0.0,0.0,0.316916332624231,0.316916332624231,0.0,-11405.818811146073,-11405.818811146073,1140.8987974472316,1140.8987974472316,1140.8987974472316,0.0,0.0,422.8987974472316,0.0,718
1140.5818811146073,0.0,-11405.818811146073,424.8987974472316,763.0178354050169,0.0,-0.0,0.018496056902649913,0.37853033242258655,0.0,799.2,0.0,0.0,1.0,888.0,-0.0,120,-12.67065949081022,0.0,120,-9.880056344297373,0.0,118,-39.67961215228525,0.0,120,-34.882347145741434,0.0,118,-46.67007780746647,0.0,120,-19.42530217368476,0.0,0.0,0.316916332624231,0.316916332624231,0.0,-11405.818811146073,-11405.818811146073,1140.8987974472316,1140.8987974472316,1140.8987974472316,0.0,0.0,424.8987974472316,0.0,716
1140.5818811146073,0.0,-11405.818811146073,424.8987974472316,1145.4267531075252,0.0,-0.0,0.027765901949131585,0.37853033242258655,0.0,799.2,0.0,0.0,1.0,888.0,-0.0,120,-5.160636347623346,0.0,120,-32.172306641611286,0.0,118,-33.43200708174974,0.0,120,-6.910227172955398,0.0,118,-8.9789840603129,0.0,120,-40.0919966491437,0.0,0.0,0.316916332624231,0.316916332624231,0.0,-11405.818811146073,-11405.818811146073,1140.8987974472316,1140.8987974472316,1140.8987974472316,0.0,0.0,424.8987974472316,0.0,716
1140.5818811146073,0.0,-11405.818811146073,424.8987974472316,1527.8356708100337,0.0,-0.0,0.03703574699561325,0.37853033242258655,0.0,799.2,0.0,0.0,1.0,888.0,-0.0,120,-44.4244298379549,0.0,120,-13.920750535925063,0.0,118,-28.07884841840711,0.0,120,-31.590332841757213,0.0,118,-14.937383364392451,0.0,120,-43.38156590931017,0.0,0.0,0.316916332624231,0.316916332624231,0.0,-11405.818811146073,-11405.818811146073,1140.8987974472316,1140.8987974472316,1140.8987974472316,0.0,0.0,424.8987974472316,0.0,716
1140.5818811146073,0.0,-11405.818811146073,424.8987974472316,1910.2445885125421,0.0,-0.0,0.04630559204209493,0.37853033242258655,0.0,799.2,0.0,0.0,1.0,888.0,-0.0,120,-36.84868575586332,0.0,120,-37.762928335772806,0.0,118,-16.677058648804042,0.0,120,-36.08493669745238,0.0,118,-15.697403848180468,0.0,120,-8.676163922327076,0.0,0.0,0.316916332624231,0.316916332624231,0.0,-11405.818811146073,-11405.818811146073,1140.8987974472316,1140.8987974472316,1140.8987974472316,0.0,0.0,424.8987974472316,0.0,716
1829.845694563325,0.0,-18298.45694563325,1114.3541262650654,2292.6535062150506,0.0,-0.0,0.0555754370885766,0.37853033242258655,0.0,799.2,0.0,0.0,1.0,888.0,-0.0,120,-15.111226857695323,0.0,120,-13.271861986805211,0.0,118,-28.865053525466692,0.0,120,-23.619386415633493,0.0,118,-15.941910620352626,0.0,120,-46.611108317654924,0.0,0.0,0.508431701740296,0.508431701740296,0.0,-18298.45694563325,-18298.45694563325,1830.3541262650654,1830.3541262650654,1830.3541262650654,0.0,0.0,1114.3541262650654,0.0,716
1829.845694563325,0.0,-18298.45694563325,1114.3541262650654,3295.5722198536096,0.0,-0.0,0.07988684992251738,0.37853033242258655,0.0,799.2,0.0,0.0,1.0,888.0,-0.0,120,-23.714770512703527,0.0,120,-32.11079249976692,0.0,118,-40.15339575936884,0.0,120,-18.617161517207336,0.0,118,-15.610011456520965,0.0,120,-24.63464381024138,0.0,0.0,0.508431701740296,0.508431701740296,0.0,-18298.45694563325,-18298.45694563325,1830.3541262650654,1830.3541262650654,1830.3541262650654,0.0,0.0,1114.3541262650654,0.0,716
1829.845694563325,0.0,-18298.45694563325,1114.3541262650654,4298.490933492169,0.0,-0.0,0.10419826275645816,0.37853033242258655,0.0,799.2,0.0,0.0,1.0,888.0,-0.0,120,-53.97604734178002,0.0,120,-46.89015524883247,0.0,118,-27.917943852455302,0.0,120,-5.706351677316032,0.0,118,-33.69521038127127,0.0,120,-21.515062654314193,0.0,0.0,0.508431701740296,0.508431701740296,0.0,-18298.45694563325,-18298.45694563325,1830.3541262650654,1830.3541262650654,1830.3541262650654,0.0,0.0,1114.3541262650654,0.0,716
1829.845694563325,0.0,-18298.45694563325,1114.3541262650654,5301.4096471307275,0.0,-0.0,0.12850967559039894,0.37853033242258655,0.0,799.2,0.0,0.0,1.0,888.0,-0.0,120,-48.93608601721542,0.0,120,-48.301030902884875,0.0,118,-40.68722455277816,0.0,120,-44.68900826360123,0.0,118,-21.849745525989935,0.0,120,-27.157169815554237,0.0,0.0,0.508431701740296,0.508431701740296,0.0,-18298.45694563325,-18298.45694563325,1830.3541262650654,1830.3541262650654,1830.3541262650654,0.0,0.0,1114.3541262650654,0.0,716
1829.845694563325,0.0,-18298.45694563325,1114.3541262650654,6304.3283607692865,0.0,-0.0,0.15282108842433972,0.37853033242258655,0.0,799.2,0.0,0.0,1.0,888.0,-0.0,120,-22.362777179616184,0.0,120,-40.55588302626906,0.0,118,-45.36817685917408,0.0,120,-20.40221299682806,0.0,118,-2.8869426587824742,0.0,120,-17.86183843874082,0.0,0.0,0.508431701740296,0.508431701740296,0.0,-18298.45694563325,-18298.45694563325,1830.3541262650654,1830.3541262650654,1830.3541262650654,0.0,0.0,1114.3541262650654,0.0,716
1829.845694563325,0.0,-18298.45694563325,1114.3541262650654,7307.2470744078455,0.0,-0.0,0.1771325012582805,0.37853033242258655,0.0,799.2,0.0,0.0,1.0,888.0,-0.0,120,-9.981687775421522,0.0,120,-25.831570671965242,0.0,118,-59.689387593035825,0.0,120,-2.211793785627705,0.0,118,-19.290300663630468,0.0,120,-27.487034761104184,0.0,0.0,0.508431701740296,0.508431701740296,0.0,-18298.45694563325,-18298.45694563325,1830.3541262650654,1830.3541262650654,1830.3541262650654,0.0,0.0,1114.3541262650654,0.0,716
2274.734835526676,0.0,-22747.34835526676,1559.3668818827546,8310.165788046404,0.0,-0.0,0.2014439140922213,0.37853033242258655,0.0,799.2,0.0,0.0,1.0,888.0,-0.0,120,-3.70228664739765,0.0,120,-4.669774762492873,0.0,118,-11.671492007028885,0.0,120,-36.44313850685976,0.0,118,-41.94909129726509,0.0,120,-14.518241802987472,0.0,0.0,0.632046356078543,0.632046356078543,0.0,-22747.34835526676,-22747.34835526676,2275.3668818827546,2275.3668818827546,2275.3668818827546,0.0,0.0,1559.3668818827546,0.0,716
2274.734835526676,0.0,-22747.34835526676,1559.3668818827546,9713.595981740884,0.0,-0.0,0.23546399005504773,0.37853033242258655,0.0,799.2,0.0,0.0,1.0,888.0,-0.0,120,-31.528914805189352,0.0,120,-49.16227388422105,0.0,118,-48.10260294576577,0.0,120,-26.765761851830746,0.0,118,-38.93935664566528,0.0,120,-10.430204134831376,0.0,0.0,0.632046356078543,0.632046356078543,0.0,-22747.34835526676,-22747.34835526676,2275.3668818827546,2275.3668818827546,2275.3668818827546,0.0,0.0,1559.3668818827546,0.0,716
2274.734835526676,0.0,-22747.34835526676,1559.3668818827546,11117.026175435363,0.0,-0.0,0.26948406601787417,0.37853033242258655,0.0,799.2,0.0,0.0,1.0,888.0,-0.0,120,-25.542149565151316,0.0,120,-6.163864959416385,0.0,118,-46.53993796303853,0.0,120,-43.25562037254875,0.0,118,-17.25455152958057,0.0,120,-13.029514035911687,0.0,0.0,0.632046356078543,0.632046356078543,0.0,-22747.34835526676,-22747.34835526676,2275.3668818827546,2275.3668818827546,2275.3668818827546,0.0,0.0,1559.3668818827546,0.0,716
2274.734835526676,0.0,-22747.34835526676,1559.3668818827546,12520.456369129843,0.0,-0.0,0.30350414198070064,0.37853033242258655,0.0,799.2,0.0,0.0,1.0,888.0,-0.0,120,-35.908767531387646,0.0,120,-50.37977266079047,0.0,118,-48.4536164703459,0.0,120,-39.59685916562178,0.0,118,-56.28183421842854,0.0,120,-2.7232346501785343,0.0,0.0,0.632046356078543,0.632046356078543,0.0,-22747.34835526676,-22747.34835526676,2275.3668818827546,2275.3668818827546,2275.3668818827546,0.0,0.0,1559.3668818827546,0.0,716
2274.734835526676,0.0,-22747.34835526676,1559.3668818827546,13923.886562824322,0.0,-0.0,0.33752421794352705,0.37853033242258655,0.0,799.2,0.0,0.0,1.0,888.0,-0.0,120,-12.793702911601121,0.0,120,-37.40133977863817,0.0,118,-23.05655924564641,0.0,120,-28.92975395621751,0.0,118,-10.0146373285982,0.0,120,-33.92966947429566,0.0,0.0,0.632046356078543,0.632046356078543,0.0,-22747.34835526676,-22747.34835526676,2275.3668818827546,2275.3668818827546,2275.3668818827546,0.0,0.0,1559.3668818827546,0.0,716
2274.734835526676,0.0,-22747.34835526676,1559.3668818827546,15327.316756518801,0.0,-0.0,0.3715442939063535,0.37853033242258655,0.0,799.2,0.0,0.0,1.0,888.0,-0.0,120,-28.70334028563708,0.0,120,-4.2341489382320745,0.0,118,-6.93863098335177,0.0,120,-45.77244434467142,0.0,118,-35.5556041121473,0.0,120,-59.560241676696315,0.0,0.0,0.632046356078543,0.632046356078543,0.0,-22747.34835526676,-22747.34835526676,2275.3668818827546,2275.3668818827546,2275.3668818827546,0.0,0.0,1559.3668818827546,0.0,716
2486.2587854127532,0.0,-24862.58785412753,1770.9496047474054,16730.74695021328,0.0,-0.0,0.40556436986917993,0.37853033242258655,0.0,799.2,0.0,0.0,1.0,888.0,-0.0,120,-56.79200523415168,0.0,120,-13.188916946860394,0.0,118,-55.5733569671883,0.0,120,-14.498713236600103,0.0,118,-8.185320427103262,0.0,120,-26.732456805802098,0.0,0.0,0.690819334652057,0.690819334652057,0.0,-24862.58785412753,-24862.58785412753,2486.9496047474054,2486.9496047474054,2486.9496047474054,0.0,0.0,1770.9496047474054,0.0,716
2486.2587854127532,0.0,-24862.58785412753,1770.9496047474054,18324.601594485946,0.0,-0.0,0.4442004604389001,0.37853033242258655,0.0,799.2,0.0,0.0,1.0,888.0,-0.0,120,-49.8334051211783,0.0,120,-18.430730440881096,0.0,118,-47.25017986042657,0.0,120,-22.679967536896868,0.0,118,-29.396582443067068,0.0,120,-11.235674361833716,0.0,0.0,0.690819334652057,0.690819334652057,0.0,-24862.58785412753,-24862.58785412753,2486.9496047474054,2486.9496047474054,2486.9496047474054,0.0,0.0,1770.9496047474054,0.0,716
2486.2587854127532,0.0,-24862.58785412753,1770.9496047474054,19918.456238758612,0.0,-0.0,0.4828365510086203,0.37853033242258655,0.0,799.2,0.0,0.0,1.0,888.0,-0.0,120,-15.40153289150831,0.0,120,-16.0116805855571,0.0,118,-20.76354379486576,0.0,120,-35.100524287781724,0.0,118,-13.96411232417403,0.0,120,-58.32341005487649,0.0,0.0,0.690819334652057,0.690819334652057,0.0,-24862.58785412753,-24862.58785412753,2486.9496047474054,2486.9496047474054,2486.9496047474054,0.0,0.0,1770.9496047474054,0.0,716
2486.2587854127532,0.0,-24862.58785412753,1770.9496047474054,21512.310883031278,0.0,-0.0,0.5214726415783404,0.37853033242258655,0.0,799.2,0.0,0.0,1.0,888.0,-0.0,120,-13.413696704532367,0.0,120,-21.647847287085412,0.0,118,-29.668544472921585,0.0,120,-50.67177625098996,0.0,118,-50.89387702634349,0.0,120,-18.441353654941498,0.0,0.0,0.690819334652057,0.690819334652057,0.0,-24862.58785412753,-24862.58785412753,2486.9496047474054,2486.9496047474054,2486.9496047474054,0.0,0.0,1770.9496047474054,0.0,716
2486.2587854127532,0.0,-24862.58785412753,1770.9496047474054,23106.165527303943,0.0,-0.0,0.5601087321480606,0.37853033242258655,0.0,799.2,0.0,0.0,1.0,888.0,-0.0,120,-28.64478372699398,0.0,120,-29.77966472419011,0.0,118,-7.918275625517457,0.0,120,-27.26309342176593,0.0,118,-5.974939301541163,0.0,120,-10.76892682778697,0.0,0.0,0.690819334652057,0.690819334652057,0.0,-24862.58785412753,-24862.58785412753,2486.9496047474054,2486.9496047474054,2486.9496047474054,0.0,0.0,1770.9496047474054,0.0,716
2486.2587854127532,0.0,-24862.58785412753,1772.9496047474054,24700.02017157661,0.0,-0.0,0.5987448227177807,0.37853033242258655,0.0,799.2,0.0,0.0,1.0,888.0,-0.0,118,-30.332732252053887,0.0,120,-46.262063315449545,0.0,118,-39.20275806833536,0.0,120,-18.87218100592974,0.0,118,-40.41701147874563,0.0,120,-33.26815909043696,0.0,0.0,0.690819334652057,0.690819334652057,0.0,-24862.58785412753,-24862.58785412753,2486.9496047474054,2486.9496047474054,2486.9496047474054,0.0,0.0,1772.9496047474054,0.0,714
2485.9718213515466,0.0,-24859.718213515465,1772.662560951811,26295.674815849274,0.0,-0.0,0.6374245464778143,0.37853033242258655,0.0,799.2,0.0,0.0,1.0,888.0,-0.0,118,-53.86747566102742,0.0,120,-54.30686152693886,0.0,118,-7.316077950846944,0.0,120,-23.752898296894898,0.0,118,-50.374712253477654,0.0,120,-46.82156679596023,0.0,0.0,0.690739600264392,0.690739600264392,0.0,-24859.718213515465,-24859.718213515465,2486.662560951811,2486.662560951811,2486.662560951811,0.0,0.0,1772.662560951811,0.0,714
2485.9718213515466,0.0,-24859.718213515465,1772.662560951811,27891.071120705903,0.0,-0.0,0.6760980079195671,0.37853033242258655,0.0,799.2,0.0,0.0,1.0,888.0,-0.0,118,-46.66490376783035,0.0,120,-46.56725292458439,0.0,118,-19.738852259637866,0.0,120,-1.6005689061485473,0.0,118,-33.33951710031877,0.0,120,-54.28181065451897,0.0,0.0,0.690739600264392,0.690739600264392,0.0,-24859.718213515465,-24859.718213515465,2486.662560951811,2486.662560951811,2486.662560951811,0.0,0.0,1772.662560951811,0.0,714
2485.9718213515466,0.0,-24859.718213515465,1772.662560951811,29486.467425562532,0.0,-0.0,0.71477146936132,0.37853033242258655,0.0,799.2,0.0,0.0,1.0,888.0,-0.0,118,-13.320631701352072,0.0,120,-48.23014562771247,0.0,118,-38.63390648322956,0.0,120,-28.72700929953648,0.0,118,-33.032856001966586,0.0,120,-10.007265638546016,0.0,0.0,0.690739600264392,0.690739600264392,0.0,-24859.718213515465,-24859.718213515465,2486.662560951811,2486.662560951811,2486.662560951811,0.0,0.0,1772.662560951811,0.0,714
2485.9718213515466,0.0,-24859.718213515465,1772.662560951811,31081.86373041916,0.0,-0.0,0.7534449308030727,0.37853033242258655,0.0,799.2,0.0,0.0,1.0,888.0,-0.0,118,-23.290432109493008,0.0,120,-40.010827282640484,0.0,118,-26.914800126381284,0.0,120,-16.110888283085405,0.0,118,-13.866533786172248,0.0,120,-37.584367695058255,0.0,0.0,0.690739600264392,0.690739600264392,0.0,-24859.718213515465,-24859.718213515465,2486.662560951811,2486.662560951811,2486.662560951811,0.0,0.0,1772.662560951811,0.0,714
2485.9718213515466,0.0,-24859.718213515465,1772.662560951811,32677.26003527579,0.0,-0.0,0.7921183922448256,0.37853033242258655,0.0,799.2,0.0,0.0,1.0,888.0,-0.0,118,-44.51780018643729,0.0,120,-39.47269305769098,0.0,118,-38.47979698390592,0.0,120,-21.781988495854296,0.0,118,-50.56949558048911,0.0,120,-54.5783282887692,0.0,0.0,0.690739600264392,0.690739600264392,0.0,-24859.718213515465,-24859.718213515465,2486.662560951811,2486.662560951811,2486.662560951811,0.0,0.0,1772.662560951811,0.0,714
2485.9718213515466,0.0,-24859.718213515465,1772.662560951811,34272.656340132424,0.0,-0.0,0.8307918536865785,0.37853033242258655,0.0,799.2,0.0,0.0,1.0,888.0,-0.0,118,-35.76598115561575,0.0,120,-31.06099929721775,0.0,118,-57.77559851122701,0.0,120,-16.89781960794242,0.0,118,-20.4320525298328,0.0,120,-16.92974862163814,0.0,0.0,0.690739600264392,0.690739600264392,0.0,-24859.718213515465,-24859.718213515465,2486.662560951811,2486.662560951811,2486.662560951811,0.0,0.0,1772.662560951811,0.0,714
2274.8873249518933,0.0,-22748.873249518932,1561.519413677915,35868.05264498905,0.0,-0.0,0.8694653151283314,0.37853033242258655,0.0,799.2,0.0,0.0,1.0,888.0,-0.0,118,-27.42220466551578,0.0,120,-19.44432877264374,0.0,118,-11.044269951967928,0.0,120,-4.581669609553254,0.0,118,-47.95249141032904,0.0,120,-1.5107746866538863,0.0,0.0,0.632088726021643,0.632088726021643,0.0,-22748.873249518932,-22748.873249518932,2275.519413677915,2275.519413677915,2275.519413677915,0.0,0.0,1561.519413677915,0.0,714
2274.8873249518933,0.0,-22748.873249518932,1559.519413677915,37273.420117299174,0.0,-0.0,0.9035323520058947,0.37853033242258655,0.0,799.2,0.0,0.0,1.0,888.0,-0.0,118,-33.602026594778714,0.0,120,-38.85087595816256,0.0,118,-10.356451926040435,0.0,120,-49.84370222649382,0.0,120,-12.232990820963614,0.0,120,-49.215259580191045,0.0,0.0,0.632088726021643,0.632088726021643,0.0,-22748.873249518932,-22748.873249518932,2275.519413677915,2275.519413677915,2275.519413677915,0.0,0.0,1559.519413677915,0.0,716
2274.8873249518933,0.0,-22748.873249518932,1559.519413677915,38676.9875896093,0.0,-0.0,0.9375557556931448,0.37853033242258655,0.0,799.2,0.0,0.0,1.0,888.0,-0.0,118,-41.637096048988155,0.0,120,-5.113296016455051,0.0,118,-56.86829539685787,0.0,120,-32.72161166959753,0.0,120,-33.22429286998704,0.0,120,-41.62020880808002,0.0,0.0,0.632088726021643,0.632088726021643,0.0,-22748.873249518932,-22748.873249518932,2275.519413677915,2275.519413677915,2275.519413677915,0.0,0.0,1559.519413677915,0.0,716
2274.8873249518933,0.0,-22748.873249518932,1302.716597867305,40080.555061919425,0.0,-0.0,0.9715791593803947,0.37853033242258655,0.0,799.2,256.8028158106101,0.0,1.0,888.0,205236.81039583962,118,-56.618081967097716,0.0,120,-3.104617574925017,0.0,118,-42.861689826081204,0.0,120,-16.567849618797045,0.0,120,-16.11985346922844,0.0,120,-2.637713135963211,0.0,0.0,0.632088726021643,0.632088726021643,0.0,182487.9371463207,182487.9371463207,2275.519413677915,2275.519413677915,2275.519413677915,0.0,0.0,1559.519413677915,0.0,716
2274.8873249518933,0.0,-22748.873249518932,0.0,41253.0,0.0,-0.0,1.0,0.37853033242258655,0.0,799.2,1559.519413677915,0.0,1.0,888.0,1246367.9154113897,118,-6.257346035482119,0.0,120,-33.17016051280539,0.0,118,-44.8778280019584,0.0,120,-34.085992072588056,0.0,120,-1.7844580382500586,0.0,120,-14.197221594393909,0.0,0.0,0.632088726021643,0.632088726021643,0.0,1223619.0421618707,1223619.0421618707,2275.519413677915,2275.519413677915,2275.519413677915,0.0,0.0,1559.519413677915,0.0,716
2274.8873249518933,0.0,-22748.873249518932,0.0,41253.0,0.0,-0.0,1.0,0.37853033242258655,0.0,799.2,1559.519413677915,0.0,1.0,888.0,1246367.9154113897,118,-31.41174407624384,0.0,120,-12.58455119117217,0.0,118,-23.38520506013665,0.0,120,-56.6737779313485,0.0,120,-21.9260059854649,0.0,120,-52.045333967317326,0.0,0.0,0.632088726021643,0.632088726021643,0.0,1223619.0421618707,1223619.0421618707,2275.519413677915,2275.519413677915,2275.519413677915,0.0,0.0,1559.519413677915,0.0,716
1853.0762656175218,0.0,-18530.76265617522,0.0,41253.0,0.0,-0.0,1.0,0.37853033242258655,0.0,799.2,1137.5911520486463,0.0,1.0,888.0,909162.8487172782,118,-6.677729282428024,0.0,120,-9.396223858286373,0.0,118,-42.436275263167445,0.0,120,-14.175076574151785,0.0,120,-37.12364624017309,0.0,120,-33.70597101411158,0.0,0.0,0.514886431124624,0.514886431124624,0.0,890632.086061103,890632.086061103,1853.5911520486463,1853.5911520486463,1853.5911520486463,0.0,0.0,1137.5911520486463,0.0,716
1853.0762656175218,0.0,-18530.76265617522,0.0,41253.0,0.0,-0.0,1.0,0.37853033242258655,0.0,799.2,1137.5911520486463,0.0,1.0,888.0,909162.8487172782,118,-55.478471556720486,0.0,120,-11.323974401307332,0.0,118,-18.34819647417941,0.0,120,-32.15153644414493,0.0,120,-23.89668105942353,0.0,120,-33.860814777343485,0.0,0.0,0.514886431124624,0.514886431124624,0.0,890632.086061103,890632.086061103,1853.5911520486463,1853.5911520486463,1853.5911520486463,0.0,0.0,1137.5911520486463,0.0,716
1853.0762656175218,0.0,-18530.76265617522,0.0,41253.0,0.0,-0.0,1.0,0.37853033242258655,0.0,799.2,1137.5911520486463,0.0,1.0,888.0,909162.8487172782,118,-45.88812771190987,0.0,120,-59.92004621414612,0.0,118,-27.46496118126131,0.0,120,-11.726564264065393,0.0,120,-21.01814577125469,0.0,120,-10.73937866615788,0.0,0.0,0.514886431124624,0.514886431124624,0.0,890632.086061103,890632.086061103,1853.5911520486463,1853.5911520486463,1853.5911520486463,0.0,0.0,1137.5911520486463,0.0,716
1853.0762656175218,0.0,-18530.76265617522,0.0,41253.0,0.0,-0.0,1.0,0.37853033242258655,0.0,799.2,1137.5911520486463,0.0,1.0,888.0,909162.8487172782,118,-32.46664588966439,0.0,120,-2.078980061137443,0.0,118,-4.403609460042142,0.0,120,-30.184694977484906,0.0,120,-12.813483362476845,0.0,120,-38.599423353017585,0.0,0.0,0.514886431124624,0.514886431124624,0.0,890632.086061103,890632.086061103,1853.5911520486463,1853.5911520486463,1853.5911520486463,0.0,0.0,1137.5911520486463,0.0,716
1853.0762656175218,0.0,-18530.76265617522,0.0,41253.0,0.0,-0.0,1.0,0.37853033242258655,0.0,799.2,1137.5911520486463,0.0,1.0,888.0,909162.8487172782,118,-44.4944959039594,0.0,120,-46.36559611605202,0.0,118,-48.37406343355335,0.0,120,-37.606322851716,0.0,120,-21.344145806393247,0.0,120,-2.871122408048641,0.0,0.0,0.514886431124624,0.514886431124624,0.0,890632.086061103,890632.086061103,1853.5911520486463,1853.5911520486463,1853.5911520486463,0.0,0.0,1137.5911520486463,0.0,716
1853.0762656175218,0.0,-18530.76265617522,0.0,41253.0,0.0,-0.0,1.0,0.37853033242258655,0.0,799.2,1137.5911520486463,0.0,1.0,888.0,909162.8487172782,118,-32.894220069199875,0.0,120,-29.517537012769925,0.0,118,-44.08009686968287,0.0,120,-57.83931765757921,0.0,120,-31.525528911205043,0.0,120,-19.994559759672235,0.0,0.0,0.514886431124624,0.514886431124624,0.0,890632.086061103,890632.086061103,1853.5911520486463,1853.5911520486463,1853.5911520486463,0.0,0.0,1137.5911520486463,0.0,716
1207.3002491592936,0.0,-12073.002491592935,0.0,41253.0,0.0,-0.0,1.0,0.37853033242258655,0.0,799.2,491.63570352138277,0.0,1.0,888.0,392915.25425428915,118,-52.00242384317277,0.0,120,-53.27455841329224,0.0,118,-26.42969987611172,0.0,120,-58.23373497013379,0.0,120,-24.577809591770652,0.0,120,-31.42582324524948,0.0,0.0,0.335454362089273,0.335454362089273,0.0,380842.2517626962,380842.2517626962,1207.6357035213828,1207.6357035213828,1207.6357035213828,0.0,0.0,491.63570352138277,0.0,716
1207.3002491592936,0.0,-12073.002491592935,0.0,41253.0,0.0,-0.0,1.0,0.37853033242258655,0.0,799.2,491.63570352138277,0.0,1.0,888.0,392915.25425428915,118,-13.169546104549424,0.0,120,-45.469423124310794,0.0,118,-45.59424825953964,0.0,120,-20.76002758412968,0.0,120,-34.52597146414829,0.0,120,-26.57276863748984,0.0,0.0,0.335454362089273,0.335454362089273,0.0,380842.2517626962,380842.2517626962,1207.6357035213828,1207.6357035213828,1207.6357035213828,0.0,0.0,491.63570352138277,0.0,716
1207.3002491592936,0.0,-12073.002491592935,0.0,41253.0,0.0,-0.0,1.0,0.37853033242258655,0.0,799.2,491.63570352138277,0.0,1.0,888.0,392915.25425428915,118,-17.221638044235714,0.0,120,-25.31010814890953,0.0,118,-55.28611716568473,0.0,120,-45.35137127161686,0.0,120,-46.7400025380193,0.0,120,-38.46045365402147,0.0,0.0,0.335454362089273,0.335454362089273,0.0,380842.2517626962,380842.2517626962,1207.6357035213828,1207.6357035213828,1207.6357035213828,0.0,0.0,491.63570352138277,0.0,716
1207.3002491592936,0.0,-12073.002491592935,0.0,41253.0,0.0,-0.0,1.0,0.37853033242258655,0.0,799.2,491.63570352138277,0.0,1.0,888.0,392915.25425428915,118,-8.787373491992918,0.0,120,-12.76044272466724,0.0,118,-17.2639015076173,0.0,120,-22.579467911197074,0.0,120,-6.626130439354214,0.0,120,-47.80458571097702,0.0,0.0,0.335454362089273,0.335454362089273,0.0,380842.2517626962,380842.2517626962,1207.6357035213828,1207.6357035213828,1207.6357035213828,0.0,0.0,491.63570352138277,0.0,716
1207.3002491592936,0.0,-12073.002491592935,0.0,41253.0,0.0,-0.0,1.0,0.37853033242258655,0.0,799.2,491.63570352138277,0.0,1.0,888.0,392915.25425428915,118,-18.41286918052938,0.0,120,-38.53675050947886,0.0,118,-23.902437584036885,0.0,120,-0.2439041825455357,0.0,120,-3.148230451978107,0.0,120,-14.150704651626295,0.0,0.0,0.335454362089273,0.335454362089273,0.0,380842.2517626962,380842.2517626962,1207.6357035213828,1207.6357035213828,1207.6357035213828,0.0,0.0,491.63570352138277,0.0,716
1207.3002491592936,0.0,-12073.002491592935,0.0,41253.0,0.0,-0.0,1.0,0.37853033242258655,0.0,799.2,491.63570352138277,0.0,1.0,888.0,392915.25425428915,118,-15.470709883794868,0.0,120,-5.067057162306536,0.0,118,-37.34683453166635,0.0,120,-46.61893153806871,0.0,120,-49.84187994553932,0.0,120,-1.752021260015082,0.0,0.0,0.335454362089273,0.335454362089273,0.0,380842.2517626962,380842.2517626962,1207.6357035213828,1207.6357035213828,1207.6357035213828,0.0,0.0,491.63570352138277,0.0,716
442.9074085906208,0.0,-4429.074085906208,0.0,41253.0,272.9695273892096,-0.0,1.0,0.37853033242258655,0.0,799.2,0.0,0.0,1.0,888.0,-0.0,118,-19.219874955619332,0.0,120,-53.833171167247436,0.0,118,-4.526017535374867,0.0,120,-14.01341290447698,0.0,120,-4.626236010630855,0.0,120,-10.19134652955658,0.0,0.0,0.123064020169664,0.123064020169664,0.0,-4429.074085906208,-4429.074085906208,716.0,716.0,443.0304726107904,0.0,272.9695273892096,0.0,0.0,716
442.9074085906208,0.0,-4429.074085906208,0.0,40949.7005251231,272.9695273892096,-0.0,0.992647820161518,0.37853033242258655,0.0,799.2,0.0,0.0,1.0,888.0,-0.0,118,-19.344670104091037,0.0,120,-53.747408502326294,0.0,118,-10.829099146862852,0.0,120,-20.20990838615173,0.0,120,-27.57183966880875,0.0,120,-41.5757253232185,0.0,0.0,0.123064020169664,0.123064020169664,0.0,-4429.074085906208,-4429.074085906208,716.0,716.0,443.0304726107904,0.0,272.9695273892096,0.0,0.0,716
442.9074085906208,0.0,-4429.074085906208,0.0,40646.401050246204,272.9695273892096,-0.0,0.985295640323036,0.37853033242258655,0.0,799.2,0.0,0.0,1.0,888.0,-0.0,118,-6.225902612911247,0.0,120,-3.5910920485458364,0.0,118,-24.15619349560147,0.0,120,-8.105533866284734,0.0,120,-24.60258661464622,0.0,120,-9.905796748295096,0.0,0.0,0.123064020169664,0.123064020169664,0.0,-4429.074085906208,-4429.074085906208,716.0,716.0,443.0304726107904,0.0,272.9695273892096,0.0,0.0,716
442.9074085906208,0.0,-4429.074085906208,0.0,40343.10157536931,272.9695273892096,-0.0,0.977943460484554,0.37853033242258655,0.0,799.2,0.0,0.0,1.0,888.0,-0.0,118,-58.63324853977299,0.0,120,-38.720164273205505,0.0,118,-55.84059203330276,0.0,120,-46.89519714780578,0.0,120,-38.92233568546793,0.0,120,-17.376345522762232,0.0,0.0,0.123064020169664,0.123064020169664,0.0,-4429.074085906208,-4429.074085906208,716.0,716.0,443.0304726107904,0.0,272.9695273892096,0.0,0.0,716
442.9074085906208,0.0,-4429.074085906208,0.0,40039.80210049241,272.9695273892096,-0.0,0.970591280646072,0.37853033242258655,0.0,799.2,0.0,0.0,1.0,888.0,-0.0,118,-47.57997888385842,0.0,120,-55.60807612897891,0.0,118,-9.371061322349972,0.0,120,-0.6769116243134965,0.0,120,-59.19143515380733,0.0,120,-2.277784209871896,0.0,0.0,0.123064020169664,0.123064020169664,0.0,-4429.074085906208,-4429.074085906208,716.0,716.0,443.0304726107904,0.0,272.9695273892096,0.0,0.0,716
442.9074085906208,0.0,-4429.074085906208,0.0,39736.50262561551,272.9695273892096,-0.0,0.96323910080759,0.37853033242258655,0.0,799.2,0.0,0.0,1.0,888.0,-0.0,118,-23.704163973318735,0.0,120,-22.812991082128324,0.0,118,-36.69148163594336,0.0,120,-58.715089576226966,0.0,120,-41.817381205893476,0.0,120,-40.94504509351186,0.0,0.0,0.123064020169664,0.123064020169664,0.0,-4429.074085906208,-4429.074085906208,716.0,716.0,443.0304726107904,0.0,272.9695273892096,0.0,0.0,716
0.0,0.0,-0.0,0.0,39433.20315073861,716.0,-0.0,0.955886920969108,0.37853033242258655,0.0,799.2,0.0,0.0,1.0,888.0,-0.0,118,-4.8519049134058605,0.0,120,-14.965152756198748,0.0,118,-14.189947353768801,0.0,120,-23.580327203951153,0.0,120,-21.95173634991513,0.0,120,-12.963943861627767,0.0,0.0,0.0,0.0,0.0,0.0,0.0,716.0,716.0,0.0,0.0,716.0,0.0,0.0,716
0.0,0.0,-0.0,0.0,38637.64759518306,716.0,-0.0,0.936602128213295,0.37853033242258655,0.0,799.2,0.0,0.0,1.0,888.0,-0.0,118,-9.010203785111738,0.0,120,-3.1386490353681107,0.0,118,-52.6014047777816,0.0,120,-59.277362443685654,0.0,120,-42.24748564473232,0.0,120,-59.74532718738952,0.0,0.0,0.0,0.0,0.0,0.0,0.0,716.0,716.0,0.0,0.0,716.0,0.0,0.0,716
0.0,0.0,-0.0,0.0,37842.0920396275,716.0,-0.0,0.917317335457482,0.37853033242258655,0.0,799.2,0.0,0.0,1.0,888.0,-0.0,118,-31.30643930501931,0.0,120,-27.482289548563305,0.0,118,-31.88251246348382,0.0,120,-59.17389735942319,0.0,120,-4.000673831861574,0.0,120,-52.31547818035948,0.0,0.0,0.0,0.0,0.0,0.0,0.0,716.0,716.0,0.0,0.0,716.0,0.0,0.0,716
0.0,0.0,-0.0,0.0,37046.53648407195,716.0,-0.0,0.8980325427016689,0.37853033242258655,0.0,799.2,0.0,0.0,1.0,888.0,-0.0,118,-42.47629675948057,0.0,120,-1.2289845891710716,0.0,118,-0.838214173321612,0.0,120,-35.70936397446319,0.0,120,-15.999231453160327,0.0,120,-23.75692535321058,0.0,0.0,0.0,0.0,0.0,0.0,0.0,716.0,716.0,0.0,0.0,716.0,0.0,0.0,716
0.0,0.0,-0.0,0.0,36250.980928516394,716.0,-0.0,0.8787477499458559,0.37853033242258655,0.0,799.2,0.0,0.0,1.0,888.0,-0.0,118,-23.80675549783463,0.0,120,-17.302887803839372,0.0,118,-58.88419909418231,0.0,120,-28.886586039998157,0.0,120,-56.22784809991367,0.0,120,-45.7286589813527,0.0,0.0,0.0,0.0,0.0,0.0,0.0,716.0,716.0,0.0,0.0,716.0,0.0,0.0,716
0.0,0.0,-0.0,0.0,35455.42537296084,716.0,-0.0,0.8594629571900428,0.37853033242258655,0.0,799.2,0.0,0.0,1.0,888.0,-0.0,118,-4.870964160481037,0.0,120,-22.61238512554208,0.0,118,-22.36429587408919,0.0,120,-21.988947128424833,0.0,120,-3.7622254859993975,0.0,120,-55.74999392777336,0.0,0.0,0.0,0.0,0.0,0.0,0.0,716.0,716.0,0.0,0.0,716.0,0.0,0.0,716
0.0,0.0,-0.0,0.0,34659.869817405284,716.0,-0.0,0.8401781644342299,0.37853033242258655,0.0,799.2,0.0,0.0,1.0,888.0,-0.0,118,-25.676652381905008,0.0,120,-52.39822424237589,0.0,118,-18.071282195941848,0.0,120,-53.58186627177851,0.0,120,-29.593338915576975,0.0,120,-13.43071462551513,0.0,0.0,0.0,0.0,0.0,0.0,0.0,716.0,716.0,0.0,0.0,716.0,0.0,0.0,716
0.0,0.0,-0.0,0.0,33864.31426184973,716.0,-0.0,0.8208933716784168,0.37853033242258655,0.0,799.2,0.0,0.0,1.0,888.0,-0.0,118,-56.24598809521471,0.0,120,-29.447559535283208,0.0,118,-30.993132401006623,0.0,120,-9.105271802213647,0.0,120,-45.26923432342105,0.0,120,-58.46389906352341,0.0,0.0,0.0,0.0,0.0,0.0,0.0,716.0,716.0,0.0,0.0,716.0,0.0,0.0,716
0.0,0.0,-0.0,0.0,33068.758706294175,716.0,-0.0,0.8016085789226038,0.37853033242258655,0.0,799.2,0.0,0.0,1.0,888.0,-0.0,118,-57.800764649612596,0.0,120,-21.7334898097159,0.0,118,-34.60501094901096,0.0,120,-53.05114518267093,0.0,120,-2.2789245299974015,0.0,120,-33.171382483499414,0.0,0.0,0.0,0.0,0.0,0.0,0.0,716.0,716.0,0.0,0.0,716.0,0.0,0.0,716
0.0,0.0,-0.0,0.0,32273.20315073862,716.0,-0.0,0.7823237861667908,0.37853033242258655,0.0,799.2,0.0,0.0,1.0,888.0,-0.0,118,-43.276939334252305,0.0,120,-12.269070543226988,0.0,118,-28.255254696244215,0.0,120,-46.93748575913567,0.0,120,-48.94221697292695,0.0,120,-8.31164528823984,0.0,0.0,0.0,0.0,0.0,0.0,0.0,716.0,716.0,0.0,0.0,716.0,0.0,0.0,716
0.0,0.0,-0.0,0.0,31477.647595183065,716.0,-0.0,0.7630389934109778,0.37853033242258655,0.0,799.2,0.0,0.0,1.0,888.0,-0.0,118,-56.52504466217849,0.0,120,-44.24503510958934,0.0,118,-50.192350818994136,0.0,120,-32.29516480873638,0.0,120,-32.671918197918515,0.0,120,-40.758948362717135,0.0,0.0,0.0,0.0,0.0,0.0,0.0,716.0,716.0,0.0,0.0,716.0,0.0,0.0,716
0.0,0.0,-0.0,0.0,30682.09203962751,716.0,-0.0,0.7437542006551647,0.37853033242258655,0.0,799.2,0.0,0.0,1.0,888.0,-0.0,118,-17.239508723593524,0.0,120,-43.34138460407318,0.0,118,-23.784986169987324,0.0,120,-26.818713019692712,0.0,120,-18.304372690431872,0.0,120,-17.44239890928808,0.0,0.0,0.0,0.0,0.0,0.0,0.0,716.0,716.0,0.0,0.0,716.0,0.0,0.0,716
0.0,0.0,-0.0,0.0,29886.536484071956,716.0,-0.0,0.7244694078993517,0.37853033242258655,0.0,799.2,0.0,0.0,1.0,888.0,-0.0,118,-38.68294513056677,0.0,120,-18.99985739199765,0.0,118,-41.398317186461064,0.0,120,-20.29641759256692,0.0,120,-13.81207398152236,0.0,120,-32.763616418001604,0.0,0.0,0.0,0.0,0.0,0.0,0.0,716.0,716.0,0.0,0.0,716.0,0.0,0.0,716
0.0,0.0,-0.0,0.0,29090.9809285164,716.0,-0.0,0.7051846151435387,0.37853033242258655,0.0,799.2,0.0,0.0,1.0,888.0,-0.0,118,-23.292429615706524,0.0,120,-39.780203905662546,0.0,118,-21.278187076746317,0.0,120,-4.236094176492857,0.0,120,-15.916329609627224,0.0,120,-38.65067589024699,0.0,0.0,0.0,0.0,0.0,0.0,0.0,716.0,716.0,0.0,0.0,716.0,0.0,0.0,716
0.0,0.0,-0.0,0.0,28295.425372960846,716.0,-0.0,0.6858998223877256,0.37853033242258655,0.0,799.2,0.0,0.0,1.0,888.0,-0.0,118,-45.7541082591522,0.0,120,-47.95439180483888,0.0,118,-6.506676396149813,0.0,120,-18.028856618338448,0.0,120,-34.315616051575674,0.0,120,-26.19042342985305,0.0,0.0,0.0,0.0,0.0,0.0,0.0,716.0,716.0,0.0,0.0,716.0,0.0,0.0,716
0.0,0.0,-0.0,0.0,27499.86981740529,716.0,-0.0,0.6666150296319127,0.37853033242258655,0.0,799.2,0.0,0.0,1.0,888.0,-0.0,118,-53.8974968644661,0.0,120,-40.7226617458231,0.0,118,-47.522631355673106,0.0,120,-52.73080037877545,0.0,120,-28.293033701890167,0.0,120,-56.491632538398626,0.0,0.0,0.0,0.0,0.0,0.0,0.0,716.0,716.0,0.0,0.0,716.0,0.0,0.0,716
0.0,0.0,-0.0,0.0,26704.314261849737,716.0,-0.0,0.6473302368760996,0.37853033242258655,0.0,799.2,0.0,0.0,1.0,888.0,-0.0,118,-35.344735704411384,0.0,120,-21.108294873844024,0.0,118,-31.59004916878756,0.0,120,-28.054009451991384,0.0,120,-56.39491157190568,0.0,120,-36.52736810809837,0.0,0.0,0.0,0.0,0.0,0.0,0.0,716.0,716.0,0.0,0.0,716.0,0.0,0.0,716
0.0,0.0,-0.0,0.0,25908.758706294182,716.0,-0.0,0.6280454441202866,0.37853033242258655,0.0,799.2,0.0,0.0,1.0,888.0,-0.0,118,-14.784332031032818,0.0,120,-31.08435004176824,0.0,118,-29.00021738702862,0.0,120,-17.02070708301748,0.0,120,-12.276757404701824,0.0,120,-46.86531338693644,0.0,0.0,0.0,0.0,0.0,0.0,0.0,716.0,716.0,0.0,0.0,716.0,0.0,0.0,716
0.0,0.0,-0.0,0.0,25113.203150738627,716.0,-0.0,0.6087606513644735,0.37853033242258655,0.0,799.2,0.0,0.0,1.0,888.0,-0.0,118,-16.945020281474665,0.0,120,-51.507346089886255,0.0,118,-58.09624718299113,0.0,120,-31.758810692746973,0.0,120,-7.08430355231539,0.0,120,-39.28907577278989,0.0,0.0,0.0,0.0,0.0,0.0,0.0,716.0,716.0,0.0,0.0,716.0,0.0,0.0,716
0.0,0.0,-0.0,0.0,24317.647595183073,716.0,-0.0,0.5894758586086605,0.37853033242258655,0.0,799.2,0.0,0.0,1.0,888.0,-0.0,118,-32.83069249868641,0.0,120,-48.688824636775806,0.0,118,-49.90126418092603,0.0,120,-46.845727636466506,0.0,120,-59.856974519542646,0.0,120,-27.738666936079074,0.0,0.0,0.0,0.0,0.0,0.0,0.0,716.0,716.0,0.0,0.0,716.0,0.0,0.0,716
0.0,0.0,-0.0,0.0,23522.092039627518,716.0,-0.0,0.5701910658528475,0.37853033242258655,0.0,799.2,0.0,0.0,1.0,888.0,-0.0,118,-25.646205236478025,0.0,120,-58.17648905072302,0.0,118,-37.486046522713096,0.0,120,-58.6176778206236,0.0,120,-5.837269701325162,0.0,120,-27.746572143785997,0.0,0.0,0.0,0.0,0.0,0.0,0.0,716.0,716.0,0.0,0.0,716.0,0.0,0.0,716
0.0,0.0,-0.0,0.0,22726.536484071963,716.0,-0.0,0.5509062730970344,0.37853033242258655,0.0,799.2,0.0,0.0,1.0,888.0,-0.0,118,-4.488235442709008,0.0,120,-50.35485213690924,0.0,118,-10.775154595572083,0.0,120,-18.387420806245323,0.0,120,-30.730768762372854,0.0,120,-59.52834514241342,0.0,0.0,0.0,0.0,0.0,0.0,0.0,716.0,716.0,0.0,0.0,716.0,0.0,0.0,716
0.0,0.0,-0.0,0.0,21930.98092851641,716.0,-0.0,0.5316214803412215,0.37853033242258655,0.0,799.2,0.0,0.0,1.0,888.0,-0.0,118,-47.67656052840583,0.0,120,-16.156507924472546,0.0,118,-1.3730452715143593,0.0,120,-28.695243115660627,0.0,120,-10.80677061385427,0.0,120,-52.79005836777432,0.0,0.0,0.0,0.0,0.0,0.0,0.0,716.0,716.0,0.0,0.0,716.0,0.0,0.0,716
0.0,0.0,-0.0,0.0,21135.425372960854,716.0,-0.0,0.5123366875854084,0.37853033242258655,0.0,799.2,0.0,0.0,1.0,888.0,-0.0,118,-8.648163070869261,0.0,120,-31.601167690765138,0.0,118,-27.665293301939993,0.0,120,-2.609580858497753,0.0,120,-16.569878745313662,0.0,120,-8.048573666334528,0.0,0.0,0.0,0.0,0.0,0.0,0.0,716.0,716.0,0.0,0.0,716.0,0.0,0.0,716
0.0,0.0,-0.0,0.0,20339.8698174053,716.0,-0.0,0.4930518948295954,0.37853033242258655,0.0,799.2,0.0,0.0,1.0,888.0,-0.0,118,-3.2873262007147575,0.0,120,-36.95439971589851,0.0,118,-41.01020448345766,0.0,120,-55.18137530095413,0.0,120,-39.351079525578385,0.0,120,-49.820107138595795,0.0,0.0,0.0,0.0,0.0,0.0,0.0,716.0,716.0,0.0,0.0,716.0,0.0,0.0,716
0.0,0.0,-0.0,0.0,19544.314261849744,716.0,-0.0,0.47376710207378236,0.37853033242258655,0.0,799.2,0.0,0.0,1.0,888.0,-0.0,118,-7.782571744101419,0.0,120,-10.701765375421168,0.0,118,-9.368555649240333,0.0,120,-31.816521190280945,0.0,120,-11.652641982184841,0.0,120,-15.702435036506108,0.0,0.0,0.0,0.0,0.0,0.0,0.0,716.0,716.0,0.0,0.0,716.0,0.0,0.0,716
0.0,0.0,-0.0,0.0,18748.75870629419,716.0,-0.0,0.45448230931796935,0.37853033242258655,0.0,799.2,0.0,0.0,1.0,888.0,-0.0,118,-27.239753666160357,0.0,120,-22.363032139518296,0.0,118,-54.19579613828793,0.0,120,-24.20213278085988,0.0,120,-48.77036967864708,0.0,120,-53.17737853403957,0.0,0.0,0.0,0.0,0.0,0.0,0.0,716.0,716.0,0.0,0.0,716.0,0.0,0.0,716
0.0,0.0,-0.0,0.0,17953.203150738635,716.0,-0.0,0.43519751656215633,0.37853033242258655,0.0,799.2,0.0,0.0,1.0,888.0,-0.0,118,-44.40934220275121,0.0,120,-33.560880391567906,0.0,118,-43.713541595406674,0.0,120,-36.76628145036554,0.0,120,-31.30741715051181,0.0,120,-35.10610356743469,0.0,0.0,0.0,0.0,0.0,0.0,0.0,716.0,716.0,0.0,0.0,716.0,0.0,0.0,716
0.0,0.0,-0.0,0.0,17157.64759518308,716.0,-0.0,0.4159127238063433,0.37853033242258655,0.0,799.2,0.0,0.0,1.0,888.0,-0.0,118,-52.76967866834997,0.0,120,-9.440095218838406,0.0,118,-44.350588889478104,0.0,120,-38.250947295785046,0.0,120,-13.951746957868533,0.0,120,-10.617424354291815,0.0,0.0,0.0,0.0,0.0,0.0,0.0,716.0,716.0,0.0,0.0,716.0,0.0,0.0,716
0.0,0.0,-0.0,0.0,16362.092039627525,716.0,-0.0,0.3966279310505303,0.37853033242258655,0.0,799.2,0.0,0.0,1.0,888.0,-0.0,118,-28.196909907735698,0.0,120,-43.51317903551836,0.0,118,-24.444411066950664,0.0,120,-38.5710133761352,0.0,120,-22.72921108248616,0.0,120,-23.65362417097146,0.0,0.0,0.0,0.0,0.0,0.0,0.0,716.0,716.0,0.0,0.0,716.0,0.0,0.0,716
0.0,0.0,-0.0,0.0,15566.53648407197,716.0,-0.0,0.3773431382947172,0.37853033242258655,0.0,799.2,0.0,0.0,1.0,888.0,-0.0,118,-15.399676896633181,0.0,120,-3.4756238119018845,0.0,118,-37.213965543495114,0.0,120,-35.64050159761607,0.0,120,-22.176457692341728,0.0,120,-10.613821019527034,0.0,0.0,0.0,0.0,0.0,0.0,0.0,716.0,716.0,0.0,0.0,716.0,0.0,0.0,716
0.0,0.0,-0.0,0.0,14770.980928516416,716.0,-0.0,0.3580583455389042,0.37853033242258655,0.0,799.2,0.0,0.0,1.0,888.0,-0.0,118,-5.480697800773493,0.0,120,-28.830908512861058,0.0,118,-51.94677888140278,0.0,120,-26.9729540674262,0.0,120,-55.58129695145687,0.0,120,-57.50448555348487,0.0,0.0,0.0,0.0,0.0,0.0,0.0,716.0,716.0,0.0,0.0,716.0,0.0,0.0,716
0.0,0.0,-0.0,0.0,13975.42537296086,716.0,-0.0,0.3387735527830912,0.37853033242258655,0.0,799.2,0.0,0.0,1.0,888.0,-0.0,118,-57.40900377847203,0.0,120,-37.99037910706427,0.0,118,-9.963323323224442,0.0,120,-38.70146290831302,0.0,120,-0.9717524995429905,0.0,120,-23.19271302640341,0.0,0.0,0.0,0.0,0.0,0.0,0.0,716.0,716.0,0.0,0.0,716.0,0.0,0.0,716
0.0,0.0,-0.0,0.0,13179.869817405306,716.0,-0.0,0.31948876002727816,0.37853033242258655,0.0,799.2,0.0,0.0,1.0,888.0,-0.0,118,-47.9043641511721,0.0,120,-3.253658155198822,0.0,118,-18.98090117611345,0.0,120,-18.085817474090618,0.0,120,-39.74817330845569,0.0,120,-59.22686722869938,0.0,0.0,0.0,0.0,0.0,0.0,0.0,716.0,716.0,0.0,0.0,716.0,0.0,0.0,716
0.0,0.0,-0.0,0.0,12384.314261849751,716.0,-0.0,0.30020396727146514,0.37853033242258655,0.0,799.2,0.0,0.0,1.0,888.0,-0.0,118,-25.466356325897756,0.0,120,-43.133514502767774,0.0,118,-37.839004141288456,0.0,120,-15.695381848576043,0.0,120,-32.249686796442354,0.0,120,-39.871097133740626,0.0,0.0,0.0,0.0,0.0,0.0,0.0,716.0,716.0,0.0,0.0,716.0,0.0,0.0,716
0.0,0.0,-0.0,0.0,11588.758706294197,716.0,-0.0,0.2809191745156521,0.37853033242258655,0.0,799.2,0.0,0.0,1.0,888.0,-0.0,118,-2.7948013489176615,0.0,120,-54.472487188051254,0.0,118,-23.92641243418624,0.0,120,-48.83138989495456,0.0,120,-2.4302427579060093,0.0,120,-11.800354235938288,0.0,0.0,0.0,0.0,0.0,0.0,0.0,716.0,716.0,0.0,0.0,716.0,0.0,0.0,716
0.0,0.0,-0.0,0.0,10793.203150738642,716.0,-0.0,0.2616343817598391,0.37853033242258655,0.0,799.2,0.0,0.0,1.0,888.0,-0.0,118,-5.838994519465444,0.0,120,-13.735685150855396,0.0,118,-54.65736702942949,0.0,120,-43.24469962851845,0.0,120,-22.281531367554894,0.0,120,-13.01068780767632,0.0,0.0,0.0,0.0,0.0,0.0,0.0,716.0,716.0,0.0,0.0,716.0,0.0,0.0,716
0.0,0.0,-0.0,0.0,9997.647595183087,716.0,-0.0,0.24234958900402606,0.37853033242258655,0.0,799.2,0.0,0.0,1.0,888.0,-0.0,118,-48.676040233257446,0.0,120,-33.77197178398334,0.0,118,-56.023921813730524,0.0,120,-51.98534609010733,0.0,120,-48.60596284302314,0.0,120,-3.24383677460762,0.0,0.0,0.0,0.0,0.0,0.0,0.0,716.0,716.0,0.0,0.0,716.0,0.0,0.0,716
0.0,0.0,-0.0,0.0,9202.092039627532,716.0,-0.0,0.22306479624821304,0.37853033242258655,0.0,799.2,0.0,0.0,1.0,888.0,-0.0,118,-48.262633864470935,0.0,120,-36.2342013738308,0.0,118,-54.13081546831362,0.0,120,-14.93856123133001,0.0,120,-25.133943428643597,0.0,120,-58.94117497812895,0.0,0.0,0.0,0.0,0.0,0.0,0.0,716.0,716.0,0.0,0.0,716.0,0.0,0.0,716
0.0,0.0,-0.0,0.0,8406.536484071978,716.0,-0.0,0.2037800034924,0.37853033242258655,0.0,799.2,0.0,0.0,1.0,888.0,-0.0,118,-9.627876095036763,0.0,120,-27.235249627016483,0.0,118,-44.80579456641476,0.0,120,-23.29240911667778,0.0,120,-37.952213762550905,0.0,120,-48.17340175117624,0.0,0.0,0.0,0.0,0.0,0.0,0.0,716.0,716.0,0.0,0.0,716.0,0.0,0.0,716
0.0,0.0,-0.0,0.0,7610.980928516422,716.0,-0.0,0.18449521073658695,0.37853033242258655,0.0,799.2,0.0,0.0,1.0,888.0,-0.0,118,-17.16451505195945,0.0,120,-32.332894139861025,0.0,118,-24.03084602862458,0.0,120,-32.996124889770265,0.0,120,-30.987156673743822,0.0,120,-58.539136769040226,0.0,0.0,0.0,0.0,0.0,0.0,0.0,716.0,716.0,0.0,0.0,716.0,0.0,0.0,716
0.0,0.0,-0.0,0.0,6815.425372960866,716.0,-0.0,0.1652104179807739,0.37853033242258655,0.0,799.2,0.0,0.0,1.0,888.0,-0.0,118,-44.00028832917505,0.0,120,-33.455933635484186,0.0,118,-54.90152825433926,0.0,120,-26.104004865499093,0.0,120,-53.00627971795836,0.0,120,-21.999945699298433,0.0,0.0,0.0,0.0,0.0,0.0,0.0,716.0,716.0,0.0,0.0,716.0,0.0,0.0,716
0.0,0.0,-0.0,0.0,6019.869817405311,716.0,-0.0,0.14592562522496086,0.37853033242258655,0.0,799.2,0.0,0.0,1.0,888.0,-0.0,118,-16.40961446136552,0.0,120,-31.55594495320127,0.0,118,-18.768496234695494,0.0,120,-15.896500104719472,0.0,120,-27.425176908221896,0.0,120,-23.815735110979343,0.0,0.0,0.0,0.0,0.0,0.0,0.0,716.0,716.0,0.0,0.0,716.0,0.0,0.0,716
0.0,0.0,-0.0,0.0,5224.314261849755,716.0,-0.0,0.1266408324691478,0.37853033242258655,0.0,799.2,0.0,0.0,1.0,888.0,-0.0,118,-49.4284909989862,0.0,120,-23.34793328397071,0.0,118,-21.53336323714123,0.0,120,-14.387489558216933,0.0,120,-11.099237765609285,0.0,120,-26.61396388810418,0.0,0.0,0.0,0.0,0.0,0.0,0.0,716.0,716.0,0.0,0.0,716.0,0.0,0.0,716
0.0,0.0,-0.0,0.0,4428.758706294199,716.0,-0.0,0.10735603971333477,0.37853033242258655,0.0,799.2,0.0,0.0,1.0,888.0,-0.0,118,-6.38650506372448,0.0,120,-54.69221694677971,0.0,118,-42.50644145778893,0.0,120,-26.321803474215812,0.0,120,-25.19324906737853,0.0,120,-8.86400707040643,0.0,0.0,0.0,0.0,0.0,0.0,0.0,716.0,716.0,0.0,0.0,716.0,0.0,0.0,716
0.0,0.0,-0.0,0.0,3633.2031507386437,716.0,-0.0,0.08807124695752172,0.37853033242258655,0.0,799.2,0.0,0.0,1.0,888.0,-0.0,118,-55.98696479249978,0.0,120,-13.03221285203524,0.0,118,-20.930380500940224,0.0,120,-25.47693492682179,0.0,120,-49.15995813591967,0.0,120,-51.16628522519237,0.0,0.0,0.0,0.0,0.0,0.0,0.0,716.0,716.0,0.0,0.0,716.0,0.0,0.0,716
0.0,0.0,-0.0,0.0,2837.647595183088,720.0,-0.0,0.06878645420170867,0.37853033242258655,0.0,799.2,0.0,0.0,1.0,888.0,-0.0,120,-18.88092929680698,0.0,120,-32.02754252931132,0.0,120,-33.304600537079544,0.0,120,-56.4648099425901,0.0,120,-21.982808560552954,0.0,120,-46.335593060299,0.0,0.0,0.0,0.0,0.0,0.0,0.0,720.0,720.0,0.0,0.0,720.0,0.0,0.0,720
0.0,0.0,-0.0,0.0,2037.647595183088,720.0,-0.0,0.04939392517351679,0.37853033242258655,0.0,799.2,0.0,0.0,1.0,888.0,-0.0,120,-19.118551499348907,0.0,120,-44.91357202320975,0.0,120,-46.40007327900959,0.0,120,-57.5893667644904,0.0,120,-27.75703714119241,0.0,120,-54.27613241438523,0.0,0.0,0.0,0.0,0.0,0.0,0.0,720.0,720.0,0.0,0.0,720.0,0.0,0.0,720
0.0,0.0,-0.0,0.0,1237.647595183088,720.0,-0.0,0.030001396145324898,0.37853033242258655,0.0,799.2,0.0,0.0,1.0,888.0,-0.0,120,-2.4271502943045875,0.0,120,-30.13639592319247,0.0,120,-51.003552686727325,0.0,120,-55.85533317479525,0.0,120,-32.30392129810596,0.0,120,-22.69993803345656,0.0,0.0,0.0,0.0,0.0,0.0,0.0,720.0,720.0,0.0,0.0,720.0,0.0,0.0,720
0.0,0.0,-0.0,0.0,437.647595183088,393.88283566477924,-0.0,0.01060886711713301,0.37853033242258655,123.4452386245224,799.2,0.0,326.11716433522076,1.0,888.0,-289592.041929676,120,-7.707242781185872,0.0,120,-30.529505044407703,0.0,120,-14.361311300288238,0.0,120,-5.891124208634036,0.0,120,-5.134075145363212,0.0,120,-4.245288054163174,0.0,0.0,0.0,0.0,0.0,-289592.041929676,-289592.041929676,720.0,720.0,0.0,0.0,720.0,0.0,0.0,720
0.0,0.0,-0.0,0.0,0.0,0.0,-0.0,0.0,0.37853033242258655,272.5418393442623,799.2,0.0,720.0,1.0,888.0,-639360.0,120,-57.760028328423886,0.0,120,-3.5451388317800614,0.0,120,-58.07055449930115,0.0,120,-11.660420496024289,0.0,120,-23.69697791355141,0.0,120,-10.717139937594604,0.0,0.0,0.0,0.0,0.0,-639360.0,-639360.0,720.0,720.0,0.0,0.0,720.0,0.0,0.0,720
0.0,0.0,-0.0,0.0,0.0,0.0,-0.0,0.0,0.37853033242258655,272.5418393442623,799.2,0.0,720.0,1.0,888.0,-639360.0,120,-25.749104804036563,0.0,120,-6.332502199472483,0.0,120,-42.77117583717409,0.0,120,-49.4305547492375,0.0,120,-57.421103604277505,0.0,120,-54.03401866405104,0.0,0.0,0.0,0.0,0.0,-639360.0,-639360.0,720.0,720.0,0.0,0.0,720.0,0.0,0.0,720
0.0,0.0,-0.0,0.0,0.0,0.0,-0.0,0.0,0.37853033242258655,272.5418393442623,799.2,0.0,720.0,1.0,888.0,-639360.0,120,-38.397762615301865,0.0,120,-39.32339873648876,0.0,120,-48.981887236112534,0.0,120,-21.755867296397188,0.0,120,-5.535477376094344,0.0,120,-57.950858342494534,0.0,0.0,0.0,0.0,0.0,-639360.0,-639360.0,720.0,720.0,0.0,0.0,720.0,0.0,0.0,720
0.0,0.0,-0.0,0.0,0.0,0.0,-0.0,0.0,0.37853033242258655,272.5418393442623,799.2,0.0,720.0,1.0,888.0,-639360.0,120,-51.99979554043972,0.0,120,-8.837289528913457,0.0,120,-13.27346190980391,0.0,120,-34.72884444994662,0.0,120,-37.11111188872767,0.0,120,-35.55399341899226,0.0,0.0,0.0,0.0,0.0,-639360.0,-639360.0,720.0,720.0,0.0,0.0,720.0,0.0,0.0,720
0.0,0.0,-0.0,0.0,0.0,0.0,-0.0,0.0,0.37853033242258655,272.5418393442623,799.2,0.0,720.0,1.0,888.0,-639360.0,120,-4.984510295590027,0.0,120,-25.951544343203825,0.0,120,-37.802397913943615,0.0,120,-33.989211012442134,0.0,120,-10.605157994731522,0.0,120,-0.7425043215652671,0.0,0.0,0.0,0.0,0.0,-639360.0,-639360.0,720.0,720.0,0.0,0.0,720.0,0.0,0.0,720
0.0,0.0,-0.0,0.0,0.0,0.0,-0.0,0.0,0.37853033242258655,272.5418393442623,799.2,0.0,720.0,1.0,888.0,-639360.0,120,-21.80368598008624,0.0,120,-49.22599703470536,0.0,120,-34.54458743462752,0.0,120,-52.37301155811062,0.0,120,-57.85572580615847,0.0,120,-23.2681724691952,0.0,0.0,0.0,0.0,0.0,-639360.0,-639360.0,720.0,720.0,0.0,0.0,720.0,0.0,0.0,720
0.0,0.0,-0.0,0.0,0.0,0.0,-0.0,0.0,0.37853033242258655,271.7847786794171,799.2,0.0,718.0,1.0,888.0,-637584.0,120,-16.994147437313757,0.0,120,-15.827422976115882,0.0,118,-46.2001290399649,0.0,120,-59.963764169943325,0.0,120,-1.632051035769111,0.0,120,-41.21050088131857,0.0,0.0,0.0,0.0,0.0,-637584.0,-637584.0,718.0,718.0,0.0,0.0,718.0,0.0,0.0,718
0.0,0.0,-0.0,0.0,0.0,0.0,-0.0,0.0,0.37853033242258655,271.7847786794171,799.2,0.0,718.0,1.0,888.0,-637584.0,120,-55.950419713390275,0.0,120,-17.60052701127301,0.0,118,-32.23423953891261,0.0,120,-56.056321371636585,0.0,120,-57.2007526671393,0.0,120,-11.795643760854757,0.0,0.0,0.0,0.0,0.0,-637584.0,-637584.0,718.0,718.0,0.0,0.0,718.0,0.0,0.0,718
0.0,0.0,-0.0,0.0,0.0,0.0,-0.0,0.0,0.37853033242258655,271.7847786794171,799.2,0.0,718.0,1.0,888.0,-637584.0,120,-23.142133290246385,0.0,120,-35.88544082713075,0.0,118,-52.62917340496032,0.0,120,-41.917874294055736,0.0,120,-9.657187621802263,0.0,120,-2.857000144507804,0.0,0.0,0.0,0.0,0.0,-637584.0,-637584.0,718.0,718.0,0.0,0.0,718.0,0.0,0.0,718
0.0,0.0,-0.0,0.0,0.0,0.0,-0.0,0.0,0.37853033242258655,271.7847786794171,799.2,0.0,718.0,1.0,888.0,-637584.0,120,-29.915641359415485,0.0,120,-20.325210311624815,0.0,118,-48.090367298029975,0.0,120,-16.087627758702787,0.0,120,-40.20711445796786,0.0,120,-44.31790678202082,0.0,0.0,0.0,0.0,0.0,-637584.0,-637584.0,718.0,718.0,0.0,0.0,718.0,0.0,0.0,718
0.0,0.0,-0.0,0.0,0.0,0.0,-0.0,0.0,0.37853033242258655,271.7847786794171,799.2,0.0,718.0,1.0,888.0,-637584.0,120,-0.7959866428170326,0.0,120,-57.98390751219917,0.0,118,-25.579443404554354,0.0,120,-2.5731622635566542,0.0,120,-23.830188069674847,0.0,120,-42.28294593985521,0.0,0.0,0.0,0.0,0.0,-637584.0,-637584.0,718.0,718.0,0.0,0.0,718.0,0.0,0.0,718
0.0,0.0,-0.0,0.0,0.0,0.0,-0.0,0.0,0.37853033242258655,271.7847786794171,799.2,0.0,718.0,1.0,888.0,-637584.0,120,-37.22416857609069,0.0,120,-23.83466216730181,0.0,118,-32.85591399298896,0.0,120,-43.32688652572686,0.0,120,-52.59305981296887,0.0,120,-37.33765963367819,0.0,0.0,0.0,0.0,0.0,-637584.0,-637584.0,718.0,718.0,0.0,0.0,718.0,0.0,0.0,718
0.0,0.0,-0.0,0.0,0.0,0.0,-0.0,0.0,0.37853033242258655,271.7847786794171,799.2,0.0,718.0,1.0,888.0,-637584.0,120,-21.73097799292403,0.0,120,-10.904157588043233,0.0,118,-22.53570339996655,0.0,120,-29.319552646388527,0.0,120,-28.790600331786276,0.0,120,-22.7222094956289,0.0,0.0,0.0,0.0,0.0,-637584.0,-637584.0,718.0,718.0,0.0,0.0,718.0,0.0,0.0,718
0.0,0.0,-0.0,0.0,0.0,0.0,-0.0,0.0,0.37853033242258655,271.7847786794171,799.2,0.0,718.0,1.0,888.0,-637584.0,120,-8.79701564663579,0.0,120,-12.245315442480573,0.0,118,-44.587584987645215,0.0,120,-11.890742812250705,0.0,120,-13.983185033410985,0.0,120,-11.963514316653507,0.0,0.0,0.0,0.0,0.0,-637584.0,-637584.0,718.0,718.0,0.0,0.0,718.0,0.0,0.0,718
0.0,0.0,-0.0,0.0,0.0,0.0,-0.0,0.0,0.37853033242258655,271.7847786794171,799.2,0.0,718.0,1.0,888.0,-637584.0,120,-7.805855033610447,0.0,120,-21.324551985159978,0.0,118,-40.21447688854539,0.0,120,-50.5111200967675,0.0,120,-58.00529474085325,0.0,120,-44.025195809746,0.0,0.0,0.0,0.0,0.0,-637584.0,-637584.0,718.0,718.0,0.0,0.0,718.0,0.0,0.0,718
0.0,0.0,-0.0,0.0,0.0,0.0,-0.0,0.0,0.37853033242258655,271.7847786794171,799.2,0.0,718.0,1.0,888.0,-637584.0,120,-15.949229976466752,0.0,120,-5.9852287640686015,0.0,118,-53.65915965254188,0.0,120,-1.2319697703602994,0.0,120,-31.84865910559585,0.0,120,-45.000312049677994,0.0,0.0,0.0,0.0,0.0,-637584.0,-637584.0,718.0,718.0,0.0,0.0,718.0,0.0,0.0,718
0.0,0.0,-0.0,0.0,0.0,0.0,-0.0,0.0,0.37853033242258655,271.7847786794171,799.2,0.0,718.0,1.0,888.0,-637584.0,120,-18.61008992067522,0.0,120,-40.405955508158684,0.0,118,-26.099799791698473,0.0,120,-27.455438465692062,0.0,120,-59.580706099561816,0.0,120,-6.779265660736941,0.0,0.0,0.0,0.0,0.0,-637584.0,-637584.0,718.0,718.0,0.0,0.0,718.0,0.0,0.0,718
0.0,0.0,-0.0,0.0,0.0,0.0,-0.0,0.0,0.37853033242258655,271.7847786794171,799.2,0.0,718.0,1.0,888.0,-637584.0,120,-42.81844853233672,0.0,120,-54.62544334096088,0.0,118,-17.08673654515896,0.0,120,-8.277410864603521,0.0,120,-9.589680273794553,0.0,120,-39.62267949405203,0.0,0.0,0.0,0.0,0.0,-637584.0,-637584.0,718.0,718.0,0.0,0.0,718.0,0.0,0.0,718
0.0,0.0,-0.0,0.0,0.0,0.0,-0.0,0.0,0.37853033242258655,271.7847786794171,799.2,0.0,718.0,1.0,888.0,-637584.0,120,-49.71885976882101,0.0,120,-18.23313270416123,0.0,118,-11.139028327782226,0.0,120,-59.053733926237655,0.0,120,-34.084777777247574,0.0,120,-33.27036820456625,0.0,0.0,0.0,0.0,0.0,-637584.0,-637584.0,718.0,718.0,0.0,0.0,718.0,0.0,0.0,718
0.0,0.0,-0.0,0.0,0.0,0.0,-0.0,0.0,0.37853033242258655,271.7847786794171,799.2,0.0,718.0,1.0,888.0,-637584.0,120,-31.828827039038206,0.0,120,-40.60328901322251,0.0,118,-15.191557280176337,0.0,120,-31.02517976022655,0.0,120,-35.607471482714786,0.0,120,-57.816906127449684,0.0,0.0,0.0,0.0,0.0,-637584.0,-637584.0,718.0,718.0,0.0,0.0,718.0,0.0,0.0,718
0.0,0.0,-0.0,0.0,0.0,0.0,-0.0,0.0,0.37853033242258655,271.7847786794171,799.2,0.0,718.0,1.0,888.0,-637584.0,120,-34.63017886495971,0.0,120,-36.250148788922644,0.0,118,-45.20055356419176,0.0,120,-58.25699484958458,0.0,120,-31.861501812017934,0.0,120,-7.096199179468103,0.0,0.0,0.0,0.0,0.0,-637584.0,-637584.0,718.0,718.0,0.0,0.0,718.0,0.0,0.0,718
0.0,0.0,-0.0,0.0,0.0,0.0,-0.0,0.0,0.37853033242258655,271.7847786794171,799.2,0.0,718.0,1.0,888.0,-637584.0,120,-39.96085341058676,0.0,120,-46.75824549388965,0.0,118,-59.56751711405126,0.0,120,-24.681094547965856,0.0,120,-30.376852743338972,0.0,120,-48.716495958702644,0.0,0.0,0.0,0.0,0.0,-637584.0,-637584.0,718.0,718.0,0.0,0.0,718.0,0.0,0.0,718
0.0,0.0,-0.0,0.0,0.0,0.0,-0.0,0.0,0.37853033242258655,271.7847786794171,799.2,0.0,718.0,1.0,888.0,-637584.0,120,-33.77668742136882,0.0,120,-8.061604644600173,0.0,118,-45.560681305778886,0.0,120,-27.27470623658689,0.0,120,-35.9658206183758,0.0,120,-4.919779023246722,0.0,0.0,0.0,0.0,0.0,-637584.0,-637584.0,718.0,718.0,0.0,0.0,718.0,0.0,0.0,718
0.0,0.0,-0.0,0.0,0.0,0.0,-0.0,0.0,0.37853033242258655,271.7847786794171,799.2,0.0,718.0,1.0,888.0,-637584.0,120,-24.783627950880135,0.0,120,-42.57759753520096,0.0,118,-42.57120363527581,0.0,120,-38.861502976688556,0.0,120,-18.385232703318056,0.0,120,-23.70602774611039,0.0,0.0,0.0,0.0,0.0,-637584.0,-637584.0,718.0,718.0,0.0,0.0,718.0,0.0,0.0,718
0.0,0.0,-0.0,0.0,0.0,0.0,-0.0,0.0,0.37853033242258655,271.7847786794171,799.2,0.0,718.0,1.0,888.0,-637584.0,120,-51.04114038933544,0.0,120,-57.75259659661309,0.0,118,-11.915266403847248,0.0,120,-38.03203092725119,0.0,120,-35.82971800386659,0.0,120,-59.81068370786794,0.0,0.0,0.0,0.0,0.0,-637584.0,-637584.0,718.0,718.0,0.0,0.0,718.0,0.0,0.0,718
0.0,0.0,-0.0,0.0,0.0,0.0,-0.0,0.0,0.37853033242258655,271.7847786794171,799.2,0.0,718.0,1.0,888.0,-637584.0,120,-38.049805133862385,0.0,120,-39.86490815052425,0.0,118,-1.2520621553112266,0.0,120,-37.167671341693676,0.0,120,-32.175821580235834,0.0,120,-48.79072555556063,0.0,0.0,0.0,0.0,0.0,-637584.0,-637584.0,718.0,718.0,0.0,0.0,718.0,0.0,0.0,718
0.0,0.0,-0.0,0.0,0.0,0.0,-0.0,0.0,0.37853033242258655,271.7847786794171,799.2,0.0,718.0,1.0,888.0,-637584.0,120,-33.40994342344452,0.0,120,-18.434930213977953,0.0,118,-57.957221363800095,0.0,120,-25.92125832074881,0.0,120,-12.526253614479204,0.0,120,-27.904518937616363,0.0,0.0,0.0,0.0,0.0,-637584.0,-637584.0,718.0,718.0,0.0,0.0,718.0,0.0,0.0,718
0.0,0.0,-0.0,0.0,0.0,0.0,-0.0,0.0,0.37853033242258655,271.7847786794171,799.2,0.0,718.0,1.0,888.0,-637584.0,120,-50.570241108912235,0.0,120,-45.74658719029459,0.0,118,-59.98512977419271,0.0,120,-46.28064143601013,0.0,120,-1.3244667184328485,0.0,120,-15.770493266298555,0.0,0.0,0.0,0.0,0.0,-637584.0,-637584.0,718.0,718.0,0.0,0.0,718.0,0.0,0.0,718
0.0,0.0,-0.0,0.0,0.0,0.0,-0.0,0.0,0.37853033242258655,271.7847786794171,799.2,0.0,718.0,1.0,888.0,-637584.0,120,-55.44281648609709,0.0,120,-42.71984204315894,0.0,118,-8.868355477663755,0.0,120,-20.14517895166975,0.0,120,-29.944954045180182,0.0,120,-39.46123988379204,0.0,0.0,0.0,0.0,0.0,-637584.0,-637584.0,718.0,718.0,0.0,0.0,718.0,0.0,0.0,718
0.0,0.0,-0.0,0.0,0.0,0.0,-0.0,0.0,0.37853033242258655,271.7847786794171,799.2,0.0,718.0,1.0,888.0,-637584.0,120,-40.19748708542216,0.0,120,-31.02723914799879,0.0,118,-56.24634091198817,0.0,120,-43.02213567417237,0.0,120,-52.29032531635106,0.0,120,-47.04289411019473,0.0,0.0,0.0,0.0,0.0,-637584.0,-637584.0,718.0,718.0,0.0,0.0,718.0,0.0,0.0,718
0.0,0.0,-0.0,0.0,0.0,0.0,-0.0,0.0,0.37853033242258655,271.7847786794171,799.2,0.0,718.0,1.0,888.0,-637584.0,120,-32.34827766823091,0.0,120,-39.908688656681456,0.0,118,-27.569472996612983,0.0,120,-47.59300258592838,0.0,120,-3.4866826844976218,0.0,120,-42.56067295495386,0.0,0.0,0.0,0.0,0.0,-637584.0,-637584.0,718.0,718.0,0.0,0.0,718.0,0.0,0.0,718
0.0,0.0,-0.0,0.0,0.0,0.0,-0.0,0.0,0.37853033242258655,271.7847786794171,799.2,0.0,718.0,1.0,888.0,-637584.0,120,-18.53473342958096,0.0,120,-6.084743667213659,0.0,118,-33.194643163939844,0.0,120,-45.77843370670874,0.0,120,-34.38128403170032,0.0,120,-28.446111431940366,0.0,0.0,0.0,0.0,0.0,-637584.0,-637584.0,718.0,718.0,0.0,0.0,718.0,0.0,0.0,718
0.0,0.0,-0.0,0.0,0.0,0.0,-0.0,0.0,0.37853033242258655,271.7847786794171,799.2,0.0,718.0,1.0,888.0,-637584.0,120,-22.800517046357882,0.0,120,-11.223595856990432,0.0,118,-3.0122549779842944,0.0,120,-33.45365965976948,0.0,120,-19.09928866506925,0.0,120,-9.483897711088247,0.0,0.0,0.0,0.0,0.0,-637584.0,-637584.0,718.0,718.0,0.0,0.0,718.0,0.0,0.0,718
0.0,0.0,-0.0,0.0,0.0,0.0,-0.0,0.0,0.37853033242258655,271.7847786794171,799.2,0.0,718.0,1.0,888.0,-637584.0,120,-4.658969759257996,0.0,120,-45.94214414582911,0.0,118,-32.754949209915154,0.0,120,-33.2143014767272,0.0,120,-5.668981578216556,0.0,120,-26.131443128543545,0.0,0.0,0.0,0.0,0.0,-637584.0,-637584.0,718.0,718.0,0.0,0.0,718.0,0.0,0.0,718
370.5568932427102,0.0,-3705.568932427102,0.0,0.0,0.0,-0.0,0.0,0.37853033242258655,131.4787808104762,799.2,0.0,347.3401456866472,1.0,888.0,-308438.0493697427,120,-43.7656187079532,0.0,120,-12.245406547741515,0.0,118,-20.22733751517394,0.0,120,-16.412695186903,0.0,120,-18.733955166381584,0.0,120,-0.13508980854319397,0.0,0.0,0.102961070642598,0.102961070642598,0.0,-312143.6183021698,-312143.6183021698,718.0,718.0,370.6598543133528,0.0,347.3401456866472,0.0,0.0,718
370.5568932427102,0.0,-3705.568932427102,0.0,0.0,0.0,-0.0,0.0,0.37853033242258655,131.4787808104762,799.2,0.0,347.3401456866472,1.0,888.0,-308438.0493697427,120,-57.7909406085403,0.0,120,-20.25161368524985,0.0,118,-37.45140690677747,0.0,120,-44.59507810709731,0.0,120,-27.73158245377764,0.0,120,-29.196434236833813,0.0,0.0,0.102961070642598,0.102961070642598,0.0,-312143.6183021698,-312143.6183021698,718.0,718.0,370.6598543133528,0.0,347.3401456866472,0.0,0.0,718
370.5568932427102,0.0,-3705.568932427102,0.0,0.0,0.0,-0.0,0.0,0.37853033242258655,131.4787808104762,799.2,0.0,347.3401456866472,1.0,888.0,-308438.0493697427,120,-26.70286994366784,0.0,120,-6.545779896959871,0.0,118,-11.923982085118181,0.0,120,-26.262089735756437,0.0,120,-23.072014902562316,0.0,120,-43.02848526919875,0.0,0.0,0.102961070642598,0.102961070642598,0.0,-312143.6183021698,-312143.6183021698,718.0,718.0,370.6598543133528,0.0,347.3401456866472,0.0,0.0,718
370.5568932427102,0.0,-3705.568932427102,0.0,0.0,0.0,-0.0,0.0,0.37853033242258655,130.72172014563102,799.2,0.0,345.3401456866472,1.0,888.0,-306662.0493697427,120,-55.45781480652697,0.0,120,-24.932340053516178,0.0,118,-58.46763379541809,0.0,118,-55.85471707818464,0.0,120,-19.089394859565566,0.0,120,-54.530452928220186,0.0,0.0,0.102961070642598,0.102961070642598,0.0,-310367.6183021698,-310367.6183021698,716.0,716.0,370.6598543133528,0.0,345.3401456866472,0.0,0.0,716
370.5568932427102,0.0,-3705.568932427102,0.0,0.0,0.0,-0.0,0.0,0.37853033242258655,130.72172014563102,799.2,0.0,345.3401456866472,1.0,888.0,-306662.0493697427,120,-1.8825812934658548,0.0,120,-23.995502068564818,0.0,118,-19.104167149198858,0.0,118,-8.598906074298363,0.0,120,-57.42414744683391,0.0,120,-3.9967938383135637,0.0,0.0,0.102961070642598,0.102961070642598,0.0,-310367.6183021698,-310367.6183021698,716.0,716.0,370.6598543133528,0.0,345.3401456866472,0.0,0.0,716
370.5568932427102,0.0,-3705.568932427102,0.0,0.0,0.0,-0.0,0.0,0.37853033242258655,130.72172014563102,799.2,0.0,345.3401456866472,1.0,888.0,-306662.0493697427,120,-54.59839981292875,0.0,120,-28.830020840591647,0.0,118,-6.00722777127753,0.0,118,-4.5367263874947135,0.0,120,-4.402215082951731,0.0,120,-58.58736285740197,0.0,0.0,0.102961070642598,0.102961070642598,0.0,-310367.6183021698,-310367.6183021698,716.0,716.0,370.6598543133528,0.0,345.3401456866472,0.0,0.0,716
1147.6202444754301,0.0,-11476.2024447543,375.9391164522224,0.0,0.0,-0.0,0.0,0.37853033242258655,0.0,799.2,0.0,0.0,1.0,888.0,-0.0,118,-7.935343220624286,0.0,120,-20.8287926228137,0.0,118,-12.182221601560133,0.0,118,-46.3398129432661,0.0,118,-56.24812013016245,0.0,180,-24.69002513997722,0.0,0.0,0.318871976792284,0.318871976792284,0.0,-11476.2024447543,-11476.2024447543,1147.9391164522224,1147.9391164522224,1147.9391164522224,0.0,0.0,375.9391164522224,0.0,772
1147.6202444754301,0.0,-11476.2024447543,313.9391164522224,338.34520480700013,0.0,-0.0,0.0082017115072116,0.37853033242258655,0.0,799.2,0.0,0.0,1.0,888.0,-0.0,118,-33.83667046265441,0.0,120,-21.695691684862116,0.0,118,-56.35234321126377,0.0,118,-57.057051948069514,0.0,180,-46.403689631874755,0.0,180,-13.346648731080604,0.0,0.0,0.318871976792284,0.318871976792284,0.0,-11476.2024447543,-11476.2024447543,1147.9391164522224,1147.9391164522224,1147.9391164522224,0.0,0.0,313.9391164522224,0.0,834
1147.6202444754301,0.0,-11476.2024447543,437.9391164522224,620.8904096140003,0.0,-0.0,0.015050794114706816,0.37853033242258655,0.0,799.2,0.0,0.0,1.0,888.0,-0.0,118,-17.750225732250595,0.0,120,-16.49132690671552,0.0,118,-23.463616265646362,0.0,118,-27.68656242891453,0.0,118,-50.05115691856139,0.0,118,-30.832935602108048,0.0,0.0,0.318871976792284,0.318871976792284,0.0,-11476.2024447543,-11476.2024447543,1147.9391164522224,1147.9391164522224,1147.9391164522224,0.0,0.0,437.9391164522224,0.0,710
1147.6202444754301,0.0,-11476.2024447543,375.9391164522224,1015.0356144210004,0.0,-0.0,0.024605134521634802,0.37853033242258655,0.0,799.2,0.0,0.0,1.0,888.0,-0.0,118,-56.33213047066007,0.0,120,-28.90707935161076,0.0,118,-46.0884706869357,0.0,118,-11.433639372688027,0.0,180,-24.488921144139034,0.0,118,-26.68221894817872,0.0,0.0,0.318871976792284,0.318871976792284,0.0,-11476.2024447543,-11476.2024447543,1147.9391164522224,1147.9391164522224,1147.9391164522224,0.0,0.0,375.9391164522224,0.0,772
1147.6202444754301,0.0,-11476.2024447543,373.9391164522224,1353.3808192280005,0.0,-0.0,0.0328068460288464,0.37853033242258655,0.0,799.2,0.0,0.0,1.0,888.0,-0.0,118,-13.271922323778362,0.0,120,-20.84099158677801,0.0,118,-24.982710532163612,0.0,120,-53.51639450618952,0.0,180,-33.93834684828564,0.0,118,-21.69817599641255,0.0,0.0,0.318871976792284,0.318871976792284,0.0,-11476.2024447543,-11476.2024447543,1147.9391164522224,1147.9391164522224,1147.9391164522224,0.0,0.0,373.9391164522224,0.0,774
1147.6202444754301,0.0,-11476.2024447543,373.9391164522224,1689.9260240350006,0.0,-0.0,0.040964924345744565,0.37853033242258655,0.0,799.2,0.0,0.0,1.0,888.0,-0.0,118,-22.31588122171839,0.0,120,-50.02451802399433,0.0,118,-52.00083463857712,0.0,120,-34.84666190840304,0.0,180,-1.978824234797889,0.0,118,-4.277065774302913,0.0,0.0,0.318871976792284,0.318871976792284,0.0,-11476.2024447543,-11476.2024447543,1147.9391164522224,1147.9391164522224,1147.9391164522224,0.0,0.0,373.9391164522224,0.0,774
1823.3233719690454,0.0,-18233.233719690455,1111.829991411104,2026.4712288420008,0.0,-0.0,0.04912300266264274,0.37853033242258655,0.0,799.2,0.0,0.0,1.0,888.0,-0.0,118,-31.314444294678577,0.0,120,-51.85182374410238,0.0,118,-28.024179816476313,0.0,120,-7.272958904976914,0.0,118,-12.014135596095802,0.0,118,-0.8435022161081607,0.0,0.0,0.50661944205864,0.50661944205864,0.0,-18233.233719690455,-18233.233719690455,1823.829991411104,1823.829991411104,1823.829991411104,0.0,0.0,1111.829991411104,0.0,712
1823.3233719690454,0.0,-18233.233719690455,1111.829991411104,3027.1182211119944,0.0,-0.0,0.07337934746835369,0.37853033242258655,0.0,799.2,0.0,0.0,1.0,888.0,-0.0,118,-6.2213422926977735,0.0,120,-38.41859284825128,0.0,118,-28.79278589745993,0.0,120,-24.839524605489572,0.0,118,-6.91648974792402,0.0,118,-43.77959126992256,0.0,0.0,0.50661944205864,0.50661944205864,0.0,-18233.233719690455,-18233.233719690455,1823.829991411104,1823.829991411104,1823.829991411104,0.0,0.0,1111.829991411104,0.0,712
1823.3233719690454,0.0,-18233.233719690455,1111.829991411104,4027.765213381988,0.0,-0.0,0.09763569227406463,0.37853033242258655,0.0,799.2,0.0,0.0,1.0,888.0,-0.0,118,-46.44509996010082,0.0,120,-7.435769742804537,0.0,118,-1.8099587549682972,0.0,120,-17.945889411613315,0.0,118,-49.73350885423465,0.0,118,-22.03917366485261,0.0,0.0,0.50661944205864,0.50661944205864,0.0,-18233.233719690455,-18233.233719690455,1823.829991411104,1823.829991411104,1823.829991411104,0.0,0.0,1111.829991411104,0.0,712
1823.3233719690454,0.0,-18233.233719690455,1111.829991411104,5028.412205651982,0.0,-0.0,0.12189203707977557,0.37853033242258655,0.0,799.2,0.0,0.0,1.0,888.0,-0.0,118,-2.5185080864195197,0.0,120,-26.12952127398009,0.0,118,-24.123159709354518,0.0,120,-25.44040937874554,0.0,118,-21.367268729290846,0.0,118,-31.676673607869045,0.0,0.0,0.50661944205864,0.50661944205864,0.0,-18233.233719690455,-18233.233719690455,1823.829991411104,1823.829991411104,1823.829991411104,0.0,0.0,1111.829991411104,0.0,712
1823.3233719690454,0.0,-18233.233719690455,1049.829991411104,6029.059197921975,0.0,-0.0,0.1461483818854865,0.37853033242258655,0.0,799.2,0.0,0.0,1.0,888.0,-0.0,118,-3.7992774998451706,0.0,120,-27.73286327828753,0.0,118,-57.92473942049602,0.0,120,-28.08457055555318,0.0,180,-15.670817552111009,0.0,118,-59.353052695073224,0.0,0.0,0.50661944205864,0.50661944205864,0.0,-18233.233719690455,-18233.233719690455,1823.829991411104,1823.829991411104,1823.829991411104,0.0,0.0,1049.829991411104,0.0,774
1823.3233719690454,0.0,-18233.233719690455,1049.829991411104,6973.906190191969,0.0,-0.0,0.16905209779148106,0.37853033242258655,0.0,799.2,0.0,0.0,1.0,888.0,-0.0,118,-0.7012122234919094,0.0,120,-47.355626614572834,0.0,118,-24.407501153627912,0.0,120,-33.31212954044759,0.0,180,-3.1552330141551366,0.0,118,-55.33592860160341,0.0,0.0,0.50661944205864,0.50661944205864,0.0,-18233.233719690455,-18233.233719690455,1823.829991411104,1823.829991411104,1823.829991411104,0.0,0.0,1049.829991411104,0.0,774
2280.6269253750047,0.0,-22806.269253750048,1507.2606088774705,7918.753182461962,0.0,-0.0,0.19195581369747564,0.37853033242258655,0.0,799.2,0.0,0.0,1.0,888.0,-0.0,118,-29.515089539903666,0.0,120,-3.902194575959601,0.0,118,-53.51476316113633,0.0,120,-50.51725117314363,0.0,180,-45.55467804575131,0.0,118,-19.133029960490127,0.0,0.0,0.633683502465964,0.633683502465964,0.0,-22806.269253750048,-22806.269253750048,2281.2606088774705,2281.2606088774705,2281.2606088774705,0.0,0.0,1507.2606088774705,0.0,774
2280.6269253750047,0.0,-22806.269253750048,1507.2606088774705,9275.287730451686,0.0,-0.0,0.2248391081970205,0.37853033242258655,0.0,799.2,0.0,0.0,1.0,888.0,-0.0,118,-5.221850548053899,0.0,120,-24.425210683974086,0.0,118,-17.306712680590223,0.0,120,-27.872104548409897,0.0,180,-6.397908006182071,0.0,118,-12.205862416827927,0.0,0.0,0.633683502465964,0.633683502465964,0.0,-22806.269253750048,-22806.269253750048,2281.2606088774705,2281.2606088774705,2281.2606088774705,0.0,0.0,1507.2606088774705,0.0,774
2280.6269253750047,0.0,-22806.269253750048,1507.2606088774705,10631.82227844141,0.0,-0.0,0.2577224026965653,0.37853033242258655,0.0,799.2,0.0,0.0,1.0,888.0,-0.0,118,-38.69014656990487,0.0,120,-26.798840589414834,0.0,118,-4.250033475319008,0.0,120,-3.74273550459459,0.0,180,-37.82919831489293,0.0,118,-22.24245497322054,0.0,0.0,0.633683502465964,0.633683502465964,0.0,-22806.269253750048,-22806.269253750048,2281.2606088774705,2281.2606088774705,2281.2606088774705,0.0,0.0,1507.2606088774705,0.0,774
2280.6269253750047,0.0,-22806.269253750048,1507.2606088774705,11988.356826431134,0.0,-0.0,0.2906056971961102,0.37853033242258655,0.0,799.2,0.0,0.0,1.0,888.0,-0.0,118,-5.506527113585873,0.0,120,-24.533553550263363,0.0,118,-42.79847897123248,0.0,120,-59.87023241315527,0.0,180,-15.632590110377167,0.0,118,-55.926561095839716,0.0,0.0,0.633683502465964,0.633683502465964,0.0,-22806.269253750048,-22806.269253750048,2281.2606088774705,2281.2606088774705,2281.2606088774705,0.0,0.0,1507.2606088774705,0.0,774
2280.6269253750047,0.0,-22806.269253750048,1507.2606088774705,13344.891374420858,0.0,-0.0,0.3234889916956551,0.37853033242258655,0.0,799.2,0.0,0.0,1.0,888.0,-0.0,118,-49.75549249058403,0.0,120,-28.622117763097904,0.0,118,-12.57936446206638,0.0,120,-42.50154557693992,0.0,180,-32.52671944333631,0.0,118,-40.89215044379593,0.0,0.0,0.633683502465964,0.633683502465964,0.0,-22806.269253750048,-22806.269253750048,2281.2606088774705,2281.2606088774705,2281.2606088774705,0.0,0.0,1507.2606088774705,0.0,774
2280.6269253750047,0.0,-22806.269253750048,1507.2606088774705,14701.425922410583,0.0,-0.0,0.35637228619519995,0.37853033242258655,0.0,799.2,0.0,0.0,1.0,888.0,-0.0,118,-18.198414879025076,0.0,120,-11.351137601194374,0.0,118,-52.56990971904162,0.0,120,-3.576349554516265,0.0,180,-19.53468128363498,0.0,118,-3.6695400957888613,0.0,0.0,0.633683502465964,0.633683502465964,0.0,-22806.269253750048,-22806.269253750048,2281.2606088774705,2281.2606088774705,2281.2606088774705,0.0,0.0,1507.2606088774705,0.0,774
2486.6365860072797,0.0,-24866.365860072798,1713.3275103157007,16057.960470400307,0.0,-0.0,0.3892555806947448,0.37853033242258655,0.0,799.2,0.0,0.0,1.0,888.0,-0.0,118,-23.30401921667381,0.0,120,-15.921223363760825,0.0,118,-25.924236588430023,0.0,120,-58.74054667450154,0.0,180,-6.793179652900221,0.0,118,-3.4057527688387945,0.0,0.0,0.690924308421028,0.690924308421028,0.0,-24866.365860072798,-24866.365860072798,2487.3275103157007,2487.3275103157007,2487.3275103157007,0.0,0.0,1713.3275103157007,0.0,774
2486.6365860072797,0.0,-24866.365860072798,1775.3275103157007,17599.955229684438,0.0,-0.0,0.42663455335816636,0.37853033242258655,0.0,799.2,0.0,0.0,1.0,888.0,-0.0,118,-51.802703955990395,0.0,120,-41.54980025476966,0.0,118,-51.720625842989605,0.0,120,-12.187297249748646,0.0,118,-56.84715674946187,0.0,118,-10.528982950013843,0.0,0.0,0.690924308421028,0.690924308421028,0.0,-24866.365860072798,-24866.365860072798,2487.3275103157007,2487.3275103157007,2487.3275103157007,0.0,0.0,1775.3275103157007,0.0,712
2486.6365860072797,0.0,-24866.365860072798,1775.3275103157007,19197.749988968568,0.0,-0.0,0.46536615492130434,0.37853033242258655,0.0,799.2,0.0,0.0,1.0,888.0,-0.0,118,-17.587895110088997,0.0,120,-56.56174029475642,0.0,118,-16.70878811613835,0.0,120,-26.376364912419014,0.0,118,-59.83019956770372,0.0,118,-18.43488880493101,0.0,0.0,0.690924308421028,0.690924308421028,0.0,-24866.365860072798,-24866.365860072798,2487.3275103157007,2487.3275103157007,2487.3275103157007,0.0,0.0,1775.3275103157007,0.0,712
2486.6365860072797,0.0,-24866.365860072798,1775.3275103157007,20795.544748252698,0.0,-0.0,0.5040977564844423,0.37853033242258655,0.0,799.2,0.0,0.0,1.0,888.0,-0.0,118,-1.7622127471659166,0.0,120,-48.70847420401843,0.0,118,-36.266641852138065,0.0,120,-18.404510235668614,0.0,118,-16.95104890751541,0.0,118,-10.60760526506877,0.0,0.0,0.690924308421028,0.690924308421028,0.0,-24866.365860072798,-24866.365860072798,2487.3275103157007,2487.3275103157007,2487.3275103157007,0.0,0.0,1775.3275103157007,0.0,712
2486.6365860072797,0.0,-24866.365860072798,1775.3275103157007,22393.339507536828,0.0,-0.0,0.5428293580475803,0.37853033242258655,0.0,799.2,0.0,0.0,1.0,888.0,-0.0,118,-27.651356480554707,0.0,120,-23.855963997506144,0.0,118,-24.263446749317485,0.0,120,-57.113826693661665,0.0,118,-32.52874727415464,0.0,118,-4.290680873965648,0.0,0.0,0.690924308421028,0.690924308421028,0.0,-24866.365860072798,-24866.365860072798,2487.3275103157007,2487.3275103157007,2487.3275103157007,0.0,0.0,1775.3275103157007,0.0,712
2486.6365860072797,0.0,-24866.365860072798,1775.3275103157007,23991.134266820958,0.0,-0.0,0.5815609596107182,0.37853033242258655,0.0,799.2,0.0,0.0,1.0,888.0,-0.0,118,-2.397884883485528,0.0,120,-54.769539701793825,0.0,118,-13.53741795293966,0.0,120,-56.09179417546129,0.0,118,-56.850986417397074,0.0,118,-28.16212787558006,0.0,0.0,0.690924308421028,0.690924308421028,0.0,-24866.365860072798,-24866.365860072798,2487.3275103157007,2487.3275103157007,2487.3275103157007,0.0,0.0,1775.3275103157007,0.0,712
2496.9285893913298,0.0,-24969.285893913297,1785.6223733839365,25588.92902610509,0.0,-0.0,0.6202925611738561,0.37853033242258655,0.0,799.2,0.0,0.0,1.0,888.0,-0.0,118,-52.656153585099574,0.0,120,-54.49984667762357,0.0,118,-57.838153088828044,0.0,120,-19.572594504862987,0.0,118,-8.825178192562326,0.0,118,-20.122473044666435,0.0,0.0,0.693783992606649,0.693783992606649,0.0,-24969.285893913297,-24969.285893913297,2497.6223733839365,2497.6223733839365,2497.6223733839365,0.0,0.0,1785.6223733839365,0.0,712
2496.9285893913298,0.0,-24969.285893913297,1785.6223733839365,27195.989162150632,0.0,-0.0,0.6592487615967477,0.37853033242258655,0.0,799.2,0.0,0.0,1.0,888.0,-0.0,118,-52.10770847275794,0.0,120,-15.359129907576117,0.0,118,-40.66698543825287,0.0,120,-39.725874884607286,0.0,118,-44.00060227917102,0.0,118,-41.55129401420461,0.0,0.0,0.693783992606649,0.693783992606649,0.0,-24969.285893913297,-24969.285893913297,2497.6223733839365,2497.6223733839365,2497.6223733839365,0.0,0.0,1785.6223733839365,0.0,712
2496.9285893913298,0.0,-24969.285893913297,1785.6223733839365,28803.049298196176,0.0,-0.0,0.6982049620196392,0.37853033242258655,0.0,799.2,0.0,0.0,1.0,888.0,-0.0,118,-41.567035774994125,0.0,120,-38.23895709490294,0.0,118,-32.52928694818011,0.0,120,-38.05381265070776,0.0,118,-54.93271555079289,0.0,118,-9.702524000847404,0.0,0.0,0.693783992606649,0.693783992606649,0.0,-24969.285893913297,-24969.285893913297,2497.6223733839365,2497.6223733839365,2497.6223733839365,0.0,0.0,1785.6223733839365,0.0,712
2496.9285893913298,0.0,-24969.285893913297,1723.6223733839365,30410.10943424172,0.0,-0.0,0.7371611624425307,0.37853033242258655,0.0,799.2,0.0,0.0,1.0,888.0,-0.0,118,-7.3183146574859474,0.0,120,-16.57676882710637,0.0,118,-39.69244369659566,0.0,120,-15.625658073649092,0.0,180,-43.45077759205205,0.0,118,-56.798886443217526,0.0,0.0,0.693783992606649,0.693783992606649,0.0,-24969.285893913297,-24969.285893913297,2497.6223733839365,2497.6223733839365,2497.6223733839365,0.0,0.0,1723.6223733839365,0.0,774
2496.9285893913298,0.0,-24969.285893913297,1723.6223733839365,31961.369570287265,0.0,-0.0,0.7747647339657059,0.37853033242258655,0.0,799.2,0.0,0.0,1.0,888.0,-0.0,118,-43.43757368191613,0.0,120,-58.57387143660179,0.0,118,-37.82413470692595,0.0,120,-7.19621710789808,0.0,180,-58.06544000316735,0.0,118,-15.21791033390873,0.0,0.0,0.693783992606649,0.693783992606649,0.0,-24969.285893913297,-24969.285893913297,2497.6223733839365,2497.6223733839365,2497.6223733839365,0.0,0.0,1723.6223733839365,0.0,774
2496.9285893913298,0.0,-24969.285893913297,1785.6223733839365,33512.62970633281,0.0,-0.0,0.8123683054888811,0.37853033242258655,0.0,799.2,0.0,0.0,1.0,888.0,-0.0,118,-19.897317896868895,0.0,120,-30.507425754906976,0.0,118,-46.13943267967304,0.0,120,-29.40395329011247,0.0,118,-31.443244732469424,0.0,118,-3.0094199438393576,0.0,0.0,0.693783992606649,0.693783992606649,0.0,-24969.285893913297,-24969.285893913297,2497.6223733839365,2497.6223733839365,2497.6223733839365,0.0,0.0,1785.6223733839365,0.0,712
2291.2919679758847,0.0,-22912.91967975885,1579.9286148133328,35119.68984237835,0.0,-0.0,0.8513245059117724,0.37853033242258655,0.0,799.2,0.0,0.0,1.0,888.0,-0.0,118,-17.28286112742497,0.0,120,-3.103936311814526,0.0,118,-30.877231093032087,0.0,120,-49.04958122751704,0.0,118,-50.04577691553768,0.0,118,-44.16063991289549,0.0,0.0,0.636646837448148,0.636646837448148,0.0,-22912.91967975885,-22912.91967975885,2291.928614813333,2291.928614813333,2291.928614813333,0.0,0.0,1579.9286148133328,0.0,712
2291.2919679758847,0.0,-22912.91967975885,1579.9286148133328,36541.62559571035,0.0,-0.0,0.8857931688776659,0.37853033242258655,0.0,799.2,0.0,0.0,1.0,888.0,-0.0,118,-25.225907240723053,0.0,120,-46.88483339225232,0.0,118,-34.18744376198248,0.0,120,-57.59287075847419,0.0,118,-24.619868815070582,0.0,118,-17.970037185826303,0.0,0.0,0.636646837448148,0.636646837448148,0.0,-22912.91967975885,-22912.91967975885,2291.928614813333,2291.928614813333,2291.928614813333,0.0,0.0,1579.9286148133328,0.0,712
2291.2919679758847,0.0,-22912.91967975885,1579.9286148133328,37963.56134904235,0.0,-0.0,0.9202618318435593,0.37853033242258655,0.0,799.2,0.0,0.0,1.0,888.0,-0.0,118,-49.441823407297846,0.0,120,-37.961167592206635,0.0,118,-30.33652783419237,0.0,120,-47.70881728942188,0.0,118,-35.24063473267303,0.0,118,-50.2645925557505,0.0,0.0,0.636646837448148,0.636646837448148,0.0,-22912.91967975885,-22912.91967975885,2291.928614813333,2291.928614813333,2291.928614813333,0.0,0.0,1579.9286148133328,0.0,712
2291.2919679758847,0.0,-22912.91967975885,1579.9286148133328,39385.49710237435,0.0,-0.0,0.9547304948094526,0.37853033242258655,0.0,799.2,0.0,0.0,1.0,888.0,-0.0,118,-38.35231322194971,0.0,120,-27.386806313380298,0.0,118,-52.80554999596136,0.0,120,-49.12166747949807,0.0,118,-10.060390896564828,0.0,118,-42.00214995573644,0.0,0.0,0.636646837448148,0.636646837448148,0.0,-22912.91967975885,-22912.91967975885,2291.928614813333,2291.928614813333,2291.928614813333,0.0,0.0,1579.9286148133328,0.0,712
2291.2919679758847,0.0,-22912.91967975885,495.0746047707232,40807.43285570635,0.0,-0.0,0.9891991577753461,0.37853033242258655,0.0,799.2,1022.8540100426096,0.0,1.0,888.0,817464.9248260537,118,-19.95043608916947,0.0,120,-6.743498293127637,0.0,118,-43.20235517192846,0.0,120,-37.81806778172573,0.0,118,-20.281046160173354,0.0,180,-25.85419633240579,0.0,0.0,0.636646837448148,0.636646837448148,0.0,794552.0051462948,794552.0051462948,2291.928614813333,2291.928614813333,2291.928614813333,0.0,0.0,1517.9286148133328,0.0,774
2291.2919679758847,0.0,-22912.91967975885,0.0,41253.0,0.0,-0.0,1.0,0.37853033242258655,0.0,799.2,1517.9286148133328,0.0,1.0,888.0,1213128.5489588156,118,-0.29068803907740026,0.0,120,-21.3148546625545,0.0,118,-38.12833253286095,0.0,120,-34.41831232216055,0.0,118,-26.698464998511714,0.0,180,-47.45361692373578,0.0,0.0,0.636646837448148,0.636646837448148,0.0,1190215.6292790568,1190215.6292790568,2291.928614813333,2291.928614813333,2291.928614813333,0.0,0.0,1517.9286148133328,0.0,774
1867.3659942188153,0.0,-18673.659942188155,0.0,41253.0,0.0,-0.0,1.0,0.37853033242258655,0.0,799.2,1093.8848511219048,0.0,1.0,888.0,874232.7730166264,118,-46.97384135287295,0.0,120,-5.319695216776075,0.0,118,-52.32680992231189,0.0,120,-49.17303791981395,0.0,118,-32.601592083553555,0.0,180,-25.37042483106873,0.0,0.0,0.518856903089418,0.518856903089418,0.0,855559.1130744382,855559.1130744382,1867.8848511219048,1867.8848511219048,1867.8848511219048,0.0,0.0,1093.8848511219048,0.0,774
1867.3659942188153,0.0,-18673.659942188155,0.0,41253.0,0.0,-0.0,1.0,0.37853033242258655,0.0,799.2,1093.8848511219048,0.0,1.0,888.0,874232.7730166264,118,-43.580716843147364,0.0,120,-45.0399001336681,0.0,118,-39.09260277544155,0.0,120,-41.85439001117287,0.0,118,-4.17762163053159,0.0,180,-42.53066214182843,0.0,0.0,0.518856903089418,0.518856903089418,0.0,855559.1130744382,855559.1130744382,1867.8848511219048,1867.8848511219048,1867.8848511219048,0.0,0.0,1093.8848511219048,0.0,774
1867.3659942188153,0.0,-18673.659942188155,0.0,41253.0,0.0,-0.0,1.0,0.37853033242258655,0.0,799.2,1093.8848511219048,0.0,1.0,888.0,874232.7730166264,118,-36.06633541497399,0.0,120,-32.41732069097302,0.0,118,-44.79596721268588,0.0,120,-50.4809437824739,0.0,118,-3.1968050133668746,0.0,180,-58.43722734570309,0.0,0.0,0.518856903089418,0.518856903089418,0.0,855559.1130744382,855559.1130744382,1867.8848511219048,1867.8848511219048,1867.8848511219048,0.0,0.0,1093.8848511219048,0.0,774
1867.3659942188153,0.0,-18673.659942188155,0.0,41253.0,0.0,-0.0,1.0,0.37853033242258655,0.0,799.2,1093.8848511219048,0.0,1.0,888.0,874232.7730166264,118,-35.321751259526756,0.0,120,-25.761225578397255,0.0,118,-37.36194410322393,0.0,120,-57.833124306723086,0.0,118,-4.835326452525486,0.0,180,-18.156789760279594,0.0,0.0,0.518856903089418,0.518856903089418,0.0,855559.1130744382,855559.1130744382,1867.8848511219048,1867.8848511219048,1867.8848511219048,0.0,0.0,1093.8848511219048,0.0,774
1867.3659942188153,0.0,-18673.659942188155,0.0,41253.0,0.0,-0.0,1.0,0.37853033242258655,0.0,799.2,1093.8848511219048,0.0,1.0,888.0,874232.7730166264,118,-35.38485259802635,0.0,120,-44.5709606004797,0.0,118,-16.884216617057525,0.0,120,-1.431154926909497,0.0,118,-2.486659620986411,0.0,180,-29.726724181595667,0.0,0.0,0.518856903089418,0.518856903089418,0.0,855559.1130744382,855559.1130744382,1867.8848511219048,1867.8848511219048,1867.8848511219048,0.0,0.0,1093.8848511219048,0.0,774
1867.3659942188153,0.0,-18673.659942188155,0.0,41253.0,0.0,-0.0,1.0,0.37853033242258655,0.0,799.2,1031.8848511219048,0.0,1.0,888.0,824682.3730166263,118,-6.3358264571647,0.0,120,-15.834440465578666,0.0,180,-57.41631627256229,0.0,120,-2.2135401597432702,0.0,118,-36.19011906266793,0.0,180,-34.5950009456061,0.0,0.0,0.518856903089418,0.518856903089418,0.0,806008.7130744382,806008.7130744382,1867.8848511219048,1867.8848511219048,1867.8848511219048,0.0,0.0,1031.8848511219048,0.0,836
1217.9664621262068,0.0,-12179.664621262069,0.0,41253.0,0.0,-0.0,1.0,0.37853033242258655,0.0,799.2,506.3048801484704,0.0,1.0,888.0,404638.86021465756,118,-31.061818461656664,0.0,120,-33.268968168785584,0.0,118,-30.104157961605118,0.0,120,-45.37433184528565,0.0,118,-13.888364000409023,0.0,118,-27.070032838819067,0.0,0.0,0.338418022263464,0.338418022263464,0.0,392459.1955933955,392459.1955933955,1218.3048801484704,1218.3048801484704,1218.3048801484704,0.0,0.0,506.3048801484704,0.0,712
1217.9664621262068,0.0,-12179.664621262069,0.0,41253.0,0.0,-0.0,1.0,0.37853033242258655,0.0,799.2,508.3048801484704,0.0,1.0,888.0,406237.2602146575,118,-41.623746695173274,0.0,118,-56.57106488817617,0.0,118,-32.413998342412384,0.0,120,-49.280022533745665,0.0,118,-54.39046781950648,0.0,118,-7.478974069297584,0.0,0.0,0.338418022263464,0.338418022263464,0.0,394057.59559339547,394057.59559339547,1218.3048801484704,1218.3048801484704,1218.3048801484704,0.0,0.0,508.3048801484704,0.0,710
1217.9664621262068,0.0,-12179.664621262069,0.0,41253.0,0.0,-0.0,1.0,0.37853033242258655,0.0,799.2,446.3048801484704,0.0,1.0,888.0,356686.86021465756,118,-12.643235413613457,0.0,118,-25.40800600744933,0.0,118,-59.18902005097945,0.0,120,-37.32859480474585,0.0,180,-8.385213438238406,0.0,118,-1.2295394475721233,0.0,0.0,0.338418022263464,0.338418022263464,0.0,344507.1955933955,344507.1955933955,1218.3048801484704,1218.3048801484704,1218.3048801484704,0.0,0.0,446.3048801484704,0.0,772
1217.9664621262068,0.0,-12179.664621262069,0.0,41253.0,0.0,-0.0,1.0,0.37853033242258655,0.0,799.2,508.3048801484704,0.0,1.0,888.0,406237.2602146575,118,-38.89869498114703,0.0,118,-5.224182854653623,0.0,118,-47.733094388901854,0.0,120,-1.1540703714280642,0.0,118,-28.993018149937605,0.0,118,-40.30707581326604,0.0,0.0,0.338418022263464,0.338418022263464,0.0,394057.59559339547,394057.59559339547,1218.3048801484704,1218.3048801484704,1218.3048801484704,0.0,0.0,508.3048801484704,0.0,710
1217.9664621262068,0.0,-12179.664621262069,0.0,41253.0,0.0,-0.0,1.0,0.37853033242258655,0.0,799.2,446.3048801484704,0.0,1.0,888.0,356686.86021465756,118,-35.49268624167583,0.0,118,-22.756258087335436,0.0,180,-16.959366076312374,0.0,120,-9.916711022695255,0.0,118,-27.92664225236757,0.0,118,-8.96297628453965,0.0,0.0,0.338418022263464,0.338418022263464,0.0,344507.1955933955,344507.1955933955,1218.3048801484704,1218.3048801484704,1218.3048801484704,0.0,0.0,446.3048801484704,0.0,772
1217.9664621262068,0.0,-12179.664621262069,0.0,41253.0,0.0,-0.0,1.0,0.37853033242258655,0.0,799.2,446.3048801484704,0.0,1.0,888.0,356686.86021465756,118,-9.650519718583933,0.0,118,-44.036045498676735,0.0,180,-50.82169967204028,0.0,120,-51.209056189230544,0.0,118,-39.27682468304195,0.0,118,-24.57239975918838,0.0,0.0,0.338418022263464,0.338418022263464,0.0,344507.1955933955,344507.1955933955,1218.3048801484704,1218.3048801484704,1218.3048801484704,0.0,0.0,446.3048801484704,0.0,772
449.7882729165675,0.0,-4497.882729165675,0.0,41253.0,322.0867511809828,-0.0,1.0,0.37853033242258655,0.0,799.2,0.0,0.0,1.0,888.0,-0.0,118,-6.427482287571264,0.0,118,-47.24096433850662,0.0,180,-13.074280283231303,0.0,120,-1.6762123402841245,0.0,118,-18.305184183737143,0.0,118,-4.588218373288679,0.0,0.0,0.124975902449727,0.124975902449727,0.0,-4497.882729165675,-4497.882729165675,772.0,772.0,449.9132488190172,0.0,322.0867511809828,0.0,0.0,772
449.7882729165675,0.0,-4497.882729165675,0.0,40895.12583202113,322.0867511809828,-0.0,0.9913248935112872,0.37853033242258655,0.0,799.2,0.0,0.0,1.0,888.0,-0.0,118,-4.437869159648611,0.0,118,-29.78680453770692,0.0,180,-27.347956775649486,0.0,120,-41.84288503750693,0.0,118,-19.04585515400806,0.0,118,-44.31104696428422,0.0,0.0,0.124975902449727,0.124975902449727,0.0,-4497.882729165675,-4497.882729165675,772.0,772.0,449.9132488190172,0.0,322.0867511809828,0.0,0.0,772
449.7882729165675,0.0,-4497.882729165675,0.0,40537.251664042255,322.0867511809828,-0.0,0.9826497870225742,0.37853033242258655,0.0,799.2,0.0,0.0,1.0,888.0,-0.0,118,-2.317044929236982,0.0,118,-30.982140993979684,0.0,180,-12.515496226934816,0.0,120,-13.027428681012452,0.0,118,-4.540703309482945,0.0,118,-35.71412180161148,0.0,0.0,0.124975902449727,0.124975902449727,0.0,-4497.882729165675,-4497.882729165675,772.0,772.0,449.9132488190172,0.0,322.0867511809828,0.0,0.0,772
449.7882729165675,0.0,-4497.882729165675,0.0,40179.37749606338,322.0867511809828,-0.0,0.9739746805338614,0.37853033242258655,0.0,799.2,0.0,0.0,1.0,888.0,-0.0,118,-59.38331949612456,0.0,118,-9.326462024117298,0.0,180,-26.14258237142158,0.0,120,-1.0018159348996747,0.0,118,-38.31898375800384,0.0,118,-7.3666087623209675,0.0,0.0,0.124975902449727,0.124975902449727,0.0,-4497.882729165675,-4497.882729165675,772.0,772.0,449.9132488190172,0.0,322.0867511809828,0.0,0.0,772
449.7882729165675,0.0,-4497.882729165675,0.0,39821.50332808451,322.0867511809828,-0.0,0.9652995740451484,0.37853033242258655,0.0,799.2,0.0,0.0,1.0,888.0,-0.0,118,-56.061165370989556,0.0,118,-44.18234442093006,0.0,180,-43.072475957545095,0.0,120,-10.888951223149101,0.0,118,-33.77564857745286,0.0,118,-52.56741219275288,0.0,0.0,0.124975902449727,0.124975902449727,0.0,-4497.882729165675,-4497.882729165675,772.0,772.0,449.9132488190172,0.0,322.0867511809828,0.0,0.0,772
449.7882729165675,0.0,-4497.882729165675,0.0,39463.62916010564,322.0867511809828,-0.0,0.9566244675564356,0.37853033242258655,0.0,799.2,0.0,0.0,1.0,888.0,-0.0,118,-50.95447202794417,0.0,118,-13.994194999651704,0.0,180,-16.239445957318804,0.0,120,-35.05477842217833,0.0,118,-0.8014477170173318,0.0,118,-16.566747105704984,0.0,0.0,0.124975902449727,0.124975902449727,0.0,-4497.882729165675,-4497.882729165675,772.0,772.0,449.9132488190172,0.0,322.0867511809828,0.0,0.0,772
0.0,0.0,-0.0,0.0,39105.754992126764,772.0,-0.0,0.9479493610677227,0.37853033242258655,0.0,799.2,0.0,0.0,1.0,888.0,-0.0,118,-39.355719156158024,0.0,118,-55.38740536852452,0.0,180,-48.943878471371725,0.0,120,-28.626373986332222,0.0,118,-17.293929976302888,0.0,118,-30.77621865791268,0.0,0.0,0.0,0.0,0.0,0.0,0.0,772.0,772.0,0.0,0.0,772.0,0.0,0.0,772
0.0,0.0,-0.0,0.0,38247.97721434898,772.0,-0.0,0.9271562604986058,0.37853033242258655,0.0,799.2,0.0,0.0,1.0,888.0,-0.0,118,-29.241205614305624,0.0,118,-49.64119949058324,0.0,180,-16.142810289686302,0.0,120,-52.44883244961164,0.0,118,-2.9753866314570887,0.0,118,-52.354528567119196,0.0,0.0,0.0,0.0,0.0,0.0,0.0,772.0,772.0,0.0,0.0,772.0,0.0,0.0,772
0.0,0.0,-0.0,0.0,37390.1994365712,772.0,-0.0,0.9063631599294888,0.37853033242258655,0.0,799.2,0.0,0.0,1.0,888.0,-0.0,118,-11.598525561354938,0.0,118,-16.023191347273745,0.0,180,-55.02905968846862,0.0,120,-28.693529598461968,0.0,118,-40.64076572451642,0.0,118,-38.722127159119275,0.0,0.0,0.0,0.0,0.0,0.0,0.0,772.0,772.0,0.0,0.0,772.0,0.0,0.0,772
0.0,0.0,-0.0,0.0,36532.42165879342,772.0,-0.0,0.8855700593603719,0.37853033242258655,0.0,799.2,0.0,0.0,1.0,888.0,-0.0,118,-50.187165242998,0.0,118,-20.526935518940792,0.0,180,-21.414385005552113,0.0,120,-22.698684394201155,0.0,118,-25.169547337623065,0.0,118,-51.47337704062325,0.0,0.0,0.0,0.0,0.0,0.0,0.0,772.0,772.0,0.0,0.0,772.0,0.0,0.0,772
0.0,0.0,-0.0,0.0,35674.64388101564,772.0,-0.0,0.8647769587912549,0.37853033242258655,0.0,799.2,0.0,0.0,1.0,888.0,-0.0,118,-57.63657509467617,0.0,118,-17.857451907576177,0.0,180,-16.204101087275,0.0,120,-9.570143208134116,0.0,118,-46.28001346777326,0.0,118,-18.1999497941572,0.0,0.0,0.0,0.0,0.0,0.0,0.0,772.0,772.0,0.0,0.0,772.0,0.0,0.0,772
0.0,0.0,-0.0,0.0,34816.86610323786,772.0,-0.0,0.843983858222138,0.37853033242258655,0.0,799.2,0.0,0.0,1.0,888.0,-0.0,118,-52.36296282736498,0.0,118,-33.21738441653167,0.0,180,-50.3736344019199,0.0,120,-25.288808461676098,0.0,118,-42.21647153950434,0.0,118,-43.33235385596186,0.0,0.0,0.0,0.0,0.0,0.0,0.0,772.0,772.0,0.0,0.0,772.0,0.0,0.0,772
0.0,0.0,-0.0,0.0,33959.08832546008,772.0,-0.0,0.8231907576530211,0.37853033242258655,0.0,799.2,0.0,0.0,1.0,888.0,-0.0,118,-42.63166880643543,0.0,118,-14.438544844217578,0.0,180,-46.22774822032424,0.0,120,-39.91484142076559,0.0,118,-38.834296730810095,0.0,118,-12.155184055113198,0.0,0.0,0.0,0.0,0.0,0.0,0.0,772.0,772.0,0.0,0.0,772.0,0.0,0.0,772
0.0,0.0,-0.0,0.0,33101.3105476823,772.0,-0.0,0.8023976570839041,0.37853033242258655,0.0,799.2,0.0,0.0,1.0,888.0,-0.0,118,-46.03380574870461,0.0,118,-31.491649204359113,0.0,180,-11.154434367563063,0.0,120,-8.797824082039972,0.0,118,-36.21857083048367,0.0,118,-9.470445999782754,0.0,0.0,0.0,0.0,0.0,0.0,0.0,772.0,772.0,0.0,0.0,772.0,0.0,0.0,772
0.0,0.0,-0.0,0.0,32243.53276990452,772.0,-0.0,0.7816045565147872,0.37853033242258655,0.0,799.2,0.0,0.0,1.0,888.0,-0.0,118,-9.802678855321256,0.0,118,-11.83219559972372,0.0,180,-32.35194974077126,0.0,120,-17.586939050393934,0.0,118,-44.442015329869356,0.0,118,-17.05507768639879,0.0,0.0,0.0,0.0,0.0,0.0,0.0,772.0,772.0,0.0,0.0,772.0,0.0,0.0,772
0.0,0.0,-0.0,0.0,31385.754992126742,772.0,-0.0,0.7608114559456705,0.37853033242258655,0.0,799.2,0.0,0.0,1.0,888.0,-0.0,118,-9.967758941373168,0.0,118,-10.839933851366194,0.0,180,-6.199674686888481,0.0,120,-10.464104372609489,0.0,118,-55.329715561180976,0.0,118,-16.651158057387278,0.0,0.0,0.0,0.0,0.0,0.0,0.0,772.0,772.0,0.0,0.0,772.0,0.0,0.0,772
0.0,0.0,-0.0,0.0,30527.977214348964,772.0,-0.0,0.7400183553765536,0.37853033242258655,0.0,799.2,0.0,0.0,1.0,888.0,-0.0,118,-47.210623214568244,0.0,118,-17.685931611802612,0.0,180,-15.940149871052252,0.0,120,-24.35574326445871,0.0,118,-26.310344817412343,0.0,118,-45.65748850905619,0.0,0.0,0.0,0.0,0.0,0.0,0.0,772.0,772.0,0.0,0.0,772.0,0.0,0.0,772
0.0,0.0,-0.0,0.0,29670.199436571187,772.0,-0.0,0.7192252548074367,0.37853033242258655,0.0,799.2,0.0,0.0,1.0,888.0,-0.0,118,-42.73273069528228,0.0,118,-28.441572476621545,0.0,180,-47.91030949797659,0.0,120,-30.94456272261502,0.0,118,-14.391428882539156,0.0,118,-55.414839302379384,0.0,0.0,0.0,0.0,0.0,0.0,0.0,772.0,772.0,0.0,0.0,772.0,0.0,0.0,772
0.0,0.0,-0.0,0.0,28812.42165879341,772.0,-0.0,0.6984321542383198,0.37853033242258655,0.0,799.2,0.0,0.0,1.0,888.0,-0.0,118,-46.167092566306216,0.0,118,-30.939988212787732,0.0,180,-27.8783582105816,0.0,120,-2.824689755128096,0.0,118,-35.25899366149747,0.0,118,-20.186027443800626,0.0,0.0,0.0,0.0,0.0,0.0,0.0,772.0,772.0,0.0,0.0,772.0,0.0,0.0,772
0.0,0.0,-0.0,0.0,27954.643881015632,772.0,-0.0,0.6776390536692031,0.37853033242258655,0.0,799.2,0.0,0.0,1.0,888.0,-0.0,118,-56.044806469375786,0.0,118,-33.169320096734964,0.0,180,-4.958950054091311,0.0,120,-37.387274123748895,0.0,118,-55.1191903691316,0.0,118,-36.65199870191016,0.0,0.0,0.0,0.0,0.0,0.0,0.0,772.0,772.0,0.0,0.0,772.0,0.0,0.0,772
0.0,0.0,-0.0,0.0,27096.866103237855,772.0,-0.0,0.6568459531000862,0.37853033242258655,0.0,799.2,0.0,0.0,1.0,888.0,-0.0,118,-1.0547192651189485,0.0,118,-17.821029618653686,0.0,180,-6.886159209352735,0.0,120,-59.584702009198445,0.0,118,-5.4635635710617425,0.0,118,-19.83621508553088,0.0,0.0,0.0,0.0,0.0,0.0,0.0,772.0,772.0,0.0,0.0,772.0,0.0,0.0,772
0.0,0.0,-0.0,0.0,26239.088325460078,772.0,-0.0,0.6360528525309693,0.37853033242258655,0.0,799.2,0.0,0.0,1.0,888.0,-0.0,118,-43.54142864277887,0.0,118,-27.453162294059354,0.0,180,-12.528648373145518,0.0,120,-15.014170975273437,0.0,118,-58.86671900165044,0.0,118,-1.058857746005153,0.0,0.0,0.0,0.0,0.0,0.0,0.0,772.0,772.0,0.0,0.0,772.0,0.0,0.0,772
0.0,0.0,-0.0,0.0,25381.3105476823,772.0,-0.0,0.6152597519618525,0.37853033242258655,0.0,799.2,0.0,0.0,1.0,888.0,-0.0,118,-50.62614617240534,0.0,118,-28.10649940715997,0.0,180,-39.08253250276929,0.0,120,-11.813453994808778,0.0,118,-46.26019905138372,0.0,118,-55.897269929578684,0.0,0.0,0.0,0.0,0.0,0.0,0.0,772.0,772.0,0.0,0.0,772.0,0.0,0.0,772
0.0,0.0,-0.0,0.0,24523.532769904523,772.0,-0.0,0.5944666513927356,0.37853033242258655,0.0,799.2,0.0,0.0,1.0,888.0,-0.0,118,-48.798515394121736,0.0,118,-45.14105357577047,0.0,180,-29.971821786512436,0.0,120,-15.578750253568675,0.0,118,-51.61179106665262,0.0,118,-2.0449136972460114,0.0,0.0,0.0,0.0,0.0,0.0,0.0,772.0,772.0,0.0,0.0,772.0,0.0,0.0,772
0.0,0.0,-0.0,0.0,23665.754992126745,772.0,-0.0,0.5736735508236188,0.37853033242258655,0.0,799.2,0.0,0.0,1.0,888.0,-0.0,118,-4.539133733372996,0.0,118,-55.9614967584061,0.0,180,-45.79055356164293,0.0,120,-24.023982220739967,0.0,118,-13.032820246335664,0.0,118,-4.784281226874421,0.0,0.0,0.0,0.0,0.0,0.0,0.0,772.0,772.0,0.0,0.0,772.0,0.0,0.0,772
0.0,0.0,-0.0,0.0,22807.977214348968,834.0,-0.0,0.5528804502545019,0.37853033242258655,0.0,799.2,0.0,0.0,1.0,888.0,-0.0,180,-5.305158622097366,0.0,118,-54.80367567462999,0.0,180,-41.72589467439777,0.0,120,-48.1346381130099,0.0,118,-40.98898707767196,0.0,118,-1.3294242558917513,0.0,0.0,0.0,0.0,0.0,0.0,0.0,834.0,834.0,0.0,0.0,834.0,0.0,0.0,834
0.0,0.0,-0.0,0.0,21881.3105476823,834.0,-0.0,0.530417437463513,0.37853033242258655,0.0,799.2,0.0,0.0,1.0,888.0,-0.0,180,-37.166279091174886,0.0,118,-5.904749351182435,0.0,180,-43.41439468712461,0.0,120,-1.689684248083767,0.0,118,-57.92990135748005,0.0,118,-31.425432176726808,0.0,0.0,0.0,0.0,0.0,0.0,0.0,834.0,834.0,0.0,0.0,834.0,0.0,0.0,834
0.0,0.0,-0.0,0.0,20954.643881015632,834.0,-0.0,0.5079544246725239,0.37853033242258655,0.0,799.2,0.0,0.0,1.0,888.0,-0.0,180,-54.90988884541723,0.0,118,-38.24430324218542,0.0,180,-54.30852088960869,0.0,120,-56.192338725749934,0.0,118,-51.438542758681805,0.0,118,-42.07797890824968,0.0,0.0,0.0,0.0,0.0,0.0,0.0,834.0,834.0,0.0,0.0,834.0,0.0,0.0,834
0.0,0.0,-0.0,0.0,20027.977214348964,710.0,-0.0,0.48549141188153505,0.37853033242258655,0.0,799.2,0.0,0.0,1.0,888.0,-0.0,118,-25.83112892364947,0.0,118,-39.9395795222543,0.0,118,-25.794075735852232,0.0,120,-16.42212395477307,0.0,118,-37.66756577330579,0.0,118,-18.78568092396471,0.0,0.0,0.0,0.0,0.0,0.0,0.0,710.0,710.0,0.0,0.0,710.0,0.0,0.0,710
0.0,0.0,-0.0,0.0,19239.088325460074,710.0,-0.0,0.4663682235342902,0.37853033242258655,0.0,799.2,0.0,0.0,1.0,888.0,-0.0,118,-18.52215473755592,0.0,118,-54.96791121373528,0.0,118,-13.85982335799359,0.0,120,-47.36189026554061,0.0,118,-29.950791120847512,0.0,118,-59.75978816878652,0.0,0.0,0.0,0.0,0.0,0.0,0.0,710.0,710.0,0.0,0.0,710.0,0.0,0.0,710
0.0,0.0,-0.0,0.0,18450.199436571183,710.0,-0.0,0.4472450351870454,0.37853033242258655,0.0,799.2,0.0,0.0,1.0,888.0,-0.0,118,-16.4021789479381,0.0,118,-16.40249149271007,0.0,118,-23.397301288502227,0.0,120,-5.267091163966509,0.0,118,-23.848284029403047,0.0,118,-30.992271195994803,0.0,0.0,0.0,0.0,0.0,0.0,0.0,710.0,710.0,0.0,0.0,710.0,0.0,0.0,710
0.0,0.0,-0.0,0.0,17661.310547682293,710.0,-0.0,0.4281218468398006,0.37853033242258655,0.0,799.2,0.0,0.0,1.0,888.0,-0.0,118,-9.922268784006112,0.0,118,-50.091496510747426,0.0,118,-11.861306330542225,0.0,120,-35.043315425075455,0.0,118,-48.761895807057165,0.0,118,-39.61789965728296,0.0,0.0,0.0,0.0,0.0,0.0,0.0,710.0,710.0,0.0,0.0,710.0,0.0,0.0,710
0.0,0.0,-0.0,0.0,16872.421658793402,710.0,-0.0,0.40899865849255573,0.37853033242258655,0.0,799.2,0.0,0.0,1.0,888.0,-0.0,118,-49.51214344230151,0.0,118,-54.36494198273894,0.0,118,-37.11998871585969,0.0,120,-49.244798949661984,0.0,118,-50.82617408288839,0.0,118,-44.84083076589605,0.0,0.0,0.0,0.0,0.0,0.0,0.0,710.0,710.0,0.0,0.0,710.0,0.0,0.0,710
0.0,0.0,-0.0,0.0,16083.532769904514,710.0,-0.0,0.389875470145311,0.37853033242258655,0.0,799.2,0.0,0.0,1.0,888.0,-0.0,118,-54.76222832713517,0.0,118,-15.064320158779648,0.0,118,-25.602873724528934,0.0,120,-25.41025067680807,0.0,118,-26.362405674755255,0.0,118,-15.762743800887591,0.0,0.0,0.0,0.0,0.0,0.0,0.0,710.0,710.0,0.0,0.0,710.0,0.0,0.0,710
0.0,0.0,-0.0,0.0,15294.643881015625,710.0,-0.0,0.3707522817980662,0.37853033242258655,0.0,799.2,0.0,0.0,1.0,888.0,-0.0,118,-53.23392506968368,0.0,118,-58.022825055587994,0.0,118,-35.77963449355978,0.0,120,-53.14609965563442,0.0,118,-38.159517277908314,0.0,118,-32.52874647446287,0.0,0.0,0.0,0.0,0.0,0.0,0.0,710.0,710.0,0.0,0.0,710.0,0.0,0.0,710
0.0,0.0,-0.0,0.0,14505.754992126736,710.0,-0.0,0.35162909345082144,0.37853033242258655,0.0,799.2,0.0,0.0,1.0,888.0,-0.0,118,-29.26060054747515,0.0,118,-12.784803206594113,0.0,118,-33.47590847418749,0.0,120,-19.933585926564422,0.0,118,-26.721284610289924,0.0,118,-22.357022134940735,0.0,0.0,0.0,0.0,0.0,0.0,0.0,710.0,710.0,0.0,0.0,710.0,0.0,0.0,710
0.0,0.0,-0.0,0.0,13716.866103237848,710.0,-0.0,0.33250590510357664,0.37853033242258655,0.0,799.2,0.0,0.0,1.0,888.0,-0.0,118,-8.976136916268473,0.0,118,-54.90702507186355,0.0,118,-59.32985365353102,0.0,120,-25.167055130893722,0.0,118,-43.9829859696726,0.0,118,-51.266579778877755,0.0,0.0,0.0,0.0,0.0,0.0,0.0,710.0,710.0,0.0,0.0,710.0,0.0,0.0,710
0.0,0.0,-0.0,0.0,12927.977214348959,710.0,-0.0,0.3133827167563319,0.37853033242258655,0.0,799.2,0.0,0.0,1.0,888.0,-0.0,118,-4.5136743394526,0.0,118,-13.15646314828201,0.0,118,-27.535657004918715,0.0,120,-4.754143210468394,0.0,118,-17.877458892211372,0.0,118,-29.40348324737379,0.0,0.0,0.0,0.0,0.0,0.0,0.0,710.0,710.0,0.0,0.0,710.0,0.0,0.0,710
0.0,0.0,-0.0,0.0,12139.08832546007,710.0,-0.0,0.2942595284090871,0.37853033242258655,0.0,799.2,0.0,0.0,1.0,888.0,-0.0,118,-21.30623283054764,0.0,118,-15.346908479207531,0.0,118,-50.129211789693315,0.0,120,-40.20991342981523,0.0,118,-23.546090726411382,0.0,118,-53.71223632785615,0.0,0.0,0.0,0.0,0.0,0.0,0.0,710.0,710.0,0.0,0.0,710.0,0.0,0.0,710
0.0,0.0,-0.0,0.0,11350.199436571182,710.0,-0.0,0.27513634006184234,0.37853033242258655,0.0,799.2,0.0,0.0,1.0,888.0,-0.0,118,-34.3603057857978,0.0,118,-21.72924175423341,0.0,118,-46.00253265949516,0.0,120,-36.03911872737985,0.0,118,-48.49251328966185,0.0,118,-31.455588968452123,0.0,0.0,0.0,0.0,0.0,0.0,0.0,710.0,710.0,0.0,0.0,710.0,0.0,0.0,710
0.0,0.0,-0.0,0.0,10561.310547682293,710.0,-0.0,0.25601315171459754,0.37853033242258655,0.0,799.2,0.0,0.0,1.0,888.0,-0.0,118,-18.711801016950528,0.0,118,-24.501139862493925,0.0,118,-57.44105088006692,0.0,120,-0.6915646087401384,0.0,118,-9.564715796001197,0.0,118,-19.56481908444041,0.0,0.0,0.0,0.0,0.0,0.0,0.0,710.0,710.0,0.0,0.0,710.0,0.0,0.0,710
0.0,0.0,-0.0,0.0,9772.421658793404,710.0,-0.0,0.23688996336735277,0.37853033242258655,0.0,799.2,0.0,0.0,1.0,888.0,-0.0,118,-19.656947718063485,0.0,118,-2.2704006474891747,0.0,118,-39.278347032184186,0.0,120,-50.1938018469741,0.0,118,-53.24491237315758,0.0,118,-58.738888114916286,0.0,0.0,0.0,0.0,0.0,0.0,0.0,710.0,710.0,0.0,0.0,710.0,0.0,0.0,710
0.0,0.0,-0.0,0.0,8983.532769904516,710.0,-0.0,0.217766775020108,0.37853033242258655,0.0,799.2,0.0,0.0,1.0,888.0,-0.0,118,-35.04275825037942,0.0,118,-58.50834137336147,0.0,118,-54.69274194013559,0.0,120,-54.06674273617387,0.0,118,-5.146109235840839,0.0,118,-57.14799413815103,0.0,0.0,0.0,0.0,0.0,0.0,0.0,710.0,710.0,0.0,0.0,710.0,0.0,0.0,710
0.0,0.0,-0.0,0.0,8194.643881015627,712.0,-0.0,0.19864358667286322,0.37853033242258655,0.0,799.2,0.0,0.0,1.0,888.0,-0.0,118,-21.93945093917725,0.0,120,-25.725395634438488,0.0,118,-8.214637641372518,0.0,120,-14.021971275992055,0.0,118,-30.695515129293007,0.0,118,-46.21971124824851,0.0,0.0,0.0,0.0,0.0,0.0,0.0,712.0,712.0,0.0,0.0,712.0,0.0,0.0,712
0.0,0.0,-0.0,0.0,7403.532769904516,712.0,-0.0,0.179466530189429,0.37853033242258655,0.0,799.2,0.0,0.0,1.0,888.0,-0.0,118,-50.01882442744944,0.0,120,-12.234328070398199,0.0,118,-16.718120627282428,0.0,120,-59.30366374048468,0.0,118,-45.46820817885099,0.0,118,-33.272853009192154,0.0,0.0,0.0,0.0,0.0,0.0,0.0,712.0,712.0,0.0,0.0,712.0,0.0,0.0,712
0.0,0.0,-0.0,0.0,6612.421658793404,712.0,-0.0,0.1602894737059948,0.37853033242258655,0.0,799.2,0.0,0.0,1.0,888.0,-0.0,118,-20.081956594036996,0.0,120,-43.53987941195595,0.0,118,-3.6153953230576774,0.0,120,-20.57815795510769,0.0,118,-51.30746872518742,0.0,118,-34.72295720194932,0.0,0.0,0.0,0.0,0.0,0.0,0.0,712.0,712.0,0.0,0.0,712.0,0.0,0.0,712
0.0,0.0,-0.0,0.0,5821.310547682293,712.0,-0.0,0.14111241722256063,0.37853033242258655,0.0,799.2,0.0,0.0,1.0,888.0,-0.0,118,-48.72258685049906,0.0,120,-58.15848046316738,0.0,118,-19.92056613589325,0.0,120,-25.223996969155085,0.0,118,-15.895209483621977,0.0,118,-30.02811789867844,0.0,0.0,0.0,0.0,0.0,0.0,0.0,712.0,712.0,0.0,0.0,712.0,0.0,0.0,712
0.0,0.0,-0.0,0.0,5030.199436571182,712.0,-0.0,0.1219353607391264,0.37853033242258655,0.0,799.2,0.0,0.0,1.0,888.0,-0.0,118,-9.153510894837627,0.0,120,-29.137019569735433,0.0,118,-11.479547503945335,0.0,120,-8.015435126002625,0.0,118,-34.563046465816214,0.0,118,-5.442483207025759,0.0,0.0,0.0,0.0,0.0,0.0,0.0,712.0,712.0,0.0,0.0,712.0,0.0,0.0,712
0.0,0.0,-0.0,0.0,4239.08832546007,712.0,-0.0,0.1027583042556922,0.37853033242258655,0.0,799.2,0.0,0.0,1.0,888.0,-0.0,118,-58.98727210524617,0.0,120,-5.116028530098773,0.0,118,-11.282685707366797,0.0,120,-44.19137992581832,0.0,118,-26.959319819614386,0.0,118,-45.93902251726228,0.0,0.0,0.0,0.0,0.0,0.0,0.0,712.0,712.0,0.0,0.0,712.0,0.0,0.0,712
0.0,0.0,-0.0,0.0,3447.977214348959,712.0,-0.0,0.08358124777225799,0.37853033242258655,0.0,799.2,0.0,0.0,1.0,888.0,-0.0,118,-46.67548738302743,0.0,120,-23.174053505369546,0.0,118,-8.55364634416265,0.0,120,-22.665626540307297,0.0,118,-50.68559806053258,0.0,118,-49.353045547763195,0.0,0.0,0.0,0.0,0.0,0.0,0.0,712.0,712.0,0.0,0.0,712.0,0.0,0.0,712
0.0,0.0,-0.0,0.0,2656.8661032378477,712.0,-0.0,0.06440419128882378,0.37853033242258655,0.0,799.2,0.0,0.0,1.0,888.0,-0.0,118,-32.79659510002603,0.0,120,-55.46457115032156,0.0,118,-18.961158949967864,0.0,120,-49.793823238053655,0.0,118,-39.37933176844048,0.0,118,-44.542045034852734,0.0,0.0,0.0,0.0,0.0,0.0,0.0,712.0,712.0,0.0,0.0,712.0,0.0,0.0,712
0.0,0.0,-0.0,0.0,1865.7549921267366,712.0,-0.0,0.045227134805389584,0.37853033242258655,0.0,799.2,0.0,0.0,1.0,888.0,-0.0,118,-35.521838084092586,0.0,120,-32.15936713831519,0.0,118,-8.980621124200983,0.0,120,-17.1613301391395,0.0,118,-36.95948576216154,0.0,118,-41.70423187867885,0.0,0.0,0.0,0.0,0.0,0.0,0.0,712.0,712.0,0.0,0.0,712.0,0.0,0.0,712
0.0,0.0,-0.0,0.0,1074.6438810156255,712.0,-0.0,0.026050078321955387,0.37853033242258655,0.0,799.2,0.0,0.0,1.0,888.0,-0.0,118,-17.736256164558423,0.0,120,-49.68012116910208,0.0,118,-25.825357992236423,0.0,120,-23.032663109860515,0.0,118,-46.649979817396826,0.0,118,-10.97531658891652,0.0,0.0,0.0,0.0,0.0,0.0,0.0,712.0,712.0,0.0,0.0,712.0,0.0,0.0,712
0.0,0.0,-0.0,0.0,283.53276990451445,255.17949291406302,-0.0,0.006873021838521185,0.37853033242258655,172.9204184046943,799.2,0.0,456.820507085937,1.0,888.0,-405656.61029231205,118,-31.874693821932013,0.0,120,-26.253447976303345,0.0,118,-38.29586316394866,0.0,120,-53.777827484601765,0.0,118,-27.47685559166027,0.0,118,-7.3489911093753,0.0,0.0,0.0,0.0,0.0,-405656.61029231205,-405656.61029231205,712.0,712.0,0.0,0.0,712.0,0.0,0.0,712
0.0,0.0,-0.0,0.0,0.0,0.0,-0.0,0.0,0.37853033242258655,269.51359668488163,799.2,0.0,712.0,1.0,888.0,-632256.0,118,-20.6030707746608,0.0,120,-11.1822300012511,0.0,118,-21.282875640853312,0.0,120,-19.982593387854664,0.0,118,-46.23424812829132,0.0,118,-36.23047238117279,0.0,0.0,0.0,0.0,0.0,-632256.0,-632256.0,712.0,712.0,0.0,0.0,712.0,0.0,0.0,712
0.0,0.0,-0.0,0.0,0.0,0.0,-0.0,0.0,0.37853033242258655,269.51359668488163,799.2,0.0,712.0,1.0,888.0,-632256.0,118,-41.5686945732725,0.0,120,-39.84366952750198,0.0,118,-48.57562541257852,0.0,120,-5.197065342561709,0.0,118,-20.369675323368988,0.0,118,-34.256704638033995,0.0,0.0,0.0,0.0,0.0,-632256.0,-632256.0,712.0,712.0,0.0,0.0,712.0,0.0,0.0,712
0.0,0.0,-0.0,0.0,0.0,0.0,-0.0,0.0,0.37853033242258655,269.51359668488163,799.2,0.0,712.0,1.0,888.0,-632256.0,118,-46.7428835902325,0.0,120,-12.180772197978683,0.0,118,-56.92859724027981,0.0,120,-2.6618293542179683,0.0,118,-39.145195949298845,0.0,118,-38.40461019623356,0.0,0.0,0.0,0.0,0.0,-632256.0,-632256.0,712.0,712.0,0.0,0.0,712.0,0.0,0.0,712
0.0,0.0,-0.0,0.0,0.0,0.0,-0.0,0.0,0.37853033242258655,269.51359668488163,799.2,0.0,712.0,1.0,888.0,-632256.0,118,-51.63035736302212,0.0,120,-4.374141602522239,0.0,118,-55.319518320349594,0.0,120,-15.804603174251291,0.0,118,-31.738180982881424,0.0,118,-58.31473490847642,0.0,0.0,0.0,0.0,0.0,-632256.0,-632256.0,712.0,712.0,0.0,0.0,712.0,0.0,0.0,712
0.0,0.0,-0.0,0.0,0.0,0.0,-0.0,0.0,0.37853033242258655,269.51359668488163,799.2,0.0,712.0,1.0,888.0,-632256.0,118,-34.98540811533875,0.0,120,-57.45654643794941,0.0,118,-5.042534969021439,0.0,120,-53.67186339838419,0.0,118,-21.029864278446652,0.0,118,-17.511595632907753,0.0,0.0,0.0,0.0,0.0,-632256.0,-632256.0,712.0,712.0,0.0,0.0,712.0,0.0,0.0,712
0.0,0.0,-0.0,0.0,0.0,0.0,-0.0,0.0,0.37853033242258655,269.51359668488163,799.2,0.0,712.0,1.0,888.0,-632256.0,118,-48.19751910714199,0.0,120,-59.11328132890168,0.0,118,-1.5038467474868145,0.0,120,-23.212299569705284,0.0,118,-34.91435249590053,0.0,118,-40.55447883090609,0.0,0.0,0.0,0.0,0.0,-632256.0,-632256.0,712.0,712.0,0.0,0.0,712.0,0.0,0.0,712
0.0,0.0,-0.0,0.0,0.0,0.0,-0.0,0.0,0.37853033242258655,269.51359668488163,799.2,0.0,712.0,1.0,888.0,-632256.0,118,-11.558514911367263,0.0,120,-28.647216656420905,0.0,118,-18.55140876240015,0.0,120,-29.976298707849764,0.0,118,-26.50551175447536,0.0,118,-55.860173124359086,0.0,0.0,0.0,0.0,0.0,-632256.0,-632256.0,712.0,712.0,0.0,0.0,712.0,0.0,0.0,712
0.0,0.0,-0.0,0.0,0.0,0.0,-0.0,0.0,0.37853033242258655,269.51359668488163,799.2,0.0,712.0,1.0,888.0,-632256.0,118,-31.922480259685344,0.0,120,-50.394641235401295,0.0,118,-49.40838856891949,0.0,120,-23.1789365483467,0.0,118,-25.46470969936922,0.0,118,-44.14690482068769,0.0,0.0,0.0,0.0,0.0,-632256.0,-632256.0,712.0,712.0,0.0,0.0,712.0,0.0,0.0,712
0.0,0.0,-0.0,0.0,0.0,0.0,-0.0,0.0,0.37853033242258655,269.51359668488163,799.2,0.0,712.0,1.0,888.0,-632256.0,118,-50.81791070425913,0.0,120,-8.095557361558235,0.0,118,-8.462850226181107,0.0,120,-24.15209773589257,0.0,118,-26.858381408808476,0.0,118,-22.66600811685725,0.0,0.0,0.0,0.0,0.0,-632256.0,-632256.0,712.0,712.0,0.0,0.0,712.0,0.0,0.0,712
0.0,0.0,-0.0,0.0,0.0,0.0,-0.0,0.0,0.37853033242258655,270.2706573497268,799.2,0.0,714.0,1.0,888.0,-634032.0,118,-22.502262740642017,0.0,120,-52.811046916792016,0.0,118,-7.716887521480791,0.0,120,-53.46444239051843,0.0,120,-7.50615695051597,0.0,118,-56.88343213234239,0.0,0.0,0.0,0.0,0.0,-634032.0,-634032.0,714.0,714.0,0.0,0.0,714.0,0.0,0.0,714
0.0,0.0,-0.0,0.0,0.0,0.0,-0.0,0.0,0.37853033242258655,270.2706573497268,799.2,0.0,714.0,1.0,888.0,-634032.0,118,-20.63790075774821,0.0,120,-9.826078903165719,0.0,118,-33.58379417798807,0.0,120,-16.031393492959396,0.0,120,-25.801007930822347,0.0,118,-50.787749157522256,0.0,0.0,0.0,0.0,0.0,-634032.0,-634032.0,714.0,714.0,0.0,0.0,714.0,0.0,0.0,714
0.0,0.0,-0.0,0.0,0.0,0.0,-0.0,0.0,0.37853033242258655,270.2706573497268,799.2,0.0,714.0,1.0,888.0,-634032.0,118,-36.54010783311591,0.0,120,-3.058366314750056,0.0,118,-34.11550367983177,0.0,120,-26.326633695233447,0.0,120,-33.92356698746481,0.0,118,-0.4536897098873993,0.0,0.0,0.0,0.0,0.0,-634032.0,-634032.0,714.0,714.0,0.0,0.0,714.0,0.0,0.0,714
0.0,0.0,-0.0,0.0,0.0,0.0,-0.0,0.0,0.37853033242258655,270.2706573497268,799.2,0.0,714.0,1.0,888.0,-634032.0,118,-23.171054362805755,0.0,120,-28.8116592012037,0.0,118,-24.798061448245903,0.0,120,-53.585048223244485,0.0,120,-50.190444215628226,0.0,118,-33.68499337937589,0.0,0.0,0.0,0.0,0.0,-634032.0,-634032.0,714.0,714.0,0.0,0.0,714.0,0.0,0.0,714
0.0,0.0,-0.0,0.0,0.0,0.0,-0.0,0.0,0.37853033242258655,270.2706573497268,799.2,0.0,714.0,1.0,888.0,-634032.0,118,-5.4262500257569,0.0,120,-25.20782123364196,0.0,118,-41.700497678965235,0.0,120,-28.593135976060758,0.0,120,-28.427420990402204,0.0,118,-29.11830742695425,0.0,0.0,0.0,0.0,0.0,-634032.0,-634032.0,714.0,714.0,0.0,0.0,714.0,0.0,0.0,714
0.0,0.0,-0.0,0.0,0.0,0.0,-0.0,0.0,0.37853033242258655,270.2706573497268,799.2,0.0,714.0,1.0,888.0,-634032.0,118,-50.40621910962572,0.0,120,-58.34105105741721,0.0,118,-30.141856520989986,0.0,120,-11.680848652560332,0.0,120,-21.140583912935075,0.0,118,-25.158298703790695,0.0,0.0,0.0,0.0,0.0,-634032.0,-634032.0,714.0,714.0,0.0,0.0,714.0,0.0,0.0,714
0.0,0.0,-0.0,0.0,0.0,0.0,-0.0,0.0,0.37853033242258655,270.2706573497268,799.2,0.0,714.0,1.0,888.0,-634032.0,118,-31.857553661634256,0.0,120,-33.39800411298845,0.0,118,-31.679398797293842,0.0,120,-6.126803246913974,0.0,120,-41.9064694175779,0.0,118,-48.62431980773182,0.0,0.0,0.0,0.0,0.0,-634032.0,-634032.0,714.0,714.0,0.0,0.0,714.0,0.0,0.0,714
0.0,0.0,-0.0,0.0,0.0,0.0,-0.0,0.0,0.37853033242258655,270.2706573497268,799.2,0.0,714.0,1.0,888.0,-634032.0,118,-17.60077002766154,0.0,120,-18.928675345909376,0.0,118,-14.806465250933867,0.0,120,-5.851935568660558,0.0,120,-45.926744098380865,0.0,118,-42.534239254412206,0.0,0.0,0.0,0.0,0.0,-634032.0,-634032.0,714.0,714.0,0.0,0.0,714.0,0.0,0.0,714
0.0,0.0,-0.0,0.0,0.0,0.0,-0.0,0.0,0.37853033242258655,270.2706573497268,799.2,0.0,714.0,1.0,888.0,-634032.0,118,-13.06624522342749,0.0,120,-45.79209760589177,0.0,118,-35.57060203561537,0.0,120,-41.18460823725112,0.0,120,-5.707724215275894,0.0,118,-45.74120059659036,0.0,0.0,0.0,0.0,0.0,-634032.0,-634032.0,714.0,714.0,0.0,0.0,714.0,0.0,0.0,714
0.0,0.0,-0.0,0.0,0.0,0.0,-0.0,0.0,0.37853033242258655,270.2706573497268,799.2,0.0,714.0,1.0,888.0,-634032.0,118,-19.34093313675682,0.0,120,-39.10880173298712,0.0,118,-3.787386823272403,0.0,120,-52.82301224386566,0.0,120,-32.944840428470116,0.0,118,-21.753672552040516,0.0,0.0,0.0,0.0,0.0,-634032.0,-634032.0,714.0,714.0,0.0,0.0,714.0,0.0,0.0,714
0.0,0.0,-0.0,0.0,0.0,0.0,-0.0,0.0,0.37853033242258655,270.2706573497268,799.2,0.0,714.0,1.0,888.0,-634032.0,118,-56.93790815425052,0.0,120,-19.69579203372033,0.0,118,-3.7888027853191097,0.0,120,-20.985554268016244,0.0,120,-5.185798231668446,0.0,118,-15.313594729850612,0.0,0.0,0.0,0.0,0.0,-634032.0,-634032.0,714.0,714.0,0.0,0.0,714.0,0.0,0.0,714
0.0,0.0,-0.0,0.0,0.0,0.0,-0.0,0.0,0.37853033242258655,270.2706573497268,799.2,0.0,714.0,1.0,888.0,-634032.0,118,-35.056878391332894,0.0,120,-0.032434544496848794,0.0,118,-4.925397587464049,0.0,120,-15.753489807259635,0.0,120,-49.44814998732916,0.0,118,-14.73507981383156,0.0,0.0,0.0,0.0,0.0,-634032.0,-634032.0,714.0,714.0,0.0,0.0,714.0,0.0,0.0,714
0.0,0.0,-0.0,0.0,0.0,0.0,-0.0,0.0,0.37853033242258655,270.2706573497268,799.2,0.0,714.0,1.0,888.0,-634032.0,118,-26.801215708356583,0.0,120,-43.691855026188286,0.0,118,-48.442654869593596,0.0,120,-40.238013650504854,0.0,120,-42.022829945734316,0.0,118,-32.309978239117655,0.0,0.0,0.0,0.0,0.0,-634032.0,-634032.0,714.0,714.0,0.0,0.0,714.0,0.0,0.0,714
0.0,0.0,-0.0,0.0,0.0,0.0,-0.0,0.0,0.37853033242258655,270.2706573497268,799.2,0.0,714.0,1.0,888.0,-634032.0,118,-19.413959291633315,0.0,120,-41.66183103213206,0.0,118,-11.153986463873798,0.0,120,-34.98602254102701,0.0,120,-30.493444705159337,0.0,118,-16.81682449483639,0.0,0.0,0.0,0.0,0.0,-634032.0,-634032.0,714.0,714.0,0.0,0.0,714.0,0.0,0.0,714
0.0,0.0,-0.0,0.0,0.0,0.0,-0.0,0.0,0.37853033242258655,270.2706573497268,799.2,0.0,714.0,1.0,888.0,-634032.0,118,-6.920679303460567,0.0,120,-54.23146327835252,0.0,118,-44.53938340134881,0.0,120,-52.75307797960327,0.0,120,-4.434101454953723,0.0,118,-36.938731109344396,0.0,0.0,0.0,0.0,0.0,-634032.0,-634032.0,714.0,714.0,0.0,0.0,714.0,0.0,0.0,714
0.0,0.0,-0.0,0.0,0.0,0.0,-0.0,0.0,0.37853033242258655,270.2706573497268,799.2,0.0,714.0,1.0,888.0,-634032.0,118,-52.10820589573483,0.0,120,-4.230647274792878,0.0,118,-26.737938505917175,0.0,120,-25.199107512665094,0.0,120,-37.18260128430867,0.0,118,-25.273238116357092,0.0,0.0,0.0,0.0,0.0,-634032.0,-634032.0,714.0,714.0,0.0,0.0,714.0,0.0,0.0,714
0.0,0.0,-0.0,0.0,0.0,0.0,-0.0,0.0,0.37853033242258655,270.2706573497268,799.2,0.0,714.0,1.0,888.0,-634032.0,118,-1.455863834120028,0.0,120,-53.406355430437976,0.0,118,-46.25409098238353,0.0,120,-11.725468852240546,0.0,120,-26.902478079610248,0.0,118,-40.60442706496809,0.0,0.0,0.0,0.0,0.0,-634032.0,-634032.0,714.0,714.0,0.0,0.0,714.0,0.0,0.0,714
0.0,0.0,-0.0,0.0,0.0,0.0,-0.0,0.0,0.37853033242258655,270.2706573497268,799.2,0.0,714.0,1.0,888.0,-634032.0,118,-46.393414743530585,0.0,120,-2.119659053678691,0.0,118,-33.277354158875205,0.0,120,-29.52207399124092,0.0,120,-7.194239062357591,0.0,118,-18.319428149971817,0.0,0.0,0.0,0.0,0.0,-634032.0,-634032.0,714.0,714.0,0.0,0.0,714.0,0.0,0.0,714
0.0,0.0,-0.0,0.0,0.0,0.0,-0.0,0.0,0.37853033242258655,270.2706573497268,799.2,0.0,714.0,1.0,888.0,-634032.0,118,-12.660835291824226,0.0,120,-14.128172549446054,0.0,118,-15.021802673352521,0.0,120,-38.46650486837841,0.0,120,-27.66205562338896,0.0,118,-23.383926958229743,0.0,0.0,0.0,0.0,0.0,-634032.0,-634032.0,714.0,714.0,0.0,0.0,714.0,0.0,0.0,714
0.0,0.0,-0.0,0.0,0.0,0.0,-0.0,0.0,0.37853033242258655,270.2706573497268,799.2,0.0,714.0,1.0,888.0,-634032.0,118,-35.200943165105286,0.0,120,-29.94984878841322,0.0,118,-45.470637908611586,0.0,120,-30.42096273134846,0.0,120,-7.669489648087451,0.0,118,-38.09837545627943,0.0,0.0,0.0,0.0,0.0,-634032.0,-634032.0,714.0,714.0,0.0,0.0,714.0,0.0,0.0,714
0.0,0.0,-0.0,0.0,0.0,0.0,-0.0,0.0,0.37853033242258655,270.2706573497268,799.2,0.0,714.0,1.0,888.0,-634032.0,118,-42.27606826880525,0.0,120,-34.291566495871415,0.0,118,-26.10710519342219,0.0,120,-9.060341515230583,0.0,120,-12.3556030320985,0.0,118,-9.255489862590638,0.0,0.0,0.0,0.0,0.0,-634032.0,-634032.0,714.0,714.0,0.0,0.0,714.0,0.0,0.0,714
0.0,0.0,-0.0,0.0,0.0,0.0,-0.0,0.0,0.37853033242258655,270.2706573497268,799.2,0.0,714.0,1.0,888.0,-634032.0,118,-34.81930915477649,0.0,120,-39.23304767984934,0.0,118,-24.56687539963117,0.0,120,-22.925862634333157,0.0,120,-0.08620328564458823,0.0,118,-46.05400824385786,0.0,0.0,0.0,0.0,0.0,-634032.0,-634032.0,714.0,714.0,0.0,0.0,714.0,0.0,0.0,714
0.0,0.0,-0.0,0.0,0.0,0.0,-0.0,0.0,0.37853033242258655,270.2706573497268,799.2,0.0,714.0,1.0,888.0,-634032.0,118,-34.20701667425726,0.0,120,-52.31953115551631,0.0,118,-35.540407362163585,0.0,120,-21.045195255810974,0.0,120,-38.610515041851784,0.0,118,-25.337252004105192,0.0,0.0,0.0,0.0,0.0,-634032.0,-634032.0,714.0,714.0,0.0,0.0,714.0,0.0,0.0,714
0.0,0.0,-0.0,0.0,0.0,0.0,-0.0,0.0,0.37853033242258655,270.2706573497268,799.2,0.0,714.0,1.0,888.0,-634032.0,118,-19.84592543307042,0.0,120,-47.71745297795115,0.0,118,-10.828461632875639,0.0,120,-29.046226022702733,0.0,120,-21.659466499381217,0.0,118,-36.729847416189216,0.0,0.0,0.0,0.0,0.0,-634032.0,-634032.0,714.0,714.0,0.0,0.0,714.0,0.0,0.0,714
0.0,0.0,-0.0,0.0,0.0,0.0,-0.0,0.0,0.37853033242258655,270.2706573497268,799.2,0.0,714.0,1.0,888.0,-634032.0,118,-41.871155514131516,0.0,120,-9.903063041965064,0.0,118,-25.297349276052138,0.0,120,-48.068193171337526,0.0,120,-47.80804391397001,0.0,118,-27.667462023831042,0.0,0.0,0.0,0.0,0.0,-634032.0,-634032.0,714.0,714.0,0.0,0.0,714.0,0.0,0.0,714
0.0,0.0,-0.0,0.0,0.0,0.0,-0.0,0.0,0.37853033242258655,270.2706573497268,799.2,0.0,714.0,1.0,888.0,-634032.0,118,-13.128052663555895,0.0,120,-16.771766868286164,0.0,118,-4.3958704618200795,0.0,120,-47.39695739290499,0.0,120,-10.015111422369806,0.0,118,-23.488501576564094,0.0,0.0,0.0,0.0,0.0,-634032.0,-634032.0,714.0,714.0,0.0,0.0,714.0,0.0,0.0,714
0.0,0.0,-0.0,0.0,0.0,0.0,-0.0,0.0,0.37853033242258655,270.2706573497268,799.2,0.0,714.0,1.0,888.0,-634032.0,118,-11.80324515217845,0.0,120,-45.76004154408571,0.0,118,-24.60677608695443,0.0,120,-31.114440309891013,0.0,120,-28.510647711173128,0.0,118,-7.1691579433970904,0.0,0.0,0.0,0.0,0.0,-634032.0,-634032.0,714.0,714.0,0.0,0.0,714.0,0.0,0.0,714
373.5875616214995,0.0,-3735.875616214995,0.0,0.0,0.0,-0.0,0.0,0.37853033242258655,128.81714081671566,799.2,0.0,340.30863522161764,1.0,888.0,-302194.0680767965,118,-43.53817338972928,0.0,120,-56.579088718499484,0.0,118,-38.59074578988553,0.0,120,-28.2391772403216,0.0,120,-46.96519798801942,0.0,118,-11.996614138412676,0.0,0.0,0.103803156882884,0.103803156882884,0.0,-305929.9436930115,-305929.9436930115,714.0,714.0,373.69136477838236,0.0,340.30863522161764,0.0,0.0,714
373.5875616214995,0.0,-3735.875616214995,0.0,0.0,0.0,-0.0,0.0,0.37853033242258655,128.81714081671566,799.2,0.0,340.30863522161764,1.0,888.0,-302194.0680767965,118,-32.58156892636827,0.0,120,-52.25749981379769,0.0,118,-21.579369586700444,0.0,120,-55.08980483660446,0.0,120,-31.126141765752994,0.0,118,-17.038876155929604,0.0,0.0,0.103803156882884,0.103803156882884,0.0,-305929.9436930115,-305929.9436930115,714.0,714.0,373.69136477838236,0.0,340.30863522161764,0.0,0.0,714
373.5875616214995,0.0,-3735.875616214995,0.0,0.0,0.0,-0.0,0.0,0.37853033242258655,128.81714081671566,799.2,0.0,340.30863522161764,1.0,888.0,-302194.0680767965,118,-9.275898898451857,0.0,120,-14.339440178584216,0.0,118,-11.057497921859378,0.0,120,-58.743761614872156,0.0,120,-33.53889847019389,0.0,118,-55.047426146006735,0.0,0.0,0.103803156882884,0.103803156882884,0.0,-305929.9436930115,-305929.9436930115,714.0,714.0,373.69136477838236,0.0,340.30863522161764,0.0,0.0,714
373.5875616214995,0.0,-3735.875616214995,0.0,0.0,0.0,-0.0,0.0,0.37853033242258655,128.81714081671566,799.2,0.0,340.30863522161764,1.0,888.0,-302194.0680767965,118,-49.84693368543407,0.0,120,-8.946815981068807,0.0,118,-54.31792999072645,0.0,120,-6.195516317436082,0.0,120,-47.77237170191056,0.0,118,-15.991053078552637,0.0,0.0,0.103803156882884,0.103803156882884,0.0,-305929.9436930115,-305929.9436930115,714.0,714.0,373.69136477838236,0.0,340.30863522161764,0.0,0.0,714
373.5875616214995,0.0,-3735.875616214995,0.0,0.0,0.0,-0.0,0.0,0.37853033242258655,128.81714081671566,799.2,0.0,340.30863522161764,1.0,888.0,-302194.0680767965,118,-16.3287585992271,0.0,120,-59.96449161161363,0.0,118,-15.147478814818331,0.0,120,-48.47349858744168,0.0,120,-45.469257824390844,0.0,118,-50.9956742756662,0.0,0.0,0.103803156882884,0.103803156882884,0.0,-305929.9436930115,-305929.9436930115,714.0,714.0,373.69136477838236,0.0,340.30863522161764,0.0,0.0,714
373.5875616214995,0.0,-3735.875616214995,0.0,0.0,0.0,-0.0,0.0,0.37853033242258655,128.81714081671566,799.2,0.0,340.30863522161764,1.0,888.0,-302194.0680767965,118,-55.50945271879873,0.0,120,-28.864313101962303,0.0,118,-32.93574901736709,0.0,120,-20.502131926750977,0.0,120,-48.560555574182146,0.0,118,-52.01073038074225,0.0,0.0,0.103803156882884,0.103803156882884,0.0,-305929.9436930115,-305929.9436930115,714.0,714.0,373.69136477838236,0.0,340.30863522161764,0.0,0.0,714
1155.2115812734187,0.0,-11552.115812734188,441.5325625407911,0.0,0.0,-0.0,0.0,0.37853033242258655,0.0,799.2,0.0,0.0,1.0,888.0,-0.0,118,-58.09476051489334,0.0,120,-40.168121456873244,0.0,118,-10.585073400820022,0.0,120,-41.14766312733188,0.0,120,-50.72873033587748,0.0,118,-49.831565842456506,0.0,0.0,0.320981267372442,0.320981267372442,0.0,-11552.115812734188,-11552.115812734188,1155.532562540791,1155.532562540791,1155.532562540791,0.0,0.0,441.5325625407911,0.0,714
1155.2115812734187,0.0,-11552.115812734188,257.5325625407911,397.379306286712,0.0,-0.0,0.009632737165459773,0.37853033242258655,0.0,799.2,0.0,0.0,1.0,888.0,-0.0,180,-28.825963785803015,0.0,120,-15.13241991631382,0.0,180,-29.539122690625536,0.0,120,-57.13499582855319,0.0,180,-14.521192127381624,0.0,118,-28.950377276647124,0.0,0.0,0.320981267372442,0.320981267372442,0.0,-11552.115812734188,-11552.115812734188,1155.532562540791,1155.532562540791,1155.532562540791,0.0,0.0,257.5325625407911,0.0,898
1155.2115812734187,0.0,-11552.115812734188,259.5325625407911,629.158612573424,0.0,-0.0,0.015251220822083824,0.37853033242258655,0.0,799.2,0.0,0.0,1.0,888.0,-0.0,180,-57.52806783470568,0.0,120,-54.68339283824173,0.0,180,-51.350487471306614,0.0,118,-3.625160367189735,0.0,180,-27.510462846619564,0.0,118,-5.577429005255079,0.0,0.0,0.320981267372442,0.320981267372442,0.0,-11552.115812734188,-11552.115812734188,1155.532562540791,1155.532562540791,1155.532562540791,0.0,0.0,259.5325625407911,0.0,896
1155.2115812734187,0.0,-11552.115812734188,259.5325625407911,862.737918860136,0.0,-0.0,0.020913337669021308,0.37853033242258655,0.0,799.2,0.0,0.0,1.0,888.0,-0.0,180,-51.03350068521636,0.0,120,-10.013605916496886,0.0,180,-27.427289774161856,0.0,118,-11.22353053403041,0.0,180,-32.95594219676255,0.0,118,-11.383881497590693,0.0,0.0,0.320981267372442,0.320981267372442,0.0,-11552.115812734188,-11552.115812734188,1155.532562540791,1155.532562540791,1155.532562540791,0.0,0.0,259.5325625407911,0.0,896
1155.2115812734187,0.0,-11552.115812734188,259.5325625407911,1096.317225146848,0.0,-0.0,0.026575454515958788,0.37853033242258655,0.0,799.2,0.0,0.0,1.0,888.0,-0.0,180,-29.03091943689871,0.0,120,-28.449995563387482,0.0,180,-15.738045995693673,0.0,118,-33.94902651175328,0.0,180,-55.506446017679,0.0,118,-42.07142260371428,0.0,0.0,0.320981267372442,0.320981267372442,0.0,-11552.115812734188,-11552.115812734188,1155.532562540791,1155.532562540791,1155.532562540791,0.0,0.0,259.5325625407911,0.0,896
1155.2115812734187,0.0,-11552.115812734188,259.5325625407911,1329.8965314335599,0.0,-0.0,0.03223757136289627,0.37853033242258655,0.0,799.2,0.0,0.0,1.0,888.0,-0.0,180,-38.589666797351875,0.0,120,-53.96624101638673,0.0,180,-43.653077614036555,0.0,118,-3.115731428949744,0.0,180,-44.63074023597445,0.0,118,-28.777046880351783,0.0,0.0,0.320981267372442,0.320981267372442,0.0,-11552.115812734188,-11552.115812734188,1155.532562540791,1155.532562540791,1155.532562540791,0.0,0.0,259.5325625407911,0.0,896
1816.0705243560576,0.0,-18160.705243560576,897.5751285584349,1563.4758377202718,0.0,-0.0,0.037899688209833755,0.37853033242258655,0.0,799.2,0.0,0.0,1.0,888.0,-0.0,180,-40.07587419783101,0.0,120,-47.85138996742586,0.0,203,-8.244294686523741,0.0,118,-0.15963966169599386,0.0,180,-33.601891354451176,0.0,118,-23.92762107475748,0.0,0.0,0.504604202377343,0.504604202377343,0.0,-18160.705243560576,-18160.705243560576,1816.575128558435,1816.575128558435,1816.575128558435,0.0,0.0,897.5751285584349,0.0,919
1816.0705243560576,0.0,-18160.705243560576,897.5751285584349,2371.2934534228634,0.0,-0.0,0.057481721412330336,0.37853033242258655,0.0,799.2,0.0,0.0,1.0,888.0,-0.0,180,-39.14965093476403,0.0,120,-3.0986263179363993,0.0,203,-57.245688929558774,0.0,118,-26.34664127652212,0.0,180,-23.453758669443342,0.0,118,-24.425891126105927,0.0,0.0,0.504604202377343,0.504604202377343,0.0,-18160.705243560576,-18160.705243560576,1816.575128558435,1816.575128558435,1816.575128558435,0.0,0.0,897.5751285584349,0.0,919
1816.0705243560576,0.0,-18160.705243560576,897.5751285584349,3179.111069125455,0.0,-0.0,0.07706375461482692,0.37853033242258655,0.0,799.2,0.0,0.0,1.0,888.0,-0.0,180,-29.514323419672643,0.0,120,-19.49280151043949,0.0,203,-40.569242776239484,0.0,118,-33.09000817358617,0.0,180,-0.6066221479931833,0.0,118,-3.489170295075217,0.0,0.0,0.504604202377343,0.504604202377343,0.0,-18160.705243560576,-18160.705243560576,1816.575128558435,1816.575128558435,1816.575128558435,0.0,0.0,897.5751285584349,0.0,919
1816.0705243560576,0.0,-18160.705243560576,920.5751285584349,3986.9286848280462,0.0,-0.0,0.0966457878173235,0.37853033242258655,0.0,799.2,0.0,0.0,1.0,888.0,-0.0,180,-16.285496572802977,0.0,120,-51.473028004957314,0.0,180,-50.51011087102901,0.0,118,-8.677857800637172,0.0,180,-56.004260275891234,0.0,118,-55.02246102315229,0.0,0.0,0.504604202377343,0.504604202377343,0.0,-18160.705243560576,-18160.705243560576,1816.575128558435,1816.575128558435,1816.575128558435,0.0,0.0,920.5751285584349,0.0,896
1816.0705243560576,0.0,-18160.705243560576,920.5751285584349,4815.446300530638,0.0,-0.0,0.11672960270842454,0.37853033242258655,0.0,799.2,0.0,0.0,1.0,888.0,-0.0,180,-13.748977764614105,0.0,120,-14.249094570985806,0.0,180,-51.526007093877475,0.0,118,-46.86664891906781,0.0,180,-3.087481722000396,0.0,118,-58.66970829644478,0.0,0.0,0.504604202377343,0.504604202377343,0.0,-18160.705243560576,-18160.705243560576,1816.575128558435,1816.575128558435,1816.575128558435,0.0,0.0,920.5751285584349,0.0,896
1816.0705243560576,0.0,-18160.705243560576,982.5751285584349,5643.96391623323,0.0,-0.0,0.1368134175995256,0.37853033242258655,0.0,799.2,0.0,0.0,1.0,888.0,-0.0,180,-23.647574192062805,0.0,120,-41.16993389359995,0.0,118,-12.999604139659194,0.0,118,-45.4495693548503,0.0,180,-54.535023053919986,0.0,118,-12.37989460980609,0.0,0.0,0.504604202377343,0.504604202377343,0.0,-18160.705243560576,-18160.705243560576,1816.575128558435,1816.575128558435,1816.575128558435,0.0,0.0,982.5751285584349,0.0,834
2268.0439099546716,0.0,-22680.439099546715,1372.6740972038947,6528.2815319358215,0.0,-0.0,0.15824986139034303,0.37853033242258655,0.0,799.2,0.0,0.0,1.0,888.0,-0.0,180,-35.65149564194027,0.0,120,-23.621584855661776,0.0,180,-38.46494990765589,0.0,118,-15.502071170634524,0.0,180,-15.011299370538811,0.0,118,-9.414762806686126,0.0,0.0,0.630187249223304,0.630187249223304,0.0,-22680.439099546715,-22680.439099546715,2268.6740972038947,2268.6740972038947,2268.6740972038947,0.0,0.0,1372.6740972038947,0.0,896
2268.0439099546716,0.0,-22680.439099546715,1434.6740972038947,7763.688219419327,0.0,-0.0,0.18819693645115088,0.37853033242258655,0.0,799.2,0.0,0.0,1.0,888.0,-0.0,180,-56.368601798462365,0.0,120,-31.229358807702027,0.0,180,-29.454100037236614,0.0,118,-55.057761822763695,0.0,118,-23.13826459391391,0.0,118,-7.968838151616686,0.0,0.0,0.630187249223304,0.630187249223304,0.0,-22680.439099546715,-22680.439099546715,2268.6740972038947,2268.6740972038947,2268.6740972038947,0.0,0.0,1434.6740972038947,0.0,834
2268.0439099546716,0.0,-22680.439099546715,1434.6740972038947,9054.894906902831,0.0,-0.0,0.21949664041167505,0.37853033242258655,0.0,799.2,0.0,0.0,1.0,888.0,-0.0,180,-48.53477250136859,0.0,120,-46.81979357174107,0.0,180,-25.271365360206126,0.0,118,-19.896001673270895,0.0,118,-49.316921524478424,0.0,118,-2.765261578353899,0.0,0.0,0.630187249223304,0.630187249223304,0.0,-22680.439099546715,-22680.439099546715,2268.6740972038947,2268.6740972038947,2268.6740972038947,0.0,0.0,1434.6740972038947,0.0,834
2268.0439099546716,0.0,-22680.439099546715,1496.6740972038947,10346.101594386337,0.0,-0.0,0.2507963443721993,0.37853033242258655,0.0,799.2,0.0,0.0,1.0,888.0,-0.0,118,-9.816201336040491,0.0,120,-26.74394545223648,0.0,180,-49.68339991794885,0.0,118,-9.074206761092373,0.0,118,-2.6962838594062766,0.0,118,-15.494386379993825,0.0,0.0,0.630187249223304,0.630187249223304,0.0,-22680.439099546715,-22680.439099546715,2268.6740972038947,2268.6740972038947,2268.6740972038947,0.0,0.0,1496.6740972038947,0.0,772
2268.0439099546716,0.0,-22680.439099546715,1496.6740972038947,11693.108281869841,0.0,-0.0,0.2834486772324399,0.37853033242258655,0.0,799.2,0.0,0.0,1.0,888.0,-0.0,118,-17.388481900431778,0.0,120,-7.420896499565439,0.0,180,-53.687802427007426,0.0,118,-1.295912885429733,0.0,118,-40.51722266527813,0.0,118,-48.10320847501782,0.0,0.0,0.630187249223304,0.630187249223304,0.0,-22680.439099546715,-22680.439099546715,2268.6740972038947,2268.6740972038947,2268.6740972038947,0.0,0.0,1496.6740972038947,0.0,772
2268.0439099546716,0.0,-22680.439099546715,1496.6740972038947,13040.114969353346,0.0,-0.0,0.31610101009268043,0.37853033242258655,0.0,799.2,0.0,0.0,1.0,888.0,-0.0,118,-58.44913872559801,0.0,120,-20.81584098568936,0.0,180,-51.17110817625351,0.0,118,-39.47011276325645,0.0,118,-12.077061409922557,0.0,118,-10.31093656342974,0.0,0.0,0.630187249223304,0.630187249223304,0.0,-22680.439099546715,-22680.439099546715,2268.6740972038947,2268.6740972038947,2268.6740972038947,0.0,0.0,1496.6740972038947,0.0,772
2461.7526886523874,0.0,-24617.526886523876,1690.4366988465113,14387.12165683685,0.0,-0.0,0.34875334295292104,0.37853033242258655,0.0,799.2,0.0,0.0,1.0,888.0,-0.0,118,-10.799732449889563,0.0,120,-14.031958796180637,0.0,180,-14.966543183081244,0.0,118,-23.98953044953673,0.0,118,-17.551957895476217,0.0,118,-51.61177155903488,0.0,0.0,0.684010194124031,0.684010194124031,0.0,-24617.526886523876,-24617.526886523876,2462.4366988465113,2462.4366988465113,2462.4366988465113,0.0,0.0,1690.4366988465113,0.0,772
2461.7526886523874,0.0,-24617.526886523876,1690.4366988465113,15908.514685798711,0.0,-0.0,0.3856329160497106,0.37853033242258655,0.0,799.2,0.0,0.0,1.0,888.0,-0.0,118,-1.7871927624886008,0.0,120,-36.42641346610289,0.0,180,-30.30491199195179,0.0,118,-25.363057898971427,0.0,118,-52.83708097816616,0.0,118,-22.151866386048237,0.0,0.0,0.684010194124031,0.684010194124031,0.0,-24617.526886523876,-24617.526886523876,2462.4366988465113,2462.4366988465113,2462.4366988465113,0.0,0.0,1690.4366988465113,0.0,772
2461.7526886523874,0.0,-24617.526886523876,1690.4366988465113,17429.90771476057,0.0,-0.0,0.42251248914650014,0.37853033242258655,0.0,799.2,0.0,0.0,1.0,888.0,-0.0,118,-14.59574555161024,0.0,120,-52.71186313294221,0.0,180,-11.432773232566015,0.0,118,-41.87020924428907,0.0,118,-4.5593974999340325,0.0,118,-20.92636211240093,0.0,0.0,0.684010194124031,0.684010194124031,0.0,-24617.526886523876,-24617.526886523876,2462.4366988465113,2462.4366988465113,2462.4366988465113,0.0,0.0,1690.4366988465113,0.0,772
2461.7526886523874,0.0,-24617.526886523876,1628.4366988465113,18951.30074372243,0.0,-0.0,0.4593920622432897,0.37853033242258655,0.0,799.2,0.0,0.0,1.0,888.0,-0.0,180,-51.599496513572646,0.0,120,-52.16344503560083,0.0,180,-15.600092124812019,0.0,118,-16.227540438950776,0.0,118,-23.101766162990337,0.0,118,-5.321854826547487,0.0,0.0,0.684010194124031,0.684010194124031,0.0,-24617.526886523876,-24617.526886523876,2462.4366988465113,2462.4366988465113,2462.4366988465113,0.0,0.0,1628.4366988465113,0.0,834
2461.7526886523874,0.0,-24617.526886523876,1628.4366988465113,20416.89377268429,0.0,-0.0,0.49491900644036285,0.37853033242258655,0.0,799.2,0.0,0.0,1.0,888.0,-0.0,180,-19.467792586591706,0.0,120,-59.71100062285389,0.0,180,-13.76160174877246,0.0,118,-53.21351306298028,0.0,118,-58.82295420768084,0.0,118,-48.46541201534106,0.0,0.0,0.684010194124031,0.684010194124031,0.0,-24617.526886523876,-24617.526886523876,2462.4366988465113,2462.4366988465113,2462.4366988465113,0.0,0.0,1628.4366988465113,0.0,834
2461.7526886523874,0.0,-24617.526886523876,1690.4366988465113,21882.486801646148,0.0,-0.0,0.530445950637436,0.37853033242258655,0.0,799.2,0.0,0.0,1.0,888.0,-0.0,180,-23.471877060635485,0.0,120,-33.66877130585548,0.0,118,-16.225904714941933,0.0,118,-36.942331840501886,0.0,118,-33.025916224762305,0.0,118,-19.10024378224534,0.0,0.0,0.684010194124031,0.684010194124031,0.0,-24617.526886523876,-24617.526886523876,2462.4366988465113,2462.4366988465113,2462.4366988465113,0.0,0.0,1690.4366988465113,0.0,772
2469.152832120204,0.0,-24691.52832120204,1697.838898480893,23403.879830608006,0.0,-0.0,0.5673255237342255,0.37853033242258655,0.0,799.2,0.0,0.0,1.0,888.0,-0.0,180,-3.7316738185878484,0.0,120,-1.160311415713089,0.0,118,-7.753691930803859,0.0,118,-14.469933782418021,0.0,118,-46.74838152622018,0.0,118,-14.926460957906274,0.0,0.0,0.686066360689137,0.686066360689137,0.0,-24691.52832120204,-24691.52832120204,2469.838898480893,2469.838898480893,2469.838898480893,0.0,0.0,1697.838898480893,0.0,772
2469.152832120204,0.0,-24691.52832120204,1697.838898480893,24931.93483924081,0.0,-0.0,0.6043665876237077,0.37853033242258655,0.0,799.2,0.0,0.0,1.0,888.0,-0.0,180,-7.526016953740795,0.0,120,-23.431775926655252,0.0,118,-23.053099919493864,0.0,118,-45.453118416571016,0.0,118,-56.1602273534254,0.0,118,-46.5823455382182,0.0,0.0,0.686066360689137,0.686066360689137,0.0,-24691.52832120204,-24691.52832120204,2469.838898480893,2469.838898480893,2469.838898480893,0.0,0.0,1697.838898480893,0.0,772
2469.152832120204,0.0,-24691.52832120204,1697.838898480893,26459.989847873614,0.0,-0.0,0.6414076515131897,0.37853033242258655,0.0,799.2,0.0,0.0,1.0,888.0,-0.0,180,-51.18953443999755,0.0,120,-39.9249512244866,0.0,118,-5.125224094165473,0.0,118,-46.499126204118284,0.0,118,-21.024993928116373,0.0,118,-14.072415595533169,0.0,0.0,0.686066360689137,0.686066360689137,0.0,-24691.52832120204,-24691.52832120204,2469.838898480893,2469.838898480893,2469.838898480893,0.0,0.0,1697.838898480893,0.0,772
2469.152832120204,0.0,-24691.52832120204,1697.838898480893,27988.044856506418,0.0,-0.0,0.6784487154026717,0.37853033242258655,0.0,799.2,0.0,0.0,1.0,888.0,-0.0,180,-19.377520793062487,0.0,120,-35.658759887556755,0.0,118,-24.202651404010478,0.0,118,-41.362318655033185,0.0,118,-35.25530722938993,0.0,118,-39.448807249856635,0.0,0.0,0.686066360689137,0.686066360689137,0.0,-24691.52832120204,-24691.52832120204,2469.838898480893,2469.838898480893,2469.838898480893,0.0,0.0,1697.838898480893,0.0,772
2469.152832120204,0.0,-24691.52832120204,1697.838898480893,29516.099865139222,0.0,-0.0,0.7154897792921538,0.37853033242258655,0.0,799.2,0.0,0.0,1.0,888.0,-0.0,180,-59.70140145886381,0.0,120,-25.237491873225334,0.0,118,-46.15247096717658,0.0,118,-39.93801425674477,0.0,118,-56.840542654098115,0.0,118,-28.073293987280312,0.0,0.0,0.686066360689137,0.686066360689137,0.0,-24691.52832120204,-24691.52832120204,2469.838898480893,2469.838898480893,2469.838898480893,0.0,0.0,1697.838898480893,0.0,772
2469.152832120204,0.0,-24691.52832120204,1697.838898480893,31044.154873772026,0.0,-0.0,0.7525308431816359,0.37853033242258655,0.0,799.2,0.0,0.0,1.0,888.0,-0.0,180,-18.9600132922635,0.0,120,-22.900076532476838,0.0,118,-16.834076658075052,0.0,118,-7.506539218711035,0.0,118,-0.05084044294201506,0.0,118,-57.29551635395543,0.0,0.0,0.686066360689137,0.686066360689137,0.0,-24691.52832120204,-24691.52832120204,2469.838898480893,2469.838898480893,2469.838898480893,0.0,0.0,1697.838898480893,0.0,772
2272.490295960114,0.0,-22724.90295960114,1501.1217186597419,32572.20988240483,0.0,-0.0,0.789571907071118,0.37853033242258655,0.0,799.2,0.0,0.0,1.0,888.0,-0.0,180,-52.897944386397995,0.0,120,-1.14878317483194,0.0,118,-4.308691548555705,0.0,118,-26.667509400422333,0.0,118,-31.304692081714805,0.0,118,-41.10272642984698,0.0,0.0,0.631422699627706,0.631422699627706,0.0,-22724.90295960114,-22724.90295960114,2273.121718659742,2273.121718659742,2273.121718659742,0.0,0.0,1501.1217186597419,0.0,772
2272.490295960114,0.0,-22724.90295960114,1503.1217186597419,33923.219429198594,0.0,-0.0,0.822321271888071,0.37853033242258655,0.0,799.2,0.0,0.0,1.0,888.0,-0.0,180,-47.6656479884415,0.0,118,-34.459700585454335,0.0,118,-11.801693190728443,0.0,118,-7.573746910268939,0.0,118,-33.75449544583897,0.0,118,-43.291860863103366,0.0,0.0,0.631422699627706,0.631422699627706,0.0,-22724.90295960114,-22724.90295960114,2273.121718659742,2273.121718659742,2273.121718659742,0.0,0.0,1503.1217186597419,0.0,770
2272.490295960114,0.0,-22724.90295960114,1441.1217186597419,35276.02897599236,0.0,-0.0,0.8551142698953376,0.37853033242258655,0.0,799.2,0.0,0.0,1.0,888.0,-0.0,180,-15.542979180482536,0.0,118,-41.02789099522491,0.0,180,-52.579978300152135,0.0,118,-59.12771806033851,0.0,118,-11.172244021164477,0.0,118,-7.412220027347278,0.0,0.0,0.631422699627706,0.631422699627706,0.0,-22724.90295960114,-22724.90295960114,2273.121718659742,2273.121718659742,2273.121718659742,0.0,0.0,1441.1217186597419,0.0,832
2272.490295960114,0.0,-22724.90295960114,1441.1217186597419,36573.038522786126,0.0,-0.0,0.8865546390028877,0.37853033242258655,0.0,799.2,0.0,0.0,1.0,888.0,-0.0,180,-9.408251666665636,0.0,118,-24.859669260141953,0.0,180,-22.543971289740114,0.0,118,-47.78550010474765,0.0,118,-49.57070773047697,0.0,118,-48.871381524824784,0.0,0.0,0.631422699627706,0.631422699627706,0.0,-22724.90295960114,-22724.90295960114,2273.121718659742,2273.121718659742,2273.121718659742,0.0,0.0,1441.1217186597419,0.0,832
2272.490295960114,0.0,-22724.90295960114,1441.1217186597419,37870.04806957989,0.0,-0.0,0.9179950081104378,0.37853033242258655,0.0,799.2,0.0,0.0,1.0,888.0,-0.0,180,-45.3555859140806,0.0,118,-45.04960356760762,0.0,180,-24.483523049327033,0.0,118,-28.137569733013198,0.0,118,-36.320352854491524,0.0,118,-35.522858085548634,0.0,0.0,0.631422699627706,0.631422699627706,0.0,-22724.90295960114,-22724.90295960114,2273.121718659742,2273.121718659742,2273.121718659742,0.0,0.0,1441.1217186597419,0.0,832
2272.490295960114,0.0,-22724.90295960114,1441.1217186597419,39167.057616373655,0.0,-0.0,0.9494353772179879,0.37853033242258655,0.0,799.2,0.0,0.0,1.0,888.0,-0.0,180,-42.31234890018079,0.0,118,-15.060879429978819,0.0,180,-13.44118790078906,0.0,118,-9.58468003065521,0.0,118,-2.084227061545203,0.0,118,-7.065010871165982,0.0,0.0,0.631422699627706,0.631422699627706,0.0,-22724.90295960114,-22724.90295960114,2273.121718659742,2273.121718659742,2273.121718659742,0.0,0.0,1441.1217186597419,0.0,832
1860.6167685478276,0.0,-18606.167685478278,876.5920409250895,40464.06716316742,0.0,-0.0,0.980875746325538,0.37853033242258655,0.0,799.2,152.5417092200006,0.0,1.0,888.0,121911.33400862449,180,-46.45667540807636,0.0,118,-11.013914920856429,0.0,180,-8.21321901201414,0.0,118,-59.21431539145305,0.0,118,-29.208455265745176,0.0,118,-49.4047241416059,0.0,0.0,0.516981597262525,0.516981597262525,0.0,103305.1663231462,103305.1663231462,1861.13375014509,1861.13375014509,1861.13375014509,0.0,0.0,1029.13375014509,0.0,832
1860.6167685478276,0.0,-18606.167685478278,0.0,41253.0,0.0,-0.0,1.0,0.37853033242258655,0.0,799.2,1029.13375014509,0.0,1.0,888.0,822483.693115956,180,-4.278630199130083,0.0,118,-48.09020550186196,0.0,180,-21.286341423360685,0.0,118,-58.903066984755924,0.0,118,-26.274061405824764,0.0,118,-31.51519485246363,0.0,0.0,0.516981597262525,0.516981597262525,0.0,803877.5254304778,803877.5254304778,1861.13375014509,1861.13375014509,1861.13375014509,0.0,0.0,1029.13375014509,0.0,832
1860.6167685478276,0.0,-18606.167685478278,0.0,41253.0,0.0,-0.0,1.0,0.37853033242258655,0.0,799.2,1029.13375014509,0.0,1.0,888.0,822483.693115956,180,-51.460712202497724,0.0,118,-44.89734702683541,0.0,180,-26.401755432273028,0.0,118,-48.03202056224129,0.0,118,-14.893836136032057,0.0,118,-1.931760371183291,0.0,0.0,0.516981597262525,0.516981597262525,0.0,803877.5254304778,803877.5254304778,1861.13375014509,1861.13375014509,1861.13375014509,0.0,0.0,1029.13375014509,0.0,832
1860.6167685478276,0.0,-18606.167685478278,0.0,41253.0,0.0,-0.0,1.0,0.37853033242258655,0.0,799.2,1029.13375014509,0.0,1.0,888.0,822483.693115956,180,-33.15477799306698,0.0,118,-55.24205159241907,0.0,180,-31.233385399388006,0.0,118,-32.68059020541198,0.0,118,-54.33736032828681,0.0,118,-14.95276625840248,0.0,0.0,0.516981597262525,0.516981597262525,0.0,803877.5254304778,803877.5254304778,1861.13375014509,1861.13375014509,1861.13375014509,0.0,0.0,1029.13375014509,0.0,832
1860.6167685478276,0.0,-18606.167685478278,0.0,41253.0,0.0,-0.0,1.0,0.37853033242258655,0.0,799.2,1029.13375014509,0.0,1.0,888.0,822483.693115956,180,-51.076765205069925,0.0,118,-49.46873655950431,0.0,180,-1.4849986721481212,0.0,118,-10.847236051226377,0.0,118,-28.662272900355987,0.0,118,-37.92445548012994,0.0,0.0,0.516981597262525,0.516981597262525,0.0,803877.5254304778,803877.5254304778,1861.13375014509,1861.13375014509,1861.13375014509,0.0,0.0,1029.13375014509,0.0,832
1860.6167685478276,0.0,-18606.167685478278,0.0,41253.0,0.0,-0.0,1.0,0.37853033242258655,0.0,799.2,967.1337501450901,0.0,1.0,888.0,772933.293115956,180,-29.113732945943603,0.0,118,-22.386482214798406,0.0,180,-37.83386357584895,0.0,180,-36.98521261765258,0.0,118,-12.968514651117353,0.0,118,-51.0620526795072,0.0,0.0,0.516981597262525,0.516981597262525,0.0,754327.1254304778,754327.1254304778,1861.13375014509,1861.13375014509,1861.13375014509,0.0,0.0,967.1337501450901,0.0,894
1221.9054288800387,0.0,-12219.054288800387,0.0,41253.0,0.0,-0.0,1.0,0.37853033242258655,0.0,799.2,390.24494136375074,0.0,1.0,888.0,311883.7571379096,180,-12.6852045578598,0.0,118,-14.463522627352262,0.0,118,-4.621484798993061,0.0,180,-53.59093398371663,0.0,118,-55.75068713976787,0.0,118,-22.291652774629327,0.0,0.0,0.339512483712153,0.339512483712153,0.0,299664.7028491092,299664.7028491092,1222.2449413637507,1222.2449413637507,1222.2449413637507,0.0,0.0,390.24494136375074,0.0,832
1221.9054288800387,0.0,-12219.054288800387,0.0,41253.0,0.0,-0.0,1.0,0.37853033242258655,0.0,799.2,390.24494136375074,0.0,1.0,888.0,311883.7571379096,180,-18.835036700067175,0.0,118,-43.91169423800309,0.0,118,-49.5388824703891,0.0,180,-38.54168808173884,0.0,118,-20.127438526730977,0.0,118,-53.834441687369385,0.0,0.0,0.339512483712153,0.339512483712153,0.0,299664.7028491092,299664.7028491092,1222.2449413637507,1222.2449413637507,1222.2449413637507,0.0,0.0,390.24494136375074,0.0,832
1221.9054288800387,0.0,-12219.054288800387,0.0,41253.0,0.0,-0.0,1.0,0.37853033242258655,0.0,799.2,328.24494136375074,0.0,1.0,888.0,262333.3571379096,180,-17.191927132480714,0.0,118,-32.99760927342542,0.0,180,-18.590345197198044,0.0,180,-10.535550822193349,0.0,118,-37.831303361188354,0.0,118,-38.65445593847383,0.0,0.0,0.339512483712153,0.339512483712153,0.0,250114.30284910923,250114.30284910923,1222.2449413637507,1222.2449413637507,1222.2449413637507,0.0,0.0,328.24494136375074,0.0,894
1221.9054288800387,0.0,-12219.054288800387,0.0,41253.0,0.0,-0.0,1.0,0.37853033242258655,0.0,799.2,328.24494136375074,0.0,1.0,888.0,262333.3571379096,180,-33.883483011891336,0.0,118,-41.007870398680566,0.0,180,-5.512796055356919,0.0,180,-19.4213099234126,0.0,118,-44.06310629671069,0.0,118,-46.691519462337276,0.0,0.0,0.339512483712153,0.339512483712153,0.0,250114.30284910923,250114.30284910923,1222.2449413637507,1222.2449413637507,1222.2449413637507,0.0,0.0,328.24494136375074,0.0,894
1221.9054288800387,0.0,-12219.054288800387,0.0,41253.0,0.0,-0.0,1.0,0.37853033242258655,0.0,799.2,390.24494136375074,0.0,1.0,888.0,311883.7571379096,118,-38.50303076330687,0.0,118,-22.69280409869608,0.0,180,-37.91834193571491,0.0,180,-33.17101179539355,0.0,118,-1.3837213805418558,0.0,118,-32.1213485205138,0.0,0.0,0.339512483712153,0.339512483712153,0.0,299664.7028491092,299664.7028491092,1222.2449413637507,1222.2449413637507,1222.2449413637507,0.0,0.0,390.24494136375074,0.0,832
1221.9054288800387,0.0,-12219.054288800387,0.0,41253.0,0.0,-0.0,1.0,0.37853033242258655,0.0,799.2,328.24494136375074,0.0,1.0,888.0,262333.3571379096,180,-24.908836951212685,0.0,118,-49.06247728555528,0.0,180,-17.596314666021286,0.0,180,-24.442111453043534,0.0,118,-50.85768752421521,0.0,118,-44.35222603812434,0.0,0.0,0.339512483712153,0.339512483712153,0.0,250114.30284910923,250114.30284910923,1222.2449413637507,1222.2449413637507,1222.2449413637507,0.0,0.0,328.24494136375074,0.0,894
456.36013623948986,0.0,-4563.601362394898,0.0,41253.0,437.5130618332416,-0.0,1.0,0.37853033242258655,0.0,799.2,0.0,0.0,1.0,888.0,-0.0,180,-52.081676368004,0.0,118,-0.05425151119056837,0.0,180,-20.55645463728005,0.0,180,-3.0225426444723835,0.0,118,-45.2702241911742,0.0,118,-4.522603071576179,0.0,0.0,0.126801927268544,0.126801927268544,0.0,-4563.601362394898,-4563.601362394898,894.0,894.0,456.4869381667584,0.0,437.5130618332416,0.0,0.0,894
456.36013623948986,0.0,-4563.601362394898,0.0,40766.874375740845,375.5130618332416,-0.0,0.988215993400258,0.37853033242258655,0.0,799.2,0.0,0.0,1.0,888.0,-0.0,118,-36.36276382987403,0.0,118,-56.15977206703535,0.0,180,-50.105309446466954,0.0,180,-24.540615466262416,0.0,118,-24.939508294261387,0.0,118,-11.453964248681153,0.0,0.0,0.126801927268544,0.126801927268544,0.0,-4563.601362394898,-4563.601362394898,832.0,832.0,456.4869381667584,0.0,375.5130618332416,0.0,0.0,832
456.36013623948986,0.0,-4563.601362394898,0.0,40349.63764037058,375.5130618332416,-0.0,0.9781018990223882,0.37853033242258655,0.0,799.2,0.0,0.0,1.0,888.0,-0.0,118,-18.660868803143703,0.0,118,-38.34744379533477,0.0,180,-31.049940477866496,0.0,180,-38.47695403039475,0.0,118,-0.9579459991312711,0.0,118,-16.3997643579828,0.0,0.0,0.126801927268544,0.126801927268544,0.0,-4563.601362394898,-4563.601362394898,832.0,832.0,456.4869381667584,0.0,375.5130618332416,0.0,0.0,832
456.36013623948986,0.0,-4563.601362394898,0.0,39932.40090500031,375.5130618332416,-0.0,0.9679878046445182,0.37853033242258655,0.0,799.2,0.0,0.0,1.0,888.0,-0.0,118,-42.61310500448623,0.0,118,-4.722586832071056,0.0,180,-44.670943891193076,0.0,180,-12.295990715120492,0.0,118,-2.987079064459963,0.0,118,-43.14703571220551,0.0,0.0,0.126801927268544,0.126801927268544,0.0,-4563.601362394898,-4563.601362394898,832.0,832.0,456.4869381667584,0.0,375.5130618332416,0.0,0.0,832
456.36013623948986,0.0,-4563.601362394898,0.0,39515.164169630036,375.5130618332416,-0.0,0.9578737102666481,0.37853033242258655,0.0,799.2,0.0,0.0,1.0,888.0,-0.0,118,-25.91531182779385,0.0,118,-20.514612618115716,0.0,180,-23.62134304069825,0.0,180,-23.585516459913357,0.0,118,-43.17230011471741,0.0,118,-14.015279169342698,0.0,0.0,0.126801927268544,0.126801927268544,0.0,-4563.601362394898,-4563.601362394898,832.0,832.0,456.4869381667584,0.0,375.5130618332416,0.0,0.0,832
456.36013623948986,0.0,-4563.601362394898,0.0,39097.927434259764,375.5130618332416,-0.0,0.9477596158887781,0.37853033242258655,0.0,799.2,0.0,0.0,1.0,888.0,-0.0,118,-7.9546119101249,0.0,118,-27.974525644536055,0.0,180,-46.68545434261422,0.0,180,-7.536733330478191,0.0,118,-57.178959127964305,0.0,118,-21.387760713413584,0.0,0.0,0.126801927268544,0.126801927268544,0.0,-4563.601362394898,-4563.601362394898,832.0,832.0,456.4869381667584,0.0,375.5130618332416,0.0,0.0,832
0.0,0.0,-0.0,0.0,38680.69069888949,832.0,-0.0,0.9376455215109081,0.37853033242258655,0.0,799.2,0.0,0.0,1.0,888.0,-0.0,118,-45.96674922514195,0.0,118,-2.7682019471513764,0.0,180,-36.32441549679683,0.0,180,-50.17310981131269,0.0,118,-31.68378330140488,0.0,118,-18.60183698840456,0.0,0.0,0.0,0.0,0.0,0.0,0.0,832.0,832.0,0.0,0.0,832.0,0.0,0.0,832
0.0,0.0,-0.0,0.0,37756.246254445046,832.0,-0.0,0.9152363768561086,0.37853033242258655,0.0,799.2,0.0,0.0,1.0,888.0,-0.0,118,-46.373766357124815,0.0,118,-34.05149746622106,0.0,180,-58.425143932356335,0.0,180,-37.74106072367521,0.0,118,-46.849594477787164,0.0,118,-14.08781651324258,0.0,0.0,0.0,0.0,0.0,0.0,0.0,832.0,832.0,0.0,0.0,832.0,0.0,0.0,832
0.0,0.0,-0.0,0.0,36831.8018100006,832.0,-0.0,0.892827232201309,0.37853033242258655,0.0,799.2,0.0,0.0,1.0,888.0,-0.0,118,-15.800663556740034,0.0,118,-48.15801458581991,0.0,180,-8.211349864360077,0.0,180,-0.9777963408756274,0.0,118,-56.4412208857037,0.0,118,-45.18128125347468,0.0,0.0,0.0,0.0,0.0,0.0,0.0,832.0,832.0,0.0,0.0,832.0,0.0,0.0,832
0.0,0.0,-0.0,0.0,35907.357365556156,834.0,-0.0,0.8704180875465095,0.37853033242258655,0.0,799.2,0.0,0.0,1.0,888.0,-0.0,118,-53.52288421490367,0.0,118,-53.6304732467289,0.0,180,-41.59634222790853,0.0,180,-32.672043676653026,0.0,120,-10.087511736392063,0.0,118,-50.673775192648804,0.0,0.0,0.0,0.0,0.0,0.0,0.0,834.0,834.0,0.0,0.0,834.0,0.0,0.0,834
0.0,0.0,-0.0,0.0,34980.69069888949,834.0,-0.0,0.8479550747555206,0.37853033242258655,0.0,799.2,0.0,0.0,1.0,888.0,-0.0,118,-58.79676131914164,0.0,118,-51.059995966284305,0.0,180,-39.34978726516764,0.0,180,-21.326738527776982,0.0,120,-0.9188735934899461,0.0,118,-13.264780620332113,0.0,0.0,0.0,0.0,0.0,0.0,0.0,834.0,834.0,0.0,0.0,834.0,0.0,0.0,834
0.0,0.0,-0.0,0.0,34054.02403222283,834.0,-0.0,0.8254920619645317,0.37853033242258655,0.0,799.2,0.0,0.0,1.0,888.0,-0.0,118,-52.431839610315166,0.0,118,-2.96882146087291,0.0,180,-53.45129014694291,0.0,180,-44.68221601320009,0.0,120,-56.395082219176764,0.0,118,-20.932230438666583,0.0,0.0,0.0,0.0,0.0,0.0,0.0,834.0,834.0,0.0,0.0,834.0,0.0,0.0,834
0.0,0.0,-0.0,0.0,33127.35736555616,834.0,-0.0,0.8030290491735429,0.37853033242258655,0.0,799.2,0.0,0.0,1.0,888.0,-0.0,118,-49.75754239872743,0.0,118,-21.255528058245847,0.0,180,-15.464964365203947,0.0,180,-1.9343537543694111,0.0,120,-21.557088876407345,0.0,118,-51.16790071422575,0.0,0.0,0.0,0.0,0.0,0.0,0.0,834.0,834.0,0.0,0.0,834.0,0.0,0.0,834
0.0,0.0,-0.0,0.0,32200.690698889495,834.0,-0.0,0.7805660363825538,0.37853033242258655,0.0,799.2,0.0,0.0,1.0,888.0,-0.0,118,-45.589888332476065,0.0,118,-59.23176063953652,0.0,180,-28.278577850282808,0.0,180,-22.536203970996215,0.0,120,-42.21586668940337,0.0,118,-31.732252640465106,0.0,0.0,0.0,0.0,0.0,0.0,0.0,834.0,834.0,0.0,0.0,834.0,0.0,0.0,834
0.0,0.0,-0.0,0.0,31274.024032222827,834.0,-0.0,0.7581030235915649,0.37853033242258655,0.0,799.2,0.0,0.0,1.0,888.0,-0.0,118,-50.47810166346505,0.0,118,-28.4087423368421,0.0,180,-25.037199487439235,0.0,180,-23.259303513809037,0.0,120,-37.55462376470998,0.0,118,-38.76486432275536,0.0,0.0,0.0,0.0,0.0,0.0,0.0,834.0,834.0,0.0,0.0,834.0,0.0,0.0,834
0.0,0.0,-0.0,0.0,30347.35736555616,834.0,-0.0,0.735640010800576,0.37853033242258655,0.0,799.2,0.0,0.0,1.0,888.0,-0.0,118,-49.439268005376405,0.0,118,-38.279678994735036,0.0,180,-49.46001780095574,0.0,180,-20.808641726138973,0.0,120,-57.74741676183478,0.0,118,-58.011990683929454,0.0,0.0,0.0,0.0,0.0,0.0,0.0,834.0,834.0,0.0,0.0,834.0,0.0,0.0,834
0.0,0.0,-0.0,0.0,29420.69069888949,834.0,-0.0,0.713176998009587,0.37853033242258655,0.0,799.2,0.0,0.0,1.0,888.0,-0.0,118,-0.09937086945673412,0.0,118,-36.3073143231666,0.0,180,-55.30176646607439,0.0,180,-36.59779653394497,0.0,120,-31.063043090942585,0.0,118,-20.243764934697957,0.0,0.0,0.0,0.0,0.0,0.0,0.0,834.0,834.0,0.0,0.0,834.0,0.0,0.0,834
0.0,0.0,-0.0,0.0,28494.024032222824,834.0,-0.0,0.6907139852185981,0.37853033242258655,0.0,799.2,0.0,0.0,1.0,888.0,-0.0,118,-17.340748645312154,0.0,118,-38.00667334872884,0.0,180,-33.115816160516786,0.0,180,-9.995979611937987,0.0,120,-9.470651306785633,0.0,118,-30.258436099088932,0.0,0.0,0.0,0.0,0.0,0.0,0.0,834.0,834.0,0.0,0.0,834.0,0.0,0.0,834
0.0,0.0,-0.0,0.0,27567.357365556156,834.0,-0.0,0.668250972427609,0.37853033242258655,0.0,799.2,0.0,0.0,1.0,888.0,-0.0,118,-53.48310791214097,0.0,118,-8.431184367287074,0.0,180,-27.430585192564603,0.0,180,-26.974172686535024,0.0,120,-46.1966455293389,0.0,118,-53.94459548255304,0.0,0.0,0.0,0.0,0.0,0.0,0.0,834.0,834.0,0.0,0.0,834.0,0.0,0.0,834
0.0,0.0,-0.0,0.0,26640.690698889488,834.0,-0.0,0.6457879596366201,0.37853033242258655,0.0,799.2,0.0,0.0,1.0,888.0,-0.0,118,-9.440105342353586,0.0,118,-40.967641248835854,0.0,180,-53.73499015775066,0.0,180,-37.95928900864308,0.0,120,-34.18449514034077,0.0,118,-50.44758642866225,0.0,0.0,0.0,0.0,0.0,0.0,0.0,834.0,834.0,0.0,0.0,834.0,0.0,0.0,834
0.0,0.0,-0.0,0.0,25714.02403222282,772.0,-0.0,0.6233249468456311,0.37853033242258655,0.0,799.2,0.0,0.0,1.0,888.0,-0.0,118,-27.24170442516088,0.0,118,-37.05524311059249,0.0,180,-6.7010772023103655,0.0,118,-53.08921119823024,0.0,120,-34.97045520139629,0.0,118,-27.2384857190405,0.0,0.0,0.0,0.0,0.0,0.0,0.0,772.0,772.0,0.0,0.0,772.0,0.0,0.0,772
0.0,0.0,-0.0,0.0,24856.246254445043,772.0,-0.0,0.6025318462765142,0.37853033242258655,0.0,799.2,0.0,0.0,1.0,888.0,-0.0,118,-19.989327239438545,0.0,118,-7.388896680857265,0.0,180,-56.45101784444543,0.0,118,-9.863175271239149,0.0,120,-44.441765106482976,0.0,118,-24.99306146184991,0.0,0.0,0.0,0.0,0.0,0.0,0.0,772.0,772.0,0.0,0.0,772.0,0.0,0.0,772
0.0,0.0,-0.0,0.0,23998.468476667265,772.0,-0.0,0.5817387457073974,0.37853033242258655,0.0,799.2,0.0,0.0,1.0,888.0,-0.0,118,-16.913338703052027,0.0,118,-1.7094314136362132,0.0,180,-30.916178787849105,0.0,118,-27.843650248883478,0.0,120,-51.77732804552196,0.0,118,-27.189343491788396,0.0,0.0,0.0,0.0,0.0,0.0,0.0,772.0,772.0,0.0,0.0,772.0,0.0,0.0,772
0.0,0.0,-0.0,0.0,23140.690698889488,772.0,-0.0,0.5609456451382806,0.37853033242258655,0.0,799.2,0.0,0.0,1.0,888.0,-0.0,118,-51.190618964692376,0.0,118,-4.932906027700894,0.0,180,-19.78028693981094,0.0,118,-12.260220639430521,0.0,120,-40.02357502276765,0.0,118,-55.072364315615346,0.0,0.0,0.0,0.0,0.0,0.0,0.0,772.0,772.0,0.0,0.0,772.0,0.0,0.0,772
0.0,0.0,-0.0,0.0,22282.91292111171,772.0,-0.0,0.5401525445691637,0.37853033242258655,0.0,799.2,0.0,0.0,1.0,888.0,-0.0,118,-19.36807436138269,0.0,118,-48.187483776339974,0.0,180,-26.439652055773934,0.0,118,-34.048943056259624,0.0,120,-56.48776398690883,0.0,118,-33.659281717589806,0.0,0.0,0.0,0.0,0.0,0.0,0.0,772.0,772.0,0.0,0.0,772.0,0.0,0.0,772
0.0,0.0,-0.0,0.0,21425.135143333933,772.0,-0.0,0.5193594440000469,0.37853033242258655,0.0,799.2,0.0,0.0,1.0,888.0,-0.0,118,-46.89720985779088,0.0,118,-31.98316341933699,0.0,180,-22.831041397946354,0.0,118,-29.888485322016216,0.0,120,-23.56264885817955,0.0,118,-59.750169470808544,0.0,0.0,0.0,0.0,0.0,0.0,0.0,772.0,772.0,0.0,0.0,772.0,0.0,0.0,772
0.0,0.0,-0.0,0.0,20567.357365556156,772.0,-0.0,0.49856634343093004,0.37853033242258655,0.0,799.2,0.0,0.0,1.0,888.0,-0.0,118,-16.162578637799474,0.0,118,-53.03157258899838,0.0,180,-59.51439210196984,0.0,118,-40.57817979324948,0.0,120,-33.57567526078145,0.0,118,-57.879642458677345,0.0,0.0,0.0,0.0,0.0,0.0,0.0,772.0,772.0,0.0,0.0,772.0,0.0,0.0,772
0.0,0.0,-0.0,0.0,19709.57958777838,772.0,-0.0,0.47777324286181316,0.37853033242258655,0.0,799.2,0.0,0.0,1.0,888.0,-0.0,118,-29.801259676762275,0.0,118,-50.430857572797336,0.0,180,-32.0522924653659,0.0,118,-23.06473789398217,0.0,120,-3.3261035772677894,0.0,118,-19.384225393528066,0.0,0.0,0.0,0.0,0.0,0.0,0.0,772.0,772.0,0.0,0.0,772.0,0.0,0.0,772
0.0,0.0,-0.0,0.0,18851.8018100006,772.0,-0.0,0.4569801422926963,0.37853033242258655,0.0,799.2,0.0,0.0,1.0,888.0,-0.0,118,-34.26270243377288,0.0,118,-8.679713119541114,0.0,180,-42.389485764093465,0.0,118,-40.9553636381124,0.0,120,-10.602771051167267,0.0,118,-55.19588041594987,0.0,0.0,0.0,0.0,0.0,0.0,0.0,772.0,772.0,0.0,0.0,772.0,0.0,0.0,772
0.0,0.0,-0.0,0.0,17994.024032222824,772.0,-0.0,0.43618704172357947,0.37853033242258655,0.0,799.2,0.0,0.0,1.0,888.0,-0.0,118,-12.989506416560987,0.0,118,-41.31066747435798,0.0,180,-41.121651445632345,0.0,118,-12.851100078328967,0.0,120,-44.33929973922229,0.0,118,-50.01561084877628,0.0,0.0,0.0,0.0,0.0,0.0,0.0,772.0,772.0,0.0,0.0,772.0,0.0,0.0,772
0.0,0.0,-0.0,0.0,17136.246254445046,772.0,-0.0,0.4153939411544626,0.37853033242258655,0.0,799.2,0.0,0.0,1.0,888.0,-0.0,118,-51.582381337290116,0.0,118,-6.266556725306218,0.0,180,-5.446879889281256,0.0,118,-26.06629312540135,0.0,120,-5.8143795313704505,0.0,118,-39.91421887976736,0.0,0.0,0.0,0.0,0.0,0.0,0.0,772.0,772.0,0.0,0.0,772.0,0.0,0.0,772
0.0,0.0,-0.0,0.0,16278.468476667269,772.0,-0.0,0.3946008405853458,0.37853033242258655,0.0,799.2,0.0,0.0,1.0,888.0,-0.0,118,-43.05364048897148,0.0,118,-45.33781735838782,0.0,180,-13.794375862744115,0.0,118,-56.66577884794584,0.0,120,-57.74592163878479,0.0,118,-6.597072622076132,0.0,0.0,0.0,0.0,0.0,0.0,0.0,772.0,772.0,0.0,0.0,772.0,0.0,0.0,772
0.0,0.0,-0.0,0.0,15420.690698889492,772.0,-0.0,0.3738077400162289,0.37853033242258655,0.0,799.2,0.0,0.0,1.0,888.0,-0.0,118,-30.69658651886667,0.0,118,-30.652190760981554,0.0,180,-51.32166376508865,0.0,118,-33.98640946297414,0.0,120,-4.132421216382925,0.0,118,-18.696151353723288,0.0,0.0,0.0,0.0,0.0,0.0,0.0,772.0,772.0,0.0,0.0,772.0,0.0,0.0,772
0.0,0.0,-0.0,0.0,14562.912921111714,772.0,-0.0,0.3530146394471121,0.37853033242258655,0.0,799.2,0.0,0.0,1.0,888.0,-0.0,118,-57.85145747930281,0.0,118,-11.47045546435594,0.0,180,-1.205454687404608,0.0,118,-38.59231725543339,0.0,120,-32.8840541499672,0.0,118,-23.865502527212637,0.0,0.0,0.0,0.0,0.0,0.0,0.0,772.0,772.0,0.0,0.0,772.0,0.0,0.0,772
0.0,0.0,-0.0,0.0,13705.135143333937,772.0,-0.0,0.3322215388779952,0.37853033242258655,0.0,799.2,0.0,0.0,1.0,888.0,-0.0,118,-49.445206249829916,0.0,118,-59.195367969038244,0.0,180,-41.66764271478534,0.0,118,-28.98919093720895,0.0,120,-13.978088078258466,0.0,118,-46.91652279042346,0.0,0.0,0.0,0.0,0.0,0.0,0.0,772.0,772.0,0.0,0.0,772.0,0.0,0.0,772
0.0,0.0,-0.0,0.0,12847.35736555616,772.0,-0.0,0.3114284383088784,0.37853033242258655,0.0,799.2,0.0,0.0,1.0,888.0,-0.0,118,-3.434823392224211,0.0,118,-17.22396271997357,0.0,180,-48.462802238547525,0.0,118,-45.45070007729832,0.0,120,-39.26118121585919,0.0,118,-25.74832268433631,0.0,0.0,0.0,0.0,0.0,0.0,0.0,772.0,772.0,0.0,0.0,772.0,0.0,0.0,772
0.0,0.0,-0.0,0.0,11989.579587778382,772.0,-0.0,0.2906353377397615,0.37853033242258655,0.0,799.2,0.0,0.0,1.0,888.0,-0.0,118,-44.059264932946235,0.0,118,-6.400377804554836,0.0,180,-41.98083779294817,0.0,118,-52.83312075678785,0.0,120,-59.32383143958628,0.0,118,-57.7808515807423,0.0,0.0,0.0,0.0,0.0,0.0,0.0,772.0,772.0,0.0,0.0,772.0,0.0,0.0,772
0.0,0.0,-0.0,0.0,11131.801810000605,772.0,-0.0,0.26984223717064465,0.37853033242258655,0.0,799.2,0.0,0.0,1.0,888.0,-0.0,118,-20.36337906721168,0.0,118,-24.9016868772825,0.0,180,-3.580319755491743,0.0,118,-58.85824979135309,0.0,120,-40.787923249455375,0.0,118,-42.89406741638567,0.0,0.0,0.0,0.0,0.0,0.0,0.0,772.0,772.0,0.0,0.0,772.0,0.0,0.0,772
0.0,0.0,-0.0,0.0,10274.024032222827,772.0,-0.0,0.24904913660152783,0.37853033242258655,0.0,799.2,0.0,0.0,1.0,888.0,-0.0,118,-11.098087788413729,0.0,118,-13.453029902015627,0.0,180,-2.4840980706123306,0.0,118,-25.66113074040333,0.0,120,-5.81793035781065,0.0,118,-38.0046838402489,0.0,0.0,0.0,0.0,0.0,0.0,0.0,772.0,772.0,0.0,0.0,772.0,0.0,0.0,772
0.0,0.0,-0.0,0.0,9416.24625444505,772.0,-0.0,0.22825603603241099,0.37853033242258655,0.0,799.2,0.0,0.0,1.0,888.0,-0.0,118,-58.02301891524575,0.0,118,-46.162258935083926,0.0,180,-14.339937361446262,0.0,118,-56.500201722757815,0.0,120,-51.74283538487056,0.0,118,-50.098358261335136,0.0,0.0,0.0,0.0,0.0,0.0,0.0,772.0,772.0,0.0,0.0,772.0,0.0,0.0,772
0.0,0.0,-0.0,0.0,8558.468476667273,772.0,-0.0,0.20746293546329414,0.37853033242258655,0.0,799.2,0.0,0.0,1.0,888.0,-0.0,118,-39.581440159776626,0.0,118,-22.056167437096956,0.0,180,-30.660512903469332,0.0,118,-13.796105051271281,0.0,120,-7.642299086538973,0.0,118,-41.15299022643712,0.0,0.0,0.0,0.0,0.0,0.0,0.0,772.0,772.0,0.0,0.0,772.0,0.0,0.0,772
0.0,0.0,-0.0,0.0,7700.690698889495,772.0,-0.0,0.18666983489417727,0.37853033242258655,0.0,799.2,0.0,0.0,1.0,888.0,-0.0,118,-13.674521013496426,0.0,118,-59.055950487723905,0.0,180,-48.8720520385876,0.0,118,-19.84691666016695,0.0,120,-49.57762679317306,0.0,118,-4.025718471039433,0.0,0.0,0.0,0.0,0.0,0.0,0.0,772.0,772.0,0.0,0.0,772.0,0.0,0.0,772
0.0,0.0,-0.0,0.0,6842.912921111718,772.0,-0.0,0.16587673432506042,0.37853033242258655,0.0,799.2,0.0,0.0,1.0,888.0,-0.0,118,-30.844626434471483,0.0,118,-6.8244170827930635,0.0,180,-31.527359377876934,0.0,118,-21.344364272905135,0.0,120,-17.035680374584647,0.0,118,-1.4164919982046276,0.0,0.0,0.0,0.0,0.0,0.0,0.0,772.0,772.0,0.0,0.0,772.0,0.0,0.0,772
0.0,0.0,-0.0,0.0,5985.1351433339405,772.0,-0.0,0.14508363375594358,0.37853033242258655,0.0,799.2,0.0,0.0,1.0,888.0,-0.0,118,-34.41812041517744,0.0,118,-15.461191829509445,0.0,180,-55.13875253541699,0.0,118,-24.82072611544736,0.0,120,-55.52827859614677,0.0,118,-15.172580229678971,0.0,0.0,0.0,0.0,0.0,0.0,0.0,772.0,772.0,0.0,0.0,772.0,0.0,0.0,772
0.0,0.0,-0.0,0.0,5127.357365556163,772.0,-0.0,0.12429053318682673,0.37853033242258655,0.0,799.2,0.0,0.0,1.0,888.0,-0.0,118,-29.344904468111594,0.0,118,-18.884471172722403,0.0,180,-20.493939952751447,0.0,118,-32.07690839657922,0.0,120,-20.95909685658028,0.0,118,-39.83419966460492,0.0,0.0,0.0,0.0,0.0,0.0,0.0,772.0,772.0,0.0,0.0,772.0,0.0,0.0,772
0.0,0.0,-0.0,0.0,4269.579587778386,772.0,-0.0,0.10349743261770988,0.37853033242258655,0.0,799.2,0.0,0.0,1.0,888.0,-0.0,118,-43.80867534629365,0.0,118,-51.821018435281175,0.0,180,-29.446000274013468,0.0,118,-8.554515513107045,0.0,120,-55.95658941815006,0.0,118,-2.7971043175131194,0.0,0.0,0.0,0.0,0.0,0.0,0.0,772.0,772.0,0.0,0.0,772.0,0.0,0.0,772
0.0,0.0,-0.0,0.0,3411.801810000608,772.0,-0.0,0.08270433204859302,0.37853033242258655,0.0,799.2,0.0,0.0,1.0,888.0,-0.0,118,-21.551804807886626,0.0,118,-32.302741625023884,0.0,180,-27.699385101013892,0.0,118,-14.85881584149958,0.0,120,-50.65569993585241,0.0,118,-25.74833228569758,0.0,0.0,0.0,0.0,0.0,0.0,0.0,772.0,772.0,0.0,0.0,772.0,0.0,0.0,772
0.0,0.0,-0.0,0.0,2554.02403222283,772.0,-0.0,0.061911231479476164,0.37853033242258655,0.0,799.2,0.0,0.0,1.0,888.0,-0.0,118,-38.17969203355482,0.0,118,-29.679517668191163,0.0,180,-31.86684370269559,0.0,118,-59.999290432426115,0.0,120,-29.98911665099216,0.0,118,-35.33469311338559,0.0,0.0,0.0,0.0,0.0,0.0,0.0,772.0,772.0,0.0,0.0,772.0,0.0,0.0,772
0.0,0.0,-0.0,0.0,1696.2462544450523,772.0,-0.0,0.041118130910359305,0.37853033242258655,0.0,799.2,0.0,0.0,1.0,888.0,-0.0,118,-49.467188781784984,0.0,118,-53.97077020162361,0.0,180,-35.33901311660645,0.0,118,-38.9954486133644,0.0,120,-1.0032410060490538,0.0,118,-57.02535863011121,0.0,0.0,0.0,0.0,0.0,0.0,0.0,772.0,772.0,0.0,0.0,772.0,0.0,0.0,772
0.0,0.0,-0.0,0.0,838.4684766672746,754.6216290005472,-0.0,0.020325030341242445,0.37853033242258655,6.578240551385921,799.2,0.0,17.37837099945284,1.0,888.0,-15431.993447514124,118,-28.943589523696836,0.0,118,-5.715045822449165,0.0,180,-17.89533143139074,0.0,118,-22.251143971187698,0.0,120,-15.694701990769238,0.0,118,-57.11640216958449,0.0,0.0,0.0,0.0,0.0,-15431.993447514124,-15431.993447514124,772.0,772.0,0.0,0.0,772.0,0.0,0.0,772
0.0,0.0,-0.0,0.0,0.0,0.0,-0.0,0.0,0.37853033242258655,292.2254166302368,799.2,0.0,772.0,1.0,888.0,-685536.0,118,-54.613672345185044,0.0,118,-52.83555453042422,0.0,180,-40.95425424575122,0.0,118,-12.407131764932345,0.0,120,-9.43821512459326,0.0,118,-7.1781119136618665,0.0,0.0,0.0,0.0,0.0,-685536.0,-685536.0,772.0,772.0,0.0,0.0,772.0,0.0,0.0,772
0.0,0.0,-0.0,0.0,0.0,0.0,-0.0,0.0,0.37853033242258655,292.982477295082,799.2,0.0,774.0,1.0,888.0,-687312.0,118,-3.877118087175331,0.0,118,-47.34074380449702,0.0,180,-36.02380105879679,0.0,120,-0.9817473432158175,0.0,120,-53.96374746463186,0.0,118,-35.452374257059894,0.0,0.0,0.0,0.0,0.0,-687312.0,-687312.0,774.0,774.0,0.0,0.0,774.0,0.0,0.0,774
0.0,0.0,-0.0,0.0,0.0,0.0,-0.0,0.0,0.37853033242258655,292.982477295082,799.2,0.0,774.0,1.0,888.0,-687312.0,118,-37.273852967600156,0.0,118,-29.413205092057236,0.0,180,-26.907395157228873,0.0,120,-53.2458259246164,0.0,120,-22.54015338025384,0.0,118,-58.61474341067776,0.0,0.0,0.0,0.0,0.0,-687312.0,-687312.0,774.0,774.0,0.0,0.0,774.0,0.0,0.0,774
0.0,0.0,-0.0,0.0,0.0,0.0,-0.0,0.0,0.37853033242258655,292.982477295082,799.2,0.0,774.0,1.0,888.0,-687312.0,118,-59.68262026368846,0.0,118,-21.45595967437947,0.0,180,-37.46687084907446,0.0,120,-15.776934529053223,0.0,120,-30.095089132513287,0.0,118,-56.11161606936167,0.0,0.0,0.0,0.0,0.0,-687312.0,-687312.0,774.0,774.0,0.0,0.0,774.0,0.0,0.0,774
0.0,0.0,-0.0,0.0,0.0,0.0,-0.0,0.0,0.37853033242258655,292.982477295082,799.2,0.0,774.0,1.0,888.0,-687312.0,118,-58.32027804606482,0.0,118,-50.346409519410074,0.0,180,-44.500728266646775,0.0,120,-46.48613302194539,0.0,120,-37.16804611900722,0.0,118,-55.38776552620972,0.0,0.0,0.0,0.0,0.0,-687312.0,-687312.0,774.0,774.0,0.0,0.0,774.0,0.0,0.0,774
0.0,0.0,-0.0,0.0,0.0,0.0,-0.0,0.0,0.37853033242258655,292.982477295082,799.2,0.0,774.0,1.0,888.0,-687312.0,118,-30.77965889120606,0.0,118,-56.5431732501295,0.0,180,-5.842790405131161,0.0,120,-9.443353953430444,0.0,120,-3.2278623249072114,0.0,118,-50.8517237136515,0.0,0.0,0.0,0.0,0.0,-687312.0,-687312.0,774.0,774.0,0.0,0.0,774.0,0.0,0.0,774
0.0,0.0,-0.0,0.0,0.0,0.0,-0.0,0.0,0.37853033242258655,292.982477295082,799.2,0.0,774.0,1.0,888.0,-687312.0,118,-50.073214818444775,0.0,118,-8.833389111372064,0.0,180,-49.72147532105345,0.0,120,-39.67663622770355,0.0,120,-50.571643888548266,0.0,118,-22.40771601467525,0.0,0.0,0.0,0.0,0.0,-687312.0,-687312.0,774.0,774.0,0.0,0.0,774.0,0.0,0.0,774
0.0,0.0,-0.0,0.0,0.0,0.0,-0.0,0.0,0.37853033242258655,292.982477295082,799.2,0.0,774.0,1.0,888.0,-687312.0,118,-23.54885413256011,0.0,118,-37.779130552810955,0.0,180,-52.92034538273509,0.0,120,-33.095071733904305,0.0,120,-44.312941853366546,0.0,118,-44.511835539068294,0.0,0.0,0.0,0.0,0.0,-687312.0,-687312.0,774.0,774.0,0.0,0.0,774.0,0.0,0.0,774
0.0,0.0,-0.0,0.0,0.0,0.0,-0.0,0.0,0.37853033242258655,292.982477295082,799.2,0.0,774.0,1.0,888.0,-687312.0,118,-40.623468857897706,0.0,118,-13.467041927893838,0.0,180,-21.725922058304207,0.0,120,-39.86045611686103,0.0,120,-18.680436488986018,0.0,118,-44.10198682941715,0.0,0.0,0.0,0.0,0.0,-687312.0,-687312.0,774.0,774.0,0.0,0.0,774.0,0.0,0.0,774
0.0,0.0,-0.0,0.0,0.0,0.0,-0.0,0.0,0.37853033242258655,292.982477295082,799.2,0.0,774.0,1.0,888.0,-687312.0,118,-19.045610022226434,0.0,118,-33.05976965366663,0.0,180,-4.757675015965718,0.0,120,-52.13181202561103,0.0,120,-29.39240736498447,0.0,118,-46.0369182893583,0.0,0.0,0.0,0.0,0.0,-687312.0,-687312.0,774.0,774.0,0.0,0.0,774.0,0.0,0.0,774
0.0,0.0,-0.0,0.0,0.0,0.0,-0.0,0.0,0.37853033242258655,269.51359668488163,799.2,0.0,712.0,1.0,888.0,-632256.0,118,-0.6312474791014688,0.0,118,-26.991544047993756,0.0,118,-48.14864386895886,0.0,120,-36.61821514978054,0.0,120,-40.61202449044342,0.0,118,-42.74554899938107,0.0,0.0,0.0,0.0,0.0,-632256.0,-632256.0,712.0,712.0,0.0,0.0,712.0,0.0,0.0,712
0.0,0.0,-0.0,0.0,0.0,0.0,-0.0,0.0,0.37853033242258655,269.51359668488163,799.2,0.0,712.0,1.0,888.0,-632256.0,118,-9.811094486793102,0.0,118,-35.13734491216116,0.0,118,-10.410645512712456,0.0,120,-0.2088180393777539,0.0,120,-16.005795860797353,0.0,118,-7.109158343706197,0.0,0.0,0.0,0.0,0.0,-632256.0,-632256.0,712.0,712.0,0.0,0.0,712.0,0.0,0.0,712
0.0,0.0,-0.0,0.0,0.0,0.0,-0.0,0.0,0.37853033242258655,269.51359668488163,799.2,0.0,712.0,1.0,888.0,-632256.0,118,-58.12274872485365,0.0,118,-33.46980742660993,0.0,118,-56.676367417436985,0.0,120,-14.027207139797476,0.0,120,-23.039889008840824,0.0,118,-4.732307260336139,0.0,0.0,0.0,0.0,0.0,-632256.0,-632256.0,712.0,712.0,0.0,0.0,712.0,0.0,0.0,712
0.0,0.0,-0.0,0.0,0.0,0.0,-0.0,0.0,0.37853033242258655,270.2706573497268,799.2,0.0,714.0,1.0,888.0,-634032.0,118,-52.00507609764419,0.0,118,-43.60140865999229,0.0,120,-57.71141897308671,0.0,120,-14.835363751100093,0.0,120,-36.74320415060495,0.0,118,-33.37128880095736,0.0,0.0,0.0,0.0,0.0,-634032.0,-634032.0,714.0,714.0,0.0,0.0,714.0,0.0,0.0,714
0.0,0.0,-0.0,0.0,0.0,0.0,-0.0,0.0,0.37853033242258655,270.2706573497268,799.2,0.0,714.0,1.0,888.0,-634032.0,118,-50.46589719612145,0.0,118,-2.0245801481528614,0.0,120,-26.45028220321376,0.0,120,-16.908628670058448,0.0,120,-42.57376769827736,0.0,118,-49.60943275934672,0.0,0.0,0.0,0.0,0.0,-634032.0,-634032.0,714.0,714.0,0.0,0.0,714.0,0.0,0.0,714
0.0,0.0,-0.0,0.0,0.0,0.0,-0.0,0.0,0.37853033242258655,270.2706573497268,799.2,0.0,714.0,1.0,888.0,-634032.0,118,-37.26437297199449,0.0,118,-28.888821661638083,0.0,120,-37.45801659209212,0.0,120,-56.96975926436566,0.0,120,-11.5241793580673,0.0,118,-4.77360347795279,0.0,0.0,0.0,0.0,0.0,-634032.0,-634032.0,714.0,714.0,0.0,0.0,714.0,0.0,0.0,714
0.0,0.0,-0.0,0.0,0.0,0.0,-0.0,0.0,0.37853033242258655,270.2706573497268,799.2,0.0,714.0,1.0,888.0,-634032.0,118,-9.938756209115525,0.0,118,-34.68586043970481,0.0,120,-0.3338733377409753,0.0,120,-57.55899207104943,0.0,120,-31.657835962145462,0.0,118,-24.225964908956787,0.0,0.0,0.0,0.0,0.0,-634032.0,-634032.0,714.0,714.0,0.0,0.0,714.0,0.0,0.0,714
0.0,0.0,-0.0,0.0,0.0,0.0,-0.0,0.0,0.37853033242258655,270.2706573497268,799.2,0.0,714.0,1.0,888.0,-634032.0,118,-58.08715156387032,0.0,118,-20.05312979482715,0.0,120,-0.028542475794255395,0.0,120,-39.01587086899516,0.0,120,-20.376524289427767,0.0,118,-55.41010651079555,0.0,0.0,0.0,0.0,0.0,-634032.0,-634032.0,714.0,714.0,0.0,0.0,714.0,0.0,0.0,714
0.0,0.0,-0.0,0.0,0.0,0.0,-0.0,0.0,0.37853033242258655,270.2706573497268,799.2,0.0,714.0,1.0,888.0,-634032.0,118,-58.413767123524124,0.0,118,-53.83920829850722,0.0,120,-58.882363748985476,0.0,120,-43.50095500424339,0.0,120,-8.12247636914526,0.0,118,-35.27430270509864,0.0,0.0,0.0,0.0,0.0,-634032.0,-634032.0,714.0,714.0,0.0,0.0,714.0,0.0,0.0,714
0.0,0.0,-0.0,0.0,0.0,0.0,-0.0,0.0,0.37853033242258655,270.2706573497268,799.2,0.0,714.0,1.0,888.0,-634032.0,118,-0.2903880927578917,0.0,118,-34.85579937124718,0.0,120,-23.24977440560238,0.0,120,-33.696381319106685,0.0,120,-10.07475170763337,0.0,118,-44.11617762736963,0.0,0.0,0.0,0.0,0.0,-634032.0,-634032.0,714.0,714.0,0.0,0.0,714.0,0.0,0.0,714
0.0,0.0,-0.0,0.0,0.0,0.0,-0.0,0.0,0.37853033242258655,270.2706573497268,799.2,0.0,714.0,1.0,888.0,-634032.0,118,-17.6550130452677,0.0,118,-23.405216517253827,0.0,120,-43.17691725437996,0.0,120,-20.173919370229957,0.0,120,-31.03656651536228,0.0,118,-38.19113891513049,0.0,0.0,0.0,0.0,0.0,-634032.0,-634032.0,714.0,714.0,0.0,0.0,714.0,0.0,0.0,714
0.0,0.0,-0.0,0.0,0.0,0.0,-0.0,0.0,0.37853033242258655,270.2706573497268,799.2,0.0,714.0,1.0,888.0,-634032.0,118,-21.18504158358845,0.0,118,-31.594694751272563,0.0,120,-41.468856739336815,0.0,120,-17.080573480843857,0.0,120,-11.962238950552939,0.0,118,-39.95330048655844,0.0,0.0,0.0,0.0,0.0,-634032.0,-634032.0,714.0,714.0,0.0,0.0,714.0,0.0,0.0,714
0.0,0.0,-0.0,0.0,0.0,0.0,-0.0,0.0,0.37853033242258655,270.2706573497268,799.2,0.0,714.0,1.0,888.0,-634032.0,118,-15.436692913514019,0.0,118,-15.646984247358198,0.0,120,-8.252221600228157,0.0,120,-24.716999540984105,0.0,120,-58.2177341507601,0.0,118,-27.30240743068711,0.0,0.0,0.0,0.0,0.0,-634032.0,-634032.0,714.0,714.0,0.0,0.0,714.0,0.0,0.0,714
0.0,0.0,-0.0,0.0,0.0,0.0,-0.0,0.0,0.37853033242258655,270.2706573497268,799.2,0.0,714.0,1.0,888.0,-634032.0,118,-56.907874671773996,0.0,118,-54.583127504624734,0.0,120,-26.36183453539764,0.0,120,-51.97591750118925,0.0,120,-18.047146717269804,0.0,118,-33.46447425106567,0.0,0.0,0.0,0.0,0.0,-634032.0,-634032.0,714.0,714.0,0.0,0.0,714.0,0.0,0.0,714
0.0,0.0,-0.0,0.0,0.0,0.0,-0.0,0.0,0.37853033242258655,271.027718014572,799.2,0.0,716.0,1.0,888.0,-635808.0,118,-27.92186415758487,0.0,120,-11.815642079392,0.0,120,-57.69430001465102,0.0,120,-20.87174474109021,0.0,120,-4.941978824291528,0.0,118,-26.567748027609,0.0,0.0,0.0,0.0,0.0,-635808.0,-635808.0,716.0,716.0,0.0,0.0,716.0,0.0,0.0,716
0.0,0.0,-0.0,0.0,0.0,0.0,-0.0,0.0,0.37853033242258655,271.7847786794171,799.2,0.0,718.0,1.0,888.0,-637584.0,118,-48.440068130573025,0.0,120,-52.150585817616154,0.0,120,-3.563482217554488,0.0,120,-11.560847929901099,0.0,120,-19.125934389945737,0.0,120,-2.096689958469067,0.0,0.0,0.0,0.0,0.0,-637584.0,-637584.0,718.0,718.0,0.0,0.0,718.0,0.0,0.0,718
0.0,0.0,-0.0,0.0,0.0,0.0,-0.0,0.0,0.37853033242258655,271.7847786794171,799.2,0.0,718.0,1.0,888.0,-637584.0,118,-26.66243358449089,0.0,120,-37.19254670816716,0.0,120,-27.160630218876637,0.0,120,-53.24135530410538,0.0,120,-3.3196586930272565,0.0,120,-48.62450486006583,0.0,0.0,0.0,0.0,0.0,-637584.0,-637584.0,718.0,718.0,0.0,0.0,718.0,0.0,0.0,718
0.0,0.0,-0.0,0.0,0.0,0.0,-0.0,0.0,0.37853033242258655,271.7847786794171,799.2,0.0,718.0,1.0,888.0,-637584.0,118,-12.831309993476248,0.0,120,-35.28170578415648,0.0,120,-26.9537622692965,0.0,120,-37.57824344743392,0.0,120,-22.58055605145458,0.0,120,-17.818585702187086,0.0,0.0,0.0,0.0,0.0,-637584.0,-637584.0,718.0,718.0,0.0,0.0,718.0,0.0,0.0,718
0.0,0.0,-0.0,0.0,0.0,0.0,-0.0,0.0,0.37853033242258655,271.7847786794171,799.2,0.0,718.0,1.0,888.0,-637584.0,118,-55.05628867539262,0.0,120,-28.476947916300688,0.0,120,-29.251346537157705,0.0,120,-38.59765395801402,0.0,120,-49.92418300704303,0.0,120,-4.494953742084906,0.0,0.0,0.0,0.0,0.0,-637584.0,-637584.0,718.0,718.0,0.0,0.0,718.0,0.0,0.0,718
0.0,0.0,-0.0,0.0,0.0,0.0,-0.0,0.0,0.37853033242258655,271.7847786794171,799.2,0.0,718.0,1.0,888.0,-637584.0,118,-30.882627875934972,0.0,120,-37.07484445834492,0.0,120,-4.831752416644244,0.0,120,-23.877372005209292,0.0,120,-41.069863303075124,0.0,120,-32.79502086860054,0.0,0.0,0.0,0.0,0.0,-637584.0,-637584.0,718.0,718.0,0.0,0.0,718.0,0.0,0.0,718
0.0,0.0,-0.0,0.0,0.0,0.0,-0.0,0.0,0.37853033242258655,271.7847786794171,799.2,0.0,718.0,1.0,888.0,-637584.0,118,-27.307480993829095,0.0,120,-17.028946368488604,0.0,120,-59.76810105374839,0.0,120,-14.717501604447502,0.0,120,-12.685541936533784,0.0,120,-8.511681253089623,0.0,0.0,0.0,0.0,0.0,-637584.0,-637584.0,718.0,718.0,0.0,0.0,718.0,0.0,0.0,718
0.0,0.0,-0.0,0.0,0.0,0.0,-0.0,0.0,0.37853033242258655,271.7847786794171,799.2,0.0,718.0,1.0,888.0,-637584.0,118,-56.37259832173154,0.0,120,-57.6522924106959,0.0,120,-14.343975839652456,0.0,120,-30.214522952066613,0.0,120,-44.95023022844541,0.0,120,-18.28461808716512,0.0,0.0,0.0,0.0,0.0,-637584.0,-637584.0,718.0,718.0,0.0,0.0,718.0,0.0,0.0,718
0.0,0.0,-0.0,0.0,0.0,0.0,-0.0,0.0,0.37853033242258655,271.7847786794171,799.2,0.0,718.0,1.0,888.0,-637584.0,118,-43.7669001166483,0.0,120,-30.193761777214,0.0,120,-3.4400054108311506,0.0,120,-16.794970744536023,0.0,120,-22.762842974217016,0.0,120,-35.6369644701717,0.0,0.0,0.0,0.0,0.0,-637584.0,-637584.0,718.0,718.0,0.0,0.0,718.0,0.0,0.0,718
0.0,0.0,-0.0,0.0,0.0,0.0,-0.0,0.0,0.37853033242258655,271.7847786794171,799.2,0.0,718.0,1.0,888.0,-637584.0,118,-59.33478356085299,0.0,120,-3.431164680437835,0.0,120,-44.97093959572753,0.0,120,-3.3048673102183668,0.0,120,-11.600534386447535,0.0,120,-9.953088391704679,0.0,0.0,0.0,0.0,0.0,-637584.0,-637584.0,718.0,718.0,0.0,0.0,718.0,0.0,0.0,718
0.0,0.0,-0.0,0.0,0.0,0.0,-0.0,0.0,0.37853033242258655,271.7847786794171,799.2,0.0,718.0,1.0,888.0,-637584.0,118,-55.76505456216885,0.0,120,-0.08568976798481343,0.0,120,-3.020846191235229,0.0,120,-5.181314628900635,0.0,120,-3.8712551839943554,0.0,120,-40.656859674309665,0.0,0.0,0.0,0.0,0.0,-637584.0,-637584.0,718.0,718.0,0.0,0.0,718.0,0.0,0.0,718
0.0,0.0,-0.0,0.0,0.0,0.0,-0.0,0.0,0.37853033242258655,271.7847786794171,799.2,0.0,718.0,1.0,888.0,-637584.0,118,-8.16331692471763,0.0,120,-10.385761987486543,0.0,120,-22.161784544751594,0.0,120,-3.6550178266046096,0.0,120,-49.922598669870155,0.0,120,-10.445470008885053,0.0,0.0,0.0,0.0,0.0,-637584.0,-637584.0,718.0,718.0,0.0,0.0,718.0,0.0,0.0,718
0.0,0.0,-0.0,0.0,0.0,0.0,-0.0,0.0,0.37853033242258655,271.7847786794171,799.2,0.0,718.0,1.0,888.0,-637584.0,118,-57.26650024936682,0.0,120,-18.70462362070787,0.0,120,-48.04405714253186,0.0,120,-8.030781854601724,0.0,120,-21.855178346553856,0.0,120,-59.3015413898775,0.0,0.0,0.0,0.0,0.0,-637584.0,-637584.0,718.0,718.0,0.0,0.0,718.0,0.0,0.0,718
0.0,0.0,-0.0,0.0,0.0,0.0,-0.0,0.0,0.37853033242258655,271.7847786794171,799.2,0.0,718.0,1.0,888.0,-637584.0,118,-21.61419845232921,0.0,120,-57.007442641167664,0.0,120,-52.76454233874585,0.0,120,-51.266221042233056,0.0,120,-58.930484013434196,0.0,120,-12.113206364559026,0.0,0.0,0.0,0.0,0.0,-637584.0,-637584.0,718.0,718.0,0.0,0.0,718.0,0.0,0.0,718
0.0,0.0,-0.0,0.0,0.0,0.0,-0.0,0.0,0.37853033242258655,271.7847786794171,799.2,0.0,718.0,1.0,888.0,-637584.0,118,-3.0916879997128865,0.0,120,-38.66484694270462,0.0,120,-56.04472626766768,0.0,120,-44.42981518298246,0.0,120,-58.5277080605264,0.0,120,-50.45920431536172,0.0,0.0,0.0,0.0,0.0,-637584.0,-637584.0,718.0,718.0,0.0,0.0,718.0,0.0,0.0,718
0.0,0.0,-0.0,0.0,0.0,0.0,-0.0,0.0,0.37853033242258655,271.7847786794171,799.2,0.0,718.0,1.0,888.0,-637584.0,118,-4.849917079933026,0.0,120,-52.41326933564165,0.0,120,-37.79031922842431,0.0,120,-1.7461888321731789,0.0,120,-13.622243345961607,0.0,120,-29.07866325813734,0.0,0.0,0.0,0.0,0.0,-637584.0,-637584.0,718.0,718.0,0.0,0.0,718.0,0.0,0.0,718
380.55796226681184,0.0,-3805.5796226681186,0.0,0.0,0.0,-0.0,0.0,0.37853033242258655,127.69202095046289,799.2,0.0,337.3362978159148,1.0,888.0,-299554.63246053236,118,-23.66040288304242,0.0,120,-16.64472801144442,0.0,120,-15.831613439909532,0.0,120,-35.878073812353236,0.0,120,-36.71549425349254,0.0,120,-19.9289978664708,0.0,0.0,0.105739917273357,0.105739917273357,0.0,-303360.21208320046,-303360.21208320046,718.0,718.0,380.6637021840852,0.0,337.3362978159148,0.0,0.0,718
380.55796226681184,0.0,-3805.5796226681186,0.0,0.0,0.0,-0.0,0.0,0.37853033242258655,127.69202095046289,799.2,0.0,337.3362978159148,1.0,888.0,-299554.63246053236,118,-35.91263655317996,0.0,120,-15.145282710400341,0.0,120,-9.09767866323075,0.0,120,-36.96759487713634,0.0,120,-45.42644036127909,0.0,120,-22.257208179423813,0.0,0.0,0.105739917273357,0.105739917273357,0.0,-303360.21208320046,-303360.21208320046,718.0,718.0,380.6637021840852,0.0,337.3362978159148,0.0,0.0,718
380.55796226681184,0.0,-3805.5796226681186,0.0,0.0,0.0,-0.0,0.0,0.37853033242258655,127.69202095046289,799.2,0.0,337.3362978159148,1.0,888.0,-299554.63246053236,118,-48.86420861379657,0.0,120,-53.894639107285464,0.0,120,-52.782700453898194,0.0,120,-30.446032684711067,0.0,120,-52.05817949442997,0.0,120,-30.903383034164406,0.0,0.0,0.105739917273357,0.105739917273357,0.0,-303360.21208320046,-303360.21208320046,718.0,718.0,380.6637021840852,0.0,337.3362978159148,0.0,0.0,718
380.55796226681184,0.0,-3805.5796226681186,0.0,0.0,0.0,-0.0,0.0,0.37853033242258655,127.69202095046289,799.2,0.0,337.3362978159148,1.0,888.0,-299554.63246053236,118,-53.87957146367176,0.0,120,-45.130035905192216,0.0,120,-4.097840710788773,0.0,120,-9.108533633186475,0.0,120,-44.79989618596518,0.0,120,-16.996547372179336,0.0,0.0,0.105739917273357,0.105739917273357,0.0,-303360.21208320046,-303360.21208320046,718.0,718.0,380.6637021840852,0.0,337.3362978159148,0.0,0.0,718
380.55796226681184,0.0,-3805.5796226681186,0.0,0.0,0.0,-0.0,0.0,0.37853033242258655,127.69202095046289,799.2,0.0,337.3362978159148,1.0,888.0,-299554.63246053236,118,-34.64115433771409,0.0,120,-36.94255366788495,0.0,120,-32.419011381201095,0.0,120,-23.185976340736488,0.0,120,-41.914752876955475,0.0,120,-24.525471747500294,0.0,0.0,0.105739917273357,0.105739917273357,0.0,-303360.21208320046,-303360.21208320046,718.0,718.0,380.6637021840852,0.0,337.3362978159148,0.0,0.0,718
380.55796226681184,0.0,-3805.5796226681186,0.0,0.0,0.0,-0.0,0.0,0.37853033242258655,127.69202095046289,799.2,0.0,337.3362978159148,1.0,888.0,-299554.63246053236,118,-59.41410861950719,0.0,120,-40.2022736475579,0.0,120,-3.7856891522114133,0.0,120,-3.2892570469018345,0.0,120,-51.83109680337067,0.0,120,-4.181775079931382,0.0,0.0,0.105739917273357,0.105739917273357,0.0,-303360.21208320046,-303360.21208320046,718.0,718.0,380.6637021840852,0.0,337.3362978159148,0.0,0.0,718
1174.080487948371,0.0,-11740.80487948371,460.40671203504735,0.0,0.0,-0.0,0.0,0.37853033242258655,0.0,799.2,0.0,0.0,1.0,888.0,-0.0,118,-0.21202196609635182,0.0,120,-56.78649041920851,0.0,118,-45.5398244746298,0.0,118,-23.7150817231649,0.0,120,-49.328937860987786,0.0,120,-23.00764664264371,0.0,0.0,0.326224086676402,0.326224086676402,0.0,-11740.80487948371,-11740.80487948371,1174.4067120350473,1174.4067120350473,1174.4067120350473,0.0,0.0,460.40671203504735,0.0,714
1174.080487948371,0.0,-11740.80487948371,460.40671203504735,414.36604083154265,0.0,-0.0,0.010044506843903296,0.37853033242258655,0.0,799.2,0.0,0.0,1.0,888.0,-0.0,118,-3.750244767270312,0.0,120,-38.29870217095498,0.0,118,-37.026448887809416,0.0,118,-55.63224067309569,0.0,120,-46.482144586299064,0.0,120,-46.384045426256755,0.0,0.0,0.326224086676402,0.326224086676402,0.0,-11740.80487948371,-11740.80487948371,1174.4067120350473,1174.4067120350473,1174.4067120350473,0.0,0.0,460.40671203504735,0.0,714
1174.080487948371,0.0,-11740.80487948371,460.40671203504735,828.7320816630853,0.0,-0.0,0.020089013687806592,0.37853033242258655,0.0,799.2,0.0,0.0,1.0,888.0,-0.0,118,-42.48246137610044,0.0,120,-31.7075995164586,0.0,118,-11.35901914218254,0.0,118,-49.32196429933279,0.0,120,-51.46950692074496,0.0,120,-38.89376951693022,0.0,0.0,0.326224086676402,0.326224086676402,0.0,-11740.80487948371,-11740.80487948371,1174.4067120350473,1174.4067120350473,1174.4067120350473,0.0,0.0,460.40671203504735,0.0,714
1174.080487948371,0.0,-11740.80487948371,460.40671203504735,1243.098122494628,0.0,-0.0,0.030133520531709885,0.37853033242258655,0.0,799.2,0.0,0.0,1.0,888.0,-0.0,118,-55.53240295249195,0.0,120,-37.02353207102355,0.0,118,-44.022495172503916,0.0,118,-57.7510363373357,0.0,120,-12.073202085190964,0.0,120,-18.251929873491854,0.0,0.0,0.326224086676402,0.326224086676402,0.0,-11740.80487948371,-11740.80487948371,1174.4067120350473,1174.4067120350473,1174.4067120350473,0.0,0.0,460.40671203504735,0.0,714
1174.080487948371,0.0,-11740.80487948371,460.40671203504735,1657.4641633261706,0.0,-0.0,0.040178027375613184,0.37853033242258655,0.0,799.2,0.0,0.0,1.0,888.0,-0.0,118,-48.556738787680736,0.0,120,-48.22918892055607,0.0,118,-2.957739209721002,0.0,118,-45.42707536448821,0.0,120,-11.327319487797222,0.0,120,-27.028166411117013,0.0,0.0,0.326224086676402,0.326224086676402,0.0,-11740.80487948371,-11740.80487948371,1174.4067120350473,1174.4067120350473,1174.4067120350473,0.0,0.0,460.40671203504735,0.0,714
1174.080487948371,0.0,-11740.80487948371,460.40671203504735,2071.830204157713,0.0,-0.0,0.050222534219516474,0.37853033242258655,0.0,799.2,0.0,0.0,1.0,888.0,-0.0,118,-25.193362763604384,0.0,120,-7.498204754199196,0.0,118,-7.394641679364263,0.0,118,-17.791513931189552,0.0,120,-46.39152199891835,0.0,120,-58.625972671610825,0.0,0.0,0.326224086676402,0.326224086676402,0.0,-11740.80487948371,-11740.80487948371,1174.4067120350473,1174.4067120350473,1174.4067120350473,0.0,0.0,460.40671203504735,0.0,714
1858.1810734680207,0.0,-18581.810734680206,1144.697378295325,2486.196244989256,0.0,-0.0,0.06026704106341977,0.37853033242258655,0.0,799.2,0.0,0.0,1.0,888.0,-0.0,118,-38.36607258487434,0.0,120,-55.429465472800686,0.0,118,-45.99685201584949,0.0,118,-29.894011685351206,0.0,120,-50.783272232332244,0.0,120,-43.7165692712633,0.0,0.0,0.516304827304257,0.516304827304257,0.0,-18581.810734680206,-18581.810734680206,1858.697378295325,1858.697378295325,1858.697378295325,0.0,0.0,1144.697378295325,0.0,714
1858.1810734680207,0.0,-18581.810734680206,1144.697378295325,3516.4238854550485,0.0,-0.0,0.08524044034264293,0.37853033242258655,0.0,799.2,0.0,0.0,1.0,888.0,-0.0,118,-42.951288985111354,0.0,120,-14.403147544722579,0.0,118,-25.711890354392864,0.0,118,-52.6301853780486,0.0,120,-32.37516125032504,0.0,120,-24.82465115448732,0.0,0.0,0.516304827304257,0.516304827304257,0.0,-18581.810734680206,-18581.810734680206,1858.697378295325,1858.697378295325,1858.697378295325,0.0,0.0,1144.697378295325,0.0,714
1858.1810734680207,0.0,-18581.810734680206,1144.697378295325,4546.651525920841,0.0,-0.0,0.11021383962186607,0.37853033242258655,0.0,799.2,0.0,0.0,1.0,888.0,-0.0,118,-52.940738121202024,0.0,120,-45.45103093623306,0.0,118,-15.207155723715893,0.0,118,-9.406465654028594,0.0,120,-56.708833179807655,0.0,120,-36.15112085955749,0.0,0.0,0.516304827304257,0.516304827304257,0.0,-18581.810734680206,-18581.810734680206,1858.697378295325,1858.697378295325,1858.697378295325,0.0,0.0,1144.697378295325,0.0,714
1858.1810734680207,0.0,-18581.810734680206,1144.697378295325,5576.879166386633,0.0,-0.0,0.13518723890108922,0.37853033242258655,0.0,799.2,0.0,0.0,1.0,888.0,-0.0,118,-8.293413392635989,0.0,120,-16.792608425673485,0.0,118,-29.871526497488535,0.0,118,-40.97463734085022,0.0,120,-21.604918050238723,0.0,120,-17.38909668098167,0.0,0.0,0.516304827304257,0.516304827304257,0.0,-18581.810734680206,-18581.810734680206,1858.697378295325,1858.697378295325,1858.697378295325,0.0,0.0,1144.697378295325,0.0,714
1858.1810734680207,0.0,-18581.810734680206,1144.697378295325,6607.1068068524255,0.0,-0.0,0.16016063818031234,0.37853033242258655,0.0,799.2,0.0,0.0,1.0,888.0,-0.0,118,-52.25741232116653,0.0,120,-30.014340840102474,0.0,118,-1.6003513765798028,0.0,118,-16.989416128969236,0.0,120,-4.459787887164972,0.0,120,-30.726066816909086,0.0,0.0,0.516304827304257,0.516304827304257,0.0,-18581.810734680206,-18581.810734680206,1858.697378295325,1858.697378295325,1858.697378295325,0.0,0.0,1144.697378295325,0.0,714
1858.1810734680207,0.0,-18581.810734680206,1144.697378295325,7637.334447318218,0.0,-0.0,0.1851340374595355,0.37853033242258655,0.0,799.2,0.0,0.0,1.0,888.0,-0.0,118,-28.24212753198173,0.0,120,-11.901147204115684,0.0,118,-49.80015379802535,0.0,118,-1.220915883023661,0.0,120,-40.648549781191164,0.0,120,-13.329361669114954,0.0,0.0,0.516304827304257,0.516304827304257,0.0,-18581.810734680206,-18581.810734680206,1858.697378295325,1858.697378295325,1858.697378295325,0.0,0.0,1144.697378295325,0.0,714
2294.9353306267717,0.0,-22949.353306267716,1581.5729897906026,8667.56208778401,0.0,-0.0,0.21010743673875865,0.37853033242258655,0.0,799.2,0.0,0.0,1.0,888.0,-0.0,118,-9.802023409936815,0.0,120,-2.3244001602006126,0.0,118,-42.97020508046051,0.0,118,-41.906592538709056,0.0,120,-57.47908349600353,0.0,120,-44.68322496479889,0.0,0.0,0.637659163830723,0.637659163830723,0.0,-22949.353306267716,-22949.353306267716,2295.5729897906026,2295.5729897906026,2295.5729897906026,0.0,0.0,1581.5729897906026,0.0,714
2294.9353306267717,0.0,-22949.353306267716,1581.5729897906026,10090.977778595552,0.0,-0.0,0.24461197436781693,0.37853033242258655,0.0,799.2,0.0,0.0,1.0,888.0,-0.0,118,-34.38456519163944,0.0,120,-34.578265163129934,0.0,118,-8.25114055522591,0.0,118,-53.829634242341164,0.0,120,-30.963151966384256,0.0,120,-52.48652225355336,0.0,0.0,0.637659163830723,0.637659163830723,0.0,-22949.353306267716,-22949.353306267716,2295.5729897906026,2295.5729897906026,2295.5729897906026,0.0,0.0,1581.5729897906026,0.0,714
2294.9353306267717,0.0,-22949.353306267716,1581.5729897906026,11514.393469407094,0.0,-0.0,0.27911651199687526,0.37853033242258655,0.0,799.2,0.0,0.0,1.0,888.0,-0.0,118,-55.616545489779284,0.0,120,-23.833825315506562,0.0,118,-4.871412717507139,0.0,118,-37.83067294624687,0.0,120,-7.477301508016263,0.0,120,-55.8684147498281,0.0,0.0,0.637659163830723,0.637659163830723,0.0,-22949.353306267716,-22949.353306267716,2295.5729897906026,2295.5729897906026,2295.5729897906026,0.0,0.0,1581.5729897906026,0.0,714
2294.9353306267717,0.0,-22949.353306267716,1581.5729897906026,12937.809160218636,0.0,-0.0,0.3136210496259335,0.37853033242258655,0.0,799.2,0.0,0.0,1.0,888.0,-0.0,118,-59.87955995197865,0.0,120,-50.343114564553126,0.0,118,-16.036453701726213,0.0,118,-57.238255228016854,0.0,120,-56.719036353167304,0.0,120,-51.77362993120085,0.0,0.0,0.637659163830723,0.637659163830723,0.0,-22949.353306267716,-22949.353306267716,2295.5729897906026,2295.5729897906026,2295.5729897906026,0.0,0.0,1581.5729897906026,0.0,714
2294.9353306267717,0.0,-22949.353306267716,1581.5729897906026,14361.224851030178,0.0,-0.0,0.3481255872549918,0.37853033242258655,0.0,799.2,0.0,0.0,1.0,888.0,-0.0,118,-48.932290432059446,0.0,120,-56.779774633320805,0.0,118,-30.43039342469906,0.0,118,-43.429751981165126,0.0,120,-31.33428842667797,0.0,120,-14.155810811097588,0.0,0.0,0.637659163830723,0.637659163830723,0.0,-22949.353306267716,-22949.353306267716,2295.5729897906026,2295.5729897906026,2295.5729897906026,0.0,0.0,1581.5729897906026,0.0,714
2294.9353306267717,0.0,-22949.353306267716,1581.5729897906026,15784.64054184172,0.0,-0.0,0.3826301248840501,0.37853033242258655,0.0,799.2,0.0,0.0,1.0,888.0,-0.0,118,-40.2560116387548,0.0,120,-15.061686543152575,0.0,118,-54.958044360274144,0.0,118,-44.116608159833454,0.0,120,-34.18560622222379,0.0,120,-27.79165972925698,0.0,0.0,0.637659163830723,0.637659163830723,0.0,-22949.353306267716,-22949.353306267716,2295.5729897906026,2295.5729897906026,2295.5729897906026,0.0,0.0,1581.5729897906026,0.0,714
2477.0511020317986,0.0,-24770.511020317987,1763.739362965956,17208.056232653264,0.0,-0.0,0.4171346625131085,0.37853033242258655,0.0,799.2,0.0,0.0,1.0,888.0,-0.0,118,-16.2517884499712,0.0,120,-56.97442192018161,0.0,118,-1.0727308640025335,0.0,118,-35.07570467378083,0.0,120,-23.7611563118064,0.0,120,-26.289050688237122,0.0,0.0,0.68826093415721,0.68826093415721,0.0,-24770.511020317987,-24770.511020317987,2477.739362965956,2477.739362965956,2477.739362965956,0.0,0.0,1763.739362965956,0.0,714
2477.0511020317986,0.0,-24770.511020317987,1763.739362965956,18795.421659322623,0.0,-0.0,0.45561345015690063,0.37853033242258655,0.0,799.2,0.0,0.0,1.0,888.0,-0.0,118,-8.688085896557922,0.0,120,-6.540143576202739,0.0,118,-12.965469493020079,0.0,118,-17.75684339344422,0.0,120,-28.043282258619232,0.0,120,-9.522494450252738,0.0,0.0,0.68826093415721,0.68826093415721,0.0,-24770.511020317987,-24770.511020317987,2477.739362965956,2477.739362965956,2477.739362965956,0.0,0.0,1763.739362965956,0.0,714
2477.0511020317986,0.0,-24770.511020317987,1763.739362965956,20382.787085991982,0.0,-0.0,0.49409223780069284,0.37853033242258655,0.0,799.2,0.0,0.0,1.0,888.0,-0.0,118,-36.93310785009169,0.0,120,-30.751174321733437,0.0,118,-2.8631346067979924,0.0,118,-12.934843906141575,0.0,120,-8.196727944749808,0.0,120,-22.39092726685276,0.0,0.0,0.68826093415721,0.68826093415721,0.0,-24770.511020317987,-24770.511020317987,2477.739362965956,2477.739362965956,2477.739362965956,0.0,0.0,1763.739362965956,0.0,714
2477.0511020317986,0.0,-24770.511020317987,1763.739362965956,21970.15251266134,0.0,-0.0,0.5325710254444851,0.37853033242258655,0.0,799.2,0.0,0.0,1.0,888.0,-0.0,118,-33.03502680076503,0.0,120,-53.01669256611021,0.0,118,-6.164015227388444,0.0,118,-21.45516434002896,0.0,120,-12.309804627757032,0.0,120,-29.298320638684952,0.0,0.0,0.68826093415721,0.68826093415721,0.0,-24770.511020317987,-24770.511020317987,2477.739362965956,2477.739362965956,2477.739362965956,0.0,0.0,1763.739362965956,0.0,714
2477.0511020317986,0.0,-24770.511020317987,1763.739362965956,23557.5179393307,0.0,-0.0,0.5710498130882772,0.37853033242258655,0.0,799.2,0.0,0.0,1.0,888.0,-0.0,118,-59.06366020209736,0.0,120,-6.986895503303008,0.0,118,-22.137633534151906,0.0,118,-32.15929164889762,0.0,120,-11.872613600565762,0.0,120,-9.301308743222275,0.0,0.0,0.68826093415721,0.68826093415721,0.0,-24770.511020317987,-24770.511020317987,2477.739362965956,2477.739362965956,2477.739362965956,0.0,0.0,1763.739362965956,0.0,714
2477.0511020317986,0.0,-24770.511020317987,1763.739362965956,25144.88336600006,0.0,-0.0,0.6095286007320694,0.37853033242258655,0.0,799.2,0.0,0.0,1.0,888.0,-0.0,118,-28.143921013960476,0.0,120,-43.04059148417898,0.0,118,-16.78637244635979,0.0,118,-50.952986178971926,0.0,120,-11.804022331519239,0.0,120,-54.820234718205676,0.0,0.0,0.68826093415721,0.68826093415721,0.0,-24770.511020317987,-24770.511020317987,2477.739362965956,2477.739362965956,2477.739362965956,0.0,0.0,1763.739362965956,0.0,714
2489.0995895613164,0.0,-24890.995895613163,1775.791198227491,26732.24879266942,0.0,-0.0,0.6480073883758616,0.37853033242258655,0.0,799.2,0.0,0.0,1.0,888.0,-0.0,118,-24.11256998599476,0.0,120,-36.517727279368266,0.0,118,-18.441765373782307,0.0,118,-35.24498837067137,0.0,120,-59.090568151789626,0.0,120,-42.5078552757347,0.0,0.0,0.691608666174303,0.691608666174303,0.0,-24890.995895613163,-24890.995895613163,2489.791198227491,2489.791198227491,2489.791198227491,0.0,0.0,1775.791198227491,0.0,714
2489.0995895613164,0.0,-24890.995895613163,1775.791198227491,28330.46087107416,0.0,-0.0,0.6867491060304501,0.37853033242258655,0.0,799.2,0.0,0.0,1.0,888.0,-0.0,118,-59.18117678319532,0.0,120,-6.309892926101157,0.0,118,-26.373606964901825,0.0,118,-39.79861627329668,0.0,120,-12.015728675529099,0.0,120,-22.643813693976742,0.0,0.0,0.691608666174303,0.691608666174303,0.0,-24890.995895613163,-24890.995895613163,2489.791198227491,2489.791198227491,2489.791198227491,0.0,0.0,1775.791198227491,0.0,714
2489.0995895613164,0.0,-24890.995895613163,1777.791198227491,29928.6729494789,0.0,-0.0,0.7254908236850387,0.37853033242258655,0.0,799.2,0.0,0.0,1.0,888.0,-0.0,118,-55.94843861501366,0.0,120,-18.028404513838353,0.0,118,-12.339590601095956,0.0,118,-38.60538553021651,0.0,118,-59.50231755721451,0.0,120,-57.95616091596276,0.0,0.0,0.691608666174303,0.691608666174303,0.0,-24890.995895613163,-24890.995895613163,2489.791198227491,2489.791198227491,2489.791198227491,0.0,0.0,1777.791198227491,0.0,712
2489.0995895613164,0.0,-24890.995895613163,1777.791198227491,31528.685027883643,0.0,-0.0,0.7642761745299407,0.37853033242258655,0.0,799.2,0.0,0.0,1.0,888.0,-0.0,118,-11.11545434134574,0.0,120,-53.21980600752299,0.0,118,-0.1979975811812862,0.0,118,-42.545076703055244,0.0,118,-58.89725353942892,0.0,120,-34.27709452014776,0.0,0.0,0.691608666174303,0.691608666174303,0.0,-24890.995895613163,-24890.995895613163,2489.791198227491,2489.791198227491,2489.791198227491,0.0,0.0,1777.791198227491,0.0,712
2489.0995895613164,0.0,-24890.995895613163,1781.791198227491,33128.69710628838,0.0,-0.0,0.8030615253748427,0.37853033242258655,0.0,799.2,0.0,0.0,1.0,888.0,-0.0,118,-9.815071253798926,0.0,118,-15.229753013596632,0.0,118,-17.710407769809173,0.0,118,-31.770756543357844,0.0,118,-34.477281124445284,0.0,118,-5.598602589660833,0.0,0.0,0.691608666174303,0.691608666174303,0.0,-24890.995895613163,-24890.995895613163,2489.791198227491,2489.791198227491,2489.791198227491,0.0,0.0,1781.791198227491,0.0,708
2489.0995895613164,0.0,-24890.995895613163,1781.791198227491,34732.30918469313,0.0,-0.0,0.8419341426003716,0.37853033242258655,0.0,799.2,0.0,0.0,1.0,888.0,-0.0,118,-28.97653445409062,0.0,118,-20.832779467508217,0.0,118,-33.07341544004812,0.0,118,-51.252192744609054,0.0,118,-54.89020619803223,0.0,118,-54.891744152228696,0.0,0.0,0.691608666174303,0.691608666174303,0.0,-24890.995895613163,-24890.995895613163,2489.791198227491,2489.791198227491,2489.791198227491,0.0,0.0,1781.791198227491,0.0,708
2289.1716044200825,0.0,-22891.716044200824,1579.8076621040004,36335.92126309787,0.0,-0.0,0.8808067598259005,0.37853033242258655,0.0,799.2,0.0,0.0,1.0,888.0,-0.0,118,-9.145224045765879,0.0,120,-6.331854543403528,0.0,118,-27.92655796086255,0.0,118,-23.60031876214473,0.0,118,-56.89252017713288,0.0,118,-36.04214895647506,0.0,0.0,0.636057683917778,0.636057683917778,0.0,-22891.716044200824,-22891.716044200824,2289.8076621040004,2289.8076621040004,2289.8076621040004,0.0,0.0,1579.8076621040004,0.0,710
2289.1716044200825,0.0,-22891.716044200824,1579.8076621040004,37757.748158991475,0.0,-0.0,0.9152727840155013,0.37853033242258655,0.0,799.2,0.0,0.0,1.0,888.0,-0.0,118,-53.49018179973004,0.0,120,-19.430490232478963,0.0,118,-31.6189358054303,0.0,118,-50.22158297715941,0.0,118,-2.896233839228328,0.0,118,-23.463112073034893,0.0,0.0,0.636057683917778,0.636057683917778,0.0,-22891.716044200824,-22891.716044200824,2289.8076621040004,2289.8076621040004,2289.8076621040004,0.0,0.0,1579.8076621040004,0.0,710
2289.1716044200825,0.0,-22891.716044200824,1579.8076621040004,39179.57505488508,0.0,-0.0,0.9497388082051021,0.37853033242258655,0.0,799.2,0.0,0.0,1.0,888.0,-0.0,118,-44.70906161339182,0.0,120,-7.919322283614076,0.0,118,-35.84995042028085,0.0,118,-13.87061655118236,0.0,118,-48.22353256209978,0.0,118,-52.36141413612187,0.0,0.0,0.636057683917778,0.636057683917778,0.0,-22891.716044200824,-22891.716044200824,2289.8076621040004,2289.8076621040004,2289.8076621040004,0.0,0.0,1579.8076621040004,0.0,710
2289.1716044200825,0.0,-22891.716044200824,723.9978324681337,40601.40195077868,0.0,-0.0,0.9842048323947029,0.37853033242258655,0.0,799.2,855.8098296358668,0.0,1.0,888.0,683963.2158449847,118,-57.77007837963287,0.0,120,-10.885404576880964,0.0,118,-56.642394175593665,0.0,118,-25.733945229212537,0.0,118,-21.826766961738507,0.0,118,-22.408345864456685,0.0,0.0,0.636057683917778,0.636057683917778,0.0,661071.4998007839,661071.4998007839,2289.8076621040004,2289.8076621040004,2289.8076621040004,0.0,0.0,1579.8076621040004,0.0,710
2289.1716044200825,0.0,-22891.716044200824,0.0,41253.0,0.0,-0.0,1.0,0.37853033242258655,0.0,799.2,1579.8076621040004,0.0,1.0,888.0,1262582.2835535172,118,-3.742033367062614,0.0,120,-9.78415473092413,0.0,118,-59.26336866675218,0.0,118,-52.391013269403814,0.0,118,-43.692045863381814,0.0,118,-42.52508439020317,0.0,0.0,0.636057683917778,0.636057683917778,0.0,1239690.5675093164,1239690.5675093164,2289.8076621040004,2289.8076621040004,2289.8076621040004,0.0,0.0,1579.8076621040004,0.0,710
2289.1716044200825,0.0,-22891.716044200824,0.0,41253.0,0.0,-0.0,1.0,0.37853033242258655,0.0,799.2,1579.8076621040004,0.0,1.0,888.0,1262582.2835535172,118,-7.3563034796365105,0.0,120,-39.42516369737713,0.0,118,-40.11452842441541,0.0,118,-8.061742578916975,0.0,118,-39.11704072577792,0.0,118,-44.89428410075544,0.0,0.0,0.636057683917778,0.636057683917778,0.0,1239690.5675093164,1239690.5675093164,2289.8076621040004,2289.8076621040004,2289.8076621040004,0.0,0.0,1579.8076621040004,0.0,710
1876.5030309519739,0.0,-18765.030309519738,0.0,41253.0,0.0,-0.0,1.0,0.37853033242258655,0.0,799.2,1167.0244266260368,0.0,1.0,888.0,932685.9217595286,118,-33.88305079343296,0.0,120,-16.16509942675239,0.0,118,-30.992153993795792,0.0,118,-48.95018465834941,0.0,118,-30.943483687358114,0.0,118,-9.455085388639016,0.0,0.0,0.521395674062788,0.521395674062788,0.0,913920.8914500088,913920.8914500088,1877.0244266260368,1877.0244266260368,1877.0244266260368,0.0,0.0,1167.0244266260368,0.0,710
1876.5030309519739,0.0,-18765.030309519738,0.0,41253.0,0.0,-0.0,1.0,0.37853033242258655,0.0,799.2,1167.0244266260368,0.0,1.0,888.0,932685.9217595286,118,-38.80167213711096,0.0,120,-1.854966760221406,0.0,118,-14.808669153471001,0.0,118,-29.4878922539995,0.0,118,-14.603289099344254,0.0,118,-39.90189030883368,0.0,0.0,0.521395674062788,0.521395674062788,0.0,913920.8914500088,913920.8914500088,1877.0244266260368,1877.0244266260368,1877.0244266260368,0.0,0.0,1167.0244266260368,0.0,710
1876.5030309519739,0.0,-18765.030309519738,0.0,41253.0,0.0,-0.0,1.0,0.37853033242258655,0.0,799.2,1167.0244266260368,0.0,1.0,888.0,932685.9217595286,118,-49.2185715699523,0.0,120,-35.13958812889424,0.0,118,-38.476545475684645,0.0,118,-30.655421434793,0.0,118,-24.747569655460357,0.0,118,-22.429555876179993,0.0,0.0,0.521395674062788,0.521395674062788,0.0,913920.8914500088,913920.8914500088,1877.0244266260368,1877.0244266260368,1877.0244266260368,0.0,0.0,1167.0244266260368,0.0,710
1876.5030309519739,0.0,-18765.030309519738,0.0,41253.0,0.0,-0.0,1.0,0.37853033242258655,0.0,799.2,1167.0244266260368,0.0,1.0,888.0,932685.9217595286,118,-7.310879874934912,0.0,120,-50.65076694923025,0.0,118,-19.216628561093476,0.0,118,-21.491250501794458,0.0,118,-53.168042837546146,0.0,118,-39.510523068316246,0.0,0.0,0.521395674062788,0.521395674062788,0.0,913920.8914500088,913920.8914500088,1877.0244266260368,1877.0244266260368,1877.0244266260368,0.0,0.0,1167.0244266260368,0.0,710
1876.5030309519739,0.0,-18765.030309519738,0.0,41253.0,0.0,-0.0,1.0,0.37853033242258655,0.0,799.2,1167.0244266260368,0.0,1.0,888.0,932685.9217595286,118,-40.291077599473,0.0,120,-56.89801980463574,0.0,118,-6.0523988634258,0.0,118,-53.84564462101897,0.0,118,-57.71727766301698,0.0,118,-30.080925964905102,0.0,0.0,0.521395674062788,0.521395674062788,0.0,913920.8914500088,913920.8914500088,1877.0244266260368,1877.0244266260368,1877.0244266260368,0.0,0.0,1167.0244266260368,0.0,710
1876.5030309519739,0.0,-18765.030309519738,0.0,41253.0,0.0,-0.0,1.0,0.37853033242258655,0.0,799.2,1107.0244266260368,0.0,1.0,888.0,884733.9217595286,118,-42.39495337511882,0.0,118,-19.481888778848816,0.0,180,-54.26041669840653,0.0,118,-4.524649106455387,0.0,118,-2.2606841075898076,0.0,118,-35.825648593652794,0.0,0.0,0.521395674062788,0.521395674062788,0.0,865968.8914500088,865968.8914500088,1877.0244266260368,1877.0244266260368,1877.0244266260368,0.0,0.0,1107.0244266260368,0.0,770
1234.8931373546654,0.0,-12348.931373546655,0.0,41253.0,0.0,-0.0,1.0,0.37853033242258655,0.0,799.2,465.23625853759245,0.0,1.0,888.0,371816.8178232439,118,-11.464471481067843,0.0,118,-21.284259318235584,0.0,180,-5.647783598613887,0.0,118,-29.27213903571983,0.0,118,-20.26567118020941,0.0,118,-28.725327376829014,0.0,0.0,0.343121182927109,0.343121182927109,0.0,359467.88644969725,359467.88644969725,1235.2362585375924,1235.2362585375924,1235.2362585375924,0.0,0.0,465.23625853759245,0.0,770
1234.8931373546654,0.0,-12348.931373546655,0.0,41253.0,0.0,-0.0,1.0,0.37853033242258655,0.0,799.2,465.23625853759245,0.0,1.0,888.0,371816.8178232439,118,-44.80121811449908,0.0,118,-30.67185740795467,0.0,180,-16.542643271681865,0.0,118,-22.08458520926817,0.0,118,-42.03535107581725,0.0,118,-12.933716077089132,0.0,0.0,0.343121182927109,0.343121182927109,0.0,359467.88644969725,359467.88644969725,1235.2362585375924,1235.2362585375924,1235.2362585375924,0.0,0.0,465.23625853759245,0.0,770
1234.8931373546654,0.0,-12348.931373546655,0.0,41253.0,0.0,-0.0,1.0,0.37853033242258655,0.0,799.2,465.23625853759245,0.0,1.0,888.0,371816.8178232439,118,-26.023359426716315,0.0,118,-15.329459556149905,0.0,180,-41.571381593218334,0.0,118,-40.380203865326536,0.0,118,-48.73064075375672,0.0,118,-1.1105465057248853,0.0,0.0,0.343121182927109,0.343121182927109,0.0,359467.88644969725,359467.88644969725,1235.2362585375924,1235.2362585375924,1235.2362585375924,0.0,0.0,465.23625853759245,0.0,770
1234.8931373546654,0.0,-12348.931373546655,0.0,41253.0,0.0,-0.0,1.0,0.37853033242258655,0.0,799.2,465.23625853759245,0.0,1.0,888.0,371816.8178232439,118,-38.37172389453511,0.0,118,-18.830604946285117,0.0,180,-17.875011725520405,0.0,118,-17.718040499691455,0.0,118,-29.03917674027024,0.0,118,-1.9422267950086125,0.0,0.0,0.343121182927109,0.343121182927109,0.0,359467.88644969725,359467.88644969725,1235.2362585375924,1235.2362585375924,1235.2362585375924,0.0,0.0,465.23625853759245,0.0,770
1234.8931373546654,0.0,-12348.931373546655,0.0,41253.0,0.0,-0.0,1.0,0.37853033242258655,0.0,799.2,465.23625853759245,0.0,1.0,888.0,371816.8178232439,118,-28.860780653907703,0.0,118,-45.38470501308012,0.0,180,-8.785502983536587,0.0,118,-59.80029841198689,0.0,118,-4.137104775112476,0.0,118,-31.433897272313217,0.0,0.0,0.343121182927109,0.343121182927109,0.0,359467.88644969725,359467.88644969725,1235.2362585375924,1235.2362585375924,1235.2362585375924,0.0,0.0,465.23625853759245,0.0,770
1234.8931373546654,0.0,-12348.931373546655,0.0,41253.0,0.0,-0.0,1.0,0.37853033242258655,0.0,799.2,465.23625853759245,0.0,1.0,888.0,371816.8178232439,118,-53.320850021078435,0.0,118,-38.75715181066761,0.0,180,-37.81742980281331,0.0,118,-1.5392297932984533,0.0,118,-34.4435523383228,0.0,118,-28.434816790382108,0.0,0.0,0.343121182927109,0.343121182927109,0.0,359467.88644969725,359467.88644969725,1235.2362585375924,1235.2362585375924,1235.2362585375924,0.0,0.0,465.23625853759245,0.0,770
464.60188929883634,0.0,-4646.018892988363,0.0,41253.0,305.26901876193085,-0.0,1.0,0.37853033242258655,0.0,799.2,0.0,0.0,1.0,888.0,-0.0,118,-31.878768780081394,0.0,118,-9.983746999581184,0.0,180,-48.89186300876764,0.0,118,-46.33922425493766,0.0,118,-21.840901513639526,0.0,118,-51.8293143826274,0.0,0.0,0.129091939232797,0.129091939232797,0.0,-4646.018892988363,-4646.018892988363,770.0,770.0,464.73098123806915,0.0,305.26901876193085,0.0,0.0,770
464.60188929883634,0.0,-4646.018892988363,0.0,40913.81220137563,305.26901876193085,-0.0,0.9917778634614605,0.37853033242258655,0.0,799.2,0.0,0.0,1.0,888.0,-0.0,118,-11.51657328337706,0.0,118,-55.41807895025885,0.0,180,-58.23116456679833,0.0,118,-31.061301404671923,0.0,118,-39.80284287471458,0.0,118,-23.78678832165709,0.0,0.0,0.129091939232797,0.129091939232797,0.0,-4646.018892988363,-4646.018892988363,770.0,770.0,464.73098123806915,0.0,305.26901876193085,0.0,0.0,770
464.60188929883634,0.0,-4646.018892988363,0.0,40574.62440275126,305.26901876193085,-0.0,0.9835557269229209,0.37853033242258655,0.0,799.2,0.0,0.0,1.0,888.0,-0.0,118,-27.707205429231493,0.0,118,-58.111265125297365,0.0,180,-6.772942985464773,0.0,118,-13.811745365360743,0.0,118,-38.65052770451816,0.0,118,-38.2621602687125,0.0,0.0,0.129091939232797,0.129091939232797,0.0,-4646.018892988363,-4646.018892988363,770.0,770.0,464.73098123806915,0.0,305.26901876193085,0.0,0.0,770
464.60188929883634,0.0,-4646.018892988363,0.0,40235.43660412689,305.26901876193085,-0.0,0.9753335903843814,0.37853033242258655,0.0,799.2,0.0,0.0,1.0,888.0,-0.0,118,-10.093284745342213,0.0,118,-49.97782910321799,0.0,180,-1.2928112913509437,0.0,118,-21.611971976415457,0.0,118,-10.423543308854784,0.0,118,-45.44498081859705,0.0,0.0,0.129091939232797,0.129091939232797,0.0,-4646.018892988363,-4646.018892988363,770.0,770.0,464.73098123806915,0.0,305.26901876193085,0.0,0.0,770
464.60188929883634,0.0,-4646.018892988363,0.0,39896.24880550252,305.26901876193085,-0.0,0.967111453845842,0.37853033242258655,0.0,799.2,0.0,0.0,1.0,888.0,-0.0,118,-16.163291957958375,0.0,118,-45.80718913751896,0.0,180,-26.86139753852081,0.0,118,-35.376606685869326,0.0,118,-57.397606732099,0.0,118,-16.320189419549685,0.0,0.0,0.129091939232797,0.129091939232797,0.0,-4646.018892988363,-4646.018892988363,770.0,770.0,464.73098123806915,0.0,305.26901876193085,0.0,0.0,770
464.60188929883634,0.0,-4646.018892988363,0.0,39557.061006878146,305.26901876193085,-0.0,0.9588893173073024,0.37853033242258655,0.0,799.2,0.0,0.0,1.0,888.0,-0.0,118,-5.928199004122295,0.0,118,-9.134699129441259,0.0,180,-58.302480024490876,0.0,118,-9.028963726991435,0.0,118,-28.874824580561995,0.0,118,-28.442939618850318,0.0,0.0,0.129091939232797,0.129091939232797,0.0,-4646.018892988363,-4646.018892988363,770.0,770.0,464.73098123806915,0.0,305.26901876193085,0.0,0.0,770
0.0,0.0,-0.0,0.0,39217.873208253775,770.0,-0.0,0.9506671807687629,0.37853033242258655,0.0,799.2,0.0,0.0,1.0,888.0,-0.0,118,-11.528240530180502,0.0,118,-39.904598147403625,0.0,180,-22.312814212195786,0.0,118,-42.74437477904959,0.0,118,-11.538487455051019,0.0,118,-57.449891511771206,0.0,0.0,0.0,0.0,0.0,0.0,0.0,770.0,770.0,0.0,0.0,770.0,0.0,0.0,770
0.0,0.0,-0.0,0.0,38362.31765269822,770.0,-0.0,0.9299279483358355,0.37853033242258655,0.0,799.2,0.0,0.0,1.0,888.0,-0.0,118,-24.97011960137577,0.0,118,-8.865315829209209,0.0,180,-33.30971444003516,0.0,118,-41.69469171867568,0.0,118,-48.62331457733212,0.0,118,-5.443765627604935,0.0,0.0,0.0,0.0,0.0,0.0,0.0,770.0,770.0,0.0,0.0,770.0,0.0,0.0,770
0.0,0.0,-0.0,0.0,37506.762097142666,770.0,-0.0,0.9091887159029081,0.37853033242258655,0.0,799.2,0.0,0.0,1.0,888.0,-0.0,118,-21.19573600578554,0.0,118,-29.46653702412021,0.0,180,-34.92840703952599,0.0,118,-7.639932511546812,0.0,118,-35.37738354037791,0.0,118,-38.02656945530953,0.0,0.0,0.0,0.0,0.0,0.0,0.0,770.0,770.0,0.0,0.0,770.0,0.0,0.0,770
0.0,0.0,-0.0,0.0,36651.20654158711,770.0,-0.0,0.8884494834699806,0.37853033242258655,0.0,799.2,0.0,0.0,1.0,888.0,-0.0,118,-6.666272241548077,0.0,118,-59.29126741184367,0.0,180,-42.57737969760251,0.0,118,-43.83146989268574,0.0,118,-5.795592568804753,0.0,118,-58.59809948593981,0.0,0.0,0.0,0.0,0.0,0.0,0.0,770.0,770.0,0.0,0.0,770.0,0.0,0.0,770
0.0,0.0,-0.0,0.0,35795.65098603156,770.0,-0.0,0.8677102510370532,0.37853033242258655,0.0,799.2,0.0,0.0,1.0,888.0,-0.0,118,-22.417766933803215,0.0,118,-40.68593234410157,0.0,180,-45.899345072644536,0.0,118,-58.676307176782494,0.0,118,-29.60292460121647,0.0,118,-37.30769796196998,0.0,0.0,0.0,0.0,0.0,0.0,0.0,770.0,770.0,0.0,0.0,770.0,0.0,0.0,770
0.0,0.0,-0.0,0.0,34940.095430476,770.0,-0.0,0.8469710186041258,0.37853033242258655,0.0,799.2,0.0,0.0,1.0,888.0,-0.0,118,-34.73468291915041,0.0,118,-11.98300919168695,0.0,180,-47.33996140206101,0.0,118,-15.383668712630808,0.0,118,-11.025397327764267,0.0,118,-34.57825512330772,0.0,0.0,0.0,0.0,0.0,0.0,0.0,770.0,770.0,0.0,0.0,770.0,0.0,0.0,770
0.0,0.0,-0.0,0.0,34084.53987492045,770.0,-0.0,0.8262317861711984,0.37853033242258655,0.0,799.2,0.0,0.0,1.0,888.0,-0.0,118,-7.894373574648705,0.0,118,-59.79967442965421,0.0,180,-14.199553202396626,0.0,118,-39.06602748013056,0.0,118,-27.83952431204402,0.0,118,-40.97797409338849,0.0,0.0,0.0,0.0,0.0,0.0,0.0,770.0,770.0,0.0,0.0,770.0,0.0,0.0,770
0.0,0.0,-0.0,0.0,33228.98431936489,770.0,-0.0,0.805492553738271,0.37853033242258655,0.0,799.2,0.0,0.0,1.0,888.0,-0.0,118,-58.0892617258476,0.0,118,-21.201431542401505,0.0,180,-51.71227610700407,0.0,118,-31.862074173466556,0.0,118,-34.713473974324025,0.0,118,-47.335767032249954,0.0,0.0,0.0,0.0,0.0,0.0,0.0,770.0,770.0,0.0,0.0,770.0,0.0,0.0,770
0.0,0.0,-0.0,0.0,32373.428763809337,770.0,-0.0,0.7847533213053436,0.37853033242258655,0.0,799.2,0.0,0.0,1.0,888.0,-0.0,118,-30.462996354861836,0.0,118,-12.214755706101863,0.0,180,-11.640181943898277,0.0,118,-39.008583671114145,0.0,118,-21.12063979487648,0.0,118,-25.552155888589752,0.0,0.0,0.0,0.0,0.0,0.0,0.0,770.0,770.0,0.0,0.0,770.0,0.0,0.0,770
0.0,0.0,-0.0,0.0,31517.873208253783,770.0,-0.0,0.7640140888724162,0.37853033242258655,0.0,799.2,0.0,0.0,1.0,888.0,-0.0,118,-9.2385745552815,0.0,118,-12.977732768030204,0.0,180,-30.24249805198295,0.0,118,-51.02455728178654,0.0,118,-0.7556536084710963,0.0,118,-59.757007353767285,0.0,0.0,0.0,0.0,0.0,0.0,0.0,770.0,770.0,0.0,0.0,770.0,0.0,0.0,770
0.0,0.0,-0.0,0.0,30662.317652698228,770.0,-0.0,0.7432748564394888,0.37853033242258655,0.0,799.2,0.0,0.0,1.0,888.0,-0.0,118,-17.74411496130374,0.0,118,-8.259040829373191,0.0,180,-3.341148281135289,0.0,118,-9.148177716468812,0.0,118,-34.37659910548413,0.0,118,-5.129188079353339,0.0,0.0,0.0,0.0,0.0,0.0,0.0,770.0,770.0,0.0,0.0,770.0,0.0,0.0,770
0.0,0.0,-0.0,0.0,29806.762097142673,708.0,-0.0,0.7225356240065614,0.37853033242258655,0.0,799.2,0.0,0.0,1.0,888.0,-0.0,118,-55.20995973744938,0.0,118,-24.443723927192536,0.0,118,-9.220527351215999,0.0,118,-22.950774753556594,0.0,118,-12.146107690226577,0.0,118,-49.13263464522474,0.0,0.0,0.0,0.0,0.0,0.0,0.0,708.0,708.0,0.0,0.0,708.0,0.0,0.0,708
0.0,0.0,-0.0,0.0,29020.095430476005,708.0,-0.0,0.7034663037955059,0.37853033242258655,0.0,799.2,0.0,0.0,1.0,888.0,-0.0,118,-10.967192109895002,0.0,118,-47.56259300150869,0.0,118,-49.78786169572554,0.0,118,-30.327964208569536,0.0,118,-3.0539728018332046,0.0,118,-14.281553892162794,0.0,0.0,0.0,0.0,0.0,0.0,0.0,708.0,708.0,0.0,0.0,708.0,0.0,0.0,708
0.0,0.0,-0.0,0.0,28233.428763809337,708.0,-0.0,0.6843969835844506,0.37853033242258655,0.0,799.2,0.0,0.0,1.0,888.0,-0.0,118,-53.25292322470788,0.0,118,-41.48511812609457,0.0,118,-32.262210299921485,0.0,118,-39.68836359396433,0.0,118,-37.639045757351795,0.0,118,-29.948735424711327,0.0,0.0,0.0,0.0,0.0,0.0,0.0,708.0,708.0,0.0,0.0,708.0,0.0,0.0,708
0.0,0.0,-0.0,0.0,27446.76209714267,708.0,-0.0,0.6653276633733951,0.37853033242258655,0.0,799.2,0.0,0.0,1.0,888.0,-0.0,118,-56.031087454778046,0.0,118,-54.0541733804206,0.0,118,-27.962201788371665,0.0,118,-54.09760006267932,0.0,118,-15.092257413684745,0.0,118,-28.989548981698384,0.0,0.0,0.0,0.0,0.0,0.0,0.0,708.0,708.0,0.0,0.0,708.0,0.0,0.0,708
0.0,0.0,-0.0,0.0,26660.095430476,708.0,-0.0,0.6462583431623398,0.37853033242258655,0.0,799.2,0.0,0.0,1.0,888.0,-0.0,118,-1.4170499666293512,0.0,118,-32.79426255633543,0.0,118,-17.621333937368114,0.0,118,-16.719915934685396,0.0,118,-56.237607706891026,0.0,118,-19.893618261873193,0.0,0.0,0.0,0.0,0.0,0.0,0.0,708.0,708.0,0.0,0.0,708.0,0.0,0.0,708
0.0,0.0,-0.0,0.0,25873.428763809334,770.0,-0.0,0.6271890229512843,0.37853033242258655,0.0,799.2,0.0,0.0,1.0,888.0,-0.0,118,-10.882542684828469,0.0,118,-10.129027672203986,0.0,118,-50.240680063800234,0.0,180,-54.608169230990434,0.0,118,-10.232584162368603,0.0,118,-36.920960400489236,0.0,0.0,0.0,0.0,0.0,0.0,0.0,770.0,770.0,0.0,0.0,770.0,0.0,0.0,770
0.0,0.0,-0.0,0.0,25017.87320825378,770.0,-0.0,0.6064497905183569,0.37853033242258655,0.0,799.2,0.0,0.0,1.0,888.0,-0.0,118,-34.49610413615724,0.0,118,-51.22342514955219,0.0,118,-37.34236902487206,0.0,180,-54.90521134998312,0.0,118,-12.551340963101916,0.0,118,-15.935041374984289,0.0,0.0,0.0,0.0,0.0,0.0,0.0,770.0,770.0,0.0,0.0,770.0,0.0,0.0,770
0.0,0.0,-0.0,0.0,24162.317652698224,770.0,-0.0,0.5857105580854295,0.37853033242258655,0.0,799.2,0.0,0.0,1.0,888.0,-0.0,118,-0.4828894394713612,0.0,118,-50.887943890899344,0.0,118,-30.68132971898909,0.0,180,-50.810261283708776,0.0,118,-19.27945334753478,0.0,118,-12.20435842144286,0.0,0.0,0.0,0.0,0.0,0.0,0.0,770.0,770.0,0.0,0.0,770.0,0.0,0.0,770
0.0,0.0,-0.0,0.0,23306.76209714267,770.0,-0.0,0.5649713256525021,0.37853033242258655,0.0,799.2,0.0,0.0,1.0,888.0,-0.0,118,-22.404026295979264,0.0,118,-24.953177740941708,0.0,118,-36.109668614542315,0.0,180,-35.16241011550015,0.0,118,-12.666288373311641,0.0,118,-0.6885471131437004,0.0,0.0,0.0,0.0,0.0,0.0,0.0,770.0,770.0,0.0,0.0,770.0,0.0,0.0,770
0.0,0.0,-0.0,0.0,22451.206541587115,770.0,-0.0,0.5442320932195747,0.37853033242258655,0.0,799.2,0.0,0.0,1.0,888.0,-0.0,118,-22.217117706104535,0.0,118,-2.2403801148573366,0.0,118,-9.364138222907261,0.0,180,-46.55994568528406,0.0,118,-55.65888221532915,0.0,118,-51.35765976901111,0.0,0.0,0.0,0.0,0.0,0.0,0.0,770.0,770.0,0.0,0.0,770.0,0.0,0.0,770
0.0,0.0,-0.0,0.0,21595.65098603156,770.0,-0.0,0.5234928607866473,0.37853033242258655,0.0,799.2,0.0,0.0,1.0,888.0,-0.0,118,-3.147031745796678,0.0,118,-31.99775332939663,0.0,118,-5.190909485879962,0.0,180,-42.12934422918783,0.0,118,-32.85540694808807,0.0,118,-9.497485246615597,0.0,0.0,0.0,0.0,0.0,0.0,0.0,770.0,770.0,0.0,0.0,770.0,0.0,0.0,770
0.0,0.0,-0.0,0.0,20740.095430476005,770.0,-0.0,0.5027536283537198,0.37853033242258655,0.0,799.2,0.0,0.0,1.0,888.0,-0.0,118,-31.83648522042136,0.0,118,-36.9712793706556,0.0,118,-24.550037439633474,0.0,180,-7.0757405583446875,0.0,118,-53.66927044887696,0.0,118,-10.25119732601232,0.0,0.0,0.0,0.0,0.0,0.0,0.0,770.0,770.0,0.0,0.0,770.0,0.0,0.0,770
0.0,0.0,-0.0,0.0,19884.53987492045,770.0,-0.0,0.4820143959207924,0.37853033242258655,0.0,799.2,0.0,0.0,1.0,888.0,-0.0,118,-42.607878359783896,0.0,118,-53.75227330710577,0.0,118,-27.626733675234686,0.0,180,-23.625520969923077,0.0,118,-4.060075540025874,0.0,118,-53.765500146505225,0.0,0.0,0.0,0.0,0.0,0.0,0.0,770.0,770.0,0.0,0.0,770.0,0.0,0.0,770
0.0,0.0,-0.0,0.0,19028.984319364896,770.0,-0.0,0.461275163487865,0.37853033242258655,0.0,799.2,0.0,0.0,1.0,888.0,-0.0,118,-40.388888261241505,0.0,118,-16.130165627730207,0.0,118,-36.054049190693064,0.0,180,-41.42913394370054,0.0,118,-42.6506200589323,0.0,118,-3.5404661452507824,0.0,0.0,0.0,0.0,0.0,0.0,0.0,770.0,770.0,0.0,0.0,770.0,0.0,0.0,770
0.0,0.0,-0.0,0.0,18173.42876380934,770.0,-0.0,0.4405359310549376,0.37853033242258655,0.0,799.2,0.0,0.0,1.0,888.0,-0.0,118,-55.93636623895775,0.0,118,-25.881846468719484,0.0,118,-10.855665809478122,0.0,180,-38.44573274489991,0.0,118,-58.041416205406705,0.0,118,-53.72363089055005,0.0,0.0,0.0,0.0,0.0,0.0,0.0,770.0,770.0,0.0,0.0,770.0,0.0,0.0,770
0.0,0.0,-0.0,0.0,17317.873208253786,770.0,-0.0,0.4197966986220102,0.37853033242258655,0.0,799.2,0.0,0.0,1.0,888.0,-0.0,118,-50.90290022990262,0.0,118,-13.398969069416669,0.0,118,-48.30314178524642,0.0,180,-36.91625290637562,0.0,118,-44.643289433066236,0.0,118,-30.57490676814037,0.0,0.0,0.0,0.0,0.0,0.0,0.0,770.0,770.0,0.0,0.0,770.0,0.0,0.0,770
0.0,0.0,-0.0,0.0,16462.31765269823,708.0,-0.0,0.3990574661890828,0.37853033242258655,0.0,799.2,0.0,0.0,1.0,888.0,-0.0,118,-5.563514755402863,0.0,118,-27.461621809173998,0.0,118,-17.221297017283444,0.0,118,-23.714787549181004,0.0,118,-37.68274914961241,0.0,118,-42.423203561984046,0.0,0.0,0.0,0.0,0.0,0.0,0.0,708.0,708.0,0.0,0.0,708.0,0.0,0.0,708
0.0,0.0,-0.0,0.0,15675.650986031565,708.0,-0.0,0.37998814597802744,0.37853033242258655,0.0,799.2,0.0,0.0,1.0,888.0,-0.0,118,-43.33840368567537,0.0,118,-57.1459827247786,0.0,118,-54.350232769297406,0.0,118,-12.26366271475554,0.0,118,-17.229067157770647,0.0,118,-0.12326349781125678,0.0,0.0,0.0,0.0,0.0,0.0,0.0,708.0,708.0,0.0,0.0,708.0,0.0,0.0,708
0.0,0.0,-0.0,0.0,14888.9843193649,708.0,-0.0,0.3609188257669721,0.37853033242258655,0.0,799.2,0.0,0.0,1.0,888.0,-0.0,118,-19.825572589019785,0.0,118,-39.11081478838652,0.0,118,-55.58626901412513,0.0,118,-39.88452201269048,0.0,118,-16.727116800299488,0.0,118,-46.627196173638644,0.0,0.0,0.0,0.0,0.0,0.0,0.0,708.0,708.0,0.0,0.0,708.0,0.0,0.0,708
0.0,0.0,-0.0,0.0,14102.317652698233,708.0,-0.0,0.34184950555591676,0.37853033242258655,0.0,799.2,0.0,0.0,1.0,888.0,-0.0,118,-22.273775677445013,0.0,118,-24.616198991173917,0.0,118,-15.8720523886434,0.0,118,-37.54027375105395,0.0,118,-24.4620698092371,0.0,118,-22.68917616190734,0.0,0.0,0.0,0.0,0.0,0.0,0.0,708.0,708.0,0.0,0.0,708.0,0.0,0.0,708
0.0,0.0,-0.0,0.0,13315.650986031567,708.0,-0.0,0.3227801853448614,0.37853033242258655,0.0,799.2,0.0,0.0,1.0,888.0,-0.0,118,-16.809197058004308,0.0,118,-40.84322448967857,0.0,118,-55.02586566867017,0.0,118,-53.61836185191988,0.0,118,-58.56585139413609,0.0,118,-52.40902696960882,0.0,0.0,0.0,0.0,0.0,0.0,0.0,708.0,708.0,0.0,0.0,708.0,0.0,0.0,708
0.0,0.0,-0.0,0.0,12528.984319364901,708.0,-0.0,0.3037108651338061,0.37853033242258655,0.0,799.2,0.0,0.0,1.0,888.0,-0.0,118,-12.255689479038791,0.0,118,-37.37143658954857,0.0,118,-18.979074527985144,0.0,118,-47.31821494151717,0.0,118,-25.937800328082062,0.0,118,-42.773123667067544,0.0,0.0,0.0,0.0,0.0,0.0,0.0,708.0,708.0,0.0,0.0,708.0,0.0,0.0,708
0.0,0.0,-0.0,0.0,11742.317652698235,708.0,-0.0,0.28464154492275073,0.37853033242258655,0.0,799.2,0.0,0.0,1.0,888.0,-0.0,118,-11.457520898989985,0.0,118,-53.34608429060326,0.0,118,-33.525485247634826,0.0,118,-33.18102131340184,0.0,118,-16.946364088082866,0.0,118,-46.8637373465734,0.0,0.0,0.0,0.0,0.0,0.0,0.0,708.0,708.0,0.0,0.0,708.0,0.0,0.0,708
0.0,0.0,-0.0,0.0,10955.65098603157,708.0,-0.0,0.2655722247116954,0.37853033242258655,0.0,799.2,0.0,0.0,1.0,888.0,-0.0,118,-21.739139490435207,0.0,118,-18.251479355829826,0.0,118,-46.08724182935193,0.0,118,-35.17689632117701,0.0,118,-35.75039412077211,0.0,118,-55.76150359365031,0.0,0.0,0.0,0.0,0.0,0.0,0.0,708.0,708.0,0.0,0.0,708.0,0.0,0.0,708
0.0,0.0,-0.0,0.0,10168.984319364903,708.0,-0.0,0.24650290450064002,0.37853033242258655,0.0,799.2,0.0,0.0,1.0,888.0,-0.0,118,-26.04132599127551,0.0,118,-8.044714907373987,0.0,118,-1.350767375783175,0.0,118,-57.12058367070753,0.0,118,-38.10876199811202,0.0,118,-36.60013290324451,0.0,0.0,0.0,0.0,0.0,0.0,0.0,708.0,708.0,0.0,0.0,708.0,0.0,0.0,708
0.0,0.0,-0.0,0.0,9382.317652698237,708.0,-0.0,0.22743358428958468,0.37853033242258655,0.0,799.2,0.0,0.0,1.0,888.0,-0.0,118,-40.4027381921492,0.0,118,-31.717066287663474,0.0,118,-13.007724800063594,0.0,118,-33.143191229993164,0.0,118,-19.80240904711931,0.0,118,-55.620265659314185,0.0,0.0,0.0,0.0,0.0,0.0,0.0,708.0,708.0,0.0,0.0,708.0,0.0,0.0,708
0.0,0.0,-0.0,0.0,8595.650986031571,708.0,-0.0,0.20836426407852934,0.37853033242258655,0.0,799.2,0.0,0.0,1.0,888.0,-0.0,118,-10.498184762136166,0.0,118,-18.434538369602294,0.0,118,-11.804785897184402,0.0,118,-57.02974444787507,0.0,118,-9.729553661117228,0.0,118,-35.293416431339054,0.0,0.0,0.0,0.0,0.0,0.0,0.0,708.0,708.0,0.0,0.0,708.0,0.0,0.0,708
0.0,0.0,-0.0,0.0,7808.984319364904,708.0,-0.0,0.18929494386747397,0.37853033242258655,0.0,799.2,0.0,0.0,1.0,888.0,-0.0,118,-51.71885438033711,0.0,118,-53.1924194921648,0.0,118,-44.64785095557495,0.0,118,-35.34721401570383,0.0,118,-54.3066054632663,0.0,118,-18.17424860743506,0.0,0.0,0.0,0.0,0.0,0.0,0.0,708.0,708.0,0.0,0.0,708.0,0.0,0.0,708
0.0,0.0,-0.0,0.0,7022.317652698237,708.0,-0.0,0.1702256236564186,0.37853033242258655,0.0,799.2,0.0,0.0,1.0,888.0,-0.0,118,-30.915054069763432,0.0,118,-41.886887621636106,0.0,118,-19.23399744339759,0.0,118,-27.779335112608116,0.0,118,-42.75549537015492,0.0,118,-3.021029869509959,0.0,0.0,0.0,0.0,0.0,0.0,0.0,708.0,708.0,0.0,0.0,708.0,0.0,0.0,708
0.0,0.0,-0.0,0.0,6235.65098603157,708.0,-0.0,0.15115630344536324,0.37853033242258655,0.0,799.2,0.0,0.0,1.0,888.0,-0.0,118,-7.4154228114855325,0.0,118,-54.0498941675829,0.0,118,-10.48575876891876,0.0,118,-7.696511715351311,0.0,118,-37.09412771377884,0.0,118,-37.5199811828168,0.0,0.0,0.0,0.0,0.0,0.0,0.0,708.0,708.0,0.0,0.0,708.0,0.0,0.0,708
0.0,0.0,-0.0,0.0,5448.984319364903,708.0,-0.0,0.13208698323430787,0.37853033242258655,0.0,799.2,0.0,0.0,1.0,888.0,-0.0,118,-49.82921274635944,0.0,118,-56.992369771021544,0.0,118,-25.80898320075208,0.0,118,-12.875403093495263,0.0,118,-39.398628002265866,0.0,118,-59.108833663412135,0.0,0.0,0.0,0.0,0.0,0.0,0.0,708.0,708.0,0.0,0.0,708.0,0.0,0.0,708
0.0,0.0,-0.0,0.0,4662.317652698236,708.0,-0.0,0.11301766302325252,0.37853033242258655,0.0,799.2,0.0,0.0,1.0,888.0,-0.0,118,-57.77127901230428,0.0,118,-51.214155705709594,0.0,118,-56.11902226222312,0.0,118,-8.411406608469207,0.0,118,-50.66608815363881,0.0,118,-26.951659120066115,0.0,0.0,0.0,0.0,0.0,0.0,0.0,708.0,708.0,0.0,0.0,708.0,0.0,0.0,708
0.0,0.0,-0.0,0.0,3875.6509860315696,708.0,-0.0,0.09394834281219716,0.37853033242258655,0.0,799.2,0.0,0.0,1.0,888.0,-0.0,118,-45.47217663945616,0.0,118,-54.449551445395215,0.0,118,-9.284465078757822,0.0,118,-27.191898715816947,0.0,118,-39.990957084122634,0.0,118,-38.115020379640555,0.0,0.0,0.0,0.0,0.0,0.0,0.0,708.0,708.0,0.0,0.0,708.0,0.0,0.0,708
0.0,0.0,-0.0,0.0,3088.984319364903,708.0,-0.0,0.0748790226011418,0.37853033242258655,0.0,799.2,0.0,0.0,1.0,888.0,-0.0,118,-59.050599823035924,0.0,118,-54.46732817428357,0.0,118,-36.17172775195496,0.0,118,-13.91071434108609,0.0,118,-50.36477054074579,0.0,118,-39.05672767839676,0.0,0.0,0.0,0.0,0.0,0.0,0.0,708.0,708.0,0.0,0.0,708.0,0.0,0.0,708
0.0,0.0,-0.0,0.0,2302.3176526982365,708.0,-0.0,0.05580970239008645,0.37853033242258655,0.0,799.2,0.0,0.0,1.0,888.0,-0.0,118,-16.691431849519446,0.0,118,-21.81749708603419,0.0,118,-25.54613838890113,0.0,118,-13.682420730395448,0.0,118,-26.024110215778467,0.0,118,-4.123430199459901,0.0,0.0,0.0,0.0,0.0,0.0,0.0,708.0,708.0,0.0,0.0,708.0,0.0,0.0,708
0.0,0.0,-0.0,0.0,1515.65098603157,708.0,-0.0,0.036740382179031104,0.37853033242258655,0.0,799.2,0.0,0.0,1.0,888.0,-0.0,118,-42.88029070562696,0.0,118,-23.16803695770309,0.0,118,-17.192707681991564,0.0,118,-3.223985807591263,0.0,118,-20.872662313181223,0.0,118,-32.30723763648134,0.0,0.0,0.0,0.0,0.0,0.0,0.0,708.0,708.0,0.0,0.0,708.0,0.0,0.0,708
0.0,0.0,-0.0,0.0,728.9843193649034,656.0858874284131,-0.0,0.017671061967975746,0.37853033242258655,19.651066289146364,799.2,0.0,51.914112571586884,1.0,888.0,-46099.73196356915,118,-30.305865716477452,0.0,118,-2.792251841784479,0.0,118,-34.937476975572395,0.0,118,-25.27347814429244,0.0,118,-17.828736148923653,0.0,118,-31.788959747913932,0.0,0.0,0.0,0.0,0.0,-46099.73196356915,-46099.73196356915,708.0,708.0,0.0,0.0,708.0,0.0,0.0,708
0.0,0.0,-0.0,0.0,0.0,0.0,-0.0,0.0,0.37853033242258655,267.9994753551913,799.2,0.0,708.0,1.0,888.0,-628704.0,118,-8.299914723267909,0.0,118,-15.107304457265041,0.0,118,-2.7700908863776785,0.0,118,-41.183168828117104,0.0,118,-24.42050071988229,0.0,118,-34.61408453702138,0.0,0.0,0.0,0.0,0.0,-628704.0,-628704.0,708.0,708.0,0.0,0.0,708.0,0.0,0.0,708
0.0,0.0,-0.0,0.0,0.0,0.0,-0.0,0.0,0.37853033242258655,267.9994753551913,799.2,0.0,708.0,1.0,888.0,-628704.0,118,-6.925913332319745,0.0,118,-14.154856768383233,0.0,118,-20.812775344593227,0.0,118,-15.968657118924234,0.0,118,-7.168336287395267,0.0,118,-36.31992410761562,0.0,0.0,0.0,0.0,0.0,-628704.0,-628704.0,708.0,708.0,0.0,0.0,708.0,0.0,0.0,708
0.0,0.0,-0.0,0.0,0.0,0.0,-0.0,0.0,0.37853033242258655,267.9994753551913,799.2,0.0,708.0,1.0,888.0,-628704.0,118,-6.987848811221459,0.0,118,-29.382113722430752,0.0,118,-17.72795421049966,0.0,118,-8.105706192395681,0.0,118,-23.85608415246195,0.0,118,-53.08063453140668,0.0,0.0,0.0,0.0,0.0,-628704.0,-628704.0,708.0,708.0,0.0,0.0,708.0,0.0,0.0,708
0.0,0.0,-0.0,0.0,0.0,0.0,-0.0,0.0,0.37853033242258655,267.9994753551913,799.2,0.0,708.0,1.0,888.0,-628704.0,118,-28.892239031259948,0.0,118,-41.22904533931779,0.0,118,-40.15394900073227,0.0,118,-0.21860823647406935,0.0,118,-6.1138615362854924,0.0,118,-11.067988427232569,0.0,0.0,0.0,0.0,0.0,-628704.0,-628704.0,708.0,708.0,0.0,0.0,708.0,0.0,0.0,708
0.0,0.0,-0.0,0.0,0.0,0.0,-0.0,0.0,0.37853033242258655,267.9994753551913,799.2,0.0,708.0,1.0,888.0,-628704.0,118,-2.4365985153452696,0.0,118,-8.020603658845753,0.0,118,-31.254612199745452,0.0,118,-18.653228129098416,0.0,118,-33.686826412951994,0.0,118,-24.964664156006002,0.0,0.0,0.0,0.0,0.0,-628704.0,-628704.0,708.0,708.0,0.0,0.0,708.0,0.0,0.0,708
0.0,0.0,-0.0,0.0,0.0,0.0,-0.0,0.0,0.37853033242258655,267.9994753551913,799.2,0.0,708.0,1.0,888.0,-628704.0,118,-5.2281631451731485,0.0,118,-7.746658781635263,0.0,118,-34.655518441634875,0.0,118,-42.22499436917244,0.0,118,-3.960408495508916,0.0,118,-57.654479904246955,0.0,0.0,0.0,0.0,0.0,-628704.0,-628704.0,708.0,708.0,0.0,0.0,708.0,0.0,0.0,708
0.0,0.0,-0.0,0.0,0.0,0.0,-0.0,0.0,0.37853033242258655,268.75653602003644,799.2,0.0,710.0,1.0,888.0,-630480.0,118,-20.564943425448824,0.0,118,-1.612699856530344,0.0,118,-58.87451389200449,0.0,118,-23.55080227967842,0.0,120,-11.57889517033455,0.0,118,-46.51134375348264,0.0,0.0,0.0,0.0,0.0,-630480.0,-630480.0,710.0,710.0,0.0,0.0,710.0,0.0,0.0,710
0.0,0.0,-0.0,0.0,0.0,0.0,-0.0,0.0,0.37853033242258655,268.75653602003644,799.2,0.0,710.0,1.0,888.0,-630480.0,118,-35.776550467736804,0.0,118,-51.194745189488245,0.0,118,-40.081107877300404,0.0,118,-14.567857151024945,0.0,120,-25.416450174386586,0.0,118,-9.578139854329335,0.0,0.0,0.0,0.0,0.0,-630480.0,-630480.0,710.0,710.0,0.0,0.0,710.0,0.0,0.0,710
0.0,0.0,-0.0,0.0,0.0,0.0,-0.0,0.0,0.37853033242258655,268.75653602003644,799.2,0.0,710.0,1.0,888.0,-630480.0,118,-33.05252382968939,0.0,118,-16.826261929408947,0.0,118,-53.0306050822884,0.0,118,-5.978703204158224,0.0,120,-46.64763694105589,0.0,118,-47.67561059606353,0.0,0.0,0.0,0.0,0.0,-630480.0,-630480.0,710.0,710.0,0.0,0.0,710.0,0.0,0.0,710
0.0,0.0,-0.0,0.0,0.0,0.0,-0.0,0.0,0.37853033242258655,268.75653602003644,799.2,0.0,710.0,1.0,888.0,-630480.0,118,-31.73835504583341,0.0,118,-16.048187207882155,0.0,118,-0.026911697620575215,0.0,118,-48.89957700592033,0.0,120,-19.882665713617634,0.0,118,-37.84438181242682,0.0,0.0,0.0,0.0,0.0,-630480.0,-630480.0,710.0,710.0,0.0,0.0,710.0,0.0,0.0,710
0.0,0.0,-0.0,0.0,0.0,0.0,-0.0,0.0,0.37853033242258655,268.75653602003644,799.2,0.0,710.0,1.0,888.0,-630480.0,118,-37.33068903897102,0.0,118,-6.679916046824026,0.0,118,-30.05578908877955,0.0,118,-48.697777878452094,0.0,120,-5.504614009858237,0.0,118,-25.016154024779574,0.0,0.0,0.0,0.0,0.0,-630480.0,-630480.0,710.0,710.0,0.0,0.0,710.0,0.0,0.0,710
0.0,0.0,-0.0,0.0,0.0,0.0,-0.0,0.0,0.37853033242258655,269.51359668488163,799.2,0.0,712.0,1.0,888.0,-632256.0,118,-14.492437995850118,0.0,118,-0.019691558645766882,0.0,118,-19.36235234221495,0.0,120,-38.64064307322369,0.0,120,-9.045885152117112,0.0,118,-6.796087146610779,0.0,0.0,0.0,0.0,0.0,-632256.0,-632256.0,712.0,712.0,0.0,0.0,712.0,0.0,0.0,712
0.0,0.0,-0.0,0.0,0.0,0.0,-0.0,0.0,0.37853033242258655,269.51359668488163,799.2,0.0,712.0,1.0,888.0,-632256.0,118,-30.84665693468525,0.0,118,-21.20476203297435,0.0,118,-21.714150069284234,0.0,120,-7.22613523639316,0.0,120,-28.93749396461392,0.0,118,-13.497048739763684,0.0,0.0,0.0,0.0,0.0,-632256.0,-632256.0,712.0,712.0,0.0,0.0,712.0,0.0,0.0,712
0.0,0.0,-0.0,0.0,0.0,0.0,-0.0,0.0,0.37853033242258655,269.51359668488163,799.2,0.0,712.0,1.0,888.0,-632256.0,118,-24.284464866785463,0.0,118,-14.462296527662165,0.0,118,-16.603578275053266,0.0,120,-56.19122323839694,0.0,120,-52.18387696891238,0.0,118,-6.400320353525634,0.0,0.0,0.0,0.0,0.0,-632256.0,-632256.0,712.0,712.0,0.0,0.0,712.0,0.0,0.0,712
0.0,0.0,-0.0,0.0,0.0,0.0,-0.0,0.0,0.37853033242258655,269.51359668488163,799.2,0.0,712.0,1.0,888.0,-632256.0,118,-4.793786555602835,0.0,118,-38.254917647027305,0.0,118,-42.66845038371583,0.0,120,-35.087935194655834,0.0,120,-4.196074589847902,0.0,118,-56.214004504155476,0.0,0.0,0.0,0.0,0.0,-632256.0,-632256.0,712.0,712.0,0.0,0.0,712.0,0.0,0.0,712
0.0,0.0,-0.0,0.0,0.0,0.0,-0.0,0.0,0.37853033242258655,269.51359668488163,799.2,0.0,712.0,1.0,888.0,-632256.0,118,-18.22217954953178,0.0,118,-13.667973653887815,0.0,118,-12.280554141639321,0.0,120,-50.70533489173519,0.0,120,-31.61572723289306,0.0,118,-46.95196218563992,0.0,0.0,0.0,0.0,0.0,-632256.0,-632256.0,712.0,712.0,0.0,0.0,712.0,0.0,0.0,712
0.0,0.0,-0.0,0.0,0.0,0.0,-0.0,0.0,0.37853033242258655,270.2706573497268,799.2,0.0,714.0,1.0,888.0,-634032.0,118,-24.45374635938029,0.0,118,-23.057098311888822,0.0,118,-1.2674350070953722,0.0,120,-3.922013274892713,0.0,120,-20.563073259382566,0.0,120,-57.27839801230779,0.0,0.0,0.0,0.0,0.0,-634032.0,-634032.0,714.0,714.0,0.0,0.0,714.0,0.0,0.0,714
0.0,0.0,-0.0,0.0,0.0,0.0,-0.0,0.0,0.37853033242258655,270.2706573497268,799.2,0.0,714.0,1.0,888.0,-634032.0,118,-39.65519831853993,0.0,118,-37.595496713252444,0.0,118,-54.08848358975396,0.0,120,-49.88083337892355,0.0,120,-30.12620321897379,0.0,120,-29.258842144195974,0.0,0.0,0.0,0.0,0.0,-634032.0,-634032.0,714.0,714.0,0.0,0.0,714.0,0.0,0.0,714
0.0,0.0,-0.0,0.0,0.0,0.0,-0.0,0.0,0.37853033242258655,270.2706573497268,799.2,0.0,714.0,1.0,888.0,-634032.0,118,-53.59811820723894,0.0,118,-56.3475338936675,0.0,118,-37.10586725929454,0.0,120,-31.168545660963712,0.0,120,-38.307661186442715,0.0,120,-6.963939257739684,0.0,0.0,0.0,0.0,0.0,-634032.0,-634032.0,714.0,714.0,0.0,0.0,714.0,0.0,0.0,714
0.0,0.0,-0.0,0.0,0.0,0.0,-0.0,0.0,0.37853033242258655,270.2706573497268,799.2,0.0,714.0,1.0,888.0,-634032.0,118,-45.93807220656701,0.0,118,-40.4767099147182,0.0,118,-51.51553663860642,0.0,120,-22.257526042404095,0.0,120,-49.37853391036134,0.0,120,-42.25637576521281,0.0,0.0,0.0,0.0,0.0,-634032.0,-634032.0,714.0,714.0,0.0,0.0,714.0,0.0,0.0,714
0.0,0.0,-0.0,0.0,0.0,0.0,-0.0,0.0,0.37853033242258655,271.027718014572,799.2,0.0,716.0,1.0,888.0,-635808.0,118,-23.087817080149428,0.0,118,-53.055952928491664,0.0,120,-15.902405102039827,0.0,120,-18.582689725871123,0.0,120,-28.296838342568094,0.0,120,-22.613431842121102,0.0,0.0,0.0,0.0,0.0,-635808.0,-635808.0,716.0,716.0,0.0,0.0,716.0,0.0,0.0,716
0.0,0.0,-0.0,0.0,0.0,0.0,-0.0,0.0,0.37853033242258655,271.027718014572,799.2,0.0,716.0,1.0,888.0,-635808.0,118,-43.408871471245845,0.0,118,-1.9977127852752963,0.0,120,-37.20246931089809,0.0,120,-47.00506143809002,0.0,120,-42.105183760184495,0.0,120,-46.598050720317175,0.0,0.0,0.0,0.0,0.0,-635808.0,-635808.0,716.0,716.0,0.0,0.0,716.0,0.0,0.0,716
0.0,0.0,-0.0,0.0,0.0,0.0,-0.0,0.0,0.37853033242258655,271.027718014572,799.2,0.0,716.0,1.0,888.0,-635808.0,118,-33.276279031619296,0.0,118,-26.68847484236394,0.0,120,-33.04530859936962,0.0,120,-18.19089969012602,0.0,120,-42.20151244111652,0.0,120,-24.979819012446768,0.0,0.0,0.0,0.0,0.0,-635808.0,-635808.0,716.0,716.0,0.0,0.0,716.0,0.0,0.0,716
0.0,0.0,-0.0,0.0,0.0,0.0,-0.0,0.0,0.37853033242258655,271.027718014572,799.2,0.0,716.0,1.0,888.0,-635808.0,118,-50.038836674987095,0.0,118,-49.976253655342795,0.0,120,-25.30897410812605,0.0,120,-55.134451593439586,0.0,120,-48.48145117339212,0.0,120,-10.203099311352478,0.0,0.0,0.0,0.0,0.0,-635808.0,-635808.0,716.0,716.0,0.0,0.0,716.0,0.0,0.0,716
0.0,0.0,-0.0,0.0,0.0,0.0,-0.0,0.0,0.37853033242258655,271.027718014572,799.2,0.0,716.0,1.0,888.0,-635808.0,118,-44.6734110041907,0.0,118,-34.388043944357,0.0,120,-47.82886171522368,0.0,120,-12.533609241861939,0.0,120,-55.07749682574195,0.0,120,-33.31695502846491,0.0,0.0,0.0,0.0,0.0,-635808.0,-635808.0,716.0,716.0,0.0,0.0,716.0,0.0,0.0,716
0.0,0.0,-0.0,0.0,0.0,0.0,-0.0,0.0,0.37853033242258655,271.027718014572,799.2,0.0,716.0,1.0,888.0,-635808.0,118,-39.41028896141796,0.0,118,-24.101964142880636,0.0,120,-1.6265890434249375,0.0,120,-3.171296683575764,0.0,120,-38.68528966847374,0.0,120,-38.11556268425448,0.0,0.0,0.0,0.0,0.0,-635808.0,-635808.0,716.0,716.0,0.0,0.0,716.0,0.0,0.0,716
0.0,0.0,-0.0,0.0,0.0,0.0,-0.0,0.0,0.37853033242258655,271.027718014572,799.2,0.0,716.0,1.0,888.0,-635808.0,118,-16.994547913529914,0.0,118,-29.64489706689053,0.0,120,-23.587394861881958,0.0,120,-8.033260084591411,0.0,120,-16.086116619560382,0.0,120,-54.74461576741051,0.0,0.0,0.0,0.0,0.0,-635808.0,-635808.0,716.0,716.0,0.0,0.0,716.0,0.0,0.0,716
0.0,0.0,-0.0,0.0,0.0,0.0,-0.0,0.0,0.37853033242258655,271.027718014572,799.2,0.0,716.0,1.0,888.0,-635808.0,118,-46.95180501655712,0.0,118,-0.2813079157555154,0.0,120,-11.088369596810788,0.0,120,-2.4555742968228467,0.0,120,-38.89407538769361,0.0,120,-13.940913222364959,0.0,0.0,0.0,0.0,0.0,-635808.0,-635808.0,716.0,716.0,0.0,0.0,716.0,0.0,0.0,716
0.0,0.0,-0.0,0.0,0.0,0.0,-0.0,0.0,0.37853033242258655,271.027718014572,799.2,0.0,716.0,1.0,888.0,-635808.0,118,-44.704495236049205,0.0,118,-33.48160178121164,0.0,120,-50.28683974150427,0.0,120,-3.849598580000275,0.0,120,-55.00873877517617,0.0,120,-1.8644479963930172,0.0,0.0,0.0,0.0,0.0,-635808.0,-635808.0,716.0,716.0,0.0,0.0,716.0,0.0,0.0,716
0.0,0.0,-0.0,0.0,0.0,0.0,-0.0,0.0,0.37853033242258655,271.027718014572,799.2,0.0,716.0,1.0,888.0,-635808.0,118,-9.418216534078903,0.0,118,-13.341112189238661,0.0,120,-30.549623361230953,0.0,120,-42.01455224189472,0.0,120,-7.254859225048438,0.0,120,-7.256063056266542,0.0,0.0,0.0,0.0,0.0,-635808.0,-635808.0,716.0,716.0,0.0,0.0,716.0,0.0,0.0,716
0.0,0.0,-0.0,0.0,0.0,0.0,-0.0,0.0,0.37853033242258655,271.027718014572,799.2,0.0,716.0,1.0,888.0,-635808.0,118,-46.126033903445524,0.0,118,-47.757685375752835,0.0,120,-43.08147992265846,0.0,120,-21.3202823573811,0.0,120,-31.12970403874176,0.0,120,-32.82888300338528,0.0,0.0,0.0,0.0,0.0,-635808.0,-635808.0,716.0,716.0,0.0,0.0,716.0,0.0,0.0,716
0.0,0.0,-0.0,0.0,0.0,0.0,-0.0,0.0,0.37853033242258655,271.027718014572,799.2,0.0,716.0,1.0,888.0,-635808.0,118,-11.2840684862431,0.0,118,-27.168082263609943,0.0,120,-1.7686921003794454,0.0,120,-55.1814271517673,0.0,120,-15.545631736055853,0.0,120,-5.198024331238038,0.0,0.0,0.0,0.0,0.0,-635808.0,-635808.0,716.0,716.0,0.0,0.0,716.0,0.0,0.0,716
0.0,0.0,-0.0,0.0,0.0,0.0,-0.0,0.0,0.37853033242258655,271.027718014572,799.2,0.0,716.0,1.0,888.0,-635808.0,118,-46.177216032623896,0.0,118,-44.80652865111953,0.0,120,-44.22967782848308,0.0,120,-46.258306131331814,0.0,120,-18.020148867829132,0.0,120,-56.39592399777308,0.0,0.0,0.0,0.0,0.0,-635808.0,-635808.0,716.0,716.0,0.0,0.0,716.0,0.0,0.0,716
0.0,0.0,-0.0,0.0,0.0,0.0,-0.0,0.0,0.37853033242258655,271.027718014572,799.2,0.0,716.0,1.0,888.0,-635808.0,118,-0.9402944252691614,0.0,118,-10.263556959342575,0.0,120,-11.292840327888856,0.0,120,-13.170608257705984,0.0,120,-12.280944416985296,0.0,120,-3.0533352936043645,0.0,0.0,0.0,0.0,0.0,-635808.0,-635808.0,716.0,716.0,0.0,0.0,716.0,0.0,0.0,716
0.0,0.0,-0.0,0.0,0.0,0.0,-0.0,0.0,0.37853033242258655,271.027718014572,799.2,0.0,716.0,1.0,888.0,-635808.0,118,-47.90076005048205,0.0,118,-40.59134021721618,0.0,120,-6.519797102549035,0.0,120,-59.71342844498749,0.0,120,-24.69985365204395,0.0,120,-51.848520968335386,0.0,0.0,0.0,0.0,0.0,-635808.0,-635808.0,716.0,716.0,0.0,0.0,716.0,0.0,0.0,716
0.0,0.0,-0.0,0.0,0.0,0.0,-0.0,0.0,0.37853033242258655,271.027718014572,799.2,0.0,716.0,1.0,888.0,-635808.0,118,-37.136308771356944,0.0,118,-1.4357313248862846,0.0,120,-0.9407799848585641,0.0,120,-36.20708569678181,0.0,120,-5.528205638361843,0.0,120,-22.854883076361816,0.0,0.0,0.0,0.0,0.0,-635808.0,-635808.0,716.0,716.0,0.0,0.0,716.0,0.0,0.0,716
368.5622037456092,0.0,-3685.622037456092,0.0,0.0,0.0,-0.0,0.0,0.37853033242258655,131.47698041856876,799.2,0.0,347.33538941811804,1.0,888.0,-308433.82580328884,118,-24.86147973699417,0.0,118,-16.609252973196426,0.0,120,-15.228437951252404,0.0,120,-56.195724981394164,0.0,120,-53.75123702575953,0.0,120,-54.35641833175498,0.0,0.0,0.102406836272745,0.102406836272745,0.0,-312119.4478407449,-312119.4478407449,716.0,716.0,368.66461058188196,0.0,347.33538941811804,0.0,0.0,716
368.5622037456092,0.0,-3685.622037456092,0.0,0.0,0.0,-0.0,0.0,0.37853033242258655,131.47698041856876,799.2,0.0,347.33538941811804,1.0,888.0,-308433.82580328884,118,-15.1796400660781,0.0,118,-38.310875584917106,0.0,120,-56.525557025992924,0.0,120,-12.748312860366235,0.0,120,-36.100173213821414,0.0,120,-59.101771988776385,0.0,0.0,0.102406836272745,0.102406836272745,0.0,-312119.4478407449,-312119.4478407449,716.0,716.0,368.66461058188196,0.0,347.33538941811804,0.0,0.0,716
368.5622037456092,0.0,-3685.622037456092,0.0,0.0,0.0,-0.0,0.0,0.37853033242258655,131.47698041856876,799.2,0.0,347.33538941811804,1.0,888.0,-308433.82580328884,118,-41.02829703396505,0.0,118,-16.278369459234806,0.0,120,-52.90820265895898,0.0,120,-14.235634631115676,0.0,120,-56.3640553833547,0.0,120,-2.5038882443539268,0.0,0.0,0.102406836272745,0.102406836272745,0.0,-312119.4478407449,-312119.4478407449,716.0,716.0,368.66461058188196,0.0,347.33538941811804,0.0,0.0,716
368.5622037456092,0.0,-3685.622037456092,0.0,0.0,0.0,-0.0,0.0,0.37853033242258655,131.47698041856876,799.2,0.0,347.33538941811804,1.0,888.0,-308433.82580328884,118,-29.897524925828915,0.0,118,-7.900071440300625,0.0,120,-1.1793978937349237,0.0,120,-59.98456520057444,0.0,120,-29.49566967630969,0.0,120,-30.47722115364374,0.0,0.0,0.102406836272745,0.102406836272745,0.0,-312119.4478407449,-312119.4478407449,716.0,716.0,368.66461058188196,0.0,347.33538941811804,0.0,0.0,716
368.5622037456092,0.0,-3685.622037456092,0.0,0.0,0.0,-0.0,0.0,0.37853033242258655,131.47698041856876,799.2,0.0,347.33538941811804,1.0,888.0,-308433.82580328884,118,-25.29458571867779,0.0,118,-18.838994083537756,0.0,120,-40.365777599764506,0.0,120,-11.231746836278448,0.0,120,-46.60303036089788,0.0,120,-52.25825159171777,0.0,0.0,0.102406836272745,0.102406836272745,0.0,-312119.4478407449,-312119.4478407449,716.0,716.0,368.66461058188196,0.0,347.33538941811804,0.0,0.0,716
368.5622037456092,0.0,-3685.622037456092,0.0,0.0,0.0,-0.0,0.0,0.37853033242258655,131.47698041856876,799.2,0.0,347.33538941811804,1.0,888.0,-308433.82580328884,118,-14.079489721953518,0.0,118,-4.3048767870548925,0.0,120,-47.510834933416675,0.0,120,-38.72891565331795,0.0,120,-15.552516495624083,0.0,120,-25.479184152106136,0.0,0.0,0.102406836272745,0.102406836272745,0.0,-312119.4478407449,-312119.4478407449,716.0,716.0,368.66461058188196,0.0,347.33538941811804,0.0,0.0,716
1149.2133484666324,0.0,-11492.133484666323,437.53266309527,0.0,0.0,-0.0,0.0,0.37853033242258655,0.0,799.2,0.0,0.0,1.0,888.0,-0.0,118,-59.43222433531462,0.0,118,-9.530615860971123,0.0,118,-17.76433650067947,0.0,118,-20.16921269962119,0.0,120,-42.99695920134015,0.0,120,-9.347422735367681,0.0,0.0,0.319314628637575,0.319314628637575,0.0,-11492.133484666323,-11492.133484666323,1149.53266309527,1149.53266309527,1149.53266309527,0.0,0.0,437.53266309527,0.0,712
1149.2133484666324,0.0,-11492.133484666323,437.53266309527,393.779396785743,0.0,-0.0,0.009545472978589266,0.37853033242258655,0.0,799.2,0.0,0.0,1.0,888.0,-0.0,118,-24.737944569596394,0.0,118,-45.86311068377206,0.0,118,-44.242327154830214,0.0,118,-21.005260180371053,0.0,120,-17.096847092805994,0.0,120,-21.736344008205933,0.0,0.0,0.319314628637575,0.319314628637575,0.0,-11492.133484666323,-11492.133484666323,1149.53266309527,1149.53266309527,1149.53266309527,0.0,0.0,437.53266309527,0.0,712
1149.2133484666324,0.0,-11492.133484666323,437.53266309527,787.558793571486,0.0,-0.0,0.019090945957178532,0.37853033242258655,0.0,799.2,0.0,0.0,1.0,888.0,-0.0,118,-49.77597270363188,0.0,118,-23.369277022193142,0.0,118,-55.39615051200378,0.0,118,-11.975415336526865,0.0,120,-51.70007076021832,0.0,120,-14.656337791891282,0.0,0.0,0.319314628637575,0.319314628637575,0.0,-11492.133484666323,-11492.133484666323,1149.53266309527,1149.53266309527,1149.53266309527,0.0,0.0,437.53266309527,0.0,712
1149.2133484666324,0.0,-11492.133484666323,439.53266309527,1181.338190357229,0.0,-0.0,0.028636418935767797,0.37853033242258655,0.0,799.2,0.0,0.0,1.0,888.0,-0.0,118,-38.16579016228276,0.0,118,-57.490691329038235,0.0,118,-19.217919381802325,0.0,118,-22.817017223569984,0.0,118,-16.096723910724926,0.0,120,-41.7765630160062,0.0,0.0,0.319314628637575,0.319314628637575,0.0,-11492.133484666323,-11492.133484666323,1149.53266309527,1149.53266309527,1149.53266309527,0.0,0.0,439.53266309527,0.0,710
1149.2133484666324,0.0,-11492.133484666323,377.53266309527,1576.917587142972,0.0,-0.0,0.0382255251046705,0.37853033242258655,0.0,799.2,0.0,0.0,1.0,888.0,-0.0,180,-17.30764794114339,0.0,118,-2.5161571222320944,0.0,118,-1.6985842533209827,0.0,118,-3.0342673770625495,0.0,118,-16.86414228929142,0.0,120,-57.532333857531114,0.0,0.0,0.319314628637575,0.319314628637575,0.0,-11492.133484666323,-11492.133484666323,1149.53266309527,1149.53266309527,1149.53266309527,0.0,0.0,377.53266309527,0.0,772
1149.2133484666324,0.0,-11492.133484666323,377.53266309527,1916.696983928715,0.0,-0.0,0.046462002373856816,0.37853033242258655,0.0,799.2,0.0,0.0,1.0,888.0,-0.0,180,-6.9956775947434435,0.0,118,-45.63639227590465,0.0,118,-31.120037117125715,0.0,118,-44.736773561469846,0.0,118,-7.950970320161483,0.0,120,-52.251268977739734,0.0,0.0,0.319314628637575,0.319314628637575,0.0,-11492.133484666323,-11492.133484666323,1149.53266309527,1149.53266309527,1149.53266309527,0.0,0.0,377.53266309527,0.0,772
1806.506323917099,0.0,-18065.06323917099,1035.0082706589487,2256.476380714458,0.0,-0.0,0.05469847964304313,0.37853033242258655,0.0,799.2,0.0,0.0,1.0,888.0,-0.0,180,-57.97420553069016,0.0,118,-30.284098573033365,0.0,118,-41.25314760538201,0.0,118,-1.9894421247505978,0.0,118,-37.62300109455443,0.0,120,-12.207591147658432,0.0,0.0,0.501946741849708,0.501946741849708,0.0,-18065.06323917099,-18065.06323917099,1807.0082706589487,1807.0082706589487,1807.0082706589487,0.0,0.0,1035.0082706589487,0.0,772
1806.506323917099,0.0,-18065.06323917099,1035.0082706589487,3187.983824307512,0.0,-0.0,0.07727883606786203,0.37853033242258655,0.0,799.2,0.0,0.0,1.0,888.0,-0.0,180,-8.563632338683984,0.0,118,-32.608605345363216,0.0,118,-5.786270592781757,0.0,118,-39.86610918006547,0.0,118,-11.074957164101757,0.0,120,-34.03116181502952,0.0,0.0,0.501946741849708,0.501946741849708,0.0,-18065.06323917099,-18065.06323917099,1807.0082706589487,1807.0082706589487,1807.0082706589487,0.0,0.0,1035.0082706589487,0.0,772
1806.506323917099,0.0,-18065.06323917099,1037.0082706589487,4119.491267900566,0.0,-0.0,0.09985919249268091,0.37853033242258655,0.0,799.2,0.0,0.0,1.0,888.0,-0.0,180,-39.79030461618551,0.0,118,-23.067290194920844,0.0,118,-52.35109221127324,0.0,118,-13.490844190072133,0.0,118,-8.444636277604214,0.0,118,-20.729311428502793,0.0,0.0,0.501946741849708,0.501946741849708,0.0,-18065.06323917099,-18065.06323917099,1807.0082706589487,1807.0082706589487,1807.0082706589487,0.0,0.0,1037.0082706589487,0.0,770
1806.506323917099,0.0,-18065.06323917099,1037.0082706589487,5052.7987114936195,0.0,-0.0,0.12248318210781324,0.37853033242258655,0.0,799.2,0.0,0.0,1.0,888.0,-0.0,180,-7.073426202519604,0.0,118,-23.594061224651487,0.0,118,-18.099193669264558,0.0,118,-19.631130774016633,0.0,118,-54.64160096936955,0.0,118,-12.357430993082888,0.0,0.0,0.501946741849708,0.501946741849708,0.0,-18065.06323917099,-18065.06323917099,1807.0082706589487,1807.0082706589487,1807.0082706589487,0.0,0.0,1037.0082706589487,0.0,770
1806.506323917099,0.0,-18065.06323917099,1037.0082706589487,5986.106155086673,0.0,-0.0,0.14510717172294557,0.37853033242258655,0.0,799.2,0.0,0.0,1.0,888.0,-0.0,180,-0.8152912753866204,0.0,118,-51.87674143366134,0.0,118,-30.954474106689368,0.0,118,-3.4624237106112488,0.0,118,-15.404431270145057,0.0,118,-48.912004117801764,0.0,0.0,0.501946741849708,0.501946741849708,0.0,-18065.06323917099,-18065.06323917099,1807.0082706589487,1807.0082706589487,1807.0082706589487,0.0,0.0,1037.0082706589487,0.0,770
1806.506323917099,0.0,-18065.06323917099,1037.0082706589487,6919.413598679727,0.0,-0.0,0.1677311613380779,0.37853033242258655,0.0,799.2,0.0,0.0,1.0,888.0,-0.0,180,-25.787149130500353,0.0,118,-58.695494285621635,0.0,118,-53.814805807048636,0.0,118,-45.70260270340965,0.0,118,-33.52189487018254,0.0,118,-36.36484323782215,0.0,0.0,0.501946741849708,0.501946741849708,0.0,-18065.06323917099,-18065.06323917099,1807.0082706589487,1807.0082706589487,1807.0082706589487,0.0,0.0,1037.0082706589487,0.0,770
2259.60490661299,0.0,-22596.049066129897,1490.23274904328,7852.721042272781,0.0,-0.0,0.19035515095321023,0.37853033242258655,0.0,799.2,0.0,0.0,1.0,888.0,-0.0,180,-8.200312391852588,0.0,118,-58.37944019019042,0.0,118,-45.04624107052393,0.0,118,-59.134430512991244,0.0,118,-0.0008157142726550326,0.0,118,-49.70239865370975,0.0,0.0,0.6278424302898,0.6278424302898,0.0,-22596.049066129897,-22596.049066129897,2260.23274904328,2260.23274904328,2260.23274904328,0.0,0.0,1490.23274904328,0.0,770
2259.60490661299,0.0,-22596.049066129897,1490.23274904328,9193.930516411732,0.0,-0.0,0.22286695552836722,0.37853033242258655,0.0,799.2,0.0,0.0,1.0,888.0,-0.0,180,-41.95345949847786,0.0,118,-36.362259532303064,0.0,118,-6.497327789869498,0.0,118,-35.673296195691925,0.0,118,-31.397367549290344,0.0,118,-49.11602351803285,0.0,0.0,0.6278424302898,0.6278424302898,0.0,-22596.049066129897,-22596.049066129897,2260.23274904328,2260.23274904328,2260.23274904328,0.0,0.0,1490.23274904328,0.0,770
2259.60490661299,0.0,-22596.049066129897,1490.23274904328,10535.139990550684,0.0,-0.0,0.2553787601035242,0.37853033242258655,0.0,799.2,0.0,0.0,1.0,888.0,-0.0,180,-13.500833376585346,0.0,118,-4.354502761935823,0.0,118,-36.47732840751134,0.0,118,-27.355051332096004,0.0,118,-19.125216599706498,0.0,118,-6.065425465716697,0.0,0.0,0.6278424302898,0.6278424302898,0.0,-22596.049066129897,-22596.049066129897,2260.23274904328,2260.23274904328,2260.23274904328,0.0,0.0,1490.23274904328,0.0,770
2259.60490661299,0.0,-22596.049066129897,1490.23274904328,11876.349464689636,0.0,-0.0,0.28789056467868124,0.37853033242258655,0.0,799.2,0.0,0.0,1.0,888.0,-0.0,180,-2.342094975321889,0.0,118,-29.000625878610748,0.0,118,-42.49668270998491,0.0,118,-27.939409924541305,0.0,118,-11.58816771463303,0.0,118,-14.46138215228543,0.0,0.0,0.6278424302898,0.6278424302898,0.0,-22596.049066129897,-22596.049066129897,2260.23274904328,2260.23274904328,2260.23274904328,0.0,0.0,1490.23274904328,0.0,770
2259.60490661299,0.0,-22596.049066129897,1490.23274904328,13217.558938828588,0.0,-0.0,0.3204023692538382,0.37853033242258655,0.0,799.2,0.0,0.0,1.0,888.0,-0.0,180,-33.11132949921525,0.0,118,-20.386488687028045,0.0,118,-25.916409254697093,0.0,118,-52.4881604778488,0.0,118,-46.597510035575006,0.0,118,-41.347359509935885,0.0,0.0,0.6278424302898,0.6278424302898,0.0,-22596.049066129897,-22596.049066129897,2260.23274904328,2260.23274904328,2260.23274904328,0.0,0.0,1490.23274904328,0.0,770
2259.60490661299,0.0,-22596.049066129897,1490.23274904328,14558.76841296754,0.0,-0.0,0.3529141738289952,0.37853033242258655,0.0,799.2,0.0,0.0,1.0,888.0,-0.0,180,-56.20846448860324,0.0,118,-24.440548335285396,0.0,118,-8.758232797840433,0.0,118,-23.951648587189002,0.0,118,-59.37992601625619,0.0,118,-34.549845418097135,0.0,0.0,0.6278424302898,0.6278424302898,0.0,-22596.049066129897,-22596.049066129897,2260.23274904328,2260.23274904328,2260.23274904328,0.0,0.0,1490.23274904328,0.0,770
2445.361739260905,0.0,-24453.61739260905,1676.0411951484461,15899.977887106492,0.0,-0.0,0.3854259784041522,0.37853033242258655,0.0,799.2,0.0,0.0,1.0,888.0,-0.0,180,-55.6194544218677,0.0,118,-31.878310906666417,0.0,118,-19.25413350349531,0.0,118,-52.244997224765115,0.0,118,-17.654739324056152,0.0,118,-10.314193475423059,0.0,0.0,0.679455887541235,0.679455887541235,0.0,-24453.61739260905,-24453.61739260905,2446.041195148446,2446.041195148446,2446.041195148446,0.0,0.0,1676.0411951484461,0.0,770
2445.361739260905,0.0,-24453.61739260905,1676.0411951484461,17408.414962740095,0.0,-0.0,0.42199149062468416,0.37853033242258655,0.0,799.2,0.0,0.0,1.0,888.0,-0.0,180,-27.02017904794003,0.0,118,-54.74231192486475,0.0,118,-29.750474948148863,0.0,118,-47.987494481205765,0.0,118,-39.85081091676604,0.0,118,-24.164640495866195,0.0,0.0,0.679455887541235,0.679455887541235,0.0,-24453.61739260905,-24453.61739260905,2446.041195148446,2446.041195148446,2446.041195148446,0.0,0.0,1676.0411951484461,0.0,770
2445.361739260905,0.0,-24453.61739260905,1676.0411951484461,18916.852038373698,0.0,-0.0,0.45855700284521606,0.37853033242258655,0.0,799.2,0.0,0.0,1.0,888.0,-0.0,180,-34.66546386728746,0.0,118,-10.208615698488055,0.0,118,-15.692906747076327,0.0,118,-27.124723509780896,0.0,118,-16.8853716940723,0.0,118,-27.799288942840437,0.0,0.0,0.679455887541235,0.679455887541235,0.0,-24453.61739260905,-24453.61739260905,2446.041195148446,2446.041195148446,2446.041195148446,0.0,0.0,1676.0411951484461,0.0,770
2445.361739260905,0.0,-24453.61739260905,1676.0411951484461,20425.2891140073,0.0,-0.0,0.49512251506574795,0.37853033242258655,0.0,799.2,0.0,0.0,1.0,888.0,-0.0,180,-24.3442041692629,0.0,118,-51.058307978943496,0.0,118,-18.41128866981868,0.0,118,-33.78681871397406,0.0,118,-11.905770579919668,0.0,118,-5.880387110858987,0.0,0.0,0.679455887541235,0.679455887541235,0.0,-24453.61739260905,-24453.61739260905,2446.041195148446,2446.041195148446,2446.041195148446,0.0,0.0,1676.0411951484461,0.0,770
2445.361739260905,0.0,-24453.61739260905,1676.0411951484461,21933.726189640904,0.0,-0.0,0.5316880272862798,0.37853033242258655,0.0,799.2,0.0,0.0,1.0,888.0,-0.0,180,-45.915810348850435,0.0,118,-4.091232368561841,0.0,118,-50.79385051248571,0.0,118,-58.74702830747409,0.0,118,-46.75979788997536,0.0,118,-2.4095758496618225,0.0,0.0,0.679455887541235,0.679455887541235,0.0,-24453.61739260905,-24453.61739260905,2446.041195148446,2446.041195148446,2446.041195148446,0.0,0.0,1676.0411951484461,0.0,770
2445.361739260905,0.0,-24453.61739260905,1676.0411951484461,23442.163265274507,0.0,-0.0,0.5682535395068118,0.37853033242258655,0.0,799.2,0.0,0.0,1.0,888.0,-0.0,180,-51.29222543361999,0.0,118,-24.10815497741533,0.0,118,-27.56000304013703,0.0,118,-40.10571802778786,0.0,118,-16.491405684831292,0.0,118,-11.314159149472347,0.0,0.0,0.679455887541235,0.679455887541235,0.0,-24453.61739260905,-24453.61739260905,2446.041195148446,2446.041195148446,2446.041195148446,0.0,0.0,1676.0411951484461,0.0,770
2456.005489217464,0.0,-24560.054892174638,1624.6879025237204,24950.60034090811,0.0,-0.0,0.6048190517273437,0.37853033242258655,0.0,799.2,0.0,0.0,1.0,888.0,-0.0,180,-59.210055168999155,0.0,118,-35.6192182181278,0.0,180,-58.71417288159916,0.0,118,-36.83628442182842,0.0,118,-9.732039514357647,0.0,118,-17.105551933595336,0.0,0.0,0.682413306256589,0.682413306256589,0.0,-24560.054892174638,-24560.054892174638,2456.6879025237204,2456.6879025237204,2456.6879025237204,0.0,0.0,1624.6879025237204,0.0,832
2456.005489217464,0.0,-24560.054892174638,1686.6879025237204,26412.819453179458,0.0,-0.0,0.6402642099527176,0.37853033242258655,0.0,799.2,0.0,0.0,1.0,888.0,-0.0,180,-21.31682922530047,0.0,118,-50.725284181427455,0.0,118,-1.170365222668699,0.0,118,-42.00775647413565,0.0,118,-5.084121995951627,0.0,118,-4.754285438489507,0.0,0.0,0.682413306256589,0.682413306256589,0.0,-24560.054892174638,-24560.054892174638,2456.6879025237204,2456.6879025237204,2456.6879025237204,0.0,0.0,1686.6879025237204,0.0,770
2456.005489217464,0.0,-24560.054892174638,1686.6879025237204,27930.838565450806,0.0,-0.0,0.6770619970778078,0.37853033242258655,0.0,799.2,0.0,0.0,1.0,888.0,-0.0,180,-22.869440815579857,0.0,118,-5.024796439209382,0.0,118,-30.181006406850944,0.0,118,-52.35666758941145,0.0,118,-48.105232306192015,0.0,118,-47.402110480559,0.0,0.0,0.682413306256589,0.682413306256589,0.0,-24560.054892174638,-24560.054892174638,2456.6879025237204,2456.6879025237204,2456.6879025237204,0.0,0.0,1686.6879025237204,0.0,770
2456.005489217464,0.0,-24560.054892174638,1686.6879025237204,29448.857677722153,0.0,-0.0,0.7138597842028981,0.37853033242258655,0.0,799.2,0.0,0.0,1.0,888.0,-0.0,180,-59.91569145772799,0.0,118,-38.513525101652085,0.0,118,-50.90999863012288,0.0,118,-26.17202168067806,0.0,118,-23.34519333460304,0.0,118,-33.3512585210536,0.0,0.0,0.682413306256589,0.682413306256589,0.0,-24560.054892174638,-24560.054892174638,2456.6879025237204,2456.6879025237204,2456.6879025237204,0.0,0.0,1686.6879025237204,0.0,770
2456.005489217464,0.0,-24560.054892174638,1624.6879025237204,30966.8767899935,0.0,-0.0,0.7506575713279883,0.37853033242258655,0.0,799.2,0.0,0.0,1.0,888.0,-0.0,180,-26.83209232431954,0.0,118,-44.333227981866486,0.0,118,-55.81281521333031,0.0,118,-0.5062273810127693,0.0,118,-46.82855498554697,0.0,180,-55.66500891058351,0.0,0.0,0.682413306256589,0.682413306256589,0.0,-24560.054892174638,-24560.054892174638,2456.6879025237204,2456.6879025237204,2456.6879025237204,0.0,0.0,1624.6879025237204,0.0,832
2456.005489217464,0.0,-24560.054892174638,1622.6879025237204,32429.09590226485,0.0,-0.0,0.7861027295533621,0.37853033242258655,0.0,799.2,0.0,0.0,1.0,888.0,-0.0,180,-13.183962585470532,0.0,118,-51.24043715150153,0.0,118,-37.26761594062594,0.0,120,-1.7461351559271776,0.0,118,-19.044669101369404,0.0,180,-55.03727407329746,0.0,0.0,0.682413306256589,0.682413306256589,0.0,-24560.054892174638,-24560.054892174638,2456.6879025237204,2456.6879025237204,2456.6879025237204,0.0,0.0,1622.6879025237204,0.0,834
2261.5361127677124,0.0,-22615.361127677126,1430.1644917932103,33889.5150145362,0.0,-0.0,0.8215042545884226,0.37853033242258655,0.0,799.2,0.0,0.0,1.0,888.0,-0.0,180,-56.398096619531536,0.0,118,-10.211056897855496,0.0,118,-23.480220478005357,0.0,118,-59.48731885966312,0.0,118,-25.111142833604248,0.0,180,-4.126073992139134,0.0,0.0,0.628379025498114,0.628379025498114,0.0,-22615.361127677126,-22615.361127677126,2262.1644917932103,2262.1644917932103,2262.1644917932103,0.0,0.0,1430.1644917932103,0.0,832
2261.5361127677124,0.0,-22615.361127677126,1368.1644917932103,35176.66305715009,0.0,-0.0,0.8527055743133853,0.37853033242258655,0.0,799.2,0.0,0.0,1.0,888.0,-0.0,180,-21.6311041347502,0.0,118,-25.3195343659715,0.0,118,-26.634653614972358,0.0,180,-55.31274291411552,0.0,118,-10.691027777923356,0.0,180,-57.09346650600633,0.0,0.0,0.628379025498114,0.628379025498114,0.0,-22615.361127677126,-22615.361127677126,2262.1644917932103,2262.1644917932103,2262.1644917932103,0.0,0.0,1368.1644917932103,0.0,894
2261.5361127677124,0.0,-22615.361127677126,1368.1644917932103,36408.01109976398,0.0,-0.0,0.8825542651386318,0.37853033242258655,0.0,799.2,0.0,0.0,1.0,888.0,-0.0,180,-16.086598922408236,0.0,118,-50.54083077589978,0.0,118,-25.824400502283066,0.0,180,-6.523634357392815,0.0,118,-41.538131318830565,0.0,180,-25.07300312758893,0.0,0.0,0.628379025498114,0.628379025498114,0.0,-22615.361127677126,-22615.361127677126,2262.1644917932103,2262.1644917932103,2262.1644917932103,0.0,0.0,1368.1644917932103,0.0,894
2261.5361127677124,0.0,-22615.361127677126,1368.1644917932103,37639.35914237787,0.0,-0.0,0.9124029559638783,0.37853033242258655,0.0,799.2,0.0,0.0,1.0,888.0,-0.0,180,-2.7018011548667764,0.0,118,-3.522651422595604,0.0,118,-11.565572810595082,0.0,180,-5.318407465004604,0.0,118,-48.473068800156504,0.0,180,-18.470940256264672,0.0,0.0,0.628379025498114,0.628379025498114,0.0,-22615.361127677126,-22615.361127677126,2262.1644917932103,2262.1644917932103,2262.1644917932103,0.0,0.0,1368.1644917932103,0.0,894
2261.5361127677124,0.0,-22615.361127677126,1368.1644917932103,38870.70718499176,0.0,-0.0,0.9422516467891248,0.37853033242258655,0.0,799.2,0.0,0.0,1.0,888.0,-0.0,180,-19.72026381417151,0.0,118,-46.86501825119879,0.0,118,-29.705112885556733,0.0,180,-9.642082746322698,0.0,118,-39.272878949327854,0.0,180,-39.42546223003838,0.0,0.0,0.628379025498114,0.628379025498114,0.0,-22615.361127677126,-22615.361127677126,2262.1644917932103,2262.1644917932103,2262.1644917932103,0.0,0.0,1368.1644917932103,0.0,894
2261.5361127677124,0.0,-22615.361127677126,1278.8275248826055,40102.055227605655,0.0,-0.0,0.9721003376143712,0.37853033242258655,0.0,799.2,89.33696691060481,0.0,1.0,888.0,71398.10395495537,180,-12.71611708474956,0.0,118,-15.824038072043713,0.0,118,-14.584516208828935,0.0,180,-53.84720586464261,0.0,118,-53.99968506840746,0.0,180,-7.483424165059025,0.0,0.0,0.628379025498114,0.628379025498114,0.0,48782.74282727824,48782.74282727824,2262.1644917932103,2262.1644917932103,2262.1644917932103,0.0,0.0,1368.1644917932103,0.0,894
1854.381970271206,0.0,-18543.81970271206,0.0,41253.0,0.0,-0.0,1.0,0.37853033242258655,0.0,799.2,960.8972194988446,0.0,1.0,888.0,767949.0578234766,180,-48.48949000121997,0.0,118,-56.5015100854894,0.0,118,-28.399643111921133,0.0,180,-30.468900425438278,0.0,118,-1.0443384140864587,0.0,180,-49.93000317688484,0.0,0.0,0.515249227638568,0.515249227638568,0.0,749405.2381207646,749405.2381207646,1854.8972194988446,1854.8972194988446,1854.8972194988446,0.0,0.0,960.8972194988446,0.0,894
1854.381970271206,0.0,-18543.81970271206,0.0,41253.0,0.0,-0.0,1.0,0.37853033242258655,0.0,799.2,960.8972194988446,0.0,1.0,888.0,767949.0578234766,180,-25.628669011618047,0.0,118,-21.74565768244346,0.0,118,-49.01444577635169,0.0,180,-48.17255164534723,0.0,118,-20.556548010478764,0.0,180,-22.86776127915373,0.0,0.0,0.515249227638568,0.515249227638568,0.0,749405.2381207646,749405.2381207646,1854.8972194988446,1854.8972194988446,1854.8972194988446,0.0,0.0,960.8972194988446,0.0,894
1854.381970271206,0.0,-18543.81970271206,0.0,41253.0,0.0,-0.0,1.0,0.37853033242258655,0.0,799.2,960.8972194988446,0.0,1.0,888.0,767949.0578234766,180,-7.678301660283166,0.0,118,-21.158342072503086,0.0,118,-50.00976868297372,0.0,180,-19.130352318121343,0.0,118,-39.00440554527883,0.0,180,-31.23483955103966,0.0,0.0,0.515249227638568,0.515249227638568,0.0,749405.2381207646,749405.2381207646,1854.8972194988446,1854.8972194988446,1854.8972194988446,0.0,0.0,960.8972194988446,0.0,894
1854.381970271206,0.0,-18543.81970271206,0.0,41253.0,0.0,-0.0,1.0,0.37853033242258655,0.0,799.2,960.8972194988446,0.0,1.0,888.0,767949.0578234766,180,-41.32460808338005,0.0,118,-58.072597904202766,0.0,118,-59.834166021962844,0.0,180,-35.459137640294344,0.0,118,-20.45460264611957,0.0,180,-41.58629932470883,0.0,0.0,0.515249227638568,0.515249227638568,0.0,749405.2381207646,749405.2381207646,1854.8972194988446,1854.8972194988446,1854.8972194988446,0.0,0.0,960.8972194988446,0.0,894
1854.381970271206,0.0,-18543.81970271206,0.0,41253.0,0.0,-0.0,1.0,0.37853033242258655,0.0,799.2,960.8972194988446,0.0,1.0,888.0,767949.0578234766,180,-26.671802619250162,0.0,118,-59.254698101690494,0.0,118,-1.9657623905725696,0.0,180,-51.68838023471857,0.0,118,-6.4032616010622,0.0,180,-51.715300009051155,0.0,0.0,0.515249227638568,0.515249227638568,0.0,749405.2381207646,749405.2381207646,1854.8972194988446,1854.8972194988446,1854.8972194988446,0.0,0.0,960.8972194988446,0.0,894
1854.381970271206,0.0,-18543.81970271206,0.0,41253.0,0.0,-0.0,1.0,0.37853033242258655,0.0,799.2,937.8972194988446,0.0,1.0,888.0,749567.4578234766,180,-10.46716045520405,0.0,118,-28.13215133369808,0.0,118,-6.857412327943633,0.0,203,-55.479428368751115,0.0,118,-36.96467144081259,0.0,180,-36.173694558053484,0.0,0.0,0.515249227638568,0.515249227638568,0.0,731023.6381207646,731023.6381207646,1854.8972194988446,1854.8972194988446,1854.8972194988446,0.0,0.0,937.8972194988446,0.0,917
1223.0300659666864,0.0,-12230.300659666864,0.0,41253.0,0.0,-0.0,1.0,0.37853033242258655,0.0,799.2,306.3698909363909,0.0,1.0,888.0,244850.81683636364,180,-54.42986929567799,0.0,118,-44.20195502153739,0.0,118,-23.098888211104935,0.0,203,-24.737275053086293,0.0,118,-5.183986415294301,0.0,180,-9.567437746157648,0.0,0.0,0.339824969704553,0.339824969704553,0.0,232620.51617669678,232620.51617669678,1223.369890936391,1223.369890936391,1223.369890936391,0.0,0.0,306.3698909363909,0.0,917
1223.0300659666864,0.0,-12230.300659666864,0.0,41253.0,0.0,-0.0,1.0,0.37853033242258655,0.0,799.2,306.3698909363909,0.0,1.0,888.0,244850.81683636364,180,-37.321956110358855,0.0,118,-37.08334088874247,0.0,118,-52.79548545042763,0.0,203,-3.314067840164061,0.0,118,-29.86998346344138,0.0,180,-31.704857872936365,0.0,0.0,0.339824969704553,0.339824969704553,0.0,232620.51617669678,232620.51617669678,1223.369890936391,1223.369890936391,1223.369890936391,0.0,0.0,306.3698909363909,0.0,917
1223.0300659666864,0.0,-12230.300659666864,0.0,41253.0,0.0,-0.0,1.0,0.37853033242258655,0.0,799.2,306.3698909363909,0.0,1.0,888.0,244850.81683636364,180,-43.43427112047957,0.0,118,-47.593479219473075,0.0,118,-3.4900338267522812,0.0,203,-31.770078443943866,0.0,118,-27.580639870043456,0.0,180,-25.11395395596011,0.0,0.0,0.339824969704553,0.339824969704553,0.0,232620.51617669678,232620.51617669678,1223.369890936391,1223.369890936391,1223.369890936391,0.0,0.0,306.3698909363909,0.0,917
1223.0300659666864,0.0,-12230.300659666864,0.0,41253.0,0.0,-0.0,1.0,0.37853033242258655,0.0,799.2,306.3698909363909,0.0,1.0,888.0,244850.81683636364,180,-42.63564209866418,0.0,118,-44.3628246585054,0.0,118,-22.20441494791861,0.0,203,-50.830490288308546,0.0,118,-2.8105415279954626,0.0,180,-40.66073700637234,0.0,0.0,0.339824969704553,0.339824969704553,0.0,232620.51617669678,232620.51617669678,1223.369890936391,1223.369890936391,1223.369890936391,0.0,0.0,306.3698909363909,0.0,917
1223.0300659666864,0.0,-12230.300659666864,0.0,41253.0,0.0,-0.0,1.0,0.37853033242258655,0.0,799.2,306.3698909363909,0.0,1.0,888.0,244850.81683636364,180,-42.85087769929959,0.0,118,-40.68156754136963,0.0,118,-43.28460014331808,0.0,203,-14.024662177565954,0.0,118,-28.11473813772711,0.0,180,-34.75315466082717,0.0,0.0,0.339824969704553,0.339824969704553,0.0,232620.51617669678,232620.51617669678,1223.369890936391,1223.369890936391,1223.369890936391,0.0,0.0,306.3698909363909,0.0,917
1223.0300659666864,0.0,-12230.300659666864,0.0,41253.0,0.0,-0.0,1.0,0.37853033242258655,0.0,799.2,244.3698909363909,0.0,1.0,888.0,195300.4168363636,180,-26.428355247039065,0.0,180,-55.44875948274724,0.0,118,-40.03900300754528,0.0,203,-35.25951329461207,0.0,118,-49.32671155226477,0.0,180,-38.34650773890274,0.0,0.0,0.339824969704553,0.339824969704553,0.0,183070.11617669676,183070.11617669676,1223.369890936391,1223.369890936391,1223.369890936391,0.0,0.0,244.3698909363909,0.0,979
464.94617713092873,0.0,-4649.4617713092875,0.0,41253.0,428.92463526775674,-0.0,1.0,0.37853033242258655,0.0,799.2,0.0,0.0,1.0,888.0,-0.0,180,-29.256008747975194,0.0,180,-26.949922018127836,0.0,118,-26.554327988069677,0.0,180,-57.67699874696245,0.0,118,-8.61172653014351,0.0,118,-50.48778108706308,0.0,0.0,0.129187601314512,0.129187601314512,0.0,-4649.4617713092875,-4649.4617713092875,894.0,894.0,465.07536473224326,0.0,428.92463526775674,0.0,0.0,894
464.94617713092873,0.0,-4649.4617713092875,0.0,40776.41707192471,428.92463526775674,-0.0,0.9884473146661992,0.37853033242258655,0.0,799.2,0.0,0.0,1.0,888.0,-0.0,180,-5.709492517830304,0.0,180,-7.682152668356517,0.0,118,-30.21569874604907,0.0,180,-2.684174941600903,0.0,118,-25.770932979283828,0.0,118,-0.16990968182909905,0.0,0.0,0.129187601314512,0.129187601314512,0.0,-4649.4617713092875,-4649.4617713092875,894.0,894.0,465.07536473224326,0.0,428.92463526775674,0.0,0.0,894
464.94617713092873,0.0,-4649.4617713092875,0.0,40299.834143849424,428.92463526775674,-0.0,0.9768946293323982,0.37853033242258655,0.0,799.2,0.0,0.0,1.0,888.0,-0.0,180,-29.425913740868925,0.0,180,-12.916313466895723,0.0,118,-8.77586598829047,0.0,180,-33.47045995819918,0.0,118,-39.02915428807017,0.0,118,-37.40893977588743,0.0,0.0,0.129187601314512,0.129187601314512,0.0,-4649.4617713092875,-4649.4617713092875,894.0,894.0,465.07536473224326,0.0,428.92463526775674,0.0,0.0,894
464.94617713092873,0.0,-4649.4617713092875,0.0,39823.25121577414,428.92463526775674,-0.0,0.9653419439985974,0.37853033242258655,0.0,799.2,0.0,0.0,1.0,888.0,-0.0,180,-48.6868058900711,0.0,180,-38.565042011569744,0.0,118,-20.394508089385123,0.0,180,-21.91650780716608,0.0,118,-26.424168520000382,0.0,118,-18.61771304496156,0.0,0.0,0.129187601314512,0.129187601314512,0.0,-4649.4617713092875,-4649.4617713092875,894.0,894.0,465.07536473224326,0.0,428.92463526775674,0.0,0.0,894
464.94617713092873,0.0,-4649.4617713092875,0.0,39346.66828769885,428.92463526775674,-0.0,0.9537892586647965,0.37853033242258655,0.0,799.2,0.0,0.0,1.0,888.0,-0.0,180,-3.961229908980024,0.0,180,-5.052828506173956,0.0,118,-30.44793207528,0.0,180,-34.59930975418353,0.0,118,-15.795434567807192,0.0,118,-33.27287964685913,0.0,0.0,0.129187601314512,0.129187601314512,0.0,-4649.4617713092875,-4649.4617713092875,894.0,894.0,465.07536473224326,0.0,428.92463526775674,0.0,0.0,894
464.94617713092873,0.0,-4649.4617713092875,0.0,38870.08535962356,428.92463526775674,-0.0,0.9422365733309956,0.37853033242258655,0.0,799.2,0.0,0.0,1.0,888.0,-0.0,180,-7.872644089569638,0.0,180,-4.847315324222206,0.0,118,-47.58984331173317,0.0,180,-44.78709766109281,0.0,118,-38.31796021600766,0.0,118,-34.38389898744716,0.0,0.0,0.129187601314512,0.129187601314512,0.0,-4649.4617713092875,-4649.4617713092875,894.0,894.0,465.07536473224326,0.0,428.92463526775674,0.0,0.0,894
0.0,0.0,-0.0,0.0,38393.50243154827,894.0,-0.0,0.9306838879971947,0.37853033242258655,0.0,799.2,0.0,0.0,1.0,888.0,-0.0,180,-57.335173927839115,0.0,180,-15.888213482717985,0.0,118,-15.615630056008506,0.0,180,-49.52963155394326,0.0,118,-30.988295462243077,0.0,118,-50.70411038479944,0.0,0.0,0.0,0.0,0.0,0.0,0.0,894.0,894.0,0.0,0.0,894.0,0.0,0.0,894
0.0,0.0,-0.0,0.0,37400.16909821494,894.0,-0.0,0.906604831120523,0.37853033242258655,0.0,799.2,0.0,0.0,1.0,888.0,-0.0,180,-5.838124341172469,0.0,180,-21.657824087438808,0.0,118,-44.918560477893365,0.0,180,-16.70002275630622,0.0,118,-8.912656132140217,0.0,118,-4.370334772213589,0.0,0.0,0.0,0.0,0.0,0.0,0.0,894.0,894.0,0.0,0.0,894.0,0.0,0.0,894
0.0,0.0,-0.0,0.0,36406.8357648816,894.0,-0.0,0.8825257742438514,0.37853033242258655,0.0,799.2,0.0,0.0,1.0,888.0,-0.0,180,-38.13407937444842,0.0,180,-21.576726080294417,0.0,118,-15.596139545707903,0.0,180,-57.020851629349,0.0,118,-38.0924425248686,0.0,118,-9.581339895223804,0.0,0.0,0.0,0.0,0.0,0.0,0.0,894.0,894.0,0.0,0.0,894.0,0.0,0.0,894
0.0,0.0,-0.0,0.0,35413.502431548266,894.0,-0.0,0.8584467173671797,0.37853033242258655,0.0,799.2,0.0,0.0,1.0,888.0,-0.0,180,-19.047762630846,0.0,180,-7.529796465443734,0.0,118,-1.6736899279429651,0.0,180,-11.324117825031404,0.0,118,-43.88043993445151,0.0,118,-28.060115275102312,0.0,0.0,0.0,0.0,0.0,0.0,0.0,894.0,894.0,0.0,0.0,894.0,0.0,0.0,894
0.0,0.0,-0.0,0.0,34420.16909821493,832.0,-0.0,0.8343676604905081,0.37853033242258655,0.0,799.2,0.0,0.0,1.0,888.0,-0.0,118,-30.415872047945502,0.0,180,-46.36615224155963,0.0,118,-33.000798333321264,0.0,180,-56.86209823772708,0.0,118,-19.524051002324107,0.0,118,-12.121222738657382,0.0,0.0,0.0,0.0,0.0,0.0,0.0,832.0,832.0,0.0,0.0,832.0,0.0,0.0,832
0.0,0.0,-0.0,0.0,33495.724653770485,832.0,-0.0,0.8119585158357085,0.37853033242258655,0.0,799.2,0.0,0.0,1.0,888.0,-0.0,118,-2.118851937219024,0.0,180,-7.047569447035682,0.0,118,-42.57252135887903,0.0,180,-0.5991092272395404,0.0,118,-48.10408647709215,0.0,118,-49.2565907231552,0.0,0.0,0.0,0.0,0.0,0.0,0.0,832.0,832.0,0.0,0.0,832.0,0.0,0.0,832
0.0,0.0,-0.0,0.0,32571.28020932604,832.0,-0.0,0.7895493711809091,0.37853033242258655,0.0,799.2,0.0,0.0,1.0,888.0,-0.0,118,-25.458603075041992,0.0,180,-22.359405579475546,0.0,118,-57.83175723122501,0.0,180,-13.851381790403599,0.0,118,-2.247937136042686,0.0,118,-10.133178797208409,0.0,0.0,0.0,0.0,0.0,0.0,0.0,832.0,832.0,0.0,0.0,832.0,0.0,0.0,832
0.0,0.0,-0.0,0.0,31646.835764881595,832.0,-0.0,0.7671402265261095,0.37853033242258655,0.0,799.2,0.0,0.0,1.0,888.0,-0.0,118,-53.571868821563754,0.0,180,-14.144620562916128,0.0,118,-32.41771735516441,0.0,180,-42.75728531371513,0.0,118,-31.046172848643064,0.0,118,-53.33061878596813,0.0,0.0,0.0,0.0,0.0,0.0,0.0,832.0,832.0,0.0,0.0,832.0,0.0,0.0,832
0.0,0.0,-0.0,0.0,30722.39132043715,832.0,-0.0,0.74473108187131,0.37853033242258655,0.0,799.2,0.0,0.0,1.0,888.0,-0.0,118,-55.81949008328254,0.0,180,-35.810708121312246,0.0,118,-53.939648129902785,0.0,180,-37.6219020361251,0.0,118,-18.040601827589,0.0,118,-39.81059424811747,0.0,0.0,0.0,0.0,0.0,0.0,0.0,832.0,832.0,0.0,0.0,832.0,0.0,0.0,832
0.0,0.0,-0.0,0.0,29797.946875992704,832.0,-0.0,0.7223219372165104,0.37853033242258655,0.0,799.2,0.0,0.0,1.0,888.0,-0.0,118,-31.016800438485323,0.0,180,-7.953707069413789,0.0,118,-55.520088889266034,0.0,180,-51.09812376414491,0.0,118,-49.54415168202459,0.0,118,-23.38425688549487,0.0,0.0,0.0,0.0,0.0,0.0,0.0,832.0,832.0,0.0,0.0,832.0,0.0,0.0,832
0.0,0.0,-0.0,0.0,28873.50243154826,832.0,-0.0,0.6999127925617109,0.37853033242258655,0.0,799.2,0.0,0.0,1.0,888.0,-0.0,118,-50.991813058976916,0.0,180,-12.278916892576344,0.0,118,-7.283958565830355,0.0,180,-2.473674373272412,0.0,118,-10.727142278618938,0.0,118,-18.358694984136385,0.0,0.0,0.0,0.0,0.0,0.0,0.0,832.0,832.0,0.0,0.0,832.0,0.0,0.0,832
0.0,0.0,-0.0,0.0,27949.057987103814,832.0,-0.0,0.6775036479069113,0.37853033242258655,0.0,799.2,0.0,0.0,1.0,888.0,-0.0,118,-47.22585770269795,0.0,180,-3.9878471990694453,0.0,118,-55.458352492746506,0.0,180,-1.399699447592484,0.0,118,-17.851727255664695,0.0,118,-52.15084646286214,0.0,0.0,0.0,0.0,0.0,0.0,0.0,832.0,832.0,0.0,0.0,832.0,0.0,0.0,832
0.0,0.0,-0.0,0.0,27024.61354265937,832.0,-0.0,0.6550945032521118,0.37853033242258655,0.0,799.2,0.0,0.0,1.0,888.0,-0.0,118,-50.10682599120813,0.0,180,-43.427444029074685,0.0,118,-23.13260180513288,0.0,180,-21.01547773478321,0.0,118,-37.004777283323705,0.0,118,-53.41474428648374,0.0,0.0,0.0,0.0,0.0,0.0,0.0,832.0,832.0,0.0,0.0,832.0,0.0,0.0,832
0.0,0.0,-0.0,0.0,26100.169098214923,832.0,-0.0,0.6326853585973122,0.37853033242258655,0.0,799.2,0.0,0.0,1.0,888.0,-0.0,118,-42.57411744575391,0.0,180,-30.668828965110087,0.0,118,-15.517760563714305,0.0,180,-55.90333191358146,0.0,118,-23.85499617346445,0.0,118,-36.414976165030176,0.0,0.0,0.0,0.0,0.0,0.0,0.0,832.0,832.0,0.0,0.0,832.0,0.0,0.0,832
0.0,0.0,-0.0,0.0,25175.724653770478,832.0,-0.0,0.6102762139425127,0.37853033242258655,0.0,799.2,0.0,0.0,1.0,888.0,-0.0,118,-50.49611606443643,0.0,180,-27.415949071738837,0.0,118,-14.331961510726131,0.0,180,-24.425938772237235,0.0,118,-19.65446396894453,0.0,118,-31.189852227406995,0.0,0.0,0.0,0.0,0.0,0.0,0.0,832.0,832.0,0.0,0.0,832.0,0.0,0.0,832
0.0,0.0,-0.0,0.0,24251.280209326032,832.0,-0.0,0.5878670692877132,0.37853033242258655,0.0,799.2,0.0,0.0,1.0,888.0,-0.0,118,-14.86331097517831,0.0,180,-15.030296103495786,0.0,118,-10.122532123315096,0.0,180,-52.786444144140205,0.0,118,-19.448394618100778,0.0,118,-56.847367487173685,0.0,0.0,0.0,0.0,0.0,0.0,0.0,832.0,832.0,0.0,0.0,832.0,0.0,0.0,832
0.0,0.0,-0.0,0.0,23326.835764881587,832.0,-0.0,0.5654579246329137,0.37853033242258655,0.0,799.2,0.0,0.0,1.0,888.0,-0.0,118,-0.9007122659729094,0.0,180,-12.671237745177855,0.0,118,-57.341199515693525,0.0,180,-40.30254456759133,0.0,118,-31.411527781733774,0.0,118,-26.431564852143385,0.0,0.0,0.0,0.0,0.0,0.0,0.0,832.0,832.0,0.0,0.0,832.0,0.0,0.0,832
0.0,0.0,-0.0,0.0,22402.391320437142,832.0,-0.0,0.5430487799781141,0.37853033242258655,0.0,799.2,0.0,0.0,1.0,888.0,-0.0,118,-3.2413098107136196,0.0,180,-12.690029708607556,0.0,118,-54.8274688929244,0.0,180,-42.16059499162138,0.0,118,-34.746753787712564,0.0,118,-44.57570085177654,0.0,0.0,0.0,0.0,0.0,0.0,0.0,832.0,832.0,0.0,0.0,832.0,0.0,0.0,832
0.0,0.0,-0.0,0.0,21477.946875992697,832.0,-0.0,0.5206396353233146,0.37853033242258655,0.0,799.2,0.0,0.0,1.0,888.0,-0.0,118,-40.168646470230854,0.0,180,-15.500944295580707,0.0,118,-11.802838780719087,0.0,180,-33.71830021383734,0.0,118,-12.522616278820056,0.0,118,-8.669766526742478,0.0,0.0,0.0,0.0,0.0,0.0,0.0,832.0,832.0,0.0,0.0,832.0,0.0,0.0,832
0.0,0.0,-0.0,0.0,20553.50243154825,832.0,-0.0,0.49823049066851505,0.37853033242258655,0.0,799.2,0.0,0.0,1.0,888.0,-0.0,118,-59.136772681096126,0.0,180,-11.105568971702303,0.0,118,-32.73588015147605,0.0,180,-11.8901565007432,0.0,118,-0.3889778778586783,0.0,118,-43.25977728691297,0.0,0.0,0.0,0.0,0.0,0.0,0.0,832.0,832.0,0.0,0.0,832.0,0.0,0.0,832
0.0,0.0,-0.0,0.0,19629.057987103806,832.0,-0.0,0.4758213460137155,0.37853033242258655,0.0,799.2,0.0,0.0,1.0,888.0,-0.0,118,-39.9334843209227,0.0,180,-43.59225688185153,0.0,118,-40.31376418484152,0.0,180,-43.727134426437345,0.0,118,-55.85629852664588,0.0,118,-8.015704287401036,0.0,0.0,0.0,0.0,0.0,0.0,0.0,832.0,832.0,0.0,0.0,832.0,0.0,0.0,832
0.0,0.0,-0.0,0.0,18704.61354265936,832.0,-0.0,0.45341220135891597,0.37853033242258655,0.0,799.2,0.0,0.0,1.0,888.0,-0.0,118,-13.483190298011209,0.0,180,-22.428165312322278,0.0,118,-29.456541011035757,0.0,180,-28.26574539228097,0.0,118,-11.634030785512863,0.0,118,-1.3724722041334836,0.0,0.0,0.0,0.0,0.0,0.0,0.0,832.0,832.0,0.0,0.0,832.0,0.0,0.0,832
0.0,0.0,-0.0,0.0,17780.169098214916,832.0,-0.0,0.4310030567041164,0.37853033242258655,0.0,799.2,0.0,0.0,1.0,888.0,-0.0,118,-13.986359704322053,0.0,180,-38.37721833234556,0.0,118,-18.818578482771493,0.0,180,-54.995534778766356,0.0,118,-40.18266907860189,0.0,118,-18.301681746250857,0.0,0.0,0.0,0.0,0.0,0.0,0.0,832.0,832.0,0.0,0.0,832.0,0.0,0.0,832
0.0,0.0,-0.0,0.0,16855.72465377047,832.0,-0.0,0.4085939120493169,0.37853033242258655,0.0,799.2,0.0,0.0,1.0,888.0,-0.0,118,-18.01723651779357,0.0,180,-22.946716055453855,0.0,118,-2.3561555748933483,0.0,180,-58.49480312839422,0.0,118,-29.504309695299167,0.0,118,-2.304197670574495,0.0,0.0,0.0,0.0,0.0,0.0,0.0,832.0,832.0,0.0,0.0,832.0,0.0,0.0,832
0.0,0.0,-0.0,0.0,15931.280209326025,832.0,-0.0,0.38618476739451735,0.37853033242258655,0.0,799.2,0.0,0.0,1.0,888.0,-0.0,118,-49.045925468250836,0.0,180,-19.87413322865952,0.0,118,-24.153000990670957,0.0,180,-9.609053392003892,0.0,118,-4.105698031763478,0.0,118,-40.951075956984866,0.0,0.0,0.0,0.0,0.0,0.0,0.0,832.0,832.0,0.0,0.0,832.0,0.0,0.0,832
0.0,0.0,-0.0,0.0,15006.83576488158,832.0,-0.0,0.36377562273971786,0.37853033242258655,0.0,799.2,0.0,0.0,1.0,888.0,-0.0,118,-58.73474818942536,0.0,180,-44.893198607153444,0.0,118,-46.830653491160746,0.0,180,-25.277935805169996,0.0,118,-51.95964119757087,0.0,118,-28.67114550079398,0.0,0.0,0.0,0.0,0.0,0.0,0.0,832.0,832.0,0.0,0.0,832.0,0.0,0.0,832
0.0,0.0,-0.0,0.0,14082.391320437135,832.0,-0.0,0.3413664780849183,0.37853033242258655,0.0,799.2,0.0,0.0,1.0,888.0,-0.0,118,-30.04497462394041,0.0,180,-10.542716237388078,0.0,118,-11.985838377370206,0.0,180,-52.848810502263916,0.0,118,-15.347242977610227,0.0,118,-57.23578434843828,0.0,0.0,0.0,0.0,0.0,0.0,0.0,832.0,832.0,0.0,0.0,832.0,0.0,0.0,832
0.0,0.0,-0.0,0.0,13157.94687599269,832.0,-0.0,0.3189573334301188,0.37853033242258655,0.0,799.2,0.0,0.0,1.0,888.0,-0.0,118,-4.429714970417282,0.0,180,-13.846948361091751,0.0,118,-38.23155794122832,0.0,180,-51.206007134077176,0.0,118,-32.615471013095465,0.0,118,-16.924447345427716,0.0,0.0,0.0,0.0,0.0,0.0,0.0,832.0,832.0,0.0,0.0,832.0,0.0,0.0,832
0.0,0.0,-0.0,0.0,12233.502431548244,832.0,-0.0,0.29654818877531924,0.37853033242258655,0.0,799.2,0.0,0.0,1.0,888.0,-0.0,118,-8.846231898705277,0.0,180,-19.221131008098684,0.0,118,-44.47353457569794,0.0,180,-42.656701172114126,0.0,118,-19.645726479108014,0.0,118,-58.90016905303389,0.0,0.0,0.0,0.0,0.0,0.0,0.0,832.0,832.0,0.0,0.0,832.0,0.0,0.0,832
0.0,0.0,-0.0,0.0,11309.057987103799,832.0,-0.0,0.2741390441205197,0.37853033242258655,0.0,799.2,0.0,0.0,1.0,888.0,-0.0,118,-47.0725633467621,0.0,180,-48.02049094573579,0.0,118,-8.107907405768524,0.0,180,-10.611531240379318,0.0,118,-25.606494689392473,0.0,118,-24.03268574346908,0.0,0.0,0.0,0.0,0.0,0.0,0.0,832.0,832.0,0.0,0.0,832.0,0.0,0.0,832
0.0,0.0,-0.0,0.0,10384.613542659354,832.0,-0.0,0.25172989946572016,0.37853033242258655,0.0,799.2,0.0,0.0,1.0,888.0,-0.0,118,-36.68927478243537,0.0,180,-31.865419313826035,0.0,118,-51.842526935971044,0.0,180,-22.148297371712072,0.0,118,-7.489599976355459,0.0,118,-56.101452392778306,0.0,0.0,0.0,0.0,0.0,0.0,0.0,832.0,832.0,0.0,0.0,832.0,0.0,0.0,832
0.0,0.0,-0.0,0.0,9460.169098214908,832.0,-0.0,0.22932075481092062,0.37853033242258655,0.0,799.2,0.0,0.0,1.0,888.0,-0.0,118,-6.880728954767497,0.0,180,-17.413779779594297,0.0,118,-0.3247938886800328,0.0,180,-4.6664076592353005,0.0,118,-8.506475917505101,0.0,118,-36.57899154837948,0.0,0.0,0.0,0.0,0.0,0.0,0.0,832.0,832.0,0.0,0.0,832.0,0.0,0.0,832
0.0,0.0,-0.0,0.0,8535.724653770463,832.0,-0.0,0.20691161015612108,0.37853033242258655,0.0,799.2,0.0,0.0,1.0,888.0,-0.0,118,-24.537375267002396,0.0,180,-7.998744667434828,0.0,118,-52.4983678123904,0.0,180,-44.780640614453645,0.0,118,-52.27038432118603,0.0,118,-54.31015807166502,0.0,0.0,0.0,0.0,0.0,0.0,0.0,832.0,832.0,0.0,0.0,832.0,0.0,0.0,832
0.0,0.0,-0.0,0.0,7611.280209326019,832.0,-0.0,0.18450246550132157,0.37853033242258655,0.0,799.2,0.0,0.0,1.0,888.0,-0.0,118,-27.840250088936433,0.0,180,-30.929122536350732,0.0,118,-6.731177738557037,0.0,180,-24.29308959442149,0.0,118,-39.97362837191068,0.0,118,-18.207526532254263,0.0,0.0,0.0,0.0,0.0,0.0,0.0,832.0,832.0,0.0,0.0,832.0,0.0,0.0,832
0.0,0.0,-0.0,0.0,6686.8357648815745,832.0,-0.0,0.16209332084652206,0.37853033242258655,0.0,799.2,0.0,0.0,1.0,888.0,-0.0,118,-28.640681176498916,0.0,180,-42.11896981070439,0.0,118,-28.463721234782067,0.0,180,-49.602144371014,0.0,118,-38.52600525118189,0.0,118,-27.710092591611083,0.0,0.0,0.0,0.0,0.0,0.0,0.0,832.0,832.0,0.0,0.0,832.0,0.0,0.0,832
0.0,0.0,-0.0,0.0,5762.39132043713,832.0,-0.0,0.13968417619172255,0.37853033242258655,0.0,799.2,0.0,0.0,1.0,888.0,-0.0,118,-55.8490577203212,0.0,180,-47.70014777266314,0.0,118,-43.15980434639864,0.0,180,-34.256646852396564,0.0,118,-34.08262070878964,0.0,118,-10.992066687491757,0.0,0.0,0.0,0.0,0.0,0.0,0.0,832.0,832.0,0.0,0.0,832.0,0.0,0.0,832
0.0,0.0,-0.0,0.0,4837.946875992686,832.0,-0.0,0.11727503153692304,0.37853033242258655,0.0,799.2,0.0,0.0,1.0,888.0,-0.0,118,-27.947017616939934,0.0,180,-24.923099103756854,0.0,118,-38.182326122458754,0.0,180,-13.696356687118119,0.0,118,-2.5518123039968454,0.0,118,-58.69830623094281,0.0,0.0,0.0,0.0,0.0,0.0,0.0,832.0,832.0,0.0,0.0,832.0,0.0,0.0,832
0.0,0.0,-0.0,0.0,3913.5024315482415,832.0,-0.0,0.09486588688212352,0.37853033242258655,0.0,799.2,0.0,0.0,1.0,888.0,-0.0,118,-6.723978316607497,0.0,180,-16.428267472524077,0.0,118,-15.75463476047953,0.0,180,-10.229855239029476,0.0,118,-7.996204676613116,0.0,118,-22.54906815917992,0.0,0.0,0.0,0.0,0.0,0.0,0.0,832.0,832.0,0.0,0.0,832.0,0.0,0.0,832
0.0,0.0,-0.0,0.0,2989.057987103797,832.0,-0.0,0.072456742227324,0.37853033242258655,0.0,799.2,0.0,0.0,1.0,888.0,-0.0,118,-40.6768102544837,0.0,180,-2.2108876198941685,0.0,118,-15.088171737567377,0.0,180,-59.65787338181304,0.0,118,-43.02437486855908,0.0,118,-30.095341999587973,0.0,0.0,0.0,0.0,0.0,0.0,0.0,832.0,832.0,0.0,0.0,832.0,0.0,0.0,832
0.0,0.0,-0.0,0.0,2064.613542659353,832.0,-0.0,0.05004759757252449,0.37853033242258655,0.0,799.2,0.0,0.0,1.0,888.0,-0.0,118,-7.173432119309318,0.0,180,-49.063296585483464,0.0,118,-24.321204287765017,0.0,180,-52.56506311428849,0.0,118,-32.272191389406395,0.0,118,-26.87041311030341,0.0,0.0,0.0,0.0,0.0,0.0,0.0,832.0,832.0,0.0,0.0,832.0,0.0,0.0,832
0.0,0.0,-0.0,0.0,1140.1690982149084,832.0,-0.0,0.027638452917724977,0.37853033242258655,0.0,799.2,0.0,0.0,1.0,888.0,-0.0,118,-52.887519387657036,0.0,180,-38.148622388255866,0.0,118,-18.229604302146626,0.0,180,-41.088563373745416,0.0,118,-47.5542694796827,0.0,118,-2.097582101817943,0.0,0.0,0.0,0.0,0.0,0.0,0.0,832.0,832.0,0.0,0.0,832.0,0.0,0.0,832
0.0,0.0,-0.0,0.0,215.724653770464,194.1521883934176,-0.0,0.005229308262925459,0.37853033242258655,241.444744162459,799.2,0.0,637.8478116065824,1.0,888.0,-566408.8567066451,118,-16.497496625076366,0.0,180,-4.142138866435021,0.0,118,-23.960945483295223,0.0,180,-47.84216936766728,0.0,118,-7.551509672188262,0.0,118,-42.77920925822688,0.0,0.0,0.0,0.0,0.0,-566408.8567066451,-566408.8567066451,832.0,832.0,0.0,0.0,832.0,0.0,0.0,832
0.0,0.0,-0.0,0.0,0.0,0.0,-0.0,0.0,0.37853033242258655,291.46835596539165,799.2,0.0,770.0,1.0,888.0,-683760.0,118,-12.909226512312584,0.0,180,-5.3498169349481595,0.0,118,-26.149437910274578,0.0,118,-45.58972153548231,0.0,118,-24.114557168434377,0.0,118,-6.243949574354972,0.0,0.0,0.0,0.0,0.0,-683760.0,-683760.0,770.0,770.0,0.0,0.0,770.0,0.0,0.0,770
0.0,0.0,-0.0,0.0,0.0,0.0,-0.0,0.0,0.37853033242258655,267.9994753551913,799.2,0.0,708.0,1.0,888.0,-628704.0,118,-28.226082339530688,0.0,118,-47.4454654964317,0.0,118,-36.94364745312143,0.0,118,-18.28931091129606,0.0,118,-40.389363973505766,0.0,118,-39.78546074932017,0.0,0.0,0.0,0.0,0.0,-628704.0,-628704.0,708.0,708.0,0.0,0.0,708.0,0.0,0.0,708
0.0,0.0,-0.0,0.0,0.0,0.0,-0.0,0.0,0.37853033242258655,267.9994753551913,799.2,0.0,708.0,1.0,888.0,-628704.0,118,-37.20884122256912,0.0,118,-34.12830893924622,0.0,118,-20.091704505457223,0.0,118,-28.51160614888768,0.0,118,-34.47387783143699,0.0,118,-11.944761412989548,0.0,0.0,0.0,0.0,0.0,-628704.0,-628704.0,708.0,708.0,0.0,0.0,708.0,0.0,0.0,708
0.0,0.0,-0.0,0.0,0.0,0.0,-0.0,0.0,0.37853033242258655,267.9994753551913,799.2,0.0,708.0,1.0,888.0,-628704.0,118,-4.871024818724106,0.0,118,-33.92382681343445,0.0,118,-40.681407405124176,0.0,118,-26.89082689493359,0.0,118,-30.56658274306722,0.0,118,-48.407048161168774,0.0,0.0,0.0,0.0,0.0,-628704.0,-628704.0,708.0,708.0,0.0,0.0,708.0,0.0,0.0,708
0.0,0.0,-0.0,0.0,0.0,0.0,-0.0,0.0,0.37853033242258655,267.9994753551913,799.2,0.0,708.0,1.0,888.0,-628704.0,118,-54.9598624806947,0.0,118,-49.91398229648068,0.0,118,-0.0637366630094327,0.0,118,-36.38846213519762,0.0,118,-21.959847665602556,0.0,118,-16.560520905069495,0.0,0.0,0.0,0.0,0.0,-628704.0,-628704.0,708.0,708.0,0.0,0.0,708.0,0.0,0.0,708
0.0,0.0,-0.0,0.0,0.0,0.0,-0.0,0.0,0.37853033242258655,267.9994753551913,799.2,0.0,708.0,1.0,888.0,-628704.0,118,-28.661022340942836,0.0,118,-25.837649907426822,0.0,118,-9.05542792612984,0.0,118,-45.407042313490436,0.0,118,-42.87450538003422,0.0,118,-15.02461837755667,0.0,0.0,0.0,0.0,0.0,-628704.0,-628704.0,708.0,708.0,0.0,0.0,708.0,0.0,0.0,708
0.0,0.0,-0.0,0.0,0.0,0.0,-0.0,0.0,0.37853033242258655,267.9994753551913,799.2,0.0,708.0,1.0,888.0,-628704.0,118,-55.77180925396433,0.0,118,-38.95397586825138,0.0,118,-31.211813444171973,0.0,118,-17.365828405069127,0.0,118,-45.81883886966633,0.0,118,-43.38026268658842,0.0,0.0,0.0,0.0,0.0,-628704.0,-628704.0,708.0,708.0,0.0,0.0,708.0,0.0,0.0,708
0.0,0.0,-0.0,0.0,0.0,0.0,-0.0,0.0,0.37853033242258655,267.9994753551913,799.2,0.0,708.0,1.0,888.0,-628704.0,118,-38.09619530192257,0.0,118,-38.94889046029598,0.0,118,-24.348285499508073,0.0,118,-26.548656760823718,0.0,118,-14.801906721371301,0.0,118,-19.852989982445944,0.0,0.0,0.0,0.0,0.0,-628704.0,-628704.0,708.0,708.0,0.0,0.0,708.0,0.0,0.0,708
0.0,0.0,-0.0,0.0,0.0,0.0,-0.0,0.0,0.37853033242258655,267.9994753551913,799.2,0.0,708.0,1.0,888.0,-628704.0,118,-43.242886270675854,0.0,118,-38.9218234852857,0.0,118,-32.11934170040653,0.0,118,-35.146772641675156,0.0,118,-50.18865880410721,0.0,118,-32.248997666446776,0.0,0.0,0.0,0.0,0.0,-628704.0,-628704.0,708.0,708.0,0.0,0.0,708.0,0.0,0.0,708
0.0,0.0,-0.0,0.0,0.0,0.0,-0.0,0.0,0.37853033242258655,267.9994753551913,799.2,0.0,708.0,1.0,888.0,-628704.0,118,-56.963042032651174,0.0,118,-56.61680297318123,0.0,118,-28.837398988572915,0.0,118,-21.31261743579095,0.0,118,-0.14363971038329648,0.0,118,-26.31383134549086,0.0,0.0,0.0,0.0,0.0,-628704.0,-628704.0,708.0,708.0,0.0,0.0,708.0,0.0,0.0,708
0.0,0.0,-0.0,0.0,0.0,0.0,-0.0,0.0,0.37853033242258655,267.9994753551913,799.2,0.0,708.0,1.0,888.0,-628704.0,118,-26.00644809686316,0.0,118,-22.207574426254254,0.0,118,-57.36025418231631,0.0,118,-52.704041517537426,0.0,118,-17.81744409260695,0.0,118,-39.430053213288126,0.0,0.0,0.0,0.0,0.0,-628704.0,-628704.0,708.0,708.0,0.0,0.0,708.0,0.0,0.0,708
0.0,0.0,-0.0,0.0,0.0,0.0,-0.0,0.0,0.37853033242258655,267.9994753551913,799.2,0.0,708.0,1.0,888.0,-628704.0,118,-5.620637161915322,0.0,118,-28.4207979058695,0.0,118,-35.23249848603375,0.0,118,-28.802622425011066,0.0,118,-19.62884910676379,0.0,118,-36.60832443527223,0.0,0.0,0.0,0.0,0.0,-628704.0,-628704.0,708.0,708.0,0.0,0.0,708.0,0.0,0.0,708
0.0,0.0,-0.0,0.0,0.0,0.0,-0.0,0.0,0.37853033242258655,267.9994753551913,799.2,0.0,708.0,1.0,888.0,-628704.0,118,-47.68186833479908,0.0,118,-41.55534888789301,0.0,118,-26.67154159321838,0.0,118,-41.24329065294325,0.0,118,-12.133431985482215,0.0,118,-44.91133731232304,0.0,0.0,0.0,0.0,0.0,-628704.0,-628704.0,708.0,708.0,0.0,0.0,708.0,0.0,0.0,708
0.0,0.0,-0.0,0.0,0.0,0.0,-0.0,0.0,0.37853033242258655,267.9994753551913,799.2,0.0,708.0,1.0,888.0,-628704.0,118,-46.578573277513975,0.0,118,-19.30154324022994,0.0,118,-44.31663990675023,0.0,118,-51.46919047228693,0.0,118,-13.459856931722118,0.0,118,-9.782034134648477,0.0,0.0,0.0,0.0,0.0,-628704.0,-628704.0,708.0,708.0,0.0,0.0,708.0,0.0,0.0,708
0.0,0.0,-0.0,0.0,0.0,0.0,-0.0,0.0,0.37853033242258655,267.9994753551913,799.2,0.0,708.0,1.0,888.0,-628704.0,118,-12.550946563685857,0.0,118,-54.035943754543105,0.0,118,-20.28307671723156,0.0,118,-56.46750871386876,0.0,118,-8.955292567000113,0.0,118,-24.62722197663737,0.0,0.0,0.0,0.0,0.0,-628704.0,-628704.0,708.0,708.0,0.0,0.0,708.0,0.0,0.0,708
0.0,0.0,-0.0,0.0,0.0,0.0,-0.0,0.0,0.37853033242258655,267.9994753551913,799.2,0.0,708.0,1.0,888.0,-628704.0,118,-34.848252119923,0.0,118,-12.189024244791138,0.0,118,-3.905354595363635,0.0,118,-45.2098979952983,0.0,118,-2.5594686727844462,0.0,118,-38.81781555683284,0.0,0.0,0.0,0.0,0.0,-628704.0,-628704.0,708.0,708.0,0.0,0.0,708.0,0.0,0.0,708
0.0,0.0,-0.0,0.0,0.0,0.0,-0.0,0.0,0.37853033242258655,267.9994753551913,799.2,0.0,708.0,1.0,888.0,-628704.0,118,-8.397065232046959,0.0,118,-56.785457463706706,0.0,118,-7.214347087084832,0.0,118,-23.850755047713037,0.0,118,-7.407159479345873,0.0,118,-2.337097150224008,0.0,0.0,0.0,0.0,0.0,-628704.0,-628704.0,708.0,708.0,0.0,0.0,708.0,0.0,0.0,708
0.0,0.0,-0.0,0.0,0.0,0.0,-0.0,0.0,0.37853033242258655,267.9994753551913,799.2,0.0,708.0,1.0,888.0,-628704.0,118,-25.99914896863293,0.0,118,-16.911604714831107,0.0,118,-34.12865729586531,0.0,118,-5.9551598384807285,0.0,118,-55.85618499239943,0.0,118,-4.862711907912871,0.0,0.0,0.0,0.0,0.0,-628704.0,-628704.0,708.0,708.0,0.0,0.0,708.0,0.0,0.0,708
0.0,0.0,-0.0,0.0,0.0,0.0,-0.0,0.0,0.37853033242258655,267.9994753551913,799.2,0.0,708.0,1.0,888.0,-628704.0,118,-5.94616256683242,0.0,118,-41.27711384607717,0.0,118,-0.3551564762165782,0.0,118,-17.507695045861748,0.0,118,-0.5114340231779879,0.0,118,-9.929580869918638,0.0,0.0,0.0,0.0,0.0,-628704.0,-628704.0,708.0,708.0,0.0,0.0,708.0,0.0,0.0,708
0.0,0.0,-0.0,0.0,0.0,0.0,-0.0,0.0,0.37853033242258655,267.9994753551913,799.2,0.0,708.0,1.0,888.0,-628704.0,118,-11.803347586025733,0.0,118,-45.856361070310136,0.0,118,-51.022752201667636,0.0,118,-21.92334455529853,0.0,118,-58.63202055030877,0.0,118,-24.89218921921722,0.0,0.0,0.0,0.0,0.0,-628704.0,-628704.0,708.0,708.0,0.0,0.0,708.0,0.0,0.0,708
0.0,0.0,-0.0,0.0,0.0,0.0,-0.0,0.0,0.37853033242258655,267.9994753551913,799.2,0.0,708.0,1.0,888.0,-628704.0,118,-37.74562912199275,0.0,118,-48.63774807258814,0.0,118,-36.441964287761714,0.0,118,-20.043751038761872,0.0,118,-9.182112180441823,0.0,118,-24.27255350756306,0.0,0.0,0.0,0.0,0.0,-628704.0,-628704.0,708.0,708.0,0.0,0.0,708.0,0.0,0.0,708
0.0,0.0,-0.0,0.0,0.0,0.0,-0.0,0.0,0.37853033242258655,268.75653602003644,799.2,0.0,710.0,1.0,888.0,-630480.0,118,-14.941105764118737,0.0,118,-41.760858309802536,0.0,118,-42.48146076222472,0.0,118,-39.91813578299543,0.0,118,-33.425077057747416,0.0,120,-26.136596007071716,0.0,0.0,0.0,0.0,0.0,-630480.0,-630480.0,710.0,710.0,0.0,0.0,710.0,0.0,0.0,710
0.0,0.0,-0.0,0.0,0.0,0.0,-0.0,0.0,0.37853033242258655,268.75653602003644,799.2,0.0,710.0,1.0,888.0,-630480.0,118,-0.6871511373881689,0.0,118,-49.66329808109278,0.0,118,-12.050734703703194,0.0,118,-3.7132008279435658,0.0,118,-2.2341439135543606,0.0,120,-31.637949573882956,0.0,0.0,0.0,0.0,0.0,-630480.0,-630480.0,710.0,710.0,0.0,0.0,710.0,0.0,0.0,710
0.0,0.0,-0.0,0.0,0.0,0.0,-0.0,0.0,0.37853033242258655,268.75653602003644,799.2,0.0,710.0,1.0,888.0,-630480.0,118,-46.4056023811455,0.0,118,-41.6540599791618,0.0,118,-17.97859314716939,0.0,118,-19.53425853025464,0.0,118,-16.390106190327245,0.0,120,-25.939627884842313,0.0,0.0,0.0,0.0,0.0,-630480.0,-630480.0,710.0,710.0,0.0,0.0,710.0,0.0,0.0,710
0.0,0.0,-0.0,0.0,0.0,0.0,-0.0,0.0,0.37853033242258655,268.75653602003644,799.2,0.0,710.0,1.0,888.0,-630480.0,118,-35.229389176637255,0.0,118,-36.531133092496326,0.0,118,-4.908199765284,0.0,118,-29.96520451257608,0.0,118,-4.055795077934103,0.0,120,-56.193794595837986,0.0,0.0,0.0,0.0,0.0,-630480.0,-630480.0,710.0,710.0,0.0,0.0,710.0,0.0,0.0,710
0.0,0.0,-0.0,0.0,0.0,0.0,-0.0,0.0,0.37853033242258655,268.75653602003644,799.2,0.0,710.0,1.0,888.0,-630480.0,118,-59.02965507641431,0.0,118,-30.903954850912527,0.0,118,-4.749678084100659,0.0,118,-14.867100510341677,0.0,118,-34.987733796860454,0.0,120,-6.217723391747539,0.0,0.0,0.0,0.0,0.0,-630480.0,-630480.0,710.0,710.0,0.0,0.0,710.0,0.0,0.0,710
0.0,0.0,-0.0,0.0,0.0,0.0,-0.0,0.0,0.37853033242258655,268.75653602003644,799.2,0.0,710.0,1.0,888.0,-630480.0,118,-18.899592660390773,0.0,118,-56.067002581246996,0.0,118,-3.1866825267585797,0.0,118,-39.66307363653504,0.0,118,-34.85409238374823,0.0,120,-10.287585500834542,0.0,0.0,0.0,0.0,0.0,-630480.0,-630480.0,710.0,710.0,0.0,0.0,710.0,0.0,0.0,710
0.0,0.0,-0.0,0.0,0.0,0.0,-0.0,0.0,0.37853033242258655,268.75653602003644,799.2,0.0,710.0,1.0,888.0,-630480.0,118,-6.303944646207629,0.0,118,-21.345912324351893,0.0,118,-35.16045968035787,0.0,118,-40.3583946607952,0.0,118,-12.772266906048955,0.0,120,-48.903374485268614,0.0,0.0,0.0,0.0,0.0,-630480.0,-630480.0,710.0,710.0,0.0,0.0,710.0,0.0,0.0,710
0.0,0.0,-0.0,0.0,0.0,0.0,-0.0,0.0,0.37853033242258655,268.75653602003644,799.2,0.0,710.0,1.0,888.0,-630480.0,118,-26.9212954408134,0.0,118,-48.13993788336073,0.0,118,-52.06598598791327,0.0,118,-38.536974975666624,0.0,118,-45.024522608252404,0.0,120,-2.2669190043503296,0.0,0.0,0.0,0.0,0.0,-630480.0,-630480.0,710.0,710.0,0.0,0.0,710.0,0.0,0.0,710
0.0,0.0,-0.0,0.0,0.0,0.0,-0.0,0.0,0.37853033242258655,268.75653602003644,799.2,0.0,710.0,1.0,888.0,-630480.0,118,-49.83949479915902,0.0,118,-47.88907192718877,0.0,118,-5.060972384976054,0.0,118,-53.34979803667886,0.0,118,-43.704764077803,0.0,120,-52.48347107528266,0.0,0.0,0.0,0.0,0.0,-630480.0,-630480.0,710.0,710.0,0.0,0.0,710.0,0.0,0.0,710
0.0,0.0,-0.0,0.0,0.0,0.0,-0.0,0.0,0.37853033242258655,268.75653602003644,799.2,0.0,710.0,1.0,888.0,-630480.0,118,-26.983269342418087,0.0,118,-1.9889259898804346,0.0,118,-8.001548741200498,0.0,118,-1.1728895632816205,0.0,118,-19.868186108943007,0.0,120,-29.78449937596665,0.0,0.0,0.0,0.0,0.0,-630480.0,-630480.0,710.0,710.0,0.0,0.0,710.0,0.0,0.0,710
0.0,0.0,-0.0,0.0,0.0,0.0,-0.0,0.0,0.37853033242258655,268.75653602003644,799.2,0.0,710.0,1.0,888.0,-630480.0,118,-32.4603511429682,0.0,118,-40.48567799633009,0.0,118,-45.03535940104255,0.0,118,-27.66940863702723,0.0,118,-52.04570921883609,0.0,120,-24.864476305506702,0.0,0.0,0.0,0.0,0.0,-630480.0,-630480.0,710.0,710.0,0.0,0.0,710.0,0.0,0.0,710
0.0,0.0,-0.0,0.0,0.0,0.0,-0.0,0.0,0.37853033242258655,268.75653602003644,799.2,0.0,710.0,1.0,888.0,-630480.0,118,-16.619091503541817,0.0,118,-48.032131185466724,0.0,118,-26.254783279705876,0.0,118,-45.742373417265235,0.0,118,-46.58062292689948,0.0,120,-23.518906525114996,0.0,0.0,0.0,0.0,0.0,-630480.0,-630480.0,710.0,710.0,0.0,0.0,710.0,0.0,0.0,710
0.0,0.0,-0.0,0.0,0.0,0.0,-0.0,0.0,0.37853033242258655,268.75653602003644,799.2,0.0,710.0,1.0,888.0,-630480.0,118,-27.48259036832996,0.0,118,-52.7880863059236,0.0,118,-37.9786560032632,0.0,118,-51.026071804260766,0.0,118,-54.46507128021613,0.0,120,-37.2225778467107,0.0,0.0,0.0,0.0,0.0,-630480.0,-630480.0,710.0,710.0,0.0,0.0,710.0,0.0,0.0,710
0.0,0.0,-0.0,0.0,0.0,0.0,-0.0,0.0,0.37853033242258655,268.75653602003644,799.2,0.0,710.0,1.0,888.0,-630480.0,118,-19.706282698526948,0.0,118,-59.07972703811898,0.0,118,-47.60675672913173,0.0,118,-43.10131493760812,0.0,118,-42.54553446962584,0.0,120,-45.9563041285929,0.0,0.0,0.0,0.0,0.0,-630480.0,-630480.0,710.0,710.0,0.0,0.0,710.0,0.0,0.0,710
0.0,0.0,-0.0,0.0,0.0,0.0,-0.0,0.0,0.37853033242258655,268.75653602003644,799.2,0.0,710.0,1.0,888.0,-630480.0,118,-8.053036213000365,0.0,118,-5.763364053546967,0.0,118,-42.356017448514265,0.0,118,-51.01318011239464,0.0,118,-16.390601981493752,0.0,120,-46.00705689387647,0.0,0.0,0.0,0.0,0.0,-630480.0,-630480.0,710.0,710.0,0.0,0.0,710.0,0.0,0.0,710
0.0,0.0,-0.0,0.0,0.0,0.0,-0.0,0.0,0.37853033242258655,268.75653602003644,799.2,0.0,710.0,1.0,888.0,-630480.0,118,-37.802201383758224,0.0,118,-37.042502988063596,0.0,118,-37.86376477138521,0.0,118,-41.079730757092484,0.0,118,-53.36829727198018,0.0,120,-37.945532203255986,0.0,0.0,0.0,0.0,0.0,-630480.0,-630480.0,710.0,710.0,0.0,0.0,710.0,0.0,0.0,710
0.0,0.0,-0.0,0.0,0.0,0.0,-0.0,0.0,0.37853033242258655,268.75653602003644,799.2,0.0,710.0,1.0,888.0,-630480.0,118,-38.948710713333114,0.0,118,-44.5280500883008,0.0,118,-26.34106335628227,0.0,118,-11.78889237534841,0.0,118,-35.16351367000372,0.0,120,-5.149357890094506,0.0,0.0,0.0,0.0,0.0,-630480.0,-630480.0,710.0,710.0,0.0,0.0,710.0,0.0,0.0,710
0.0,0.0,-0.0,0.0,0.0,0.0,-0.0,0.0,0.37853033242258655,268.75653602003644,799.2,0.0,710.0,1.0,888.0,-630480.0,118,-19.758253536207643,0.0,118,-30.907504310526473,0.0,118,-58.41154030998536,0.0,118,-23.87782859335739,0.0,118,-40.63708202904543,0.0,120,-11.765513512556494,0.0,0.0,0.0,0.0,0.0,-630480.0,-630480.0,710.0,710.0,0.0,0.0,710.0,0.0,0.0,710
0.0,0.0,-0.0,0.0,0.0,0.0,-0.0,0.0,0.37853033242258655,268.75653602003644,799.2,0.0,710.0,1.0,888.0,-630480.0,118,-56.10150711550914,0.0,118,-23.68593502588791,0.0,118,-3.3387162299315087,0.0,118,-20.206556830833602,0.0,118,-59.75389767344039,0.0,120,-46.513301819238336,0.0,0.0,0.0,0.0,0.0,-630480.0,-630480.0,710.0,710.0,0.0,0.0,710.0,0.0,0.0,710
0.0,0.0,-0.0,0.0,0.0,0.0,-0.0,0.0,0.37853033242258655,268.75653602003644,799.2,0.0,710.0,1.0,888.0,-630480.0,118,-41.135714563434306,0.0,118,-38.73683652737361,0.0,118,-31.829691803875537,0.0,118,-4.373463442828152,0.0,118,-18.419564496166473,0.0,120,-33.14359769125209,0.0,0.0,0.0,0.0,0.0,-630480.0,-630480.0,710.0,710.0,0.0,0.0,710.0,0.0,0.0,710
0.0,0.0,-0.0,0.0,0.0,0.0,-0.0,0.0,0.37853033242258655,268.75653602003644,799.2,0.0,710.0,1.0,888.0,-630480.0,118,-11.098025943203076,0.0,118,-58.43346929014638,0.0,118,-31.074596278440637,0.0,118,-15.494428467915746,0.0,118,-16.342900411727076,0.0,120,-40.598482591862606,0.0,0.0,0.0,0.0,0.0,-630480.0,-630480.0,710.0,710.0,0.0,0.0,710.0,0.0,0.0,710
262.98248221297155,0.0,-2629.8248221297154,0.0,0.0,0.0,-0.0,0.0,0.37853033242258655,169.1820300216438,799.2,0.0,446.94444680002846,1.0,888.0,-396886.6687584253,118,-44.70968045551264,0.0,118,-33.86042454011621,0.0,118,-57.64276337003993,0.0,118,-30.360117952351587,0.0,118,-46.55276309488373,0.0,120,-25.759804728554894,0.0,0.0,0.0730709869999921,0.0730709869999921,0.0,-399516.493580555,-399516.493580555,710.0,710.0,263.05555319997154,0.0,446.94444680002846,0.0,0.0,710
262.98248221297155,0.0,-2629.8248221297154,0.0,0.0,0.0,-0.0,0.0,0.37853033242258655,169.1820300216438,799.2,0.0,446.94444680002846,1.0,888.0,-396886.6687584253,118,-8.049585689912695,0.0,118,-4.050837275373813,0.0,118,-6.107814083480787,0.0,118,-20.10836100330468,0.0,118,-50.04680713398446,0.0,120,-47.45377427406351,0.0,0.0,0.0730709869999921,0.0730709869999921,0.0,-399516.493580555,-399516.493580555,710.0,710.0,263.05555319997154,0.0,446.94444680002846,0.0,0.0,710
262.98248221297155,0.0,-2629.8248221297154,0.0,0.0,0.0,-0.0,0.0,0.37853033242258655,169.1820300216438,799.2,0.0,446.94444680002846,1.0,888.0,-396886.6687584253,118,-15.995496079987944,0.0,118,-33.8583854161099,0.0,118,-20.270295211703303,0.0,118,-34.19336961455347,0.0,118,-45.63721406279342,0.0,120,-14.247362595801834,0.0,0.0,0.0730709869999921,0.0730709869999921,0.0,-399516.493580555,-399516.493580555,710.0,710.0,263.05555319997154,0.0,446.94444680002846,0.0,0.0,710
262.98248221297155,0.0,-2629.8248221297154,0.0,0.0,0.0,-0.0,0.0,0.37853033242258655,169.93909068648898,799.2,0.0,448.94444680002846,1.0,888.0,-398662.6687584253,118,-34.76953885651481,0.0,118,-57.19590552607224,0.0,118,-11.291399083817755,0.0,120,-12.460970047680942,0.0,118,-46.520401430400696,0.0,120,-39.626061426509075,0.0,0.0,0.0730709869999921,0.0730709869999921,0.0,-401292.493580555,-401292.493580555,712.0,712.0,263.05555319997154,0.0,448.94444680002846,0.0,0.0,712
262.98248221297155,0.0,-2629.8248221297154,0.0,0.0,0.0,-0.0,0.0,0.37853033242258655,169.93909068648898,799.2,0.0,448.94444680002846,1.0,888.0,-398662.6687584253,118,-45.95130734806362,0.0,118,-29.998252661626275,0.0,118,-37.42477017386468,0.0,120,-17.202733026139946,0.0,118,-3.8102155967915396,0.0,120,-39.52020376316358,0.0,0.0,0.0730709869999921,0.0730709869999921,0.0,-401292.493580555,-401292.493580555,712.0,712.0,263.05555319997154,0.0,448.94444680002846,0.0,0.0,712
262.98248221297155,0.0,-2629.8248221297154,0.0,0.0,0.0,-0.0,0.0,0.37853033242258655,169.93909068648898,799.2,0.0,448.94444680002846,1.0,888.0,-398662.6687584253,118,-3.5315664486514486,0.0,118,-46.2854045119131,0.0,118,-57.7469181994025,0.0,120,-29.136637449526784,0.0,118,-37.69061797048489,0.0,120,-19.714545751707732,0.0,0.0,0.0730709869999921,0.0730709869999921,0.0,-401292.493580555,-401292.493580555,712.0,712.0,263.05555319997154,0.0,448.94444680002846,0.0,0.0,712
829.0233629056943,0.0,-8290.233629056944,117.25371115879398,0.0,0.0,-0.0,0.0,0.37853033242258655,0.0,799.2,0.0,0.0,1.0,888.0,-0.0,118,-54.85600435973382,0.0,118,-56.826490547690476,0.0,118,-20.390326920467455,0.0,120,-54.2033767164869,0.0,118,-42.25900431290193,0.0,120,-57.714741505267476,0.0,0.0,0.230348253099665,0.230348253099665,0.0,-8290.233629056944,-8290.233629056944,829.253711158794,829.253711158794,829.253711158794,0.0,0.0,117.25371115879398,0.0,712
829.0233629056943,0.0,-8290.233629056944,117.25371115879398,105.52834004291458,0.0,-0.0,0.002558076746973907,0.37853033242258655,0.0,799.2,0.0,0.0,1.0,888.0,-0.0,118,-58.25670323595537,0.0,118,-45.97727312620762,0.0,118,-46.83407892937041,0.0,120,-41.27430132719121,0.0,118,-44.310697720122704,0.0,120,-59.87145174783379,0.0,0.0,0.230348253099665,0.230348253099665,0.0,-8290.233629056944,-8290.233629056944,829.253711158794,829.253711158794,829.253711158794,0.0,0.0,117.25371115879398,0.0,712
829.0233629056943,0.0,-8290.233629056944,117.25371115879398,211.05668008582916,0.0,-0.0,0.005116153493947814,0.37853033242258655,0.0,799.2,0.0,0.0,1.0,888.0,-0.0,118,-5.389734021353172,0.0,118,-32.07172421917307,0.0,118,-35.79863720687179,0.0,120,-13.657122118002352,0.0,118,-16.48293214375492,0.0,120,-25.692853357109126,0.0,0.0,0.230348253099665,0.230348253099665,0.0,-8290.233629056944,-8290.233629056944,829.253711158794,829.253711158794,829.253711158794,0.0,0.0,117.25371115879398,0.0,712
829.0233629056943,0.0,-8290.233629056944,117.25371115879398,316.58502012874374,0.0,-0.0,0.007674230240921721,0.37853033242258655,0.0,799.2,0.0,0.0,1.0,888.0,-0.0,118,-18.809751814479267,0.0,118,-58.24980105892283,0.0,118,-40.34407000766914,0.0,120,-23.93123740955928,0.0,118,-52.31251099493915,0.0,120,-7.344189958572416,0.0,0.0,0.230348253099665,0.230348253099665,0.0,-8290.233629056944,-8290.233629056944,829.253711158794,829.253711158794,829.253711158794,0.0,0.0,117.25371115879398,0.0,712
829.0233629056943,0.0,-8290.233629056944,117.25371115879398,422.1133601716583,0.0,-0.0,0.010232306987895628,0.37853033242258655,0.0,799.2,0.0,0.0,1.0,888.0,-0.0,118,-13.565302874742876,0.0,118,-49.220842368845204,0.0,118,-10.079579284911402,0.0,120,-55.26200094420923,0.0,118,-37.62601117823124,0.0,120,-3.4021622595631973,0.0,0.0,0.230348253099665,0.230348253099665,0.0,-8290.233629056944,-8290.233629056944,829.253711158794,829.253711158794,829.253711158794,0.0,0.0,117.25371115879398,0.0,712
829.0233629056943,0.0,-8290.233629056944,117.25371115879398,527.6417002145729,0.0,-0.0,0.012790383734869534,0.37853033242258655,0.0,799.2,0.0,0.0,1.0,888.0,-0.0,118,-2.4916922699137056,0.0,118,-6.014588470405895,0.0,118,-6.203335533491887,0.0,120,-25.530589224350592,0.0,118,-1.1614012489865488,0.0,120,-4.4366997279416935,0.0,0.0,0.230348253099665,0.230348253099665,0.0,-8290.233629056944,-8290.233629056944,829.253711158794,829.253711158794,829.253711158794,0.0,0.0,117.25371115879398,0.0,712
1351.835071040066,0.0,-13518.35071040066,640.2106851192657,633.1700402574875,0.0,-0.0,0.015348460481843441,0.37853033242258655,0.0,799.2,0.0,0.0,1.0,888.0,-0.0,118,-21.763288499508917,0.0,118,-18.511850725712897,0.0,118,-21.758696538108087,0.0,120,-45.683633493877245,0.0,118,-18.057328006403335,0.0,120,-35.44032452262813,0.0,0.0,0.375614079199796,0.375614079199796,0.0,-13518.35071040066,-13518.35071040066,1352.2106851192657,1352.2106851192657,1352.2106851192657,0.0,0.0,640.2106851192657,0.0,712
1351.835071040066,0.0,-13518.35071040066,640.2106851192657,1209.3596568648268,0.0,-0.0,0.02931567781409417,0.37853033242258655,0.0,799.2,0.0,0.0,1.0,888.0,-0.0,118,-27.184362771954692,0.0,118,-19.689514048560103,0.0,118,-28.426257942768657,0.0,120,-25.895386152371206,0.0,118,-8.66620379401742,0.0,120,-37.30736674733885,0.0,0.0,0.375614079199796,0.375614079199796,0.0,-13518.35071040066,-13518.35071040066,1352.2106851192657,1352.2106851192657,1352.2106851192657,0.0,0.0,640.2106851192657,0.0,712
1351.835071040066,0.0,-13518.35071040066,640.2106851192657,1785.549273472166,0.0,-0.0,0.043282895146344896,0.37853033242258655,0.0,799.2,0.0,0.0,1.0,888.0,-0.0,118,-37.266806859333485,0.0,118,-2.0843059102616923,0.0,118,-8.040245341800297,0.0,120,-18.77524428218884,0.0,118,-45.57765608478375,0.0,120,-5.777688734947411,0.0,0.0,0.375614079199796,0.375614079199796,0.0,-13518.35071040066,-13518.35071040066,1352.2106851192657,1352.2106851192657,1352.2106851192657,0.0,0.0,640.2106851192657,0.0,712
1351.835071040066,0.0,-13518.35071040066,642.2106851192657,2361.7388900795054,0.0,-0.0,0.05725011247859563,0.37853033242258655,0.0,799.2,0.0,0.0,1.0,888.0,-0.0,118,-9.631853902055909,0.0,118,-28.280622719902574,0.0,118,-15.605475269295619,0.0,120,-13.75741716878322,0.0,118,-15.490462768968658,0.0,118,-43.962406927129344,0.0,0.0,0.375614079199796,0.375614079199796,0.0,-13518.35071040066,-13518.35071040066,1352.2106851192657,1352.2106851192657,1352.2106851192657,0.0,0.0,642.2106851192657,0.0,710
1351.835071040066,0.0,-13518.35071040066,642.2106851192657,2939.7285066868444,0.0,-0.0,0.07126096300115978,0.37853033242258655,0.0,799.2,0.0,0.0,1.0,888.0,-0.0,118,-34.48361989199026,0.0,118,-49.7804635152459,0.0,118,-34.50604642196934,0.0,120,-24.73419806427511,0.0,118,-25.034369383632143,0.0,118,-43.16655168029333,0.0,0.0,0.375614079199796,0.375614079199796,0.0,-13518.35071040066,-13518.35071040066,1352.2106851192657,1352.2106851192657,1352.2106851192657,0.0,0.0,642.2106851192657,0.0,710
1351.835071040066,0.0,-13518.35071040066,642.2106851192657,3517.7181232941834,0.0,-0.0,0.08527181352372393,0.37853033242258655,0.0,799.2,0.0,0.0,1.0,888.0,-0.0,118,-37.196782677796364,0.0,118,-40.14713566003862,0.0,118,-17.492389601857973,0.0,120,-36.044806567135986,0.0,118,-56.02782722323436,0.0,118,-17.85432794520533,0.0,0.0,0.375614079199796,0.375614079199796,0.0,-13518.35071040066,-13518.35071040066,1352.2106851192657,1352.2106851192657,1352.2106851192657,0.0,0.0,642.2106851192657,0.0,710
1816.7244072492508,0.0,-18167.244072492507,1107.229193136233,4095.7077399015225,0.0,-0.0,0.09928266404628809,0.37853033242258655,0.0,799.2,0.0,0.0,1.0,888.0,-0.0,118,-8.945735656274252,0.0,118,-16.732750258014097,0.0,118,-38.353156823536914,0.0,120,-13.15384066260811,0.0,118,-26.794308464660954,0.0,118,-26.813576540765414,0.0,0.0,0.504785886982287,0.504785886982287,0.0,-18167.244072492507,-18167.244072492507,1817.229193136233,1817.229193136233,1817.229193136233,0.0,0.0,1107.229193136233,0.0,710
1816.7244072492508,0.0,-18167.244072492507,1107.229193136233,5092.214013724132,0.0,-0.0,0.12343863509863845,0.37853033242258655,0.0,799.2,0.0,0.0,1.0,888.0,-0.0,118,-44.15239437874348,0.0,118,-4.941006476023066,0.0,118,-32.61656315662745,0.0,120,-30.86653530341348,0.0,118,-54.45826397185001,0.0,118,-39.68875914280517,0.0,0.0,0.504785886982287,0.504785886982287,0.0,-18167.244072492507,-18167.244072492507,1817.229193136233,1817.229193136233,1817.229193136233,0.0,0.0,1107.229193136233,0.0,710
1816.7244072492508,0.0,-18167.244072492507,1107.229193136233,6088.720287546742,0.0,-0.0,0.14759460615098882,0.37853033242258655,0.0,799.2,0.0,0.0,1.0,888.0,-0.0,118,-43.230455133615465,0.0,118,-3.8030472608086208,0.0,118,-18.182482187206304,0.0,120,-50.300575420346945,0.0,118,-23.383469053611062,0.0,118,-59.10763843950404,0.0,0.0,0.504785886982287,0.504785886982287,0.0,-18167.244072492507,-18167.244072492507,1817.229193136233,1817.229193136233,1817.229193136233,0.0,0.0,1107.229193136233,0.0,710
1816.7244072492508,0.0,-18167.244072492507,1107.229193136233,7085.226561369352,0.0,-0.0,0.1717505772033392,0.37853033242258655,0.0,799.2,0.0,0.0,1.0,888.0,-0.0,118,-56.60907734177829,0.0,118,-33.306323758927114,0.0,118,-31.837543725528246,0.0,120,-34.031945177709645,0.0,118,-38.30310387753803,0.0,118,-30.359379017941414,0.0,0.0,0.504785886982287,0.504785886982287,0.0,-18167.244072492507,-18167.244072492507,1817.229193136233,1817.229193136233,1817.229193136233,0.0,0.0,1107.229193136233,0.0,710
1816.7244072492508,0.0,-18167.244072492507,1107.229193136233,8081.732835191961,0.0,-0.0,0.19590654825568957,0.37853033242258655,0.0,799.2,0.0,0.0,1.0,888.0,-0.0,118,-35.02566189743825,0.0,118,-46.427533693030504,0.0,118,-2.959342605827635,0.0,120,-2.0110857537332127,0.0,118,-17.833804251973298,0.0,118,-16.403290180636738,0.0,0.0,0.504785886982287,0.504785886982287,0.0,-18167.244072492507,-18167.244072492507,1817.229193136233,1817.229193136233,1817.229193136233,0.0,0.0,1107.229193136233,0.0,710
1816.7244072492508,0.0,-18167.244072492507,1107.229193136233,9078.239109014572,0.0,-0.0,0.22006251930803994,0.37853033242258655,0.0,799.2,0.0,0.0,1.0,888.0,-0.0,118,-42.63396739343122,0.0,118,-37.684841583272814,0.0,118,-3.917711204470191,0.0,120,-55.98458220949131,0.0,118,-23.830070027870857,0.0,118,-40.70597188566099,0.0,0.0,0.504785886982287,0.504785886982287,0.0,-18167.244072492507,-18167.244072492507,1817.229193136233,1817.229193136233,1817.229193136233,0.0,0.0,1107.229193136233,0.0,710
2102.80498124019,0.0,-21028.0498124019,1393.3892560335325,10074.745382837182,0.0,-0.0,0.2442184903603903,0.37853033242258655,0.0,799.2,0.0,0.0,1.0,888.0,-0.0,118,-16.6266394132117,0.0,118,-24.6041621504705,0.0,118,-55.45801312358143,0.0,120,-59.276145580441636,0.0,118,-24.28407250345497,0.0,118,-29.456677584062717,0.0,0.0,0.584274793342648,0.584274793342648,0.0,-21028.0498124019,-21028.0498124019,2103.3892560335325,2103.3892560335325,2103.3892560335325,0.0,0.0,1393.3892560335325,0.0,710
2102.80498124019,0.0,-21028.0498124019,1393.3892560335325,11328.795713267362,0.0,-0.0,0.27461749965499144,0.37853033242258655,0.0,799.2,0.0,0.0,1.0,888.0,-0.0,118,-17.554916450149342,0.0,118,-34.81068661186008,0.0,118,-35.17146879842694,0.0,120,-32.54861101815992,0.0,118,-38.95749803327058,0.0,118,-12.52320557402654,0.0,0.0,0.584274793342648,0.584274793342648,0.0,-21028.0498124019,-21028.0498124019,2103.3892560335325,2103.3892560335325,2103.3892560335325,0.0,0.0,1393.3892560335325,0.0,710
2102.80498124019,0.0,-21028.0498124019,1393.3892560335325,12582.846043697542,0.0,-0.0,0.30501650894959254,0.37853033242258655,0.0,799.2,0.0,0.0,1.0,888.0,-0.0,118,-24.39670179839694,0.0,118,-11.62055716470352,0.0,118,-26.921614649045132,0.0,120,-56.54032034461365,0.0,118,-4.823144740652372,0.0,118,-16.052859081372585,0.0,0.0,0.584274793342648,0.584274793342648,0.0,-21028.0498124019,-21028.0498124019,2103.3892560335325,2103.3892560335325,2103.3892560335325,0.0,0.0,1393.3892560335325,0.0,710
2102.80498124019,0.0,-21028.0498124019,1393.3892560335325,13836.896374127722,0.0,-0.0,0.3354155182441937,0.37853033242258655,0.0,799.2,0.0,0.0,1.0,888.0,-0.0,118,-5.345932065891259,0.0,118,-52.3321994716039,0.0,118,-26.70837384405455,0.0,120,-56.088296919894006,0.0,118,-13.703270001536445,0.0,118,-33.31108821951337,0.0,0.0,0.584274793342648,0.584274793342648,0.0,-21028.0498124019,-21028.0498124019,2103.3892560335325,2103.3892560335325,2103.3892560335325,0.0,0.0,1393.3892560335325,0.0,710
2102.80498124019,0.0,-21028.0498124019,1393.3892560335325,15090.946704557902,0.0,-0.0,0.3658145275387948,0.37853033242258655,0.0,799.2,0.0,0.0,1.0,888.0,-0.0,118,-5.665231856023809,0.0,118,-6.516083208942398,0.0,118,-54.665770990499034,0.0,120,-37.36720757721672,0.0,118,-55.03010504213995,0.0,118,-38.13496117406756,0.0,0.0,0.584274793342648,0.584274793342648,0.0,-21028.0498124019,-21028.0498124019,2103.3892560335325,2103.3892560335325,2103.3892560335325,0.0,0.0,1393.3892560335325,0.0,710
2102.80498124019,0.0,-21028.0498124019,1393.3892560335325,16344.997034988082,0.0,-0.0,0.39621353683339594,0.37853033242258655,0.0,799.2,0.0,0.0,1.0,888.0,-0.0,118,-0.7323360745421148,0.0,118,-37.743324348491534,0.0,118,-24.546113468885554,0.0,120,-17.113451472381392,0.0,118,-6.224926971653617,0.0,118,-23.855912465174157,0.0,0.0,0.584274793342648,0.584274793342648,0.0,-21028.0498124019,-21028.0498124019,2103.3892560335325,2103.3892560335325,2103.3892560335325,0.0,0.0,1393.3892560335325,0.0,710
2190.117964206767,0.0,-21901.17964206767,1480.7264993454737,17599.04736541826,0.0,-0.0,0.426612546127997,0.37853033242258655,0.0,799.2,0.0,0.0,1.0,888.0,-0.0,118,-8.18795138081027,0.0,118,-35.343316990877284,0.0,118,-36.88533843567857,0.0,120,-26.852084036522733,0.0,118,-21.63976706264545,0.0,118,-46.21589516240672,0.0,0.0,0.608535138707076,0.608535138707076,0.0,-21901.17964206767,-21901.17964206767,2190.7264993454737,2190.7264993454737,2190.7264993454737,0.0,0.0,1480.7264993454737,0.0,710
2190.117964206767,0.0,-21901.17964206767,1480.7264993454737,18931.701214829187,0.0,-0.0,0.4589169567020383,0.37853033242258655,0.0,799.2,0.0,0.0,1.0,888.0,-0.0,118,-28.240554774706734,0.0,118,-33.784591171627994,0.0,118,-28.522892211793508,0.0,120,-5.21592714786522,0.0,118,-23.722748539840776,0.0,118,-40.999586347153425,0.0,0.0,0.608535138707076,0.608535138707076,0.0,-21901.17964206767,-21901.17964206767,2190.7264993454737,2190.7264993454737,2190.7264993454737,0.0,0.0,1480.7264993454737,0.0,710
2190.117964206767,0.0,-21901.17964206767,1480.7264993454737,20264.355064240113,0.0,-0.0,0.4912213672760796,0.37853033242258655,0.0,799.2,0.0,0.0,1.0,888.0,-0.0,118,-32.687979575809194,0.0,118,-44.23742758292548,0.0,118,-47.553212101341934,0.0,120,-57.668126872518236,0.0,118,-57.53560980489786,0.0,118,-45.208218837092794,0.0,0.0,0.608535138707076,0.608535138707076,0.0,-21901.17964206767,-21901.17964206767,2190.7264993454737,2190.7264993454737,2190.7264993454737,0.0,0.0,1480.7264993454737,0.0,710
2190.117964206767,0.0,-21901.17964206767,1418.7264993454737,21597.00891365104,0.0,-0.0,0.523525777850121,0.37853033242258655,0.0,799.2,0.0,0.0,1.0,888.0,-0.0,118,-48.77061682424517,0.0,118,-59.173955311206974,0.0,118,-38.91495169773506,0.0,120,-43.72705322375353,0.0,118,-0.7544577814388598,0.0,180,-22.33808162200895,0.0,0.0,0.608535138707076,0.608535138707076,0.0,-21901.17964206767,-21901.17964206767,2190.7264993454737,2190.7264993454737,2190.7264993454737,0.0,0.0,1418.7264993454737,0.0,772
2190.117964206767,0.0,-21901.17964206767,1418.7264993454737,22873.862763061967,0.0,-0.0,0.5544775595244459,0.37853033242258655,0.0,799.2,0.0,0.0,1.0,888.0,-0.0,118,-43.11545871781584,0.0,118,-12.38308443615567,0.0,118,-45.927657709639334,0.0,120,-43.61929588761162,0.0,118,-50.80240688928616,0.0,180,-48.637700265034574,0.0,0.0,0.608535138707076,0.608535138707076,0.0,-21901.17964206767,-21901.17964206767,2190.7264993454737,2190.7264993454737,2190.7264993454737,0.0,0.0,1418.7264993454737,0.0,772
2190.117964206767,0.0,-21901.17964206767,1418.7264993454737,24150.716612472894,0.0,-0.0,0.5854293411987709,0.37853033242258655,0.0,799.2,0.0,0.0,1.0,888.0,-0.0,118,-4.186165909061401,0.0,118,-27.605519031810907,0.0,118,-43.83551794333504,0.0,120,-45.62893263658362,0.0,118,-51.56673988040082,0.0,180,-10.063635714649738,0.0,0.0,0.608535138707076,0.608535138707076,0.0,-21901.17964206767,-21901.17964206767,2190.7264993454737,2190.7264993454737,2190.7264993454737,0.0,0.0,1418.7264993454737,0.0,772
2092.020441859549,0.0,-20920.20441859549,1322.6017201151367,25427.57046188382,0.0,-0.0,0.6163811228730958,0.37853033242258655,0.0,799.2,0.0,0.0,1.0,888.0,-0.0,118,-24.754514836815286,0.0,118,-12.66516572871786,0.0,118,-34.78072259796334,0.0,118,-32.484635956896334,0.0,118,-37.63949937237649,0.0,180,-28.560969286696672,0.0,0.0,0.581278255587538,0.581278255587538,0.0,-20920.20441859549,-20920.20441859549,2092.6017201151367,2092.6017201151367,2092.6017201151367,0.0,0.0,1322.6017201151367,0.0,770
2092.020441859549,0.0,-20920.20441859549,1260.6017201151367,26617.912009987445,0.0,-0.0,0.6452357891544238,0.37853033242258655,0.0,799.2,0.0,0.0,1.0,888.0,-0.0,180,-32.211149301597075,0.0,118,-3.567772527373092,0.0,118,-2.028679894813332,0.0,118,-12.044405001679658,0.0,118,-15.965521727938865,0.0,180,-23.153591055924686,0.0,0.0,0.581278255587538,0.581278255587538,0.0,-20920.20441859549,-20920.20441859549,2092.6017201151367,2092.6017201151367,2092.6017201151367,0.0,0.0,1260.6017201151367,0.0,832
2092.020441859549,0.0,-20920.20441859549,1260.6017201151367,27752.453558091067,0.0,-0.0,0.6727378265360354,0.37853033242258655,0.0,799.2,0.0,0.0,1.0,888.0,-0.0,180,-12.614274514998316,0.0,118,-58.06752721379079,0.0,118,-16.224316187802486,0.0,118,-44.751696424056675,0.0,118,-25.06639767675635,0.0,180,-37.39347100793866,0.0,0.0,0.581278255587538,0.581278255587538,0.0,-20920.20441859549,-20920.20441859549,2092.6017201151367,2092.6017201151367,2092.6017201151367,0.0,0.0,1260.6017201151367,0.0,832
2092.020441859549,0.0,-20920.20441859549,1260.6017201151367,28886.99510619469,0.0,-0.0,0.7002398639176469,0.37853033242258655,0.0,799.2,0.0,0.0,1.0,888.0,-0.0,180,-26.70726045728403,0.0,118,-49.64524237445053,0.0,118,-4.442847751930219,0.0,118,-11.21826555101823,0.0,118,-25.7103675704963,0.0,180,-55.249191161932046,0.0,0.0,0.581278255587538,0.581278255587538,0.0,-20920.20441859549,-20920.20441859549,2092.6017201151367,2092.6017201151367,2092.6017201151367,0.0,0.0,1260.6017201151367,0.0,832
2092.020441859549,0.0,-20920.20441859549,1260.6017201151367,30021.53665429831,0.0,-0.0,0.7277419012992585,0.37853033242258655,0.0,799.2,0.0,0.0,1.0,888.0,-0.0,180,-30.406741630990407,0.0,118,-58.440943884426844,0.0,118,-28.2830831166315,0.0,118,-58.55121629104011,0.0,118,-16.318466718392695,0.0,180,-7.9235102152529,0.0,0.0,0.581278255587538,0.581278255587538,0.0,-20920.20441859549,-20920.20441859549,2092.6017201151367,2092.6017201151367,2092.6017201151367,0.0,0.0,1260.6017201151367,0.0,832
2092.020441859549,0.0,-20920.20441859549,1260.6017201151367,31156.07820240193,0.0,-0.0,0.75524393868087,0.37853033242258655,0.0,799.2,0.0,0.0,1.0,888.0,-0.0,180,-28.443476762318863,0.0,118,-7.530430949661174,0.0,118,-30.14174123387056,0.0,118,-3.1510804566566764,0.0,118,-57.019575858287006,0.0,180,-35.24514255829939,0.0,0.0,0.581278255587538,0.581278255587538,0.0,-20920.20441859549,-20920.20441859549,2092.6017201151367,2092.6017201151367,2092.6017201151367,0.0,0.0,1260.6017201151367,0.0,832
1758.2620607123856,0.0,-17582.620607123856,926.7506025464263,32290.619750505553,0.0,-0.0,0.7827459760624816,0.37853033242258655,0.0,799.2,0.0,0.0,1.0,888.0,-0.0,180,-9.97453856245454,0.0,118,-35.703165786191924,0.0,118,-5.548798811225735,0.0,118,-48.28293106435164,0.0,118,-1.0483836782793254,0.0,180,-17.551073773955437,0.0,0.0,0.488541834040674,0.488541834040674,0.0,-17582.620607123856,-17582.620607123856,1758.7506025464263,1758.7506025464263,1758.7506025464263,0.0,0.0,926.7506025464263,0.0,832
1758.2620607123856,0.0,-17582.620607123856,926.7506025464263,33124.69529279734,0.0,-0.0,0.8029645187694795,0.37853033242258655,0.0,799.2,0.0,0.0,1.0,888.0,-0.0,180,-0.38250424849074705,0.0,118,-16.98882820024994,0.0,118,-54.55185912129549,0.0,118,-59.51850795209208,0.0,118,-51.52226211695995,0.0,180,-18.412274366913866,0.0,0.0,0.488541834040674,0.488541834040674,0.0,-17582.620607123856,-17582.620607123856,1758.7506025464263,1758.7506025464263,1758.7506025464263,0.0,0.0,926.7506025464263,0.0,832
1758.2620607123856,0.0,-17582.620607123856,926.7506025464263,33958.770835089126,0.0,-0.0,0.8231830614764775,0.37853033242258655,0.0,799.2,0.0,0.0,1.0,888.0,-0.0,180,-48.798055155264834,0.0,118,-1.5599082353686944,0.0,118,-29.352649380943802,0.0,118,-49.12421703134988,0.0,118,-59.210166729030206,0.0,180,-45.006769513274975,0.0,0.0,0.488541834040674,0.488541834040674,0.0,-17582.620607123856,-17582.620607123856,1758.7506025464263,1758.7506025464263,1758.7506025464263,0.0,0.0,926.7506025464263,0.0,832
1758.2620607123856,0.0,-17582.620607123856,926.7506025464263,34792.84637738091,0.0,-0.0,0.8434016041834754,0.37853033242258655,0.0,799.2,0.0,0.0,1.0,888.0,-0.0,180,-18.308347595841486,0.0,118,-36.46393239736631,0.0,118,-20.789380048963082,0.0,118,-4.972155313596655,0.0,118,-12.910212397628042,0.0,180,-45.69487532745165,0.0,0.0,0.488541834040674,0.488541834040674,0.0,-17582.620607123856,-17582.620607123856,1758.7506025464263,1758.7506025464263,1758.7506025464263,0.0,0.0,926.7506025464263,0.0,832
1758.2620607123856,0.0,-17582.620607123856,864.7506025464263,35626.9219196727,0.0,-0.0,0.8636201468904734,0.37853033242258655,0.0,799.2,0.0,0.0,1.0,888.0,-0.0,180,-22.74445367230434,0.0,118,-39.02137958190862,0.0,180,-51.512148291971215,0.0,118,-24.300951605459492,0.0,118,-2.104973349774335,0.0,180,-32.61189502424563,0.0,0.0,0.488541834040674,0.488541834040674,0.0,-17582.620607123856,-17582.620607123856,1758.7506025464263,1758.7506025464263,1758.7506025464263,0.0,0.0,864.7506025464263,0.0,894
1758.2620607123856,0.0,-17582.620607123856,864.7506025464263,36405.19746196448,0.0,-0.0,0.8824860606977549,0.37853033242258655,0.0,799.2,0.0,0.0,1.0,888.0,-0.0,180,-8.639867776114354,0.0,118,-9.232378388888565,0.0,180,-1.68274128778936,0.0,118,-58.14502062954531,0.0,118,-50.916855350501976,0.0,180,-40.39226541780134,0.0,0.0,0.488541834040674,0.488541834040674,0.0,-17582.620607123856,-17582.620607123856,1758.7506025464263,1758.7506025464263,1758.7506025464263,0.0,0.0,864.7506025464263,0.0,894
1172.3981151038258,0.0,-11723.981151038259,340.7238717348632,37183.473004256266,0.0,-0.0,0.9013519745050363,0.37853033242258655,0.0,799.2,0.0,0.0,1.0,888.0,-0.0,180,-4.84078783049662,0.0,118,-59.6498714775911,0.0,118,-18.318291005443097,0.0,118,-4.646057533173393,0.0,118,-11.227056246462137,0.0,180,-42.652130281087835,0.0,0.0,0.325756631037462,0.325756631037462,0.0,-11723.981151038259,-11723.981151038259,1172.7238717348632,1172.7238717348632,1172.7238717348632,0.0,0.0,340.7238717348632,0.0,832
1172.3981151038258,0.0,-11723.981151038259,340.7238717348632,37490.124488817644,0.0,-0.0,0.9087854092749047,0.37853033242258655,0.0,799.2,0.0,0.0,1.0,888.0,-0.0,180,-17.732101462374953,0.0,118,-47.332149789002194,0.0,118,-35.935905768434246,0.0,118,-17.10738396547018,0.0,118,-46.86418708783653,0.0,180,-31.53699126261053,0.0,0.0,0.325756631037462,0.325756631037462,0.0,-11723.981151038259,-11723.981151038259,1172.7238717348632,1172.7238717348632,1172.7238717348632,0.0,0.0,340.7238717348632,0.0,832
1172.3981151038258,0.0,-11723.981151038259,340.7238717348632,37796.77597337902,0.0,-0.0,0.916218844044773,0.37853033242258655,0.0,799.2,0.0,0.0,1.0,888.0,-0.0,180,-44.849010799445615,0.0,118,-15.766087205765018,0.0,118,-12.467087635964184,0.0,118,-44.03997102049902,0.0,118,-25.53818937282997,0.0,180,-49.30242326113154,0.0,0.0,0.325756631037462,0.325756631037462,0.0,-11723.981151038259,-11723.981151038259,1172.7238717348632,1172.7238717348632,1172.7238717348632,0.0,0.0,340.7238717348632,0.0,832
1172.3981151038258,0.0,-11723.981151038259,340.7238717348632,38103.4274579404,0.0,-0.0,0.9236522788146414,0.37853033242258655,0.0,799.2,0.0,0.0,1.0,888.0,-0.0,180,-54.974064145584485,0.0,118,-53.96605236605153,0.0,118,-26.026249437589556,0.0,118,-28.929857440517907,0.0,118,-24.643936577723647,0.0,180,-20.233271901641338,0.0,0.0,0.325756631037462,0.325756631037462,0.0,-11723.981151038259,-11723.981151038259,1172.7238717348632,1172.7238717348632,1172.7238717348632,0.0,0.0,340.7238717348632,0.0,832
1172.3981151038258,0.0,-11723.981151038259,340.7238717348632,38410.07894250178,0.0,-0.0,0.9310857135845098,0.37853033242258655,0.0,799.2,0.0,0.0,1.0,888.0,-0.0,180,-5.842027102187178,0.0,118,-50.44331304401176,0.0,118,-32.14514142433076,0.0,118,-45.00541203780804,0.0,118,-39.83161486790339,0.0,180,-27.33717919082961,0.0,0.0,0.325756631037462,0.325756631037462,0.0,-11723.981151038259,-11723.981151038259,1172.7238717348632,1172.7238717348632,1172.7238717348632,0.0,0.0,340.7238717348632,0.0,832
1172.3981151038258,0.0,-11723.981151038259,340.7238717348632,38716.73042706316,0.0,-0.0,0.938519148354378,0.37853033242258655,0.0,799.2,0.0,0.0,1.0,888.0,-0.0,180,-29.29051158809723,0.0,118,-10.590907794116525,0.0,118,-6.4478698595166195,0.0,118,-28.9297786922235,0.0,118,-15.925700739317318,0.0,180,-44.41002962690803,0.0,0.0,0.325756631037462,0.325756631037462,0.0,-11723.981151038259,-11723.981151038259,1172.7238717348632,1172.7238717348632,1172.7238717348632,0.0,0.0,340.7238717348632,0.0,832
448.2279515246914,0.0,-4482.279515246913,0.0,39023.381911624536,383.64750611589636,-0.0,0.9459525831242463,0.37853033242258655,0.0,799.2,0.0,0.0,1.0,888.0,-0.0,180,-19.768826851594376,0.0,118,-38.52320002758567,0.0,118,-45.091703553746626,0.0,118,-48.926388294425664,0.0,118,-58.04599945663972,0.0,180,-19.292149584904383,0.0,0.0,0.124542359412251,0.124542359412251,0.0,-4482.279515246913,-4482.279515246913,832.0,832.0,448.35249388410364,0.0,383.64750611589636,0.0,0.0,832
448.2279515246914,0.0,-4482.279515246913,0.0,38597.106904829096,383.64750611589636,-0.0,0.9356193950701548,0.37853033242258655,0.0,799.2,0.0,0.0,1.0,888.0,-0.0,180,-39.05186572245189,0.0,118,-22.950151678212826,0.0,118,-41.38403344299557,0.0,118,-29.838871323671054,0.0,118,-32.59297967329697,0.0,180,-31.161221024148915,0.0,0.0,0.124542359412251,0.124542359412251,0.0,-4482.279515246913,-4482.279515246913,832.0,832.0,448.35249388410364,0.0,383.64750611589636,0.0,0.0,832
448.2279515246914,0.0,-4482.279515246913,0.0,38170.831898033655,383.64750611589636,-0.0,0.9252862070160632,0.37853033242258655,0.0,799.2,0.0,0.0,1.0,888.0,-0.0,180,-57.383977788854885,0.0,118,-9.743013202919204,0.0,118,-52.57774409850504,0.0,118,-30.262785709863582,0.0,118,-4.365625741648989,0.0,180,-12.6929230112642,0.0,0.0,0.124542359412251,0.124542359412251,0.0,-4482.279515246913,-4482.279515246913,832.0,832.0,448.35249388410364,0.0,383.64750611589636,0.0,0.0,832
448.2279515246914,0.0,-4482.279515246913,0.0,37744.556891238215,383.64750611589636,-0.0,0.9149530189619716,0.37853033242258655,0.0,799.2,0.0,0.0,1.0,888.0,-0.0,180,-44.99159307617869,0.0,118,-37.61556668395222,0.0,118,-10.124268838634205,0.0,118,-16.144015949062418,0.0,118,-21.866570409686354,0.0,180,-59.29268437448562,0.0,0.0,0.124542359412251,0.124542359412251,0.0,-4482.279515246913,-4482.279515246913,832.0,832.0,448.35249388410364,0.0,383.64750611589636,0.0,0.0,832
448.2279515246914,0.0,-4482.279515246913,0.0,37318.281884442775,383.64750611589636,-0.0,0.90461983090788,0.37853033242258655,0.0,799.2,0.0,0.0,1.0,888.0,-0.0,180,-39.80263848568939,0.0,118,-22.899044181081997,0.0,118,-12.41950704468493,0.0,118,-6.885405398721587,0.0,118,-59.54032869486551,0.0,180,-6.023261359621388,0.0,0.0,0.124542359412251,0.124542359412251,0.0,-4482.279515246913,-4482.279515246913,832.0,832.0,448.35249388410364,0.0,383.64750611589636,0.0,0.0,832
448.2279515246914,0.0,-4482.279515246913,0.0,36892.006877647334,383.64750611589636,-0.0,0.8942866428537884,0.37853033242258655,0.0,799.2,0.0,0.0,1.0,888.0,-0.0,180,-58.71635297403181,0.0,118,-20.457282167887023,0.0,118,-43.04395119100941,0.0,118,-4.613379863223594,0.0,118,-36.18712144866054,0.0,180,-39.14870362505582,0.0,0.0,0.124542359412251,0.124542359412251,0.0,-4482.279515246913,-4482.279515246913,832.0,832.0,448.35249388410364,0.0,383.64750611589636,0.0,0.0,832
0.0,0.0,-0.0,0.0,36465.731870851894,832.0,-0.0,0.8839534547996969,0.37853033242258655,0.0,799.2,0.0,0.0,1.0,888.0,-0.0,180,-17.906350661983012,0.0,118,-17.580623623487792,0.0,118,-40.074195374148424,0.0,118,-56.453570853580345,0.0,118,-22.90850433148002,0.0,180,-14.497145091154772,0.0,0.0,0.0,0.0,0.0,0.0,0.0,832.0,832.0,0.0,0.0,832.0,0.0,0.0,832
0.0,0.0,-0.0,0.0,35541.28742640745,832.0,-0.0,0.8615443101448973,0.37853033242258655,0.0,799.2,0.0,0.0,1.0,888.0,-0.0,180,-31.905113338877847,0.0,118,-53.31661214912283,0.0,118,-51.648724785678475,0.0,118,-3.886559400028504,0.0,118,-59.145646825862,0.0,180,-39.83623133631363,0.0,0.0,0.0,0.0,0.0,0.0,0.0,832.0,832.0,0.0,0.0,832.0,0.0,0.0,832
0.0,0.0,-0.0,0.0,34616.842981963004,832.0,-0.0,0.8391351654900978,0.37853033242258655,0.0,799.2,0.0,0.0,1.0,888.0,-0.0,180,-16.701097259585303,0.0,118,-2.4067012586320446,0.0,118,-5.957868975696449,0.0,118,-57.85196312008432,0.0,118,-14.403358551629498,0.0,180,-25.370541239563718,0.0,0.0,0.0,0.0,0.0,0.0,0.0,832.0,832.0,0.0,0.0,832.0,0.0,0.0,832
0.0,0.0,-0.0,0.0,33692.39853751856,832.0,-0.0,0.8167260208352982,0.37853033242258655,0.0,799.2,0.0,0.0,1.0,888.0,-0.0,180,-12.161991877044045,0.0,118,-27.474831953996578,0.0,118,-3.5595246087327026,0.0,118,-12.486033860857601,0.0,118,-30.438312920896507,0.0,180,-30.49324829169866,0.0,0.0,0.0,0.0,0.0,0.0,0.0,832.0,832.0,0.0,0.0,832.0,0.0,0.0,832
0.0,0.0,-0.0,0.0,32767.954093074113,832.0,-0.0,0.7943168761804987,0.37853033242258655,0.0,799.2,0.0,0.0,1.0,888.0,-0.0,180,-14.556261385985824,0.0,118,-20.762614689232308,0.0,118,-23.807343232556647,0.0,118,-28.089653364056243,0.0,118,-9.59655469598173,0.0,180,-10.988033134757494,0.0,0.0,0.0,0.0,0.0,0.0,0.0,832.0,832.0,0.0,0.0,832.0,0.0,0.0,832
0.0,0.0,-0.0,0.0,31843.509648629668,832.0,-0.0,0.7719077315256991,0.37853033242258655,0.0,799.2,0.0,0.0,1.0,888.0,-0.0,180,-50.69249820117663,0.0,118,-19.670449160206633,0.0,118,-5.869614536937284,0.0,118,-17.143396162355856,0.0,118,-41.302941322088955,0.0,180,-32.42303813033395,0.0,0.0,0.0,0.0,0.0,0.0,0.0,832.0,832.0,0.0,0.0,832.0,0.0,0.0,832
0.0,0.0,-0.0,0.0,30919.065204185223,832.0,-0.0,0.7494985868708997,0.37853033242258655,0.0,799.2,0.0,0.0,1.0,888.0,-0.0,180,-25.923548681643215,0.0,118,-28.15819842531858,0.0,118,-44.563780320936495,0.0,118,-29.335377073875016,0.0,118,-0.8513626950420994,0.0,180,-16.62713671300549,0.0,0.0,0.0,0.0,0.0,0.0,0.0,832.0,832.0,0.0,0.0,832.0,0.0,0.0,832
0.0,0.0,-0.0,0.0,29994.620759740777,832.0,-0.0,0.7270894422161001,0.37853033242258655,0.0,799.2,0.0,0.0,1.0,888.0,-0.0,180,-16.54310748466833,0.0,118,-18.568132040523682,0.0,118,-51.18577936634561,0.0,118,-54.04282889224388,0.0,118,-36.42005533469734,0.0,180,-12.116322492246018,0.0,0.0,0.0,0.0,0.0,0.0,0.0,832.0,832.0,0.0,0.0,832.0,0.0,0.0,832
0.0,0.0,-0.0,0.0,29070.176315296332,832.0,-0.0,0.7046802975613006,0.37853033242258655,0.0,799.2,0.0,0.0,1.0,888.0,-0.0,180,-17.861046995971734,0.0,118,-40.18338119433728,0.0,118,-29.480554238731308,0.0,118,-22.42893228975826,0.0,118,-29.4109595011731,0.0,180,-7.5619495520777535,0.0,0.0,0.0,0.0,0.0,0.0,0.0,832.0,832.0,0.0,0.0,832.0,0.0,0.0,832
0.0,0.0,-0.0,0.0,28145.731870851887,894.0,-0.0,0.682271152906501,0.37853033242258655,0.0,799.2,0.0,0.0,1.0,888.0,-0.0,180,-37.37481685140179,0.0,180,-12.3676468509937,0.0,118,-11.226358725608168,0.0,118,-39.16898583082953,0.0,118,-34.87743359092512,0.0,180,-3.084674644710723,0.0,0.0,0.0,0.0,0.0,0.0,0.0,894.0,894.0,0.0,0.0,894.0,0.0,0.0,894
0.0,0.0,-0.0,0.0,27152.398537518555,832.0,-0.0,0.6581920960298294,0.37853033242258655,0.0,799.2,0.0,0.0,1.0,888.0,-0.0,180,-42.5344098123181,0.0,118,-25.838702754494424,0.0,118,-58.71414409768791,0.0,118,-23.675921228442938,0.0,118,-2.681391210052697,0.0,180,-14.305431688413625,0.0,0.0,0.0,0.0,0.0,0.0,0.0,832.0,832.0,0.0,0.0,832.0,0.0,0.0,832
0.0,0.0,-0.0,0.0,26227.95409307411,832.0,-0.0,0.6357829513750299,0.37853033242258655,0.0,799.2,0.0,0.0,1.0,888.0,-0.0,180,-13.343471515858948,0.0,118,-31.02213589366817,0.0,118,-22.754405797191076,0.0,118,-0.7109214081952242,0.0,118,-14.99542499537532,0.0,180,-15.458177040889364,0.0,0.0,0.0,0.0,0.0,0.0,0.0,832.0,832.0,0.0,0.0,832.0,0.0,0.0,832
0.0,0.0,-0.0,0.0,25303.509648629664,832.0,-0.0,0.6133738067202303,0.37853033242258655,0.0,799.2,0.0,0.0,1.0,888.0,-0.0,180,-25.607464042081258,0.0,118,-30.645632652123965,0.0,118,-18.585478393014753,0.0,118,-11.931698746144004,0.0,118,-49.03197421790376,0.0,180,-33.857639366554686,0.0,0.0,0.0,0.0,0.0,0.0,0.0,832.0,832.0,0.0,0.0,832.0,0.0,0.0,832
0.0,0.0,-0.0,0.0,24379.06520418522,832.0,-0.0,0.5909646620654309,0.37853033242258655,0.0,799.2,0.0,0.0,1.0,888.0,-0.0,180,-8.582775191195482,0.0,118,-3.7253027938780336,0.0,118,-0.7431103782794879,0.0,118,-47.794452378916574,0.0,118,-37.81455846603209,0.0,180,-3.3001649268508126,0.0,0.0,0.0,0.0,0.0,0.0,0.0,832.0,832.0,0.0,0.0,832.0,0.0,0.0,832
0.0,0.0,-0.0,0.0,23454.620759740774,832.0,-0.0,0.5685555174106314,0.37853033242258655,0.0,799.2,0.0,0.0,1.0,888.0,-0.0,180,-2.4304390364860384,0.0,118,-34.45091532686817,0.0,118,-43.12900615658201,0.0,118,-38.5330601844979,0.0,118,-56.47772880932898,0.0,180,-53.28220278254759,0.0,0.0,0.0,0.0,0.0,0.0,0.0,832.0,832.0,0.0,0.0,832.0,0.0,0.0,832
0.0,0.0,-0.0,0.0,22530.17631529633,832.0,-0.0,0.5461463727558318,0.37853033242258655,0.0,799.2,0.0,0.0,1.0,888.0,-0.0,180,-6.240645601962969,0.0,118,-19.154143221804457,0.0,118,-25.589527934024602,0.0,118,-26.560808941228334,0.0,118,-39.89012437777098,0.0,180,-6.045051079580945,0.0,0.0,0.0,0.0,0.0,0.0,0.0,832.0,832.0,0.0,0.0,832.0,0.0,0.0,832
0.0,0.0,-0.0,0.0,21605.731870851883,832.0,-0.0,0.5237372281010323,0.37853033242258655,0.0,799.2,0.0,0.0,1.0,888.0,-0.0,180,-57.26699046380792,0.0,118,-2.13294027524102,0.0,118,-11.52136348444011,0.0,118,-14.867834261062427,0.0,118,-1.345527076908417,0.0,180,-4.3216507759625555,0.0,0.0,0.0,0.0,0.0,0.0,0.0,832.0,832.0,0.0,0.0,832.0,0.0,0.0,832
0.0,0.0,-0.0,0.0,20681.287426407438,832.0,-0.0,0.5013280834462327,0.37853033242258655,0.0,799.2,0.0,0.0,1.0,888.0,-0.0,180,-44.97557205345922,0.0,118,-21.78591526653764,0.0,118,-50.91190204496002,0.0,118,-10.680310045165651,0.0,118,-52.29144837247602,0.0,180,-21.901356879251605,0.0,0.0,0.0,0.0,0.0,0.0,0.0,832.0,832.0,0.0,0.0,832.0,0.0,0.0,832
0.0,0.0,-0.0,0.0,19756.842981962993,832.0,-0.0,0.47891893879143316,0.37853033242258655,0.0,799.2,0.0,0.0,1.0,888.0,-0.0,180,-20.049142210155097,0.0,118,-39.56634511016924,0.0,118,-50.803139083348505,0.0,118,-28.086948173640454,0.0,118,-42.75177636108644,0.0,180,-11.420012217685224,0.0,0.0,0.0,0.0,0.0,0.0,0.0,832.0,832.0,0.0,0.0,832.0,0.0,0.0,832
0.0,0.0,-0.0,0.0,18832.398537518548,832.0,-0.0,0.4565097941366336,0.37853033242258655,0.0,799.2,0.0,0.0,1.0,888.0,-0.0,180,-52.3295520979312,0.0,118,-25.16556625829492,0.0,118,-29.14904086622039,0.0,118,-48.59807172750355,0.0,118,-7.71548133591333,0.0,180,-30.888324306273365,0.0,0.0,0.0,0.0,0.0,0.0,0.0,832.0,832.0,0.0,0.0,832.0,0.0,0.0,832
0.0,0.0,-0.0,0.0,17907.954093074102,832.0,-0.0,0.4341006494818341,0.37853033242258655,0.0,799.2,0.0,0.0,1.0,888.0,-0.0,180,-13.328687799366453,0.0,118,-21.894467059285002,0.0,118,-50.87250411554798,0.0,118,-6.7070266931321925,0.0,118,-21.013852486678964,0.0,180,-15.122357146795304,0.0,0.0,0.0,0.0,0.0,0.0,0.0,832.0,832.0,0.0,0.0,832.0,0.0,0.0,832
0.0,0.0,-0.0,0.0,16983.509648629657,832.0,-0.0,0.4116915048270346,0.37853033242258655,0.0,799.2,0.0,0.0,1.0,888.0,-0.0,180,-49.989549566761134,0.0,118,-49.439908525878046,0.0,118,-43.03296365450593,0.0,118,-32.95979655344342,0.0,118,-32.916717538503576,0.0,180,-3.996389156192377,0.0,0.0,0.0,0.0,0.0,0.0,0.0,832.0,832.0,0.0,0.0,832.0,0.0,0.0,832
0.0,0.0,-0.0,0.0,16059.065204185212,832.0,-0.0,0.38928236017223505,0.37853033242258655,0.0,799.2,0.0,0.0,1.0,888.0,-0.0,180,-35.22293803687222,0.0,118,-13.358630500056885,0.0,118,-33.39662098506888,0.0,118,-37.75744602873915,0.0,118,-32.43869078970713,0.0,180,-37.283094277623455,0.0,0.0,0.0,0.0,0.0,0.0,0.0,832.0,832.0,0.0,0.0,832.0,0.0,0.0,832
0.0,0.0,-0.0,0.0,15134.620759740767,832.0,-0.0,0.3668732155174355,0.37853033242258655,0.0,799.2,0.0,0.0,1.0,888.0,-0.0,180,-42.339926377271105,0.0,118,-7.992516274092609,0.0,118,-31.698943364789997,0.0,118,-13.657018444719327,0.0,118,-29.039490230267518,0.0,180,-11.747887894425455,0.0,0.0,0.0,0.0,0.0,0.0,0.0,832.0,832.0,0.0,0.0,832.0,0.0,0.0,832
0.0,0.0,-0.0,0.0,14210.176315296321,832.0,-0.0,0.344464070862636,0.37853033242258655,0.0,799.2,0.0,0.0,1.0,888.0,-0.0,180,-49.97200686851626,0.0,118,-31.80344372947909,0.0,118,-28.7967466612958,0.0,118,-58.60206763835479,0.0,118,-43.993835539193554,0.0,180,-46.68815955751826,0.0,0.0,0.0,0.0,0.0,0.0,0.0,832.0,832.0,0.0,0.0,832.0,0.0,0.0,832
0.0,0.0,-0.0,0.0,13285.731870851876,832.0,-0.0,0.32205492620783643,0.37853033242258655,0.0,799.2,0.0,0.0,1.0,888.0,-0.0,180,-45.42589832566915,0.0,118,-16.05641484125779,0.0,118,-13.546852592196863,0.0,118,-46.46493593020728,0.0,118,-58.7421477256363,0.0,180,-21.19598407944079,0.0,0.0,0.0,0.0,0.0,0.0,0.0,832.0,832.0,0.0,0.0,832.0,0.0,0.0,832
0.0,0.0,-0.0,0.0,12361.28742640743,832.0,-0.0,0.2996457815530369,0.37853033242258655,0.0,799.2,0.0,0.0,1.0,888.0,-0.0,180,-52.2199212264331,0.0,118,-31.83035482310142,0.0,118,-1.837016479504845,0.0,118,-11.030005853916476,0.0,118,-28.459873432593593,0.0,180,-26.622217557464197,0.0,0.0,0.0,0.0,0.0,0.0,0.0,832.0,832.0,0.0,0.0,832.0,0.0,0.0,832
0.0,0.0,-0.0,0.0,11436.842981962986,832.0,-0.0,0.27723663689823735,0.37853033242258655,0.0,799.2,0.0,0.0,1.0,888.0,-0.0,180,-42.150301664395876,0.0,118,-30.851403901941413,0.0,118,-3.2581837005926717,0.0,118,-26.84372560940695,0.0,118,-59.3331664509282,0.0,180,-48.8569162695116,0.0,0.0,0.0,0.0,0.0,0.0,0.0,832.0,832.0,0.0,0.0,832.0,0.0,0.0,832
0.0,0.0,-0.0,0.0,10512.39853751854,832.0,-0.0,0.2548274922434378,0.37853033242258655,0.0,799.2,0.0,0.0,1.0,888.0,-0.0,180,-19.95632958448026,0.0,118,-27.7905743685754,0.0,118,-34.58912580389411,0.0,118,-15.991101823438491,0.0,118,-33.62433442058662,0.0,180,-12.900338456755772,0.0,0.0,0.0,0.0,0.0,0.0,0.0,832.0,832.0,0.0,0.0,832.0,0.0,0.0,832
0.0,0.0,-0.0,0.0,9587.954093074095,832.0,-0.0,0.23241834758863827,0.37853033242258655,0.0,799.2,0.0,0.0,1.0,888.0,-0.0,180,-31.930094271017644,0.0,118,-8.46618619022621,0.0,118,-4.850731045285405,0.0,118,-58.29531278542687,0.0,118,-18.234067283819947,0.0,180,-38.36913632751618,0.0,0.0,0.0,0.0,0.0,0.0,0.0,832.0,832.0,0.0,0.0,832.0,0.0,0.0,832
0.0,0.0,-0.0,0.0,8663.50964862965,832.0,-0.0,0.21000920293383873,0.37853033242258655,0.0,799.2,0.0,0.0,1.0,888.0,-0.0,180,-48.29630799913932,0.0,118,-33.740948287514776,0.0,118,-16.034996692238014,0.0,118,-47.209579390962794,0.0,118,-17.45869654457737,0.0,180,-55.23851430386161,0.0,0.0,0.0,0.0,0.0,0.0,0.0,832.0,832.0,0.0,0.0,832.0,0.0,0.0,832
0.0,0.0,-0.0,0.0,7739.065204185205,832.0,-0.0,0.18760005827903922,0.37853033242258655,0.0,799.2,0.0,0.0,1.0,888.0,-0.0,180,-17.685544948650154,0.0,118,-22.18248591337637,0.0,118,-16.1337694721227,0.0,118,-47.530616226198994,0.0,118,-22.626610359406364,0.0,180,-44.61415472209903,0.0,0.0,0.0,0.0,0.0,0.0,0.0,832.0,832.0,0.0,0.0,832.0,0.0,0.0,832
0.0,0.0,-0.0,0.0,6814.620759740761,832.0,-0.0,0.1651909136242397,0.37853033242258655,0.0,799.2,0.0,0.0,1.0,888.0,-0.0,180,-30.200794214067358,0.0,118,-41.05445586924379,0.0,118,-40.84323922742002,0.0,118,-14.785793903484423,0.0,118,-55.06511943157601,0.0,180,-51.12912344175871,0.0,0.0,0.0,0.0,0.0,0.0,0.0,832.0,832.0,0.0,0.0,832.0,0.0,0.0,832
0.0,0.0,-0.0,0.0,5890.176315296317,832.0,-0.0,0.1427817689694402,0.37853033242258655,0.0,799.2,0.0,0.0,1.0,888.0,-0.0,180,-59.41071059154062,0.0,118,-38.63675604327937,0.0,118,-53.63590371169269,0.0,118,-11.585958448866743,0.0,118,-45.01494503919288,0.0,180,-18.310526519017834,0.0,0.0,0.0,0.0,0.0,0.0,0.0,832.0,832.0,0.0,0.0,832.0,0.0,0.0,832
0.0,0.0,-0.0,0.0,4965.731870851872,832.0,-0.0,0.12037262431464069,0.37853033242258655,0.0,799.2,0.0,0.0,1.0,888.0,-0.0,180,-36.093101039474746,0.0,118,-3.3139253433081994,0.0,118,-45.02021081931857,0.0,118,-33.291322771027694,0.0,118,-33.93787755320423,0.0,180,-37.56306908654539,0.0,0.0,0.0,0.0,0.0,0.0,0.0,832.0,832.0,0.0,0.0,832.0,0.0,0.0,832
0.0,0.0,-0.0,0.0,4041.287426407428,770.0,-0.0,0.09796347965984117,0.37853033242258655,0.0,799.2,0.0,0.0,1.0,888.0,-0.0,180,-30.01599826419553,0.0,118,-53.842055380063606,0.0,118,-16.506916939391218,0.0,118,-33.18013348687163,0.0,118,-1.1405636678698339,0.0,118,-59.31793093754752,0.0,0.0,0.0,0.0,0.0,0.0,0.0,770.0,770.0,0.0,0.0,770.0,0.0,0.0,770
0.0,0.0,-0.0,0.0,3185.7318708518724,770.0,-0.0,0.07722424722691373,0.37853033242258655,0.0,799.2,0.0,0.0,1.0,888.0,-0.0,180,-19.14717495695083,0.0,118,-10.621353324865588,0.0,118,-23.175541290975367,0.0,118,-30.971161819997302,0.0,118,-17.100645900296215,0.0,118,-23.455071549399314,0.0,0.0,0.0,0.0,0.0,0.0,0.0,770.0,770.0,0.0,0.0,770.0,0.0,0.0,770
0.0,0.0,-0.0,0.0,2330.1763152963167,770.0,-0.0,0.0564850147939863,0.37853033242258655,0.0,799.2,0.0,0.0,1.0,888.0,-0.0,180,-18.12615853986326,0.0,118,-2.501214034221837,0.0,118,-21.828673313477186,0.0,118,-6.922985361489246,0.0,118,-11.138209360681143,0.0,118,-21.553376034010714,0.0,0.0,0.0,0.0,0.0,0.0,0.0,770.0,770.0,0.0,0.0,770.0,0.0,0.0,770
0.0,0.0,-0.0,0.0,1474.620759740761,770.0,-0.0,0.03574578236105886,0.37853033242258655,0.0,799.2,0.0,0.0,1.0,888.0,-0.0,180,-14.487436216154727,0.0,118,-37.48732395549992,0.0,118,-48.93636776570291,0.0,118,-44.75506192371179,0.0,118,-39.14193130095219,0.0,118,-30.538738848520467,0.0,0.0,0.0,0.0,0.0,0.0,0.0,770.0,770.0,0.0,0.0,770.0,0.0,0.0,770
0.0,0.0,-0.0,0.0,619.0652041852055,557.1586837666849,-0.0,0.015006549928131422,0.37853033242258655,80.56689418705761,799.2,0.0,212.84131623331507,1.0,888.0,-189003.0888151838,180,-18.114199280778458,0.0,118,-28.627996967173488,0.0,118,-8.110183262262945,0.0,118,-7.047376828488597,0.0,118,-10.063919363124633,0.0,118,-19.806042243397897,0.0,0.0,0.0,0.0,0.0,-189003.0888151838,-189003.0888151838,770.0,770.0,0.0,0.0,770.0,0.0,0.0,770
0.0,0.0,-0.0,0.0,0.0,0.0,-0.0,0.0,0.37853033242258655,291.46835596539165,799.2,0.0,770.0,1.0,888.0,-683760.0,180,-39.32548292697729,0.0,118,-3.1018714802940273,0.0,118,-24.789528670559424,0.0,118,-44.88816835417128,0.0,118,-23.243035812512854,0.0,118,-29.35509426161206,0.0,0.0,0.0,0.0,0.0,-683760.0,-683760.0,770.0,770.0,0.0,0.0,770.0,0.0,0.0,770
0.0,0.0,-0.0,0.0,0.0,0.0,-0.0,0.0,0.37853033242258655,292.2254166302368,799.2,0.0,772.0,1.0,888.0,-685536.0,180,-18.38173904888643,0.0,118,-43.96385423241758,0.0,118,-58.84437296311318,0.0,118,-38.13208290157871,0.0,118,-41.784252521014515,0.0,120,-12.860526857256092,0.0,0.0,0.0,0.0,0.0,-685536.0,-685536.0,772.0,772.0,0.0,0.0,772.0,0.0,0.0,772
0.0,0.0,-0.0,0.0,0.0,0.0,-0.0,0.0,0.37853033242258655,292.2254166302368,799.2,0.0,772.0,1.0,888.0,-685536.0,180,-58.18046609983719,0.0,118,-22.111982188166255,0.0,118,-34.94883838383684,0.0,118,-25.180226528671433,0.0,118,-33.07710015930424,0.0,120,-36.680466283959305,0.0,0.0,0.0,0.0,0.0,-685536.0,-685536.0,772.0,772.0,0.0,0.0,772.0,0.0,0.0,772
0.0,0.0,-0.0,0.0,0.0,0.0,-0.0,0.0,0.37853033242258655,292.2254166302368,799.2,0.0,772.0,1.0,888.0,-685536.0,180,-30.186848951463567,0.0,118,-8.290554307832242,0.0,118,-26.697115460504513,0.0,118,-6.968385079927271,0.0,118,-57.44714341637795,0.0,120,-48.230842850658874,0.0,0.0,0.0,0.0,0.0,-685536.0,-685536.0,772.0,772.0,0.0,0.0,772.0,0.0,0.0,772
0.0,0.0,-0.0,0.0,0.0,0.0,-0.0,0.0,0.37853033242258655,292.2254166302368,799.2,0.0,772.0,1.0,888.0,-685536.0,180,-2.441202558372466,0.0,118,-52.450089625239336,0.0,118,-56.464108063351155,0.0,118,-12.502555595641063,0.0,118,-48.908248945312224,0.0,120,-43.70509008732846,0.0,0.0,0.0,0.0,0.0,-685536.0,-685536.0,772.0,772.0,0.0,0.0,772.0,0.0,0.0,772
0.0,0.0,-0.0,0.0,0.0,0.0,-0.0,0.0,0.37853033242258655,292.2254166302368,799.2,0.0,772.0,1.0,888.0,-685536.0,180,-45.74304549485389,0.0,118,-30.154719053319855,0.0,118,-5.635587264133621,0.0,118,-5.631747768885171,0.0,118,-14.326500900713508,0.0,120,-2.2927283024236567,0.0,0.0,0.0,0.0,0.0,-685536.0,-685536.0,772.0,772.0,0.0,0.0,772.0,0.0,0.0,772
0.0,0.0,-0.0,0.0,0.0,0.0,-0.0,0.0,0.37853033242258655,292.2254166302368,799.2,0.0,772.0,1.0,888.0,-685536.0,180,-3.739865182711275,0.0,118,-4.199551385991809,0.0,118,-30.90120176060206,0.0,118,-46.19429626932453,0.0,118,-42.05560987591845,0.0,120,-42.56992266264241,0.0,0.0,0.0,0.0,0.0,-685536.0,-685536.0,772.0,772.0,0.0,0.0,772.0,0.0,0.0,772
0.0,0.0,-0.0,0.0,0.0,0.0,-0.0,0.0,0.37853033242258655,292.2254166302368,799.2,0.0,772.0,1.0,888.0,-685536.0,180,-53.028396562960545,0.0,118,-1.9593305695225927,0.0,118,-20.215606695698405,0.0,118,-35.85490600777079,0.0,118,-22.770558059040987,0.0,120,-5.8325137218777545,0.0,0.0,0.0,0.0,0.0,-685536.0,-685536.0,772.0,772.0,0.0,0.0,772.0,0.0,0.0,772
0.0,0.0,-0.0,0.0,0.0,0.0,-0.0,0.0,0.37853033242258655,292.2254166302368,799.2,0.0,772.0,1.0,888.0,-685536.0,180,-15.928303817479772,0.0,118,-50.7705227716172,0.0,118,-18.88287945679655,0.0,118,-34.42884321537772,0.0,118,-7.039242254358744,0.0,120,-48.80549276799927,0.0,0.0,0.0,0.0,0.0,-685536.0,-685536.0,772.0,772.0,0.0,0.0,772.0,0.0,0.0,772
0.0,0.0,-0.0,0.0,0.0,0.0,-0.0,0.0,0.37853033242258655,292.2254166302368,799.2,0.0,772.0,1.0,888.0,-685536.0,180,-35.38382288130524,0.0,118,-22.847172520157613,0.0,118,-57.024737555083505,0.0,118,-22.031122317846755,0.0,118,-24.74430327903461,0.0,120,-51.37519546258521,0.0,0.0,0.0,0.0,0.0,-685536.0,-685536.0,772.0,772.0,0.0,0.0,772.0,0.0,0.0,772
0.0,0.0,-0.0,0.0,0.0,0.0,-0.0,0.0,0.37853033242258655,292.2254166302368,799.2,0.0,772.0,1.0,888.0,-685536.0,180,-48.23168730687652,0.0,118,-8.037024923324,0.0,118,-37.161226143186816,0.0,118,-27.817643660562016,0.0,118,-44.74282733944587,0.0,120,-34.144752344489234,0.0,0.0,0.0,0.0,0.0,-685536.0,-685536.0,772.0,772.0,0.0,0.0,772.0,0.0,0.0,772
0.0,0.0,-0.0,0.0,0.0,0.0,-0.0,0.0,0.37853033242258655,292.2254166302368,799.2,0.0,772.0,1.0,888.0,-685536.0,180,-51.88516625049177,0.0,118,-6.422627700717596,0.0,118,-57.72397929281175,0.0,118,-41.96451560639935,0.0,118,-2.5068246845508724,0.0,120,-42.21185508505299,0.0,0.0,0.0,0.0,0.0,-685536.0,-685536.0,772.0,772.0,0.0,0.0,772.0,0.0,0.0,772
0.0,0.0,-0.0,0.0,0.0,0.0,-0.0,0.0,0.37853033242258655,292.2254166302368,799.2,0.0,772.0,1.0,888.0,-685536.0,180,-7.049757257689084,0.0,118,-52.96117748964014,0.0,118,-56.395275605640244,0.0,118,-18.800149773417544,0.0,118,-30.47183947308209,0.0,120,-8.2477796772005,0.0,0.0,0.0,0.0,0.0,-685536.0,-685536.0,772.0,772.0,0.0,0.0,772.0,0.0,0.0,772
0.0,0.0,-0.0,0.0,0.0,0.0,-0.0,0.0,0.37853033242258655,292.2254166302368,799.2,0.0,772.0,1.0,888.0,-685536.0,180,-19.19985018672098,0.0,118,-54.5444351713202,0.0,118,-4.567945237141002,0.0,118,-4.056125585342219,0.0,118,-46.61642402628826,0.0,120,-7.033028679438322,0.0,0.0,0.0,0.0,0.0,-685536.0,-685536.0,772.0,772.0,0.0,0.0,772.0,0.0,0.0,772
0.0,0.0,-0.0,0.0,0.0,0.0,-0.0,0.0,0.37853033242258655,292.2254166302368,799.2,0.0,772.0,1.0,888.0,-685536.0,180,-44.14309391487346,0.0,118,-36.15372886021994,0.0,118,-26.847550841421995,0.0,118,-9.688465200696383,0.0,118,-42.331082613711885,0.0,120,-28.66125432554895,0.0,0.0,0.0,0.0,0.0,-685536.0,-685536.0,772.0,772.0,0.0,0.0,772.0,0.0,0.0,772
0.0,0.0,-0.0,0.0,0.0,0.0,-0.0,0.0,0.37853033242258655,292.2254166302368,799.2,0.0,772.0,1.0,888.0,-685536.0,180,-54.42757170373786,0.0,118,-5.37077446545265,0.0,118,-47.91812242367732,0.0,118,-31.773947491581993,0.0,118,-11.56397187647597,0.0,120,-16.332974739638924,0.0,0.0,0.0,0.0,0.0,-685536.0,-685536.0,772.0,772.0,0.0,0.0,772.0,0.0,0.0,772
0.0,0.0,-0.0,0.0,0.0,0.0,-0.0,0.0,0.37853033242258655,292.2254166302368,799.2,0.0,772.0,1.0,888.0,-685536.0,180,-21.795294268400006,0.0,118,-3.8703559383333475,0.0,118,-31.324913604093226,0.0,118,-25.35800975117067,0.0,118,-15.678867680747256,0.0,120,-38.27797039384849,0.0,0.0,0.0,0.0,0.0,-685536.0,-685536.0,772.0,772.0,0.0,0.0,772.0,0.0,0.0,772
0.0,0.0,-0.0,0.0,0.0,0.0,-0.0,0.0,0.37853033242258655,292.2254166302368,799.2,0.0,772.0,1.0,888.0,-685536.0,180,-19.327583984847468,0.0,118,-33.34657488210758,0.0,118,-35.32586531621285,0.0,118,-44.59073419883238,0.0,118,-52.640218333283435,0.0,120,-5.780106157798395,0.0,0.0,0.0,0.0,0.0,-685536.0,-685536.0,772.0,772.0,0.0,0.0,772.0,0.0,0.0,772
0.0,0.0,-0.0,0.0,0.0,0.0,-0.0,0.0,0.37853033242258655,292.2254166302368,799.2,0.0,772.0,1.0,888.0,-685536.0,180,-55.23992620823409,0.0,118,-0.06219501126680793,0.0,118,-6.743734658802989,0.0,118,-48.63826260548213,0.0,118,-26.940309607544254,0.0,120,-36.60608362507864,0.0,0.0,0.0,0.0,0.0,-685536.0,-685536.0,772.0,772.0,0.0,0.0,772.0,0.0,0.0,772
0.0,0.0,-0.0,0.0,0.0,0.0,-0.0,0.0,0.37853033242258655,292.2254166302368,799.2,0.0,772.0,1.0,888.0,-685536.0,180,-46.95991357051317,0.0,118,-50.16921584947178,0.0,118,-12.948777605802755,0.0,118,-15.745819554894474,0.0,118,-48.17815670538405,0.0,120,-48.13872838390878,0.0,0.0,0.0,0.0,0.0,-685536.0,-685536.0,772.0,772.0,0.0,0.0,772.0,0.0,0.0,772
0.0,0.0,-0.0,0.0,0.0,0.0,-0.0,0.0,0.37853033242258655,292.2254166302368,799.2,0.0,772.0,1.0,888.0,-685536.0,180,-39.92307569183602,0.0,118,-16.400838136412233,0.0,118,-9.517522947377605,0.0,118,-33.66636243819817,0.0,118,-52.989570869260675,0.0,120,-44.890077693615844,0.0,0.0,0.0,0.0,0.0,-685536.0,-685536.0,772.0,772.0,0.0,0.0,772.0,0.0,0.0,772
0.0,0.0,-0.0,0.0,0.0,0.0,-0.0,0.0,0.37853033242258655,292.2254166302368,799.2,0.0,772.0,1.0,888.0,-685536.0,180,-5.486615232116727,0.0,118,-59.671204327864956,0.0,118,-54.30764996786245,0.0,118,-36.35945743107362,0.0,118,-53.516037153749714,0.0,120,-45.64573816389651,0.0,0.0,0.0,0.0,0.0,-685536.0,-685536.0,772.0,772.0,0.0,0.0,772.0,0.0,0.0,772
0.0,0.0,-0.0,0.0,0.0,0.0,-0.0,0.0,0.37853033242258655,292.2254166302368,799.2,0.0,772.0,1.0,888.0,-685536.0,180,-33.56622934504028,0.0,118,-33.87684206273909,0.0,118,-11.344849636675384,0.0,118,-38.10187756555486,0.0,118,-37.73354745553262,0.0,120,-6.154421165438673,0.0,0.0,0.0,0.0,0.0,-685536.0,-685536.0,772.0,772.0,0.0,0.0,772.0,0.0,0.0,772
0.0,0.0,-0.0,0.0,0.0,0.0,-0.0,0.0,0.37853033242258655,292.2254166302368,799.2,0.0,772.0,1.0,888.0,-685536.0,180,-1.4712539554540105,0.0,118,-30.56753284778456,0.0,118,-43.425015926702635,0.0,118,-48.42321594494456,0.0,118,-45.19928255803749,0.0,120,-9.763292959535214,0.0,0.0,0.0,0.0,0.0,-685536.0,-685536.0,772.0,772.0,0.0,0.0,772.0,0.0,0.0,772
0.0,0.0,-0.0,0.0,0.0,0.0,-0.0,0.0,0.37853033242258655,292.2254166302368,799.2,0.0,772.0,1.0,888.0,-685536.0,180,-20.22378404486605,0.0,118,-57.54130989214469,0.0,118,-13.123771070070294,0.0,118,-20.61962929568345,0.0,118,-7.6856559503550255,0.0,120,-11.499591063015025,0.0,0.0,0.0,0.0,0.0,-685536.0,-685536.0,772.0,772.0,0.0,0.0,772.0,0.0,0.0,772
0.0,0.0,-0.0,0.0,0.0,0.0,-0.0,0.0,0.37853033242258655,292.2254166302368,799.2,0.0,772.0,1.0,888.0,-685536.0,180,-59.03601931418772,0.0,118,-55.42194229336528,0.0,118,-28.53834703848782,0.0,118,-29.06605682197072,0.0,118,-50.04205748305731,0.0,120,-7.230787034770532,0.0,0.0,0.0,0.0,0.0,-685536.0,-685536.0,772.0,772.0,0.0,0.0,772.0,0.0,0.0,772
0.0,0.0,-0.0,0.0,0.0,0.0,-0.0,0.0,0.37853033242258655,292.2254166302368,799.2,0.0,772.0,1.0,888.0,-685536.0,180,-19.36628198878149,0.0,118,-45.891176413542105,0.0,118,-50.631153782908044,0.0,118,-40.109629624046974,0.0,118,-30.48217278714916,0.0,120,-29.183499911159267,0.0,0.0,0.0,0.0,0.0,-685536.0,-685536.0,772.0,772.0,0.0,0.0,772.0,0.0,0.0,772
0.0,0.0,-0.0,0.0,0.0,0.0,-0.0,0.0,0.37853033242258655,292.2254166302368,799.2,0.0,772.0,1.0,888.0,-685536.0,180,-16.324133085925986,0.0,118,-27.05703285279847,0.0,118,-5.004174192396896,0.0,118,-46.78130317166912,0.0,118,-57.79732190360706,0.0,120,-48.217102606424326,0.0,0.0,0.0,0.0,0.0,-685536.0,-685536.0,772.0,772.0,0.0,0.0,772.0,0.0,0.0,772
0.0,0.0,-0.0,0.0,0.0,0.0,-0.0,0.0,0.37853033242258655,292.2254166302368,799.2,0.0,772.0,1.0,888.0,-685536.0,180,-50.4569973779169,0.0,118,-15.779439114850348,0.0,118,-31.58982017565489,0.0,118,-15.320853355087525,0.0,118,-43.49897893274834,0.0,120,-51.92073652109471,0.0,0.0,0.0,0.0,0.0,-685536.0,-685536.0,772.0,772.0,0.0,0.0,772.0,0.0,0.0,772
0.0,0.0,-0.0,0.0,0.0,0.0,-0.0,0.0,0.37853033242258655,292.2254166302368,799.2,0.0,772.0,1.0,888.0,-685536.0,180,-30.984435593300955,0.0,118,-45.26143636063553,0.0,118,-42.21864575195568,0.0,118,-7.645136592051454,0.0,118,-48.20614595820555,0.0,120,-25.701517243928144,0.0,0.0,0.0,0.0,0.0,-685536.0,-685536.0,772.0,772.0,0.0,0.0,772.0,0.0,0.0,772
0.0,0.0,-0.0,0.0,0.0,0.0,-0.0,0.0,0.37853033242258655,292.982477295082,799.2,0.0,774.0,1.0,888.0,-687312.0,180,-1.0791778529604468,0.0,118,-39.74314792677461,0.0,118,-11.994730400032648,0.0,120,-59.95719767305047,0.0,118,-0.577209432203849,0.0,120,-24.88642558133352,0.0,0.0,0.0,0.0,0.0,-687312.0,-687312.0,774.0,774.0,0.0,0.0,774.0,0.0,0.0,774
0.0,0.0,-0.0,0.0,0.0,0.0,-0.0,0.0,0.37853033242258655,292.982477295082,799.2,0.0,774.0,1.0,888.0,-687312.0,180,-14.881883795694662,0.0,118,-59.259027394022525,0.0,118,-11.205720378201336,0.0,120,-47.55992746758705,0.0,118,-4.191236386007839,0.0,120,-36.1410222786668,0.0,0.0,0.0,0.0,0.0,-687312.0,-687312.0,774.0,774.0,0.0,0.0,774.0,0.0,0.0,774
0.0,0.0,-0.0,0.0,0.0,0.0,-0.0,0.0,0.37853033242258655,292.982477295082,799.2,0.0,774.0,1.0,888.0,-687312.0,180,-56.85215113297026,0.0,118,-5.133913470921585,0.0,118,-29.80816597032663,0.0,120,-32.550213608991584,0.0,118,-29.82358244660218,0.0,120,-10.989151570626007,0.0,0.0,0.0,0.0,0.0,-687312.0,-687312.0,774.0,774.0,0.0,0.0,774.0,0.0,0.0,774
0.0,0.0,-0.0,0.0,0.0,0.0,-0.0,0.0,0.37853033242258655,292.982477295082,799.2,0.0,774.0,1.0,888.0,-687312.0,180,-7.800728509799093,0.0,118,-27.994459740673133,0.0,118,-16.755726116018746,0.0,120,-29.67363175844131,0.0,118,-42.01855046873192,0.0,120,-1.439188605751165,0.0,0.0,0.0,0.0,0.0,-687312.0,-687312.0,774.0,774.0,0.0,0.0,774.0,0.0,0.0,774
0.0,0.0,-0.0,0.0,0.0,0.0,-0.0,0.0,0.37853033242258655,292.982477295082,799.2,0.0,774.0,1.0,888.0,-687312.0,180,-38.055298876812635,0.0,118,-55.263768248320844,0.0,118,-58.03240209084086,0.0,120,-30.23997678594882,0.0,118,-1.0123011880203392,0.0,120,-17.748333112172876,0.0,0.0,0.0,0.0,0.0,-687312.0,-687312.0,774.0,774.0,0.0,0.0,774.0,0.0,0.0,774
0.0,0.0,-0.0,0.0,0.0,0.0,-0.0,0.0,0.37853033242258655,292.982477295082,799.2,0.0,774.0,1.0,888.0,-687312.0,180,-34.65840584298713,0.0,118,-8.04423389407241,0.0,118,-20.587101151019652,0.0,120,-17.46307972343599,0.0,118,-19.6410778714558,0.0,120,-10.064926130149853,0.0,0.0,0.0,0.0,0.0,-687312.0,-687312.0,774.0,774.0,0.0,0.0,774.0,0.0,0.0,774
0.0,0.0,-0.0,0.0,0.0,0.0,-0.0,0.0,0.37853033242258655,292.982477295082,799.2,0.0,774.0,1.0,888.0,-687312.0,180,-42.84985415434734,0.0,118,-20.295828370801765,0.0,118,-38.652559501576185,0.0,120,-2.7298838258159397,0.0,118,-38.59366867181324,0.0,120,-26.14359855759562,0.0,0.0,0.0,0.0,0.0,-687312.0,-687312.0,774.0,774.0,0.0,0.0,774.0,0.0,0.0,774
0.0,0.0,-0.0,0.0,0.0,0.0,-0.0,0.0,0.37853033242258655,292.982477295082,799.2,0.0,774.0,1.0,888.0,-687312.0,180,-20.873574985973132,0.0,118,-0.32758338089848626,0.0,118,-17.580107868935254,0.0,120,-14.877329439730275,0.0,118,-12.92888238202764,0.0,120,-50.907375332839244,0.0,0.0,0.0,0.0,0.0,-687312.0,-687312.0,774.0,774.0,0.0,0.0,774.0,0.0,0.0,774
0.0,0.0,-0.0,0.0,0.0,0.0,-0.0,0.0,0.37853033242258655,292.982477295082,799.2,0.0,774.0,1.0,888.0,-687312.0,180,-56.07234192427148,0.0,118,-18.166542797475525,0.0,118,-58.95953234105549,0.0,120,-25.800015526364962,0.0,118,-32.35874945295863,0.0,120,-8.18213752641171,0.0,0.0,0.0,0.0,0.0,-687312.0,-687312.0,774.0,774.0,0.0,0.0,774.0,0.0,0.0,774
0.0,0.0,-0.0,0.0,0.0,0.0,-0.0,0.0,0.37853033242258655,292.982477295082,799.2,0.0,774.0,1.0,888.0,-687312.0,180,-18.141093939518164,0.0,118,-19.151633824782227,0.0,118,-0.028882346259893055,0.0,120,-37.915034431282066,0.0,118,-50.03586569217532,0.0,120,-2.754498289740699,0.0,0.0,0.0,0.0,0.0,-687312.0,-687312.0,774.0,774.0,0.0,0.0,774.0,0.0,0.0,774
0.0,0.0,-0.0,0.0,0.0,0.0,-0.0,0.0,0.37853033242258655,292.982477295082,799.2,0.0,774.0,1.0,888.0,-687312.0,180,-35.99565454139077,0.0,118,-40.036323155129864,0.0,118,-52.6570808736906,0.0,120,-6.546016837093291,0.0,118,-13.50826044246977,0.0,120,-15.259472979865565,0.0,0.0,0.0,0.0,0.0,-687312.0,-687312.0,774.0,774.0,0.0,0.0,774.0,0.0,0.0,774
0.0,0.0,-0.0,0.0,0.0,0.0,-0.0,0.0,0.37853033242258655,292.982477295082,799.2,0.0,774.0,1.0,888.0,-687312.0,180,-40.74678476394484,0.0,118,-52.908866652625946,0.0,118,-50.66226102783219,0.0,120,-18.55050268394369,0.0,118,-41.026531296760915,0.0,120,-11.894834284994072,0.0,0.0,0.0,0.0,0.0,-687312.0,-687312.0,774.0,774.0,0.0,0.0,774.0,0.0,0.0,774
0.0,0.0,-0.0,0.0,0.0,0.0,-0.0,0.0,0.37853033242258655,292.982477295082,799.2,0.0,774.0,1.0,888.0,-687312.0,180,-37.61592102457911,0.0,118,-26.953313479165928,0.0,118,-33.391434126924935,0.0,120,-55.625823867408066,0.0,118,-49.08174081295547,0.0,120,-1.1437143325987198,0.0,0.0,0.0,0.0,0.0,-687312.0,-687312.0,774.0,774.0,0.0,0.0,774.0,0.0,0.0,774
0.0,0.0,-0.0,0.0,0.0,0.0,-0.0,0.0,0.37853033242258655,292.982477295082,799.2,0.0,774.0,1.0,888.0,-687312.0,180,-14.557236318749231,0.0,118,-23.311462080026725,0.0,118,-16.866190101724342,0.0,120,-18.0052131213731,0.0,118,-45.31665051638465,0.0,120,-55.75659971290463,0.0,0.0,0.0,0.0,0.0,-687312.0,-687312.0,774.0,774.0,0.0,0.0,774.0,0.0,0.0,774
357.72874629397,0.0,-3577.2874629397,0.0,0.0,0.0,-0.0,0.0,0.37853033242258655,157.53367137499927,799.2,0.0,416.171856999641,1.0,888.0,-369560.6090156812,180,-39.50279154733292,0.0,118,-21.794506035567633,0.0,118,-15.412473389956023,0.0,120,-43.836974122114334,0.0,118,-22.884125832399945,0.0,120,-26.983211188894398,0.0,0.0,0.0993967063889886,0.0993967063889886,0.0,-373137.8964786209,-373137.8964786209,774.0,774.0,357.828143000359,0.0,416.171856999641,0.0,0.0,774
357.72874629397,0.0,-3577.2874629397,0.0,0.0,0.0,-0.0,0.0,0.37853033242258655,157.53367137499927,799.2,0.0,416.171856999641,1.0,888.0,-369560.6090156812,180,-33.77378491404999,0.0,118,-0.8311486007674596,0.0,118,-14.92982741125396,0.0,120,-23.289981076661675,0.0,118,-25.509565146499874,0.0,120,-48.80069755623024,0.0,0.0,0.0993967063889886,0.0993967063889886,0.0,-373137.8964786209,-373137.8964786209,774.0,774.0,357.828143000359,0.0,416.171856999641,0.0,0.0,774
357.72874629397,0.0,-3577.2874629397,0.0,0.0,0.0,-0.0,0.0,0.37853033242258655,157.53367137499927,799.2,0.0,416.171856999641,1.0,888.0,-369560.6090156812,180,-57.58162185545644,0.0,118,-7.211485428200588,0.0,118,-14.431423196465714,0.0,120,-48.807588631597966,0.0,118,-8.263891125607028,0.0,120,-22.10339232502623,0.0,0.0,0.0993967063889886,0.0993967063889886,0.0,-373137.8964786209,-373137.8964786209,774.0,774.0,357.828143000359,0.0,416.171856999641,0.0,0.0,774
357.72874629397,0.0,-3577.2874629397,0.0,0.0,0.0,-0.0,0.0,0.37853033242258655,157.53367137499927,799.2,0.0,416.171856999641,1.0,888.0,-369560.6090156812,180,-38.47042312873235,0.0,118,-3.2139529962700975,0.0,118,-13.432122900876456,0.0,120,-59.697287397969724,0.0,118,-48.272959001090456,0.0,120,-45.45983267319821,0.0,0.0,0.0993967063889886,0.0993967063889886,0.0,-373137.8964786209,-373137.8964786209,774.0,774.0,357.828143000359,0.0,416.171856999641,0.0,0.0,774
357.72874629397,0.0,-3577.2874629397,0.0,0.0,0.0,-0.0,0.0,0.37853033242258655,157.53367137499927,799.2,0.0,416.171856999641,1.0,888.0,-369560.6090156812,180,-4.313811244973602,0.0,118,-26.192582983854326,0.0,118,-55.7250743156773,0.0,120,-33.55311316782404,0.0,118,-33.65384510617538,0.0,120,-41.00457391915553,0.0,0.0,0.0993967063889886,0.0993967063889886,0.0,-373137.8964786209,-373137.8964786209,774.0,774.0,357.828143000359,0.0,416.171856999641,0.0,0.0,774
357.72874629397,0.0,-3577.2874629397,0.0,0.0,0.0,-0.0,0.0,0.37853033242258655,157.53367137499927,799.2,0.0,416.171856999641,1.0,888.0,-369560.6090156812,180,-20.34908413470093,0.0,118,-0.33865787689520976,0.0,118,-26.93503462446325,0.0,120,-19.854152118053392,0.0,118,-31.913070690837614,0.0,120,-43.176202778850325,0.0,0.0,0.0993967063889886,0.0993967063889886,0.0,-373137.8964786209,-373137.8964786209,774.0,774.0,357.828143000359,0.0,416.171856999641,0.0,0.0,774
1132.3517169190347,0.0,-11323.517169190347,358.66634645971794,0.0,0.0,-0.0,0.0,0.37853033242258655,0.0,799.2,0.0,0.0,1.0,888.0,-0.0,180,-49.40923144585574,0.0,118,-38.81206196503732,0.0,118,-53.750602268848525,0.0,120,-14.561491068316926,0.0,118,-0.11195118960668049,0.0,120,-31.007755142600125,0.0,0.0,0.314629540683255,0.314629540683255,0.0,-11323.517169190347,-11323.517169190347,1132.666346459718,1132.666346459718,1132.666346459718,0.0,0.0,358.66634645971794,0.0,774
1132.3517169190347,0.0,-11323.517169190347,358.66634645971794,322.79971181374617,0.0,-0.0,0.007824878477050061,0.37853033242258655,0.0,799.2,0.0,0.0,1.0,888.0,-0.0,180,-0.3456297441830358,0.0,118,-29.086940199002786,0.0,118,-52.68494377680234,0.0,120,-24.890735460847534,0.0,118,-51.62653246329128,0.0,120,-44.07703584395551,0.0,0.0,0.314629540683255,0.314629540683255,0.0,-11323.517169190347,-11323.517169190347,1132.666346459718,1132.666346459718,1132.666346459718,0.0,0.0,358.66634645971794,0.0,774
1132.3517169190347,0.0,-11323.517169190347,362.66634645971794,645.5994236274923,0.0,-0.0,0.015649756954100123,0.37853033242258655,0.0,799.2,0.0,0.0,1.0,888.0,-0.0,180,-3.980018945381305,0.0,118,-21.75977861464545,0.0,118,-11.29283704074701,0.0,118,-38.279714590727124,0.0,118,-4.55263236078051,0.0,118,-12.387385889403426,0.0,0.0,0.314629540683255,0.314629540683255,0.0,-11323.517169190347,-11323.517169190347,1132.666346459718,1132.666346459718,1132.666346459718,0.0,0.0,362.66634645971794,0.0,770
1132.3517169190347,0.0,-11323.517169190347,362.66634645971794,971.9991354412384,0.0,-0.0,0.023561901811777045,0.37853033242258655,0.0,799.2,0.0,0.0,1.0,888.0,-0.0,180,-54.89140035680772,0.0,118,-34.107333970009776,0.0,118,-49.85866290134499,0.0,118,-27.142645701993008,0.0,118,-38.397056596876624,0.0,118,-37.790928018332295,0.0,0.0,0.314629540683255,0.314629540683255,0.0,-11323.517169190347,-11323.517169190347,1132.666346459718,1132.666346459718,1132.666346459718,0.0,0.0,362.66634645971794,0.0,770
1132.3517169190347,0.0,-11323.517169190347,300.66634645971794,1298.3988472549845,0.0,-0.0,0.03147404666945397,0.37853033242258655,0.0,799.2,0.0,0.0,1.0,888.0,-0.0,180,-52.14548040460621,0.0,118,-38.071998234205154,0.0,180,-3.7224266861731836,0.0,118,-20.59975914879848,0.0,118,-52.32167411013447,0.0,118,-16.580311370304727,0.0,0.0,0.314629540683255,0.314629540683255,0.0,-11323.517169190347,-11323.517169190347,1132.666346459718,1132.666346459718,1132.666346459718,0.0,0.0,300.66634645971794,0.0,832
1132.3517169190347,0.0,-11323.517169190347,300.66634645971794,1568.9985590687306,0.0,-0.0,0.03803356262741451,0.37853033242258655,0.0,799.2,0.0,0.0,1.0,888.0,-0.0,180,-22.532468815742924,0.0,118,-27.104879944104468,0.0,180,-43.62440358825208,0.0,118,-2.4108738612425418,0.0,118,-59.12638916705144,0.0,118,-29.557591901523477,0.0,0.0,0.314629540683255,0.314629540683255,0.0,-11323.517169190347,-11323.517169190347,1132.666346459718,1132.666346459718,1132.666346459718,0.0,0.0,300.66634645971794,0.0,832
1807.5304883705353,0.0,-18075.304883705354,976.0327196815579,1839.5982708824768,0.0,-0.0,0.04459307858537505,0.37853033242258655,0.0,799.2,0.0,0.0,1.0,888.0,-0.0,180,-54.30339638417368,0.0,118,-2.917600465448875,0.0,180,-36.155346222798926,0.0,118,-10.934428417607611,0.0,118,-26.180489422576887,0.0,118,-59.578238796400754,0.0,0.0,0.502231311022655,0.502231311022655,0.0,-18075.304883705354,-18075.304883705354,1808.0327196815579,1808.0327196815579,1808.0327196815579,0.0,0.0,976.0327196815579,0.0,832
1807.5304883705353,0.0,-18075.304883705354,976.0327196815579,2718.027718595879,0.0,-0.0,0.06588678929037595,0.37853033242258655,0.0,799.2,0.0,0.0,1.0,888.0,-0.0,180,-23.804525196802285,0.0,118,-35.33668741331202,0.0,180,-26.89826861074973,0.0,118,-16.62245641986715,0.0,118,-26.96117971023274,0.0,118,-56.01166651288957,0.0,0.0,0.502231311022655,0.502231311022655,0.0,-18075.304883705354,-18075.304883705354,1808.0327196815579,1808.0327196815579,1808.0327196815579,0.0,0.0,976.0327196815579,0.0,832
1807.5304883705353,0.0,-18075.304883705354,976.0327196815579,3596.457166309281,0.0,-0.0,0.08718049999537685,0.37853033242258655,0.0,799.2,0.0,0.0,1.0,888.0,-0.0,180,-9.85831856864938,0.0,118,-23.613882767419575,0.0,180,-41.62248033004854,0.0,118,-24.941032570996903,0.0,118,-36.34259090089087,0.0,118,-43.08781467892106,0.0,0.0,0.502231311022655,0.502231311022655,0.0,-18075.304883705354,-18075.304883705354,1808.0327196815579,1808.0327196815579,1808.0327196815579,0.0,0.0,976.0327196815579,0.0,832
1807.5304883705353,0.0,-18075.304883705354,976.0327196815579,4474.886614022683,0.0,-0.0,0.10847421070037774,0.37853033242258655,0.0,799.2,0.0,0.0,1.0,888.0,-0.0,180,-3.2829484806950493,0.0,118,-59.198240525006796,0.0,180,-25.455746151445524,0.0,118,-37.15762202325691,0.0,118,-59.31573346941764,0.0,118,-20.199383903094706,0.0,0.0,0.502231311022655,0.502231311022655,0.0,-18075.304883705354,-18075.304883705354,1808.0327196815579,1808.0327196815579,1808.0327196815579,0.0,0.0,976.0327196815579,0.0,832
1807.5304883705353,0.0,-18075.304883705354,976.0327196815579,5353.3160617360845,0.0,-0.0,0.12976792140537863,0.37853033242258655,0.0,799.2,0.0,0.0,1.0,888.0,-0.0,180,-45.44158661072784,0.0,118,-27.595293099040468,0.0,180,-35.58732563543494,0.0,118,-49.440626729881046,0.0,118,-46.8011506506797,0.0,118,-13.896221013120133,0.0,0.0,0.502231311022655,0.502231311022655,0.0,-18075.304883705354,-18075.304883705354,1808.0327196815579,1808.0327196815579,1808.0327196815579,0.0,0.0,976.0327196815579,0.0,832
1807.5304883705353,0.0,-18075.304883705354,976.0327196815579,6231.745509449486,0.0,-0.0,0.1510616321103795,0.37853033242258655,0.0,799.2,0.0,0.0,1.0,888.0,-0.0,180,-1.9215248883747726,0.0,118,-25.761486358952553,0.0,180,-31.05237004673335,0.0,118,-43.15448553264542,0.0,118,-25.899689336681902,0.0,118,-21.44452522190339,0.0,0.0,0.502231311022655,0.502231311022655,0.0,-18075.304883705354,-18075.304883705354,1808.0327196815579,1808.0327196815579,1808.0327196815579,0.0,0.0,976.0327196815579,0.0,832
2269.0180729747285,0.0,-22690.180729747284,1437.6485308999786,7110.174957162888,0.0,-0.0,0.1723553428153804,0.37853033242258655,0.0,799.2,0.0,0.0,1.0,888.0,-0.0,180,-41.98640624652796,0.0,118,-35.35936871239256,0.0,180,-31.66563337165484,0.0,118,-25.922314196931808,0.0,118,-27.943576364761604,0.0,118,-16.492628011852904,0.0,0.0,0.630457925249994,0.630457925249994,0.0,-22690.180729747284,-22690.180729747284,2269.6485308999786,2269.6485308999786,2269.6485308999786,0.0,0.0,1437.6485308999786,0.0,832
2269.0180729747285,0.0,-22690.180729747284,1437.6485308999786,8404.05863497287,0.0,-0.0,0.20371993879167258,0.37853033242258655,0.0,799.2,0.0,0.0,1.0,888.0,-0.0,180,-42.27233469203878,0.0,118,-52.21863003961256,0.0,180,-8.352542457873152,0.0,118,-47.57818610657456,0.0,118,-37.54676936928698,0.0,118,-21.057609320817047,0.0,0.0,0.630457925249994,0.630457925249994,0.0,-22690.180729747284,-22690.180729747284,2269.6485308999786,2269.6485308999786,2269.6485308999786,0.0,0.0,1437.6485308999786,0.0,832
2269.0180729747285,0.0,-22690.180729747284,1435.6485308999786,9697.94231278285,0.0,-0.0,0.23508453476796476,0.37853033242258655,0.0,799.2,0.0,0.0,1.0,888.0,-0.0,180,-47.020894679456546,0.0,118,-5.562680291594351,0.0,180,-24.34783939559732,0.0,120,-20.033513604918546,0.0,118,-18.733780175146496,0.0,118,-11.927015355938472,0.0,0.0,0.630457925249994,0.630457925249994,0.0,-22690.180729747284,-22690.180729747284,2269.6485308999786,2269.6485308999786,2269.6485308999786,0.0,0.0,1435.6485308999786,0.0,834
2269.0180729747285,0.0,-22690.180729747284,1435.6485308999786,10990.02599059283,0.0,-0.0,0.2664054975539435,0.37853033242258655,0.0,799.2,0.0,0.0,1.0,888.0,-0.0,180,-22.015763466234468,0.0,118,-33.00847960589412,0.0,180,-32.86495597650742,0.0,120,-30.108697161202937,0.0,118,-56.7348781831717,0.0,118,-15.911793952381926,0.0,0.0,0.630457925249994,0.630457925249994,0.0,-22690.180729747284,-22690.180729747284,2269.6485308999786,2269.6485308999786,2269.6485308999786,0.0,0.0,1435.6485308999786,0.0,834
2269.0180729747285,0.0,-22690.180729747284,1437.6485308999786,12282.10966840281,0.0,-0.0,0.2977264603399222,0.37853033242258655,0.0,799.2,0.0,0.0,1.0,888.0,-0.0,180,-24.025729628637507,0.0,118,-10.448983805290307,0.0,180,-23.837235256584126,0.0,118,-30.432665032661404,0.0,118,-34.530592819262736,0.0,118,-17.85978181144021,0.0,0.0,0.630457925249994,0.630457925249994,0.0,-22690.180729747284,-22690.180729747284,2269.6485308999786,2269.6485308999786,2269.6485308999786,0.0,0.0,1437.6485308999786,0.0,832
2269.0180729747285,0.0,-22690.180729747284,1437.6485308999786,13575.993346212792,0.0,-0.0,0.3290910563162144,0.37853033242258655,0.0,799.2,0.0,0.0,1.0,888.0,-0.0,180,-34.82698920444924,0.0,118,-6.856702852301577,0.0,180,-28.113403263354396,0.0,118,-22.241055287953703,0.0,118,-25.451291073502976,0.0,118,-37.76400836413894,0.0,0.0,0.630457925249994,0.630457925249994,0.0,-22690.180729747284,-22690.180729747284,2269.6485308999786,2269.6485308999786,2269.6485308999786,0.0,0.0,1437.6485308999786,0.0,832
2497.9082074135135,0.0,-24979.082074135134,1666.602263597846,14869.877024022773,0.0,-0.0,0.36045565229250653,0.37853033242258655,0.0,799.2,0.0,0.0,1.0,888.0,-0.0,180,-1.7396036612346477,0.0,118,-2.655788542957511,0.0,180,-35.58567915635417,0.0,118,-18.286198982647818,0.0,118,-22.965293348477132,0.0,118,-57.56434246098612,0.0,0.0,0.694056184332735,0.694056184332735,0.0,-24979.082074135134,-24979.082074135134,2498.602263597846,2498.602263597846,2498.602263597846,0.0,0.0,1666.602263597846,0.0,832
2497.9082074135135,0.0,-24979.082074135134,1666.602263597846,16369.819061260834,0.0,-0.0,0.39681523916468703,0.37853033242258655,0.0,799.2,0.0,0.0,1.0,888.0,-0.0,180,-33.29570517582165,0.0,118,-52.791258339593035,0.0,180,-10.634140870368524,0.0,118,-51.930548031363585,0.0,118,-51.42399689456364,0.0,118,-15.736069804286736,0.0,0.0,0.694056184332735,0.694056184332735,0.0,-24979.082074135134,-24979.082074135134,2498.602263597846,2498.602263597846,2498.602263597846,0.0,0.0,1666.602263597846,0.0,832
2497.9082074135135,0.0,-24979.082074135134,1666.602263597846,17869.761098498897,0.0,-0.0,0.4331748260368675,0.37853033242258655,0.0,799.2,0.0,0.0,1.0,888.0,-0.0,180,-46.33015897374513,0.0,118,-55.50799264968209,0.0,180,-9.009854345765886,0.0,118,-50.1001820792953,0.0,118,-25.340381587847865,0.0,118,-27.159098381526597,0.0,0.0,0.694056184332735,0.694056184332735,0.0,-24979.082074135134,-24979.082074135134,2498.602263597846,2498.602263597846,2498.602263597846,0.0,0.0,1666.602263597846,0.0,832
2497.9082074135135,0.0,-24979.082074135134,1666.602263597846,19369.70313573696,0.0,-0.0,0.46953441290904807,0.37853033242258655,0.0,799.2,0.0,0.0,1.0,888.0,-0.0,180,-2.2964064106339666,0.0,118,-17.712514857908836,0.0,180,-8.126848491940732,0.0,118,-21.84873432988988,0.0,118,-4.029535768946211,0.0,118,-25.59532285261536,0.0,0.0,0.694056184332735,0.694056184332735,0.0,-24979.082074135134,-24979.082074135134,2498.602263597846,2498.602263597846,2498.602263597846,0.0,0.0,1666.602263597846,0.0,832
2497.9082074135135,0.0,-24979.082074135134,1666.602263597846,20869.645172975022,0.0,-0.0,0.5058939997812286,0.37853033242258655,0.0,799.2,0.0,0.0,1.0,888.0,-0.0,180,-4.351333679271847,0.0,118,-41.622811525150674,0.0,180,-23.336203920427078,0.0,118,-34.36641690355969,0.0,118,-42.62068526018446,0.0,118,-31.59605261647394,0.0,0.0,0.694056184332735,0.694056184332735,0.0,-24979.082074135134,-24979.082074135134,2498.602263597846,2498.602263597846,2498.602263597846,0.0,0.0,1666.602263597846,0.0,832
2497.9082074135135,0.0,-24979.082074135134,1666.602263597846,22369.587210213085,0.0,-0.0,0.5422535866534091,0.37853033242258655,0.0,799.2,0.0,0.0,1.0,888.0,-0.0,180,-54.333033471095256,0.0,118,-3.6275209070608727,0.0,180,-39.72423331812308,0.0,118,-41.94497463993349,0.0,118,-0.18778277528810783,0.0,118,-7.884228108806635,0.0,0.0,0.694056184332735,0.694056184332735,0.0,-24979.082074135134,-24979.082074135134,2498.602263597846,2498.602263597846,2498.602263597846,0.0,0.0,1666.602263597846,0.0,832
2511.4041957034615,0.0,-25114.041957034613,1680.1020018150766,23869.529247451148,0.0,-0.0,0.5786131735255896,0.37853033242258655,0.0,799.2,0.0,0.0,1.0,888.0,-0.0,180,-58.83815647230289,0.0,118,-45.722898454834365,0.0,180,-0.21592142508779943,0.0,118,-8.568252809352687,0.0,118,-51.76518290370179,0.0,118,-6.674033160407104,0.0,0.0,0.697806111615299,0.697806111615299,0.0,-25114.041957034613,-25114.041957034613,2512.1020018150766,2512.1020018150766,2512.1020018150766,0.0,0.0,1680.1020018150766,0.0,832
2511.4041957034615,0.0,-25114.041957034613,1680.1020018150766,25381.621049084715,0.0,-0.0,0.615267278721177,0.37853033242258655,0.0,799.2,0.0,0.0,1.0,888.0,-0.0,180,-24.742136080308434,0.0,118,-17.136201419741024,0.0,180,-9.806624516969723,0.0,118,-12.286700504676617,0.0,118,-59.76642391240746,0.0,118,-26.81363143284936,0.0,0.0,0.697806111615299,0.697806111615299,0.0,-25114.041957034613,-25114.041957034613,2512.1020018150766,2512.1020018150766,2512.1020018150766,0.0,0.0,1680.1020018150766,0.0,832
2511.4041957034615,0.0,-25114.041957034613,1680.1020018150766,26893.712850718286,0.0,-0.0,0.6519213839167645,0.37853033242258655,0.0,799.2,0.0,0.0,1.0,888.0,-0.0,180,-29.414412834212655,0.0,118,-27.809983933728446,0.0,180,-22.91464032489008,0.0,118,-22.63679031541896,0.0,118,-2.363402500273244,0.0,118,-31.722596000379294,0.0,0.0,0.697806111615299,0.697806111615299,0.0,-25114.041957034613,-25114.041957034613,2512.1020018150766,2512.1020018150766,2512.1020018150766,0.0,0.0,1680.1020018150766,0.0,832
2511.4041957034615,0.0,-25114.041957034613,1680.1020018150766,28405.804652351857,0.0,-0.0,0.688575489112352,0.37853033242258655,0.0,799.2,0.0,0.0,1.0,888.0,-0.0,180,-53.36057352698477,0.0,118,-24.637876732477373,0.0,180,-19.217957338301346,0.0,118,-36.03500152443936,0.0,118,-11.605162061351493,0.0,118,-5.00725641030118,0.0,0.0,0.697806111615299,0.697806111615299,0.0,-25114.041957034613,-25114.041957034613,2512.1020018150766,2512.1020018150766,2512.1020018150766,0.0,0.0,1680.1020018150766,0.0,832
2511.4041957034615,0.0,-25114.041957034613,1680.1020018150766,29917.896453985428,0.0,-0.0,0.7252295943079395,0.37853033242258655,0.0,799.2,0.0,0.0,1.0,888.0,-0.0,180,-54.790213988598296,0.0,118,-23.154041057936393,0.0,180,-14.809850883028556,0.0,118,-12.442568039330075,0.0,118,-4.549905157498799,0.0,118,-43.16331673994626,0.0,0.0,0.697806111615299,0.697806111615299,0.0,-25114.041957034613,-25114.041957034613,2512.1020018150766,2512.1020018150766,2512.1020018150766,0.0,0.0,1680.1020018150766,0.0,832
2511.4041957034615,0.0,-25114.041957034613,1618.1020018150766,31429.988255619,0.0,-0.0,0.761883699503527,0.37853033242258655,0.0,799.2,0.0,0.0,1.0,888.0,-0.0,180,-47.205476081060475,0.0,118,-46.20271834284709,0.0,180,-54.84874324053661,0.0,118,-25.723411680860846,0.0,118,-20.384925187745637,0.0,180,-47.49149360567786,0.0,0.0,0.697806111615299,0.697806111615299,0.0,-25114.041957034613,-25114.041957034613,2512.1020018150766,2512.1020018150766,2512.1020018150766,0.0,0.0,1618.1020018150766,0.0,894
2314.598856746407,0.0,-23145.98856746407,1421.2419795184956,32886.28005725257,0.0,-0.0,0.7971851757993981,0.37853033242258655,0.0,799.2,0.0,0.0,1.0,888.0,-0.0,180,-34.259995767708794,0.0,118,-58.100989953101575,0.0,180,-40.56131486933241,0.0,118,-58.144278909295906,0.0,118,-29.813704606456035,0.0,180,-6.556291097946532,0.0,0.0,0.643122772088471,0.643122772088471,0.0,-23145.98856746407,-23145.98856746407,2315.2419795184956,2315.2419795184956,2315.2419795184956,0.0,0.0,1421.2419795184956,0.0,894
2314.598856746407,0.0,-23145.98856746407,1483.2419795184956,34165.39783881921,0.0,-0.0,0.8281918366862825,0.37853033242258655,0.0,799.2,0.0,0.0,1.0,888.0,-0.0,180,-58.055717982443646,0.0,118,-18.022072537138897,0.0,180,-33.334199567318095,0.0,118,-52.624050773125106,0.0,118,-27.333910822942816,0.0,118,-49.96130818853168,0.0,0.0,0.643122772088471,0.643122772088471,0.0,-23145.98856746407,-23145.98856746407,2315.2419795184956,2315.2419795184956,2315.2419795184956,0.0,0.0,1483.2419795184956,0.0,832
2314.598856746407,0.0,-23145.98856746407,1483.2419795184956,35500.31562038586,0.0,-0.0,0.8605511264728835,0.37853033242258655,0.0,799.2,0.0,0.0,1.0,888.0,-0.0,180,-56.56071191846406,0.0,118,-24.036870196418214,0.0,180,-37.32161086439868,0.0,118,-17.437135412695856,0.0,118,-24.135972239187776,0.0,118,-50.859876999718225,0.0,0.0,0.643122772088471,0.643122772088471,0.0,-23145.98856746407,-23145.98856746407,2315.2419795184956,2315.2419795184956,2315.2419795184956,0.0,0.0,1483.2419795184956,0.0,832
2314.598856746407,0.0,-23145.98856746407,1483.2419795184956,36835.23340195251,0.0,-0.0,0.8929104162594843,0.37853033242258655,0.0,799.2,0.0,0.0,1.0,888.0,-0.0,180,-58.85298102865688,0.0,118,-27.5675118189219,0.0,180,-48.17791672115526,0.0,118,-29.5376578637732,0.0,118,-15.597682870743373,0.0,118,-11.627870628453309,0.0,0.0,0.643122772088471,0.643122772088471,0.0,-23145.98856746407,-23145.98856746407,2315.2419795184956,2315.2419795184956,2315.2419795184956,0.0,0.0,1483.2419795184956,0.0,832
2314.598856746407,0.0,-23145.98856746407,1483.2419795184956,38170.151183519156,0.0,-0.0,0.9252697060460853,0.37853033242258655,0.0,799.2,0.0,0.0,1.0,888.0,-0.0,180,-19.446288641518183,0.0,118,-2.050003395649489,0.0,180,-28.705473952570266,0.0,118,-50.73454288409559,0.0,118,-25.104833435836284,0.0,118,-8.836606209548158,0.0,0.0,0.643122772088471,0.643122772088471,0.0,-23145.98856746407,-23145.98856746407,2315.2419795184956,2315.2419795184956,2315.2419795184956,0.0,0.0,1483.2419795184956,0.0,832
2314.598856746407,0.0,-23145.98856746407,1483.2419795184956,39505.068965085804,0.0,-0.0,0.9576289958326862,0.37853033242258655,0.0,799.2,0.0,0.0,1.0,888.0,-0.0,180,-18.952514864550917,0.0,118,-55.869053212800196,0.0,180,-29.562685322149584,0.0,118,-54.136907830995796,0.0,118,-2.899069319789842,0.0,118,-54.85187732695019,0.0,0.0,0.643122772088471,0.643122772088471,0.0,-23145.98856746407,-23145.98856746407,2315.2419795184956,2315.2419795184956,2315.2419795184956,0.0,0.0,1483.2419795184956,0.0,832
1901.8683597744027,0.0,-19018.683597744028,458.9036148306089,40839.98674665245,0.0,-0.0,0.9899882856192871,0.37853033242258655,0.0,799.2,611.4931885002748,0.0,1.0,888.0,488705.3562494196,180,-32.88483826478127,0.0,118,-50.68945243965346,0.0,180,-59.56550389114466,0.0,118,-14.769972320622616,0.0,118,-51.302286627871304,0.0,118,-4.930702474359478,0.0,0.0,0.528443556480801,0.528443556480801,0.0,469686.6726516756,469686.6726516756,1902.3968033308836,1902.3968033308836,1902.3968033308836,0.0,0.0,1070.3968033308836,0.0,832
1901.8683597744027,0.0,-19018.683597744028,0.0,41253.0,0.0,-0.0,1.0,0.37853033242258655,0.0,799.2,1070.3968033308836,0.0,1.0,888.0,855461.1252220422,180,-28.129158521554675,0.0,118,-10.939670095158956,0.0,180,-59.912011682356905,0.0,118,-31.820212375373625,0.0,118,-27.441985098350774,0.0,118,-29.976812950967354,0.0,0.0,0.528443556480801,0.528443556480801,0.0,836442.4416242982,836442.4416242982,1902.3968033308836,1902.3968033308836,1902.3968033308836,0.0,0.0,1070.3968033308836,0.0,832
1901.8683597744027,0.0,-19018.683597744028,0.0,41253.0,0.0,-0.0,1.0,0.37853033242258655,0.0,799.2,1008.3968033308836,0.0,1.0,888.0,805910.7252220422,180,-5.68577028099207,0.0,180,-44.00115083594318,0.0,180,-28.63047233055348,0.0,118,-7.396689450100888,0.0,118,-15.096948969824917,0.0,118,-8.527543618254159,0.0,0.0,0.528443556480801,0.528443556480801,0.0,786892.0416242982,786892.0416242982,1902.3968033308836,1902.3968033308836,1902.3968033308836,0.0,0.0,1008.3968033308836,0.0,894
1901.8683597744027,0.0,-19018.683597744028,0.0,41253.0,0.0,-0.0,1.0,0.37853033242258655,0.0,799.2,1070.3968033308836,0.0,1.0,888.0,855461.1252220422,180,-8.953524049716675,0.0,118,-33.42834929300438,0.0,180,-10.829564265105454,0.0,118,-7.645160767509989,0.0,118,-35.44800646487028,0.0,118,-42.93741186317244,0.0,0.0,0.528443556480801,0.528443556480801,0.0,836442.4416242982,836442.4416242982,1902.3968033308836,1902.3968033308836,1902.3968033308836,0.0,0.0,1070.3968033308836,0.0,832
1901.8683597744027,0.0,-19018.683597744028,0.0,41253.0,0.0,-0.0,1.0,0.37853033242258655,0.0,799.2,1070.3968033308836,0.0,1.0,888.0,855461.1252220422,180,-45.742763647225125,0.0,118,-23.500328032585625,0.0,180,-46.936180051807,0.0,118,-56.920941124387085,0.0,118,-55.11376453490154,0.0,118,-0.3151802463704878,0.0,0.0,0.528443556480801,0.528443556480801,0.0,836442.4416242982,836442.4416242982,1902.3968033308836,1902.3968033308836,1902.3968033308836,0.0,0.0,1070.3968033308836,0.0,832
1901.8683597744027,0.0,-19018.683597744028,0.0,41253.0,0.0,-0.0,1.0,0.37853033242258655,0.0,799.2,1070.3968033308836,0.0,1.0,888.0,855461.1252220422,180,-53.173286695662846,0.0,118,-26.401355772626594,0.0,180,-46.04303222130625,0.0,118,-3.2905433340740498,0.0,118,-8.192113216071109,0.0,118,-3.235957500282718,0.0,0.0,0.528443556480801,0.528443556480801,0.0,836442.4416242982,836442.4416242982,1902.3968033308836,1902.3968033308836,1902.3968033308836,0.0,0.0,1070.3968033308836,0.0,832
1263.2886563101213,0.0,-12632.886563101212,0.0,41253.0,0.0,-0.0,1.0,0.37853033242258655,0.0,799.2,431.63966732882363,0.0,1.0,888.0,344966.4221291959,180,-9.901636245675267,0.0,118,-35.60601502972248,0.0,180,-50.48116041529888,0.0,118,-26.136556553862647,0.0,118,-27.71481543528261,0.0,118,-48.73492826490696,0.0,0.0,0.351011018702451,0.351011018702451,0.0,332333.5355660947,332333.5355660947,1263.6396673288236,1263.6396673288236,1263.6396673288236,0.0,0.0,431.63966732882363,0.0,832
1263.2886563101213,0.0,-12632.886563101212,0.0,41253.0,0.0,-0.0,1.0,0.37853033242258655,0.0,799.2,431.63966732882363,0.0,1.0,888.0,344966.4221291959,180,-58.639047873494114,0.0,118,-21.080360445068763,0.0,180,-54.262471025767965,0.0,118,-23.05813916077856,0.0,118,-34.3153372737922,0.0,118,-8.365588259794594,0.0,0.0,0.351011018702451,0.351011018702451,0.0,332333.5355660947,332333.5355660947,1263.6396673288236,1263.6396673288236,1263.6396673288236,0.0,0.0,431.63966732882363,0.0,832
1263.2886563101213,0.0,-12632.886563101212,0.0,41253.0,0.0,-0.0,1.0,0.37853033242258655,0.0,799.2,431.63966732882363,0.0,1.0,888.0,344966.4221291959,180,-48.33231871339859,0.0,118,-24.859337682405233,0.0,180,-57.779615317410645,0.0,118,-16.312503738574197,0.0,118,-3.674639018029946,0.0,118,-58.72659818448115,0.0,0.0,0.351011018702451,0.351011018702451,0.0,332333.5355660947,332333.5355660947,1263.6396673288236,1263.6396673288236,1263.6396673288236,0.0,0.0,431.63966732882363,0.0,832
1263.2886563101213,0.0,-12632.886563101212,0.0,41253.0,0.0,-0.0,1.0,0.37853033242258655,0.0,799.2,431.63966732882363,0.0,1.0,888.0,344966.4221291959,180,-15.563405142604616,0.0,118,-55.767251309680375,0.0,180,-32.37806408436725,0.0,118,-34.26809922206356,0.0,118,-20.771756818433175,0.0,118,-13.410572795677144,0.0,0.0,0.351011018702451,0.351011018702451,0.0,332333.5355660947,332333.5355660947,1263.6396673288236,1263.6396673288236,1263.6396673288236,0.0,0.0,431.63966732882363,0.0,832
1263.2886563101213,0.0,-12632.886563101212,0.0,41253.0,0.0,-0.0,1.0,0.37853033242258655,0.0,799.2,431.63966732882363,0.0,1.0,888.0,344966.4221291959,180,-22.621212376298526,0.0,118,-27.903822857534696,0.0,180,-57.87661076047137,0.0,118,-55.150577960357204,0.0,118,-33.42781867244662,0.0,118,-42.07735029245598,0.0,0.0,0.351011018702451,0.351011018702451,0.0,332333.5355660947,332333.5355660947,1263.6396673288236,1263.6396673288236,1263.6396673288236,0.0,0.0,431.63966732882363,0.0,832
1263.2886563101213,0.0,-12632.886563101212,0.0,41253.0,0.0,-0.0,1.0,0.37853033242258655,0.0,799.2,431.63966732882363,0.0,1.0,888.0,344966.4221291959,180,-53.69150356216232,0.0,118,-54.526083342849844,0.0,180,-56.13853195579964,0.0,118,-21.889134986577883,0.0,118,-6.444158560779803,0.0,118,-10.276797661595204,0.0,0.0,0.351011018702451,0.351011018702451,0.0,332333.5355660947,332333.5355660947,1263.6396673288236,1263.6396673288236,1263.6396673288236,0.0,0.0,431.63966732882363,0.0,832
491.0498134588896,0.0,-4910.498134588896,0.0,41253.0,340.81374591497564,-0.0,1.0,0.37853033242258655,0.0,799.2,0.0,0.0,1.0,888.0,-0.0,180,-46.55736388204694,0.0,118,-34.209052186190924,0.0,180,-37.449866214113975,0.0,118,-19.763138852699807,0.0,118,-46.03224460818665,0.0,118,-6.36428758708653,0.0,0.0,0.136440626134729,0.136440626134729,0.0,-4910.498134588896,-4910.498134588896,832.0,832.0,491.18625408502436,0.0,340.81374591497564,0.0,0.0,832
491.0498134588896,0.0,-4910.498134588896,0.0,40874.31806009447,340.81374591497564,-0.0,0.9908204993599125,0.37853033242258655,0.0,799.2,0.0,0.0,1.0,888.0,-0.0,180,-45.02721816994789,0.0,118,-25.93086162775781,0.0,180,-36.47137699409391,0.0,118,-4.895325457670648,0.0,118,-59.63978064931308,0.0,118,-2.8571181592764883,0.0,0.0,0.136440626134729,0.136440626134729,0.0,-4910.498134588896,-4910.498134588896,832.0,832.0,491.18625408502436,0.0,340.81374591497564,0.0,0.0,832
491.0498134588896,0.0,-4910.498134588896,0.0,40495.63612018894,340.81374591497564,-0.0,0.9816409987198249,0.37853033242258655,0.0,799.2,0.0,0.0,1.0,888.0,-0.0,180,-8.597231958955689,0.0,118,-46.3991229600574,0.0,180,-11.827992413586013,0.0,118,-58.24732901611114,0.0,118,-26.3854555882289,0.0,118,-15.62167240144941,0.0,0.0,0.136440626134729,0.136440626134729,0.0,-4910.498134588896,-4910.498134588896,832.0,832.0,491.18625408502436,0.0,340.81374591497564,0.0,0.0,832
491.0498134588896,0.0,-4910.498134588896,0.0,40116.95418028341,340.81374591497564,-0.0,0.9724614980797374,0.37853033242258655,0.0,799.2,0.0,0.0,1.0,888.0,-0.0,180,-56.091930785308136,0.0,118,-38.700183635060306,0.0,180,-18.825728687357767,0.0,118,-58.44437683070511,0.0,118,-33.48913729180007,0.0,118,-6.924021893375696,0.0,0.0,0.136440626134729,0.136440626134729,0.0,-4910.498134588896,-4910.498134588896,832.0,832.0,491.18625408502436,0.0,340.81374591497564,0.0,0.0,832
491.0498134588896,0.0,-4910.498134588896,0.0,39738.272240377875,340.81374591497564,-0.0,0.9632819974396498,0.37853033242258655,0.0,799.2,0.0,0.0,1.0,888.0,-0.0,180,-20.020394985381856,0.0,118,-29.111805164331713,0.0,180,-52.429454976098654,0.0,118,-59.98301178095637,0.0,118,-24.932870527171893,0.0,118,-23.232614688250173,0.0,0.0,0.136440626134729,0.136440626134729,0.0,-4910.498134588896,-4910.498134588896,832.0,832.0,491.18625408502436,0.0,340.81374591497564,0.0,0.0,832
491.0498134588896,0.0,-4910.498134588896,0.0,39359.590300472344,340.81374591497564,-0.0,0.9541024967995623,0.37853033242258655,0.0,799.2,0.0,0.0,1.0,888.0,-0.0,180,-30.749622744003887,0.0,118,-57.79863060271403,0.0,180,-1.8814469416149837,0.0,118,-38.79996445279458,0.0,118,-19.876112748156974,0.0,118,-10.940111414924313,0.0,0.0,0.136440626134729,0.136440626134729,0.0,-4910.498134588896,-4910.498134588896,832.0,832.0,491.18625408502436,0.0,340.81374591497564,0.0,0.0,832
0.0,0.0,-0.0,0.0,38980.90836056681,832.0,-0.0,0.9449229961594747,0.37853033242258655,0.0,799.2,0.0,0.0,1.0,888.0,-0.0,180,-11.316911135068493,0.0,118,-11.240038120096013,0.0,180,-27.301144917344004,0.0,118,-47.63119417236813,0.0,118,-14.909614026167015,0.0,118,-14.099420175219198,0.0,0.0,0.0,0.0,0.0,0.0,0.0,832.0,832.0,0.0,0.0,832.0,0.0,0.0,832
0.0,0.0,-0.0,0.0,38056.46391612237,832.0,-0.0,0.9225138515046752,0.37853033242258655,0.0,799.2,0.0,0.0,1.0,888.0,-0.0,180,-49.74439403220438,0.0,118,-49.44963761703644,0.0,180,-46.54295296386722,0.0,118,-41.00758521510114,0.0,118,-26.485491550463568,0.0,118,-9.61426654774453,0.0,0.0,0.0,0.0,0.0,0.0,0.0,832.0,832.0,0.0,0.0,832.0,0.0,0.0,832
0.0,0.0,-0.0,0.0,37132.01947167792,834.0,-0.0,0.9001047068498758,0.37853033242258655,0.0,799.2,0.0,0.0,1.0,888.0,-0.0,180,-0.5913810843487788,0.0,120,-8.30362481116162,0.0,180,-50.10304391512497,0.0,118,-3.3480167100894964,0.0,118,-51.078369100157,0.0,118,-24.921960695547114,0.0,0.0,0.0,0.0,0.0,0.0,0.0,834.0,834.0,0.0,0.0,834.0,0.0,0.0,834
0.0,0.0,-0.0,0.0,36205.35280501126,834.0,-0.0,0.8776416940588868,0.37853033242258655,0.0,799.2,0.0,0.0,1.0,888.0,-0.0,180,-40.728023827909695,0.0,120,-15.840264852716292,0.0,180,-17.598145289911383,0.0,118,-29.874493775098085,0.0,118,-51.47520685892387,0.0,118,-52.25755510553078,0.0,0.0,0.0,0.0,0.0,0.0,0.0,834.0,834.0,0.0,0.0,834.0,0.0,0.0,834
0.0,0.0,-0.0,0.0,35278.686138344594,834.0,-0.0,0.855178681267898,0.37853033242258655,0.0,799.2,0.0,0.0,1.0,888.0,-0.0,180,-29.02743062536259,0.0,120,-45.94616311728819,0.0,180,-6.336272850426727,0.0,118,-27.939839443933366,0.0,118,-31.841155063448465,0.0,118,-6.648931771232045,0.0,0.0,0.0,0.0,0.0,0.0,0.0,834.0,834.0,0.0,0.0,834.0,0.0,0.0,834
0.0,0.0,-0.0,0.0,34352.01947167793,834.0,-0.0,0.832715668476909,0.37853033242258655,0.0,799.2,0.0,0.0,1.0,888.0,-0.0,180,-25.224075948764284,0.0,120,-34.537346725660576,0.0,180,-46.438789793928144,0.0,118,-26.811111938724668,0.0,118,-13.208323174828202,0.0,118,-46.320449231010834,0.0,0.0,0.0,0.0,0.0,0.0,0.0,834.0,834.0,0.0,0.0,834.0,0.0,0.0,834
0.0,0.0,-0.0,0.0,33425.352805011265,834.0,-0.0,0.8102526556859202,0.37853033242258655,0.0,799.2,0.0,0.0,1.0,888.0,-0.0,180,-31.907249325597544,0.0,120,-28.399895453128842,0.0,180,-40.79400952553998,0.0,118,-13.910654795410366,0.0,118,-41.16410556310954,0.0,118,-47.309242327497145,0.0,0.0,0.0,0.0,0.0,0.0,0.0,834.0,834.0,0.0,0.0,834.0,0.0,0.0,834
0.0,0.0,-0.0,0.0,32498.686138344598,834.0,-0.0,0.7877896428949313,0.37853033242258655,0.0,799.2,0.0,0.0,1.0,888.0,-0.0,180,-54.71296167364673,0.0,120,-8.589792969445952,0.0,180,-35.77704043086669,0.0,118,-40.10468290065759,0.0,118,-57.684151722705444,0.0,118,-12.713932423227574,0.0,0.0,0.0,0.0,0.0,0.0,0.0,834.0,834.0,0.0,0.0,834.0,0.0,0.0,834
0.0,0.0,-0.0,0.0,31572.01947167793,834.0,-0.0,0.7653266301039422,0.37853033242258655,0.0,799.2,0.0,0.0,1.0,888.0,-0.0,180,-12.46275537142451,0.0,120,-55.66442901110484,0.0,180,-1.8514512092712154,0.0,118,-17.41494976665883,0.0,118,-2.4414552326204775,0.0,118,-56.0981036198942,0.0,0.0,0.0,0.0,0.0,0.0,0.0,834.0,834.0,0.0,0.0,834.0,0.0,0.0,834
0.0,0.0,-0.0,0.0,30645.35280501126,834.0,-0.0,0.7428636173129533,0.37853033242258655,0.0,799.2,0.0,0.0,1.0,888.0,-0.0,180,-35.66176184900502,0.0,120,-44.216572525381665,0.0,180,-42.782287528799564,0.0,118,-1.8564756851397601,0.0,118,-21.853193088725813,0.0,118,-16.216680567698976,0.0,0.0,0.0,0.0,0.0,0.0,0.0,834.0,834.0,0.0,0.0,834.0,0.0,0.0,834
0.0,0.0,-0.0,0.0,29718.686138344594,834.0,-0.0,0.7204006045219643,0.37853033242258655,0.0,799.2,0.0,0.0,1.0,888.0,-0.0,180,-53.54350465125889,0.0,120,-3.3396416467005174,0.0,180,-17.852503404668255,0.0,118,-36.53324893918153,0.0,118,-31.102835663822052,0.0,118,-25.79823179536543,0.0,0.0,0.0,0.0,0.0,0.0,0.0,834.0,834.0,0.0,0.0,834.0,0.0,0.0,834
0.0,0.0,-0.0,0.0,28792.019471677926,834.0,-0.0,0.6979375917309754,0.37853033242258655,0.0,799.2,0.0,0.0,1.0,888.0,-0.0,180,-46.80618124787734,0.0,120,-59.89443229712493,0.0,180,-28.253678277489072,0.0,118,-12.978251674687533,0.0,118,-30.511495768568842,0.0,118,-13.610160546917086,0.0,0.0,0.0,0.0,0.0,0.0,0.0,834.0,834.0,0.0,0.0,834.0,0.0,0.0,834
0.0,0.0,-0.0,0.0,27865.352805011258,834.0,-0.0,0.6754745789399864,0.37853033242258655,0.0,799.2,0.0,0.0,1.0,888.0,-0.0,180,-3.242040539388382,0.0,120,-6.383831567150229,0.0,180,-26.379207447435768,0.0,118,-54.961316891608085,0.0,118,-8.556922864158057,0.0,118,-10.687641700592012,0.0,0.0,0.0,0.0,0.0,0.0,0.0,834.0,834.0,0.0,0.0,834.0,0.0,0.0,834
0.0,0.0,-0.0,0.0,26938.68613834459,834.0,-0.0,0.6530115661489975,0.37853033242258655,0.0,799.2,0.0,0.0,1.0,888.0,-0.0,180,-28.51290649747389,0.0,120,-8.262739968958638,0.0,180,-15.28322723224056,0.0,118,-36.008910889006366,0.0,118,-14.396978223380472,0.0,118,-2.9891513765957223,0.0,0.0,0.0,0.0,0.0,0.0,0.0,834.0,834.0,0.0,0.0,834.0,0.0,0.0,834
0.0,0.0,-0.0,0.0,26012.019471677922,834.0,-0.0,0.6305485533580084,0.37853033242258655,0.0,799.2,0.0,0.0,1.0,888.0,-0.0,180,-58.82093007819621,0.0,120,-20.953742626703075,0.0,180,-32.341761936969064,0.0,118,-44.60943390392199,0.0,118,-26.317634101498303,0.0,118,-7.2221003559159875,0.0,0.0,0.0,0.0,0.0,0.0,0.0,834.0,834.0,0.0,0.0,834.0,0.0,0.0,834
0.0,0.0,-0.0,0.0,25085.352805011255,834.0,-0.0,0.6080855405670195,0.37853033242258655,0.0,799.2,0.0,0.0,1.0,888.0,-0.0,180,-52.394004463183485,0.0,120,-21.43010380354085,0.0,180,-24.55758519537254,0.0,118,-26.142934103943514,0.0,118,-39.042444917397795,0.0,118,-1.6281664633924842,0.0,0.0,0.0,0.0,0.0,0.0,0.0,834.0,834.0,0.0,0.0,834.0,0.0,0.0,834
0.0,0.0,-0.0,0.0,24158.686138344587,834.0,-0.0,0.5856225277760305,0.37853033242258655,0.0,799.2,0.0,0.0,1.0,888.0,-0.0,180,-56.7534065243145,0.0,120,-59.82124959234932,0.0,180,-49.090352892308026,0.0,118,-45.02683806242975,0.0,118,-12.10645419832441,0.0,118,-21.144993696694392,0.0,0.0,0.0,0.0,0.0,0.0,0.0,834.0,834.0,0.0,0.0,834.0,0.0,0.0,834
0.0,0.0,-0.0,0.0,23232.01947167792,834.0,-0.0,0.5631595149850416,0.37853033242258655,0.0,799.2,0.0,0.0,1.0,888.0,-0.0,180,-32.4269499875649,0.0,120,-16.488092389355277,0.0,180,-46.28862602285592,0.0,118,-56.46173542942538,0.0,118,-5.8975616831513005,0.0,118,-7.779596146000567,0.0,0.0,0.0,0.0,0.0,0.0,0.0,834.0,834.0,0.0,0.0,834.0,0.0,0.0,834
0.0,0.0,-0.0,0.0,22305.35280501125,834.0,-0.0,0.5406965021940526,0.37853033242258655,0.0,799.2,0.0,0.0,1.0,888.0,-0.0,180,-22.187644287211292,0.0,120,-18.07992504683472,0.0,180,-40.55818124522103,0.0,118,-36.46157396907538,0.0,118,-12.65576633330805,0.0,118,-6.946769869310263,0.0,0.0,0.0,0.0,0.0,0.0,0.0,834.0,834.0,0.0,0.0,834.0,0.0,0.0,834
0.0,0.0,-0.0,0.0,21378.686138344583,834.0,-0.0,0.5182334894030636,0.37853033242258655,0.0,799.2,0.0,0.0,1.0,888.0,-0.0,180,-44.46744370551147,0.0,120,-38.06425156708595,0.0,180,-36.553028586455135,0.0,118,-22.741237405533873,0.0,118,-54.014192688025524,0.0,118,-56.29054689928345,0.0,0.0,0.0,0.0,0.0,0.0,0.0,834.0,834.0,0.0,0.0,834.0,0.0,0.0,834
0.0,0.0,-0.0,0.0,20452.019471677915,834.0,-0.0,0.49577047661207463,0.37853033242258655,0.0,799.2,0.0,0.0,1.0,888.0,-0.0,180,-37.193355379716415,0.0,120,-48.5367617477545,0.0,180,-35.061606396189504,0.0,118,-57.728318728683256,0.0,118,-50.08227640130918,0.0,118,-17.857325641200056,0.0,0.0,0.0,0.0,0.0,0.0,0.0,834.0,834.0,0.0,0.0,834.0,0.0,0.0,834
0.0,0.0,-0.0,0.0,19525.352805011247,834.0,-0.0,0.4733074638210857,0.37853033242258655,0.0,799.2,0.0,0.0,1.0,888.0,-0.0,180,-41.9261650891716,0.0,120,-43.31267692539177,0.0,180,-11.70329753238841,0.0,118,-9.730103250563094,0.0,118,-49.420747740424126,0.0,118,-23.386200882319695,0.0,0.0,0.0,0.0,0.0,0.0,0.0,834.0,834.0,0.0,0.0,834.0,0.0,0.0,834
0.0,0.0,-0.0,0.0,18598.68613834458,834.0,-0.0,0.4508444510300967,0.37853033242258655,0.0,799.2,0.0,0.0,1.0,888.0,-0.0,180,-16.21131344806784,0.0,120,-0.40685760430296813,0.0,180,-8.225326704576606,0.0,118,-4.982633451455147,0.0,118,-34.35869625604576,0.0,118,-7.00566354195018,0.0,0.0,0.0,0.0,0.0,0.0,0.0,834.0,834.0,0.0,0.0,834.0,0.0,0.0,834
0.0,0.0,-0.0,0.0,17672.01947167791,834.0,-0.0,0.42838143823910774,0.37853033242258655,0.0,799.2,0.0,0.0,1.0,888.0,-0.0,180,-3.8408228713927084,0.0,120,-52.011934098936464,0.0,180,-38.69830602735636,0.0,118,-37.78434370183239,0.0,118,-45.29756121928633,0.0,118,-31.038389926702557,0.0,0.0,0.0,0.0,0.0,0.0,0.0,834.0,834.0,0.0,0.0,834.0,0.0,0.0,834
0.0,0.0,-0.0,0.0,16745.352805011244,834.0,-0.0,0.4059184254481188,0.37853033242258655,0.0,799.2,0.0,0.0,1.0,888.0,-0.0,180,-33.19750065088105,0.0,120,-40.19337185319141,0.0,180,-4.436152036230084,0.0,118,-39.828627460851465,0.0,118,-33.85215489636993,0.0,118,-9.877449219021951,0.0,0.0,0.0,0.0,0.0,0.0,0.0,834.0,834.0,0.0,0.0,834.0,0.0,0.0,834
0.0,0.0,-0.0,0.0,15818.686138344578,834.0,-0.0,0.38345541265712985,0.37853033242258655,0.0,799.2,0.0,0.0,1.0,888.0,-0.0,180,-33.70600183129051,0.0,120,-1.353379581722125,0.0,180,-16.798877311083743,0.0,118,-57.18302718239896,0.0,118,-13.493847914682034,0.0,118,-22.068494647711592,0.0,0.0,0.0,0.0,0.0,0.0,0.0,834.0,834.0,0.0,0.0,834.0,0.0,0.0,834
0.0,0.0,-0.0,0.0,14892.019471677911,834.0,-0.0,0.3609923998661409,0.37853033242258655,0.0,799.2,0.0,0.0,1.0,888.0,-0.0,180,-46.670936032182375,0.0,120,-41.02633118195105,0.0,180,-14.950329353392963,0.0,118,-31.414661986709866,0.0,118,-13.42237878307041,0.0,118,-33.87109784191705,0.0,0.0,0.0,0.0,0.0,0.0,0.0,834.0,834.0,0.0,0.0,834.0,0.0,0.0,834
0.0,0.0,-0.0,0.0,13965.352805011245,834.0,-0.0,0.338529387075152,0.37853033242258655,0.0,799.2,0.0,0.0,1.0,888.0,-0.0,180,-11.57629609123283,0.0,120,-48.23949900007891,0.0,180,-12.58149082995947,0.0,118,-41.64357481697513,0.0,118,-0.6484091657667301,0.0,118,-19.396988230920297,0.0,0.0,0.0,0.0,0.0,0.0,0.0,834.0,834.0,0.0,0.0,834.0,0.0,0.0,834
0.0,0.0,-0.0,0.0,13038.68613834458,834.0,-0.0,0.31606637428416307,0.37853033242258655,0.0,799.2,0.0,0.0,1.0,888.0,-0.0,180,-14.071590076635696,0.0,120,-49.326384311126816,0.0,180,-7.191005814088259,0.0,118,-36.71063647355058,0.0,118,-20.12410975225482,0.0,118,-31.141236889138632,0.0,0.0,0.0,0.0,0.0,0.0,0.0,834.0,834.0,0.0,0.0,834.0,0.0,0.0,834
0.0,0.0,-0.0,0.0,12112.019471677913,834.0,-0.0,0.2936033614931742,0.37853033242258655,0.0,799.2,0.0,0.0,1.0,888.0,-0.0,180,-7.008218469998779,0.0,120,-51.03139253856619,0.0,180,-39.51875860125106,0.0,118,-58.60723657878778,0.0,118,-18.0559205734574,0.0,118,-39.821460831618694,0.0,0.0,0.0,0.0,0.0,0.0,0.0,834.0,834.0,0.0,0.0,834.0,0.0,0.0,834
0.0,0.0,-0.0,0.0,11185.352805011247,834.0,-0.0,0.27114034870218523,0.37853033242258655,0.0,799.2,0.0,0.0,1.0,888.0,-0.0,180,-7.5853308477330135,0.0,120,-39.35778168669295,0.0,180,-24.316142323840914,0.0,118,-27.752663918416278,0.0,118,-15.88870065506674,0.0,118,-49.61402063657278,0.0,0.0,0.0,0.0,0.0,0.0,0.0,834.0,834.0,0.0,0.0,834.0,0.0,0.0,834
0.0,0.0,-0.0,0.0,10258.686138344581,834.0,-0.0,0.2486773359111963,0.37853033242258655,0.0,799.2,0.0,0.0,1.0,888.0,-0.0,180,-12.32563734057952,0.0,120,-15.28057266641352,0.0,180,-22.98358785520899,0.0,118,-24.910235823993773,0.0,118,-59.72256961418862,0.0,118,-24.65911396372856,0.0,0.0,0.0,0.0,0.0,0.0,0.0,834.0,834.0,0.0,0.0,834.0,0.0,0.0,834
0.0,0.0,-0.0,0.0,9332.019471677915,772.0,-0.0,0.2262143231202074,0.37853033242258655,0.0,799.2,0.0,0.0,1.0,888.0,-0.0,180,-59.814842758385055,0.0,120,-12.667590713404929,0.0,118,-32.000377962770905,0.0,118,-30.982221056626436,0.0,118,-43.68766672609493,0.0,118,-32.789508226613734,0.0,0.0,0.0,0.0,0.0,0.0,0.0,772.0,772.0,0.0,0.0,772.0,0.0,0.0,772
0.0,0.0,-0.0,0.0,8474.241693900138,772.0,-0.0,0.20542122255109052,0.37853033242258655,0.0,799.2,0.0,0.0,1.0,888.0,-0.0,180,-6.274279542182864,0.0,120,-24.05951446343313,0.0,118,-21.161152328025,0.0,118,-14.847285880605199,0.0,118,-48.588219930115606,0.0,118,-57.25029881835231,0.0,0.0,0.0,0.0,0.0,0.0,0.0,772.0,772.0,0.0,0.0,772.0,0.0,0.0,772
0.0,0.0,-0.0,0.0,7616.46391612236,772.0,-0.0,0.18462812198197368,0.37853033242258655,0.0,799.2,0.0,0.0,1.0,888.0,-0.0,180,-57.19484561003519,0.0,120,-16.813978232148738,0.0,118,-29.797268413845558,0.0,118,-5.953081382363072,0.0,118,-44.16770488372373,0.0,118,-2.951261416423696,0.0,0.0,0.0,0.0,0.0,0.0,0.0,772.0,772.0,0.0,0.0,772.0,0.0,0.0,772
0.0,0.0,-0.0,0.0,6758.686138344583,772.0,-0.0,0.16383502141285683,0.37853033242258655,0.0,799.2,0.0,0.0,1.0,888.0,-0.0,180,-52.55228282145162,0.0,120,-8.07722168696239,0.0,118,-14.646570641570023,0.0,118,-7.694469047697508,0.0,118,-57.814986169701704,0.0,118,-6.781200001700121,0.0,0.0,0.0,0.0,0.0,0.0,0.0,772.0,772.0,0.0,0.0,772.0,0.0,0.0,772
0.0,0.0,-0.0,0.0,5900.908360566806,772.0,-0.0,0.14304192084373998,0.37853033242258655,0.0,799.2,0.0,0.0,1.0,888.0,-0.0,180,-37.3354406321145,0.0,120,-14.896680427451141,0.0,118,-35.780288983795266,0.0,118,-44.131069582960606,0.0,118,-25.905240831896,0.0,118,-6.6176771784581785,0.0,0.0,0.0,0.0,0.0,0.0,0.0,772.0,772.0,0.0,0.0,772.0,0.0,0.0,772
0.0,0.0,-0.0,0.0,5043.130582789028,772.0,-0.0,0.12224882027462314,0.37853033242258655,0.0,799.2,0.0,0.0,1.0,888.0,-0.0,180,-9.443344370511133,0.0,120,-31.695070795689105,0.0,118,-35.76011627032489,0.0,118,-1.7382432372333634,0.0,118,-29.10845676265051,0.0,118,-43.29666559507292,0.0,0.0,0.0,0.0,0.0,0.0,0.0,772.0,772.0,0.0,0.0,772.0,0.0,0.0,772
0.0,0.0,-0.0,0.0,4185.352805011251,772.0,-0.0,0.10145571970550629,0.37853033242258655,0.0,799.2,0.0,0.0,1.0,888.0,-0.0,180,-6.999148473286294,0.0,120,-44.25520283834879,0.0,118,-33.22624924561051,0.0,118,-21.32227020721997,0.0,118,-39.865016738681774,0.0,118,-19.190353941802552,0.0,0.0,0.0,0.0,0.0,0.0,0.0,772.0,772.0,0.0,0.0,772.0,0.0,0.0,772
0.0,0.0,-0.0,0.0,3327.575027233473,772.0,-0.0,0.08066261913638943,0.37853033242258655,0.0,799.2,0.0,0.0,1.0,888.0,-0.0,180,-5.090844427394908,0.0,120,-52.778959554863434,0.0,118,-29.961325523460033,0.0,118,-41.4786595099165,0.0,118,-49.17234138505333,0.0,118,-44.98096021329818,0.0,0.0,0.0,0.0,0.0,0.0,0.0,772.0,772.0,0.0,0.0,772.0,0.0,0.0,772
0.0,0.0,-0.0,0.0,2469.7972494556952,772.0,-0.0,0.059869518567272566,0.37853033242258655,0.0,799.2,0.0,0.0,1.0,888.0,-0.0,180,-24.105604434898083,0.0,120,-21.56350242289653,0.0,118,-28.314229101179347,0.0,118,-2.9854965733744776,0.0,118,-35.8414036482365,0.0,118,-37.221920940774844,0.0,0.0,0.0,0.0,0.0,0.0,0.0,772.0,772.0,0.0,0.0,772.0,0.0,0.0,772
0.0,0.0,-0.0,0.0,1612.0194716779174,772.0,-0.0,0.039076417998155706,0.37853033242258655,0.0,799.2,0.0,0.0,1.0,888.0,-0.0,180,-10.16414041917259,0.0,120,-53.007714752491225,0.0,118,-24.74966049158208,0.0,118,-11.815206276770882,0.0,118,-44.30625135287047,0.0,118,-5.284117747129471,0.0,0.0,0.0,0.0,0.0,0.0,0.0,772.0,772.0,0.0,0.0,772.0,0.0,0.0,772
0.0,0.0,-0.0,0.0,754.2416939001397,678.8175245101257,-0.0,0.01828331742903885,0.37853033242258655,35.27239342314163,799.2,0.0,93.18247548987426,1.0,888.0,-82746.03823500835,180,-0.20272579829828663,0.0,120,-30.388472813030077,0.0,118,-26.61946682341536,0.0,118,-49.14071519135604,0.0,118,-8.7509995704486,0.0,118,-8.981081355213195,0.0,0.0,0.0,0.0,0.0,-82746.03823500835,-82746.03823500835,772.0,772.0,0.0,0.0,772.0,0.0,0.0,772
0.0,0.0,-0.0,0.0,0.0,0.0,-0.0,0.0,0.37853033242258655,292.2254166302368,799.2,0.0,772.0,1.0,888.0,-685536.0,180,-38.67646942784978,0.0,120,-10.453094566952124,0.0,118,-34.93272664810538,0.0,118,-4.054458254665121,0.0,118,-58.82539658482544,0.0,118,-26.819525195498354,0.0,0.0,0.0,0.0,0.0,-685536.0,-685536.0,772.0,772.0,0.0,0.0,772.0,0.0,0.0,772
0.0,0.0,-0.0,0.0,0.0,0.0,-0.0,0.0,0.37853033242258655,292.2254166302368,799.2,0.0,772.0,1.0,888.0,-685536.0,180,-51.39688114906876,0.0,120,-10.509398288535541,0.0,118,-24.1740520842024,0.0,118,-24.40016556445567,0.0,118,-56.57754478152947,0.0,118,-33.772519812252185,0.0,0.0,0.0,0.0,0.0,-685536.0,-685536.0,772.0,772.0,0.0,0.0,772.0,0.0,0.0,772
0.0,0.0,-0.0,0.0,0.0,0.0,-0.0,0.0,0.37853033242258655,292.2254166302368,799.2,0.0,772.0,1.0,888.0,-685536.0,180,-37.67883196269853,0.0,120,-20.123125888055874,0.0,118,-50.60504169628927,0.0,118,-29.742518007491743,0.0,118,-40.93921397739467,0.0,118,-51.199152966224155,0.0,0.0,0.0,0.0,0.0,-685536.0,-685536.0,772.0,772.0,0.0,0.0,772.0,0.0,0.0,772
0.0,0.0,-0.0,0.0,0.0,0.0,-0.0,0.0,0.37853033242258655,292.2254166302368,799.2,0.0,772.0,1.0,888.0,-685536.0,180,-16.24592395672296,0.0,120,-28.661726305931733,0.0,118,-14.56383480566501,0.0,118,-49.51136991746294,0.0,118,-6.978599724526244,0.0,118,-19.93832727656946,0.0,0.0,0.0,0.0,0.0,-685536.0,-685536.0,772.0,772.0,0.0,0.0,772.0,0.0,0.0,772
0.0,0.0,-0.0,0.0,0.0,0.0,-0.0,0.0,0.37853033242258655,292.2254166302368,799.2,0.0,772.0,1.0,888.0,-685536.0,180,-45.513610616255605,0.0,120,-59.96320543686261,0.0,118,-45.26787036106128,0.0,118,-48.083545103085676,0.0,118,-23.984727750727444,0.0,118,-18.554540252394943,0.0,0.0,0.0,0.0,0.0,-685536.0,-685536.0,772.0,772.0,0.0,0.0,772.0,0.0,0.0,772
0.0,0.0,-0.0,0.0,0.0,0.0,-0.0,0.0,0.37853033242258655,292.2254166302368,799.2,0.0,772.0,1.0,888.0,-685536.0,180,-2.0339355965236705,0.0,120,-10.866803268015685,0.0,118,-33.511469372635936,0.0,118,-43.036048465891206,0.0,118,-3.0555860882452923,0.0,118,-12.732527487157784,0.0,0.0,0.0,0.0,0.0,-685536.0,-685536.0,772.0,772.0,0.0,0.0,772.0,0.0,0.0,772
0.0,0.0,-0.0,0.0,0.0,0.0,-0.0,0.0,0.37853033242258655,292.2254166302368,799.2,0.0,772.0,1.0,888.0,-685536.0,180,-2.505680132729433,0.0,120,-42.441360715422576,0.0,118,-21.433531342531737,0.0,118,-53.22584501809694,0.0,118,-24.51310920616475,0.0,118,-42.41129616319298,0.0,0.0,0.0,0.0,0.0,-685536.0,-685536.0,772.0,772.0,0.0,0.0,772.0,0.0,0.0,772
0.0,0.0,-0.0,0.0,0.0,0.0,-0.0,0.0,0.37853033242258655,292.2254166302368,799.2,0.0,772.0,1.0,888.0,-685536.0,180,-52.45565280771692,0.0,120,-2.0161244075877827,0.0,118,-42.167366416693895,0.0,118,-38.844336575564554,0.0,118,-48.829711463465856,0.0,118,-9.558991444411182,0.0,0.0,0.0,0.0,0.0,-685536.0,-685536.0,772.0,772.0,0.0,0.0,772.0,0.0,0.0,772
0.0,0.0,-0.0,0.0,0.0,0.0,-0.0,0.0,0.37853033242258655,292.2254166302368,799.2,0.0,772.0,1.0,888.0,-685536.0,180,-52.255284166239,0.0,120,-26.200153181901904,0.0,118,-29.795824568476036,0.0,118,-0.13812888780007082,0.0,118,-5.230649658444603,0.0,118,-14.997259087324629,0.0,0.0,0.0,0.0,0.0,-685536.0,-685536.0,772.0,772.0,0.0,0.0,772.0,0.0,0.0,772
0.0,0.0,-0.0,0.0,0.0,0.0,-0.0,0.0,0.37853033242258655,292.2254166302368,799.2,0.0,772.0,1.0,888.0,-685536.0,180,-30.900639640715042,0.0,120,-29.8410290607311,0.0,118,-21.190764611034744,0.0,118,-11.613066497173634,0.0,118,-13.012877708989674,0.0,118,-26.84338417605636,0.0,0.0,0.0,0.0,0.0,-685536.0,-685536.0,772.0,772.0,0.0,0.0,772.0,0.0,0.0,772
0.0,0.0,-0.0,0.0,0.0,0.0,-0.0,0.0,0.37853033242258655,292.2254166302368,799.2,0.0,772.0,1.0,888.0,-685536.0,180,-47.632811314399966,0.0,120,-54.92476640095607,0.0,118,-42.79596280960557,0.0,118,-15.253460365640102,0.0,118,-47.476091779559596,0.0,118,-52.87121059007088,0.0,0.0,0.0,0.0,0.0,-685536.0,-685536.0,772.0,772.0,0.0,0.0,772.0,0.0,0.0,772
0.0,0.0,-0.0,0.0,0.0,0.0,-0.0,0.0,0.37853033242258655,292.2254166302368,799.2,0.0,772.0,1.0,888.0,-685536.0,180,-20.67146187905695,0.0,120,-2.6502973493092896,0.0,118,-50.61676262928341,0.0,118,-24.933517734981464,0.0,118,-47.91742377097332,0.0,118,-19.645873747917165,0.0,0.0,0.0,0.0,0.0,-685536.0,-685536.0,772.0,772.0,0.0,0.0,772.0,0.0,0.0,772
0.0,0.0,-0.0,0.0,0.0,0.0,-0.0,0.0,0.37853033242258655,292.2254166302368,799.2,0.0,772.0,1.0,888.0,-685536.0,180,-21.08564403285525,0.0,120,-56.71361911900761,0.0,118,-28.205785699053003,0.0,118,-3.2000719168467318,0.0,118,-46.889970332283944,0.0,118,-38.34759460753566,0.0,0.0,0.0,0.0,0.0,-685536.0,-685536.0,772.0,772.0,0.0,0.0,772.0,0.0,0.0,772
0.0,0.0,-0.0,0.0,0.0,0.0,-0.0,0.0,0.37853033242258655,292.2254166302368,799.2,0.0,772.0,1.0,888.0,-685536.0,180,-18.0025211409626,0.0,120,-51.865366231070105,0.0,118,-51.31958130628653,0.0,118,-46.71290369284849,0.0,118,-52.411505100470514,0.0,118,-37.470692396444235,0.0,0.0,0.0,0.0,0.0,-685536.0,-685536.0,772.0,772.0,0.0,0.0,772.0,0.0,0.0,772
0.0,0.0,-0.0,0.0,0.0,0.0,-0.0,0.0,0.37853033242258655,292.2254166302368,799.2,0.0,772.0,1.0,888.0,-685536.0,180,-25.17219798526933,0.0,120,-3.699374806606457,0.0,118,-6.9909746061380496,0.0,118,-58.792229665619395,0.0,118,-43.50894428162945,0.0,118,-49.00104019105155,0.0,0.0,0.0,0.0,0.0,-685536.0,-685536.0,772.0,772.0,0.0,0.0,772.0,0.0,0.0,772
0.0,0.0,-0.0,0.0,0.0,0.0,-0.0,0.0,0.37853033242258655,292.2254166302368,799.2,0.0,772.0,1.0,888.0,-685536.0,180,-37.72972616745948,0.0,120,-41.45111567040045,0.0,118,-48.28591486684739,0.0,118,-4.7413196248088845,0.0,118,-44.57976185066119,0.0,118,-33.54290263754591,0.0,0.0,0.0,0.0,0.0,-685536.0,-685536.0,772.0,772.0,0.0,0.0,772.0,0.0,0.0,772
0.0,0.0,-0.0,0.0,0.0,0.0,-0.0,0.0,0.37853033242258655,268.75653602003644,799.2,0.0,710.0,1.0,888.0,-630480.0,118,-51.189216298971196,0.0,120,-26.825080665772447,0.0,118,-41.65067550382739,0.0,118,-31.810508197354046,0.0,118,-51.56259034581003,0.0,118,-35.612819870757214,0.0,0.0,0.0,0.0,0.0,-630480.0,-630480.0,710.0,710.0,0.0,0.0,710.0,0.0,0.0,710
0.0,0.0,-0.0,0.0,0.0,0.0,-0.0,0.0,0.37853033242258655,268.75653602003644,799.2,0.0,710.0,1.0,888.0,-630480.0,118,-54.23234163606485,0.0,120,-51.59428150429136,0.0,118,-13.346305678803652,0.0,118,-35.78588595499709,0.0,118,-54.50480959615243,0.0,118,-33.997968893209574,0.0,0.0,0.0,0.0,0.0,-630480.0,-630480.0,710.0,710.0,0.0,0.0,710.0,0.0,0.0,710
0.0,0.0,-0.0,0.0,0.0,0.0,-0.0,0.0,0.37853033242258655,268.75653602003644,799.2,0.0,710.0,1.0,888.0,-630480.0,118,-41.839418864367396,0.0,120,-9.35306544716555,0.0,118,-42.68369436208207,0.0,118,-14.00986398740239,0.0,118,-30.677782661250994,0.0,118,-2.9754143220413276,0.0,0.0,0.0,0.0,0.0,-630480.0,-630480.0,710.0,710.0,0.0,0.0,710.0,0.0,0.0,710
0.0,0.0,-0.0,0.0,0.0,0.0,-0.0,0.0,0.37853033242258655,268.75653602003644,799.2,0.0,710.0,1.0,888.0,-630480.0,118,-38.19615846779945,0.0,120,-14.308430122735398,0.0,118,-19.466585015489,0.0,118,-34.53846294220255,0.0,118,-53.8684324980168,0.0,118,-22.3607388176576,0.0,0.0,0.0,0.0,0.0,-630480.0,-630480.0,710.0,710.0,0.0,0.0,710.0,0.0,0.0,710
0.0,0.0,-0.0,0.0,0.0,0.0,-0.0,0.0,0.37853033242258655,269.51359668488163,799.2,0.0,712.0,1.0,888.0,-632256.0,118,-30.930980235578104,0.0,120,-33.592539964652005,0.0,118,-46.77425647362329,0.0,118,-13.160735091356875,0.0,118,-2.5478567840411737,0.0,120,-9.248766704302033,0.0,0.0,0.0,0.0,0.0,-632256.0,-632256.0,712.0,712.0,0.0,0.0,712.0,0.0,0.0,712
0.0,0.0,-0.0,0.0,0.0,0.0,-0.0,0.0,0.37853033242258655,269.51359668488163,799.2,0.0,712.0,1.0,888.0,-632256.0,118,-35.25659451581649,0.0,120,-48.93859991462365,0.0,118,-1.4606821683851656,0.0,118,-13.132429995027024,0.0,118,-58.9218036724473,0.0,120,-37.76287583518599,0.0,0.0,0.0,0.0,0.0,-632256.0,-632256.0,712.0,712.0,0.0,0.0,712.0,0.0,0.0,712
0.0,0.0,-0.0,0.0,0.0,0.0,-0.0,0.0,0.37853033242258655,269.51359668488163,799.2,0.0,712.0,1.0,888.0,-632256.0,118,-16.862272244349377,0.0,120,-9.492183542057726,0.0,118,-44.57303344811178,0.0,118,-59.74151501966538,0.0,118,-2.7426125333560414,0.0,120,-51.0147038447836,0.0,0.0,0.0,0.0,0.0,-632256.0,-632256.0,712.0,712.0,0.0,0.0,712.0,0.0,0.0,712
0.0,0.0,-0.0,0.0,0.0,0.0,-0.0,0.0,0.37853033242258655,269.51359668488163,799.2,0.0,712.0,1.0,888.0,-632256.0,118,-3.6615153880482154,0.0,120,-57.167975995294974,0.0,118,-48.74636799593751,0.0,118,-48.82333014213356,0.0,118,-19.475581824577496,0.0,120,-17.422813540636078,0.0,0.0,0.0,0.0,0.0,-632256.0,-632256.0,712.0,712.0,0.0,0.0,712.0,0.0,0.0,712
0.0,0.0,-0.0,0.0,0.0,0.0,-0.0,0.0,0.37853033242258655,269.51359668488163,799.2,0.0,712.0,1.0,888.0,-632256.0,118,-49.59874595774894,0.0,120,-41.20518476980183,0.0,118,-14.012672863566113,0.0,118,-23.561557571726972,0.0,118,-2.6979281771160624,0.0,120,-48.6986798707069,0.0,0.0,0.0,0.0,0.0,-632256.0,-632256.0,712.0,712.0,0.0,0.0,712.0,0.0,0.0,712
0.0,0.0,-0.0,0.0,0.0,0.0,-0.0,0.0,0.37853033242258655,269.51359668488163,799.2,0.0,712.0,1.0,888.0,-632256.0,118,-58.397173012285805,0.0,120,-16.05570618704928,0.0,118,-13.70013523431493,0.0,118,-5.815672726579342,0.0,118,-28.44843745954616,0.0,120,-6.769383643222264,0.0,0.0,0.0,0.0,0.0,-632256.0,-632256.0,712.0,712.0,0.0,0.0,712.0,0.0,0.0,712
0.0,0.0,-0.0,0.0,0.0,0.0,-0.0,0.0,0.37853033242258655,269.51359668488163,799.2,0.0,712.0,1.0,888.0,-632256.0,118,-25.65134949071289,0.0,120,-20.22493908450014,0.0,118,-44.374864574060155,0.0,118,-23.841766304260418,0.0,118,-48.06061094634598,0.0,120,-41.49446110748003,0.0,0.0,0.0,0.0,0.0,-632256.0,-632256.0,712.0,712.0,0.0,0.0,712.0,0.0,0.0,712
0.0,0.0,-0.0,0.0,0.0,0.0,-0.0,0.0,0.37853033242258655,269.51359668488163,799.2,0.0,712.0,1.0,888.0,-632256.0,118,-39.51247652154192,0.0,120,-59.65103612454431,0.0,118,-16.36687980252032,0.0,118,-23.084407542502994,0.0,118,-27.557067872504852,0.0,120,-45.302779991875084,0.0,0.0,0.0,0.0,0.0,-632256.0,-632256.0,712.0,712.0,0.0,0.0,712.0,0.0,0.0,712
0.0,0.0,-0.0,0.0,0.0,0.0,-0.0,0.0,0.37853033242258655,269.51359668488163,799.2,0.0,712.0,1.0,888.0,-632256.0,118,-2.6036338100534007,0.0,120,-18.11692028808937,0.0,118,-47.37704854761033,0.0,118,-2.401137164160858,0.0,118,-30.07661642180532,0.0,120,-20.940177493159936,0.0,0.0,0.0,0.0,0.0,-632256.0,-632256.0,712.0,712.0,0.0,0.0,712.0,0.0,0.0,712
0.0,0.0,-0.0,0.0,0.0,0.0,-0.0,0.0,0.37853033242258655,269.51359668488163,799.2,0.0,712.0,1.0,888.0,-632256.0,118,-48.07489994328144,0.0,120,-12.198338660868178,0.0,118,-33.401036418662244,0.0,118,-12.099029202644548,0.0,118,-16.209602096270153,0.0,120,-32.602111239018726,0.0,0.0,0.0,0.0,0.0,-632256.0,-632256.0,712.0,712.0,0.0,0.0,712.0,0.0,0.0,712
0.0,0.0,-0.0,0.0,0.0,0.0,-0.0,0.0,0.37853033242258655,269.51359668488163,799.2,0.0,712.0,1.0,888.0,-632256.0,118,-13.943277875915134,0.0,120,-25.105654487252107,0.0,118,-49.965973044248045,0.0,118,-28.000321700686204,0.0,118,-31.149978784145155,0.0,120,-27.90578198725338,0.0,0.0,0.0,0.0,0.0,-632256.0,-632256.0,712.0,712.0,0.0,0.0,712.0,0.0,0.0,712
0.0,0.0,-0.0,0.0,0.0,0.0,-0.0,0.0,0.37853033242258655,269.51359668488163,799.2,0.0,712.0,1.0,888.0,-632256.0,118,-35.47853720125264,0.0,120,-21.802185010808863,0.0,118,-50.533779289411285,0.0,118,-33.18989858460337,0.0,118,-2.642220737781895,0.0,120,-44.811941514619285,0.0,0.0,0.0,0.0,0.0,-632256.0,-632256.0,712.0,712.0,0.0,0.0,712.0,0.0,0.0,712
0.0,0.0,-0.0,0.0,0.0,0.0,-0.0,0.0,0.37853033242258655,269.51359668488163,799.2,0.0,712.0,1.0,888.0,-632256.0,118,-39.05179355714402,0.0,120,-45.86410284813939,0.0,118,-9.754606094059046,0.0,118,-53.430745758687905,0.0,118,-14.182797307054095,0.0,120,-27.635567215837625,0.0,0.0,0.0,0.0,0.0,-632256.0,-632256.0,712.0,712.0,0.0,0.0,712.0,0.0,0.0,712
0.0,0.0,-0.0,0.0,0.0,0.0,-0.0,0.0,0.37853033242258655,269.51359668488163,799.2,0.0,712.0,1.0,888.0,-632256.0,118,-58.23811569373953,0.0,120,-30.09727460416792,0.0,118,-18.471269610816282,0.0,118,-38.521013126472376,0.0,118,-32.65647501248229,0.0,120,-52.23982229837301,0.0,0.0,0.0,0.0,0.0,-632256.0,-632256.0,712.0,712.0,0.0,0.0,712.0,0.0,0.0,712
0.0,0.0,-0.0,0.0,0.0,0.0,-0.0,0.0,0.37853033242258655,269.51359668488163,799.2,0.0,712.0,1.0,888.0,-632256.0,118,-46.61743589578467,0.0,120,-59.50550104395598,0.0,118,-3.0501520366621704,0.0,118,-37.52178823038986,0.0,118,-9.133114601808616,0.0,120,-13.10873650857393,0.0,0.0,0.0,0.0,0.0,-632256.0,-632256.0,712.0,712.0,0.0,0.0,712.0,0.0,0.0,712
0.0,0.0,-0.0,0.0,0.0,0.0,-0.0,0.0,0.37853033242258655,269.51359668488163,799.2,0.0,712.0,1.0,888.0,-632256.0,118,-31.568570143880596,0.0,120,-57.47523297809346,0.0,118,-4.033960204021816,0.0,118,-7.846876893660393,0.0,118,-30.08329563426695,0.0,120,-26.720199283699703,0.0,0.0,0.0,0.0,0.0,-632256.0,-632256.0,712.0,712.0,0.0,0.0,712.0,0.0,0.0,712
0.0,0.0,-0.0,0.0,0.0,0.0,-0.0,0.0,0.37853033242258655,269.51359668488163,799.2,0.0,712.0,1.0,888.0,-632256.0,118,-19.516958124567985,0.0,120,-41.85251553955991,0.0,118,-0.8784989723953718,0.0,118,-18.98695739141857,0.0,118,-49.83939130773281,0.0,120,-10.291951416769386,0.0,0.0,0.0,0.0,0.0,-632256.0,-632256.0,712.0,712.0,0.0,0.0,712.0,0.0,0.0,712
0.0,0.0,-0.0,0.0,0.0,0.0,-0.0,0.0,0.37853033242258655,269.51359668488163,799.2,0.0,712.0,1.0,888.0,-632256.0,118,-46.52247597059574,0.0,120,-10.940358304344395,0.0,118,-7.213437897563601,0.0,118,-19.179859863374322,0.0,118,-59.455650159515315,0.0,120,-4.9050821282364705,0.0,0.0,0.0,0.0,0.0,-632256.0,-632256.0,712.0,712.0,0.0,0.0,712.0,0.0,0.0,712
0.0,0.0,-0.0,0.0,0.0,0.0,-0.0,0.0,0.37853033242258655,269.51359668488163,799.2,0.0,712.0,1.0,888.0,-632256.0,118,-17.11315385666982,0.0,120,-58.361152326377265,0.0,118,-25.79013174749465,0.0,118,-50.568522540542496,0.0,118,-8.032412340525973,0.0,120,-28.342269370823058,0.0,0.0,0.0,0.0,0.0,-632256.0,-632256.0,712.0,712.0,0.0,0.0,712.0,0.0,0.0,712
0.0,0.0,-0.0,0.0,0.0,0.0,-0.0,0.0,0.37853033242258655,269.51359668488163,799.2,0.0,712.0,1.0,888.0,-632256.0,118,-0.7663035775071347,0.0,120,-35.86581245668612,0.0,118,-32.83779304767326,0.0,118,-9.353516749331508,0.0,118,-55.617157424682134,0.0,120,-23.041031159619,0.0,0.0,0.0,0.0,0.0,-632256.0,-632256.0,712.0,712.0,0.0,0.0,712.0,0.0,0.0,712
0.0,0.0,-0.0,0.0,0.0,0.0,-0.0,0.0,0.37853033242258655,269.51359668488163,799.2,0.0,712.0,1.0,888.0,-632256.0,118,-4.93689617977763,0.0,120,-34.209616250770246,0.0,118,-10.211877355566871,0.0,118,-19.88411660551172,0.0,118,-50.75654542001712,0.0,120,-38.175683277276946,0.0,0.0,0.0,0.0,0.0,-632256.0,-632256.0,712.0,712.0,0.0,0.0,712.0,0.0,0.0,712
360.1729661990086,0.0,-3601.7296619900862,0.0,0.0,0.0,-0.0,0.0,0.37853033242258655,133.13932231706193,799.2,0.0,351.7269579559792,1.0,888.0,-312333.5386649095,118,-25.794057349857628,0.0,120,-3.730490473869381,0.0,118,-40.84895256535422,0.0,118,-45.71224722626508,0.0,118,-45.396113615018,0.0,120,-27.83280534018929,0.0,0.0,0.100075845012228,0.100075845012228,0.0,-315935.26832689956,-315935.26832689956,712.0,712.0,360.2730420440208,0.0,351.7269579559792,0.0,0.0,712
360.1729661990086,0.0,-3601.7296619900862,0.0,0.0,0.0,-0.0,0.0,0.37853033242258655,133.13932231706193,799.2,0.0,351.7269579559792,1.0,888.0,-312333.5386649095,118,-26.052357455605645,0.0,120,-41.163487460045175,0.0,118,-9.068246817308784,0.0,118,-5.872661552891194,0.0,118,-35.3981896789737,0.0,120,-48.31529027145566,0.0,0.0,0.100075845012228,0.100075845012228,0.0,-315935.26832689956,-315935.26832689956,712.0,712.0,360.2730420440208,0.0,351.7269579559792,0.0,0.0,712
360.1729661990086,0.0,-3601.7296619900862,0.0,0.0,0.0,-0.0,0.0,0.37853033242258655,133.8963829819071,799.2,0.0,353.7269579559792,1.0,888.0,-314109.5386649095,118,-56.76566577401777,0.0,120,-59.365245072846065,0.0,118,-7.511094694914162,0.0,120,-10.079934400222486,0.0,118,-44.877745619582,0.0,120,-59.57314681208811,0.0,0.0,0.100075845012228,0.100075845012228,0.0,-317711.26832689956,-317711.26832689956,714.0,714.0,360.2730420440208,0.0,353.7269579559792,0.0,0.0,714
360.1729661990086,0.0,-3601.7296619900862,0.0,0.0,0.0,-0.0,0.0,0.37853033242258655,133.8963829819071,799.2,0.0,353.7269579559792,1.0,888.0,-314109.5386649095,118,-55.21084484671118,0.0,120,-55.073500690526046,0.0,118,-27.248304271235572,0.0,120,-28.143392033231603,0.0,118,-56.20686764320682,0.0,120,-1.407915908088404,0.0,0.0,0.100075845012228,0.100075845012228,0.0,-317711.26832689956,-317711.26832689956,714.0,714.0,360.2730420440208,0.0,353.7269579559792,0.0,0.0,714
360.1729661990086,0.0,-3601.7296619900862,0.0,0.0,0.0,-0.0,0.0,0.37853033242258655,133.8963829819071,799.2,0.0,353.7269579559792,1.0,888.0,-314109.5386649095,118,-36.90937608829857,0.0,120,-8.143886114977956,0.0,118,-39.8875469786945,0.0,120,-18.0104256283998,0.0,118,-29.909298020407228,0.0,120,-59.6696909265358,0.0,0.0,0.100075845012228,0.100075845012228,0.0,-317711.26832689956,-317711.26832689956,714.0,714.0,360.2730420440208,0.0,353.7269579559792,0.0,0.0,714
360.1729661990086,0.0,-3601.7296619900862,0.0,0.0,0.0,-0.0,0.0,0.37853033242258655,133.8963829819071,799.2,0.0,353.7269579559792,1.0,888.0,-314109.5386649095,118,-7.5985920580017074,0.0,120,-59.72487288926493,0.0,118,-25.257898015574504,0.0,120,-53.29212359384016,0.0,118,-31.7121591894735,0.0,120,-48.26877043913585,0.0,0.0,0.100075845012228,0.100075845012228,0.0,-317711.26832689956,-317711.26832689956,714.0,714.0,360.2730420440208,0.0,353.7269579559792,0.0,0.0,714
1141.1605823702846,0.0,-11411.605823702846,427.477659497923,0.0,0.0,-0.0,0.0,0.37853033242258655,0.0,799.2,0.0,0.0,1.0,888.0,-0.0,118,-45.064809188383265,0.0,120,-47.24254292270074,0.0,118,-29.483852525389487,0.0,120,-31.162227916226858,0.0,118,-52.33507187403531,0.0,120,-42.90089271181599,0.0,0.0,0.317077127638312,0.317077127638312,0.0,-11411.605823702846,-11411.605823702846,1141.477659497923,1141.477659497923,1141.477659497923,0.0,0.0,427.477659497923,0.0,714
1141.1605823702846,0.0,-11411.605823702846,429.477659497923,384.72989354813075,0.0,-0.0,0.009326107035806627,0.37853033242258655,0.0,799.2,0.0,0.0,1.0,888.0,-0.0,118,-38.695021954099985,0.0,120,-4.325339466985218,0.0,118,-58.29479829262696,0.0,118,-28.893849607447063,0.0,118,-52.454868282777625,0.0,120,-47.16052640180057,0.0,0.0,0.317077127638312,0.317077127638312,0.0,-11411.605823702846,-11411.605823702846,1141.477659497923,1141.477659497923,1141.477659497923,0.0,0.0,429.477659497923,0.0,712
1141.1605823702846,0.0,-11411.605823702846,429.477659497923,771.2597870962614,0.0,-0.0,0.018695847261926683,0.37853033242258655,0.0,799.2,0.0,0.0,1.0,888.0,-0.0,118,-54.75149491987931,0.0,120,-9.260757035292873,0.0,118,-6.0434060038494675,0.0,118,-17.344071338177535,0.0,118,-41.91559839058015,0.0,120,-51.626991022678915,0.0,0.0,0.317077127638312,0.317077127638312,0.0,-11411.605823702846,-11411.605823702846,1141.477659497923,1141.477659497923,1141.477659497923,0.0,0.0,429.477659497923,0.0,712
1141.1605823702846,0.0,-11411.605823702846,431.477659497923,1157.789680644392,0.0,-0.0,0.028065587488046738,0.37853033242258655,0.0,799.2,0.0,0.0,1.0,888.0,-0.0,118,-40.502528641875834,0.0,118,-25.938034105533145,0.0,118,-14.525512014258425,0.0,118,-38.840924524637664,0.0,118,-22.325103113183584,0.0,120,-15.532050412842409,0.0,0.0,0.317077127638312,0.317077127638312,0.0,-11411.605823702846,-11411.605823702846,1141.477659497923,1141.477659497923,1141.477659497923,0.0,0.0,431.477659497923,0.0,710
1141.1605823702846,0.0,-11411.605823702846,431.477659497923,1546.1195741925228,0.0,-0.0,0.037478960904480225,0.37853033242258655,0.0,799.2,0.0,0.0,1.0,888.0,-0.0,118,-56.3817149175209,0.0,118,-32.785827486243925,0.0,118,-2.3863916240568006,0.0,118,-25.651834568319106,0.0,118,-27.63393661717366,0.0,120,-49.19972586101528,0.0,0.0,0.317077127638312,0.317077127638312,0.0,-11411.605823702846,-11411.605823702846,1141.477659497923,1141.477659497923,1141.477659497923,0.0,0.0,431.477659497923,0.0,710
1141.1605823702846,0.0,-11411.605823702846,431.477659497923,1934.4494677406535,0.0,-0.0,0.04689233432091371,0.37853033242258655,0.0,799.2,0.0,0.0,1.0,888.0,-0.0,118,-27.4852155508185,0.0,118,-35.99244780163978,0.0,118,-16.731883941621728,0.0,118,-28.437936959603935,0.0,118,-48.67231921467715,0.0,120,-58.10244470134308,0.0,0.0,0.317077127638312,0.317077127638312,0.0,-11411.605823702846,-11411.605823702846,1141.477659497923,1141.477659497923,1141.477659497923,0.0,0.0,431.477659497923,0.0,710
1811.372553234554,0.0,-18113.72553234554,1101.8758520823546,2322.7793612887845,0.0,-0.0,0.05630570773734721,0.37853033242258655,0.0,799.2,0.0,0.0,1.0,888.0,-0.0,118,-54.73296477841147,0.0,118,-11.525132006681869,0.0,118,-30.266379316108033,0.0,118,-57.865797488470626,0.0,118,-51.659249547255,0.0,120,-1.3883976689981314,0.0,0.0,0.503298847800654,0.503298847800654,0.0,-18113.72553234554,-18113.72553234554,1811.8758520823546,1811.8758520823546,1811.8758520823546,0.0,0.0,1101.8758520823546,0.0,710
1811.372553234554,0.0,-18113.72553234554,1101.8758520823546,3314.4676281629036,0.0,-0.0,0.08034488711518928,0.37853033242258655,0.0,799.2,0.0,0.0,1.0,888.0,-0.0,118,-37.97495187387388,0.0,118,-56.214852858554366,0.0,118,-30.63690104032505,0.0,118,-7.961432783115288,0.0,118,-45.93165824708246,0.0,120,-29.47485617703731,0.0,0.0,0.503298847800654,0.503298847800654,0.0,-18113.72553234554,-18113.72553234554,1811.8758520823546,1811.8758520823546,1811.8758520823546,0.0,0.0,1101.8758520823546,0.0,710
1811.372553234554,0.0,-18113.72553234554,1101.8758520823546,4306.155895037023,0.0,-0.0,0.10438406649303136,0.37853033242258655,0.0,799.2,0.0,0.0,1.0,888.0,-0.0,118,-51.47060894321679,0.0,118,-53.946486293247254,0.0,118,-58.40805532446984,0.0,118,-21.62343675322862,0.0,118,-25.080093352819762,0.0,120,-15.307557590868651,0.0,0.0,0.503298847800654,0.503298847800654,0.0,-18113.72553234554,-18113.72553234554,1811.8758520823546,1811.8758520823546,1811.8758520823546,0.0,0.0,1101.8758520823546,0.0,710
1811.372553234554,0.0,-18113.72553234554,1101.8758520823546,5297.844161911142,0.0,-0.0,0.12842324587087342,0.37853033242258655,0.0,799.2,0.0,0.0,1.0,888.0,-0.0,118,-30.01369466389362,0.0,118,-37.88035701328112,0.0,118,-20.101091298773092,0.0,118,-40.21088949134987,0.0,118,-48.32227622318366,0.0,120,-6.880321634096385,0.0,0.0,0.503298847800654,0.503298847800654,0.0,-18113.72553234554,-18113.72553234554,1811.8758520823546,1811.8758520823546,1811.8758520823546,0.0,0.0,1101.8758520823546,0.0,710
1811.372553234554,0.0,-18113.72553234554,1101.8758520823546,6289.532428785261,0.0,-0.0,0.1524624252487155,0.37853033242258655,0.0,799.2,0.0,0.0,1.0,888.0,-0.0,118,-51.10490588413334,0.0,118,-39.721193774721115,0.0,118,-26.259259247200106,0.0,118,-2.417303831436597,0.0,118,-48.281409294967304,0.0,120,-42.25074817886467,0.0,0.0,0.503298847800654,0.503298847800654,0.0,-18113.72553234554,-18113.72553234554,1811.8758520823546,1811.8758520823546,1811.8758520823546,0.0,0.0,1101.8758520823546,0.0,710
1811.372553234554,0.0,-18113.72553234554,1103.8758520823546,7281.22069565938,0.0,-0.0,0.1765016046265576,0.37853033242258655,0.0,799.2,0.0,0.0,1.0,888.0,-0.0,118,-4.54701198783142,0.0,118,-16.09954581684751,0.0,118,-58.869801866827245,0.0,118,-46.75520268365163,0.0,118,-34.088314850082064,0.0,118,-22.40303077522234,0.0,0.0,0.503298847800654,0.503298847800654,0.0,-18113.72553234554,-18113.72553234554,1811.8758520823546,1811.8758520823546,1811.8758520823546,0.0,0.0,1103.8758520823546,0.0,708
2266.3623414488725,0.0,-22663.623414488724,1558.9920614659463,8274.7089625335,0.0,-0.0,0.2005844171947131,0.37853033242258655,0.0,799.2,0.0,0.0,1.0,888.0,-0.0,118,-50.93425069448877,0.0,118,-7.830277798384326,0.0,118,-45.20156318636638,0.0,118,-19.760714422127478,0.0,118,-3.3393701784070395,0.0,118,-43.75657151493556,0.0,0.0,0.629720017073874,0.629720017073874,0.0,-22663.623414488724,-22663.623414488724,2266.9920614659463,2266.9920614659463,2266.9920614659463,0.0,0.0,1558.9920614659463,0.0,708
2266.3623414488725,0.0,-22663.623414488724,1558.9920614659463,9677.801817852851,0.0,-0.0,0.23459631585224955,0.37853033242258655,0.0,799.2,0.0,0.0,1.0,888.0,-0.0,118,-2.9034152606037567,0.0,118,-19.160048540276087,0.0,118,-0.9103606782740403,0.0,118,-2.3827248586711636,0.0,118,-17.984245591206037,0.0,118,-17.042617035704247,0.0,0.0,0.629720017073874,0.629720017073874,0.0,-22663.623414488724,-22663.623414488724,2266.9920614659463,2266.9920614659463,2266.9920614659463,0.0,0.0,1558.9920614659463,0.0,708
2266.3623414488725,0.0,-22663.623414488724,1558.9920614659463,11080.894673172203,0.0,-0.0,0.268608214509786,0.37853033242258655,0.0,799.2,0.0,0.0,1.0,888.0,-0.0,118,-22.654828935504042,0.0,118,-28.041384721669132,0.0,118,-27.63137575413959,0.0,118,-24.454896164997248,0.0,118,-3.8474328527057944,0.0,118,-26.121701589287753,0.0,0.0,0.629720017073874,0.629720017073874,0.0,-22663.623414488724,-22663.623414488724,2266.9920614659463,2266.9920614659463,2266.9920614659463,0.0,0.0,1558.9920614659463,0.0,708
2266.3623414488725,0.0,-22663.623414488724,1558.9920614659463,12483.987528491554,0.0,-0.0,0.30262011316732246,0.37853033242258655,0.0,799.2,0.0,0.0,1.0,888.0,-0.0,118,-9.663966616348352,0.0,118,-25.692858963500942,0.0,118,-47.614221589401886,0.0,118,-34.448399744161925,0.0,118,-19.453998872651155,0.0,118,-12.201530622139416,0.0,0.0,0.629720017073874,0.629720017073874,0.0,-22663.623414488724,-22663.623414488724,2266.9920614659463,2266.9920614659463,2266.9920614659463,0.0,0.0,1558.9920614659463,0.0,708
2266.3623414488725,0.0,-22663.623414488724,1558.9920614659463,13887.080383810906,0.0,-0.0,0.33663201182485897,0.37853033242258655,0.0,799.2,0.0,0.0,1.0,888.0,-0.0,118,-29.312833462594895,0.0,118,-24.172435809268748,0.0,118,-49.147059883081,0.0,118,-5.707907897143696,0.0,118,-39.68411385062452,0.0,118,-31.936471038606346,0.0,0.0,0.629720017073874,0.629720017073874,0.0,-22663.623414488724,-22663.623414488724,2266.9920614659463,2266.9920614659463,2266.9920614659463,0.0,0.0,1558.9920614659463,0.0,708
2266.3623414488725,0.0,-22663.623414488724,1558.9920614659463,15290.173239130258,0.0,-0.0,0.3706439104823954,0.37853033242258655,0.0,799.2,0.0,0.0,1.0,888.0,-0.0,118,-4.487467026315846,0.0,118,-50.24234169487885,0.0,118,-7.858013835266499,0.0,118,-36.786293211033616,0.0,118,-1.4781199612741647,0.0,118,-44.83927129474084,0.0,0.0,0.629720017073874,0.629720017073874,0.0,-22663.623414488724,-22663.623414488724,2266.9920614659463,2266.9920614659463,2266.9920614659463,0.0,0.0,1558.9920614659463,0.0,708
2493.603143285088,0.0,-24936.031432850883,1786.296003286001,16693.26609444961,0.0,-0.0,0.4046558091399319,0.37853033242258655,0.0,799.2,0.0,0.0,1.0,888.0,-0.0,118,-43.17148898188304,0.0,118,-17.33428840104277,0.0,118,-19.185804098575176,0.0,118,-3.0840350605182687,0.0,118,-20.40691567155593,0.0,118,-0.3312358424883288,0.0,0.0,0.692860000912778,0.692860000912778,0.0,-24936.031432850883,-24936.031432850883,2494.296003286001,2494.296003286001,2494.296003286001,0.0,0.0,1786.296003286001,0.0,708
2493.603143285088,0.0,-24936.031432850883,1786.296003286001,18300.93249740701,0.0,-0.0,0.4436267058736822,0.37853033242258655,0.0,799.2,0.0,0.0,1.0,888.0,-0.0,118,-18.23771626055196,0.0,118,-32.47357491399937,0.0,118,-17.307000310510542,0.0,118,-25.221971830977665,0.0,118,-42.012730481610596,0.0,118,-26.330692424979524,0.0,0.0,0.692860000912778,0.692860000912778,0.0,-24936.031432850883,-24936.031432850883,2494.296003286001,2494.296003286001,2494.296003286001,0.0,0.0,1786.296003286001,0.0,708
2493.603143285088,0.0,-24936.031432850883,1786.296003286001,19908.598900364414,0.0,-0.0,0.4825976026074325,0.37853033242258655,0.0,799.2,0.0,0.0,1.0,888.0,-0.0,118,-47.353612634410545,0.0,118,-18.179512447073783,0.0,118,-40.21981805962176,0.0,118,-1.2639659653843216,0.0,118,-39.51405361636264,0.0,118,-5.275824541873937,0.0,0.0,0.692860000912778,0.692860000912778,0.0,-24936.031432850883,-24936.031432850883,2494.296003286001,2494.296003286001,2494.296003286001,0.0,0.0,1786.296003286001,0.0,708
2493.603143285088,0.0,-24936.031432850883,1786.296003286001,21516.265303321816,0.0,-0.0,0.5215684993411829,0.37853033242258655,0.0,799.2,0.0,0.0,1.0,888.0,-0.0,118,-37.456195181296394,0.0,118,-58.826668337273134,0.0,118,-44.01990542238127,0.0,118,-16.719368723966422,0.0,118,-31.475729535953512,0.0,118,-16.635954505151446,0.0,0.0,0.692860000912778,0.692860000912778,0.0,-24936.031432850883,-24936.031432850883,2494.296003286001,2494.296003286001,2494.296003286001,0.0,0.0,1786.296003286001,0.0,708
2493.603143285088,0.0,-24936.031432850883,1724.296003286001,23123.931706279218,0.0,-0.0,0.5605393960749332,0.37853033242258655,0.0,799.2,0.0,0.0,1.0,888.0,-0.0,118,-51.57876875016861,0.0,118,-39.22601255640492,0.0,118,-35.275209793909646,0.0,180,-17.389828998522972,0.0,118,-53.30311417847803,0.0,118,-32.041342648482264,0.0,0.0,0.692860000912778,0.692860000912778,0.0,-24936.031432850883,-24936.031432850883,2494.296003286001,2494.296003286001,2494.296003286001,0.0,0.0,1724.296003286001,0.0,770
2493.603143285088,0.0,-24936.031432850883,1724.296003286001,24675.798109236617,0.0,-0.0,0.5981576639089671,0.37853033242258655,0.0,799.2,0.0,0.0,1.0,888.0,-0.0,118,-40.85527915832129,0.0,118,-38.40863847507426,0.0,118,-28.123637710931096,0.0,180,-2.3361929601453113,0.0,118,-36.01088936894025,0.0,118,-23.412908029126868,0.0,0.0,0.692860000912778,0.692860000912778,0.0,-24936.031432850883,-24936.031432850883,2494.296003286001,2494.296003286001,2494.296003286001,0.0,0.0,1724.296003286001,0.0,770
2509.0429318482925,0.0,-25090.429318482926,1801.7400818710344,26227.664512194016,0.0,-0.0,0.635775931743001,0.37853033242258655,0.0,799.2,0.0,0.0,1.0,888.0,-0.0,118,-46.81421826669388,0.0,118,-56.52764737400006,0.0,118,-36.09151544561548,0.0,118,-59.2690794366939,0.0,118,-52.7086951218396,0.0,118,-2.8964822675091417,0.0,0.0,0.697150022741954,0.697150022741954,0.0,-25090.429318482926,-25090.429318482926,2509.7400818710344,2509.7400818710344,2509.7400818710344,0.0,0.0,1801.7400818710344,0.0,708
2509.0429318482925,0.0,-25090.429318482926,1801.7400818710344,27849.230585877947,0.0,-0.0,0.6750837656868094,0.37853033242258655,0.0,799.2,0.0,0.0,1.0,888.0,-0.0,118,-10.156331079185573,0.0,118,-38.529351859448646,0.0,118,-16.801198162682784,0.0,118,-49.02062835663428,0.0,118,-9.14366251600828,0.0,118,-14.589689065827582,0.0,0.0,0.697150022741954,0.697150022741954,0.0,-25090.429318482926,-25090.429318482926,2509.7400818710344,2509.7400818710344,2509.7400818710344,0.0,0.0,1801.7400818710344,0.0,708
2509.0429318482925,0.0,-25090.429318482926,1801.7400818710344,29470.79665956188,0.0,-0.0,0.7143915996306178,0.37853033242258655,0.0,799.2,0.0,0.0,1.0,888.0,-0.0,118,-50.13497079568752,0.0,118,-50.56021180003088,0.0,118,-44.86427056454226,0.0,118,-46.88338192086548,0.0,118,-21.455198906943032,0.0,118,-16.858903219579457,0.0,0.0,0.697150022741954,0.697150022741954,0.0,-25090.429318482926,-25090.429318482926,2509.7400818710344,2509.7400818710344,2509.7400818710344,0.0,0.0,1801.7400818710344,0.0,708
2509.0429318482925,0.0,-25090.429318482926,1801.7400818710344,31092.36273324581,0.0,-0.0,0.7536994335744264,0.37853033242258655,0.0,799.2,0.0,0.0,1.0,888.0,-0.0,118,-33.61666064403671,0.0,118,-37.781371775659736,0.0,118,-40.86792065723228,0.0,118,-31.958921521934663,0.0,118,-45.9158692008287,0.0,118,-45.93915543264023,0.0,0.0,0.697150022741954,0.697150022741954,0.0,-25090.429318482926,-25090.429318482926,2509.7400818710344,2509.7400818710344,2509.7400818710344,0.0,0.0,1801.7400818710344,0.0,708
2509.0429318482925,0.0,-25090.429318482926,1801.7400818710344,32713.92880692974,0.0,-0.0,0.7930072675182348,0.37853033242258655,0.0,799.2,0.0,0.0,1.0,888.0,-0.0,118,-24.293569609762326,0.0,118,-2.7374472303656128,0.0,118,-24.16791109708082,0.0,118,-10.029746331482057,0.0,118,-25.399684929968576,0.0,118,-4.400170295799817,0.0,0.0,0.697150022741954,0.697150022741954,0.0,-25090.429318482926,-25090.429318482926,2509.7400818710344,2509.7400818710344,2509.7400818710344,0.0,0.0,1801.7400818710344,0.0,708
2509.0429318482925,0.0,-25090.429318482926,1739.7400818710344,34335.49488061367,0.0,-0.0,0.8323151014620431,0.37853033242258655,0.0,799.2,0.0,0.0,1.0,888.0,-0.0,180,-16.385753306367825,0.0,118,-29.596775234634904,0.0,118,-38.8361030980081,0.0,118,-15.608176201036114,0.0,118,-42.02216622001781,0.0,118,-53.2593539410516,0.0,0.0,0.697150022741954,0.697150022741954,0.0,-25090.429318482926,-25090.429318482926,2509.7400818710344,2509.7400818710344,2509.7400818710344,0.0,0.0,1739.7400818710344,0.0,770
2313.9123325681044,0.0,-23139.123325681045,1606.5552645860448,35901.2609542976,0.0,-0.0,0.8702703065061352,0.37853033242258655,0.0,799.2,0.0,0.0,1.0,888.0,-0.0,118,-2.543145752376008,0.0,118,-50.68670555981468,0.0,118,-27.854962013642357,0.0,118,-29.413830565938788,0.0,118,-29.556155662304096,0.0,118,-44.42986561242329,0.0,0.0,0.642932017940568,0.642932017940568,0.0,-23139.123325681045,-23139.123325681045,2314.555264586045,2314.555264586045,2314.555264586045,0.0,0.0,1606.5552645860448,0.0,708
2313.9123325681044,0.0,-23139.123325681045,1544.5552645860448,37347.16069242504,0.0,-0.0,0.9053198723104995,0.37853033242258655,0.0,799.2,0.0,0.0,1.0,888.0,-0.0,180,-25.87254773166464,0.0,118,-26.642335098193737,0.0,118,-45.69347367768112,0.0,118,-39.652102593201626,0.0,118,-2.2079115593936582,0.0,118,-8.933082290058536,0.0,0.0,0.642932017940568,0.642932017940568,0.0,-23139.123325681045,-23139.123325681045,2314.555264586045,2314.555264586045,2314.555264586045,0.0,0.0,1544.5552645860448,0.0,770
2313.9123325681044,0.0,-23139.123325681045,1544.5552645860448,38737.26043055248,0.0,-0.0,0.9390168092151475,0.37853033242258655,0.0,799.2,0.0,0.0,1.0,888.0,-0.0,180,-24.14876072216628,0.0,118,-10.690388244933358,0.0,118,-52.350177479670265,0.0,118,-4.018323735357578,0.0,118,-46.27614187960991,0.0,118,-16.899368210882727,0.0,0.0,0.642932017940568,0.642932017940568,0.0,-23139.123325681045,-23139.123325681045,2314.555264586045,2314.555264586045,2314.555264586045,0.0,0.0,1544.5552645860448,0.0,770
2313.9123325681044,0.0,-23139.123325681045,1250.7109236889744,40127.36016867992,0.0,-0.0,0.9727137461197954,0.37853033242258655,0.0,799.2,169.84434089707042,0.0,1.0,888.0,135739.5972449387,180,-25.375718004776516,0.0,118,-53.88337783358654,0.0,180,-25.488551603266366,0.0,180,-12.085276918546148,0.0,118,-0.6075416414583246,0.0,118,-28.329925889358975,0.0,0.0,0.642932017940568,0.642932017940568,0.0,112600.47391925764,112600.47391925764,2314.555264586045,2314.555264586045,2314.555264586045,0.0,0.0,1420.5552645860448,0.0,894
2313.9123325681044,0.0,-23139.123325681045,0.0,41253.0,0.0,-0.0,1.0,0.37853033242258655,0.0,799.2,1482.5552645860448,0.0,1.0,888.0,1184858.167457167,180,-1.3300498631058444,0.0,118,-41.345174468672326,0.0,180,-3.5882317092919847,0.0,118,-58.03162096255006,0.0,118,-20.29734377341417,0.0,118,-9.950040218375227,0.0,0.0,0.642932017940568,0.642932017940568,0.0,1161719.044131486,1161719.044131486,2314.555264586045,2314.555264586045,2314.555264586045,0.0,0.0,1482.5552645860448,0.0,832
2313.9123325681044,0.0,-23139.123325681045,0.0,41253.0,0.0,-0.0,1.0,0.37853033242258655,0.0,799.2,1482.5552645860448,0.0,1.0,888.0,1184858.167457167,180,-23.639116969305242,0.0,118,-35.423971183043165,0.0,180,-42.78819595678332,0.0,118,-23.16199465754994,0.0,118,-19.619737192352552,0.0,118,-26.18400369474272,0.0,0.0,0.642932017940568,0.642932017940568,0.0,1161719.044131486,1161719.044131486,2314.555264586045,2314.555264586045,2314.555264586045,0.0,0.0,1482.5552645860448,0.0,832
1905.073203418303,0.0,-19050.732034183027,0.0,41253.0,0.0,-0.0,1.0,0.37853033242258655,0.0,799.2,1073.6025374564854,0.0,1.0,888.0,858023.1479352232,180,-35.92413499070404,0.0,118,-5.082549075064248,0.0,180,-28.610134588363792,0.0,118,-6.266128109949012,0.0,118,-7.413753003708923,0.0,118,-34.780604872605835,0.0,0.0,0.529334038182357,0.529334038182357,0.0,838972.4159010402,838972.4159010402,1905.6025374564854,1905.6025374564854,1905.6025374564854,0.0,0.0,1073.6025374564854,0.0,832
1905.073203418303,0.0,-19050.732034183027,0.0,41253.0,0.0,-0.0,1.0,0.37853033242258655,0.0,799.2,1073.6025374564854,0.0,1.0,888.0,858023.1479352232,180,-25.537888414669077,0.0,118,-33.9797465939316,0.0,180,-6.998096746733992,0.0,118,-46.40627216421336,0.0,118,-5.455893904319311,0.0,118,-31.48758042626169,0.0,0.0,0.529334038182357,0.529334038182357,0.0,838972.4159010402,838972.4159010402,1905.6025374564854,1905.6025374564854,1905.6025374564854,0.0,0.0,1073.6025374564854,0.0,832
1905.073203418303,0.0,-19050.732034183027,0.0,41253.0,0.0,-0.0,1.0,0.37853033242258655,0.0,799.2,1073.6025374564854,0.0,1.0,888.0,858023.1479352232,180,-46.35388490701732,0.0,118,-19.26936792919289,0.0,180,-29.72485442162497,0.0,118,-47.472792431733616,0.0,118,-3.74558084151418,0.0,118,-10.95402473974611,0.0,0.0,0.529334038182357,0.529334038182357,0.0,838972.4159010402,838972.4159010402,1905.6025374564854,1905.6025374564854,1905.6025374564854,0.0,0.0,1073.6025374564854,0.0,832
1905.073203418303,0.0,-19050.732034183027,0.0,41253.0,0.0,-0.0,1.0,0.37853033242258655,0.0,799.2,1073.6025374564854,0.0,1.0,888.0,858023.1479352232,180,-31.497262617871137,0.0,118,-53.495583566354455,0.0,180,-21.758757262851727,0.0,118,-59.90866062560072,0.0,118,-8.633175187272178,0.0,118,-15.123818436491632,0.0,0.0,0.529334038182357,0.529334038182357,0.0,838972.4159010402,838972.4159010402,1905.6025374564854,1905.6025374564854,1905.6025374564854,0.0,0.0,1073.6025374564854,0.0,832
1905.073203418303,0.0,-19050.732034183027,0.0,41253.0,0.0,-0.0,1.0,0.37853033242258655,0.0,799.2,1073.6025374564854,0.0,1.0,888.0,858023.1479352232,180,-41.13063868713807,0.0,118,-49.400643889174994,0.0,180,-50.358513448733106,0.0,118,-27.92947526485015,0.0,118,-26.571454157092692,0.0,118,-13.584218244008195,0.0,0.0,0.529334038182357,0.529334038182357,0.0,838972.4159010402,838972.4159010402,1905.6025374564854,1905.6025374564854,1905.6025374564854,0.0,0.0,1073.6025374564854,0.0,832
1905.073203418303,0.0,-19050.732034183027,0.0,41253.0,0.0,-0.0,1.0,0.37853033242258655,0.0,799.2,1073.6025374564854,0.0,1.0,888.0,858023.1479352232,180,-12.198658334152494,0.0,118,-30.06293380750398,0.0,180,-22.300638283451114,0.0,118,-23.656315281205543,0.0,118,-44.216192738131,0.0,118,-29.484336735617553,0.0,0.0,0.529334038182357,0.529334038182357,0.0,838972.4159010402,838972.4159010402,1905.6025374564854,1905.6025374564854,1905.6025374564854,0.0,0.0,1073.6025374564854,0.0,832
1270.524067673614,0.0,-12705.240676736139,0.0,41253.0,0.0,-0.0,1.0,0.37853033242258655,0.0,799.2,376.87708908724926,0.0,1.0,888.0,301200.16959852964,180,-14.50924253243988,0.0,180,-47.5814751534181,0.0,180,-2.2355010784026907,0.0,118,-48.71212243738904,0.0,118,-23.127015341276532,0.0,118,-15.215310347944,0.0,0.0,0.353021413635347,0.353021413635347,0.0,288494.9289217935,288494.9289217935,1270.8770890872493,1270.8770890872493,1270.8770890872493,0.0,0.0,376.87708908724926,0.0,894
1270.524067673614,0.0,-12705.240676736139,0.0,41253.0,0.0,-0.0,1.0,0.37853033242258655,0.0,799.2,376.87708908724926,0.0,1.0,888.0,301200.16959852964,180,-17.17535820490152,0.0,180,-29.598571111946224,0.0,180,-39.28943471095354,0.0,118,-20.62165510737618,0.0,118,-39.70973814967317,0.0,118,-57.74417636542217,0.0,0.0,0.353021413635347,0.353021413635347,0.0,288494.9289217935,288494.9289217935,1270.8770890872493,1270.8770890872493,1270.8770890872493,0.0,0.0,376.87708908724926,0.0,894
1270.524067673614,0.0,-12705.240676736139,0.0,41253.0,0.0,-0.0,1.0,0.37853033242258655,0.0,799.2,376.87708908724926,0.0,1.0,888.0,301200.16959852964,180,-6.606649816179924,0.0,180,-57.91218972052515,0.0,180,-31.62397415693482,0.0,118,-38.724348381595625,0.0,118,-49.9492284040142,0.0,118,-39.82809843090757,0.0,0.0,0.353021413635347,0.353021413635347,0.0,288494.9289217935,288494.9289217935,1270.8770890872493,1270.8770890872493,1270.8770890872493,0.0,0.0,376.87708908724926,0.0,894
1270.524067673614,0.0,-12705.240676736139,0.0,41253.0,0.0,-0.0,1.0,0.37853033242258655,0.0,799.2,376.87708908724926,0.0,1.0,888.0,301200.16959852964,180,-36.697378638027594,0.0,180,-55.52781478971459,0.0,180,-8.95942076453993,0.0,118,-34.17135125754507,0.0,118,-36.776357212082445,0.0,118,-59.55433607586011,0.0,0.0,0.353021413635347,0.353021413635347,0.0,288494.9289217935,288494.9289217935,1270.8770890872493,1270.8770890872493,1270.8770890872493,0.0,0.0,376.87708908724926,0.0,894
1270.524067673614,0.0,-12705.240676736139,0.0,41253.0,0.0,-0.0,1.0,0.37853033242258655,0.0,799.2,438.87708908724926,0.0,1.0,888.0,350750.5695985296,180,-36.83802917791739,0.0,180,-26.62658687847293,0.0,118,-35.18162261376973,0.0,118,-55.56152385447343,0.0,118,-3.455404033776961,0.0,118,-1.0769226257677267,0.0,0.0,0.353021413635347,0.353021413635347,0.0,338045.3289217935,338045.3289217935,1270.8770890872493,1270.8770890872493,1270.8770890872493,0.0,0.0,438.87708908724926,0.0,832
1270.524067673614,0.0,-12705.240676736139,0.0,41253.0,0.0,-0.0,1.0,0.37853033242258655,0.0,799.2,376.87708908724926,0.0,1.0,888.0,301200.16959852964,180,-19.66077262962906,0.0,180,-26.148420456430316,0.0,180,-18.711574518493137,0.0,118,-35.0914949527736,0.0,118,-54.97064184486359,0.0,118,-18.389937710759263,0.0,0.0,0.353021413635347,0.353021413635347,0.0,288494.9289217935,288494.9289217935,1270.8770890872493,1270.8770890872493,1270.8770890872493,0.0,0.0,376.87708908724926,0.0,894
497.0769660656585,0.0,-4970.769660656585,0.0,41253.0,458.78491863396204,-0.0,1.0,0.37853033242258655,0.0,799.2,0.0,0.0,1.0,888.0,-0.0,180,-4.463930043251281,0.0,180,-25.990694694447075,0.0,180,-39.53992517571915,0.0,180,-0.03265368720760664,0.0,118,-59.98253946976244,0.0,118,-36.8411651282786,0.0,0.0,0.138115300379455,0.138115300379455,0.0,-4970.769660656585,-4970.769660656585,956.0,956.0,497.21508136603796,0.0,458.78491863396204,0.0,0.0,956
497.0769660656585,0.0,-4970.769660656585,0.0,40743.238979295595,396.78491863396204,-0.0,0.9876430557606863,0.37853033242258655,0.0,799.2,0.0,0.0,1.0,888.0,-0.0,180,-44.32730447428586,0.0,180,-33.8132276189003,0.0,118,-22.385559966999168,0.0,180,-35.96716919244705,0.0,118,-7.887583707988668,0.0,118,-0.20730080951739893,0.0,0.0,0.138115300379455,0.138115300379455,0.0,-4970.769660656585,-4970.769660656585,894.0,894.0,497.21508136603796,0.0,396.78491863396204,0.0,0.0,894
497.0769660656585,0.0,-4970.769660656585,0.0,40302.36684748008,334.78491863396204,-0.0,0.9769560237432449,0.37853033242258655,0.0,799.2,0.0,0.0,1.0,888.0,-0.0,180,-1.9207607400279003,0.0,118,-57.61892880360284,0.0,118,-10.740721030645066,0.0,180,-28.235244267390875,0.0,118,-17.073783133397775,0.0,118,-16.196250772900015,0.0,0.0,0.138115300379455,0.138115300379455,0.0,-4970.769660656585,-4970.769660656585,832.0,832.0,497.21508136603796,0.0,334.78491863396204,0.0,0.0,832
497.0769660656585,0.0,-4970.769660656585,0.0,39930.383604553455,334.78491863396204,-0.0,0.9679389039476755,0.37853033242258655,0.0,799.2,0.0,0.0,1.0,888.0,-0.0,180,-4.981332972146899,0.0,118,-40.415810712726675,0.0,118,-17.737989924104586,0.0,180,-54.76332993420458,0.0,118,-26.426038010823337,0.0,118,-23.29615421718128,0.0,0.0,0.138115300379455,0.138115300379455,0.0,-4970.769660656585,-4970.769660656585,832.0,832.0,497.21508136603796,0.0,334.78491863396204,0.0,0.0,832
497.0769660656585,0.0,-4970.769660656585,0.0,39558.40036162683,334.78491863396204,-0.0,0.958921784152106,0.37853033242258655,0.0,799.2,0.0,0.0,1.0,888.0,-0.0,180,-9.43581973680712,0.0,118,-47.95026594342433,0.0,118,-56.13796222413092,0.0,180,-13.52270110601646,0.0,118,-9.281157869287966,0.0,118,-8.740283687154305,0.0,0.0,0.138115300379455,0.138115300379455,0.0,-4970.769660656585,-4970.769660656585,832.0,832.0,497.21508136603796,0.0,334.78491863396204,0.0,0.0,832
497.0769660656585,0.0,-4970.769660656585,0.0,39186.41711870021,334.78491863396204,-0.0,0.9499046643565366,0.37853033242258655,0.0,799.2,0.0,0.0,1.0,888.0,-0.0,180,-30.519385146367156,0.0,118,-1.8948923253572891,0.0,118,-27.282947579140398,0.0,180,-52.836843589182294,0.0,118,-18.96986186991185,0.0,118,-37.34610893429111,0.0,0.0,0.138115300379455,0.138115300379455,0.0,-4970.769660656585,-4970.769660656585,832.0,832.0,497.21508136603796,0.0,334.78491863396204,0.0,0.0,832
0.0,0.0,-0.0,0.0,38814.43387577358,832.0,-0.0,0.9408875445609672,0.37853033242258655,0.0,799.2,0.0,0.0,1.0,888.0,-0.0,180,-53.98887050277585,0.0,118,-4.236263667232,0.0,118,-39.317508176305914,0.0,180,-50.398094397427485,0.0,118,-1.371588902406995,0.0,118,-13.247882684121407,0.0,0.0,0.0,0.0,0.0,0.0,0.0,832.0,832.0,0.0,0.0,832.0,0.0,0.0,832
0.0,0.0,-0.0,0.0,37889.98943132914,832.0,-0.0,0.9184783999061678,0.37853033242258655,0.0,799.2,0.0,0.0,1.0,888.0,-0.0,180,-1.3934323669874393,0.0,118,-6.051230371264431,0.0,118,-41.553892544997744,0.0,180,-26.779279611269125,0.0,118,-33.072285514027584,0.0,118,-54.16612932385489,0.0,0.0,0.0,0.0,0.0,0.0,0.0,832.0,832.0,0.0,0.0,832.0,0.0,0.0,832
0.0,0.0,-0.0,0.0,36965.54498688469,832.0,-0.0,0.8960692552513682,0.37853033242258655,0.0,799.2,0.0,0.0,1.0,888.0,-0.0,180,-7.731978461407585,0.0,118,-24.26934516261247,0.0,118,-15.18962884942061,0.0,180,-11.97433898144173,0.0,118,-11.020290445885934,0.0,118,-31.74340778969436,0.0,0.0,0.0,0.0,0.0,0.0,0.0,832.0,832.0,0.0,0.0,832.0,0.0,0.0,832
0.0,0.0,-0.0,0.0,36041.10054244025,770.0,-0.0,0.8736601105965687,0.37853033242258655,0.0,799.2,0.0,0.0,1.0,888.0,-0.0,180,-43.93951992781215,0.0,118,-30.472056765179566,0.0,118,-13.389734103750152,0.0,118,-49.097863792892895,0.0,118,-44.11734265571012,0.0,118,-55.58964471104613,0.0,0.0,0.0,0.0,0.0,0.0,0.0,770.0,770.0,0.0,0.0,770.0,0.0,0.0,770
0.0,0.0,-0.0,0.0,35185.54498688469,770.0,-0.0,0.8529208781636413,0.37853033242258655,0.0,799.2,0.0,0.0,1.0,888.0,-0.0,180,-24.927355123132532,0.0,118,-24.652621657523934,0.0,118,-5.236274899357993,0.0,118,-24.737173188124423,0.0,118,-54.191760117867396,0.0,118,-55.66549166639364,0.0,0.0,0.0,0.0,0.0,0.0,0.0,770.0,770.0,0.0,0.0,770.0,0.0,0.0,770
0.0,0.0,-0.0,0.0,34329.98943132914,770.0,-0.0,0.8321816457307138,0.37853033242258655,0.0,799.2,0.0,0.0,1.0,888.0,-0.0,180,-30.578905604675946,0.0,118,-8.301220926155448,0.0,118,-18.040679735065233,0.0,118,-51.35598307264019,0.0,118,-0.16855259931955802,0.0,118,-1.2119791172693684,0.0,0.0,0.0,0.0,0.0,0.0,0.0,770.0,770.0,0.0,0.0,770.0,0.0,0.0,770
0.0,0.0,-0.0,0.0,33474.43387577358,770.0,-0.0,0.8114424132977864,0.37853033242258655,0.0,799.2,0.0,0.0,1.0,888.0,-0.0,180,-2.4802239066767395,0.0,118,-58.3320556768045,0.0,118,-31.90273105851265,0.0,118,-31.901281107407684,0.0,118,-56.76707850103727,0.0,118,-50.60704336808509,0.0,0.0,0.0,0.0,0.0,0.0,0.0,770.0,770.0,0.0,0.0,770.0,0.0,0.0,770
0.0,0.0,-0.0,0.0,32618.878320218028,770.0,-0.0,0.790703180864859,0.37853033242258655,0.0,799.2,0.0,0.0,1.0,888.0,-0.0,180,-1.220716136369191,0.0,118,-37.13390109355595,0.0,118,-36.032106941200375,0.0,118,-46.89518894951179,0.0,118,-3.4538470277476807,0.0,118,-13.615485826198842,0.0,0.0,0.0,0.0,0.0,0.0,0.0,770.0,770.0,0.0,0.0,770.0,0.0,0.0,770
0.0,0.0,-0.0,0.0,31763.322764662473,770.0,-0.0,0.7699639484319316,0.37853033242258655,0.0,799.2,0.0,0.0,1.0,888.0,-0.0,180,-21.259629824564797,0.0,118,-37.731732573017176,0.0,118,-32.185890447061055,0.0,118,-12.465010893088184,0.0,118,-45.568520776408214,0.0,118,-20.832691642195947,0.0,0.0,0.0,0.0,0.0,0.0,0.0,770.0,770.0,0.0,0.0,770.0,0.0,0.0,770
0.0,0.0,-0.0,0.0,30907.767209106918,770.0,-0.0,0.7492247159990042,0.37853033242258655,0.0,799.2,0.0,0.0,1.0,888.0,-0.0,180,-13.055615331561977,0.0,118,-24.109747467969296,0.0,118,-38.620926551917016,0.0,118,-44.601761733498435,0.0,118,-46.105090958885675,0.0,118,-3.564552204030016,0.0,0.0,0.0,0.0,0.0,0.0,0.0,770.0,770.0,0.0,0.0,770.0,0.0,0.0,770
0.0,0.0,-0.0,0.0,30052.211653551363,770.0,-0.0,0.7284854835660767,0.37853033242258655,0.0,799.2,0.0,0.0,1.0,888.0,-0.0,180,-26.915476645375115,0.0,118,-55.60496210618339,0.0,118,-33.21408783509877,0.0,118,-26.07411764516614,0.0,118,-13.964180866619575,0.0,118,-4.389183167818842,0.0,0.0,0.0,0.0,0.0,0.0,0.0,770.0,770.0,0.0,0.0,770.0,0.0,0.0,770
0.0,0.0,-0.0,0.0,29196.65609799581,770.0,-0.0,0.7077462511331493,0.37853033242258655,0.0,799.2,0.0,0.0,1.0,888.0,-0.0,180,-39.757194899883594,0.0,118,-32.08095671057734,0.0,118,-53.22413477769993,0.0,118,-54.81616320550973,0.0,118,-39.275685756372795,0.0,118,-3.0074191711200027,0.0,0.0,0.0,0.0,0.0,0.0,0.0,770.0,770.0,0.0,0.0,770.0,0.0,0.0,770
0.0,0.0,-0.0,0.0,28341.100542440254,770.0,-0.0,0.6870070187002218,0.37853033242258655,0.0,799.2,0.0,0.0,1.0,888.0,-0.0,180,-1.5491808035163612,0.0,118,-6.919832942440298,0.0,118,-2.196588132344237,0.0,118,-9.514390551391806,0.0,118,-17.968987011621806,0.0,118,-38.28904369541459,0.0,0.0,0.0,0.0,0.0,0.0,0.0,770.0,770.0,0.0,0.0,770.0,0.0,0.0,770
0.0,0.0,-0.0,0.0,27485.5449868847,832.0,-0.0,0.6662677862672944,0.37853033242258655,0.0,799.2,0.0,0.0,1.0,888.0,-0.0,180,-16.77573594708757,0.0,180,-35.71499923046835,0.0,118,-54.19151611534505,0.0,118,-51.15898137968631,0.0,118,-27.543535914721396,0.0,118,-56.25408376622682,0.0,0.0,0.0,0.0,0.0,0.0,0.0,832.0,832.0,0.0,0.0,832.0,0.0,0.0,832
0.0,0.0,-0.0,0.0,26561.100542440254,832.0,-0.0,0.643858641612495,0.37853033242258655,0.0,799.2,0.0,0.0,1.0,888.0,-0.0,180,-12.276131290450238,0.0,180,-56.81629237976094,0.0,118,-6.046141241921732,0.0,118,-28.280580760147416,0.0,118,-14.448281666100517,0.0,118,-49.76538710302517,0.0,0.0,0.0,0.0,0.0,0.0,0.0,832.0,832.0,0.0,0.0,832.0,0.0,0.0,832
0.0,0.0,-0.0,0.0,25636.65609799581,832.0,-0.0,0.6214494969576954,0.37853033242258655,0.0,799.2,0.0,0.0,1.0,888.0,-0.0,180,-21.724348285043884,0.0,180,-49.06971404563732,0.0,118,-5.252654693284966,0.0,118,-59.298491159048446,0.0,118,-31.14007430017706,0.0,118,-30.952025379977528,0.0,0.0,0.0,0.0,0.0,0.0,0.0,832.0,832.0,0.0,0.0,832.0,0.0,0.0,832
0.0,0.0,-0.0,0.0,24712.211653551363,832.0,-0.0,0.5990403523028959,0.37853033242258655,0.0,799.2,0.0,0.0,1.0,888.0,-0.0,180,-29.494084145379432,0.0,180,-54.82457699330614,0.0,118,-2.8133679685589263,0.0,118,-59.117587640384706,0.0,118,-22.869465973866426,0.0,118,-2.816463780842966,0.0,0.0,0.0,0.0,0.0,0.0,0.0,832.0,832.0,0.0,0.0,832.0,0.0,0.0,832
0.0,0.0,-0.0,0.0,23787.767209106918,832.0,-0.0,0.5766312076480963,0.37853033242258655,0.0,799.2,0.0,0.0,1.0,888.0,-0.0,180,-43.36346808897523,0.0,180,-19.624690905353745,0.0,118,-33.54679081939297,0.0,118,-29.606817224780723,0.0,118,-54.760016002080945,0.0,118,-38.20134348253391,0.0,0.0,0.0,0.0,0.0,0.0,0.0,832.0,832.0,0.0,0.0,832.0,0.0,0.0,832
0.0,0.0,-0.0,0.0,22863.322764662473,832.0,-0.0,0.5542220629932968,0.37853033242258655,0.0,799.2,0.0,0.0,1.0,888.0,-0.0,180,-1.5028575896717777,0.0,180,-7.454679103643724,0.0,118,-9.259917300613834,0.0,118,-1.398320759537004,0.0,118,-31.926115074707184,0.0,118,-54.86898454584611,0.0,0.0,0.0,0.0,0.0,0.0,0.0,832.0,832.0,0.0,0.0,832.0,0.0,0.0,832
0.0,0.0,-0.0,0.0,21938.878320218028,832.0,-0.0,0.5318129183384973,0.37853033242258655,0.0,799.2,0.0,0.0,1.0,888.0,-0.0,180,-35.52474282003799,0.0,180,-11.669546643000793,0.0,118,-35.11806678798384,0.0,118,-48.98631025990989,0.0,118,-5.609985766479619,0.0,118,-10.385743558056602,0.0,0.0,0.0,0.0,0.0,0.0,0.0,832.0,832.0,0.0,0.0,832.0,0.0,0.0,832
0.0,0.0,-0.0,0.0,21014.433875773582,832.0,-0.0,0.5094037736836977,0.37853033242258655,0.0,799.2,0.0,0.0,1.0,888.0,-0.0,180,-48.02701373616831,0.0,180,-54.483043939069155,0.0,118,-52.01653050789,0.0,118,-48.784897246436664,0.0,118,-30.74318567124146,0.0,118,-3.247740326781734,0.0,0.0,0.0,0.0,0.0,0.0,0.0,832.0,832.0,0.0,0.0,832.0,0.0,0.0,832
0.0,0.0,-0.0,0.0,20089.989431329137,832.0,-0.0,0.4869946290288982,0.37853033242258655,0.0,799.2,0.0,0.0,1.0,888.0,-0.0,180,-40.072109831377446,0.0,180,-57.547462938727584,0.0,118,-26.310570946209044,0.0,118,-39.86082479403959,0.0,118,-42.72930577833805,0.0,118,-5.308214890234089,0.0,0.0,0.0,0.0,0.0,0.0,0.0,832.0,832.0,0.0,0.0,832.0,0.0,0.0,832
0.0,0.0,-0.0,0.0,19165.54498688469,832.0,-0.0,0.46458548437409863,0.37853033242258655,0.0,799.2,0.0,0.0,1.0,888.0,-0.0,180,-6.809410870800692,0.0,180,-41.73371166845308,0.0,118,-4.5108071817192545,0.0,118,-31.09047645077219,0.0,118,-52.19783496908529,0.0,118,-20.675045229349635,0.0,0.0,0.0,0.0,0.0,0.0,0.0,832.0,832.0,0.0,0.0,832.0,0.0,0.0,832
0.0,0.0,-0.0,0.0,18241.100542440246,832.0,-0.0,0.4421763397192991,0.37853033242258655,0.0,799.2,0.0,0.0,1.0,888.0,-0.0,180,-28.846147047165903,0.0,180,-52.887799183431255,0.0,118,-43.339405562362366,0.0,118,-31.387069433623516,0.0,118,-25.991320827449307,0.0,118,-43.01591525600002,0.0,0.0,0.0,0.0,0.0,0.0,0.0,832.0,832.0,0.0,0.0,832.0,0.0,0.0,832
0.0,0.0,-0.0,0.0,17316.6560979958,832.0,-0.0,0.41976719506449955,0.37853033242258655,0.0,799.2,0.0,0.0,1.0,888.0,-0.0,180,-14.469400270631924,0.0,180,-4.191088621797732,0.0,118,-18.92675170014372,0.0,118,-30.608126894120105,0.0,118,-35.48083804547376,0.0,118,-1.9261608016995568,0.0,0.0,0.0,0.0,0.0,0.0,0.0,832.0,832.0,0.0,0.0,832.0,0.0,0.0,832
0.0,0.0,-0.0,0.0,16392.211653551356,832.0,-0.0,0.39735805040970007,0.37853033242258655,0.0,799.2,0.0,0.0,1.0,888.0,-0.0,180,-21.980006249219134,0.0,180,-31.208924799526127,0.0,118,-29.43032335952498,0.0,118,-8.350839920806518,0.0,118,-35.994281976972616,0.0,118,-52.44577105343389,0.0,0.0,0.0,0.0,0.0,0.0,0.0,832.0,832.0,0.0,0.0,832.0,0.0,0.0,832
0.0,0.0,-0.0,0.0,15467.76720910691,832.0,-0.0,0.37494890575490053,0.37853033242258655,0.0,799.2,0.0,0.0,1.0,888.0,-0.0,180,-21.627298413629983,0.0,180,-0.788360484032018,0.0,118,-17.544562462491115,0.0,118,-16.369169853353476,0.0,118,-53.442087521965156,0.0,118,-48.88836986160999,0.0,0.0,0.0,0.0,0.0,0.0,0.0,832.0,832.0,0.0,0.0,832.0,0.0,0.0,832
0.0,0.0,-0.0,0.0,14543.322764662465,832.0,-0.0,0.352539761100101,0.37853033242258655,0.0,799.2,0.0,0.0,1.0,888.0,-0.0,180,-25.57095144183015,0.0,180,-16.156737255715477,0.0,118,-27.318470147154382,0.0,118,-24.96339738494657,0.0,118,-44.33985003242977,0.0,118,-8.33601450701102,0.0,0.0,0.0,0.0,0.0,0.0,0.0,832.0,832.0,0.0,0.0,832.0,0.0,0.0,832
0.0,0.0,-0.0,0.0,13618.87832021802,832.0,-0.0,0.33013061644530145,0.37853033242258655,0.0,799.2,0.0,0.0,1.0,888.0,-0.0,180,-9.283631718679457,0.0,180,-47.45405330258993,0.0,118,-18.322322154886074,0.0,118,-7.1397359760357615,0.0,118,-12.518376948682715,0.0,118,-54.648398332718024,0.0,0.0,0.0,0.0,0.0,0.0,0.0,832.0,832.0,0.0,0.0,832.0,0.0,0.0,832
0.0,0.0,-0.0,0.0,12694.433875773575,832.0,-0.0,0.3077214717905019,0.37853033242258655,0.0,799.2,0.0,0.0,1.0,888.0,-0.0,180,-1.837153677184029,0.0,180,-7.578109465027807,0.0,118,-6.599044813419114,0.0,118,-46.773018928778804,0.0,118,-10.209429910495578,0.0,118,-11.332215875941614,0.0,0.0,0.0,0.0,0.0,0.0,0.0,832.0,832.0,0.0,0.0,832.0,0.0,0.0,832
0.0,0.0,-0.0,0.0,11769.98943132913,832.0,-0.0,0.28531232713570237,0.37853033242258655,0.0,799.2,0.0,0.0,1.0,888.0,-0.0,180,-8.826556311684438,0.0,180,-1.7980002936838924,0.0,118,-56.94934376277269,0.0,118,-55.818671615498474,0.0,118,-47.39962450523119,0.0,118,-28.5801342291594,0.0,0.0,0.0,0.0,0.0,0.0,0.0,832.0,832.0,0.0,0.0,832.0,0.0,0.0,832
0.0,0.0,-0.0,0.0,10845.544986884684,832.0,-0.0,0.26290318248090283,0.37853033242258655,0.0,799.2,0.0,0.0,1.0,888.0,-0.0,180,-18.98005214653289,0.0,180,-18.652788156056417,0.0,118,-44.59329556187593,0.0,118,-25.638884219278356,0.0,118,-4.96607240015174,0.0,118,-10.647197377341012,0.0,0.0,0.0,0.0,0.0,0.0,0.0,832.0,832.0,0.0,0.0,832.0,0.0,0.0,832
0.0,0.0,-0.0,0.0,9921.10054244024,832.0,-0.0,0.2404940378261033,0.37853033242258655,0.0,799.2,0.0,0.0,1.0,888.0,-0.0,180,-40.749929081227684,0.0,180,-50.60607885538015,0.0,118,-23.024792801314813,0.0,118,-56.26187885839309,0.0,118,-51.76292280191742,0.0,118,-26.28262267367284,0.0,0.0,0.0,0.0,0.0,0.0,0.0,832.0,832.0,0.0,0.0,832.0,0.0,0.0,832
0.0,0.0,-0.0,0.0,8996.656097995794,832.0,-0.0,0.21808489317130375,0.37853033242258655,0.0,799.2,0.0,0.0,1.0,888.0,-0.0,180,-47.143875594816585,0.0,180,-56.49877013550076,0.0,118,-39.502670593142824,0.0,118,-31.101522190898223,0.0,118,-57.62261120399014,0.0,118,-58.808174588558536,0.0,0.0,0.0,0.0,0.0,0.0,0.0,832.0,832.0,0.0,0.0,832.0,0.0,0.0,832
0.0,0.0,-0.0,0.0,8072.21165355135,832.0,-0.0,0.19567574851650424,0.37853033242258655,0.0,799.2,0.0,0.0,1.0,888.0,-0.0,180,-19.763993975451115,0.0,180,-43.96794763828118,0.0,118,-52.28440237349941,0.0,118,-10.551283607660347,0.0,118,-23.83956070932992,0.0,118,-18.014625103188592,0.0,0.0,0.0,0.0,0.0,0.0,0.0,832.0,832.0,0.0,0.0,832.0,0.0,0.0,832
0.0,0.0,-0.0,0.0,7147.767209106905,832.0,-0.0,0.17326660386170473,0.37853033242258655,0.0,799.2,0.0,0.0,1.0,888.0,-0.0,180,-28.880905036744444,0.0,180,-12.925001504020038,0.0,118,-45.83740672737562,0.0,118,-28.17555971253317,0.0,118,-9.179032185672057,0.0,118,-25.82045290087527,0.0,0.0,0.0,0.0,0.0,0.0,0.0,832.0,832.0,0.0,0.0,832.0,0.0,0.0,832
0.0,0.0,-0.0,0.0,6223.322764662461,832.0,-0.0,0.15085745920690521,0.37853033242258655,0.0,799.2,0.0,0.0,1.0,888.0,-0.0,180,-35.10624956195018,0.0,180,-31.525707219848897,0.0,118,-0.9136935063135954,0.0,118,-35.46054700763151,0.0,118,-5.624535682530474,0.0,118,-55.97022455584115,0.0,0.0,0.0,0.0,0.0,0.0,0.0,832.0,832.0,0.0,0.0,832.0,0.0,0.0,832
0.0,0.0,-0.0,0.0,5298.878320218017,832.0,-0.0,0.1284483145521057,0.37853033242258655,0.0,799.2,0.0,0.0,1.0,888.0,-0.0,180,-7.1403464812975725,0.0,180,-12.254389922700597,0.0,118,-7.83154024184144,0.0,118,-39.21187565315109,0.0,118,-40.88124056500088,0.0,118,-30.134294302140923,0.0,0.0,0.0,0.0,0.0,0.0,0.0,832.0,832.0,0.0,0.0,832.0,0.0,0.0,832
0.0,0.0,-0.0,0.0,4374.433875773572,832.0,-0.0,0.10603916989730619,0.37853033242258655,0.0,799.2,0.0,0.0,1.0,888.0,-0.0,180,-7.13842963632886,0.0,180,-42.56982387197765,0.0,118,-51.285596478572735,0.0,118,-57.17969640639333,0.0,118,-35.65973698338204,0.0,118,-45.36390058812345,0.0,0.0,0.0,0.0,0.0,0.0,0.0,832.0,832.0,0.0,0.0,832.0,0.0,0.0,832
0.0,0.0,-0.0,0.0,3449.989431329128,832.0,-0.0,0.08363002524250668,0.37853033242258655,0.0,799.2,0.0,0.0,1.0,888.0,-0.0,180,-13.058414338533424,0.0,180,-1.103173721622066,0.0,118,-10.722600876834614,0.0,118,-9.951154652780492,0.0,118,-20.854611055598994,0.0,118,-26.735440811071044,0.0,0.0,0.0,0.0,0.0,0.0,0.0,832.0,832.0,0.0,0.0,832.0,0.0,0.0,832
0.0,0.0,-0.0,0.0,2525.5449868846836,832.0,-0.0,0.06122088058770716,0.37853033242258655,0.0,799.2,0.0,0.0,1.0,888.0,-0.0,180,-6.6512175037910515,0.0,180,-27.427353071716308,0.0,118,-48.7633377249523,0.0,118,-27.62628643770357,0.0,118,-44.509742269705114,0.0,118,-38.725718042080004,0.0,0.0,0.0,0.0,0.0,0.0,0.0,832.0,832.0,0.0,0.0,832.0,0.0,0.0,832
0.0,0.0,-0.0,0.0,1601.1005424402392,832.0,-0.0,0.03881173593290765,0.37853033242258655,0.0,799.2,0.0,0.0,1.0,888.0,-0.0,180,-32.19255711460813,0.0,180,-11.338809684755466,0.0,118,-17.929976878404844,0.0,118,-56.93527969848836,0.0,118,-14.865988893395073,0.0,118,-27.877857237312384,0.0,0.0,0.0,0.0,0.0,0.0,0.0,832.0,832.0,0.0,0.0,832.0,0.0,0.0,832
0.0,0.0,-0.0,0.0,676.6560979957948,608.9904881962153,-0.0,0.01640259127810813,0.37853033242258655,84.41586463648535,799.2,0.0,223.00951180378468,1.0,888.0,-198032.4464817608,180,-9.603307371841009,0.0,180,-21.553150202637006,0.0,118,-31.217401381919395,0.0,118,-43.80576445258446,0.0,118,-4.340924645462052,0.0,118,-12.587090156120382,0.0,0.0,0.0,0.0,0.0,-198032.4464817608,-198032.4464817608,832.0,832.0,0.0,0.0,832.0,0.0,0.0,832
0.0,0.0,-0.0,0.0,0.0,0.0,-0.0,0.0,0.37853033242258655,314.937236575592,799.2,0.0,832.0,1.0,888.0,-738816.0,180,-29.952029981845413,0.0,180,-24.508896922626523,0.0,118,-23.385045848310885,0.0,118,-25.594190227198986,0.0,118,-26.962038981908997,0.0,118,-56.4810124606912,0.0,0.0,0.0,0.0,0.0,-738816.0,-738816.0,832.0,832.0,0.0,0.0,832.0,0.0,0.0,832
0.0,0.0,-0.0,0.0,0.0,0.0,-0.0,0.0,0.37853033242258655,314.937236575592,799.2,0.0,832.0,1.0,888.0,-738816.0,180,-30.264600355494128,0.0,180,-12.66832902800775,0.0,118,-2.9273403371052154,0.0,118,-17.44295095748865,0.0,118,-58.76453998133612,0.0,118,-47.82720292283352,0.0,0.0,0.0,0.0,0.0,-738816.0,-738816.0,832.0,832.0,0.0,0.0,832.0,0.0,0.0,832
0.0,0.0,-0.0,0.0,0.0,0.0,-0.0,0.0,0.37853033242258655,291.46835596539165,799.2,0.0,770.0,1.0,888.0,-683760.0,180,-42.897997988937036,0.0,118,-32.50659103895012,0.0,118,-31.534256121564226,0.0,118,-49.534285789335044,0.0,118,-54.265174425894955,0.0,118,-42.4868515206285,0.0,0.0,0.0,0.0,0.0,-683760.0,-683760.0,770.0,770.0,0.0,0.0,770.0,0.0,0.0,770
0.0,0.0,-0.0,0.0,0.0,0.0,-0.0,0.0,0.37853033242258655,291.46835596539165,799.2,0.0,770.0,1.0,888.0,-683760.0,180,-11.883541733317548,0.0,118,-42.10582848567964,0.0,118,-48.87797314917567,0.0,118,-55.251947403669284,0.0,118,-29.097618392764254,0.0,118,-18.67149044694128,0.0,0.0,0.0,0.0,0.0,-683760.0,-683760.0,770.0,770.0,0.0,0.0,770.0,0.0,0.0,770
0.0,0.0,-0.0,0.0,0.0,0.0,-0.0,0.0,0.37853033242258655,268.75653602003644,799.2,0.0,710.0,1.0,888.0,-630480.0,118,-1.544035463345017,0.0,118,-7.415585186954949,0.0,118,-21.280065794678986,0.0,118,-39.00682937817642,0.0,118,-31.848323211885045,0.0,120,-11.780795502804883,0.0,0.0,0.0,0.0,0.0,-630480.0,-630480.0,710.0,710.0,0.0,0.0,710.0,0.0,0.0,710
0.0,0.0,-0.0,0.0,0.0,0.0,-0.0,0.0,0.37853033242258655,268.75653602003644,799.2,0.0,710.0,1.0,888.0,-630480.0,118,-41.545952674941155,0.0,118,-8.53347522303908,0.0,118,-6.17419156964506,0.0,118,-12.408160140934372,0.0,118,-32.54999816059171,0.0,120,-58.07223241257786,0.0,0.0,0.0,0.0,0.0,-630480.0,-630480.0,710.0,710.0,0.0,0.0,710.0,0.0,0.0,710
0.0,0.0,-0.0,0.0,0.0,0.0,-0.0,0.0,0.37853033242258655,268.75653602003644,799.2,0.0,710.0,1.0,888.0,-630480.0,118,-44.52640334158565,0.0,118,-16.75201872752136,0.0,118,-35.477476857005755,0.0,118,-30.937478504393212,0.0,118,-55.94365657696981,0.0,120,-16.10546860583787,0.0,0.0,0.0,0.0,0.0,-630480.0,-630480.0,710.0,710.0,0.0,0.0,710.0,0.0,0.0,710
0.0,0.0,-0.0,0.0,0.0,0.0,-0.0,0.0,0.37853033242258655,268.75653602003644,799.2,0.0,710.0,1.0,888.0,-630480.0,118,-6.973890250628861,0.0,118,-19.216851686960286,0.0,118,-7.421281858504198,0.0,118,-31.287595649909253,0.0,118,-40.93208209919599,0.0,120,-11.531377765099863,0.0,0.0,0.0,0.0,0.0,-630480.0,-630480.0,710.0,710.0,0.0,0.0,710.0,0.0,0.0,710
0.0,0.0,-0.0,0.0,0.0,0.0,-0.0,0.0,0.37853033242258655,268.75653602003644,799.2,0.0,710.0,1.0,888.0,-630480.0,118,-50.001266617381525,0.0,118,-28.523877740854275,0.0,118,-41.44908662564191,0.0,118,-39.27621464371412,0.0,118,-45.86216058820156,0.0,120,-50.511150518313656,0.0,0.0,0.0,0.0,0.0,-630480.0,-630480.0,710.0,710.0,0.0,0.0,710.0,0.0,0.0,710
0.0,0.0,-0.0,0.0,0.0,0.0,-0.0,0.0,0.37853033242258655,268.75653602003644,799.2,0.0,710.0,1.0,888.0,-630480.0,118,-2.5320792975896356,0.0,118,-1.229344709196325,0.0,118,-24.003448663687582,0.0,118,-11.414529166207828,0.0,118,-56.657277351344604,0.0,120,-51.43637494972604,0.0,0.0,0.0,0.0,0.0,-630480.0,-630480.0,710.0,710.0,0.0,0.0,710.0,0.0,0.0,710
0.0,0.0,-0.0,0.0,0.0,0.0,-0.0,0.0,0.37853033242258655,268.75653602003644,799.2,0.0,710.0,1.0,888.0,-630480.0,118,-0.271845015730372,0.0,118,-42.02482806631535,0.0,118,-50.001079023766465,0.0,118,-30.39877744404826,0.0,118,-41.13875916529571,0.0,120,-6.13308520617524,0.0,0.0,0.0,0.0,0.0,-630480.0,-630480.0,710.0,710.0,0.0,0.0,710.0,0.0,0.0,710
0.0,0.0,-0.0,0.0,0.0,0.0,-0.0,0.0,0.37853033242258655,268.75653602003644,799.2,0.0,710.0,1.0,888.0,-630480.0,118,-18.888628994798477,0.0,118,-12.630533123514809,0.0,118,-10.15984808137542,0.0,118,-7.559859186303677,0.0,118,-58.68766506148825,0.0,120,-46.67796547276928,0.0,0.0,0.0,0.0,0.0,-630480.0,-630480.0,710.0,710.0,0.0,0.0,710.0,0.0,0.0,710
0.0,0.0,-0.0,0.0,0.0,0.0,-0.0,0.0,0.37853033242258655,268.75653602003644,799.2,0.0,710.0,1.0,888.0,-630480.0,118,-24.139025610328872,0.0,118,-39.43764758325668,0.0,118,-48.34857053467333,0.0,118,-21.52957354894439,0.0,118,-37.433175209372216,0.0,120,-48.751526781971464,0.0,0.0,0.0,0.0,0.0,-630480.0,-630480.0,710.0,710.0,0.0,0.0,710.0,0.0,0.0,710
0.0,0.0,-0.0,0.0,0.0,0.0,-0.0,0.0,0.37853033242258655,268.75653602003644,799.2,0.0,710.0,1.0,888.0,-630480.0,118,-43.41912841829303,0.0,118,-45.69672091160315,0.0,118,-49.061038017551695,0.0,118,-21.935530999129355,0.0,118,-58.93571446593004,0.0,120,-30.85259254158699,0.0,0.0,0.0,0.0,0.0,-630480.0,-630480.0,710.0,710.0,0.0,0.0,710.0,0.0,0.0,710
0.0,0.0,-0.0,0.0,0.0,0.0,-0.0,0.0,0.37853033242258655,268.75653602003644,799.2,0.0,710.0,1.0,888.0,-630480.0,118,-36.388413895167446,0.0,118,-3.2836915707483327,0.0,118,-38.89131921967853,0.0,118,-30.773783167875454,0.0,118,-57.170673308705666,0.0,120,-59.39903519224258,0.0,0.0,0.0,0.0,0.0,-630480.0,-630480.0,710.0,710.0,0.0,0.0,710.0,0.0,0.0,710
0.0,0.0,-0.0,0.0,0.0,0.0,-0.0,0.0,0.37853033242258655,268.75653602003644,799.2,0.0,710.0,1.0,888.0,-630480.0,118,-59.26379325506448,0.0,118,-23.46135011749802,0.0,118,-26.061666841822515,0.0,118,-41.002568017763764,0.0,118,-30.33073658318237,0.0,120,-52.87841453608167,0.0,0.0,0.0,0.0,0.0,-630480.0,-630480.0,710.0,710.0,0.0,0.0,710.0,0.0,0.0,710
0.0,0.0,-0.0,0.0,0.0,0.0,-0.0,0.0,0.37853033242258655,268.75653602003644,799.2,0.0,710.0,1.0,888.0,-630480.0,118,-19.439792319041633,0.0,118,-44.255450405820895,0.0,118,-1.3373783677212536,0.0,118,-22.806891614971168,0.0,118,-34.723255940296376,0.0,120,-51.51087037235582,0.0,0.0,0.0,0.0,0.0,-630480.0,-630480.0,710.0,710.0,0.0,0.0,710.0,0.0,0.0,710
0.0,0.0,-0.0,0.0,0.0,0.0,-0.0,0.0,0.37853033242258655,268.75653602003644,799.2,0.0,710.0,1.0,888.0,-630480.0,118,-5.305636217955474,0.0,118,-42.96178496062778,0.0,118,-41.4964580680348,0.0,118,-10.43320334035541,0.0,118,-21.52136036457961,0.0,120,-45.96429651932222,0.0,0.0,0.0,0.0,0.0,-630480.0,-630480.0,710.0,710.0,0.0,0.0,710.0,0.0,0.0,710
0.0,0.0,-0.0,0.0,0.0,0.0,-0.0,0.0,0.37853033242258655,268.75653602003644,799.2,0.0,710.0,1.0,888.0,-630480.0,118,-38.41923330857099,0.0,118,-6.914136500293919,0.0,118,-35.35414810441912,0.0,118,-44.049362012467434,0.0,118,-51.10491408062201,0.0,120,-4.31432213248603,0.0,0.0,0.0,0.0,0.0,-630480.0,-630480.0,710.0,710.0,0.0,0.0,710.0,0.0,0.0,710
0.0,0.0,-0.0,0.0,0.0,0.0,-0.0,0.0,0.37853033242258655,268.75653602003644,799.2,0.0,710.0,1.0,888.0,-630480.0,118,-57.254432998515746,0.0,118,-9.3411930516804,0.0,118,-25.46364397126682,0.0,118,-1.5516659384634224,0.0,118,-42.8583291524984,0.0,120,-29.53782631005105,0.0,0.0,0.0,0.0,0.0,-630480.0,-630480.0,710.0,710.0,0.0,0.0,710.0,0.0,0.0,710
0.0,0.0,-0.0,0.0,0.0,0.0,-0.0,0.0,0.37853033242258655,268.75653602003644,799.2,0.0,710.0,1.0,888.0,-630480.0,118,-39.80851823318269,0.0,118,-39.69764029690146,0.0,118,-30.89252903389119,0.0,118,-22.6995149489103,0.0,118,-32.43343260956042,0.0,120,-59.047771349468626,0.0,0.0,0.0,0.0,0.0,-630480.0,-630480.0,710.0,710.0,0.0,0.0,710.0,0.0,0.0,710
0.0,0.0,-0.0,0.0,0.0,0.0,-0.0,0.0,0.37853033242258655,268.75653602003644,799.2,0.0,710.0,1.0,888.0,-630480.0,118,-3.7291954358687174,0.0,118,-9.43125594789244,0.0,118,-3.3159760959047846,0.0,118,-45.35810464690284,0.0,118,-40.26573349380398,0.0,120,-51.42352009151524,0.0,0.0,0.0,0.0,0.0,-630480.0,-630480.0,710.0,710.0,0.0,0.0,710.0,0.0,0.0,710
0.0,0.0,-0.0,0.0,0.0,0.0,-0.0,0.0,0.37853033242258655,268.75653602003644,799.2,0.0,710.0,1.0,888.0,-630480.0,118,-1.6932218028145352,0.0,118,-2.1469719828101352,0.0,118,-10.522436729424797,0.0,118,-36.91459502447241,0.0,118,-39.466554326235546,0.0,120,-5.44340407170425,0.0,0.0,0.0,0.0,0.0,-630480.0,-630480.0,710.0,710.0,0.0,0.0,710.0,0.0,0.0,710
0.0,0.0,-0.0,0.0,0.0,0.0,-0.0,0.0,0.37853033242258655,268.75653602003644,799.2,0.0,710.0,1.0,888.0,-630480.0,118,-21.068874469461893,0.0,118,-52.97709466843371,0.0,118,-5.7328161334676615,0.0,118,-2.564556534212865,0.0,118,-31.71362313829103,0.0,120,-5.095092207144971,0.0,0.0,0.0,0.0,0.0,-630480.0,-630480.0,710.0,710.0,0.0,0.0,710.0,0.0,0.0,710
0.0,0.0,-0.0,0.0,0.0,0.0,-0.0,0.0,0.37853033242258655,268.75653602003644,799.2,0.0,710.0,1.0,888.0,-630480.0,118,-32.501917389753565,0.0,118,-41.58383397671097,0.0,118,-14.10783316192884,0.0,118,-18.26396885971046,0.0,118,-2.7277863103384004,0.0,120,-49.60187306390587,0.0,0.0,0.0,0.0,0.0,-630480.0,-630480.0,710.0,710.0,0.0,0.0,710.0,0.0,0.0,710
0.0,0.0,-0.0,0.0,0.0,0.0,-0.0,0.0,0.37853033242258655,268.75653602003644,799.2,0.0,710.0,1.0,888.0,-630480.0,118,-37.5829443502346,0.0,118,-35.62558221354959,0.0,118,-55.57167869628154,0.0,118,-0.596567347006669,0.0,118,-54.58126660055075,0.0,120,-17.04648759257362,0.0,0.0,0.0,0.0,0.0,-630480.0,-630480.0,710.0,710.0,0.0,0.0,710.0,0.0,0.0,710
0.0,0.0,-0.0,0.0,0.0,0.0,-0.0,0.0,0.37853033242258655,269.51359668488163,799.2,0.0,712.0,1.0,888.0,-632256.0,118,-48.4253856205762,0.0,118,-24.43228238942675,0.0,118,-38.59781201957087,0.0,120,-23.78842927143936,0.0,118,-44.82253562325862,0.0,120,-36.02553322251818,0.0,0.0,0.0,0.0,0.0,-632256.0,-632256.0,712.0,712.0,0.0,0.0,712.0,0.0,0.0,712
0.0,0.0,-0.0,0.0,0.0,0.0,-0.0,0.0,0.37853033242258655,269.51359668488163,799.2,0.0,712.0,1.0,888.0,-632256.0,118,-43.41514631989636,0.0,118,-56.19789507413275,0.0,118,-33.54412752073988,0.0,120,-13.819861165583887,0.0,118,-12.998291821751756,0.0,120,-38.9996325200247,0.0,0.0,0.0,0.0,0.0,-632256.0,-632256.0,712.0,712.0,0.0,0.0,712.0,0.0,0.0,712
0.0,0.0,-0.0,0.0,0.0,0.0,-0.0,0.0,0.37853033242258655,269.51359668488163,799.2,0.0,712.0,1.0,888.0,-632256.0,118,-16.45332758135243,0.0,118,-58.41119607281245,0.0,118,-18.239998571349584,0.0,120,-37.08529828716053,0.0,118,-36.09077403674122,0.0,120,-49.511278191019564,0.0,0.0,0.0,0.0,0.0,-632256.0,-632256.0,712.0,712.0,0.0,0.0,712.0,0.0,0.0,712
0.0,0.0,-0.0,0.0,0.0,0.0,-0.0,0.0,0.37853033242258655,269.51359668488163,799.2,0.0,712.0,1.0,888.0,-632256.0,118,-56.08717340292383,0.0,118,-55.22707444087173,0.0,118,-45.07425718096554,0.0,120,-42.501723699127375,0.0,118,-3.2058837135792007,0.0,120,-7.652762456552697,0.0,0.0,0.0,0.0,0.0,-632256.0,-632256.0,712.0,712.0,0.0,0.0,712.0,0.0,0.0,712
0.0,0.0,-0.0,0.0,0.0,0.0,-0.0,0.0,0.37853033242258655,269.51359668488163,799.2,0.0,712.0,1.0,888.0,-632256.0,118,-37.91101491747978,0.0,118,-12.531076223202135,0.0,118,-15.441231713462676,0.0,120,-44.51040729478832,0.0,118,-54.48741028436818,0.0,120,-18.99286875682765,0.0,0.0,0.0,0.0,0.0,-632256.0,-632256.0,712.0,712.0,0.0,0.0,712.0,0.0,0.0,712
0.0,0.0,-0.0,0.0,0.0,0.0,-0.0,0.0,0.37853033242258655,269.51359668488163,799.2,0.0,712.0,1.0,888.0,-632256.0,118,-41.96227654831881,0.0,118,-15.219738183542242,0.0,118,-11.234672094042894,0.0,120,-46.239905700031414,0.0,118,-0.5004606977196913,0.0,120,-42.495908557782634,0.0,0.0,0.0,0.0,0.0,-632256.0,-632256.0,712.0,712.0,0.0,0.0,712.0,0.0,0.0,712
0.0,0.0,-0.0,0.0,0.0,0.0,-0.0,0.0,0.37853033242258655,270.2706573497268,799.2,0.0,714.0,1.0,888.0,-634032.0,118,-57.27379753598518,0.0,118,-6.330054023082782,0.0,120,-24.491223542881485,0.0,120,-56.1908471217391,0.0,118,-51.630397610765414,0.0,120,-13.795391270702243,0.0,0.0,0.0,0.0,0.0,-634032.0,-634032.0,714.0,714.0,0.0,0.0,714.0,0.0,0.0,714
0.0,0.0,-0.0,0.0,0.0,0.0,-0.0,0.0,0.37853033242258655,270.2706573497268,799.2,0.0,714.0,1.0,888.0,-634032.0,118,-15.289054319605363,0.0,118,-30.534478604034845,0.0,120,-10.984088261378409,0.0,120,-35.758508408144294,0.0,118,-41.42583090626304,0.0,120,-17.194760417827638,0.0,0.0,0.0,0.0,0.0,-634032.0,-634032.0,714.0,714.0,0.0,0.0,714.0,0.0,0.0,714
0.0,0.0,-0.0,0.0,0.0,0.0,-0.0,0.0,0.37853033242258655,270.2706573497268,799.2,0.0,714.0,1.0,888.0,-634032.0,118,-57.101592798213844,0.0,118,-33.683558622495354,0.0,120,-29.152201947032097,0.0,120,-24.234152388641842,0.0,118,-4.7340253074468635,0.0,120,-36.17950202293399,0.0,0.0,0.0,0.0,0.0,-634032.0,-634032.0,714.0,714.0,0.0,0.0,714.0,0.0,0.0,714
0.0,0.0,-0.0,0.0,0.0,0.0,-0.0,0.0,0.37853033242258655,270.2706573497268,799.2,0.0,714.0,1.0,888.0,-634032.0,118,-52.354350726858904,0.0,118,-26.580114721705634,0.0,120,-2.467343520058034,0.0,120,-24.220865660834384,0.0,118,-37.63244456004959,0.0,120,-53.8912690936381,0.0,0.0,0.0,0.0,0.0,-634032.0,-634032.0,714.0,714.0,0.0,0.0,714.0,0.0,0.0,714
0.0,0.0,-0.0,0.0,0.0,0.0,-0.0,0.0,0.37853033242258655,270.2706573497268,799.2,0.0,714.0,1.0,888.0,-634032.0,118,-51.34262513731555,0.0,118,-49.0693943707191,0.0,120,-30.114636201839158,0.0,120,-48.777954231250206,0.0,118,-52.94942974371794,0.0,120,-9.4044753082534,0.0,0.0,0.0,0.0,0.0,-634032.0,-634032.0,714.0,714.0,0.0,0.0,714.0,0.0,0.0,714
0.0,0.0,-0.0,0.0,0.0,0.0,-0.0,0.0,0.37853033242258655,270.2706573497268,799.2,0.0,714.0,1.0,888.0,-634032.0,118,-31.305995202869155,0.0,118,-50.8229716146614,0.0,120,-35.153453866275775,0.0,120,-32.1246507118352,0.0,118,-24.64214244956646,0.0,120,-2.9965528661892926,0.0,0.0,0.0,0.0,0.0,-634032.0,-634032.0,714.0,714.0,0.0,0.0,714.0,0.0,0.0,714
0.0,0.0,-0.0,0.0,0.0,0.0,-0.0,0.0,0.37853033242258655,270.2706573497268,799.2,0.0,714.0,1.0,888.0,-634032.0,118,-24.00234904526222,0.0,118,-6.912091872956701,0.0,120,-54.62977100351542,0.0,120,-30.428805863287415,0.0,118,-23.75187722046862,0.0,120,-43.48553529366868,0.0,0.0,0.0,0.0,0.0,-634032.0,-634032.0,714.0,714.0,0.0,0.0,714.0,0.0,0.0,714
0.0,0.0,-0.0,0.0,0.0,0.0,-0.0,0.0,0.37853033242258655,270.2706573497268,799.2,0.0,714.0,1.0,888.0,-634032.0,118,-25.245130770630208,0.0,118,-46.62129043509646,0.0,120,-50.95778725573247,0.0,120,-52.87880291720613,0.0,118,-42.708016141078744,0.0,120,-33.3244684898894,0.0,0.0,0.0,0.0,0.0,-634032.0,-634032.0,714.0,714.0,0.0,0.0,714.0,0.0,0.0,714
0.0,0.0,-0.0,0.0,0.0,0.0,-0.0,0.0,0.37853033242258655,269.51359668488163,799.2,0.0,712.0,1.0,888.0,-632256.0,118,-20.527704786861356,0.0,118,-57.63220367074103,0.0,118,-55.189722533438434,0.0,120,-11.873252228460196,0.0,118,-17.837670643514688,0.0,120,-51.556991229884034,0.0,0.0,0.0,0.0,0.0,-632256.0,-632256.0,712.0,712.0,0.0,0.0,712.0,0.0,0.0,712
347.886713555414,0.0,-3478.86713555414,0.0,0.0,0.0,-0.0,0.0,0.37853033242258655,138.54839450473784,799.2,0.0,366.016624395807,1.0,888.0,-325022.7624634766,118,-41.86918717373848,0.0,118,-22.21605746080941,0.0,120,-40.624657016469584,0.0,120,-23.612818969362824,0.0,118,-33.47107689227916,0.0,120,-53.69187218000066,0.0,0.0,0.0966620487789425,0.0966620487789425,0.0,-328501.62959903077,-328501.62959903077,714.0,714.0,347.983375604193,0.0,366.016624395807,0.0,0.0,714
347.886713555414,0.0,-3478.86713555414,0.0,0.0,0.0,-0.0,0.0,0.37853033242258655,138.54839450473784,799.2,0.0,366.016624395807,1.0,888.0,-325022.7624634766,118,-6.993771067449512,0.0,118,-1.2760490363541965,0.0,120,-18.605401649330815,0.0,120,-48.09007890867729,0.0,118,-39.65963546894288,0.0,120,-9.326013594505493,0.0,0.0,0.0966620487789425,0.0966620487789425,0.0,-328501.62959903077,-328501.62959903077,714.0,714.0,347.983375604193,0.0,366.016624395807,0.0,0.0,714
347.886713555414,0.0,-3478.86713555414,0.0,0.0,0.0,-0.0,0.0,0.37853033242258655,138.54839450473784,799.2,0.0,366.016624395807,1.0,888.0,-325022.7624634766,118,-6.283183406128991,0.0,118,-10.748702951978622,0.0,120,-56.25620429865378,0.0,120,-53.63731529278324,0.0,118,-40.770261388462906,0.0,120,-33.559913213907286,0.0,0.0,0.0966620487789425,0.0966620487789425,0.0,-328501.62959903077,-328501.62959903077,714.0,714.0,347.983375604193,0.0,366.016624395807,0.0,0.0,714
347.886713555414,0.0,-3478.86713555414,0.0,0.0,0.0,-0.0,0.0,0.37853033242258655,137.79133383989264,799.2,0.0,364.016624395807,1.0,888.0,-323246.7624634766,118,-42.72849586854012,0.0,118,-31.04578301165612,0.0,118,-37.7110885904203,0.0,120,-36.59140545193167,0.0,118,-23.01921190625228,0.0,120,-40.556419780930995,0.0,0.0,0.0966620487789425,0.0966620487789425,0.0,-326725.62959903077,-326725.62959903077,712.0,712.0,347.983375604193,0.0,364.016624395807,0.0,0.0,712
347.886713555414,0.0,-3478.86713555414,0.0,0.0,0.0,-0.0,0.0,0.37853033242258655,137.79133383989264,799.2,0.0,364.016624395807,1.0,888.0,-323246.7624634766,118,-57.48381818766459,0.0,118,-5.014066204493015,0.0,118,-18.312057135209166,0.0,120,-8.191798176893464,0.0,118,-20.552184843119747,0.0,120,-0.13393085099479674,0.0,0.0,0.0966620487789425,0.0966620487789425,0.0,-326725.62959903077,-326725.62959903077,712.0,712.0,347.983375604193,0.0,364.016624395807,0.0,0.0,712
347.886713555414,0.0,-3478.86713555414,0.0,0.0,0.0,-0.0,0.0,0.37853033242258655,137.79133383989264,799.2,0.0,364.016624395807,1.0,888.0,-323246.7624634766,118,-42.89798057498243,0.0,118,-52.86677396546635,0.0,118,-55.801426940073355,0.0,120,-37.60554825760782,0.0,118,-13.519734105217772,0.0,120,-16.54899161436959,0.0,0.0,0.0966620487789425,0.0966620487789425,0.0,-326725.62959903077,-326725.62959903077,712.0,712.0,347.983375604193,0.0,364.016624395807,0.0,0.0,712
1109.9702811637235,0.0,-11099.702811637235,336.2786919114767,0.0,0.0,-0.0,0.0,0.37853033242258655,0.0,799.2,0.0,0.0,1.0,888.0,-0.0,118,-22.945163541388677,0.0,118,-3.5246108736268145,0.0,180,-12.670660174223059,0.0,120,-40.16846860980972,0.0,118,-32.66332677585161,0.0,120,-3.482185738039012,0.0,0.0,0.308410747753188,0.308410747753188,0.0,-11099.702811637235,-11099.702811637235,1110.2786919114767,1110.2786919114767,1110.2786919114767,0.0,0.0,336.2786919114767,0.0,774
1109.9702811637235,0.0,-11099.702811637235,313.2786919114767,302.650822720329,0.0,-0.0,0.007336456081262672,0.37853033242258655,0.0,799.2,0.0,0.0,1.0,888.0,-0.0,118,-58.309485435738836,0.0,118,-13.316566179078858,0.0,203,-44.43557032866198,0.0,120,-0.9750830839147673,0.0,118,-54.34478334240827,0.0,120,-43.490324163790206,0.0,0.0,0.308410747753188,0.308410747753188,0.0,-11099.702811637235,-11099.702811637235,1110.2786919114767,1110.2786919114767,1110.2786919114767,0.0,0.0,313.2786919114767,0.0,797
1109.9702811637235,0.0,-11099.702811637235,313.2786919114767,584.6016454406581,0.0,-0.0,0.01417113047392088,0.37853033242258655,0.0,799.2,0.0,0.0,1.0,888.0,-0.0,118,-45.456613968222555,0.0,118,-19.615501749304308,0.0,203,-31.872642010217817,0.0,120,-20.86623954234716,0.0,118,-56.73628551588045,0.0,120,-24.973841554695262,0.0,0.0,0.308410747753188,0.308410747753188,0.0,-11099.702811637235,-11099.702811637235,1110.2786919114767,1110.2786919114767,1110.2786919114767,0.0,0.0,313.2786919114767,0.0,797
1109.9702811637235,0.0,-11099.702811637235,313.2786919114767,866.5524681609871,0.0,-0.0,0.02100580486657909,0.37853033242258655,0.0,799.2,0.0,0.0,1.0,888.0,-0.0,118,-38.88924107876235,0.0,118,-20.84426842260683,0.0,203,-47.02704911242205,0.0,120,-5.301812292545282,0.0,118,-3.0785700614891542,0.0,120,-27.666423211119092,0.0,0.0,0.308410747753188,0.308410747753188,0.0,-11099.702811637235,-11099.702811637235,1110.2786919114767,1110.2786919114767,1110.2786919114767,0.0,0.0,313.2786919114767,0.0,797
1109.9702811637235,0.0,-11099.702811637235,336.2786919114767,1148.5032908813162,0.0,-0.0,0.027840479259237296,0.37853033242258655,0.0,799.2,0.0,0.0,1.0,888.0,-0.0,118,-18.645066959284367,0.0,118,-46.77412860874472,0.0,180,-6.752277829656643,0.0,120,-24.596503193108862,0.0,118,-10.955812834746157,0.0,120,-30.592404409284235,0.0,0.0,0.308410747753188,0.308410747753188,0.0,-11099.702811637235,-11099.702811637235,1110.2786919114767,1110.2786919114767,1110.2786919114767,0.0,0.0,336.2786919114767,0.0,774
1109.9702811637235,0.0,-11099.702811637235,398.2786919114767,1451.1541136016451,0.0,-0.0,0.03517693534049997,0.37853033242258655,0.0,799.2,0.0,0.0,1.0,888.0,-0.0,118,-4.011035940155409,0.0,118,-9.836447210926366,0.0,118,-35.1567037585091,0.0,120,-29.523755788591764,0.0,118,-43.98002640566513,0.0,120,-53.9480190132905,0.0,0.0,0.308410747753188,0.308410747753188,0.0,-11099.702811637235,-11099.702811637235,1110.2786919114767,1110.2786919114767,1110.2786919114767,0.0,0.0,398.2786919114767,0.0,712
1773.6588807981175,0.0,-17736.588807981174,1062.1517007149828,1809.604936321974,0.0,-0.0,0.04386602032147902,0.37853033242258655,0.0,799.2,0.0,0.0,1.0,888.0,-0.0,118,-13.121821683111445,0.0,118,-40.4341414484982,0.0,118,-19.651431351045222,0.0,120,-14.477206100271234,0.0,118,-16.31803098529457,0.0,120,-55.26405870407402,0.0,0.0,0.492819916865273,0.492819916865273,0.0,-17736.588807981174,-17736.588807981174,1774.1517007149828,1774.1517007149828,1774.1517007149828,0.0,0.0,1062.1517007149828,0.0,712
1773.6588807981175,0.0,-17736.588807981174,1062.1517007149828,2765.5414669654583,0.0,-0.0,0.06703855397099504,0.37853033242258655,0.0,799.2,0.0,0.0,1.0,888.0,-0.0,118,-38.352662184765414,0.0,118,-39.09405135338845,0.0,118,-13.316124451461889,0.0,120,-7.337854868561051,0.0,118,-26.9218638295117,0.0,120,-25.81717908863824,0.0,0.0,0.492819916865273,0.492819916865273,0.0,-17736.588807981174,-17736.588807981174,1774.1517007149828,1774.1517007149828,1774.1517007149828,0.0,0.0,1062.1517007149828,0.0,712
1773.6588807981175,0.0,-17736.588807981174,1064.1517007149828,3721.477997608943,0.0,-0.0,0.09021108762051107,0.37853033242258655,0.0,799.2,0.0,0.0,1.0,888.0,-0.0,118,-59.314206801764925,0.0,118,-21.81191031909397,0.0,118,-35.3700062125118,0.0,118,-12.731247137881056,0.0,118,-28.275166479228105,0.0,120,-39.988642583469186,0.0,0.0,0.492819916865273,0.492819916865273,0.0,-17736.588807981174,-17736.588807981174,1774.1517007149828,1774.1517007149828,1774.1517007149828,0.0,0.0,1064.1517007149828,0.0,710
1773.6588807981175,0.0,-17736.588807981174,1064.1517007149828,4679.214528252428,0.0,-0.0,0.11342725446034053,0.37853033242258655,0.0,799.2,0.0,0.0,1.0,888.0,-0.0,118,-25.945280030906183,0.0,118,-24.36561805259673,0.0,118,-29.193536202574943,0.0,118,-55.25720050036914,0.0,118,-37.82835243490116,0.0,120,-31.655369929221226,0.0,0.0,0.492819916865273,0.492819916865273,0.0,-17736.588807981174,-17736.588807981174,1774.1517007149828,1774.1517007149828,1774.1517007149828,0.0,0.0,1064.1517007149828,0.0,710
1773.6588807981175,0.0,-17736.588807981174,1064.1517007149828,5636.951058895913,0.0,-0.0,0.13664342130017,0.37853033242258655,0.0,799.2,0.0,0.0,1.0,888.0,-0.0,118,-49.056789157649995,0.0,118,-53.09971939131168,0.0,118,-14.362692114107183,0.0,118,-54.36674491738707,0.0,118,-10.170223887474819,0.0,120,-29.379211534062883,0.0,0.0,0.492819916865273,0.492819916865273,0.0,-17736.588807981174,-17736.588807981174,1774.1517007149828,1774.1517007149828,1774.1517007149828,0.0,0.0,1064.1517007149828,0.0,710
1773.6588807981175,0.0,-17736.588807981174,1064.1517007149828,6594.687589539398,0.0,-0.0,0.15985958813999945,0.37853033242258655,0.0,799.2,0.0,0.0,1.0,888.0,-0.0,118,-42.17663458601777,0.0,118,-48.471148845474104,0.0,118,-29.500414825403343,0.0,118,-49.73319051882228,0.0,118,-3.2121085069168243,0.0,120,-41.388678705312145,0.0,0.0,0.492819916865273,0.492819916865273,0.0,-17736.588807981174,-17736.588807981174,1774.1517007149828,1774.1517007149828,1774.1517007149828,0.0,0.0,1064.1517007149828,0.0,710
2225.47803181997,0.0,-22254.7803181997,1516.0963919288392,7552.424120182883,0.0,-0.0,0.18307575497982892,0.37853033242258655,0.0,799.2,0.0,0.0,1.0,888.0,-0.0,118,-43.04114096022026,0.0,118,-26.488865220181847,0.0,118,-14.445007976347803,0.0,118,-54.36650454783927,0.0,118,-52.53990152906858,0.0,120,-26.32373715500679,0.0,0.0,0.618360108869122,0.618360108869122,0.0,-22254.7803181997,-22254.7803181997,2226.0963919288392,2226.0963919288392,2226.0963919288392,0.0,0.0,1516.0963919288392,0.0,710
2225.47803181997,0.0,-22254.7803181997,1516.0963919288392,8916.910872918837,0.0,-0.0,0.21615181618109805,0.37853033242258655,0.0,799.2,0.0,0.0,1.0,888.0,-0.0,118,-5.013821720395455,0.0,118,-20.215174476419783,0.0,118,-31.230663498521857,0.0,118,-4.635844395148078,0.0,118,-43.94151083479604,0.0,120,-49.4550462898783,0.0,0.0,0.618360108869122,0.618360108869122,0.0,-22254.7803181997,-22254.7803181997,2226.0963919288392,2226.0963919288392,2226.0963919288392,0.0,0.0,1516.0963919288392,0.0,710
2225.47803181997,0.0,-22254.7803181997,1516.0963919288392,10281.397625654792,0.0,-0.0,0.24922787738236715,0.37853033242258655,0.0,799.2,0.0,0.0,1.0,888.0,-0.0,118,-38.33401107380833,0.0,118,-38.37366154132424,0.0,118,-9.327486047145165,0.0,118,-7.695047952108595,0.0,118,-17.17673350901133,0.0,120,-16.39471957266937,0.0,0.0,0.618360108869122,0.618360108869122,0.0,-22254.7803181997,-22254.7803181997,2226.0963919288392,2226.0963919288392,2226.0963919288392,0.0,0.0,1516.0963919288392,0.0,710
2225.47803181997,0.0,-22254.7803181997,1516.0963919288392,11645.884378390747,0.0,-0.0,0.2823039385836363,0.37853033242258655,0.0,799.2,0.0,0.0,1.0,888.0,-0.0,118,-50.65193806566782,0.0,118,-23.847645722870766,0.0,118,-12.993288280971901,0.0,118,-34.0484743953275,0.0,118,-17.29687618952953,0.0,120,-38.53931187087096,0.0,0.0,0.618360108869122,0.618360108869122,0.0,-22254.7803181997,-22254.7803181997,2226.0963919288392,2226.0963919288392,2226.0963919288392,0.0,0.0,1516.0963919288392,0.0,710
2225.47803181997,0.0,-22254.7803181997,1516.0963919288392,13010.371131126702,0.0,-0.0,0.3153799997849054,0.37853033242258655,0.0,799.2,0.0,0.0,1.0,888.0,-0.0,118,-3.40747829330875,0.0,118,-50.14461273605992,0.0,118,-22.576742597556926,0.0,118,-51.28552958037867,0.0,118,-46.19127639954104,0.0,120,-34.89462648795411,0.0,0.0,0.618360108869122,0.618360108869122,0.0,-22254.7803181997,-22254.7803181997,2226.0963919288392,2226.0963919288392,2226.0963919288392,0.0,0.0,1516.0963919288392,0.0,710
2225.47803181997,0.0,-22254.7803181997,1516.0963919288392,14374.857883862656,0.0,-0.0,0.3484560609861745,0.37853033242258655,0.0,799.2,0.0,0.0,1.0,888.0,-0.0,118,-43.426340965897495,0.0,118,-34.75567085082021,0.0,118,-11.313462443087017,0.0,118,-15.192456189654065,0.0,118,-5.12462482008903,0.0,120,-34.663359887600556,0.0,0.0,0.618360108869122,0.618360108869122,0.0,-22254.7803181997,-22254.7803181997,2226.0963919288392,2226.0963919288392,2226.0963919288392,0.0,0.0,1516.0963919288392,0.0,710
2442.672045056593,0.0,-24426.720450565932,1733.3507535992594,15739.344636598611,0.0,-0.0,0.3815321221874436,0.37853033242258655,0.0,799.2,0.0,0.0,1.0,888.0,-0.0,118,-11.432216445035907,0.0,118,-32.82172293590331,0.0,118,-57.0507375720822,0.0,118,-0.03554066460448313,0.0,118,-24.97975532509664,0.0,120,-15.574331033153712,0.0,0.0,0.678708542666461,0.678708542666461,0.0,-24426.720450565932,-24426.720450565932,2443.3507535992594,2443.3507535992594,2443.3507535992594,0.0,0.0,1733.3507535992594,0.0,710
2442.672045056593,0.0,-24426.720450565932,1733.3507535992594,17299.360314837944,0.0,-0.0,0.41934793384330704,0.37853033242258655,0.0,799.2,0.0,0.0,1.0,888.0,-0.0,118,-31.17377915750741,0.0,118,-36.7053862520932,0.0,118,-15.212782084503935,0.0,118,-44.23641179349504,0.0,118,-11.301836892816395,0.0,120,-27.506423299062124,0.0,0.0,0.678708542666461,0.678708542666461,0.0,-24426.720450565932,-24426.720450565932,2443.3507535992594,2443.3507535992594,2443.3507535992594,0.0,0.0,1733.3507535992594,0.0,710
2442.672045056593,0.0,-24426.720450565932,1733.3507535992594,18859.37599307728,0.0,-0.0,0.4571637454991705,0.37853033242258655,0.0,799.2,0.0,0.0,1.0,888.0,-0.0,118,-24.775262608813186,0.0,118,-14.713042332524711,0.0,118,-42.67963145675644,0.0,118,-47.12817132405972,0.0,118,-9.54987855778545,0.0,120,-25.22385112743021,0.0,0.0,0.678708542666461,0.678708542666461,0.0,-24426.720450565932,-24426.720450565932,2443.3507535992594,2443.3507535992594,2443.3507535992594,0.0,0.0,1733.3507535992594,0.0,710
2442.672045056593,0.0,-24426.720450565932,1733.3507535992594,20419.391671316615,0.0,-0.0,0.49497955715503394,0.37853033242258655,0.0,799.2,0.0,0.0,1.0,888.0,-0.0,118,-31.76334843527592,0.0,118,-18.007717271820788,0.0,118,-48.805946356459536,0.0,118,-45.26200372075655,0.0,118,-3.525588994535982,0.0,120,-49.28406526637654,0.0,0.0,0.678708542666461,0.678708542666461,0.0,-24426.720450565932,-24426.720450565932,2443.3507535992594,2443.3507535992594,2443.3507535992594,0.0,0.0,1733.3507535992594,0.0,710
2442.672045056593,0.0,-24426.720450565932,1733.3507535992594,21979.40734955595,0.0,-0.0,0.5327953688108974,0.37853033242258655,0.0,799.2,0.0,0.0,1.0,888.0,-0.0,118,-45.42128974737835,0.0,118,-34.995295448616154,0.0,118,-18.578327027656695,0.0,118,-44.160886448939586,0.0,118,-59.98534907852664,0.0,120,-25.657504047894236,0.0,0.0,0.678708542666461,0.678708542666461,0.0,-24426.720450565932,-24426.720450565932,2443.3507535992594,2443.3507535992594,2443.3507535992594,0.0,0.0,1733.3507535992594,0.0,710
2442.672045056593,0.0,-24426.720450565932,1733.3507535992594,23539.423027795285,0.0,-0.0,0.5706111804667608,0.37853033242258655,0.0,799.2,0.0,0.0,1.0,888.0,-0.0,118,-8.936639781458606,0.0,118,-50.94780431348215,0.0,118,-13.371305327555906,0.0,118,-57.050158388386784,0.0,118,-12.789434199404628,0.0,120,-21.401918799462386,0.0,0.0,0.678708542666461,0.678708542666461,0.0,-24426.720450565932,-24426.720450565932,2443.3507535992594,2443.3507535992594,2443.3507535992594,0.0,0.0,1733.3507535992594,0.0,710
2456.0964173610437,0.0,-24560.96417361044,1746.7788559321361,25099.43870603462,0.0,-0.0,0.6084269921226243,0.37853033242258655,0.0,799.2,0.0,0.0,1.0,888.0,-0.0,118,-14.92132499550361,0.0,118,-55.45624631020517,0.0,118,-27.53020266798859,0.0,118,-25.908800669841412,0.0,118,-18.485071227960827,0.0,120,-54.70886164895776,0.0,0.0,0.68243857109226,0.68243857109226,0.0,-24560.96417361044,-24560.96417361044,2456.778855932136,2456.778855932136,2456.778855932136,0.0,0.0,1746.7788559321361,0.0,710
2456.0964173610437,0.0,-24560.96417361044,1746.7788559321361,26671.53967637354,0.0,-0.0,0.646535759250807,0.37853033242258655,0.0,799.2,0.0,0.0,1.0,888.0,-0.0,118,-6.658317540414016,0.0,118,-56.65217679379464,0.0,118,-11.972523950395678,0.0,118,-41.64993230168969,0.0,118,-43.0098674425562,0.0,120,-56.430907174147286,0.0,0.0,0.68243857109226,0.68243857109226,0.0,-24560.96417361044,-24560.96417361044,2456.778855932136,2456.778855932136,2456.778855932136,0.0,0.0,1746.7788559321361,0.0,710
2456.0964173610437,0.0,-24560.96417361044,1746.7788559321361,28243.64064671246,0.0,-0.0,0.6846445263789896,0.37853033242258655,0.0,799.2,0.0,0.0,1.0,888.0,-0.0,118,-2.128557232508601,0.0,118,-29.07933304681044,0.0,118,-47.175749073830445,0.0,118,-7.089138160293691,0.0,118,-10.658942989423458,0.0,120,-24.654177064580228,0.0,0.0,0.68243857109226,0.68243857109226,0.0,-24560.96417361044,-24560.96417361044,2456.778855932136,2456.778855932136,2456.778855932136,0.0,0.0,1746.7788559321361,0.0,710
2456.0964173610437,0.0,-24560.96417361044,1684.7788559321361,29815.741617051382,0.0,-0.0,0.7227532935071724,0.37853033242258655,0.0,799.2,0.0,0.0,1.0,888.0,-0.0,118,-25.482635808366688,0.0,118,-48.4758628553384,0.0,180,-27.96782865139945,0.0,118,-12.092825382235153,0.0,118,-36.36261508622502,0.0,120,-29.719591527330042,0.0,0.0,0.68243857109226,0.68243857109226,0.0,-24560.96417361044,-24560.96417361044,2456.778855932136,2456.778855932136,2456.778855932136,0.0,0.0,1684.7788559321361,0.0,772
2456.0964173610437,0.0,-24560.96417361044,1684.7788559321361,31332.042587390304,0.0,-0.0,0.7595094317356387,0.37853033242258655,0.0,799.2,0.0,0.0,1.0,888.0,-0.0,118,-39.622628479709235,0.0,118,-17.73373644479701,0.0,180,-31.911949767121733,0.0,118,-51.380248886597876,0.0,118,-4.366593797623956,0.0,120,-27.51302051666574,0.0,0.0,0.68243857109226,0.68243857109226,0.0,-24560.96417361044,-24560.96417361044,2456.778855932136,2456.778855932136,2456.778855932136,0.0,0.0,1684.7788559321361,0.0,772
2456.0964173610437,0.0,-24560.96417361044,1684.7788559321361,32848.343557729226,0.0,-0.0,0.796265569964105,0.37853033242258655,0.0,799.2,0.0,0.0,1.0,888.0,-0.0,118,-5.128751379566461,0.0,118,-33.725678459722275,0.0,180,-28.244808160445906,0.0,118,-1.2349274873701699,0.0,118,-52.978906259701375,0.0,120,-2.6952813697231437,0.0,0.0,0.68243857109226,0.68243857109226,0.0,-24560.96417361044,-24560.96417361044,2456.778855932136,2456.778855932136,2456.778855932136,0.0,0.0,1684.7788559321361,0.0,772
2261.184006884054,0.0,-22611.840068840538,1489.8122880751857,34364.64452806815,0.0,-0.0,0.8330217081925715,0.37853033242258655,0.0,799.2,0.0,0.0,1.0,888.0,-0.0,118,-18.95509733125101,0.0,118,-11.663565573478685,0.0,180,-1.0886188868488356,0.0,118,-13.26836487458495,0.0,118,-22.215814162048776,0.0,120,-40.173165522396765,0.0,0.0,0.628281191131996,0.628281191131996,0.0,-22611.840068840538,-22611.840068840538,2261.8122880751857,2261.8122880751857,2261.8122880751857,0.0,0.0,1489.8122880751857,0.0,772
2261.184006884054,0.0,-22611.840068840538,1489.8122880751857,35705.475587335815,0.0,-0.0,0.8655243397410083,0.37853033242258655,0.0,799.2,0.0,0.0,1.0,888.0,-0.0,118,-56.696895672291774,0.0,118,-56.01578858447189,0.0,180,-29.492778672088612,0.0,118,-1.971379185550155,0.0,118,-0.03644538027314459,0.0,120,-48.235608519838,0.0,0.0,0.628281191131996,0.628281191131996,0.0,-22611.840068840538,-22611.840068840538,2261.8122880751857,2261.8122880751857,2261.8122880751857,0.0,0.0,1489.8122880751857,0.0,772
2261.184006884054,0.0,-22611.840068840538,1489.8122880751857,37046.30664660348,0.0,-0.0,0.8980269712894451,0.37853033242258655,0.0,799.2,0.0,0.0,1.0,888.0,-0.0,118,-0.9326467900328894,0.0,118,-26.799879504664016,0.0,180,-19.479916571106088,0.0,118,-4.996700827092562,0.0,118,-16.281151217681543,0.0,120,-34.701228016116126,0.0,0.0,0.628281191131996,0.628281191131996,0.0,-22611.840068840538,-22611.840068840538,2261.8122880751857,2261.8122880751857,2261.8122880751857,0.0,0.0,1489.8122880751857,0.0,772
2261.184006884054,0.0,-22611.840068840538,1427.8122880751857,38387.137705871144,0.0,-0.0,0.930529602837882,0.37853033242258655,0.0,799.2,0.0,0.0,1.0,888.0,-0.0,118,-41.21481065502921,0.0,118,-39.587187316843746,0.0,180,-40.584757227124875,0.0,180,-49.55543318203834,0.0,118,-1.6446744759308851,0.0,120,-12.724202420614262,0.0,0.0,0.628281191131996,0.628281191131996,0.0,-22611.840068840538,-22611.840068840538,2261.8122880751857,2261.8122880751857,2261.8122880751857,0.0,0.0,1427.8122880751857,0.0,834
2261.184006884054,0.0,-22611.840068840538,1365.8122880751857,39672.16876513881,0.0,-0.0,0.9616796054866025,0.37853033242258655,0.0,799.2,0.0,0.0,1.0,888.0,-0.0,180,-7.3363372750718625,0.0,118,-52.93609716326115,0.0,180,-33.239430221675214,0.0,180,-37.66296099865735,0.0,118,-37.611426320916294,0.0,120,-43.15193692178022,0.0,0.0,0.628281191131996,0.628281191131996,0.0,-22611.840068840538,-22611.840068840538,2261.8122880751857,2261.8122880751857,2261.8122880751857,0.0,0.0,1365.8122880751857,0.0,896
2261.184006884054,0.0,-22611.840068840538,390.6668617705792,40901.39982440648,0.0,-0.0,0.9914769792356066,0.37853033242258655,0.0,799.2,977.1454263046065,0.0,1.0,888.0,780934.6247026416,180,-48.7746551432639,0.0,118,-55.88866807177483,0.0,180,-25.63113869525011,0.0,180,-46.12162107808459,0.0,118,-38.67180909071317,0.0,118,-25.703009593320292,0.0,0.0,0.628281191131996,0.628281191131996,0.0,758322.7846338011,758322.7846338011,2261.8122880751857,2261.8122880751857,2261.8122880751857,0.0,0.0,1367.8122880751857,0.0,894
1857.3596891430645,0.0,-18573.596891430647,0.0,41253.0,0.0,-0.0,1.0,0.37853033242258655,0.0,799.2,963.8757657446604,0.0,1.0,888.0,770329.5119831326,180,-39.7893403926386,0.0,118,-57.62217577990107,0.0,180,-33.18534654729653,0.0,180,-54.53411234231996,0.0,118,-7.796925614478192,0.0,118,-11.841375144132053,0.0,0.0,0.516076601595739,0.516076601595739,0.0,751755.9150917019,751755.9150917019,1857.8757657446604,1857.8757657446604,1857.8757657446604,0.0,0.0,963.8757657446604,0.0,894
1857.3596891430645,0.0,-18573.596891430647,0.0,41253.0,0.0,-0.0,1.0,0.37853033242258655,0.0,799.2,940.8757657446604,0.0,1.0,888.0,751947.9119831326,180,-37.21610512455168,0.0,118,-7.330386877654398,0.0,203,-58.76981746413012,0.0,180,-7.6512545658164495,0.0,118,-27.659953213095413,0.0,118,-48.59643143864858,0.0,0.0,0.516076601595739,0.516076601595739,0.0,733374.3150917019,733374.3150917019,1857.8757657446604,1857.8757657446604,1857.8757657446604,0.0,0.0,940.8757657446604,0.0,917
1857.3596891430645,0.0,-18573.596891430647,0.0,41253.0,0.0,-0.0,1.0,0.37853033242258655,0.0,799.2,940.8757657446604,0.0,1.0,888.0,751947.9119831326,180,-22.736201012825767,0.0,118,-34.3693656890185,0.0,203,-38.86577471178407,0.0,180,-4.1341824913925755,0.0,118,-9.401751842711871,0.0,118,-26.99328547487321,0.0,0.0,0.516076601595739,0.516076601595739,0.0,733374.3150917019,733374.3150917019,1857.8757657446604,1857.8757657446604,1857.8757657446604,0.0,0.0,940.8757657446604,0.0,917
1857.3596891430645,0.0,-18573.596891430647,0.0,41253.0,0.0,-0.0,1.0,0.37853033242258655,0.0,799.2,940.8757657446604,0.0,1.0,888.0,751947.9119831326,180,-0.9566714895128414,0.0,118,-13.52490437145879,0.0,203,-51.4804553927115,0.0,180,-56.035019239690094,0.0,118,-29.40491746395304,0.0,118,-31.014960464657342,0.0,0.0,0.516076601595739,0.516076601595739,0.0,733374.3150917019,733374.3150917019,1857.8757657446604,1857.8757657446604,1857.8757657446604,0.0,0.0,940.8757657446604,0.0,917
1857.3596891430645,0.0,-18573.596891430647,0.0,41253.0,0.0,-0.0,1.0,0.37853033242258655,0.0,799.2,940.8757657446604,0.0,1.0,888.0,751947.9119831326,180,-12.596248663106064,0.0,118,-29.928793568208235,0.0,203,-42.343101587416164,0.0,180,-27.46605097536656,0.0,118,-32.967017655876994,0.0,118,-1.0358470452082136,0.0,0.0,0.516076601595739,0.516076601595739,0.0,733374.3150917019,733374.3150917019,1857.8757657446604,1857.8757657446604,1857.8757657446604,0.0,0.0,940.8757657446604,0.0,917
1857.3596891430645,0.0,-18573.596891430647,0.0,41253.0,0.0,-0.0,1.0,0.37853033242258655,0.0,799.2,940.8757657446604,0.0,1.0,888.0,751947.9119831326,180,-7.538231924839776,0.0,118,-33.452680011861545,0.0,203,-27.01421796814592,0.0,180,-30.15126449392087,0.0,118,-26.347234441612127,0.0,118,-7.92318683761811,0.0,0.0,0.516076601595739,0.516076601595739,0.0,733374.3150917019,733374.3150917019,1857.8757657446604,1857.8757657446604,1857.8757657446604,0.0,0.0,940.8757657446604,0.0,917
1238.192194532062,0.0,-12381.92194532062,0.0,41253.0,0.0,-0.0,1.0,0.37853033242258655,0.0,799.2,321.5362323743884,0.0,1.0,888.0,256971.75691361123,180,-4.404633458815477,0.0,118,-37.540644730182116,0.0,203,-37.00486196869883,0.0,180,-21.702641762471327,0.0,118,-29.518892942424895,0.0,118,-1.1830033503957837,0.0,0.0,0.344037842326219,0.344037842326219,0.0,244589.8349682906,244589.8349682906,1238.5362323743884,1238.5362323743884,1238.5362323743884,0.0,0.0,321.5362323743884,0.0,917
1238.192194532062,0.0,-12381.92194532062,0.0,41253.0,0.0,-0.0,1.0,0.37853033242258655,0.0,799.2,321.5362323743884,0.0,1.0,888.0,256971.75691361123,180,-49.249104549409125,0.0,118,-9.065309503914019,0.0,203,-12.436851959214778,0.0,180,-34.90524749853163,0.0,118,-34.61122825591981,0.0,118,-30.37347897118163,0.0,0.0,0.344037842326219,0.344037842326219,0.0,244589.8349682906,244589.8349682906,1238.5362323743884,1238.5362323743884,1238.5362323743884,0.0,0.0,321.5362323743884,0.0,917
1238.192194532062,0.0,-12381.92194532062,0.0,41253.0,0.0,-0.0,1.0,0.37853033242258655,0.0,799.2,321.5362323743884,0.0,1.0,888.0,256971.75691361123,180,-12.027327914912597,0.0,118,-13.705168893983448,0.0,203,-17.32673800414727,0.0,180,-53.438357520723855,0.0,118,-9.48330665032313,0.0,118,-28.618966320136654,0.0,0.0,0.344037842326219,0.344037842326219,0.0,244589.8349682906,244589.8349682906,1238.5362323743884,1238.5362323743884,1238.5362323743884,0.0,0.0,321.5362323743884,0.0,917
1238.192194532062,0.0,-12381.92194532062,0.0,41253.0,0.0,-0.0,1.0,0.37853033242258655,0.0,799.2,321.5362323743884,0.0,1.0,888.0,256971.75691361123,180,-22.45958702600128,0.0,118,-41.7022216411966,0.0,203,-33.00594387513141,0.0,180,-51.35784898094908,0.0,118,-35.51522720289991,0.0,118,-55.7216326788024,0.0,0.0,0.344037842326219,0.344037842326219,0.0,244589.8349682906,244589.8349682906,1238.5362323743884,1238.5362323743884,1238.5362323743884,0.0,0.0,321.5362323743884,0.0,917
1238.192194532062,0.0,-12381.92194532062,0.0,41253.0,0.0,-0.0,1.0,0.37853033242258655,0.0,799.2,321.5362323743884,0.0,1.0,888.0,256971.75691361123,180,-27.350894118575212,0.0,118,-7.676964536328121,0.0,203,-42.64584167252622,0.0,180,-6.584024406505931,0.0,118,-56.667719635236566,0.0,118,-46.74151836544121,0.0,0.0,0.344037842326219,0.344037842326219,0.0,244589.8349682906,244589.8349682906,1238.5362323743884,1238.5362323743884,1238.5362323743884,0.0,0.0,321.5362323743884,0.0,917
1238.192194532062,0.0,-12381.92194532062,0.0,41253.0,0.0,-0.0,1.0,0.37853033242258655,0.0,799.2,321.5362323743884,0.0,1.0,888.0,256971.75691361123,180,-56.59054171132763,0.0,118,-56.06943144651931,0.0,203,-9.158866284496934,0.0,180,-3.5827868392499207,0.0,118,-14.456580607610876,0.0,118,-59.42902285694135,0.0,0.0,0.344037842326219,0.344037842326219,0.0,244589.8349682906,244589.8349682906,1238.5362323743884,1238.5362323743884,1238.5362323743884,0.0,0.0,321.5362323743884,0.0,917
487.8295196744758,0.0,-4878.295196744758,0.0,41253.0,429.03493447398915,-0.0,1.0,0.37853033242258655,0.0,799.2,0.0,0.0,1.0,888.0,-0.0,180,-52.1816341025544,0.0,118,-51.89259604726834,0.0,203,-48.61725476660705,0.0,180,-24.49907477646199,0.0,118,-47.13323999584161,0.0,118,-59.09312465460874,0.0,0.0,0.135545851535003,0.135545851535003,0.0,-4878.295196744758,-4878.295196744758,917.0,917.0,487.96506552601085,0.0,429.03493447398915,0.0,0.0,917
487.8295196744758,0.0,-4878.295196744758,0.0,40776.294517251124,429.03493447398915,-0.0,0.9884443438598678,0.37853033242258655,0.0,799.2,0.0,0.0,1.0,888.0,-0.0,180,-36.89288128859843,0.0,118,-25.21329102804682,0.0,203,-16.36971518950155,0.0,180,-2.8468879264758984,0.0,118,-35.34164977812125,0.0,118,-39.36338383274768,0.0,0.0,0.135545851535003,0.135545851535003,0.0,-4878.295196744758,-4878.295196744758,917.0,917.0,487.96506552601085,0.0,429.03493447398915,0.0,0.0,917
487.8295196744758,0.0,-4878.295196744758,0.0,40299.58903450225,429.03493447398915,-0.0,0.9768886877197355,0.37853033242258655,0.0,799.2,0.0,0.0,1.0,888.0,-0.0,180,-18.962203820984328,0.0,118,-41.25461844018612,0.0,203,-55.165013034855015,0.0,180,-40.54737226346386,0.0,118,-44.222921089808935,0.0,118,-34.022530405846254,0.0,0.0,0.135545851535003,0.135545851535003,0.0,-4878.295196744758,-4878.295196744758,917.0,917.0,487.96506552601085,0.0,429.03493447398915,0.0,0.0,917
487.8295196744758,0.0,-4878.295196744758,0.0,39822.88355175337,367.03493447398915,-0.0,0.9653330315796033,0.37853033242258655,0.0,799.2,0.0,0.0,1.0,888.0,-0.0,180,-34.26940809211642,0.0,118,-37.066867505606346,0.0,203,-31.65554726032344,0.0,118,-35.123519749196966,0.0,118,-56.493882627925345,0.0,118,-26.53410006565061,0.0,0.0,0.135545851535003,0.135545851535003,0.0,-4878.295196744758,-4878.295196744758,855.0,855.0,487.96506552601085,0.0,367.03493447398915,0.0,0.0,855
487.8295196744758,0.0,-4878.295196744758,0.0,39415.06695789339,367.03493447398915,-0.0,0.9554472876613431,0.37853033242258655,0.0,799.2,0.0,0.0,1.0,888.0,-0.0,180,-9.27535518271553,0.0,118,-29.369623947265996,0.0,203,-54.43654939291924,0.0,118,-15.946380024869814,0.0,118,-44.203257620822164,0.0,118,-7.907897975358839,0.0,0.0,0.135545851535003,0.135545851535003,0.0,-4878.295196744758,-4878.295196744758,855.0,855.0,487.96506552601085,0.0,367.03493447398915,0.0,0.0,855
487.8295196744758,0.0,-4878.295196744758,0.0,39007.2503640334,367.03493447398915,-0.0,0.945561543743083,0.37853033242258655,0.0,799.2,0.0,0.0,1.0,888.0,-0.0,180,-53.71898055158283,0.0,118,-38.023837098758456,0.0,203,-57.443271162886916,0.0,118,-4.798284848900152,0.0,118,-10.750488286575715,0.0,118,-0.6404253630593049,0.0,0.0,0.135545851535003,0.135545851535003,0.0,-4878.295196744758,-4878.295196744758,855.0,855.0,487.96506552601085,0.0,367.03493447398915,0.0,0.0,855
0.0,0.0,-0.0,0.0,38599.43377017342,793.0,-0.0,0.9356757998248229,0.37853033242258655,0.0,799.2,0.0,0.0,1.0,888.0,-0.0,118,-58.80085782687504,0.0,118,-15.20949669499034,0.0,203,-32.53271356494824,0.0,118,-7.405787929980232,0.0,118,-57.06316473918284,0.0,118,-9.208103979809461,0.0,0.0,0.0,0.0,0.0,0.0,0.0,793.0,793.0,0.0,0.0,793.0,0.0,0.0,793
0.0,0.0,-0.0,0.0,37718.32265906231,793.0,-0.0,0.9143170838257171,0.37853033242258655,0.0,799.2,0.0,0.0,1.0,888.0,-0.0,118,-14.232298680410702,0.0,118,-56.818356893135764,0.0,203,-33.01578772497907,0.0,118,-12.68616550799226,0.0,118,-59.4056111798616,0.0,118,-54.84573487241794,0.0,0.0,0.0,0.0,0.0,0.0,0.0,793.0,793.0,0.0,0.0,793.0,0.0,0.0,793
0.0,0.0,-0.0,0.0,36837.2115479512,793.0,-0.0,0.8929583678266114,0.37853033242258655,0.0,799.2,0.0,0.0,1.0,888.0,-0.0,118,-19.676535607726557,0.0,118,-17.432943622175497,0.0,203,-57.93658995592899,0.0,118,-50.89023209695423,0.0,118,-46.2236994424897,0.0,118,-31.653687548768545,0.0,0.0,0.0,0.0,0.0,0.0,0.0,793.0,793.0,0.0,0.0,793.0,0.0,0.0,793
0.0,0.0,-0.0,0.0,35956.10043684009,793.0,-0.0,0.8715996518275057,0.37853033242258655,0.0,799.2,0.0,0.0,1.0,888.0,-0.0,118,-21.904973918829842,0.0,118,-29.351067031132736,0.0,203,-51.15463253488558,0.0,118,-32.06485686612973,0.0,118,-46.571933395885225,0.0,118,-18.723406048608766,0.0,0.0,0.0,0.0,0.0,0.0,0.0,793.0,793.0,0.0,0.0,793.0,0.0,0.0,793
0.0,0.0,-0.0,0.0,35074.98932572898,770.0,-0.0,0.8502409358283999,0.37853033242258655,0.0,799.2,0.0,0.0,1.0,888.0,-0.0,118,-38.12730693579555,0.0,118,-33.46049778075796,0.0,180,-22.627515053853113,0.0,118,-7.810853313620749,0.0,118,-17.657815436701362,0.0,118,-28.429277038918464,0.0,0.0,0.0,0.0,0.0,0.0,0.0,770.0,770.0,0.0,0.0,770.0,0.0,0.0,770
0.0,0.0,-0.0,0.0,34219.433770173426,770.0,-0.0,0.8295017033954725,0.37853033242258655,0.0,799.2,0.0,0.0,1.0,888.0,-0.0,118,-43.36514411068659,0.0,118,-34.47395506647583,0.0,180,-18.32614955857627,0.0,118,-33.12280675712512,0.0,118,-13.132735391753998,0.0,118,-11.004468598522832,0.0,0.0,0.0,0.0,0.0,0.0,0.0,770.0,770.0,0.0,0.0,770.0,0.0,0.0,770
0.0,0.0,-0.0,0.0,33363.87821461787,770.0,-0.0,0.808762470962545,0.37853033242258655,0.0,799.2,0.0,0.0,1.0,888.0,-0.0,118,-4.754950854247834,0.0,118,-50.23798406994766,0.0,180,-29.947296543023235,0.0,118,-15.54006244823054,0.0,118,-43.956965701958495,0.0,118,-13.365093846788534,0.0,0.0,0.0,0.0,0.0,0.0,0.0,770.0,770.0,0.0,0.0,770.0,0.0,0.0,770
0.0,0.0,-0.0,0.0,32508.322659062316,770.0,-0.0,0.7880232385296176,0.37853033242258655,0.0,799.2,0.0,0.0,1.0,888.0,-0.0,118,-20.90570912775452,0.0,118,-4.201440177348421,0.0,180,-41.549280882150164,0.0,118,-26.599542790127913,0.0,118,-10.234117325936731,0.0,118,-31.054516483828444,0.0,0.0,0.0,0.0,0.0,0.0,0.0,770.0,770.0,0.0,0.0,770.0,0.0,0.0,770
0.0,0.0,-0.0,0.0,31652.76710350676,770.0,-0.0,0.7672840060966902,0.37853033242258655,0.0,799.2,0.0,0.0,1.0,888.0,-0.0,118,-23.61377254884877,0.0,118,-46.34666023554214,0.0,180,-21.950362104601865,0.0,118,-24.839435323588294,0.0,118,-43.529763239146206,0.0,118,-26.22489953489149,0.0,0.0,0.0,0.0,0.0,0.0,0.0,770.0,770.0,0.0,0.0,770.0,0.0,0.0,770
0.0,0.0,-0.0,0.0,30797.211547951207,770.0,-0.0,0.7465447736637628,0.37853033242258655,0.0,799.2,0.0,0.0,1.0,888.0,-0.0,118,-37.94831626718924,0.0,118,-50.94828510794104,0.0,180,-57.22516631932141,0.0,118,-6.5694113752571015,0.0,118,-54.816246204518706,0.0,118,-1.7461838094260407,0.0,0.0,0.0,0.0,0.0,0.0,0.0,770.0,770.0,0.0,0.0,770.0,0.0,0.0,770
0.0,0.0,-0.0,0.0,29941.655992395652,832.0,-0.0,0.7258055412308354,0.37853033242258655,0.0,799.2,0.0,0.0,1.0,888.0,-0.0,180,-6.39920902068249,0.0,118,-39.29635412166897,0.0,180,-4.464296246567406,0.0,118,-1.7437199060829212,0.0,118,-5.738674776550883,0.0,118,-22.71508583132391,0.0,0.0,0.0,0.0,0.0,0.0,0.0,832.0,832.0,0.0,0.0,832.0,0.0,0.0,832
0.0,0.0,-0.0,0.0,29017.211547951207,832.0,-0.0,0.7033963965760358,0.37853033242258655,0.0,799.2,0.0,0.0,1.0,888.0,-0.0,180,-23.28979472399607,0.0,118,-46.208533781982865,0.0,180,-59.74585516366736,0.0,118,-37.819467034132295,0.0,118,-2.2529177631903496,0.0,118,-8.137180978199689,0.0,0.0,0.0,0.0,0.0,0.0,0.0,832.0,832.0,0.0,0.0,832.0,0.0,0.0,832
0.0,0.0,-0.0,0.0,28092.76710350676,832.0,-0.0,0.6809872519212363,0.37853033242258655,0.0,799.2,0.0,0.0,1.0,888.0,-0.0,180,-13.983361768128745,0.0,118,-44.596471363893414,0.0,180,-32.16425626334486,0.0,118,-38.04623341484469,0.0,118,-39.50241640250304,0.0,118,-52.70963647725817,0.0,0.0,0.0,0.0,0.0,0.0,0.0,832.0,832.0,0.0,0.0,832.0,0.0,0.0,832
0.0,0.0,-0.0,0.0,27168.322659062316,832.0,-0.0,0.6585781072664367,0.37853033242258655,0.0,799.2,0.0,0.0,1.0,888.0,-0.0,180,-4.256596960668175,0.0,118,-16.49684329515377,0.0,180,-34.50247783617306,0.0,118,-25.901753119787013,0.0,118,-53.11079633509783,0.0,118,-6.3894398365994505,0.0,0.0,0.0,0.0,0.0,0.0,0.0,832.0,832.0,0.0,0.0,832.0,0.0,0.0,832
0.0,0.0,-0.0,0.0,26243.87821461787,832.0,-0.0,0.6361689626116372,0.37853033242258655,0.0,799.2,0.0,0.0,1.0,888.0,-0.0,180,-25.27982550019479,0.0,118,-40.7446455767238,0.0,180,-14.409214241946229,0.0,118,-12.910021068961473,0.0,118,-55.4809645755151,0.0,118,-48.957508085056986,0.0,0.0,0.0,0.0,0.0,0.0,0.0,832.0,832.0,0.0,0.0,832.0,0.0,0.0,832
0.0,0.0,-0.0,0.0,25319.433770173426,832.0,-0.0,0.6137598179568376,0.37853033242258655,0.0,799.2,0.0,0.0,1.0,888.0,-0.0,180,-34.57240050401309,0.0,118,-11.292066249331542,0.0,180,-48.64208550156699,0.0,118,-7.058332721007014,0.0,118,-54.06604363400703,0.0,118,-19.655557152459796,0.0,0.0,0.0,0.0,0.0,0.0,0.0,832.0,832.0,0.0,0.0,832.0,0.0,0.0,832
0.0,0.0,-0.0,0.0,24394.98932572898,832.0,-0.0,0.5913506733020382,0.37853033242258655,0.0,799.2,0.0,0.0,1.0,888.0,-0.0,180,-24.89616086094436,0.0,118,-8.803471271398308,0.0,180,-9.485298909122621,0.0,118,-24.232551613740753,0.0,118,-47.75860306402045,0.0,118,-27.97045680213203,0.0,0.0,0.0,0.0,0.0,0.0,0.0,832.0,832.0,0.0,0.0,832.0,0.0,0.0,832
0.0,0.0,-0.0,0.0,23470.544881284535,832.0,-0.0,0.5689415286472387,0.37853033242258655,0.0,799.2,0.0,0.0,1.0,888.0,-0.0,180,-18.06737144335804,0.0,118,-41.96862540608015,0.0,180,-3.99516140700237,0.0,118,-39.87997740796728,0.0,118,-38.67645860558852,0.0,118,-16.587900815821733,0.0,0.0,0.0,0.0,0.0,0.0,0.0,832.0,832.0,0.0,0.0,832.0,0.0,0.0,832
0.0,0.0,-0.0,0.0,22546.10043684009,832.0,-0.0,0.5465323839924391,0.37853033242258655,0.0,799.2,0.0,0.0,1.0,888.0,-0.0,180,-55.487306500378686,0.0,118,-35.355981771927446,0.0,180,-35.15203807087266,0.0,118,-43.31202497038927,0.0,118,-11.155974196192393,0.0,118,-11.05078767419072,0.0,0.0,0.0,0.0,0.0,0.0,0.0,832.0,832.0,0.0,0.0,832.0,0.0,0.0,832
0.0,0.0,-0.0,0.0,21621.655992395645,832.0,-0.0,0.5241232393376396,0.37853033242258655,0.0,799.2,0.0,0.0,1.0,888.0,-0.0,180,-9.631051051725965,0.0,118,-30.748865078560623,0.0,180,-30.847000864629507,0.0,118,-53.04691706982936,0.0,118,-11.360223688773704,0.0,118,-5.011427816772775,0.0,0.0,0.0,0.0,0.0,0.0,0.0,832.0,832.0,0.0,0.0,832.0,0.0,0.0,832
0.0,0.0,-0.0,0.0,20697.2115479512,832.0,-0.0,0.50171409468284,0.37853033242258655,0.0,799.2,0.0,0.0,1.0,888.0,-0.0,180,-5.404821919584184,0.0,118,-33.61930261775074,0.0,180,-40.811480806381496,0.0,118,-17.287447706651385,0.0,118,-55.85356088932005,0.0,118,-49.6851472322117,0.0,0.0,0.0,0.0,0.0,0.0,0.0,832.0,832.0,0.0,0.0,832.0,0.0,0.0,832
0.0,0.0,-0.0,0.0,19772.767103506754,832.0,-0.0,0.47930495002804047,0.37853033242258655,0.0,799.2,0.0,0.0,1.0,888.0,-0.0,180,-7.664783367221199,0.0,118,-45.880861958405696,0.0,180,-55.09157587467344,0.0,118,-35.04528130919841,0.0,118,-2.9330106824875912,0.0,118,-24.910304758083875,0.0,0.0,0.0,0.0,0.0,0.0,0.0,832.0,832.0,0.0,0.0,832.0,0.0,0.0,832
0.0,0.0,-0.0,0.0,18848.32265906231,832.0,-0.0,0.4568958053732409,0.37853033242258655,0.0,799.2,0.0,0.0,1.0,888.0,-0.0,180,-16.848134342455044,0.0,118,-28.03595507641575,0.0,180,-0.7370328148178484,0.0,118,-3.317654236119554,0.0,118,-52.544903554489586,0.0,118,-7.964165825494591,0.0,0.0,0.0,0.0,0.0,0.0,0.0,832.0,832.0,0.0,0.0,832.0,0.0,0.0,832
0.0,0.0,-0.0,0.0,17923.878214617864,832.0,-0.0,0.43448666071844144,0.37853033242258655,0.0,799.2,0.0,0.0,1.0,888.0,-0.0,180,-38.856722602545055,0.0,118,-53.71130157250376,0.0,180,-47.39329531245529,0.0,118,-33.34231592910691,0.0,118,-19.40330686165203,0.0,118,-32.98352999717148,0.0,0.0,0.0,0.0,0.0,0.0,0.0,832.0,832.0,0.0,0.0,832.0,0.0,0.0,832
0.0,0.0,-0.0,0.0,16999.43377017342,832.0,-0.0,0.4120775160636419,0.37853033242258655,0.0,799.2,0.0,0.0,1.0,888.0,-0.0,180,-14.738502730404807,0.0,118,-0.7113992305142025,0.0,180,-50.94643261805563,0.0,118,-48.994879832557515,0.0,118,-30.428323678855186,0.0,118,-26.869842902767576,0.0,0.0,0.0,0.0,0.0,0.0,0.0,832.0,832.0,0.0,0.0,832.0,0.0,0.0,832
0.0,0.0,-0.0,0.0,16074.989325728973,832.0,-0.0,0.38966837140884236,0.37853033242258655,0.0,799.2,0.0,0.0,1.0,888.0,-0.0,180,-58.154758755133145,0.0,118,-11.882724415158357,0.0,180,-51.13350916562993,0.0,118,-41.648884734038496,0.0,118,-26.162944027194527,0.0,118,-2.5362131505627006,0.0,0.0,0.0,0.0,0.0,0.0,0.0,832.0,832.0,0.0,0.0,832.0,0.0,0.0,832
0.0,0.0,-0.0,0.0,15150.544881284528,832.0,-0.0,0.3672592267540428,0.37853033242258655,0.0,799.2,0.0,0.0,1.0,888.0,-0.0,180,-49.843508876308654,0.0,118,-49.67240105442509,0.0,180,-41.41568409404241,0.0,118,-22.31698369217799,0.0,118,-49.08150421669472,0.0,118,-52.708951408088836,0.0,0.0,0.0,0.0,0.0,0.0,0.0,832.0,832.0,0.0,0.0,832.0,0.0,0.0,832
0.0,0.0,-0.0,0.0,14226.100436840083,770.0,-0.0,0.3448500820992433,0.37853033242258655,0.0,799.2,0.0,0.0,1.0,888.0,-0.0,180,-13.467079653249671,0.0,118,-31.868262389261172,0.0,118,-33.15555169875127,0.0,118,-41.36644146989956,0.0,118,-57.41684175255037,0.0,118,-34.44660532850389,0.0,0.0,0.0,0.0,0.0,0.0,0.0,770.0,770.0,0.0,0.0,770.0,0.0,0.0,770
0.0,0.0,-0.0,0.0,13370.544881284528,770.0,-0.0,0.32411084966631587,0.37853033242258655,0.0,799.2,0.0,0.0,1.0,888.0,-0.0,180,-30.922932917055444,0.0,118,-2.3969375061099996,0.0,118,-0.03305509307648391,0.0,118,-31.997912425279072,0.0,118,-32.402758706888996,0.0,118,-34.98710431304412,0.0,0.0,0.0,0.0,0.0,0.0,0.0,770.0,770.0,0.0,0.0,770.0,0.0,0.0,770
0.0,0.0,-0.0,0.0,12514.989325728973,770.0,-0.0,0.30337161723338846,0.37853033242258655,0.0,799.2,0.0,0.0,1.0,888.0,-0.0,180,-4.229014972036977,0.0,118,-10.324521485913966,0.0,118,-41.2378074670948,0.0,118,-24.562994543834613,0.0,118,-4.120900464152095,0.0,118,-4.079581239206236,0.0,0.0,0.0,0.0,0.0,0.0,0.0,770.0,770.0,0.0,0.0,770.0,0.0,0.0,770
0.0,0.0,-0.0,0.0,11659.433770173418,770.0,-0.0,0.28263238480046105,0.37853033242258655,0.0,799.2,0.0,0.0,1.0,888.0,-0.0,180,-48.81442964957484,0.0,118,-23.457571870707557,0.0,118,-53.036291983236836,0.0,118,-3.497792218632003,0.0,118,-9.99486275247085,0.0,118,-47.73667177579822,0.0,0.0,0.0,0.0,0.0,0.0,0.0,770.0,770.0,0.0,0.0,770.0,0.0,0.0,770
0.0,0.0,-0.0,0.0,10803.878214617864,770.0,-0.0,0.2618931523675336,0.37853033242258655,0.0,799.2,0.0,0.0,1.0,888.0,-0.0,180,-21.480736618325096,0.0,118,-10.888387214509343,0.0,118,-39.216093653591365,0.0,118,-26.804673926889134,0.0,118,-26.488386491362622,0.0,118,-40.92843163125722,0.0,0.0,0.0,0.0,0.0,0.0,0.0,770.0,770.0,0.0,0.0,770.0,0.0,0.0,770
0.0,0.0,-0.0,0.0,9948.322659062309,770.0,-0.0,0.2411539199346062,0.37853033242258655,0.0,799.2,0.0,0.0,1.0,888.0,-0.0,180,-5.423982980004302,0.0,118,-19.220304363770676,0.0,118,-4.6454515771096005,0.0,118,-29.306446508144607,0.0,118,-38.753337033116,0.0,118,-5.835778606496207,0.0,0.0,0.0,0.0,0.0,0.0,0.0,770.0,770.0,0.0,0.0,770.0,0.0,0.0,770
0.0,0.0,-0.0,0.0,9092.767103506754,770.0,-0.0,0.22041468750167878,0.37853033242258655,0.0,799.2,0.0,0.0,1.0,888.0,-0.0,180,-39.64703491879643,0.0,118,-35.134397984113136,0.0,118,-48.896446820500095,0.0,118,-5.2530156381069375,0.0,118,-40.72155303087974,0.0,118,-27.609514106835913,0.0,0.0,0.0,0.0,0.0,0.0,0.0,770.0,770.0,0.0,0.0,770.0,0.0,0.0,770
0.0,0.0,-0.0,0.0,8237.2115479512,770.0,-0.0,0.19967545506875134,0.37853033242258655,0.0,799.2,0.0,0.0,1.0,888.0,-0.0,180,-18.520984114932624,0.0,118,-12.567053174513354,0.0,118,-55.39521487671913,0.0,118,-48.11826965517115,0.0,118,-46.02144456837982,0.0,118,-56.73203684588757,0.0,0.0,0.0,0.0,0.0,0.0,0.0,770.0,770.0,0.0,0.0,770.0,0.0,0.0,770
0.0,0.0,-0.0,0.0,7381.655992395644,770.0,-0.0,0.1789362226358239,0.37853033242258655,0.0,799.2,0.0,0.0,1.0,888.0,-0.0,180,-19.25463632181992,0.0,118,-45.78177460938932,0.0,118,-41.682298912938776,0.0,118,-38.0791367678215,0.0,118,-52.92776743096735,0.0,118,-36.272416240136224,0.0,0.0,0.0,0.0,0.0,0.0,0.0,770.0,770.0,0.0,0.0,770.0,0.0,0.0,770
0.0,0.0,-0.0,0.0,6526.100436840088,772.0,-0.0,0.15819699020289646,0.37853033242258655,0.0,799.2,0.0,0.0,1.0,888.0,-0.0,180,-30.945658317976616,0.0,118,-36.46197332300283,0.0,118,-37.05716260239496,0.0,118,-52.00435370408091,0.0,118,-17.043750237498667,0.0,120,-8.516846369044984,0.0,0.0,0.0,0.0,0.0,0.0,0.0,772.0,772.0,0.0,0.0,772.0,0.0,0.0,772
0.0,0.0,-0.0,0.0,5668.322659062311,772.0,-0.0,0.1374038896337796,0.37853033242258655,0.0,799.2,0.0,0.0,1.0,888.0,-0.0,180,-17.766396671015183,0.0,118,-13.763243612806397,0.0,118,-0.976430624598772,0.0,118,-28.060317001566418,0.0,118,-42.40058906920863,0.0,120,-53.69958744445462,0.0,0.0,0.0,0.0,0.0,0.0,0.0,772.0,772.0,0.0,0.0,772.0,0.0,0.0,772
0.0,0.0,-0.0,0.0,4810.544881284533,772.0,-0.0,0.11661078906466277,0.37853033242258655,0.0,799.2,0.0,0.0,1.0,888.0,-0.0,180,-21.944327898561426,0.0,118,-21.35615610619994,0.0,118,-32.09836741970756,0.0,118,-11.3440092285429,0.0,118,-55.23577860998294,0.0,120,-5.466117519262053,0.0,0.0,0.0,0.0,0.0,0.0,0.0,772.0,772.0,0.0,0.0,772.0,0.0,0.0,772
0.0,0.0,-0.0,0.0,3952.7671035067556,772.0,-0.0,0.09581768849554591,0.37853033242258655,0.0,799.2,0.0,0.0,1.0,888.0,-0.0,180,-1.4188134013104703,0.0,118,-12.907899529595408,0.0,118,-8.574378742168902,0.0,118,-6.450091286976041,0.0,118,-2.9207150921280567,0.0,120,-30.91730468935442,0.0,0.0,0.0,0.0,0.0,0.0,0.0,772.0,772.0,0.0,0.0,772.0,0.0,0.0,772
0.0,0.0,-0.0,0.0,3094.9893257289777,772.0,-0.0,0.07502458792642905,0.37853033242258655,0.0,799.2,0.0,0.0,1.0,888.0,-0.0,180,-59.76938193070595,0.0,118,-14.057519039843235,0.0,118,-12.394164360448233,0.0,118,-25.492368981878254,0.0,118,-33.11109035387674,0.0,120,-25.26189530744717,0.0,0.0,0.0,0.0,0.0,0.0,0.0,772.0,772.0,0.0,0.0,772.0,0.0,0.0,772
0.0,0.0,-0.0,0.0,2237.2115479512,772.0,-0.0,0.054231487357312196,0.37853033242258655,0.0,799.2,0.0,0.0,1.0,888.0,-0.0,180,-52.21626262291616,0.0,118,-37.665283545190725,0.0,118,-17.51184584940868,0.0,118,-37.87234800332283,0.0,118,-19.790639020742734,0.0,120,-24.77203355486235,0.0,0.0,0.0,0.0,0.0,0.0,0.0,772.0,772.0,0.0,0.0,772.0,0.0,0.0,772
0.0,0.0,-0.0,0.0,1379.433770173422,772.0,-0.0,0.033438386788195336,0.37853033242258655,0.0,799.2,0.0,0.0,1.0,888.0,-0.0,180,-46.632043034819226,0.0,118,-27.894385677393853,0.0,118,-10.535836129799483,0.0,118,-30.77785246179606,0.0,118,-45.78853012998738,0.0,120,-47.6003648624146,0.0,0.0,0.0,0.0,0.0,0.0,0.0,772.0,772.0,0.0,0.0,772.0,0.0,0.0,772
0.0,0.0,-0.0,0.0,521.6559923956444,469.49039315607996,-0.0,0.012645286219078476,0.37853033242258655,114.50906203965502,799.2,0.0,302.50960684392004,1.0,888.0,-268628.530877401,180,-9.497118073836548,0.0,118,-39.8856667148728,0.0,118,-49.18721066988871,0.0,118,-24.4891271436119,0.0,118,-24.34018708872972,0.0,120,-25.826046543994067,0.0,0.0,0.0,0.0,0.0,-268628.530877401,-268628.530877401,772.0,772.0,0.0,0.0,772.0,0.0,0.0,772
0.0,0.0,-0.0,0.0,0.0,0.0,-0.0,0.0,0.37853033242258655,292.2254166302368,799.2,0.0,772.0,1.0,888.0,-685536.0,180,-28.28624689577271,0.0,118,-4.065805547809123,0.0,118,-16.22161278052682,0.0,118,-50.41304721224953,0.0,118,-34.293458631346475,0.0,120,-21.210190361228243,0.0,0.0,0.0,0.0,0.0,-685536.0,-685536.0,772.0,772.0,0.0,0.0,772.0,0.0,0.0,772
0.0,0.0,-0.0,0.0,0.0,0.0,-0.0,0.0,0.37853033242258655,292.2254166302368,799.2,0.0,772.0,1.0,888.0,-685536.0,180,-55.91552941246438,0.0,118,-3.1516494089390834,0.0,118,-44.79552148312295,0.0,118,-10.450250841251204,0.0,118,-48.45530449177571,0.0,120,-36.28057739263904,0.0,0.0,0.0,0.0,0.0,-685536.0,-685536.0,772.0,772.0,0.0,0.0,772.0,0.0,0.0,772
0.0,0.0,-0.0,0.0,0.0,0.0,-0.0,0.0,0.37853033242258655,292.2254166302368,799.2,0.0,772.0,1.0,888.0,-685536.0,180,-38.606128401271924,0.0,118,-7.642226773379326,0.0,118,-36.79031440488129,0.0,118,-17.286566860207127,0.0,118,-17.989291719050705,0.0,120,-49.89383699092306,0.0,0.0,0.0,0.0,0.0,-685536.0,-685536.0,772.0,772.0,0.0,0.0,772.0,0.0,0.0,772
0.0,0.0,-0.0,0.0,0.0,0.0,-0.0,0.0,0.37853033242258655,292.2254166302368,799.2,0.0,772.0,1.0,888.0,-685536.0,180,-54.8282709687006,0.0,118,-58.05087029996873,0.0,118,-34.06788094898759,0.0,118,-36.8621593800527,0.0,118,-26.357418392714848,0.0,120,-10.857580332154175,0.0,0.0,0.0,0.0,0.0,-685536.0,-685536.0,772.0,772.0,0.0,0.0,772.0,0.0,0.0,772
0.0,0.0,-0.0,0.0,0.0,0.0,-0.0,0.0,0.37853033242258655,292.2254166302368,799.2,0.0,772.0,1.0,888.0,-685536.0,180,-36.26374752099689,0.0,118,-17.905187513531956,0.0,118,-32.16883951585423,0.0,118,-4.280453987644379,0.0,118,-30.73050634252075,0.0,120,-45.75292436056273,0.0,0.0,0.0,0.0,0.0,-685536.0,-685536.0,772.0,772.0,0.0,0.0,772.0,0.0,0.0,772
0.0,0.0,-0.0,0.0,0.0,0.0,-0.0,0.0,0.37853033242258655,292.2254166302368,799.2,0.0,772.0,1.0,888.0,-685536.0,180,-28.23611828806557,0.0,118,-20.67749798763756,0.0,118,-2.7750791466314495,0.0,118,-56.0513599540722,0.0,118,-33.29447982915494,0.0,120,-32.03063862660835,0.0,0.0,0.0,0.0,0.0,-685536.0,-685536.0,772.0,772.0,0.0,0.0,772.0,0.0,0.0,772
0.0,0.0,-0.0,0.0,0.0,0.0,-0.0,0.0,0.37853033242258655,292.2254166302368,799.2,0.0,772.0,1.0,888.0,-685536.0,180,-16.73547668165391,0.0,118,-23.83335162716033,0.0,118,-30.383600946911983,0.0,118,-52.99928635440089,0.0,118,-59.06565912853281,0.0,120,-46.42032277123523,0.0,0.0,0.0,0.0,0.0,-685536.0,-685536.0,772.0,772.0,0.0,0.0,772.0,0.0,0.0,772
0.0,0.0,-0.0,0.0,0.0,0.0,-0.0,0.0,0.37853033242258655,292.2254166302368,799.2,0.0,772.0,1.0,888.0,-685536.0,180,-52.46365396738244,0.0,118,-36.27802623664189,0.0,118,-5.163927977750307,0.0,118,-24.381806291445297,0.0,118,-39.80476458154919,0.0,120,-11.733611754821787,0.0,0.0,0.0,0.0,0.0,-685536.0,-685536.0,772.0,772.0,0.0,0.0,772.0,0.0,0.0,772
0.0,0.0,-0.0,0.0,0.0,0.0,-0.0,0.0,0.37853033242258655,292.2254166302368,799.2,0.0,772.0,1.0,888.0,-685536.0,180,-57.63072634817105,0.0,118,-28.703967354502563,0.0,118,-34.581132951591165,0.0,118,-8.8839776036923,0.0,118,-11.827305949047453,0.0,120,-25.917557614551075,0.0,0.0,0.0,0.0,0.0,-685536.0,-685536.0,772.0,772.0,0.0,0.0,772.0,0.0,0.0,772
0.0,0.0,-0.0,0.0,0.0,0.0,-0.0,0.0,0.37853033242258655,292.2254166302368,799.2,0.0,772.0,1.0,888.0,-685536.0,180,-13.758318725782297,0.0,118,-14.879567942745739,0.0,118,-55.93340016848834,0.0,118,-10.653132603283792,0.0,118,-50.646011294923305,0.0,120,-3.1132018475122947,0.0,0.0,0.0,0.0,0.0,-685536.0,-685536.0,772.0,772.0,0.0,0.0,772.0,0.0,0.0,772
0.0,0.0,-0.0,0.0,0.0,0.0,-0.0,0.0,0.37853033242258655,292.2254166302368,799.2,0.0,772.0,1.0,888.0,-685536.0,180,-52.9664436294057,0.0,118,-19.559173975923944,0.0,118,-36.529506382593574,0.0,118,-3.863031126742771,0.0,118,-22.976706894823145,0.0,120,-0.8199666274466288,0.0,0.0,0.0,0.0,0.0,-685536.0,-685536.0,772.0,772.0,0.0,0.0,772.0,0.0,0.0,772
0.0,0.0,-0.0,0.0,0.0,0.0,-0.0,0.0,0.37853033242258655,315.69429724043715,799.2,0.0,834.0,1.0,888.0,-740592.0,180,-57.469369745725096,0.0,118,-51.42363308633307,0.0,180,-10.633951189517719,0.0,118,-25.009003589258146,0.0,118,-51.30841361970712,0.0,120,-33.633243190196076,0.0,0.0,0.0,0.0,0.0,-740592.0,-740592.0,834.0,834.0,0.0,0.0,834.0,0.0,0.0,834
0.0,0.0,-0.0,0.0,0.0,0.0,-0.0,0.0,0.37853033242258655,315.69429724043715,799.2,0.0,834.0,1.0,888.0,-740592.0,180,-15.055726679263291,0.0,118,-8.263119935099827,0.0,180,-57.94424209548289,0.0,118,-2.577149857825165,0.0,118,-36.35135541694281,0.0,120,-50.87354636826282,0.0,0.0,0.0,0.0,0.0,-740592.0,-740592.0,834.0,834.0,0.0,0.0,834.0,0.0,0.0,834
0.0,0.0,-0.0,0.0,0.0,0.0,-0.0,0.0,0.37853033242258655,315.69429724043715,799.2,0.0,834.0,1.0,888.0,-740592.0,180,-13.079673509587114,0.0,118,-10.075120938316944,0.0,180,-59.88321305925332,0.0,118,-18.284247191067752,0.0,118,-22.09150102535996,0.0,120,-47.13791103888693,0.0,0.0,0.0,0.0,0.0,-740592.0,-740592.0,834.0,834.0,0.0,0.0,834.0,0.0,0.0,834
0.0,0.0,-0.0,0.0,0.0,0.0,-0.0,0.0,0.37853033242258655,315.69429724043715,799.2,0.0,834.0,1.0,888.0,-740592.0,180,-2.362382462318262,0.0,118,-51.859612859670996,0.0,180,-3.2762879339507744,0.0,118,-51.83968670701826,0.0,118,-26.755827678687126,0.0,120,-27.35705629150783,0.0,0.0,0.0,0.0,0.0,-740592.0,-740592.0,834.0,834.0,0.0,0.0,834.0,0.0,0.0,834
0.0,0.0,-0.0,0.0,0.0,0.0,-0.0,0.0,0.37853033242258655,315.69429724043715,799.2,0.0,834.0,1.0,888.0,-740592.0,180,-26.932077420370746,0.0,118,-25.095565997935616,0.0,180,-52.31626441390251,0.0,118,-30.21487266433081,0.0,118,-11.77893805109459,0.0,120,-13.60214692330443,0.0,0.0,0.0,0.0,0.0,-740592.0,-740592.0,834.0,834.0,0.0,0.0,834.0,0.0,0.0,834
0.0,0.0,-0.0,0.0,0.0,0.0,-0.0,0.0,0.37853033242258655,315.69429724043715,799.2,0.0,834.0,1.0,888.0,-740592.0,180,-6.030956807896941,0.0,118,-32.918539314495064,0.0,180,-26.94278213609412,0.0,118,-4.399444116168649,0.0,118,-31.71276425405773,0.0,120,-23.278411055500165,0.0,0.0,0.0,0.0,0.0,-740592.0,-740592.0,834.0,834.0,0.0,0.0,834.0,0.0,0.0,834
0.0,0.0,-0.0,0.0,0.0,0.0,-0.0,0.0,0.37853033242258655,315.69429724043715,799.2,0.0,834.0,1.0,888.0,-740592.0,180,-19.161728430973895,0.0,118,-51.91894228156914,0.0,180,-4.681239729405151,0.0,118,-52.66481556068612,0.0,118,-25.590262370874473,0.0,120,-21.937798720299064,0.0,0.0,0.0,0.0,0.0,-740592.0,-740592.0,834.0,834.0,0.0,0.0,834.0,0.0,0.0,834
0.0,0.0,-0.0,0.0,0.0,0.0,-0.0,0.0,0.37853033242258655,316.45135790528235,799.2,0.0,836.0,1.0,888.0,-742368.0,180,-25.274943678453482,0.0,120,-52.734933931387545,0.0,180,-20.510248477047185,0.0,118,-36.238647747485935,0.0,118,-44.04650811599326,0.0,120,-58.39247346287832,0.0,0.0,0.0,0.0,0.0,-742368.0,-742368.0,836.0,836.0,0.0,0.0,836.0,0.0,0.0,836
0.0,0.0,-0.0,0.0,0.0,0.0,-0.0,0.0,0.37853033242258655,316.45135790528235,799.2,0.0,836.0,1.0,888.0,-742368.0,180,-25.334460972405623,0.0,120,-32.616771948711154,0.0,180,-12.1601936336845,0.0,118,-26.368293586531944,0.0,118,-22.99571069799037,0.0,120,-28.807406121117786,0.0,0.0,0.0,0.0,0.0,-742368.0,-742368.0,836.0,836.0,0.0,0.0,836.0,0.0,0.0,836
0.0,0.0,-0.0,0.0,0.0,0.0,-0.0,0.0,0.37853033242258655,316.45135790528235,799.2,0.0,836.0,1.0,888.0,-742368.0,180,-42.625589379329185,0.0,120,-58.16308371950824,0.0,180,-0.032876309800333736,0.0,118,-21.90985169712455,0.0,118,-2.021714014330498,0.0,120,-15.2021236032251,0.0,0.0,0.0,0.0,0.0,-742368.0,-742368.0,836.0,836.0,0.0,0.0,836.0,0.0,0.0,836
0.0,0.0,-0.0,0.0,0.0,0.0,-0.0,0.0,0.37853033242258655,316.45135790528235,799.2,0.0,836.0,1.0,888.0,-742368.0,180,-15.999500596426582,0.0,120,-58.01317977209151,0.0,180,-27.682227454849272,0.0,118,-46.390585236236646,0.0,118,-52.224323259646525,0.0,120,-30.55628037863571,0.0,0.0,0.0,0.0,0.0,-742368.0,-742368.0,836.0,836.0,0.0,0.0,836.0,0.0,0.0,836
0.0,0.0,-0.0,0.0,0.0,0.0,-0.0,0.0,0.37853033242258655,316.45135790528235,799.2,0.0,836.0,1.0,888.0,-742368.0,180,-24.69924163307629,0.0,120,-32.80804628572853,0.0,180,-52.320312544302105,0.0,118,-35.775394197353684,0.0,118,-34.31292935348138,0.0,120,-31.095541923837146,0.0,0.0,0.0,0.0,0.0,-742368.0,-742368.0,836.0,836.0,0.0,0.0,836.0,0.0,0.0,836
0.0,0.0,-0.0,0.0,0.0,0.0,-0.0,0.0,0.37853033242258655,316.45135790528235,799.2,0.0,836.0,1.0,888.0,-742368.0,180,-4.623825869300891,0.0,120,-14.501814707188935,0.0,180,-41.362916318351154,0.0,118,-5.651742409064308,0.0,118,-38.99342045124655,0.0,120,-30.662615024137832,0.0,0.0,0.0,0.0,0.0,-742368.0,-742368.0,836.0,836.0,0.0,0.0,836.0,0.0,0.0,836
0.0,0.0,-0.0,0.0,0.0,0.0,-0.0,0.0,0.37853033242258655,316.45135790528235,799.2,0.0,836.0,1.0,888.0,-742368.0,180,-35.29720317373427,0.0,120,-34.8022054043108,0.0,180,-29.773932990534323,0.0,118,-40.724530211352985,0.0,118,-42.436306978091075,0.0,120,-53.67486657714467,0.0,0.0,0.0,0.0,0.0,-742368.0,-742368.0,836.0,836.0,0.0,0.0,836.0,0.0,0.0,836
0.0,0.0,-0.0,0.0,0.0,0.0,-0.0,0.0,0.37853033242258655,316.45135790528235,799.2,0.0,836.0,1.0,888.0,-742368.0,180,-2.502286259862345,0.0,120,-14.808655051787653,0.0,180,-23.10643962729983,0.0,118,-38.5816826737262,0.0,118,-48.75475221773394,0.0,120,-15.356150835373093,0.0,0.0,0.0,0.0,0.0,-742368.0,-742368.0,836.0,836.0,0.0,0.0,836.0,0.0,0.0,836
0.0,0.0,-0.0,0.0,0.0,0.0,-0.0,0.0,0.37853033242258655,316.45135790528235,799.2,0.0,836.0,1.0,888.0,-742368.0,180,-58.558013442913484,0.0,120,-54.099243068887105,0.0,180,-3.256132510005143,0.0,118,-51.739892089089466,0.0,118,-54.39688495578219,0.0,120,-18.666148329508736,0.0,0.0,0.0,0.0,0.0,-742368.0,-742368.0,836.0,836.0,0.0,0.0,836.0,0.0,0.0,836
0.0,0.0,-0.0,0.0,0.0,0.0,-0.0,0.0,0.37853033242258655,316.45135790528235,799.2,0.0,836.0,1.0,888.0,-742368.0,180,-25.703401667536227,0.0,120,-0.6131233984991713,0.0,180,-10.1817055601365,0.0,118,-33.3449679068396,0.0,118,-46.83090248860309,0.0,120,-42.123442234691545,0.0,0.0,0.0,0.0,0.0,-742368.0,-742368.0,836.0,836.0,0.0,0.0,836.0,0.0,0.0,836
0.0,0.0,-0.0,0.0,0.0,0.0,-0.0,0.0,0.37853033242258655,316.45135790528235,799.2,0.0,836.0,1.0,888.0,-742368.0,180,-41.52532727557119,0.0,120,-30.863566280068202,0.0,180,-13.671209001054969,0.0,118,-33.3000055633204,0.0,118,-16.312495553640684,0.0,120,-27.206131600893798,0.0,0.0,0.0,0.0,0.0,-742368.0,-742368.0,836.0,836.0,0.0,0.0,836.0,0.0,0.0,836
0.0,0.0,-0.0,0.0,0.0,0.0,-0.0,0.0,0.37853033242258655,316.45135790528235,799.2,0.0,836.0,1.0,888.0,-742368.0,180,-28.31578513651666,0.0,120,-36.085994376385074,0.0,180,-28.129634512939383,0.0,118,-8.966997225440283,0.0,118,-9.939692012042261,0.0,120,-7.982016909542812,0.0,0.0,0.0,0.0,0.0,-742368.0,-742368.0,836.0,836.0,0.0,0.0,836.0,0.0,0.0,836
0.0,0.0,-0.0,0.0,0.0,0.0,-0.0,0.0,0.37853033242258655,292.982477295082,799.2,0.0,774.0,1.0,888.0,-687312.0,118,-56.72961635679289,0.0,120,-28.107971333225706,0.0,180,-6.436943163516117,0.0,118,-44.69425713222743,0.0,118,-18.951256862735285,0.0,120,-56.69425332805035,0.0,0.0,0.0,0.0,0.0,-687312.0,-687312.0,774.0,774.0,0.0,0.0,774.0,0.0,0.0,774
0.0,0.0,-0.0,0.0,0.0,0.0,-0.0,0.0,0.37853033242258655,292.982477295082,799.2,0.0,774.0,1.0,888.0,-687312.0,118,-11.436150730523408,0.0,120,-15.31003420154385,0.0,180,-15.504353428779886,0.0,118,-1.5735426972589184,0.0,118,-46.47911167898181,0.0,120,-23.334675420763368,0.0,0.0,0.0,0.0,0.0,-687312.0,-687312.0,774.0,774.0,0.0,0.0,774.0,0.0,0.0,774
0.0,0.0,-0.0,0.0,0.0,0.0,-0.0,0.0,0.37853033242258655,292.982477295082,799.2,0.0,774.0,1.0,888.0,-687312.0,118,-6.968049033050985,0.0,120,-40.85583674062629,0.0,180,-31.597389474267143,0.0,118,-21.84541758794183,0.0,118,-23.82420658590886,0.0,120,-31.453283531089234,0.0,0.0,0.0,0.0,0.0,-687312.0,-687312.0,774.0,774.0,0.0,0.0,774.0,0.0,0.0,774
0.0,0.0,-0.0,0.0,0.0,0.0,-0.0,0.0,0.37853033242258655,292.982477295082,799.2,0.0,774.0,1.0,888.0,-687312.0,118,-53.35822143957754,0.0,120,-32.84598958988715,0.0,180,-27.75389657225139,0.0,118,-30.682924538732717,0.0,118,-17.318714558212417,0.0,120,-56.56503200993135,0.0,0.0,0.0,0.0,0.0,-687312.0,-687312.0,774.0,774.0,0.0,0.0,774.0,0.0,0.0,774
0.0,0.0,-0.0,0.0,0.0,0.0,-0.0,0.0,0.37853033242258655,292.982477295082,799.2,0.0,774.0,1.0,888.0,-687312.0,118,-28.6371403521542,0.0,120,-0.153251128189813,0.0,180,-20.0305890831445,0.0,118,-45.91516596600345,0.0,118,-29.798208275139864,0.0,120,-8.686255753800653,0.0,0.0,0.0,0.0,0.0,-687312.0,-687312.0,774.0,774.0,0.0,0.0,774.0,0.0,0.0,774
0.0,0.0,-0.0,0.0,0.0,0.0,-0.0,0.0,0.37853033242258655,292.982477295082,799.2,0.0,774.0,1.0,888.0,-687312.0,118,-12.527387516578505,0.0,120,-54.90085410806724,0.0,180,-13.877708435345177,0.0,118,-52.57380711837069,0.0,118,-27.457453389862394,0.0,120,-46.38993066745659,0.0,0.0,0.0,0.0,0.0,-687312.0,-687312.0,774.0,774.0,0.0,0.0,774.0,0.0,0.0,774
0.0,0.0,-0.0,0.0,0.0,0.0,-0.0,0.0,0.37853033242258655,292.982477295082,799.2,0.0,774.0,1.0,888.0,-687312.0,118,-38.01444443547184,0.0,120,-21.177108951934052,0.0,180,-33.20016060665934,0.0,118,-57.803071341181095,0.0,118,-58.72430514409798,0.0,120,-38.50655930946583,0.0,0.0,0.0,0.0,0.0,-687312.0,-687312.0,774.0,774.0,0.0,0.0,774.0,0.0,0.0,774
0.0,0.0,-0.0,0.0,0.0,0.0,-0.0,0.0,0.37853033242258655,292.982477295082,799.2,0.0,774.0,1.0,888.0,-687312.0,118,-48.561715327252436,0.0,120,-21.722749853275737,0.0,180,-22.350351459569797,0.0,118,-39.81375335109227,0.0,118,-44.66786791201662,0.0,120,-0.689266407563367,0.0,0.0,0.0,0.0,0.0,-687312.0,-687312.0,774.0,774.0,0.0,0.0,774.0,0.0,0.0,774
0.0,0.0,-0.0,0.0,0.0,0.0,-0.0,0.0,0.37853033242258655,292.982477295082,799.2,0.0,774.0,1.0,888.0,-687312.0,118,-19.604178798680934,0.0,120,-59.4374649660995,0.0,180,-22.47368687828995,0.0,118,-14.58871762213935,0.0,118,-4.445328088728122,0.0,120,-0.8475862087720243,0.0,0.0,0.0,0.0,0.0,-687312.0,-687312.0,774.0,774.0,0.0,0.0,774.0,0.0,0.0,774
0.0,0.0,-0.0,0.0,0.0,0.0,-0.0,0.0,0.37853033242258655,292.982477295082,799.2,0.0,774.0,1.0,888.0,-687312.0,118,-35.96634904064539,0.0,120,-29.524158113697542,0.0,180,-52.86658633521345,0.0,118,-3.078538025171549,0.0,118,-55.67240023607314,0.0,120,-16.272348282759705,0.0,0.0,0.0,0.0,0.0,-687312.0,-687312.0,774.0,774.0,0.0,0.0,774.0,0.0,0.0,774
324.0636496507152,0.0,-3240.636496507152,0.0,0.0,0.0,-0.0,0.0,0.37853033242258655,170.28047237646496,799.2,0.0,449.84630765696727,1.0,888.0,-399463.5211993869,118,-40.410051094022414,0.0,120,-16.352292290363483,0.0,180,-23.588881958450425,0.0,118,-30.638812717030323,0.0,118,-19.538337399514674,0.0,120,-42.98834276933916,0.0,0.0,0.0900426923175091,0.0900426923175091,0.0,-402704.1576958941,-402704.1576958941,774.0,774.0,324.15369234303273,0.0,449.84630765696727,0.0,0.0,774
324.0636496507152,0.0,-3240.636496507152,0.0,0.0,0.0,-0.0,0.0,0.37853033242258655,170.28047237646496,799.2,0.0,449.84630765696727,1.0,888.0,-399463.5211993869,118,-25.688406695854937,0.0,120,-35.135898219104185,0.0,180,-4.787501473036089,0.0,118,-59.90073306515566,0.0,118,-35.88650244016761,0.0,120,-27.057838462930103,0.0,0.0,0.0900426923175091,0.0900426923175091,0.0,-402704.1576958941,-402704.1576958941,774.0,774.0,324.15369234303273,0.0,449.84630765696727,0.0,0.0,774
324.0636496507152,0.0,-3240.636496507152,0.0,0.0,0.0,-0.0,0.0,0.37853033242258655,170.28047237646496,799.2,0.0,449.84630765696727,1.0,888.0,-399463.5211993869,118,-14.28776003675354,0.0,120,-30.852879565601732,0.0,180,-53.030871530694235,0.0,118,-54.425734266420456,0.0,118,-40.83026929152651,0.0,120,-36.6650570262742,0.0,0.0,0.0900426923175091,0.0900426923175091,0.0,-402704.1576958941,-402704.1576958941,774.0,774.0,324.15369234303273,0.0,449.84630765696727,0.0,0.0,774
324.0636496507152,0.0,-3240.636496507152,0.0,0.0,0.0,-0.0,0.0,0.37853033242258655,170.28047237646496,799.2,0.0,449.84630765696727,1.0,888.0,-399463.5211993869,118,-23.434376910728897,0.0,120,-49.48843267986349,0.0,180,-12.587814515783652,0.0,118,-34.25562911853556,0.0,118,-34.623850042635375,0.0,120,-26.162243714604926,0.0,0.0,0.0900426923175091,0.0900426923175091,0.0,-402704.1576958941,-402704.1576958941,774.0,774.0,324.15369234303273,0.0,449.84630765696727,0.0,0.0,774
324.0636496507152,0.0,-3240.636496507152,0.0,0.0,0.0,-0.0,0.0,0.37853033242258655,171.03753304131013,799.2,0.0,451.84630765696727,1.0,888.0,-401239.5211993869,118,-49.33425095491687,0.0,120,-55.13489773412437,0.0,180,-23.19421247917128,0.0,120,-36.083596576194665,0.0,118,-22.20064404387274,0.0,120,-24.362879407114765,0.0,0.0,0.0900426923175091,0.0900426923175091,0.0,-404480.1576958941,-404480.1576958941,776.0,776.0,324.15369234303273,0.0,451.84630765696727,0.0,0.0,776
324.0636496507152,0.0,-3240.636496507152,0.0,0.0,0.0,-0.0,0.0,0.37853033242258655,171.03753304131013,799.2,0.0,451.84630765696727,1.0,888.0,-401239.5211993869,118,-20.533468390869068,0.0,120,-49.82159431785266,0.0,180,-49.97661171417077,0.0,120,-59.555401220438405,0.0,118,-12.893021889069763,0.0,120,-16.063410425024415,0.0,0.0,0.0900426923175091,0.0900426923175091,0.0,-404480.1576958941,-404480.1576958941,776.0,776.0,324.15369234303273,0.0,451.84630765696727,0.0,0.0,776
1048.9273859828295,0.0,-10489.273859828296,273.2188356594015,0.0,0.0,-0.0,0.0,0.37853033242258655,0.0,799.2,0.0,0.0,1.0,888.0,-0.0,118,-13.936653592286376,0.0,120,-56.291710479182576,0.0,180,-5.313796801976521,0.0,120,-41.467134315082575,0.0,118,-30.92749048775334,0.0,120,-28.338927474291886,0.0,0.0,0.291449676572056,0.291449676572056,0.0,-10489.273859828296,-10489.273859828296,1049.2188356594015,1049.2188356594015,1049.2188356594015,0.0,0.0,273.2188356594015,0.0,776
1048.9273859828295,0.0,-10489.273859828296,275.2188356594015,245.89695209346138,0.0,-0.0,0.00596070472677045,0.37853033242258655,0.0,799.2,0.0,0.0,1.0,888.0,-0.0,118,-10.738695326370458,0.0,120,-0.9537369376134341,0.0,180,-21.821060113760073,0.0,118,-57.859927631358566,0.0,118,-56.66409540612033,0.0,120,-36.84772104632431,0.0,0.0,0.291449676572056,0.291449676572056,0.0,-10489.273859828296,-10489.273859828296,1049.2188356594015,1049.2188356594015,1049.2188356594015,0.0,0.0,275.2188356594015,0.0,774
1048.9273859828295,0.0,-10489.273859828296,275.2188356594015,493.5939041869227,0.0,-0.0,0.011965042643854331,0.37853033242258655,0.0,799.2,0.0,0.0,1.0,888.0,-0.0,118,-32.674825354380346,0.0,120,-27.525556688519014,0.0,180,-6.427309003364434,0.0,118,-20.520696345638683,0.0,118,-39.90613789256703,0.0,120,-50.371421115298816,0.0,0.0,0.291449676572056,0.291449676572056,0.0,-10489.273859828296,-10489.273859828296,1049.2188356594015,1049.2188356594015,1049.2188356594015,0.0,0.0,275.2188356594015,0.0,774
1048.9273859828295,0.0,-10489.273859828296,275.2188356594015,741.2908562803841,0.0,-0.0,0.017969380560938213,0.37853033242258655,0.0,799.2,0.0,0.0,1.0,888.0,-0.0,118,-41.552259731775024,0.0,120,-28.505676260936482,0.0,180,-20.014505593003545,0.0,118,-35.373673318502824,0.0,118,-55.80612231355904,0.0,120,-10.87884121026029,0.0,0.0,0.291449676572056,0.291449676572056,0.0,-10489.273859828296,-10489.273859828296,1049.2188356594015,1049.2188356594015,1049.2188356594015,0.0,0.0,275.2188356594015,0.0,774
1048.9273859828295,0.0,-10489.273859828296,215.21883565940152,988.9878083738455,0.0,-0.0,0.023973718478022096,0.37853033242258655,0.0,799.2,0.0,0.0,1.0,888.0,-0.0,180,-45.33644188973186,0.0,120,-4.692224282348163,0.0,180,-36.02899113015962,0.0,118,-49.702569230214245,0.0,118,-20.705553094028822,0.0,118,-39.69496415960067,0.0,0.0,0.291449676572056,0.291449676572056,0.0,-10489.273859828296,-10489.273859828296,1049.2188356594015,1049.2188356594015,1049.2188356594015,0.0,0.0,215.21883565940152,0.0,834
1048.9273859828295,0.0,-10489.273859828296,215.21883565940152,1182.684760467307,0.0,-0.0,0.028669060685703025,0.37853033242258655,0.0,799.2,0.0,0.0,1.0,888.0,-0.0,180,-0.8578414612245044,0.0,120,-29.643683042883918,0.0,180,-48.631020760224985,0.0,118,-24.60829697853711,0.0,118,-58.2738646963622,0.0,118,-42.71587515389695,0.0,0.0,0.291449676572056,0.291449676572056,0.0,-10489.273859828296,-10489.273859828296,1049.2188356594015,1049.2188356594015,1049.2188356594015,0.0,0.0,215.21883565940152,0.0,834
1697.305645585902,0.0,-16973.05645585902,863.7772503776737,1376.3817125607682,0.0,-0.0,0.03336440289338395,0.37853033242258655,0.0,799.2,0.0,0.0,1.0,888.0,-0.0,180,-17.95647193430397,0.0,120,-17.954227053113737,0.0,180,-33.968286299082735,0.0,118,-11.435299316305674,0.0,118,-31.786362547735465,0.0,118,-17.309171202040883,0.0,0.0,0.471604791771576,0.471604791771576,0.0,-16973.05645585902,-16973.05645585902,1697.7772503776737,1697.7772503776737,1697.7772503776737,0.0,0.0,863.7772503776737,0.0,834
1697.305645585902,0.0,-16973.05645585902,863.7772503776737,2153.7812379006746,0.0,-0.0,0.05220908147045487,0.37853033242258655,0.0,799.2,0.0,0.0,1.0,888.0,-0.0,180,-4.00424020663664,0.0,120,-33.20560404056853,0.0,180,-9.337692792167099,0.0,118,-16.164861606647307,0.0,118,-32.58324157174099,0.0,118,-0.19093820121832028,0.0,0.0,0.471604791771576,0.471604791771576,0.0,-16973.05645585902,-16973.05645585902,1697.7772503776737,1697.7772503776737,1697.7772503776737,0.0,0.0,863.7772503776737,0.0,834
1697.305645585902,0.0,-16973.05645585902,863.7772503776737,2931.1807632405807,0.0,-0.0,0.07105376004752577,0.37853033242258655,0.0,799.2,0.0,0.0,1.0,888.0,-0.0,180,-26.85486548348143,0.0,120,-35.228359307987425,0.0,180,-35.09053375960502,0.0,118,-6.837304805620363,0.0,118,-42.47807200955777,0.0,118,-39.55733040337603,0.0,0.0,0.471604791771576,0.471604791771576,0.0,-16973.05645585902,-16973.05645585902,1697.7772503776737,1697.7772503776737,1697.7772503776737,0.0,0.0,863.7772503776737,0.0,834
1697.305645585902,0.0,-16973.05645585902,863.7772503776737,3708.580288580487,0.0,-0.0,0.08989843862459668,0.37853033242258655,0.0,799.2,0.0,0.0,1.0,888.0,-0.0,180,-50.32582763886093,0.0,120,-33.169672368349836,0.0,180,-44.724797910922234,0.0,118,-11.16621531919036,0.0,118,-14.24635067993532,0.0,118,-28.290748429407458,0.0,0.0,0.471604791771576,0.471604791771576,0.0,-16973.05645585902,-16973.05645585902,1697.7772503776737,1697.7772503776737,1697.7772503776737,0.0,0.0,863.7772503776737,0.0,834
1697.305645585902,0.0,-16973.05645585902,863.7772503776737,4485.979813920393,0.0,-0.0,0.10874311720166759,0.37853033242258655,0.0,799.2,0.0,0.0,1.0,888.0,-0.0,180,-28.836238073240157,0.0,120,-48.78068776273089,0.0,180,-32.40267306917041,0.0,118,-29.515479830871563,0.0,118,-12.762017132884365,0.0,118,-20.87261122175634,0.0,0.0,0.471604791771576,0.471604791771576,0.0,-16973.05645585902,-16973.05645585902,1697.7772503776737,1697.7772503776737,1697.7772503776737,0.0,0.0,863.7772503776737,0.0,834
1697.305645585902,0.0,-16973.05645585902,863.7772503776737,5263.379339260299,0.0,-0.0,0.1275877957787385,0.37853033242258655,0.0,799.2,0.0,0.0,1.0,888.0,-0.0,180,-37.89114374272439,0.0,120,-32.340535177480604,0.0,180,-8.640542979070041,0.0,118,-23.538176848427447,0.0,118,-24.88291132365477,0.0,118,-25.084910411844646,0.0,0.0,0.471604791771576,0.471604791771576,0.0,-16973.05645585902,-16973.05645585902,1697.7772503776737,1697.7772503776737,1697.7772503776737,0.0,0.0,863.7772503776737,0.0,834
2134.9258316922746,0.0,-21349.258316922747,1301.5190314232254,6040.778864600205,0.0,-0.0,0.14643247435580942,0.37853033242258655,0.0,799.2,0.0,0.0,1.0,888.0,-0.0,180,-39.15801828465583,0.0,120,-56.48756265680893,0.0,180,-4.952429759182955,0.0,118,-5.019971386378108,0.0,118,-2.025111419075609,0.0,118,-40.320162445125334,0.0,0.0,0.593199730950896,0.593199730950896,0.0,-21349.258316922747,-21349.258316922747,2135.5190314232254,2135.5190314232254,2135.5190314232254,0.0,0.0,1301.5190314232254,0.0,834
2134.9258316922746,0.0,-21349.258316922747,1301.5190314232254,7212.145992881108,0.0,-0.0,0.1748271881531309,0.37853033242258655,0.0,799.2,0.0,0.0,1.0,888.0,-0.0,180,-52.2865760601342,0.0,120,-1.598351286634192,0.0,180,-51.188295488753795,0.0,118,-13.458794487048454,0.0,118,-19.210540668170776,0.0,118,-56.17270891501335,0.0,0.0,0.593199730950896,0.593199730950896,0.0,-21349.258316922747,-21349.258316922747,2135.5190314232254,2135.5190314232254,2135.5190314232254,0.0,0.0,1301.5190314232254,0.0,834
2134.9258316922746,0.0,-21349.258316922747,1301.5190314232254,8383.513121162012,0.0,-0.0,0.20322190195045237,0.37853033242258655,0.0,799.2,0.0,0.0,1.0,888.0,-0.0,180,-16.858954205721012,0.0,120,-44.51069710350245,0.0,180,-27.306082223671815,0.0,118,-45.24644785427184,0.0,118,-31.233882783829955,0.0,118,-28.683827981720363,0.0,0.0,0.593199730950896,0.593199730950896,0.0,-21349.258316922747,-21349.258316922747,2135.5190314232254,2135.5190314232254,2135.5190314232254,0.0,0.0,1301.5190314232254,0.0,834
2134.9258316922746,0.0,-21349.258316922747,1301.5190314232254,9554.880249442915,0.0,-0.0,0.23161661574777384,0.37853033242258655,0.0,799.2,0.0,0.0,1.0,888.0,-0.0,180,-11.010621548915376,0.0,120,-3.0068931286546285,0.0,180,-23.073544184464033,0.0,118,-3.5188228577957337,0.0,118,-28.90660960315519,0.0,118,-56.84773161018206,0.0,0.0,0.593199730950896,0.593199730950896,0.0,-21349.258316922747,-21349.258316922747,2135.5190314232254,2135.5190314232254,2135.5190314232254,0.0,0.0,1301.5190314232254,0.0,834
2134.9258316922746,0.0,-21349.258316922747,1301.5190314232254,10726.247377723817,0.0,-0.0,0.2600113295450953,0.37853033242258655,0.0,799.2,0.0,0.0,1.0,888.0,-0.0,180,-56.76638337776361,0.0,120,-11.98297728845634,0.0,180,-7.091612191013274,0.0,118,-40.09746684521285,0.0,118,-51.847393049874476,0.0,118,-16.47829065422771,0.0,0.0,0.593199730950896,0.593199730950896,0.0,-21349.258316922747,-21349.258316922747,2135.5190314232254,2135.5190314232254,2135.5190314232254,0.0,0.0,1301.5190314232254,0.0,834
2134.9258316922746,0.0,-21349.258316922747,1301.5190314232254,11897.61450600472,0.0,-0.0,0.2884060433424168,0.37853033242258655,0.0,799.2,0.0,0.0,1.0,888.0,-0.0,180,-28.26490944113278,0.0,120,-35.56298953162917,0.0,180,-53.94615168039981,0.0,118,-2.378795360492665,0.0,118,-36.14246995795946,0.0,118,-25.93439775237212,0.0,0.0,0.593199730950896,0.593199730950896,0.0,-21349.258316922747,-21349.258316922747,2135.5190314232254,2135.5190314232254,2135.5190314232254,0.0,0.0,1301.5190314232254,0.0,834
2346.318457797754,0.0,-23463.18457797754,1450.970394018315,13068.981634285623,0.0,-0.0,0.31680075713973826,0.37853033242258655,0.0,799.2,0.0,0.0,1.0,888.0,-0.0,180,-30.562505819165764,0.0,120,-47.632552900579185,0.0,180,-7.776590831483395,0.0,180,-8.449251465853596,0.0,118,-2.590265857963858,0.0,118,-10.744919145994277,0.0,0.0,0.651936220560643,0.651936220560643,0.0,-23463.18457797754,-23463.18457797754,2346.970394018315,2346.970394018315,2346.970394018315,0.0,0.0,1450.970394018315,0.0,896
2346.318457797754,0.0,-23463.18457797754,1450.970394018315,14374.854988902107,0.0,-0.0,0.3484559908104164,0.37853033242258655,0.0,799.2,0.0,0.0,1.0,888.0,-0.0,180,-20.79233951487145,0.0,120,-58.225663641688264,0.0,180,-17.251986579653472,0.0,180,-22.09573264160271,0.0,118,-24.336204636864586,0.0,118,-7.742911288624348,0.0,0.0,0.651936220560643,0.651936220560643,0.0,-23463.18457797754,-23463.18457797754,2346.970394018315,2346.970394018315,2346.970394018315,0.0,0.0,1450.970394018315,0.0,896
2346.318457797754,0.0,-23463.18457797754,1452.970394018315,15680.728343518591,0.0,-0.0,0.38011122448109447,0.37853033242258655,0.0,799.2,0.0,0.0,1.0,888.0,-0.0,180,-0.11366416740127727,0.0,118,-4.147153633986775,0.0,180,-41.4442390585841,0.0,180,-58.638236320538105,0.0,118,-35.98842639371627,0.0,118,-26.895392990044968,0.0,0.0,0.651936220560643,0.651936220560643,0.0,-23463.18457797754,-23463.18457797754,2346.970394018315,2346.970394018315,2346.970394018315,0.0,0.0,1452.970394018315,0.0,894
2346.318457797754,0.0,-23463.18457797754,1452.970394018315,16988.401698135076,0.0,-0.0,0.41181009134208607,0.37853033242258655,0.0,799.2,0.0,0.0,1.0,888.0,-0.0,180,-1.9393638680888392,0.0,118,-20.610320562168646,0.0,180,-12.487283056081338,0.0,180,-42.201864062614575,0.0,118,-45.24332345895333,0.0,118,-47.05246542608,0.0,0.0,0.651936220560643,0.651936220560643,0.0,-23463.18457797754,-23463.18457797754,2346.970394018315,2346.970394018315,2346.970394018315,0.0,0.0,1452.970394018315,0.0,894
2346.318457797754,0.0,-23463.18457797754,1450.970394018315,18296.07505275156,0.0,-0.0,0.44350895820307756,0.37853033242258655,0.0,799.2,0.0,0.0,1.0,888.0,-0.0,180,-27.558005762082633,0.0,120,-27.313698515851165,0.0,180,-36.738333057308346,0.0,180,-34.622179640939265,0.0,118,-42.438646426515035,0.0,118,-2.3667561044324636,0.0,0.0,0.651936220560643,0.651936220560643,0.0,-23463.18457797754,-23463.18457797754,2346.970394018315,2346.970394018315,2346.970394018315,0.0,0.0,1450.970394018315,0.0,896
2346.318457797754,0.0,-23463.18457797754,1512.970394018315,19601.948407368043,0.0,-0.0,0.4751641918737557,0.37853033242258655,0.0,799.2,0.0,0.0,1.0,888.0,-0.0,180,-32.73937453018683,0.0,120,-34.52627679734157,0.0,180,-38.429267555031046,0.0,118,-54.09361662780746,0.0,118,-40.80553592386359,0.0,118,-27.45081999046611,0.0,0.0,0.651936220560643,0.651936220560643,0.0,-23463.18457797754,-23463.18457797754,2346.970394018315,2346.970394018315,2346.970394018315,0.0,0.0,1512.970394018315,0.0,834
2360.8388180775814,0.0,-23608.388180775815,1529.4947888522624,20963.621761984527,0.0,-0.0,0.5081720544441501,0.37853033242258655,0.0,799.2,0.0,0.0,1.0,888.0,-0.0,180,-0.3319688180339675,0.0,118,-30.482410064038586,0.0,180,-50.52923284738951,0.0,118,-3.927622553577177,0.0,118,-39.70115719867547,0.0,118,-59.185116281639836,0.0,0.0,0.655970774681184,0.655970774681184,0.0,-23608.388180775815,-23608.388180775815,2361.4947888522624,2361.4947888522624,2361.4947888522624,0.0,0.0,1529.4947888522624,0.0,832
2360.8388180775814,0.0,-23608.388180775815,1529.4947888522624,22340.167071951564,0.0,-0.0,0.5415404230468467,0.37853033242258655,0.0,799.2,0.0,0.0,1.0,888.0,-0.0,180,-6.7544238562150145,0.0,118,-50.38949700860092,0.0,180,-35.81057610791185,0.0,118,-43.39168568502979,0.0,118,-15.561197344285524,0.0,118,-27.480265048390066,0.0,0.0,0.655970774681184,0.655970774681184,0.0,-23608.388180775815,-23608.388180775815,2361.4947888522624,2361.4947888522624,2361.4947888522624,0.0,0.0,1529.4947888522624,0.0,832
2360.8388180775814,0.0,-23608.388180775815,1529.4947888522624,23716.7123819186,0.0,-0.0,0.5749087916495431,0.37853033242258655,0.0,799.2,0.0,0.0,1.0,888.0,-0.0,180,-6.890185457901703,0.0,118,-3.6303692608947347,0.0,180,-4.797279575529632,0.0,118,-25.510728098890194,0.0,118,-34.67212951152322,0.0,118,-8.104212782109318,0.0,0.0,0.655970774681184,0.655970774681184,0.0,-23608.388180775815,-23608.388180775815,2361.4947888522624,2361.4947888522624,2361.4947888522624,0.0,0.0,1529.4947888522624,0.0,832
2360.8388180775814,0.0,-23608.388180775815,1529.4947888522624,25093.25769188564,0.0,-0.0,0.6082771602522395,0.37853033242258655,0.0,799.2,0.0,0.0,1.0,888.0,-0.0,180,-58.493844201601576,0.0,118,-58.85271253675982,0.0,180,-49.25192551526615,0.0,118,-23.01102688059035,0.0,118,-5.324768349922307,0.0,118,-59.69758729855966,0.0,0.0,0.655970774681184,0.655970774681184,0.0,-23608.388180775815,-23608.388180775815,2361.4947888522624,2361.4947888522624,2361.4947888522624,0.0,0.0,1529.4947888522624,0.0,832
2360.8388180775814,0.0,-23608.388180775815,1529.4947888522624,26469.803001852677,0.0,-0.0,0.6416455288549361,0.37853033242258655,0.0,799.2,0.0,0.0,1.0,888.0,-0.0,180,-28.410861840751714,0.0,118,-31.302178599409526,0.0,180,-56.13884051747745,0.0,118,-10.850810313835309,0.0,118,-39.78929971089744,0.0,118,-26.79971975025363,0.0,0.0,0.655970774681184,0.655970774681184,0.0,-23608.388180775815,-23608.388180775815,2361.4947888522624,2361.4947888522624,2361.4947888522624,0.0,0.0,1529.4947888522624,0.0,832
2360.8388180775814,0.0,-23608.388180775815,1529.4947888522624,27846.348311819715,0.0,-0.0,0.6750138974576325,0.37853033242258655,0.0,799.2,0.0,0.0,1.0,888.0,-0.0,180,-44.29809427438229,0.0,118,-33.750883313249524,0.0,180,-39.3030231514406,0.0,118,-45.15985072496347,0.0,118,-7.928408460346352,0.0,118,-14.08622996162206,0.0,0.0,0.655970774681184,0.655970774681184,0.0,-23608.388180775815,-23608.388180775815,2361.4947888522624,2361.4947888522624,2361.4947888522624,0.0,0.0,1529.4947888522624,0.0,832
2155.3250838387858,0.0,-21553.25083838786,1323.9239516031198,29222.893621786752,0.0,-0.0,0.708382266060329,0.37853033242258655,0.0,799.2,0.0,0.0,1.0,888.0,-0.0,180,-8.68142915376728,0.0,118,-51.91559896059758,0.0,180,-33.720661357405625,0.0,118,-12.941427706666424,0.0,118,-52.92581928409292,0.0,118,-57.3699359140358,0.0,0.0,0.5988677643342,0.5988677643342,0.0,-21553.25083838786,-21553.25083838786,2155.92395160312,2155.92395160312,2155.92395160312,0.0,0.0,1323.9239516031198,0.0,832
2155.3250838387858,0.0,-21553.25083838786,1323.9239516031198,30414.42517822956,0.0,-0.0,0.7372657789307338,0.37853033242258655,0.0,799.2,0.0,0.0,1.0,888.0,-0.0,180,-9.171309805541483,0.0,118,-41.0428056972619,0.0,180,-14.744244854272559,0.0,118,-10.520678009877496,0.0,118,-54.16228257573493,0.0,118,-30.406277162320144,0.0,0.0,0.5988677643342,0.5988677643342,0.0,-21553.25083838786,-21553.25083838786,2155.92395160312,2155.92395160312,2155.92395160312,0.0,0.0,1323.9239516031198,0.0,832
2155.3250838387858,0.0,-21553.25083838786,1323.9239516031198,31605.95673467237,0.0,-0.0,0.7661492918011386,0.37853033242258655,0.0,799.2,0.0,0.0,1.0,888.0,-0.0,180,-52.970337816335174,0.0,118,-6.002747961941475,0.0,180,-52.586515937523814,0.0,118,-12.982966567640748,0.0,118,-41.884912783573675,0.0,118,-28.052721202720864,0.0,0.0,0.5988677643342,0.5988677643342,0.0,-21553.25083838786,-21553.25083838786,2155.92395160312,2155.92395160312,2155.92395160312,0.0,0.0,1323.9239516031198,0.0,832
2155.3250838387858,0.0,-21553.25083838786,1323.9239516031198,32797.48829111518,0.0,-0.0,0.7950328046715434,0.37853033242258655,0.0,799.2,0.0,0.0,1.0,888.0,-0.0,180,-54.874324187008604,0.0,118,-1.869114689027136,0.0,180,-54.627774933403956,0.0,118,-18.162040695394232,0.0,118,-40.337968521341246,0.0,118,-10.413947369865795,0.0,0.0,0.5988677643342,0.5988677643342,0.0,-21553.25083838786,-21553.25083838786,2155.92395160312,2155.92395160312,2155.92395160312,0.0,0.0,1323.9239516031198,0.0,832
2155.3250838387858,0.0,-21553.25083838786,1323.9239516031198,33989.01984755799,0.0,-0.0,0.8239163175419482,0.37853033242258655,0.0,799.2,0.0,0.0,1.0,888.0,-0.0,180,-13.217924888703813,0.0,118,-34.695397291402195,0.0,180,-42.39365844413315,0.0,118,-40.24490020645031,0.0,118,-58.03210788805445,0.0,118,-54.4046078438202,0.0,0.0,0.5988677643342,0.5988677643342,0.0,-21553.25083838786,-21553.25083838786,2155.92395160312,2155.92395160312,2155.92395160312,0.0,0.0,1323.9239516031198,0.0,832
2155.3250838387858,0.0,-21553.25083838786,1323.9239516031198,35180.5514040008,0.0,-0.0,0.852799830412353,0.37853033242258655,0.0,799.2,0.0,0.0,1.0,888.0,-0.0,180,-25.121664048396248,0.0,118,-11.87303114104813,0.0,180,-38.94285572406081,0.0,118,-34.08263297054976,0.0,118,-9.588491337809234,0.0,118,-17.301698635547393,0.0,0.0,0.5988677643342,0.5988677643342,0.0,-21553.25083838786,-21553.25083838786,2155.92395160312,2155.92395160312,2155.92395160312,0.0,0.0,1323.9239516031198,0.0,832
1765.0434762904758,0.0,-17650.43476290476,933.5339023744687,36372.08296044361,0.0,-0.0,0.8816833432827578,0.37853033242258655,0.0,799.2,0.0,0.0,1.0,888.0,-0.0,180,-52.02595421341266,0.0,118,-17.180311935232815,0.0,180,-23.922888590222406,0.0,118,-8.612149567553754,0.0,118,-12.599087063163484,0.0,118,-16.914102753643416,0.0,0.0,0.490426083992908,0.490426083992908,0.0,-17650.43476290476,-17650.43476290476,1765.5339023744687,1765.5339023744687,1765.5339023744687,0.0,0.0,933.5339023744687,0.0,832
1765.0434762904758,0.0,-17650.43476290476,933.5339023744687,37212.26347258063,0.0,-0.0,0.9020498744959307,0.37853033242258655,0.0,799.2,0.0,0.0,1.0,888.0,-0.0,180,-9.813438217129182,0.0,118,-49.55429555356663,0.0,180,-30.401454279193405,0.0,118,-37.02415999658521,0.0,118,-44.89721610839682,0.0,118,-57.537289100326674,0.0,0.0,0.490426083992908,0.490426083992908,0.0,-17650.43476290476,-17650.43476290476,1765.5339023744687,1765.5339023744687,1765.5339023744687,0.0,0.0,933.5339023744687,0.0,832
1765.0434762904758,0.0,-17650.43476290476,933.5339023744687,38052.44398471765,0.0,-0.0,0.9224164057091035,0.37853033242258655,0.0,799.2,0.0,0.0,1.0,888.0,-0.0,180,-25.99284920031642,0.0,118,-39.5584058593594,0.0,180,-13.551190811940629,0.0,118,-1.2587951752781246,0.0,118,-58.00191666971042,0.0,118,-38.502612688491766,0.0,0.0,0.490426083992908,0.490426083992908,0.0,-17650.43476290476,-17650.43476290476,1765.5339023744687,1765.5339023744687,1765.5339023744687,0.0,0.0,933.5339023744687,0.0,832
1765.0434762904758,0.0,-17650.43476290476,933.5339023744687,38892.62449685467,0.0,-0.0,0.9427829369222763,0.37853033242258655,0.0,799.2,0.0,0.0,1.0,888.0,-0.0,180,-51.14852246768968,0.0,118,-14.006301453827597,0.0,180,-26.75952004050721,0.0,118,-50.6059317644722,0.0,118,-23.042059554434417,0.0,118,-1.7798809081604205,0.0,0.0,0.490426083992908,0.490426083992908,0.0,-17650.43476290476,-17650.43476290476,1765.5339023744687,1765.5339023744687,1765.5339023744687,0.0,0.0,933.5339023744687,0.0,832
1765.0434762904758,0.0,-17650.43476290476,933.5339023744687,39732.80500899169,0.0,-0.0,0.9631494681354492,0.37853033242258655,0.0,799.2,0.0,0.0,1.0,888.0,-0.0,180,-5.335820524021127,0.0,118,-13.931550683187528,0.0,180,-46.0721756331435,0.0,118,-51.70473680859245,0.0,118,-52.734976390604814,0.0,118,-38.04327852183647,0.0,0.0,0.490426083992908,0.490426083992908,0.0,-17650.43476290476,-17650.43476290476,1765.5339023744687,1765.5339023744687,1765.5339023744687,0.0,0.0,933.5339023744687,0.0,832
1765.0434762904758,0.0,-17650.43476290476,755.5716431903259,40572.98552112871,0.0,-0.0,0.9835159993486221,0.37853033242258655,0.0,799.2,177.9622591841428,0.0,1.0,888.0,142227.43753996692,180,-30.63802867040605,0.0,118,-24.831156612289053,0.0,180,-44.83603313054909,0.0,118,-28.896812250604697,0.0,118,-5.242501550584193,0.0,118,-7.357472590808682,0.0,0.0,0.490426083992908,0.490426083992908,0.0,124577.00277706217,124577.00277706217,1765.5339023744687,1765.5339023744687,1765.5339023744687,0.0,0.0,933.5339023744687,0.0,832
1185.756740671918,0.0,-11857.56740671918,0.0,41253.0,0.0,-0.0,1.0,0.37853033242258655,0.0,799.2,354.0862090633243,0.0,1.0,888.0,282985.6982834088,180,-53.428042290806445,0.0,118,-51.101933876934915,0.0,180,-48.37947692693509,0.0,118,-0.40205272419158167,0.0,118,-45.76217033993662,0.0,118,-22.035721504469066,0.0,0.0,0.329468391406479,0.329468391406479,0.0,271128.1308766896,271128.1308766896,1186.0862090633243,1186.0862090633243,1186.0862090633243,0.0,0.0,354.0862090633243,0.0,832
1185.756740671918,0.0,-11857.56740671918,0.0,41253.0,0.0,-0.0,1.0,0.37853033242258655,0.0,799.2,354.0862090633243,0.0,1.0,888.0,282985.6982834088,180,-55.54721855455597,0.0,118,-20.232838404773457,0.0,180,-16.57370167023496,0.0,118,-5.41404319172999,0.0,118,-28.338573541256398,0.0,118,-28.015496809559984,0.0,0.0,0.329468391406479,0.329468391406479,0.0,271128.1308766896,271128.1308766896,1186.0862090633243,1186.0862090633243,1186.0862090633243,0.0,0.0,354.0862090633243,0.0,832
1185.756740671918,0.0,-11857.56740671918,0.0,41253.0,0.0,-0.0,1.0,0.37853033242258655,0.0,799.2,354.0862090633243,0.0,1.0,888.0,282985.6982834088,180,-51.63491185811633,0.0,118,-48.436270958772496,0.0,180,-15.857002390707285,0.0,118,-10.768071896503743,0.0,118,-8.592148137494032,0.0,118,-6.717700305694294,0.0,0.0,0.329468391406479,0.329468391406479,0.0,271128.1308766896,271128.1308766896,1186.0862090633243,1186.0862090633243,1186.0862090633243,0.0,0.0,354.0862090633243,0.0,832
1185.756740671918,0.0,-11857.56740671918,0.0,41253.0,0.0,-0.0,1.0,0.37853033242258655,0.0,799.2,354.0862090633243,0.0,1.0,888.0,282985.6982834088,180,-0.48476053798901964,0.0,118,-1.949636786950688,0.0,180,-20.853431294319087,0.0,118,-42.886932154633044,0.0,118,-40.237804623407115,0.0,118,-48.72626792843296,0.0,0.0,0.329468391406479,0.329468391406479,0.0,271128.1308766896,271128.1308766896,1186.0862090633243,1186.0862090633243,1186.0862090633243,0.0,0.0,354.0862090633243,0.0,832
1185.756740671918,0.0,-11857.56740671918,0.0,41253.0,0.0,-0.0,1.0,0.37853033242258655,0.0,799.2,354.0862090633243,0.0,1.0,888.0,282985.6982834088,180,-29.781185478319728,0.0,118,-16.931056662047062,0.0,180,-19.105615655803877,0.0,118,-55.16478092568575,0.0,118,-27.399491273608174,0.0,118,-16.287255936643557,0.0,0.0,0.329468391406479,0.329468391406479,0.0,271128.1308766896,271128.1308766896,1186.0862090633243,1186.0862090633243,1186.0862090633243,0.0,0.0,354.0862090633243,0.0,832
1185.756740671918,0.0,-11857.56740671918,0.0,41253.0,0.0,-0.0,1.0,0.37853033242258655,0.0,799.2,354.0862090633243,0.0,1.0,888.0,282985.6982834088,180,-11.437145917863011,0.0,118,-46.02003909102145,0.0,180,-36.4094342114336,0.0,118,-26.623766213877037,0.0,118,-33.39649083935003,0.0,118,-22.237091474772118,0.0,0.0,0.329468391406479,0.329468391406479,0.0,271128.1308766896,271128.1308766896,1186.0862090633243,1186.0862090633243,1186.0862090633243,0.0,0.0,354.0862090633243,0.0,832
479.01918152469824,0.0,-4790.1918152469825,0.0,41253.0,352.8477206199184,-0.0,1.0,0.37853033242258655,0.0,799.2,0.0,0.0,1.0,888.0,-0.0,180,-5.0537067900545924,0.0,118,-29.272426219935085,0.0,180,-46.368104706720445,0.0,118,-56.337264653271376,0.0,118,-10.110326931348952,0.0,118,-5.987703555747094,0.0,0.0,0.133097855383356,0.133097855383356,0.0,-4790.1918152469825,-4790.1918152469825,832.0,832.0,479.1522793800816,0.0,352.8477206199184,0.0,0.0,832
479.01918152469824,0.0,-4790.1918152469825,0.0,40860.94697708898,352.8477206199184,-0.0,0.9904963754657595,0.37853033242258655,0.0,799.2,0.0,0.0,1.0,888.0,-0.0,180,-9.389120876324736,0.0,118,-17.412482048547407,0.0,180,-10.030941555470378,0.0,118,-55.55499694823481,0.0,118,-18.44953860105576,0.0,118,-9.611569571080913,0.0,0.0,0.133097855383356,0.133097855383356,0.0,-4790.1918152469825,-4790.1918152469825,832.0,832.0,479.1522793800816,0.0,352.8477206199184,0.0,0.0,832
479.01918152469824,0.0,-4790.1918152469825,0.0,40468.893954177955,352.8477206199184,-0.0,0.980992750931519,0.37853033242258655,0.0,799.2,0.0,0.0,1.0,888.0,-0.0,180,-14.5952488343783,0.0,118,-34.542618095852895,0.0,180,-28.421962394924513,0.0,118,-56.88460444937552,0.0,118,-52.71108333967601,0.0,118,-51.85839139210281,0.0,0.0,0.133097855383356,0.133097855383356,0.0,-4790.1918152469825,-4790.1918152469825,832.0,832.0,479.1522793800816,0.0,352.8477206199184,0.0,0.0,832
479.01918152469824,0.0,-4790.1918152469825,0.0,40076.84093126693,352.8477206199184,-0.0,0.9714891263972786,0.37853033242258655,0.0,799.2,0.0,0.0,1.0,888.0,-0.0,180,-50.71552612023091,0.0,118,-57.18509757135195,0.0,180,-26.656220148571023,0.0,118,-52.149434567301014,0.0,118,-0.6606316201421958,0.0,118,-18.002439942345003,0.0,0.0,0.133097855383356,0.133097855383356,0.0,-4790.1918152469825,-4790.1918152469825,832.0,832.0,479.1522793800816,0.0,352.8477206199184,0.0,0.0,832
479.01918152469824,0.0,-4790.1918152469825,0.0,39684.78790835591,352.8477206199184,-0.0,0.9619855018630381,0.37853033242258655,0.0,799.2,0.0,0.0,1.0,888.0,-0.0,180,-14.718721943005342,0.0,118,-40.512039118705665,0.0,180,-47.499698643403455,0.0,118,-39.70254354686031,0.0,118,-59.7314793561811,0.0,118,-53.54470955611856,0.0,0.0,0.133097855383356,0.133097855383356,0.0,-4790.1918152469825,-4790.1918152469825,832.0,832.0,479.1522793800816,0.0,352.8477206199184,0.0,0.0,832
479.01918152469824,0.0,-4790.1918152469825,0.0,39292.73488544489,352.8477206199184,-0.0,0.9524818773287976,0.37853033242258655,0.0,799.2,0.0,0.0,1.0,888.0,-0.0,180,-36.78871969493682,0.0,118,-22.657372377653708,0.0,180,-29.753133071155304,0.0,118,-31.311604615996178,0.0,118,-27.21987898566003,0.0,118,-26.859432992287545,0.0,0.0,0.133097855383356,0.133097855383356,0.0,-4790.1918152469825,-4790.1918152469825,832.0,832.0,479.1522793800816,0.0,352.8477206199184,0.0,0.0,832
0.0,0.0,-0.0,0.0,38900.681862533864,832.0,-0.0,0.942978252794557,0.37853033242258655,0.0,799.2,0.0,0.0,1.0,888.0,-0.0,180,-12.233340368078814,0.0,118,-50.24160336553482,0.0,180,-37.0227443660331,0.0,118,-25.021131470185008,0.0,118,-27.11242462457799,0.0,118,-23.56481651745001,0.0,0.0,0.0,0.0,0.0,0.0,0.0,832.0,832.0,0.0,0.0,832.0,0.0,0.0,832
0.0,0.0,-0.0,0.0,37976.23741808942,832.0,-0.0,0.9205691081397576,0.37853033242258655,0.0,799.2,0.0,0.0,1.0,888.0,-0.0,180,-47.77456033210177,0.0,118,-18.16929353036005,0.0,180,-35.6812685640694,0.0,118,-17.181921877985637,0.0,118,-32.72876353534366,0.0,118,-54.96823088249394,0.0,0.0,0.0,0.0,0.0,0.0,0.0,832.0,832.0,0.0,0.0,832.0,0.0,0.0,832
0.0,0.0,-0.0,0.0,37051.79297364497,832.0,-0.0,0.898159963484958,0.37853033242258655,0.0,799.2,0.0,0.0,1.0,888.0,-0.0,180,-50.18413348727135,0.0,118,-44.32068144698527,0.0,180,-59.286733441712784,0.0,118,-57.10137361296364,0.0,118,-33.615685210728415,0.0,118,-6.755674751372364,0.0,0.0,0.0,0.0,0.0,0.0,0.0,832.0,832.0,0.0,0.0,832.0,0.0,0.0,832
0.0,0.0,-0.0,0.0,36127.34852920053,832.0,-0.0,0.8757508188301585,0.37853033242258655,0.0,799.2,0.0,0.0,1.0,888.0,-0.0,180,-25.002249633306057,0.0,118,-11.514915853299403,0.0,180,-56.80586775246076,0.0,118,-52.39649407666734,0.0,118,-5.256801971796612,0.0,118,-28.152965045466964,0.0,0.0,0.0,0.0,0.0,0.0,0.0,832.0,832.0,0.0,0.0,832.0,0.0,0.0,832
0.0,0.0,-0.0,0.0,35202.90408475608,832.0,-0.0,0.853341674175359,0.37853033242258655,0.0,799.2,0.0,0.0,1.0,888.0,-0.0,180,-45.39887907960108,0.0,118,-17.370821505742025,0.0,180,-33.92532071482576,0.0,118,-17.315478491859867,0.0,118,-24.631116228955584,0.0,118,-1.862653140155035,0.0,0.0,0.0,0.0,0.0,0.0,0.0,832.0,832.0,0.0,0.0,832.0,0.0,0.0,832
0.0,0.0,-0.0,0.0,34278.45964031164,832.0,-0.0,0.8309325295205594,0.37853033242258655,0.0,799.2,0.0,0.0,1.0,888.0,-0.0,180,-37.56383504139696,0.0,118,-54.62539486511566,0.0,180,-7.035293318466673,0.0,118,-31.99903467724961,0.0,118,-56.42235847277646,0.0,118,-43.06659507084006,0.0,0.0,0.0,0.0,0.0,0.0,0.0,832.0,832.0,0.0,0.0,832.0,0.0,0.0,832
0.0,0.0,-0.0,0.0,33354.01519586719,834.0,-0.0,0.8085233848657599,0.37853033242258655,0.0,799.2,0.0,0.0,1.0,888.0,-0.0,180,-15.736527059051495,0.0,120,-49.048280176167374,0.0,180,-16.563909390852903,0.0,118,-31.372774838955227,0.0,118,-3.368747081322714,0.0,118,-31.918056077381067,0.0,0.0,0.0,0.0,0.0,0.0,0.0,834.0,834.0,0.0,0.0,834.0,0.0,0.0,834
0.0,0.0,-0.0,0.0,32427.348529200524,832.0,-0.0,0.7860603720747709,0.37853033242258655,0.0,799.2,0.0,0.0,1.0,888.0,-0.0,180,-41.37576237172672,0.0,118,-14.948006184672959,0.0,180,-49.900139273574496,0.0,118,-34.288858229914894,0.0,118,-27.135647303875224,0.0,118,-28.274245783974884,0.0,0.0,0.0,0.0,0.0,0.0,0.0,832.0,832.0,0.0,0.0,832.0,0.0,0.0,832
0.0,0.0,-0.0,0.0,31502.90408475608,832.0,-0.0,0.7636512274199714,0.37853033242258655,0.0,799.2,0.0,0.0,1.0,888.0,-0.0,180,-11.982025608533014,0.0,118,-36.54871071631674,0.0,180,-58.25806555754189,0.0,118,-25.22870082468589,0.0,118,-13.115922483214291,0.0,118,-23.795419634300078,0.0,0.0,0.0,0.0,0.0,0.0,0.0,832.0,832.0,0.0,0.0,832.0,0.0,0.0,832
0.0,0.0,-0.0,0.0,30578.459640311634,832.0,-0.0,0.7412420827651718,0.37853033242258655,0.0,799.2,0.0,0.0,1.0,888.0,-0.0,180,-34.20081819551974,0.0,118,-25.965246047895818,0.0,180,-42.113319470647966,0.0,118,-38.505600235893446,0.0,118,-28.334953063444786,0.0,118,-20.4535498338581,0.0,0.0,0.0,0.0,0.0,0.0,0.0,832.0,832.0,0.0,0.0,832.0,0.0,0.0,832
0.0,0.0,-0.0,0.0,29654.01519586719,832.0,-0.0,0.7188329381103723,0.37853033242258655,0.0,799.2,0.0,0.0,1.0,888.0,-0.0,180,-14.530796852164285,0.0,118,-47.0003344926242,0.0,180,-50.13087970371877,0.0,118,-53.81244154079742,0.0,118,-28.565543988639025,0.0,118,-22.347146151089476,0.0,0.0,0.0,0.0,0.0,0.0,0.0,832.0,832.0,0.0,0.0,832.0,0.0,0.0,832
0.0,0.0,-0.0,0.0,28729.570751422743,770.0,-0.0,0.6964237934555728,0.37853033242258655,0.0,799.2,0.0,0.0,1.0,888.0,-0.0,180,-15.787961062936713,0.0,118,-48.90233938181837,0.0,118,-57.77545378431999,0.0,118,-51.168328658880235,0.0,118,-9.026476756038374,0.0,118,-10.107637722427917,0.0,0.0,0.0,0.0,0.0,0.0,0.0,770.0,770.0,0.0,0.0,770.0,0.0,0.0,770
0.0,0.0,-0.0,0.0,27874.01519586719,832.0,-0.0,0.6756845610226454,0.37853033242258655,0.0,799.2,0.0,0.0,1.0,888.0,-0.0,180,-2.0205472484751064,0.0,118,-48.645648424418994,0.0,180,-7.495921014144504,0.0,118,-24.388693315437692,0.0,118,-25.344156065961887,0.0,118,-3.918223107305272,0.0,0.0,0.0,0.0,0.0,0.0,0.0,832.0,832.0,0.0,0.0,832.0,0.0,0.0,832
0.0,0.0,-0.0,0.0,26949.570751422743,832.0,-0.0,0.6532754163678458,0.37853033242258655,0.0,799.2,0.0,0.0,1.0,888.0,-0.0,180,-46.393996332438604,0.0,118,-44.675022394916844,0.0,180,-58.87696600412109,0.0,118,-25.17696357437363,0.0,118,-41.091237547847854,0.0,118,-42.08863140972779,0.0,0.0,0.0,0.0,0.0,0.0,0.0,832.0,832.0,0.0,0.0,832.0,0.0,0.0,832
0.0,0.0,-0.0,0.0,26025.126306978298,832.0,-0.0,0.6308662717130463,0.37853033242258655,0.0,799.2,0.0,0.0,1.0,888.0,-0.0,180,-24.337124178786446,0.0,118,-12.64747816259166,0.0,180,-24.532540183745922,0.0,118,-18.030498086996406,0.0,118,-23.644796042660143,0.0,118,-45.213745782956714,0.0,0.0,0.0,0.0,0.0,0.0,0.0,832.0,832.0,0.0,0.0,832.0,0.0,0.0,832
0.0,0.0,-0.0,0.0,25100.681862533853,832.0,-0.0,0.6084571270582467,0.37853033242258655,0.0,799.2,0.0,0.0,1.0,888.0,-0.0,180,-40.1671533902012,0.0,118,-51.990095597340684,0.0,180,-35.59413367008682,0.0,118,-17.313879192659247,0.0,118,-24.279407936176682,0.0,118,-40.81195377775249,0.0,0.0,0.0,0.0,0.0,0.0,0.0,832.0,832.0,0.0,0.0,832.0,0.0,0.0,832
0.0,0.0,-0.0,0.0,24176.237418089408,832.0,-0.0,0.5860479824034472,0.37853033242258655,0.0,799.2,0.0,0.0,1.0,888.0,-0.0,180,-17.25402526446304,0.0,118,-2.8192580265036526,0.0,180,-25.447313173824647,0.0,118,-46.89065582223613,0.0,118,-49.295831806993924,0.0,118,-46.42513820878633,0.0,0.0,0.0,0.0,0.0,0.0,0.0,832.0,832.0,0.0,0.0,832.0,0.0,0.0,832
0.0,0.0,-0.0,0.0,23251.792973644962,832.0,-0.0,0.5636388377486476,0.37853033242258655,0.0,799.2,0.0,0.0,1.0,888.0,-0.0,180,-19.521628520811692,0.0,118,-11.839412933368173,0.0,180,-7.472819015625383,0.0,118,-6.609246568615763,0.0,118,-50.83323707710099,0.0,118,-3.8514935527805005,0.0,0.0,0.0,0.0,0.0,0.0,0.0,832.0,832.0,0.0,0.0,832.0,0.0,0.0,832
0.0,0.0,-0.0,0.0,22327.348529200517,832.0,-0.0,0.5412296930938482,0.37853033242258655,0.0,799.2,0.0,0.0,1.0,888.0,-0.0,180,-46.119538463468025,0.0,118,-52.6068032133164,0.0,180,-19.893473824287014,0.0,118,-47.23893713144839,0.0,118,-55.22883964607596,0.0,118,-17.182992110346355,0.0,0.0,0.0,0.0,0.0,0.0,0.0,832.0,832.0,0.0,0.0,832.0,0.0,0.0,832
0.0,0.0,-0.0,0.0,21402.904084756072,832.0,-0.0,0.5188205484390486,0.37853033242258655,0.0,799.2,0.0,0.0,1.0,888.0,-0.0,180,-24.819412489688105,0.0,118,-59.7960312361285,0.0,180,-53.8982595600621,0.0,118,-46.91788305031164,0.0,118,-36.60917503956252,0.0,118,-15.11268353125238,0.0,0.0,0.0,0.0,0.0,0.0,0.0,832.0,832.0,0.0,0.0,832.0,0.0,0.0,832
0.0,0.0,-0.0,0.0,20478.459640311627,832.0,-0.0,0.4964114037842491,0.37853033242258655,0.0,799.2,0.0,0.0,1.0,888.0,-0.0,180,-32.21524313695391,0.0,118,-43.42513309602801,0.0,180,-36.65674690166341,0.0,118,-15.385991419071857,0.0,118,-32.99292865777329,0.0,118,-53.78548849293223,0.0,0.0,0.0,0.0,0.0,0.0,0.0,832.0,832.0,0.0,0.0,832.0,0.0,0.0,832
0.0,0.0,-0.0,0.0,19554.01519586718,832.0,-0.0,0.47400225912944954,0.37853033242258655,0.0,799.2,0.0,0.0,1.0,888.0,-0.0,180,-9.873367005249296,0.0,118,-53.75413871975961,0.0,180,-21.744958017596097,0.0,118,-22.193597954840428,0.0,118,-8.581733107818199,0.0,118,-43.548318421968695,0.0,0.0,0.0,0.0,0.0,0.0,0.0,832.0,832.0,0.0,0.0,832.0,0.0,0.0,832
0.0,0.0,-0.0,0.0,18629.570751422736,832.0,-0.0,0.45159311447465,0.37853033242258655,0.0,799.2,0.0,0.0,1.0,888.0,-0.0,180,-28.594567683298898,0.0,118,-35.684842863642636,0.0,180,-15.63565663507515,0.0,118,-12.602144203636843,0.0,118,-58.37666522322153,0.0,118,-25.841322146330818,0.0,0.0,0.0,0.0,0.0,0.0,0.0,832.0,832.0,0.0,0.0,832.0,0.0,0.0,832
0.0,0.0,-0.0,0.0,17705.12630697829,832.0,-0.0,0.42918396981985046,0.37853033242258655,0.0,799.2,0.0,0.0,1.0,888.0,-0.0,180,-10.824087214670467,0.0,118,-20.132791243819685,0.0,180,-40.630912234612,0.0,118,-58.77721927243495,0.0,118,-8.14789448119319,0.0,118,-39.271179343963404,0.0,0.0,0.0,0.0,0.0,0.0,0.0,832.0,832.0,0.0,0.0,832.0,0.0,0.0,832
0.0,0.0,-0.0,0.0,16780.681862533846,832.0,-0.0,0.4067748251650509,0.37853033242258655,0.0,799.2,0.0,0.0,1.0,888.0,-0.0,180,-48.03880740313498,0.0,118,-41.62697647505198,0.0,180,-2.3175729430498815,0.0,118,-19.487391787694698,0.0,118,-33.60015805475941,0.0,118,-33.317790104016346,0.0,0.0,0.0,0.0,0.0,0.0,0.0,832.0,832.0,0.0,0.0,832.0,0.0,0.0,832
0.0,0.0,-0.0,0.0,15856.2374180894,832.0,-0.0,0.3843656805102514,0.37853033242258655,0.0,799.2,0.0,0.0,1.0,888.0,-0.0,180,-17.565050635376927,0.0,118,-7.9096263171139665,0.0,180,-17.42491015980621,0.0,118,-26.8371492939042,0.0,118,-32.094496173385,0.0,118,-19.870640367350575,0.0,0.0,0.0,0.0,0.0,0.0,0.0,832.0,832.0,0.0,0.0,832.0,0.0,0.0,832
0.0,0.0,-0.0,0.0,14931.792973644955,832.0,-0.0,0.36195653585545184,0.37853033242258655,0.0,799.2,0.0,0.0,1.0,888.0,-0.0,180,-13.684866017802475,0.0,118,-4.064300965141947,0.0,180,-53.268996375966736,0.0,118,-55.931221725539885,0.0,118,-41.850168107833134,0.0,118,-46.360753021223935,0.0,0.0,0.0,0.0,0.0,0.0,0.0,832.0,832.0,0.0,0.0,832.0,0.0,0.0,832
0.0,0.0,-0.0,0.0,14007.34852920051,832.0,-0.0,0.3395473912006523,0.37853033242258655,0.0,799.2,0.0,0.0,1.0,888.0,-0.0,180,-10.481905360029584,0.0,118,-7.728125461622706,0.0,180,-14.754189661655495,0.0,118,-8.760550057967789,0.0,118,-50.66162910091563,0.0,118,-8.79912208468659,0.0,0.0,0.0,0.0,0.0,0.0,0.0,832.0,832.0,0.0,0.0,832.0,0.0,0.0,832
0.0,0.0,-0.0,0.0,13082.904084756065,832.0,-0.0,0.31713824654585276,0.37853033242258655,0.0,799.2,0.0,0.0,1.0,888.0,-0.0,180,-8.697572186981038,0.0,118,-50.72869999566659,0.0,180,-18.50195324960068,0.0,118,-3.3501434687067055,0.0,118,-7.715440222975456,0.0,118,-5.351662232741415,0.0,0.0,0.0,0.0,0.0,0.0,0.0,832.0,832.0,0.0,0.0,832.0,0.0,0.0,832
0.0,0.0,-0.0,0.0,12158.45964031162,832.0,-0.0,0.2947291018910532,0.37853033242258655,0.0,799.2,0.0,0.0,1.0,888.0,-0.0,180,-39.64730688058354,0.0,118,-57.329812314955035,0.0,180,-13.328564717808526,0.0,118,-57.46673650390871,0.0,118,-0.05875176747770938,0.0,118,-33.442659275445756,0.0,0.0,0.0,0.0,0.0,0.0,0.0,832.0,832.0,0.0,0.0,832.0,0.0,0.0,832
0.0,0.0,-0.0,0.0,11234.015195867174,832.0,-0.0,0.2723199572362537,0.37853033242258655,0.0,799.2,0.0,0.0,1.0,888.0,-0.0,180,-29.829584417857234,0.0,118,-24.634763152349567,0.0,180,-19.15244826335643,0.0,118,-59.92442626630009,0.0,118,-3.729212175265686,0.0,118,-48.08701879192876,0.0,0.0,0.0,0.0,0.0,0.0,0.0,832.0,832.0,0.0,0.0,832.0,0.0,0.0,832
0.0,0.0,-0.0,0.0,10309.570751422729,832.0,-0.0,0.24991081258145417,0.37853033242258655,0.0,799.2,0.0,0.0,1.0,888.0,-0.0,180,-45.60647326054659,0.0,118,-56.97520213611056,0.0,180,-59.38019371783697,0.0,118,-1.570848723663023,0.0,118,-37.17309830274976,0.0,118,-50.38319402732169,0.0,0.0,0.0,0.0,0.0,0.0,0.0,832.0,832.0,0.0,0.0,832.0,0.0,0.0,832
0.0,0.0,-0.0,0.0,9385.126306978284,832.0,-0.0,0.22750166792665463,0.37853033242258655,0.0,799.2,0.0,0.0,1.0,888.0,-0.0,180,-49.64219421444785,0.0,118,-55.37709763432042,0.0,180,-22.69212296884154,0.0,118,-51.53547536538461,0.0,118,-26.4553867615051,0.0,118,-18.847956846383422,0.0,0.0,0.0,0.0,0.0,0.0,0.0,832.0,832.0,0.0,0.0,832.0,0.0,0.0,832
0.0,0.0,-0.0,0.0,8460.681862533838,832.0,-0.0,0.2050925232718551,0.37853033242258655,0.0,799.2,0.0,0.0,1.0,888.0,-0.0,180,-41.92758140462512,0.0,118,-0.0726483139149714,0.0,180,-56.85653168952451,0.0,118,-17.58034811733696,0.0,118,-5.768045695332768,0.0,118,-57.59879563587588,0.0,0.0,0.0,0.0,0.0,0.0,0.0,832.0,832.0,0.0,0.0,832.0,0.0,0.0,832
0.0,0.0,-0.0,0.0,7536.237418089394,832.0,-0.0,0.18268337861705558,0.37853033242258655,0.0,799.2,0.0,0.0,1.0,888.0,-0.0,180,-17.982659851307407,0.0,118,-32.672820376161425,0.0,180,-9.12328935310288,0.0,118,-12.557810890362234,0.0,118,-47.25756802664231,0.0,118,-54.44235461924686,0.0,0.0,0.0,0.0,0.0,0.0,0.0,832.0,832.0,0.0,0.0,832.0,0.0,0.0,832
0.0,0.0,-0.0,0.0,6611.79297364495,832.0,-0.0,0.16027423396225607,0.37853033242258655,0.0,799.2,0.0,0.0,1.0,888.0,-0.0,180,-34.50753558761343,0.0,118,-30.683205485414668,0.0,180,-41.797656465013176,0.0,118,-13.185198795656083,0.0,118,-15.185219015315244,0.0,118,-15.863119917025921,0.0,0.0,0.0,0.0,0.0,0.0,0.0,832.0,832.0,0.0,0.0,832.0,0.0,0.0,832
0.0,0.0,-0.0,0.0,5687.348529200505,832.0,-0.0,0.13786508930745656,0.37853033242258655,0.0,799.2,0.0,0.0,1.0,888.0,-0.0,180,-28.79492135588352,0.0,118,-10.985965716129446,0.0,180,-23.276308313253647,0.0,118,-26.917266133969157,0.0,118,-53.900212668555426,0.0,118,-20.029935465638083,0.0,0.0,0.0,0.0,0.0,0.0,0.0,832.0,832.0,0.0,0.0,832.0,0.0,0.0,832
0.0,0.0,-0.0,0.0,4762.904084756061,832.0,-0.0,0.11545594465265704,0.37853033242258655,0.0,799.2,0.0,0.0,1.0,888.0,-0.0,180,-16.393280386153993,0.0,118,-28.960981853232465,0.0,180,-41.79304652698093,0.0,118,-35.34257502633438,0.0,118,-3.182826376591079,0.0,118,-10.831273791105646,0.0,0.0,0.0,0.0,0.0,0.0,0.0,832.0,832.0,0.0,0.0,832.0,0.0,0.0,832
0.0,0.0,-0.0,0.0,3838.4596403116166,832.0,-0.0,0.09304679999785753,0.37853033242258655,0.0,799.2,0.0,0.0,1.0,888.0,-0.0,180,-49.36023994878698,0.0,118,-54.603158698958005,0.0,180,-51.990041118680416,0.0,118,-33.504263308202034,0.0,118,-25.931376708811232,0.0,118,-40.46000508309262,0.0,0.0,0.0,0.0,0.0,0.0,0.0,832.0,832.0,0.0,0.0,832.0,0.0,0.0,832
0.0,0.0,-0.0,0.0,2914.015195867172,832.0,-0.0,0.07063765534305802,0.37853033242258655,0.0,799.2,0.0,0.0,1.0,888.0,-0.0,180,-29.752987356196503,0.0,118,-41.48503007951602,0.0,180,-47.7914802517043,0.0,118,-24.64208775680129,0.0,118,-23.269213035804967,0.0,118,-54.96530862317261,0.0,0.0,0.0,0.0,0.0,0.0,0.0,832.0,832.0,0.0,0.0,832.0,0.0,0.0,832
0.0,0.0,-0.0,0.0,1989.5707514227279,832.0,-0.0,0.0482285106882585,0.37853033242258655,0.0,799.2,0.0,0.0,1.0,888.0,-0.0,180,-10.241635697897134,0.0,118,-50.39286364738548,0.0,180,-38.93857797020676,0.0,118,-33.47782008063627,0.0,118,-53.150112805144104,0.0,118,-57.27573208864996,0.0,0.0,0.0,0.0,0.0,0.0,0.0,832.0,832.0,0.0,0.0,832.0,0.0,0.0,832
0.0,0.0,-0.0,0.0,1065.1263069782835,832.0,-0.0,0.025819366033458985,0.37853033242258655,0.0,799.2,0.0,0.0,1.0,888.0,-0.0,180,-22.398131269392653,0.0,118,-21.716383996315198,0.0,180,-8.694607799711783,0.0,118,-36.861008635323394,0.0,118,-39.19734444442348,0.0,118,-45.6661920493117,0.0,0.0,0.0,0.0,0.0,0.0,0.0,832.0,832.0,0.0,0.0,832.0,0.0,0.0,832
0.0,0.0,-0.0,0.0,140.68186253383908,126.61367628045518,-0.0,0.003410221378659469,0.37853033242258655,267.01011960390554,799.2,0.0,705.3863237195449,1.0,888.0,-626383.0554629558,180,-28.28558950185386,0.0,118,-23.640238237126766,0.0,180,-6.536874041410821,0.0,118,-56.50473650314566,0.0,118,-25.19091646629978,0.0,118,-26.338546740543777,0.0,0.0,0.0,0.0,0.0,-626383.0554629558,-626383.0554629558,832.0,832.0,0.0,0.0,832.0,0.0,0.0,832
0.0,0.0,-0.0,0.0,0.0,0.0,-0.0,0.0,0.37853033242258655,291.46835596539165,799.2,0.0,770.0,1.0,888.0,-683760.0,118,-18.318049478353814,0.0,118,-49.27930878430814,0.0,180,-13.086314772576388,0.0,118,-21.863081252703044,0.0,118,-59.53280292822705,0.0,118,-7.975311279682364,0.0,0.0,0.0,0.0,0.0,-683760.0,-683760.0,770.0,770.0,0.0,0.0,770.0,0.0,0.0,770
0.0,0.0,-0.0,0.0,0.0,0.0,-0.0,0.0,0.37853033242258655,291.46835596539165,799.2,0.0,770.0,1.0,888.0,-683760.0,118,-3.800021394019464,0.0,118,-41.630948357595706,0.0,180,-16.06742966346451,0.0,118,-14.228932760420081,0.0,118,-30.901943231183594,0.0,118,-27.505488641220474,0.0,0.0,0.0,0.0,0.0,-683760.0,-683760.0,770.0,770.0,0.0,0.0,770.0,0.0,0.0,770
0.0,0.0,-0.0,0.0,0.0,0.0,-0.0,0.0,0.37853033242258655,291.46835596539165,799.2,0.0,770.0,1.0,888.0,-683760.0,118,-51.47222060042462,0.0,118,-44.13956189650536,0.0,180,-15.322316452307716,0.0,118,-53.205724574666476,0.0,118,-37.31875453718718,0.0,118,-30.85598703930207,0.0,0.0,0.0,0.0,0.0,-683760.0,-683760.0,770.0,770.0,0.0,0.0,770.0,0.0,0.0,770
0.0,0.0,-0.0,0.0,0.0,0.0,-0.0,0.0,0.37853033242258655,291.46835596539165,799.2,0.0,770.0,1.0,888.0,-683760.0,118,-41.287639506648034,0.0,118,-24.723806602544325,0.0,180,-37.062268633315355,0.0,118,-41.07636680380425,0.0,118,-20.02580881757449,0.0,118,-28.72182459536633,0.0,0.0,0.0,0.0,0.0,-683760.0,-683760.0,770.0,770.0,0.0,0.0,770.0,0.0,0.0,770
0.0,0.0,-0.0,0.0,0.0,0.0,-0.0,0.0,0.37853033242258655,291.46835596539165,799.2,0.0,770.0,1.0,888.0,-683760.0,118,-44.20171597815438,0.0,118,-56.53212931417641,0.0,180,-34.15436490818836,0.0,118,-2.6960338906473247,0.0,118,-14.563776468306386,0.0,118,-56.214140077428254,0.0,0.0,0.0,0.0,0.0,-683760.0,-683760.0,770.0,770.0,0.0,0.0,770.0,0.0,0.0,770
0.0,0.0,-0.0,0.0,0.0,0.0,-0.0,0.0,0.37853033242258655,291.46835596539165,799.2,0.0,770.0,1.0,888.0,-683760.0,118,-39.486813025010996,0.0,118,-45.7016869279829,0.0,180,-57.110871918243426,0.0,118,-14.34291366697719,0.0,118,-35.79762016279264,0.0,118,-13.039757192482298,0.0,0.0,0.0,0.0,0.0,-683760.0,-683760.0,770.0,770.0,0.0,0.0,770.0,0.0,0.0,770
0.0,0.0,-0.0,0.0,0.0,0.0,-0.0,0.0,0.37853033242258655,291.46835596539165,799.2,0.0,770.0,1.0,888.0,-683760.0,118,-36.021915392211454,0.0,118,-27.711179233345437,0.0,180,-52.20747455083243,0.0,118,-55.72348115096813,0.0,118,-33.49796498956896,0.0,118,-1.4057693982664032,0.0,0.0,0.0,0.0,0.0,-683760.0,-683760.0,770.0,770.0,0.0,0.0,770.0,0.0,0.0,770
0.0,0.0,-0.0,0.0,0.0,0.0,-0.0,0.0,0.37853033242258655,267.9994753551913,799.2,0.0,708.0,1.0,888.0,-628704.0,118,-33.89586454488996,0.0,118,-27.38734805591346,0.0,118,-18.460700843246535,0.0,118,-17.633396495762923,0.0,118,-4.7088953946252925,0.0,118,-9.490390939685332,0.0,0.0,0.0,0.0,0.0,-628704.0,-628704.0,708.0,708.0,0.0,0.0,708.0,0.0,0.0,708
0.0,0.0,-0.0,0.0,0.0,0.0,-0.0,0.0,0.37853033242258655,267.9994753551913,799.2,0.0,708.0,1.0,888.0,-628704.0,118,-24.730962549907012,0.0,118,-49.59904898471764,0.0,118,-9.287638202071907,0.0,118,-6.611530966064847,0.0,118,-32.59310998355167,0.0,118,-59.9767563251176,0.0,0.0,0.0,0.0,0.0,-628704.0,-628704.0,708.0,708.0,0.0,0.0,708.0,0.0,0.0,708
0.0,0.0,-0.0,0.0,0.0,0.0,-0.0,0.0,0.37853033242258655,267.9994753551913,799.2,0.0,708.0,1.0,888.0,-628704.0,118,-11.005572781406553,0.0,118,-36.82695718056783,0.0,118,-33.94220585557964,0.0,118,-42.51264057493886,0.0,118,-14.320017518612183,0.0,118,-44.120648498338355,0.0,0.0,0.0,0.0,0.0,-628704.0,-628704.0,708.0,708.0,0.0,0.0,708.0,0.0,0.0,708
0.0,0.0,-0.0,0.0,0.0,0.0,-0.0,0.0,0.37853033242258655,267.9994753551913,799.2,0.0,708.0,1.0,888.0,-628704.0,118,-33.249375879878954,0.0,118,-37.815003683367046,0.0,118,-55.42216409925331,0.0,118,-5.992615008157827,0.0,118,-58.41542340271069,0.0,118,-7.104277062007041,0.0,0.0,0.0,0.0,0.0,-628704.0,-628704.0,708.0,708.0,0.0,0.0,708.0,0.0,0.0,708
0.0,0.0,-0.0,0.0,0.0,0.0,-0.0,0.0,0.37853033242258655,267.9994753551913,799.2,0.0,708.0,1.0,888.0,-628704.0,118,-6.924046857489612,0.0,118,-1.6073655253844232,0.0,118,-22.702172762874177,0.0,118,-20.94359115582184,0.0,118,-10.59315199486596,0.0,118,-20.442552945261344,0.0,0.0,0.0,0.0,0.0,-628704.0,-628704.0,708.0,708.0,0.0,0.0,708.0,0.0,0.0,708
0.0,0.0,-0.0,0.0,0.0,0.0,-0.0,0.0,0.37853033242258655,267.9994753551913,799.2,0.0,708.0,1.0,888.0,-628704.0,118,-28.67041980963037,0.0,118,-23.25441276795292,0.0,118,-17.603026009043074,0.0,118,-21.58673802565292,0.0,118,-5.745867415928405,0.0,118,-13.367225744994045,0.0,0.0,0.0,0.0,0.0,-628704.0,-628704.0,708.0,708.0,0.0,0.0,708.0,0.0,0.0,708
0.0,0.0,-0.0,0.0,0.0,0.0,-0.0,0.0,0.37853033242258655,267.9994753551913,799.2,0.0,708.0,1.0,888.0,-628704.0,118,-5.708124934334329,0.0,118,-48.19970637306103,0.0,118,-56.983038268799675,0.0,118,-48.51405782962224,0.0,118,-20.62501901540052,0.0,118,-17.787507738231916,0.0,0.0,0.0,0.0,0.0,-628704.0,-628704.0,708.0,708.0,0.0,0.0,708.0,0.0,0.0,708
0.0,0.0,-0.0,0.0,0.0,0.0,-0.0,0.0,0.37853033242258655,268.75653602003644,799.2,0.0,710.0,1.0,888.0,-630480.0,118,-23.568815317807076,0.0,120,-24.750427884670888,0.0,118,-2.011963946299873,0.0,118,-13.309958260001942,0.0,118,-4.521146499702411,0.0,118,-8.164754358934918,0.0,0.0,0.0,0.0,0.0,-630480.0,-630480.0,710.0,710.0,0.0,0.0,710.0,0.0,0.0,710
0.0,0.0,-0.0,0.0,0.0,0.0,-0.0,0.0,0.37853033242258655,268.75653602003644,799.2,0.0,710.0,1.0,888.0,-630480.0,118,-16.4630517887868,0.0,120,-32.14757580923341,0.0,118,-6.966206129794266,0.0,118,-50.76488502083914,0.0,118,-1.4245315229507027,0.0,118,-30.88600520327584,0.0,0.0,0.0,0.0,0.0,-630480.0,-630480.0,710.0,710.0,0.0,0.0,710.0,0.0,0.0,710
0.0,0.0,-0.0,0.0,0.0,0.0,-0.0,0.0,0.37853033242258655,268.75653602003644,799.2,0.0,710.0,1.0,888.0,-630480.0,118,-56.16591150792627,0.0,120,-28.495071200167686,0.0,118,-21.969004589698407,0.0,118,-13.543539487919105,0.0,118,-21.371306659954953,0.0,118,-42.589865372574764,0.0,0.0,0.0,0.0,0.0,-630480.0,-630480.0,710.0,710.0,0.0,0.0,710.0,0.0,0.0,710
0.0,0.0,-0.0,0.0,0.0,0.0,-0.0,0.0,0.37853033242258655,268.75653602003644,799.2,0.0,710.0,1.0,888.0,-630480.0,118,-27.119705502363814,0.0,120,-54.76289555446891,0.0,118,-18.120361735901863,0.0,118,-2.9679613088250756,0.0,118,-45.964753218290554,0.0,118,-18.07862298498161,0.0,0.0,0.0,0.0,0.0,-630480.0,-630480.0,710.0,710.0,0.0,0.0,710.0,0.0,0.0,710
0.0,0.0,-0.0,0.0,0.0,0.0,-0.0,0.0,0.37853033242258655,268.75653602003644,799.2,0.0,710.0,1.0,888.0,-630480.0,118,-55.345187110409505,0.0,120,-9.886706016835891,0.0,118,-23.909725684107052,0.0,118,-47.30508844009286,0.0,118,-55.04520382880995,0.0,118,-47.90784396399277,0.0,0.0,0.0,0.0,0.0,-630480.0,-630480.0,710.0,710.0,0.0,0.0,710.0,0.0,0.0,710
0.0,0.0,-0.0,0.0,0.0,0.0,-0.0,0.0,0.37853033242258655,268.75653602003644,799.2,0.0,710.0,1.0,888.0,-630480.0,118,-38.092119471356796,0.0,120,-5.630027593157212,0.0,118,-14.869525108886833,0.0,118,-7.616273302070802,0.0,118,-43.31125023429209,0.0,118,-48.42129882442336,0.0,0.0,0.0,0.0,0.0,-630480.0,-630480.0,710.0,710.0,0.0,0.0,710.0,0.0,0.0,710
0.0,0.0,-0.0,0.0,0.0,0.0,-0.0,0.0,0.37853033242258655,268.75653602003644,799.2,0.0,710.0,1.0,888.0,-630480.0,118,-58.234316323630445,0.0,120,-7.330000190530271,0.0,118,-47.262497545585596,0.0,118,-1.9511327318220517,0.0,118,-13.930097201004031,0.0,118,-25.066683596685955,0.0,0.0,0.0,0.0,0.0,-630480.0,-630480.0,710.0,710.0,0.0,0.0,710.0,0.0,0.0,710
0.0,0.0,-0.0,0.0,0.0,0.0,-0.0,0.0,0.37853033242258655,268.75653602003644,799.2,0.0,710.0,1.0,888.0,-630480.0,118,-11.64048813122527,0.0,120,-45.89296121757786,0.0,118,-7.539464909421589,0.0,118,-12.710054599117527,0.0,118,-59.54445974216513,0.0,118,-11.502934394031195,0.0,0.0,0.0,0.0,0.0,-630480.0,-630480.0,710.0,710.0,0.0,0.0,710.0,0.0,0.0,710
0.0,0.0,-0.0,0.0,0.0,0.0,-0.0,0.0,0.37853033242258655,268.75653602003644,799.2,0.0,710.0,1.0,888.0,-630480.0,118,-23.33899913620188,0.0,120,-48.16192982963784,0.0,118,-1.762807105029922,0.0,118,-48.95813666070211,0.0,118,-32.96058036664998,0.0,118,-25.169245643151672,0.0,0.0,0.0,0.0,0.0,-630480.0,-630480.0,710.0,710.0,0.0,0.0,710.0,0.0,0.0,710
0.0,0.0,-0.0,0.0,0.0,0.0,-0.0,0.0,0.37853033242258655,268.75653602003644,799.2,0.0,710.0,1.0,888.0,-630480.0,118,-51.634009288828736,0.0,120,-26.99661495195716,0.0,118,-59.52657165010889,0.0,118,-15.915497995805218,0.0,118,-18.528506954744955,0.0,118,-56.09510524923712,0.0,0.0,0.0,0.0,0.0,-630480.0,-630480.0,710.0,710.0,0.0,0.0,710.0,0.0,0.0,710
0.0,0.0,-0.0,0.0,0.0,0.0,-0.0,0.0,0.37853033242258655,268.75653602003644,799.2,0.0,710.0,1.0,888.0,-630480.0,118,-46.252709621774535,0.0,120,-36.11637219192237,0.0,118,-0.6962362778337416,0.0,118,-9.724742832566326,0.0,118,-56.639484523074806,0.0,118,-43.6088585347608,0.0,0.0,0.0,0.0,0.0,-630480.0,-630480.0,710.0,710.0,0.0,0.0,710.0,0.0,0.0,710
0.0,0.0,-0.0,0.0,0.0,0.0,-0.0,0.0,0.37853033242258655,268.75653602003644,799.2,0.0,710.0,1.0,888.0,-630480.0,118,-54.496217281475275,0.0,120,-12.25424976208641,0.0,118,-55.89749009925921,0.0,118,-50.393938622746205,0.0,118,-44.73253293992104,0.0,118,-41.106119681641495,0.0,0.0,0.0,0.0,0.0,-630480.0,-630480.0,710.0,710.0,0.0,0.0,710.0,0.0,0.0,710
0.0,0.0,-0.0,0.0,0.0,0.0,-0.0,0.0,0.37853033242258655,268.75653602003644,799.2,0.0,710.0,1.0,888.0,-630480.0,118,-38.69792888269558,0.0,120,-12.973832452296726,0.0,118,-31.154860521667814,0.0,118,-57.286093078909595,0.0,118,-56.26962841886372,0.0,118,-12.315162123267987,0.0,0.0,0.0,0.0,0.0,-630480.0,-630480.0,710.0,710.0,0.0,0.0,710.0,0.0,0.0,710
0.0,0.0,-0.0,0.0,0.0,0.0,-0.0,0.0,0.37853033242258655,268.75653602003644,799.2,0.0,710.0,1.0,888.0,-630480.0,118,-10.792478405604555,0.0,120,-29.897414256457097,0.0,118,-50.13008741163163,0.0,118,-59.94870511588978,0.0,118,-11.621256087813133,0.0,118,-41.08743599934898,0.0,0.0,0.0,0.0,0.0,-630480.0,-630480.0,710.0,710.0,0.0,0.0,710.0,0.0,0.0,710
0.0,0.0,-0.0,0.0,0.0,0.0,-0.0,0.0,0.37853033242258655,268.75653602003644,799.2,0.0,710.0,1.0,888.0,-630480.0,118,-15.915684727751165,0.0,120,-33.86911586666452,0.0,118,-36.66721011527772,0.0,118,-3.0187229337552135,0.0,118,-19.32915208830594,0.0,118,-51.70456041048478,0.0,0.0,0.0,0.0,0.0,-630480.0,-630480.0,710.0,710.0,0.0,0.0,710.0,0.0,0.0,710
0.0,0.0,-0.0,0.0,0.0,0.0,-0.0,0.0,0.37853033242258655,268.75653602003644,799.2,0.0,710.0,1.0,888.0,-630480.0,118,-6.146021958287311,0.0,120,-25.91451824331418,0.0,118,-8.791928515405846,0.0,118,-24.428221014049043,0.0,118,-6.369369773761482,0.0,118,-54.91641423069231,0.0,0.0,0.0,0.0,0.0,-630480.0,-630480.0,710.0,710.0,0.0,0.0,710.0,0.0,0.0,710
0.0,0.0,-0.0,0.0,0.0,0.0,-0.0,0.0,0.37853033242258655,268.75653602003644,799.2,0.0,710.0,1.0,888.0,-630480.0,118,-43.692321402762964,0.0,120,-28.674683621575827,0.0,118,-48.5784819424176,0.0,118,-9.502247084479956,0.0,118,-46.36327567939235,0.0,118,-38.07869100738059,0.0,0.0,0.0,0.0,0.0,-630480.0,-630480.0,710.0,710.0,0.0,0.0,710.0,0.0,0.0,710
0.0,0.0,-0.0,0.0,0.0,0.0,-0.0,0.0,0.37853033242258655,268.75653602003644,799.2,0.0,710.0,1.0,888.0,-630480.0,118,-49.556499881922484,0.0,120,-59.547052452503074,0.0,118,-50.37021469414396,0.0,118,-58.01240047052817,0.0,118,-11.675077357208473,0.0,118,-53.45057489714287,0.0,0.0,0.0,0.0,0.0,-630480.0,-630480.0,710.0,710.0,0.0,0.0,710.0,0.0,0.0,710
0.0,0.0,-0.0,0.0,0.0,0.0,-0.0,0.0,0.37853033242258655,268.75653602003644,799.2,0.0,710.0,1.0,888.0,-630480.0,118,-8.611005322118263,0.0,120,-36.30368458642869,0.0,118,-42.93715548602897,0.0,118,-3.56769932245681,0.0,118,-14.812178726408414,0.0,118,-8.168960695237661,0.0,0.0,0.0,0.0,0.0,-630480.0,-630480.0,710.0,710.0,0.0,0.0,710.0,0.0,0.0,710
0.0,0.0,-0.0,0.0,0.0,0.0,-0.0,0.0,0.37853033242258655,268.75653602003644,799.2,0.0,710.0,1.0,888.0,-630480.0,118,-45.46406251737451,0.0,120,-7.0925702954153635,0.0,118,-50.447662464508326,0.0,118,-19.69509869615665,0.0,118,-57.29787346786387,0.0,118,-2.7389620762970135,0.0,0.0,0.0,0.0,0.0,-630480.0,-630480.0,710.0,710.0,0.0,0.0,710.0,0.0,0.0,710
0.0,0.0,-0.0,0.0,0.0,0.0,-0.0,0.0,0.37853033242258655,268.75653602003644,799.2,0.0,710.0,1.0,888.0,-630480.0,118,-51.54583347068851,0.0,120,-54.852000726705235,0.0,118,-50.69714024828026,0.0,118,-54.040110778056544,0.0,118,-36.07977062839313,0.0,118,-52.77111726299458,0.0,0.0,0.0,0.0,0.0,-630480.0,-630480.0,710.0,710.0,0.0,0.0,710.0,0.0,0.0,710
0.0,0.0,-0.0,0.0,0.0,0.0,-0.0,0.0,0.37853033242258655,268.75653602003644,799.2,0.0,710.0,1.0,888.0,-630480.0,118,-59.83772691396353,0.0,120,-21.87033361679004,0.0,118,-5.467829489480581,0.0,118,-9.620368650563076,0.0,118,-4.616512018635335,0.0,118,-54.68443211718339,0.0,0.0,0.0,0.0,0.0,-630480.0,-630480.0,710.0,710.0,0.0,0.0,710.0,0.0,0.0,710
0.0,0.0,-0.0,0.0,0.0,0.0,-0.0,0.0,0.37853033242258655,268.75653602003644,799.2,0.0,710.0,1.0,888.0,-630480.0,118,-47.63346135821742,0.0,120,-46.04785130053609,0.0,118,-19.21662070095553,0.0,118,-53.5359322611087,0.0,118,-33.87113074965667,0.0,118,-27.636783884061494,0.0,0.0,0.0,0.0,0.0,-630480.0,-630480.0,710.0,710.0,0.0,0.0,710.0,0.0,0.0,710
0.0,0.0,-0.0,0.0,0.0,0.0,-0.0,0.0,0.37853033242258655,268.75653602003644,799.2,0.0,710.0,1.0,888.0,-630480.0,118,-38.451535366106135,0.0,120,-16.898530579352485,0.0,118,-13.358006634343909,0.0,118,-42.9049160677422,0.0,118,-25.805167645481248,0.0,118,-10.372831157119,0.0,0.0,0.0,0.0,0.0,-630480.0,-630480.0,710.0,710.0,0.0,0.0,710.0,0.0,0.0,710
0.0,0.0,-0.0,0.0,0.0,0.0,-0.0,0.0,0.37853033242258655,268.75653602003644,799.2,0.0,710.0,1.0,888.0,-630480.0,118,-55.694551241430396,0.0,120,-14.86112795933391,0.0,118,-41.16382732706088,0.0,118,-47.127734835203974,0.0,118,-43.755076217568195,0.0,118,-8.647501821403411,0.0,0.0,0.0,0.0,0.0,-630480.0,-630480.0,710.0,710.0,0.0,0.0,710.0,0.0,0.0,710
0.0,0.0,-0.0,0.0,0.0,0.0,-0.0,0.0,0.37853033242258655,268.75653602003644,799.2,0.0,710.0,1.0,888.0,-630480.0,118,-39.38115510973062,0.0,120,-48.50515778055909,0.0,118,-31.975365181595453,0.0,118,-35.99058759835925,0.0,118,-31.148912511887964,0.0,118,-20.97581965504543,0.0,0.0,0.0,0.0,0.0,-630480.0,-630480.0,710.0,710.0,0.0,0.0,710.0,0.0,0.0,710
0.0,0.0,-0.0,0.0,0.0,0.0,-0.0,0.0,0.37853033242258655,268.75653602003644,799.2,0.0,710.0,1.0,888.0,-630480.0,118,-17.826645912344034,0.0,120,-35.28821801904852,0.0,118,-31.76862161621169,0.0,118,-40.42153578079293,0.0,118,-42.56671815226163,0.0,118,-6.916959854119331,0.0,0.0,0.0,0.0,0.0,-630480.0,-630480.0,710.0,710.0,0.0,0.0,710.0,0.0,0.0,710
342.76052318843335,0.0,-3427.6052318843335,0.0,0.0,0.0,-0.0,0.0,0.37853033242258655,138.97523087363842,799.2,0.0,367.1442391002056,1.0,888.0,-326024.08432098257,118,-41.28543945596173,0.0,120,-23.977985413528295,0.0,118,-18.990334311834363,0.0,118,-19.688649834454004,0.0,118,-37.8164539322481,0.0,118,-21.742446656471447,0.0,0.0,0.095237711361054,0.095237711361054,0.0,-329451.6895528669,-329451.6895528669,710.0,710.0,342.8557608997944,0.0,367.1442391002056,0.0,0.0,710
342.76052318843335,0.0,-3427.6052318843335,0.0,0.0,0.0,-0.0,0.0,0.37853033242258655,138.97523087363842,799.2,0.0,367.1442391002056,1.0,888.0,-326024.08432098257,118,-46.26570945247333,0.0,120,-27.826053694160603,0.0,118,-41.38688200975029,0.0,118,-55.91595575623515,0.0,118,-13.797117217182134,0.0,118,-15.852788121172416,0.0,0.0,0.095237711361054,0.095237711361054,0.0,-329451.6895528669,-329451.6895528669,710.0,710.0,342.8557608997944,0.0,367.1442391002056,0.0,0.0,710
342.76052318843335,0.0,-3427.6052318843335,0.0,0.0,0.0,-0.0,0.0,0.37853033242258655,138.97523087363842,799.2,0.0,367.1442391002056,1.0,888.0,-326024.08432098257,118,-11.727161211673717,0.0,120,-19.978331018548044,0.0,118,-34.68905113370404,0.0,118,-57.593676379053754,0.0,118,-51.907613189190954,0.0,118,-32.197576956646884,0.0,0.0,0.095237711361054,0.095237711361054,0.0,-329451.6895528669,-329451.6895528669,710.0,710.0,342.8557608997944,0.0,367.1442391002056,0.0,0.0,710
342.76052318843335,0.0,-3427.6052318843335,0.0,0.0,0.0,-0.0,0.0,0.37853033242258655,138.97523087363842,799.2,0.0,367.1442391002056,1.0,888.0,-326024.08432098257,118,-14.767428044321553,0.0,120,-30.115220199338683,0.0,118,-1.0517002880776438,0.0,118,-48.31014507101069,0.0,118,-25.645000835744767,0.0,118,-27.307561430789796,0.0,0.0,0.095237711361054,0.095237711361054,0.0,-329451.6895528669,-329451.6895528669,710.0,710.0,342.8557608997944,0.0,367.1442391002056,0.0,0.0,710
342.76052318843335,0.0,-3427.6052318843335,0.0,0.0,0.0,-0.0,0.0,0.37853033242258655,138.97523087363842,799.2,0.0,367.1442391002056,1.0,888.0,-326024.08432098257,118,-23.92644747153699,0.0,120,-55.09562709128057,0.0,118,-22.701346947279223,0.0,118,-41.62533959342687,0.0,118,-58.59346629026538,0.0,118,-21.898070155810373,0.0,0.0,0.095237711361054,0.095237711361054,0.0,-329451.6895528669,-329451.6895528669,710.0,710.0,342.8557608997944,0.0,367.1442391002056,0.0,0.0,710
342.76052318843335,0.0,-3427.6052318843335,0.0,0.0,0.0,-0.0,0.0,0.37853033242258655,138.97523087363842,799.2,0.0,367.1442391002056,1.0,888.0,-326024.08432098257,118,-39.62351871309613,0.0,120,-13.03428226013295,0.0,118,-2.5611432784342747,0.0,118,-33.82549579059267,0.0,118,-25.050725133657266,0.0,118,-41.998329841568406,0.0,0.0,0.095237711361054,0.095237711361054,0.0,-329451.6895528669,-329451.6895528669,710.0,710.0,342.8557608997944,0.0,367.1442391002056,0.0,0.0,710
1105.1182895027393,0.0,-11051.182895027394,395.42535210054507,0.0,0.0,-0.0,0.0,0.37853033242258655,0.0,799.2,0.0,0.0,1.0,888.0,-0.0,118,-42.07234999363085,0.0,120,-24.963734599417798,0.0,118,-50.86208727869761,0.0,118,-35.24406897015916,0.0,118,-25.535901259361367,0.0,118,-58.82972481837308,0.0,0.0,0.307062597805707,0.307062597805707,0.0,-11051.182895027394,-11051.182895027394,1105.425352100545,1105.425352100545,1105.425352100545,0.0,0.0,395.42535210054507,0.0,710
1105.1182895027393,0.0,-11051.182895027394,395.42535210054507,355.8828168904906,0.0,-0.0,0.00862683482147942,0.37853033242258655,0.0,799.2,0.0,0.0,1.0,888.0,-0.0,118,-1.3873477107473753,0.0,120,-39.73294215963819,0.0,118,-37.65004432410516,0.0,118,-14.477547632199506,0.0,118,-4.132738704280017,0.0,118,-22.230572145792145,0.0,0.0,0.307062597805707,0.307062597805707,0.0,-11051.182895027394,-11051.182895027394,1105.425352100545,1105.425352100545,1105.425352100545,0.0,0.0,395.42535210054507,0.0,710
1105.1182895027393,0.0,-11051.182895027394,395.42535210054507,711.7656337809811,0.0,-0.0,0.01725366964295884,0.37853033242258655,0.0,799.2,0.0,0.0,1.0,888.0,-0.0,118,-45.395065229725624,0.0,120,-25.140904729840468,0.0,118,-20.910548139397832,0.0,118,-27.683579568335325,0.0,118,-17.856460902207104,0.0,118,-25.61244546455169,0.0,0.0,0.307062597805707,0.307062597805707,0.0,-11051.182895027394,-11051.182895027394,1105.425352100545,1105.425352100545,1105.425352100545,0.0,0.0,395.42535210054507,0.0,710
1105.1182895027393,0.0,-11051.182895027394,395.42535210054507,1067.6484506714717,0.0,-0.0,0.025880504464438264,0.37853033242258655,0.0,799.2,0.0,0.0,1.0,888.0,-0.0,118,-56.619369398237865,0.0,120,-24.091571846147087,0.0,118,-7.368834593189913,0.0,118,-25.999629769301464,0.0,118,-19.49845276132646,0.0,118,-20.329583741159038,0.0,0.0,0.307062597805707,0.307062597805707,0.0,-11051.182895027394,-11051.182895027394,1105.425352100545,1105.425352100545,1105.425352100545,0.0,0.0,395.42535210054507,0.0,710
1105.1182895027393,0.0,-11051.182895027394,395.42535210054507,1423.5312675619623,0.0,-0.0,0.03450733928591768,0.37853033242258655,0.0,799.2,0.0,0.0,1.0,888.0,-0.0,118,-28.796942239951335,0.0,120,-1.271428073417833,0.0,118,-22.604964536667392,0.0,118,-6.688910845722182,0.0,118,-50.86588090857614,0.0,118,-31.639645958572764,0.0,0.0,0.307062597805707,0.307062597805707,0.0,-11051.182895027394,-11051.182895027394,1105.425352100545,1105.425352100545,1105.425352100545,0.0,0.0,395.42535210054507,0.0,710
1105.1182895027393,0.0,-11051.182895027394,333.42535210054507,1779.414084452453,0.0,-0.0,0.04313417410739711,0.37853033242258655,0.0,799.2,0.0,0.0,1.0,888.0,-0.0,180,-22.581236271264636,0.0,120,-29.8646448742439,0.0,118,-20.51402991568031,0.0,118,-31.915227396882287,0.0,118,-10.873607255033946,0.0,118,-4.102146950493822,0.0,0.0,0.307062597805707,0.307062597805707,0.0,-11051.182895027394,-11051.182895027394,1105.425352100545,1105.425352100545,1105.425352100545,0.0,0.0,333.42535210054507,0.0,772
1776.7347587999816,0.0,-17767.347587999815,943.2284333648051,2079.4969013429436,0.0,-0.0,0.05040838002916015,0.37853033242258655,0.0,799.2,0.0,0.0,1.0,888.0,-0.0,180,-7.976648795610057,0.0,120,-10.169378878349047,0.0,180,-27.434564170534358,0.0,118,-0.8781858628702244,0.0,118,-6.061310350686108,0.0,118,-59.7210656242614,0.0,0.0,0.493674564823557,0.493674564823557,0.0,-17767.347587999815,-17767.347587999815,1777.2284333648051,1777.2284333648051,1777.2284333648051,0.0,0.0,943.2284333648051,0.0,834
1776.7347587999816,0.0,-17767.347587999815,1005.2284333648051,2928.4024913712683,0.0,-0.0,0.07098641290018345,0.37853033242258655,0.0,799.2,0.0,0.0,1.0,888.0,-0.0,180,-3.750386064902147,0.0,120,-52.061608365184505,0.0,118,-52.136512481382894,0.0,118,-40.3883639839801,0.0,118,-24.58051418790481,0.0,118,-11.876483582395492,0.0,0.0,0.493674564823557,0.493674564823557,0.0,-17767.347587999815,-17767.347587999815,1777.2284333648051,1777.2284333648051,1777.2284333648051,0.0,0.0,1005.2284333648051,0.0,772
1776.7347587999816,0.0,-17767.347587999815,1005.2284333648051,3833.108081399593,0.0,-0.0,0.09291707467092317,0.37853033242258655,0.0,799.2,0.0,0.0,1.0,888.0,-0.0,180,-44.17887484070623,0.0,120,-21.232365564777083,0.0,118,-27.953786113464396,0.0,118,-25.08729481462283,0.0,118,-10.429406847838262,0.0,118,-35.91133227542189,0.0,0.0,0.493674564823557,0.493674564823557,0.0,-17767.347587999815,-17767.347587999815,1777.2284333648051,1777.2284333648051,1777.2284333648051,0.0,0.0,1005.2284333648051,0.0,772
1776.7347587999816,0.0,-17767.347587999815,1005.2284333648051,4737.813671427918,0.0,-0.0,0.11484773644166286,0.37853033242258655,0.0,799.2,0.0,0.0,1.0,888.0,-0.0,180,-43.550070516730074,0.0,120,-8.664849518891245,0.0,118,-5.243521367013344,0.0,118,-27.13150139120357,0.0,118,-51.13666897171672,0.0,118,-23.5950783778204,0.0,0.0,0.493674564823557,0.493674564823557,0.0,-17767.347587999815,-17767.347587999815,1777.2284333648051,1777.2284333648051,1777.2284333648051,0.0,0.0,1005.2284333648051,0.0,772
1776.7347587999816,0.0,-17767.347587999815,1005.2284333648051,5642.519261456243,0.0,-0.0,0.13677839821240256,0.37853033242258655,0.0,799.2,0.0,0.0,1.0,888.0,-0.0,180,-19.200635563281566,0.0,120,-35.710721709183964,0.0,118,-10.681976688683532,0.0,118,-56.04796961753894,0.0,118,-26.813311505764347,0.0,118,-54.360042702059474,0.0,0.0,0.493674564823557,0.493674564823557,0.0,-17767.347587999815,-17767.347587999815,1777.2284333648051,1777.2284333648051,1777.2284333648051,0.0,0.0,1005.2284333648051,0.0,772
1776.7347587999816,0.0,-17767.347587999815,1005.2284333648051,6547.224851484568,0.0,-0.0,0.15870905998314228,0.37853033242258655,0.0,799.2,0.0,0.0,1.0,888.0,-0.0,180,-46.19633606464068,0.0,120,-12.624591843257857,0.0,118,-3.7389897186930887,0.0,118,-2.870355556554436,0.0,118,-31.808937607448236,0.0,118,-14.341753033824503,0.0,0.0,0.493674564823557,0.493674564823557,0.0,-17767.347587999815,-17767.347587999815,1777.2284333648051,1777.2284333648051,1777.2284333648051,0.0,0.0,1005.2284333648051,0.0,772
2237.1841012038803,0.0,-22371.841012038803,1465.8057139021867,7451.930441512893,0.0,-0.0,0.18063972175388196,0.37853033242258655,0.0,799.2,0.0,0.0,1.0,888.0,-0.0,180,-34.87797676625631,0.0,120,-25.52109197512128,0.0,118,-20.005299530351877,0.0,118,-59.69126024221049,0.0,118,-19.844826332350152,0.0,118,-58.356666488213364,0.0,0.0,0.621612698306163,0.621612698306163,0.0,-22371.841012038803,-22371.841012038803,2237.8057139021867,2237.8057139021867,2237.8057139021867,0.0,0.0,1465.8057139021867,0.0,772
2237.1841012038803,0.0,-22371.841012038803,1465.8057139021867,8771.15558402486,0.0,-0.0,0.21261861159248685,0.37853033242258655,0.0,799.2,0.0,0.0,1.0,888.0,-0.0,180,-12.95656735647759,0.0,120,-15.565146994075135,0.0,118,-20.808955563922076,0.0,118,-6.530628223572929,0.0,118,-32.76476851249929,0.0,118,-54.479832154596615,0.0,0.0,0.621612698306163,0.621612698306163,0.0,-22371.841012038803,-22371.841012038803,2237.8057139021867,2237.8057139021867,2237.8057139021867,0.0,0.0,1465.8057139021867,0.0,772
2237.1841012038803,0.0,-22371.841012038803,1465.8057139021867,10090.380726536829,0.0,-0.0,0.24459750143109177,0.37853033242258655,0.0,799.2,0.0,0.0,1.0,888.0,-0.0,180,-38.225994779564495,0.0,120,-25.984277145263327,0.0,118,-30.67259269396057,0.0,118,-39.53008540453004,0.0,118,-37.59301432061273,0.0,118,-9.854669874446847,0.0,0.0,0.621612698306163,0.621612698306163,0.0,-22371.841012038803,-22371.841012038803,2237.8057139021867,2237.8057139021867,2237.8057139021867,0.0,0.0,1465.8057139021867,0.0,772
2237.1841012038803,0.0,-22371.841012038803,1465.8057139021867,11409.605869048797,0.0,-0.0,0.2765763912696967,0.37853033242258655,0.0,799.2,0.0,0.0,1.0,888.0,-0.0,180,-15.319126187950067,0.0,120,-51.98696743714906,0.0,118,-48.84026786966197,0.0,118,-13.279255334914488,0.0,118,-46.79637504877308,0.0,118,-12.55976128975471,0.0,0.0,0.621612698306163,0.621612698306163,0.0,-22371.841012038803,-22371.841012038803,2237.8057139021867,2237.8057139021867,2237.8057139021867,0.0,0.0,1465.8057139021867,0.0,772
2237.1841012038803,0.0,-22371.841012038803,1465.8057139021867,12728.831011560766,0.0,-0.0,0.3085552811083016,0.37853033242258655,0.0,799.2,0.0,0.0,1.0,888.0,-0.0,180,-10.10071026130088,0.0,120,-56.245664218933825,0.0,118,-28.83670602553419,0.0,118,-35.65804075533496,0.0,118,-4.053102955909411,0.0,118,-39.26821326685831,0.0,0.0,0.621612698306163,0.621612698306163,0.0,-22371.841012038803,-22371.841012038803,2237.8057139021867,2237.8057139021867,2237.8057139021867,0.0,0.0,1465.8057139021867,0.0,772
2237.1841012038803,0.0,-22371.841012038803,1465.8057139021867,14048.056154072734,0.0,-0.0,0.3405341709469065,0.37853033242258655,0.0,799.2,0.0,0.0,1.0,888.0,-0.0,180,-55.3676423821046,0.0,120,-33.96098786612069,0.0,118,-41.58987999635781,0.0,118,-51.31540111858325,0.0,118,-30.30233524680884,0.0,118,-17.61303856697208,0.0,0.0,0.621612698306163,0.621612698306163,0.0,-22371.841012038803,-22371.841012038803,2237.8057139021867,2237.8057139021867,2237.8057139021867,0.0,0.0,1465.8057139021867,0.0,772
2456.8073766607063,0.0,-24568.073766607064,1685.4900127753663,15367.281296584702,0.0,-0.0,0.37251306078551144,0.37853033242258655,0.0,799.2,0.0,0.0,1.0,888.0,-0.0,180,-33.82570083540929,0.0,120,-50.40459551534375,0.0,118,-41.206690510505574,0.0,118,-55.1391259434307,0.0,118,-50.1060113330472,0.0,118,-45.20647713279061,0.0,0.0,0.682636114659824,0.682636114659824,0.0,-24568.073766607064,-24568.073766607064,2457.4900127753663,2457.4900127753663,2457.4900127753663,0.0,0.0,1685.4900127753663,0.0,772
2456.8073766607063,0.0,-24568.073766607064,1685.4900127753663,16884.22230808253,0.0,-0.0,0.40928471403491945,0.37853033242258655,0.0,799.2,0.0,0.0,1.0,888.0,-0.0,180,-4.348759898333732,0.0,120,-47.782252381590865,0.0,118,-53.970812212084795,0.0,118,-9.365941666395061,0.0,118,-33.55023229383612,0.0,118,-17.39754103796161,0.0,0.0,0.682636114659824,0.682636114659824,0.0,-24568.073766607064,-24568.073766607064,2457.4900127753663,2457.4900127753663,2457.4900127753663,0.0,0.0,1685.4900127753663,0.0,772
2456.8073766607063,0.0,-24568.073766607064,1685.4900127753663,18401.163319580362,0.0,-0.0,0.4460563672843275,0.37853033242258655,0.0,799.2,0.0,0.0,1.0,888.0,-0.0,180,-25.400310434201966,0.0,120,-26.133927136901683,0.0,118,-42.77162865393741,0.0,118,-51.42786722184897,0.0,118,-53.89451092659606,0.0,118,-7.623401055448631,0.0,0.0,0.682636114659824,0.682636114659824,0.0,-24568.073766607064,-24568.073766607064,2457.4900127753663,2457.4900127753663,2457.4900127753663,0.0,0.0,1685.4900127753663,0.0,772
2456.8073766607063,0.0,-24568.073766607064,1685.4900127753663,19918.104331078193,0.0,-0.0,0.4828280205337356,0.37853033242258655,0.0,799.2,0.0,0.0,1.0,888.0,-0.0,180,-11.192361492658447,0.0,120,-41.735229388196544,0.0,118,-6.279769635503736,0.0,118,-59.70824599247253,0.0,118,-59.73183728237208,0.0,118,-30.484643525754837,0.0,0.0,0.682636114659824,0.682636114659824,0.0,-24568.073766607064,-24568.073766607064,2457.4900127753663,2457.4900127753663,2457.4900127753663,0.0,0.0,1685.4900127753663,0.0,772
2456.8073766607063,0.0,-24568.073766607064,1687.4900127753663,21435.045342576024,0.0,-0.0,0.5195996737831436,0.37853033242258655,0.0,799.2,0.0,0.0,1.0,888.0,-0.0,180,-54.411401563788985,0.0,118,-59.32454590721036,0.0,118,-50.58897080384629,0.0,118,-30.23554565523467,0.0,118,-17.70905799267903,0.0,118,-56.994291391313034,0.0,0.0,0.682636114659824,0.682636114659824,0.0,-24568.073766607064,-24568.073766607064,2457.4900127753663,2457.4900127753663,2457.4900127753663,0.0,0.0,1687.4900127753663,0.0,770
2456.8073766607063,0.0,-24568.073766607064,1687.4900127753663,22953.786354073854,0.0,-0.0,0.5564149602228651,0.37853033242258655,0.0,799.2,0.0,0.0,1.0,888.0,-0.0,180,-57.19286353703795,0.0,118,-5.1818309815865575,0.0,118,-24.51235081801405,0.0,118,-16.504021631631453,0.0,118,-31.86846891571547,0.0,118,-27.247547872162553,0.0,0.0,0.682636114659824,0.682636114659824,0.0,-24568.073766607064,-24568.073766607064,2457.4900127753663,2457.4900127753663,2457.4900127753663,0.0,0.0,1687.4900127753663,0.0,770
2476.408217113161,0.0,-24764.08217113161,1707.0962994185547,24472.527365571685,0.0,-0.0,0.5932302466625866,0.37853033242258655,0.0,799.2,0.0,0.0,1.0,888.0,-0.0,180,-26.588270621094516,0.0,118,-54.101469683798975,0.0,118,-22.246756558317827,0.0,118,-1.6987197201204207,0.0,118,-41.712416232129705,0.0,118,-31.36706313541266,0.0,0.0,0.688082305394043,0.688082305394043,0.0,-24764.08217113161,-24764.08217113161,2477.0962994185547,2477.0962994185547,2477.0962994185547,0.0,0.0,1707.0962994185547,0.0,770
2476.408217113161,0.0,-24764.08217113161,1707.0962994185547,26008.914035048383,0.0,-0.0,0.630473275520529,0.37853033242258655,0.0,799.2,0.0,0.0,1.0,888.0,-0.0,180,-21.758088138887942,0.0,118,-32.27058239800135,0.0,118,-15.07565669882651,0.0,118,-27.035033450495114,0.0,118,-44.49022301487329,0.0,118,-47.52576837990513,0.0,0.0,0.688082305394043,0.688082305394043,0.0,-24764.08217113161,-24764.08217113161,2477.0962994185547,2477.0962994185547,2477.0962994185547,0.0,0.0,1707.0962994185547,0.0,770
2476.408217113161,0.0,-24764.08217113161,1707.0962994185547,27545.30070452508,0.0,-0.0,0.6677163043784714,0.37853033242258655,0.0,799.2,0.0,0.0,1.0,888.0,-0.0,180,-22.209427394683136,0.0,118,-14.871584510922318,0.0,118,-37.43268197759784,0.0,118,-2.8818980132014627,0.0,118,-29.90394782234828,0.0,118,-25.966244236508395,0.0,0.0,0.688082305394043,0.688082305394043,0.0,-24764.08217113161,-24764.08217113161,2477.0962994185547,2477.0962994185547,2477.0962994185547,0.0,0.0,1707.0962994185547,0.0,770
2476.408217113161,0.0,-24764.08217113161,1645.0962994185547,29081.68737400178,0.0,-0.0,0.7049593332364138,0.37853033242258655,0.0,799.2,0.0,0.0,1.0,888.0,-0.0,180,-14.655210338635367,0.0,118,-18.742718700988682,0.0,180,-41.658593509862406,0.0,118,-26.718985392300432,0.0,118,-25.463172452368,0.0,118,-28.249055374108064,0.0,0.0,0.688082305394043,0.688082305394043,0.0,-24764.08217113161,-24764.08217113161,2477.0962994185547,2477.0962994185547,2477.0962994185547,0.0,0.0,1645.0962994185547,0.0,832
2476.408217113161,0.0,-24764.08217113161,1645.0962994185547,30562.27404347848,0.0,-0.0,0.7408497331946399,0.37853033242258655,0.0,799.2,0.0,0.0,1.0,888.0,-0.0,180,-21.516766878174558,0.0,118,-26.844610356071332,0.0,180,-46.5059001396065,0.0,118,-1.8386072673465992,0.0,118,-37.612193207815096,0.0,118,-15.694143812342318,0.0,0.0,0.688082305394043,0.688082305394043,0.0,-24764.08217113161,-24764.08217113161,2477.0962994185547,2477.0962994185547,2477.0962994185547,0.0,0.0,1645.0962994185547,0.0,832
2476.408217113161,0.0,-24764.08217113161,1645.0962994185547,32042.86071295518,0.0,-0.0,0.7767401331528659,0.37853033242258655,0.0,799.2,0.0,0.0,1.0,888.0,-0.0,180,-19.087519528128215,0.0,118,-53.17592811170491,0.0,180,-20.52996300548534,0.0,118,-26.679416185555304,0.0,118,-39.79261336941855,0.0,118,-14.761677283483676,0.0,0.0,0.688082305394043,0.688082305394043,0.0,-24764.08217113161,-24764.08217113161,2477.0962994185547,2477.0962994185547,2477.0962994185547,0.0,0.0,1645.0962994185547,0.0,832
2290.2592028152253,0.0,-22902.592028152252,1458.8955626937513,33523.44738243188,0.0,-0.0,0.812630533111092,0.37853033242258655,0.0,799.2,0.0,0.0,1.0,888.0,-0.0,180,-12.072140798478998,0.0,118,-35.09293167901199,0.0,180,-0.3362116454115127,0.0,118,-23.507248405604535,0.0,118,-15.926419928593296,0.0,118,-1.9342816806378882,0.0,0.0,0.636359878526042,0.636359878526042,0.0,-22902.592028152252,-22902.592028152252,2290.8955626937513,2290.8955626937513,2290.8955626937513,0.0,0.0,1458.8955626937513,0.0,832
2290.2592028152253,0.0,-22902.592028152252,1458.8955626937513,34836.45338885625,0.0,-0.0,0.8444586669783107,0.37853033242258655,0.0,799.2,0.0,0.0,1.0,888.0,-0.0,180,-42.340893403841726,0.0,118,-9.161380159403281,0.0,180,-11.882371383315425,0.0,118,-12.428268671088034,0.0,118,-7.01543513305756,0.0,118,-49.539993084792364,0.0,0.0,0.636359878526042,0.636359878526042,0.0,-22902.592028152252,-22902.592028152252,2290.8955626937513,2290.8955626937513,2290.8955626937513,0.0,0.0,1458.8955626937513,0.0,832
2290.2592028152253,0.0,-22902.592028152252,1458.8955626937513,36149.459395280624,0.0,-0.0,0.8762868008455295,0.37853033242258655,0.0,799.2,0.0,0.0,1.0,888.0,-0.0,180,-6.2033626673004605,0.0,118,-2.3658113045055695,0.0,180,-10.791669081059734,0.0,118,-37.78117432207214,0.0,118,-20.934400435355087,0.0,118,-52.33222973704811,0.0,0.0,0.636359878526042,0.636359878526042,0.0,-22902.592028152252,-22902.592028152252,2290.8955626937513,2290.8955626937513,2290.8955626937513,0.0,0.0,1458.8955626937513,0.0,832
2290.2592028152253,0.0,-22902.592028152252,1458.8955626937513,37462.465401705,0.0,-0.0,0.9081149347127481,0.37853033242258655,0.0,799.2,0.0,0.0,1.0,888.0,-0.0,180,-4.288680977973732,0.0,118,-17.136898113335207,0.0,180,-32.883899091852136,0.0,118,-55.05500206160937,0.0,118,-24.433550967237753,0.0,118,-42.78576477406875,0.0,0.0,0.636359878526042,0.636359878526042,0.0,-22902.592028152252,-22902.592028152252,2290.8955626937513,2290.8955626937513,2290.8955626937513,0.0,0.0,1458.8955626937513,0.0,832
2290.2592028152253,0.0,-22902.592028152252,1458.8955626937513,38775.47140812937,0.0,-0.0,0.9399430685799668,0.37853033242258655,0.0,799.2,0.0,0.0,1.0,888.0,-0.0,180,-12.558579553609412,0.0,118,-26.51119807212344,0.0,180,-11.069505618192501,0.0,118,-33.754931685454295,0.0,118,-56.95419196998588,0.0,118,-15.118289191494531,0.0,0.0,0.636359878526042,0.636359878526042,0.0,-22902.592028152252,-22902.592028152252,2290.8955626937513,2290.8955626937513,2290.8955626937513,0.0,0.0,1458.8955626937513,0.0,832
2290.2592028152253,0.0,-22902.592028152252,1293.9139838291724,40088.477414553745,0.0,-0.0,0.9717712024471855,0.37853033242258655,0.0,799.2,164.98157886457898,0.0,1.0,888.0,131853.27782857153,180,-1.8598757740540717,0.0,118,-50.274663972009684,0.0,180,-59.62134535059294,0.0,118,-54.68563411109842,0.0,118,-48.54744974092693,0.0,118,-54.111202307647794,0.0,0.0,0.636359878526042,0.636359878526042,0.0,108950.68580041928,108950.68580041928,2290.8955626937513,2290.8955626937513,2290.8955626937513,0.0,0.0,1458.8955626937513,0.0,832
1894.4796634424458,0.0,-18944.79663442446,0.0,41253.0,0.0,-0.0,1.0,0.37853033242258655,0.0,799.2,1061.006054013005,0.0,1.0,888.0,847956.0383671937,180,-40.22817541312082,0.0,120,-3.3130836576022404,0.0,180,-7.990758059777303,0.0,118,-0.6110051231029279,0.0,118,-8.364555415534623,0.0,118,-3.752748962862995,0.0,0.0,0.526390570559168,0.526390570559168,0.0,829011.2417327692,829011.2417327692,1895.006054013005,1895.006054013005,1895.006054013005,0.0,0.0,1061.006054013005,0.0,834
1894.4796634424458,0.0,-18944.79663442446,0.0,41253.0,0.0,-0.0,1.0,0.37853033242258655,0.0,799.2,1061.006054013005,0.0,1.0,888.0,847956.0383671937,180,-18.298845871077457,0.0,120,-1.8232693689953217,0.0,180,-25.245580490206986,0.0,118,-59.15709843524842,0.0,118,-5.422956683312073,0.0,118,-3.868543349132647,0.0,0.0,0.526390570559168,0.526390570559168,0.0,829011.2417327692,829011.2417327692,1895.006054013005,1895.006054013005,1895.006054013005,0.0,0.0,1061.006054013005,0.0,834
1894.4796634424458,0.0,-18944.79663442446,0.0,41253.0,0.0,-0.0,1.0,0.37853033242258655,0.0,799.2,1061.006054013005,0.0,1.0,888.0,847956.0383671937,180,-54.2799748787349,0.0,120,-50.805477246518045,0.0,180,-25.28654605261981,0.0,118,-3.9918919901372263,0.0,118,-27.42105226475401,0.0,118,-19.928722949764012,0.0,0.0,0.526390570559168,0.526390570559168,0.0,829011.2417327692,829011.2417327692,1895.006054013005,1895.006054013005,1895.006054013005,0.0,0.0,1061.006054013005,0.0,834
1894.4796634424458,0.0,-18944.79663442446,0.0,41253.0,0.0,-0.0,1.0,0.37853033242258655,0.0,799.2,1061.006054013005,0.0,1.0,888.0,847956.0383671937,180,-33.995907573596284,0.0,120,-6.725251179947267,0.0,180,-12.581521088807776,0.0,118,-56.631544292696134,0.0,118,-1.168741399888773,0.0,118,-16.20830459042786,0.0,0.0,0.526390570559168,0.526390570559168,0.0,829011.2417327692,829011.2417327692,1895.006054013005,1895.006054013005,1895.006054013005,0.0,0.0,1061.006054013005,0.0,834
1894.4796634424458,0.0,-18944.79663442446,0.0,41253.0,0.0,-0.0,1.0,0.37853033242258655,0.0,799.2,1061.006054013005,0.0,1.0,888.0,847956.0383671937,180,-51.93123872241658,0.0,120,-28.48819999899418,0.0,180,-57.38561391612189,0.0,118,-14.800824831475584,0.0,118,-30.64185142395097,0.0,118,-17.96479221129591,0.0,0.0,0.526390570559168,0.526390570559168,0.0,829011.2417327692,829011.2417327692,1895.006054013005,1895.006054013005,1895.006054013005,0.0,0.0,1061.006054013005,0.0,834
1894.4796634424458,0.0,-18944.79663442446,0.0,41253.0,0.0,-0.0,1.0,0.37853033242258655,0.0,799.2,1061.006054013005,0.0,1.0,888.0,847956.0383671937,180,-29.740640170926206,0.0,120,-27.882368122259603,0.0,180,-57.82404882319215,0.0,118,-14.657142543937452,0.0,118,-11.350881806577773,0.0,118,-20.133036639041414,0.0,0.0,0.526390570559168,0.526390570559168,0.0,829011.2417327692,829011.2417327692,1895.006054013005,1895.006054013005,1895.006054013005,0.0,0.0,1061.006054013005,0.0,834
1275.2576629200075,0.0,-12752.576629200075,0.0,41253.0,0.0,-0.0,1.0,0.37853033242258655,0.0,799.2,441.61199958655925,0.0,1.0,888.0,352936.3100695782,180,-22.02020187744726,0.0,120,-39.6668399181506,0.0,180,-3.980850828575515,0.0,118,-17.014659843967003,0.0,118,-18.64956029678116,0.0,118,-21.369797814567416,0.0,0.0,0.354336666551822,0.354336666551822,0.0,340183.7334403781,340183.7334403781,1275.6119995865593,1275.6119995865593,1275.6119995865593,0.0,0.0,441.61199958655925,0.0,834
1275.2576629200075,0.0,-12752.576629200075,0.0,41253.0,0.0,-0.0,1.0,0.37853033242258655,0.0,799.2,441.61199958655925,0.0,1.0,888.0,352936.3100695782,180,-7.959383191114409,0.0,120,-39.16272668569855,0.0,180,-51.983457396169044,0.0,118,-57.922428895489546,0.0,118,-0.3299148758525927,0.0,118,-57.277816579980176,0.0,0.0,0.354336666551822,0.354336666551822,0.0,340183.7334403781,340183.7334403781,1275.6119995865593,1275.6119995865593,1275.6119995865593,0.0,0.0,441.61199958655925,0.0,834
1275.2576629200075,0.0,-12752.576629200075,0.0,41253.0,0.0,-0.0,1.0,0.37853033242258655,0.0,799.2,441.61199958655925,0.0,1.0,888.0,352936.3100695782,180,-49.032380010804665,0.0,120,-6.514865346753895,0.0,180,-42.73201153860209,0.0,118,-3.2139252039993926,0.0,118,-58.327187827445925,0.0,118,-26.162249575968275,0.0,0.0,0.354336666551822,0.354336666551822,0.0,340183.7334403781,340183.7334403781,1275.6119995865593,1275.6119995865593,1275.6119995865593,0.0,0.0,441.61199958655925,0.0,834
1275.2576629200075,0.0,-12752.576629200075,0.0,41253.0,0.0,-0.0,1.0,0.37853033242258655,0.0,799.2,441.61199958655925,0.0,1.0,888.0,352936.3100695782,180,-10.981361291419905,0.0,120,-33.98305550610474,0.0,180,-12.43937371721958,0.0,118,-4.084949862241785,0.0,118,-7.129401339033015,0.0,118,-55.166170495576786,0.0,0.0,0.354336666551822,0.354336666551822,0.0,340183.7334403781,340183.7334403781,1275.6119995865593,1275.6119995865593,1275.6119995865593,0.0,0.0,441.61199958655925,0.0,834
1275.2576629200075,0.0,-12752.576629200075,0.0,41253.0,0.0,-0.0,1.0,0.37853033242258655,0.0,799.2,441.61199958655925,0.0,1.0,888.0,352936.3100695782,180,-15.65825390091648,0.0,120,-30.59868605083186,0.0,180,-45.41976001401585,0.0,118,-49.87690118670297,0.0,118,-38.496857929388,0.0,118,-7.677651310536904,0.0,0.0,0.354336666551822,0.354336666551822,0.0,340183.7334403781,340183.7334403781,1275.6119995865593,1275.6119995865593,1275.6119995865593,0.0,0.0,441.61199958655925,0.0,834
1275.2576629200075,0.0,-12752.576629200075,0.0,41253.0,0.0,-0.0,1.0,0.37853033242258655,0.0,799.2,441.61199958655925,0.0,1.0,888.0,352936.3100695782,180,-51.693583267468824,0.0,120,-16.989548927971224,0.0,180,-42.50160476511797,0.0,118,-5.641681673078123,0.0,118,-33.81410229712396,0.0,118,-8.085857291131193,0.0,0.0,0.354336666551822,0.354336666551822,0.0,340183.7334403781,340183.7334403781,1275.6119995865593,1275.6119995865593,1275.6119995865593,0.0,0.0,441.61199958655925,0.0,834
512.2167704800656,0.0,-5122.167704800657,0.0,41253.0,321.6409075498093,-0.0,1.0,0.37853033242258655,0.0,799.2,0.0,0.0,1.0,888.0,-0.0,180,-23.77756591313353,0.0,120,-30.351685733369717,0.0,180,-2.061086278561848,0.0,118,-53.873887986935756,0.0,118,-32.321195853854285,0.0,118,-24.804325281993687,0.0,0.0,0.142321970125053,0.142321970125053,0.0,-5122.167704800657,-5122.167704800657,834.0,834.0,512.3590924501907,0.0,321.6409075498093,0.0,0.0,834
512.2167704800656,0.0,-5122.167704800657,0.0,40895.62121383355,321.6409075498093,-0.0,0.9913369018940088,0.37853033242258655,0.0,799.2,0.0,0.0,1.0,888.0,-0.0,180,-53.13411851819405,0.0,120,-48.76254649539089,0.0,180,-3.6554970633079176,0.0,118,-26.332461183368167,0.0,118,-17.507504755958568,0.0,118,-15.305888351441867,0.0,0.0,0.142321970125053,0.142321970125053,0.0,-5122.167704800657,-5122.167704800657,834.0,834.0,512.3590924501907,0.0,321.6409075498093,0.0,0.0,834
512.2167704800656,0.0,-5122.167704800657,0.0,40538.24242766709,321.6409075498093,-0.0,0.9826738037880177,0.37853033242258655,0.0,799.2,0.0,0.0,1.0,888.0,-0.0,180,-5.961650992648764,0.0,120,-21.970975114260987,0.0,180,-47.379919454982215,0.0,118,-22.71571632954848,0.0,118,-44.05757369690577,0.0,118,-14.18744811378197,0.0,0.0,0.142321970125053,0.142321970125053,0.0,-5122.167704800657,-5122.167704800657,834.0,834.0,512.3590924501907,0.0,321.6409075498093,0.0,0.0,834
512.2167704800656,0.0,-5122.167704800657,0.0,40180.86364150064,321.6409075498093,-0.0,0.9740107056820265,0.37853033242258655,0.0,799.2,0.0,0.0,1.0,888.0,-0.0,180,-33.47696389846085,0.0,120,-21.61429747875345,0.0,180,-8.093258623187328,0.0,118,-47.15273311641878,0.0,118,-51.35541475121102,0.0,118,-59.65399272084785,0.0,0.0,0.142321970125053,0.142321970125053,0.0,-5122.167704800657,-5122.167704800657,834.0,834.0,512.3590924501907,0.0,321.6409075498093,0.0,0.0,834
512.2167704800656,0.0,-5122.167704800657,0.0,39823.48485533419,321.6409075498093,-0.0,0.9653476075760353,0.37853033242258655,0.0,799.2,0.0,0.0,1.0,888.0,-0.0,180,-31.57012151915911,0.0,120,-20.667458099407842,0.0,180,-54.6497371192552,0.0,118,-9.479685933792908,0.0,118,-25.64648925473311,0.0,118,-42.16177558784632,0.0,0.0,0.142321970125053,0.142321970125053,0.0,-5122.167704800657,-5122.167704800657,834.0,834.0,512.3590924501907,0.0,321.6409075498093,0.0,0.0,834
512.2167704800656,0.0,-5122.167704800657,0.0,39466.106069167734,321.6409075498093,-0.0,0.9566845094700442,0.37853033242258655,0.0,799.2,0.0,0.0,1.0,888.0,-0.0,180,-31.399828868737146,0.0,120,-45.97998867221026,0.0,180,-5.235211347911115,0.0,118,-32.81676679471086,0.0,118,-36.9271109975684,0.0,118,-1.8937360639284528,0.0,0.0,0.142321970125053,0.142321970125053,0.0,-5122.167704800657,-5122.167704800657,834.0,834.0,512.3590924501907,0.0,321.6409075498093,0.0,0.0,834
0.0,0.0,-0.0,0.0,39108.72728300128,834.0,-0.0,0.948021411364053,0.37853033242258655,0.0,799.2,0.0,0.0,1.0,888.0,-0.0,180,-50.9545767686988,0.0,120,-38.631388187514396,0.0,180,-12.482013383210091,0.0,118,-32.14329185372072,0.0,118,-18.18582803032157,0.0,118,-43.59685835053166,0.0,0.0,0.0,0.0,0.0,0.0,0.0,834.0,834.0,0.0,0.0,834.0,0.0,0.0,834
0.0,0.0,-0.0,0.0,38182.06061633462,834.0,-0.0,0.9255583985730642,0.37853033242258655,0.0,799.2,0.0,0.0,1.0,888.0,-0.0,180,-29.949027095216856,0.0,120,-13.952013785701862,0.0,180,-50.61902754281322,0.0,118,-53.576705987409404,0.0,118,-13.001047422088982,0.0,118,-12.897506754935947,0.0,0.0,0.0,0.0,0.0,0.0,0.0,834.0,834.0,0.0,0.0,834.0,0.0,0.0,834
0.0,0.0,-0.0,0.0,37255.39394966795,772.0,-0.0,0.9030953857820753,0.37853033242258655,0.0,799.2,0.0,0.0,1.0,888.0,-0.0,180,-19.93406924295393,0.0,120,-39.90094457315325,0.0,118,-0.6399380952021616,0.0,118,-14.793252861635066,0.0,118,-19.84803354039592,0.0,118,-38.955632544354856,0.0,0.0,0.0,0.0,0.0,0.0,0.0,772.0,772.0,0.0,0.0,772.0,0.0,0.0,772
0.0,0.0,-0.0,0.0,36397.61617189017,834.0,-0.0,0.8823022852129584,0.37853033242258655,0.0,799.2,0.0,0.0,1.0,888.0,-0.0,180,-4.150037590851941,0.0,120,-12.07505943452585,0.0,180,-44.195875767766914,0.0,118,-5.0467389498004,0.0,118,-41.535352472062364,0.0,118,-22.252895639552676,0.0,0.0,0.0,0.0,0.0,0.0,0.0,834.0,834.0,0.0,0.0,834.0,0.0,0.0,834
0.0,0.0,-0.0,0.0,35470.94950522351,834.0,-0.0,0.8598392724219694,0.37853033242258655,0.0,799.2,0.0,0.0,1.0,888.0,-0.0,180,-29.72722455710816,0.0,120,-53.04408631024504,0.0,180,-40.87959129802664,0.0,118,-1.6074886083722317,0.0,118,-56.76332128035146,0.0,118,-5.118389799655336,0.0,0.0,0.0,0.0,0.0,0.0,0.0,834.0,834.0,0.0,0.0,834.0,0.0,0.0,834
0.0,0.0,-0.0,0.0,34544.28283855684,834.0,-0.0,0.8373762596309806,0.37853033242258655,0.0,799.2,0.0,0.0,1.0,888.0,-0.0,180,-4.425193254085567,0.0,120,-31.53286063564275,0.0,180,-49.31071026796035,0.0,118,-42.97974945195539,0.0,118,-14.796819451983545,0.0,118,-2.8329852743530792,0.0,0.0,0.0,0.0,0.0,0.0,0.0,834.0,834.0,0.0,0.0,834.0,0.0,0.0,834
0.0,0.0,-0.0,0.0,33617.61617189018,834.0,-0.0,0.8149132468399917,0.37853033242258655,0.0,799.2,0.0,0.0,1.0,888.0,-0.0,180,-1.098030496393556,0.0,120,-55.10679334249153,0.0,180,-38.67830187935794,0.0,118,-3.26814049594234,0.0,118,-47.60578018053181,0.0,118,-8.841344624943527,0.0,0.0,0.0,0.0,0.0,0.0,0.0,834.0,834.0,0.0,0.0,834.0,0.0,0.0,834
0.0,0.0,-0.0,0.0,32690.94950522351,834.0,-0.0,0.7924502340490027,0.37853033242258655,0.0,799.2,0.0,0.0,1.0,888.0,-0.0,180,-39.008910934946066,0.0,120,-40.2639661598579,0.0,180,-47.89478419448513,0.0,118,-40.55021495276719,0.0,118,-56.54303983794953,0.0,118,-34.27443954719082,0.0,0.0,0.0,0.0,0.0,0.0,0.0,834.0,834.0,0.0,0.0,834.0,0.0,0.0,834
0.0,0.0,-0.0,0.0,31764.282838556843,834.0,-0.0,0.7699872212580138,0.37853033242258655,0.0,799.2,0.0,0.0,1.0,888.0,-0.0,180,-18.083244786674825,0.0,120,-26.675090394544583,0.0,180,-27.35039681141111,0.0,118,-6.922974354782694,0.0,118,-27.499146199081736,0.0,118,-26.25270216651562,0.0,0.0,0.0,0.0,0.0,0.0,0.0,834.0,834.0,0.0,0.0,834.0,0.0,0.0,834
0.0,0.0,-0.0,0.0,30837.616171890175,834.0,-0.0,0.7475242084670248,0.37853033242258655,0.0,799.2,0.0,0.0,1.0,888.0,-0.0,180,-34.7639832867586,0.0,120,-11.908027908770496,0.0,180,-21.66589843868233,0.0,118,-49.15410473159071,0.0,118,-50.82575995075473,0.0,118,-48.23402741771147,0.0,0.0,0.0,0.0,0.0,0.0,0.0,834.0,834.0,0.0,0.0,834.0,0.0,0.0,834
0.0,0.0,-0.0,0.0,29910.949505223507,834.0,-0.0,0.7250611956760359,0.37853033242258655,0.0,799.2,0.0,0.0,1.0,888.0,-0.0,180,-48.86614453477988,0.0,120,-54.43888049929203,0.0,180,-29.707409555035717,0.0,118,-43.74923901368369,0.0,118,-45.51403220490934,0.0,118,-30.237198716516808,0.0,0.0,0.0,0.0,0.0,0.0,0.0,834.0,834.0,0.0,0.0,834.0,0.0,0.0,834
0.0,0.0,-0.0,0.0,28984.28283855684,834.0,-0.0,0.7025981828850468,0.37853033242258655,0.0,799.2,0.0,0.0,1.0,888.0,-0.0,180,-59.638492274103704,0.0,120,-20.571122590683284,0.0,180,-20.162763412062844,0.0,118,-53.30217140126564,0.0,118,-47.194884827478425,0.0,118,-25.54470413474792,0.0,0.0,0.0,0.0,0.0,0.0,0.0,834.0,834.0,0.0,0.0,834.0,0.0,0.0,834
0.0,0.0,-0.0,0.0,28057.61617189017,834.0,-0.0,0.6801351700940579,0.37853033242258655,0.0,799.2,0.0,0.0,1.0,888.0,-0.0,180,-41.456896894010974,0.0,120,-38.64060448693209,0.0,180,-23.036328777192757,0.0,118,-57.61156022295829,0.0,118,-17.492518148473426,0.0,118,-4.107992222992795,0.0,0.0,0.0,0.0,0.0,0.0,0.0,834.0,834.0,0.0,0.0,834.0,0.0,0.0,834
0.0,0.0,-0.0,0.0,27130.949505223503,834.0,-0.0,0.6576721573030689,0.37853033242258655,0.0,799.2,0.0,0.0,1.0,888.0,-0.0,180,-58.46968315257447,0.0,120,-12.534307843141137,0.0,180,-29.334471300107495,0.0,118,-34.22756218796346,0.0,118,-6.822750154248293,0.0,118,-40.45902047608264,0.0,0.0,0.0,0.0,0.0,0.0,0.0,834.0,834.0,0.0,0.0,834.0,0.0,0.0,834
0.0,0.0,-0.0,0.0,26204.282838556835,834.0,-0.0,0.63520914451208,0.37853033242258655,0.0,799.2,0.0,0.0,1.0,888.0,-0.0,180,-57.138017254435056,0.0,120,-21.663271105405176,0.0,180,-52.964816219555836,0.0,118,-36.10033947619703,0.0,118,-43.344752248258,0.0,118,-49.12052729842983,0.0,0.0,0.0,0.0,0.0,0.0,0.0,834.0,834.0,0.0,0.0,834.0,0.0,0.0,834
0.0,0.0,-0.0,0.0,25277.616171890168,834.0,-0.0,0.612746131721091,0.37853033242258655,0.0,799.2,0.0,0.0,1.0,888.0,-0.0,180,-20.96262774644803,0.0,120,-32.11407975648363,0.0,180,-44.45970790320838,0.0,118,-24.56774859779835,0.0,118,-12.088559477816283,0.0,118,-47.78941625906079,0.0,0.0,0.0,0.0,0.0,0.0,0.0,834.0,834.0,0.0,0.0,834.0,0.0,0.0,834
0.0,0.0,-0.0,0.0,24350.9495052235,834.0,-0.0,0.5902831189301021,0.37853033242258655,0.0,799.2,0.0,0.0,1.0,888.0,-0.0,180,-39.533065033082366,0.0,120,-58.39610709483634,0.0,180,-22.575651570403195,0.0,118,-47.61740156573252,0.0,118,-47.17117445966435,0.0,118,-37.34838724330017,0.0,0.0,0.0,0.0,0.0,0.0,0.0,834.0,834.0,0.0,0.0,834.0,0.0,0.0,834
0.0,0.0,-0.0,0.0,23424.282838556832,834.0,-0.0,0.567820106139113,0.37853033242258655,0.0,799.2,0.0,0.0,1.0,888.0,-0.0,180,-27.950599685270316,0.0,120,-15.416167042504975,0.0,180,-38.07988354435073,0.0,118,-39.99704123634862,0.0,118,-1.4634850438385127,0.0,118,-46.091884190803064,0.0,0.0,0.0,0.0,0.0,0.0,0.0,834.0,834.0,0.0,0.0,834.0,0.0,0.0,834
0.0,0.0,-0.0,0.0,22497.616171890164,834.0,-0.0,0.5453570933481241,0.37853033242258655,0.0,799.2,0.0,0.0,1.0,888.0,-0.0,180,-11.669199608802801,0.0,120,-18.962128450975772,0.0,180,-21.59932526761241,0.0,118,-10.192732550749458,0.0,118,-28.087230988833653,0.0,118,-44.77504385558039,0.0,0.0,0.0,0.0,0.0,0.0,0.0,834.0,834.0,0.0,0.0,834.0,0.0,0.0,834
0.0,0.0,-0.0,0.0,21570.949505223496,834.0,-0.0,0.5228940805571352,0.37853033242258655,0.0,799.2,0.0,0.0,1.0,888.0,-0.0,180,-22.618350029045136,0.0,120,-19.21599691042135,0.0,180,-45.26596322383733,0.0,118,-24.526506202517893,0.0,118,-15.548553750261831,0.0,118,-41.39699419390824,0.0,0.0,0.0,0.0,0.0,0.0,0.0,834.0,834.0,0.0,0.0,834.0,0.0,0.0,834
0.0,0.0,-0.0,0.0,20644.28283855683,834.0,-0.0,0.5004310677661462,0.37853033242258655,0.0,799.2,0.0,0.0,1.0,888.0,-0.0,180,-36.04307556061357,0.0,120,-20.853219805893648,0.0,180,-5.012790335823514,0.0,118,-7.646689529871917,0.0,118,-52.57737368645795,0.0,118,-21.857536012723692,0.0,0.0,0.0,0.0,0.0,0.0,0.0,834.0,834.0,0.0,0.0,834.0,0.0,0.0,834
0.0,0.0,-0.0,0.0,19717.61617189016,834.0,-0.0,0.4779680549751572,0.37853033242258655,0.0,799.2,0.0,0.0,1.0,888.0,-0.0,180,-21.21356745847865,0.0,120,-31.190697614528947,0.0,180,-35.08019708391468,0.0,118,-27.26617931246226,0.0,118,-31.253806685738855,0.0,118,-59.44319164855902,0.0,0.0,0.0,0.0,0.0,0.0,0.0,834.0,834.0,0.0,0.0,834.0,0.0,0.0,834
0.0,0.0,-0.0,0.0,18790.949505223492,834.0,-0.0,0.45550504218416826,0.37853033242258655,0.0,799.2,0.0,0.0,1.0,888.0,-0.0,180,-17.664291438489276,0.0,120,-33.15112909533494,0.0,180,-41.80726167078477,0.0,118,-0.387189986987706,0.0,118,-32.7859104671431,0.0,118,-48.78350569220467,0.0,0.0,0.0,0.0,0.0,0.0,0.0,834.0,834.0,0.0,0.0,834.0,0.0,0.0,834
0.0,0.0,-0.0,0.0,17864.282838556825,834.0,-0.0,0.43304202939317926,0.37853033242258655,0.0,799.2,0.0,0.0,1.0,888.0,-0.0,180,-18.435901740697286,0.0,120,-11.773592939001746,0.0,180,-2.993711918889743,0.0,118,-18.075629332142093,0.0,118,-29.085340448524178,0.0,118,-7.676482574902346,0.0,0.0,0.0,0.0,0.0,0.0,0.0,834.0,834.0,0.0,0.0,834.0,0.0,0.0,834
0.0,0.0,-0.0,0.0,16937.616171890157,834.0,-0.0,0.4105790166021903,0.37853033242258655,0.0,799.2,0.0,0.0,1.0,888.0,-0.0,180,-18.458506812096203,0.0,120,-20.579054537961053,0.0,180,-38.59834699214585,0.0,118,-20.950926995566338,0.0,118,-46.421625146111495,0.0,118,-35.32202369571084,0.0,0.0,0.0,0.0,0.0,0.0,0.0,834.0,834.0,0.0,0.0,834.0,0.0,0.0,834
0.0,0.0,-0.0,0.0,16010.94950522349,834.0,-0.0,0.38811600381120137,0.37853033242258655,0.0,799.2,0.0,0.0,1.0,888.0,-0.0,180,-6.123120755085423,0.0,120,-23.25693034933446,0.0,180,-47.857472208099004,0.0,118,-23.89009867987601,0.0,118,-54.67551895256519,0.0,118,-52.88327536428491,0.0,0.0,0.0,0.0,0.0,0.0,0.0,834.0,834.0,0.0,0.0,834.0,0.0,0.0,834
0.0,0.0,-0.0,0.0,15084.282838556825,834.0,-0.0,0.3656529910202125,0.37853033242258655,0.0,799.2,0.0,0.0,1.0,888.0,-0.0,180,-27.810799279458408,0.0,120,-58.39609481093637,0.0,180,-52.838655617941846,0.0,118,-16.458271908940723,0.0,118,-10.963123058001948,0.0,118,-15.365989225323935,0.0,0.0,0.0,0.0,0.0,0.0,0.0,834.0,834.0,0.0,0.0,834.0,0.0,0.0,834
0.0,0.0,-0.0,0.0,14157.616171890159,834.0,-0.0,0.34318997822922354,0.37853033242258655,0.0,799.2,0.0,0.0,1.0,888.0,-0.0,180,-53.63434834626497,0.0,120,-15.41604263289389,0.0,180,-29.87939077589305,0.0,118,-39.86649303329394,0.0,118,-18.85301703458601,0.0,118,-21.671609555038284,0.0,0.0,0.0,0.0,0.0,0.0,0.0,834.0,834.0,0.0,0.0,834.0,0.0,0.0,834
0.0,0.0,-0.0,0.0,13230.949505223492,834.0,-0.0,0.3207269654382346,0.37853033242258655,0.0,799.2,0.0,0.0,1.0,888.0,-0.0,180,-50.28958740394499,0.0,120,-9.979196026083999,0.0,180,-26.49672139055618,0.0,118,-6.979931444228685,0.0,118,-39.683151512928134,0.0,118,-18.866018442928546,0.0,0.0,0.0,0.0,0.0,0.0,0.0,834.0,834.0,0.0,0.0,834.0,0.0,0.0,834
0.0,0.0,-0.0,0.0,12304.282838556826,834.0,-0.0,0.2982639526472457,0.37853033242258655,0.0,799.2,0.0,0.0,1.0,888.0,-0.0,180,-19.923117339190867,0.0,120,-55.271555444228014,0.0,180,-26.47394160388851,0.0,118,-27.448181327294627,0.0,118,-59.835112638586075,0.0,118,-9.077467787687105,0.0,0.0,0.0,0.0,0.0,0.0,0.0,834.0,834.0,0.0,0.0,834.0,0.0,0.0,834
0.0,0.0,-0.0,0.0,11377.61617189016,834.0,-0.0,0.27580093985625675,0.37853033242258655,0.0,799.2,0.0,0.0,1.0,888.0,-0.0,180,-12.583845574849866,0.0,120,-55.770990989147734,0.0,180,-10.201086368516561,0.0,118,-11.997136646161024,0.0,118,-44.80719357152919,0.0,118,-25.697532940149294,0.0,0.0,0.0,0.0,0.0,0.0,0.0,834.0,834.0,0.0,0.0,834.0,0.0,0.0,834
0.0,0.0,-0.0,0.0,10450.949505223494,834.0,-0.0,0.25333792706526786,0.37853033242258655,0.0,799.2,0.0,0.0,1.0,888.0,-0.0,180,-57.741472809048645,0.0,120,-50.25829125811364,0.0,180,-33.24317383144039,0.0,118,-8.035388961971625,0.0,118,-40.22974014977513,0.0,118,-6.809883615812522,0.0,0.0,0.0,0.0,0.0,0.0,0.0,834.0,834.0,0.0,0.0,834.0,0.0,0.0,834
0.0,0.0,-0.0,0.0,9524.282838556828,834.0,-0.0,0.23087491427427892,0.37853033242258655,0.0,799.2,0.0,0.0,1.0,888.0,-0.0,180,-36.10338035096856,0.0,120,-38.674014856153235,0.0,180,-19.480654567998997,0.0,118,-16.199071168022897,0.0,118,-4.106794895455225,0.0,118,-34.6908257806444,0.0,0.0,0.0,0.0,0.0,0.0,0.0,834.0,834.0,0.0,0.0,834.0,0.0,0.0,834
0.0,0.0,-0.0,0.0,8597.616171890162,834.0,-0.0,0.20841190148329,0.37853033242258655,0.0,799.2,0.0,0.0,1.0,888.0,-0.0,180,-15.971400849205056,0.0,120,-6.680865989457494,0.0,180,-8.178897259384064,0.0,118,-30.832224170649358,0.0,118,-38.29049188672558,0.0,118,-19.073521905991942,0.0,0.0,0.0,0.0,0.0,0.0,0.0,834.0,834.0,0.0,0.0,834.0,0.0,0.0,834
0.0,0.0,-0.0,0.0,7670.949505223495,834.0,-0.0,0.18594888869230106,0.37853033242258655,0.0,799.2,0.0,0.0,1.0,888.0,-0.0,180,-46.30600199542023,0.0,120,-17.93482688938516,0.0,180,-42.837086187942504,0.0,118,-45.39183514270703,0.0,118,-44.99951160096666,0.0,118,-9.2723809689226,0.0,0.0,0.0,0.0,0.0,0.0,0.0,834.0,834.0,0.0,0.0,834.0,0.0,0.0,834
0.0,0.0,-0.0,0.0,6744.282838556828,834.0,-0.0,0.1634858759013121,0.37853033242258655,0.0,799.2,0.0,0.0,1.0,888.0,-0.0,180,-57.12497929355866,0.0,120,-38.38575478481078,0.0,180,-23.091355182388163,0.0,118,-3.99968937566755,0.0,118,-56.247492961483935,0.0,118,-9.659508149314442,0.0,0.0,0.0,0.0,0.0,0.0,0.0,834.0,834.0,0.0,0.0,834.0,0.0,0.0,834
0.0,0.0,-0.0,0.0,5817.616171890161,834.0,-0.0,0.14102286311032317,0.37853033242258655,0.0,799.2,0.0,0.0,1.0,888.0,-0.0,180,-7.827925676361853,0.0,120,-59.00740542963226,0.0,180,-37.51456139040382,0.0,118,-35.67586560812867,0.0,118,-49.614999909237625,0.0,118,-35.3106749418224,0.0,0.0,0.0,0.0,0.0,0.0,0.0,834.0,834.0,0.0,0.0,834.0,0.0,0.0,834
0.0,0.0,-0.0,0.0,4890.949505223494,834.0,-0.0,0.1185598503193342,0.37853033242258655,0.0,799.2,0.0,0.0,1.0,888.0,-0.0,180,-42.77104319652136,0.0,120,-41.65613540828324,0.0,180,-31.234012083235204,0.0,118,-4.269619414191535,0.0,118,-40.43266660448729,0.0,118,-0.538134058834594,0.0,0.0,0.0,0.0,0.0,0.0,0.0,834.0,834.0,0.0,0.0,834.0,0.0,0.0,834
0.0,0.0,-0.0,0.0,3964.2828385568278,834.0,-0.0,0.09609683752834527,0.37853033242258655,0.0,799.2,0.0,0.0,1.0,888.0,-0.0,180,-33.198524340903624,0.0,120,-55.16494278637149,0.0,180,-51.940340535048456,0.0,118,-43.59915103910788,0.0,118,-53.62906457645809,0.0,118,-59.06574096327735,0.0,0.0,0.0,0.0,0.0,0.0,0.0,834.0,834.0,0.0,0.0,834.0,0.0,0.0,834
0.0,0.0,-0.0,0.0,3037.6161718901612,834.0,-0.0,0.07363382473735634,0.37853033242258655,0.0,799.2,0.0,0.0,1.0,888.0,-0.0,180,-43.532866916498165,0.0,120,-25.29439791891752,0.0,180,-48.41961501999977,0.0,118,-57.66423636027081,0.0,118,-53.89883482849922,0.0,118,-58.97226685592789,0.0,0.0,0.0,0.0,0.0,0.0,0.0,834.0,834.0,0.0,0.0,834.0,0.0,0.0,834
0.0,0.0,-0.0,0.0,2110.9495052234947,834.0,-0.0,0.05117081194636741,0.37853033242258655,0.0,799.2,0.0,0.0,1.0,888.0,-0.0,180,-38.20258522544775,0.0,120,-37.47636335762047,0.0,180,-1.7976888837124694,0.0,118,-0.9149374839799851,0.0,118,-41.655184957681406,0.0,118,-21.170098246760794,0.0,0.0,0.0,0.0,0.0,0.0,0.0,834.0,834.0,0.0,0.0,834.0,0.0,0.0,834
0.0,0.0,-0.0,0.0,1184.2828385568282,834.0,-0.0,0.028707799155378473,0.37853033242258655,0.0,799.2,0.0,0.0,1.0,888.0,-0.0,180,-32.228809394126266,0.0,120,-2.801793126488177,0.0,180,-57.51316463732829,0.0,118,-34.1946346069524,0.0,118,-17.96078115490012,0.0,118,-43.986392612397346,0.0,0.0,0.0,0.0,0.0,0.0,0.0,834.0,834.0,0.0,0.0,834.0,0.0,0.0,834
0.0,0.0,-0.0,0.0,257.6161718901616,231.85455470114542,-0.0,0.006244786364389537,0.37853033242258655,227.93031557572183,799.2,0.0,602.1454452988546,1.0,888.0,-534705.1554253829,180,-2.5095848511027574,0.0,120,-4.688702546360344,0.0,180,-44.13219329285595,0.0,118,-34.041277579795825,0.0,118,-58.2351489143946,0.0,118,-10.941087245775098,0.0,0.0,0.0,0.0,0.0,-534705.1554253829,-534705.1554253829,834.0,834.0,0.0,0.0,834.0,0.0,0.0,834
0.0,0.0,-0.0,0.0,0.0,0.0,-0.0,0.0,0.37853033242258655,315.69429724043715,799.2,0.0,834.0,1.0,888.0,-740592.0,180,-48.407244268896164,0.0,120,-10.589361147641371,0.0,180,-16.399646008082215,0.0,118,-58.27319444518471,0.0,118,-6.488571068017832,0.0,118,-39.41094979898584,0.0,0.0,0.0,0.0,0.0,-740592.0,-740592.0,834.0,834.0,0.0,0.0,834.0,0.0,0.0,834
0.0,0.0,-0.0,0.0,0.0,0.0,-0.0,0.0,0.37853033242258655,315.69429724043715,799.2,0.0,834.0,1.0,888.0,-740592.0,180,-33.69632924382855,0.0,120,-0.42796536362176063,0.0,180,-8.230907090711616,0.0,118,-49.96260360130062,0.0,118,-40.59846674965516,0.0,118,-31.899739738969984,0.0,0.0,0.0,0.0,0.0,-740592.0,-740592.0,834.0,834.0,0.0,0.0,834.0,0.0,0.0,834
0.0,0.0,-0.0,0.0,0.0,0.0,-0.0,0.0,0.37853033242258655,292.2254166302368,799.2,0.0,772.0,1.0,888.0,-685536.0,118,-48.470252540085625,0.0,120,-28.27897200731799,0.0,180,-50.55354801251254,0.0,118,-12.881102101967647,0.0,118,-36.09668800078099,0.0,118,-25.850979213108268,0.0,0.0,0.0,0.0,0.0,-685536.0,-685536.0,772.0,772.0,0.0,0.0,772.0,0.0,0.0,772
0.0,0.0,-0.0,0.0,0.0,0.0,-0.0,0.0,0.37853033242258655,268.75653602003644,799.2,0.0,710.0,1.0,888.0,-630480.0,118,-23.620721588219425,0.0,120,-29.498818319032637,0.0,118,-10.539769224125894,0.0,118,-20.456887824983095,0.0,118,-30.294914823008632,0.0,118,-57.548457517401005,0.0,0.0,0.0,0.0,0.0,-630480.0,-630480.0,710.0,710.0,0.0,0.0,710.0,0.0,0.0,710
0.0,0.0,-0.0,0.0,0.0,0.0,-0.0,0.0,0.37853033242258655,268.75653602003644,799.2,0.0,710.0,1.0,888.0,-630480.0,118,-45.19289872602362,0.0,120,-21.943690047648936,0.0,118,-25.66548867939646,0.0,118,-14.493372753676468,0.0,118,-27.187742816476458,0.0,118,-5.085781399625211,0.0,0.0,0.0,0.0,0.0,-630480.0,-630480.0,710.0,710.0,0.0,0.0,710.0,0.0,0.0,710
0.0,0.0,-0.0,0.0,0.0,0.0,-0.0,0.0,0.37853033242258655,268.75653602003644,799.2,0.0,710.0,1.0,888.0,-630480.0,118,-3.1556876919734855,0.0,120,-5.557546289592896,0.0,118,-38.644134996759675,0.0,118,-26.29135866164639,0.0,118,-28.910947625628665,0.0,118,-25.647221877482448,0.0,0.0,0.0,0.0,0.0,-630480.0,-630480.0,710.0,710.0,0.0,0.0,710.0,0.0,0.0,710
0.0,0.0,-0.0,0.0,0.0,0.0,-0.0,0.0,0.37853033242258655,268.75653602003644,799.2,0.0,710.0,1.0,888.0,-630480.0,118,-35.495827774653534,0.0,120,-48.48451913912159,0.0,118,-50.11744127227093,0.0,118,-55.47905244153565,0.0,118,-45.904295381726286,0.0,118,-13.895864938558564,0.0,0.0,0.0,0.0,0.0,-630480.0,-630480.0,710.0,710.0,0.0,0.0,710.0,0.0,0.0,710
0.0,0.0,-0.0,0.0,0.0,0.0,-0.0,0.0,0.37853033242258655,268.75653602003644,799.2,0.0,710.0,1.0,888.0,-630480.0,118,-57.98360593200937,0.0,120,-21.081257910198435,0.0,118,-5.735586104057355,0.0,118,-2.3508064129804396,0.0,118,-2.430566700662422,0.0,118,-50.381791207372785,0.0,0.0,0.0,0.0,0.0,-630480.0,-630480.0,710.0,710.0,0.0,0.0,710.0,0.0,0.0,710
0.0,0.0,-0.0,0.0,0.0,0.0,-0.0,0.0,0.37853033242258655,268.75653602003644,799.2,0.0,710.0,1.0,888.0,-630480.0,118,-19.143974381980616,0.0,120,-24.925083701085263,0.0,118,-36.68873965903461,0.0,118,-48.68732118538053,0.0,118,-54.618539021850296,0.0,118,-54.68381322716575,0.0,0.0,0.0,0.0,0.0,-630480.0,-630480.0,710.0,710.0,0.0,0.0,710.0,0.0,0.0,710
0.0,0.0,-0.0,0.0,0.0,0.0,-0.0,0.0,0.37853033242258655,268.75653602003644,799.2,0.0,710.0,1.0,888.0,-630480.0,118,-21.068906967440707,0.0,120,-51.26800095115369,0.0,118,-5.358672477060027,0.0,118,-2.79576872201752,0.0,118,-59.18894967160451,0.0,118,-21.28153798299769,0.0,0.0,0.0,0.0,0.0,-630480.0,-630480.0,710.0,710.0,0.0,0.0,710.0,0.0,0.0,710
0.0,0.0,-0.0,0.0,0.0,0.0,-0.0,0.0,0.37853033242258655,268.75653602003644,799.2,0.0,710.0,1.0,888.0,-630480.0,118,-0.18339595793047003,0.0,120,-46.54721617017066,0.0,118,-39.755236315725604,0.0,118,-32.11254267575637,0.0,118,-41.4857838938802,0.0,118,-43.2423957030718,0.0,0.0,0.0,0.0,0.0,-630480.0,-630480.0,710.0,710.0,0.0,0.0,710.0,0.0,0.0,710
0.0,0.0,-0.0,0.0,0.0,0.0,-0.0,0.0,0.37853033242258655,268.75653602003644,799.2,0.0,710.0,1.0,888.0,-630480.0,118,-16.13540272865025,0.0,120,-13.798771001469767,0.0,118,-35.209480807431525,0.0,118,-38.20685627968715,0.0,118,-38.27831229928549,0.0,118,-5.549495213107935,0.0,0.0,0.0,0.0,0.0,-630480.0,-630480.0,710.0,710.0,0.0,0.0,710.0,0.0,0.0,710
0.0,0.0,-0.0,0.0,0.0,0.0,-0.0,0.0,0.37853033242258655,269.51359668488163,799.2,0.0,712.0,1.0,888.0,-632256.0,118,-54.35022943058474,0.0,120,-12.473427636793009,0.0,118,-46.39922837943778,0.0,118,-20.884966154796125,0.0,118,-37.50783812058734,0.0,120,-13.522049007878472,0.0,0.0,0.0,0.0,0.0,-632256.0,-632256.0,712.0,712.0,0.0,0.0,712.0,0.0,0.0,712
0.0,0.0,-0.0,0.0,0.0,0.0,-0.0,0.0,0.37853033242258655,269.51359668488163,799.2,0.0,712.0,1.0,888.0,-632256.0,118,-33.787698188493245,0.0,120,-26.980759587674584,0.0,118,-18.85569799229108,0.0,118,-33.1237313983602,0.0,118,-0.3191921572757028,0.0,120,-22.715990635593347,0.0,0.0,0.0,0.0,0.0,-632256.0,-632256.0,712.0,712.0,0.0,0.0,712.0,0.0,0.0,712
0.0,0.0,-0.0,0.0,0.0,0.0,-0.0,0.0,0.37853033242258655,269.51359668488163,799.2,0.0,712.0,1.0,888.0,-632256.0,118,-37.243315285551034,0.0,120,-13.329009156920087,0.0,118,-52.47885463033802,0.0,118,-42.58536846344138,0.0,118,-12.40822836592369,0.0,120,-15.56703332182252,0.0,0.0,0.0,0.0,0.0,-632256.0,-632256.0,712.0,712.0,0.0,0.0,712.0,0.0,0.0,712
0.0,0.0,-0.0,0.0,0.0,0.0,-0.0,0.0,0.37853033242258655,269.51359668488163,799.2,0.0,712.0,1.0,888.0,-632256.0,118,-13.926168480888313,0.0,120,-21.03530904407432,0.0,118,-11.733108322368855,0.0,118,-47.55978160030199,0.0,118,-40.82053096651865,0.0,120,-6.396405919900941,0.0,0.0,0.0,0.0,0.0,-632256.0,-632256.0,712.0,712.0,0.0,0.0,712.0,0.0,0.0,712
0.0,0.0,-0.0,0.0,0.0,0.0,-0.0,0.0,0.37853033242258655,269.51359668488163,799.2,0.0,712.0,1.0,888.0,-632256.0,118,-54.52131266628642,0.0,120,-9.49964161563596,0.0,118,-9.412098767988903,0.0,118,-33.84599610174797,0.0,118,-24.357327320931148,0.0,120,-28.430400314201233,0.0,0.0,0.0,0.0,0.0,-632256.0,-632256.0,712.0,712.0,0.0,0.0,712.0,0.0,0.0,712
0.0,0.0,-0.0,0.0,0.0,0.0,-0.0,0.0,0.37853033242258655,269.51359668488163,799.2,0.0,712.0,1.0,888.0,-632256.0,118,-4.005644824872996,0.0,120,-31.04593787280373,0.0,118,-54.7364092236605,0.0,118,-26.423623066923696,0.0,118,-16.649608443377993,0.0,120,-33.5238639576304,0.0,0.0,0.0,0.0,0.0,-632256.0,-632256.0,712.0,712.0,0.0,0.0,712.0,0.0,0.0,712
0.0,0.0,-0.0,0.0,0.0,0.0,-0.0,0.0,0.37853033242258655,269.51359668488163,799.2,0.0,712.0,1.0,888.0,-632256.0,118,-48.983364993870545,0.0,120,-1.8938100460531193,0.0,118,-32.15241812763542,0.0,118,-25.49381986666862,0.0,118,-27.641061549366324,0.0,120,-49.860497318340535,0.0,0.0,0.0,0.0,0.0,-632256.0,-632256.0,712.0,712.0,0.0,0.0,712.0,0.0,0.0,712
0.0,0.0,-0.0,0.0,0.0,0.0,-0.0,0.0,0.37853033242258655,269.51359668488163,799.2,0.0,712.0,1.0,888.0,-632256.0,118,-7.728252376647076,0.0,120,-53.74528265162762,0.0,118,-21.84049618300265,0.0,118,-36.48159572686092,0.0,118,-20.55706632910481,0.0,120,-10.287402161906403,0.0,0.0,0.0,0.0,0.0,-632256.0,-632256.0,712.0,712.0,0.0,0.0,712.0,0.0,0.0,712
0.0,0.0,-0.0,0.0,0.0,0.0,-0.0,0.0,0.37853033242258655,269.51359668488163,799.2,0.0,712.0,1.0,888.0,-632256.0,118,-57.24925589948155,0.0,120,-35.78089493067293,0.0,118,-38.06290539663052,0.0,118,-0.909198048973201,0.0,118,-53.773744448544775,0.0,120,-32.813606276193845,0.0,0.0,0.0,0.0,0.0,-632256.0,-632256.0,712.0,712.0,0.0,0.0,712.0,0.0,0.0,712
0.0,0.0,-0.0,0.0,0.0,0.0,-0.0,0.0,0.37853033242258655,269.51359668488163,799.2,0.0,712.0,1.0,888.0,-632256.0,118,-0.2231114946035384,0.0,120,-58.37466149408471,0.0,118,-8.705232750440661,0.0,118,-46.9927374293913,0.0,118,-1.6090895906820024,0.0,120,-10.081825758819358,0.0,0.0,0.0,0.0,0.0,-632256.0,-632256.0,712.0,712.0,0.0,0.0,712.0,0.0,0.0,712
0.0,0.0,-0.0,0.0,0.0,0.0,-0.0,0.0,0.37853033242258655,269.51359668488163,799.2,0.0,712.0,1.0,888.0,-632256.0,118,-8.236893145595488,0.0,120,-46.25157075427988,0.0,118,-18.190366095735655,0.0,118,-30.52631005719734,0.0,118,-0.08221341056065423,0.0,120,-38.102854055687416,0.0,0.0,0.0,0.0,0.0,-632256.0,-632256.0,712.0,712.0,0.0,0.0,712.0,0.0,0.0,712
0.0,0.0,-0.0,0.0,0.0,0.0,-0.0,0.0,0.37853033242258655,269.51359668488163,799.2,0.0,712.0,1.0,888.0,-632256.0,118,-58.69241273818582,0.0,120,-22.902516247051135,0.0,118,-0.8479335603212412,0.0,118,-35.47673823425791,0.0,118,-27.869519992380457,0.0,120,-40.18395185114956,0.0,0.0,0.0,0.0,0.0,-632256.0,-632256.0,712.0,712.0,0.0,0.0,712.0,0.0,0.0,712
0.0,0.0,-0.0,0.0,0.0,0.0,-0.0,0.0,0.37853033242258655,269.51359668488163,799.2,0.0,712.0,1.0,888.0,-632256.0,118,-21.452410859267182,0.0,120,-52.753861300829065,0.0,118,-17.224639510533,0.0,118,-23.881136767378436,0.0,118,-35.53120139687669,0.0,120,-48.63273030569039,0.0,0.0,0.0,0.0,0.0,-632256.0,-632256.0,712.0,712.0,0.0,0.0,712.0,0.0,0.0,712
0.0,0.0,-0.0,0.0,0.0,0.0,-0.0,0.0,0.37853033242258655,269.51359668488163,799.2,0.0,712.0,1.0,888.0,-632256.0,118,-44.416971733415515,0.0,120,-15.914968934891347,0.0,118,-32.82339713462601,0.0,118,-15.816797968762724,0.0,118,-14.092375955860824,0.0,120,-6.735937015642808,0.0,0.0,0.0,0.0,0.0,-632256.0,-632256.0,712.0,712.0,0.0,0.0,712.0,0.0,0.0,712
0.0,0.0,-0.0,0.0,0.0,0.0,-0.0,0.0,0.37853033242258655,269.51359668488163,799.2,0.0,712.0,1.0,888.0,-632256.0,118,-55.89259469109501,0.0,120,-34.842017835933426,0.0,118,-14.119704693877415,0.0,118,-18.333780009512427,0.0,118,-4.63547019850576,0.0,120,-27.535232269909283,0.0,0.0,0.0,0.0,0.0,-632256.0,-632256.0,712.0,712.0,0.0,0.0,712.0,0.0,0.0,712
0.0,0.0,-0.0,0.0,0.0,0.0,-0.0,0.0,0.37853033242258655,269.51359668488163,799.2,0.0,712.0,1.0,888.0,-632256.0,118,-25.577333792839887,0.0,120,-3.759013113461376,0.0,118,-20.944719470685335,0.0,118,-51.28448823956979,0.0,118,-47.4458869727657,0.0,120,-55.93592464357727,0.0,0.0,0.0,0.0,0.0,-632256.0,-632256.0,712.0,712.0,0.0,0.0,712.0,0.0,0.0,712
0.0,0.0,-0.0,0.0,0.0,0.0,-0.0,0.0,0.37853033242258655,269.51359668488163,799.2,0.0,712.0,1.0,888.0,-632256.0,118,-24.700450597136253,0.0,120,-24.486131915592825,0.0,118,-59.71070585336428,0.0,118,-39.293068061685034,0.0,118,-35.59961676250508,0.0,120,-44.874249309311814,0.0,0.0,0.0,0.0,0.0,-632256.0,-632256.0,712.0,712.0,0.0,0.0,712.0,0.0,0.0,712
0.0,0.0,-0.0,0.0,0.0,0.0,-0.0,0.0,0.37853033242258655,269.51359668488163,799.2,0.0,712.0,1.0,888.0,-632256.0,118,-2.4098267068569923,0.0,120,-38.75507106383797,0.0,118,-53.367448829406314,0.0,118,-54.46195112571416,0.0,118,-45.155934691795935,0.0,120,-49.51279306141342,0.0,0.0,0.0,0.0,0.0,-632256.0,-632256.0,712.0,712.0,0.0,0.0,712.0,0.0,0.0,712
0.0,0.0,-0.0,0.0,0.0,0.0,-0.0,0.0,0.37853033242258655,269.51359668488163,799.2,0.0,712.0,1.0,888.0,-632256.0,118,-3.20266165945849,0.0,120,-2.5450082909874494,0.0,118,-58.03263391333948,0.0,118,-9.889336372813366,0.0,118,-21.66417975446681,0.0,120,-46.861030718684255,0.0,0.0,0.0,0.0,0.0,-632256.0,-632256.0,712.0,712.0,0.0,0.0,712.0,0.0,0.0,712
0.0,0.0,-0.0,0.0,0.0,0.0,-0.0,0.0,0.37853033242258655,269.51359668488163,799.2,0.0,712.0,1.0,888.0,-632256.0,118,-17.038085225229317,0.0,120,-10.512098302574028,0.0,118,-32.03428528947223,0.0,118,-40.97992851348002,0.0,118,-53.89638562345196,0.0,120,-10.26704929872647,0.0,0.0,0.0,0.0,0.0,-632256.0,-632256.0,712.0,712.0,0.0,0.0,712.0,0.0,0.0,712
0.0,0.0,-0.0,0.0,0.0,0.0,-0.0,0.0,0.37853033242258655,269.51359668488163,799.2,0.0,712.0,1.0,888.0,-632256.0,118,-27.918355700155594,0.0,120,-15.824272746230484,0.0,118,-3.1024199745881043,0.0,118,-7.506804552412598,0.0,118,-5.572072743884249,0.0,120,-50.20434488675683,0.0,0.0,0.0,0.0,0.0,-632256.0,-632256.0,712.0,712.0,0.0,0.0,712.0,0.0,0.0,712
0.0,0.0,-0.0,0.0,0.0,0.0,-0.0,0.0,0.37853033242258655,269.51359668488163,799.2,0.0,712.0,1.0,888.0,-632256.0,118,-25.660514082446046,0.0,120,-17.11524831705588,0.0,118,-53.57444721830412,0.0,118,-51.72991910189204,0.0,118,-40.53446292272321,0.0,120,-57.13695727804645,0.0,0.0,0.0,0.0,0.0,-632256.0,-632256.0,712.0,712.0,0.0,0.0,712.0,0.0,0.0,712
0.0,0.0,-0.0,0.0,0.0,0.0,-0.0,0.0,0.37853033242258655,269.51359668488163,799.2,0.0,712.0,1.0,888.0,-632256.0,118,-9.49694069460665,0.0,120,-7.3709146485557415,0.0,118,-36.083902361690456,0.0,118,-2.946055085243635,0.0,118,-40.7372512126452,0.0,120,-59.2144327746791,0.0,0.0,0.0,0.0,0.0,-632256.0,-632256.0,712.0,712.0,0.0,0.0,712.0,0.0,0.0,712
0.0,0.0,-0.0,0.0,0.0,0.0,-0.0,0.0,0.37853033242258655,269.51359668488163,799.2,0.0,712.0,1.0,888.0,-632256.0,118,-12.081586649997256,0.0,120,-23.720635081373075,0.0,118,-57.460161078907596,0.0,118,-56.34861925316446,0.0,118,-50.11486273327275,0.0,120,-56.497650449650976,0.0,0.0,0.0,0.0,0.0,-632256.0,-632256.0,712.0,712.0,0.0,0.0,712.0,0.0,0.0,712
0.0,0.0,-0.0,0.0,0.0,0.0,-0.0,0.0,0.37853033242258655,269.51359668488163,799.2,0.0,712.0,1.0,888.0,-632256.0,118,-56.24927583226038,0.0,120,-26.88298643657014,0.0,118,-43.74353642399977,0.0,118,-14.251927029038908,0.0,118,-47.44349447740862,0.0,120,-18.524225379909808,0.0,0.0,0.0,0.0,0.0,-632256.0,-632256.0,712.0,712.0,0.0,0.0,712.0,0.0,0.0,712
0.0,0.0,-0.0,0.0,0.0,0.0,-0.0,0.0,0.37853033242258655,269.51359668488163,799.2,0.0,712.0,1.0,888.0,-632256.0,118,-47.21111464876613,0.0,120,-44.8131703184753,0.0,118,-16.581916782716295,0.0,118,-59.261649898166574,0.0,118,-11.058958074167322,0.0,120,-13.795017046543062,0.0,0.0,0.0,0.0,0.0,-632256.0,-632256.0,712.0,712.0,0.0,0.0,712.0,0.0,0.0,712
0.0,0.0,-0.0,0.0,0.0,0.0,-0.0,0.0,0.37853033242258655,269.51359668488163,799.2,0.0,712.0,1.0,888.0,-632256.0,118,-48.30707762849614,0.0,120,-29.53019768768949,0.0,118,-13.324849829000922,0.0,118,-14.299837495342766,0.0,118,-27.439907473810617,0.0,120,-46.52067022144608,0.0,0.0,0.0,0.0,0.0,-632256.0,-632256.0,712.0,712.0,0.0,0.0,712.0,0.0,0.0,712
0.0,0.0,-0.0,0.0,0.0,0.0,-0.0,0.0,0.37853033242258655,269.51359668488163,799.2,0.0,712.0,1.0,888.0,-632256.0,118,-54.380775625900405,0.0,120,-29.453573832635907,0.0,118,-10.287924209698991,0.0,118,-23.187694454620274,0.0,118,-23.249682633314677,0.0,120,-6.196076371295851,0.0,0.0,0.0,0.0,0.0,-632256.0,-632256.0,712.0,712.0,0.0,0.0,712.0,0.0,0.0,712
0.0,0.0,-0.0,0.0,0.0,0.0,-0.0,0.0,0.37853033242258655,269.51359668488163,799.2,0.0,712.0,1.0,888.0,-632256.0,118,-37.44253448259464,0.0,120,-4.230274385884314,0.0,118,-44.51762731529699,0.0,118,-36.72562025563839,0.0,118,-58.80940287049088,0.0,120,-16.820088934556185,0.0,0.0,0.0,0.0,0.0,-632256.0,-632256.0,712.0,712.0,0.0,0.0,712.0,0.0,0.0,712
344.48602492875546,0.0,-3444.8602492875543,0.0,0.0,0.0,-0.0,0.0,0.37853033242258655,139.07895530883772,799.2,0.0,367.418257920667,1.0,888.0,-326267.4130335523,118,-5.956908089793891,0.0,120,-34.67450207261136,0.0,118,-12.752834883158275,0.0,118,-17.960202460588835,0.0,118,-45.687823791529894,0.0,120,-46.92192600531619,0.0,0.0,0.0957171505775925,0.0957171505775925,0.0,-329712.27328283986,-329712.27328283986,712.0,712.0,344.581742079333,0.0,367.418257920667,0.0,0.0,712
344.48602492875546,0.0,-3444.8602492875543,0.0,0.0,0.0,-0.0,0.0,0.37853033242258655,139.07895530883772,799.2,0.0,367.418257920667,1.0,888.0,-326267.4130335523,118,-34.295668696162096,0.0,120,-16.190357780326014,0.0,118,-33.78299592172046,0.0,118,-2.624532577232306,0.0,118,-16.415174866178702,0.0,120,-13.3512089042168,0.0,0.0,0.0957171505775925,0.0957171505775925,0.0,-329712.27328283986,-329712.27328283986,712.0,712.0,344.581742079333,0.0,367.418257920667,0.0,0.0,712
344.48602492875546,0.0,-3444.8602492875543,0.0,0.0,0.0,-0.0,0.0,0.37853033242258655,139.07895530883772,799.2,0.0,367.418257920667,1.0,888.0,-326267.4130335523,118,-20.47819795020276,0.0,120,-50.469679467240674,0.0,118,-15.531919369075244,0.0,118,-6.3466331743639,0.0,118,-34.05211365067029,0.0,120,-33.086147335983235,0.0,0.0,0.0957171505775925,0.0957171505775925,0.0,-329712.27328283986,-329712.27328283986,712.0,712.0,344.581742079333,0.0,367.418257920667,0.0,0.0,712
344.48602492875546,0.0,-3444.8602492875543,0.0,0.0,0.0,-0.0,0.0,0.37853033242258655,139.07895530883772,799.2,0.0,367.418257920667,1.0,888.0,-326267.4130335523,118,-5.221406712339105,0.0,120,-46.95413874219902,0.0,118,-13.262024777726662,0.0,118,-47.26029714179917,0.0,118,-28.61937882052187,0.0,120,-54.699263243056166,0.0,0.0,0.0957171505775925,0.0957171505775925,0.0,-329712.27328283986,-329712.27328283986,712.0,712.0,344.581742079333,0.0,367.418257920667,0.0,0.0,712
344.48602492875546,0.0,-3444.8602492875543,0.0,0.0,0.0,-0.0,0.0,0.37853033242258655,139.07895530883772,799.2,0.0,367.418257920667,1.0,888.0,-326267.4130335523,118,-36.30021902519345,0.0,120,-14.134816670152006,0.0,118,-58.87619042522213,0.0,118,-2.4273905463488332,0.0,118,-28.103398309570768,0.0,120,-5.140346013846635,0.0,0.0,0.0957171505775925,0.0957171505775925,0.0,-329712.27328283986,-329712.27328283986,712.0,712.0,344.581742079333,0.0,367.418257920667,0.0,0.0,712
344.48602492875546,0.0,-3444.8602492875543,0.0,0.0,0.0,-0.0,0.0,0.37853033242258655,139.07895530883772,799.2,0.0,367.418257920667,1.0,888.0,-326267.4130335523,118,-24.177922674447494,0.0,120,-43.096496590998456,0.0,118,-38.10437963150763,0.0,118,-12.946423371836921,0.0,118,-50.06071558719037,0.0,120,-59.254047315228426,0.0,0.0,0.0957171505775925,0.0957171505775925,0.0,-329712.27328283986,-329712.27328283986,712.0,712.0,344.581742079333,0.0,367.418257920667,0.0,0.0,712
1109.8659220467653,0.0,-11098.659220467653,398.17430379782013,0.0,0.0,-0.0,0.0,0.37853033242258655,0.0,799.2,0.0,0.0,1.0,888.0,-0.0,118,-44.5923694157039,0.0,120,-32.12508647597383,0.0,118,-57.43325117431804,0.0,118,-58.26735857156543,0.0,118,-49.20656180874924,0.0,120,-47.09556580332515,0.0,0.0,0.30838175105495,0.30838175105495,0.0,-11098.659220467653,-11098.659220467653,1110.1743037978201,1110.1743037978201,1110.1743037978201,0.0,0.0,398.17430379782013,0.0,712
1109.8659220467653,0.0,-11098.659220467653,398.17430379782013,358.3568734180381,0.0,-0.0,0.008686807587764238,0.37853033242258655,0.0,799.2,0.0,0.0,1.0,888.0,-0.0,118,-50.751464754872394,0.0,120,-39.82197020757236,0.0,118,-6.2440073218527825,0.0,118,-37.852275303442916,0.0,118,-25.42163299306712,0.0,120,-22.562973148427208,0.0,0.0,0.30838175105495,0.30838175105495,0.0,-11098.659220467653,-11098.659220467653,1110.1743037978201,1110.1743037978201,1110.1743037978201,0.0,0.0,398.17430379782013,0.0,712
1109.8659220467653,0.0,-11098.659220467653,398.17430379782013,716.7137468360762,0.0,-0.0,0.017373615175528476,0.37853033242258655,0.0,799.2,0.0,0.0,1.0,888.0,-0.0,118,-26.354441955422793,0.0,120,-28.397444741520733,0.0,118,-58.042101495963166,0.0,118,-0.5467983659389386,0.0,118,-54.66460118738511,0.0,120,-3.7533258198416064,0.0,0.0,0.30838175105495,0.30838175105495,0.0,-11098.659220467653,-11098.659220467653,1110.1743037978201,1110.1743037978201,1110.1743037978201,0.0,0.0,398.17430379782013,0.0,712
1109.8659220467653,0.0,-11098.659220467653,398.17430379782013,1075.0706202541144,0.0,-0.0,0.026060422763292714,0.37853033242258655,0.0,799.2,0.0,0.0,1.0,888.0,-0.0,118,-37.501911552018456,0.0,120,-9.92986359404243,0.0,118,-54.160428427715935,0.0,118,-32.76546705983804,0.0,118,-2.4340856840421665,0.0,120,-58.01472503935727,0.0,0.0,0.30838175105495,0.30838175105495,0.0,-11098.659220467653,-11098.659220467653,1110.1743037978201,1110.1743037978201,1110.1743037978201,0.0,0.0,398.17430379782013,0.0,712
1109.8659220467653,0.0,-11098.659220467653,398.17430379782013,1433.4274936721524,0.0,-0.0,0.03474723035105695,0.37853033242258655,0.0,799.2,0.0,0.0,1.0,888.0,-0.0,118,-12.537941668500947,0.0,120,-27.069989627171932,0.0,118,-40.25007179032259,0.0,118,-52.048578245177026,0.0,118,-31.254084279461154,0.0,120,-21.211199096898618,0.0,0.0,0.30838175105495,0.30838175105495,0.0,-11098.659220467653,-11098.659220467653,1110.1743037978201,1110.1743037978201,1110.1743037978201,0.0,0.0,398.17430379782013,0.0,712
1109.8659220467653,0.0,-11098.659220467653,336.17430379782013,1791.7843670901905,0.0,-0.0,0.04343403793882119,0.37853033242258655,0.0,799.2,0.0,0.0,1.0,888.0,-0.0,180,-54.69512685464484,0.0,120,-35.51083969702839,0.0,118,-13.856810959856213,0.0,118,-19.93243795114292,0.0,118,-4.563638111539186,0.0,120,-1.525234624942453,0.0,0.0,0.30838175105495,0.30838175105495,0.0,-11098.659220467653,-11098.659220467653,1110.1743037978201,1110.1743037978201,1110.1743037978201,0.0,0.0,336.17430379782013,0.0,774
1783.0930001127238,0.0,-17830.93000112724,1009.5884413464312,2094.3412405082286,0.0,-0.0,0.05076821662686904,0.37853033242258655,0.0,799.2,0.0,0.0,1.0,888.0,-0.0,180,-37.18226481450074,0.0,120,-25.58897788468632,0.0,118,-35.3677813676473,0.0,118,-52.59263507099024,0.0,118,-47.318266008773875,0.0,120,-32.837456847015666,0.0,0.0,0.495441233707342,0.495441233707342,0.0,-17830.93000112724,-17830.93000112724,1783.5884413464312,1783.5884413464312,1783.5884413464312,0.0,0.0,1009.5884413464312,0.0,774
1783.0930001127238,0.0,-17830.93000112724,1009.5884413464312,3002.970837720017,0.0,-0.0,0.07279399892662393,0.37853033242258655,0.0,799.2,0.0,0.0,1.0,888.0,-0.0,180,-23.961191859629064,0.0,120,-42.32926887177738,0.0,118,-12.60868807425122,0.0,118,-37.688070885033795,0.0,118,-18.24620647032815,0.0,120,-44.0057869432564,0.0,0.0,0.495441233707342,0.495441233707342,0.0,-17830.93000112724,-17830.93000112724,1783.5884413464312,1783.5884413464312,1783.5884413464312,0.0,0.0,1009.5884413464312,0.0,774
1783.0930001127238,0.0,-17830.93000112724,1009.5884413464312,3911.600434931805,0.0,-0.0,0.09481978122637881,0.37853033242258655,0.0,799.2,0.0,0.0,1.0,888.0,-0.0,180,-57.55373596069634,0.0,120,-18.942374327057077,0.0,118,-59.85021227667826,0.0,118,-55.363825408690424,0.0,118,-50.58187590037435,0.0,120,-13.913238484377032,0.0,0.0,0.495441233707342,0.495441233707342,0.0,-17830.93000112724,-17830.93000112724,1783.5884413464312,1783.5884413464312,1783.5884413464312,0.0,0.0,1009.5884413464312,0.0,774
1783.0930001127238,0.0,-17830.93000112724,1009.5884413464312,4820.230032143593,0.0,-0.0,0.11684556352613369,0.37853033242258655,0.0,799.2,0.0,0.0,1.0,888.0,-0.0,180,-45.32517675358311,0.0,120,-19.257608211871577,0.0,118,-53.70628572730109,0.0,118,-11.9133450864624,0.0,118,-29.437832414886483,0.0,120,-39.323206844185435,0.0,0.0,0.495441233707342,0.495441233707342,0.0,-17830.93000112724,-17830.93000112724,1783.5884413464312,1783.5884413464312,1783.5884413464312,0.0,0.0,1009.5884413464312,0.0,774
1783.0930001127238,0.0,-17830.93000112724,1009.5884413464312,5728.859629355381,0.0,-0.0,0.13887134582588856,0.37853033242258655,0.0,799.2,0.0,0.0,1.0,888.0,-0.0,180,-26.24578859618766,0.0,120,-50.183697226914376,0.0,118,-37.65911830089937,0.0,118,-32.04167287165261,0.0,118,-17.582215574455017,0.0,120,-0.2820757121851236,0.0,0.0,0.495441233707342,0.495441233707342,0.0,-17830.93000112724,-17830.93000112724,1783.5884413464312,1783.5884413464312,1783.5884413464312,0.0,0.0,1009.5884413464312,0.0,774
1783.0930001127238,0.0,-17830.93000112724,1009.5884413464312,6637.489226567169,0.0,-0.0,0.16089712812564344,0.37853033242258655,0.0,799.2,0.0,0.0,1.0,888.0,-0.0,180,-45.71497188745884,0.0,120,-38.457643292701306,0.0,118,-48.544756970742334,0.0,118,-28.99013703757109,0.0,118,-8.867630844700473,0.0,120,-45.444237153585696,0.0,0.0,0.495441233707342,0.495441233707342,0.0,-17830.93000112724,-17830.93000112724,1783.5884413464312,1783.5884413464312,1783.5884413464312,0.0,0.0,1009.5884413464312,0.0,774
2235.8497875217904,0.0,-22358.497875217905,1462.4710294744223,7546.1188237789565,0.0,-0.0,0.18292291042539832,0.37853033242258655,0.0,799.2,0.0,0.0,1.0,888.0,-0.0,180,-56.51276130751892,0.0,120,-35.34297669790722,0.0,118,-30.067831960335724,0.0,118,-38.335278717395944,0.0,118,-19.435528055689993,0.0,120,-49.72010763371257,0.0,0.0,0.621241952631784,0.621241952631784,0.0,-22358.497875217905,-22358.497875217905,2236.4710294744223,2236.4710294744223,2236.4710294744223,0.0,0.0,1462.4710294744223,0.0,774
2235.8497875217904,0.0,-22358.497875217905,1462.4710294744223,8862.342750305936,0.0,-0.0,0.21482904880386725,0.37853033242258655,0.0,799.2,0.0,0.0,1.0,888.0,-0.0,180,-13.70170238795868,0.0,120,-45.465080372044255,0.0,118,-31.66980126363184,0.0,118,-35.903341818350405,0.0,118,-52.75640839484455,0.0,120,-16.366760132756795,0.0,0.0,0.621241952631784,0.621241952631784,0.0,-22358.497875217905,-22358.497875217905,2236.4710294744223,2236.4710294744223,2236.4710294744223,0.0,0.0,1462.4710294744223,0.0,774
2235.8497875217904,0.0,-22358.497875217905,1462.4710294744223,10178.566676832916,0.0,-0.0,0.2467351871823362,0.37853033242258655,0.0,799.2,0.0,0.0,1.0,888.0,-0.0,180,-26.987393318177485,0.0,120,-42.065020288531734,0.0,118,-42.23984047692689,0.0,118,-41.646293401780135,0.0,118,-34.4953598751763,0.0,120,-35.2143050095626,0.0,0.0,0.621241952631784,0.621241952631784,0.0,-22358.497875217905,-22358.497875217905,2236.4710294744223,2236.4710294744223,2236.4710294744223,0.0,0.0,1462.4710294744223,0.0,774
2235.8497875217904,0.0,-22358.497875217905,1462.4710294744223,11494.790603359896,0.0,-0.0,0.2786413255608052,0.37853033242258655,0.0,799.2,0.0,0.0,1.0,888.0,-0.0,180,-20.680493404398973,0.0,120,-21.52799086828058,0.0,118,-55.31818255202103,0.0,118,-9.030136066597766,0.0,118,-11.300029317208828,0.0,120,-42.916752457848084,0.0,0.0,0.621241952631784,0.621241952631784,0.0,-22358.497875217905,-22358.497875217905,2236.4710294744223,2236.4710294744223,2236.4710294744223,0.0,0.0,1462.4710294744223,0.0,774
2235.8497875217904,0.0,-22358.497875217905,1462.4710294744223,12811.014529886876,0.0,-0.0,0.3105474639392741,0.37853033242258655,0.0,799.2,0.0,0.0,1.0,888.0,-0.0,180,-14.418215157252533,0.0,120,-11.484033455246907,0.0,118,-26.367017394820685,0.0,118,-32.23392360612437,0.0,118,-40.04340506901231,0.0,120,-32.68819202289965,0.0,0.0,0.621241952631784,0.621241952631784,0.0,-22358.497875217905,-22358.497875217905,2236.4710294744223,2236.4710294744223,2236.4710294744223,0.0,0.0,1462.4710294744223,0.0,774
2235.8497875217904,0.0,-22358.497875217905,1462.4710294744223,14127.238456413856,0.0,-0.0,0.3424536023177431,0.37853033242258655,0.0,799.2,0.0,0.0,1.0,888.0,-0.0,180,-53.16782013604718,0.0,120,-34.979082750352006,0.0,118,-41.55250494957967,0.0,118,-30.510551683108048,0.0,118,-30.43597203804393,0.0,120,-2.733927544809025,0.0,0.0,0.621241952631784,0.621241952631784,0.0,-22358.497875217905,-22358.497875217905,2236.4710294744223,2236.4710294744223,2236.4710294744223,0.0,0.0,1462.4710294744223,0.0,774
2449.3415002228544,0.0,-24493.415002228543,1676.0220619067172,15443.462382940836,0.0,-0.0,0.37435974069621203,0.37853033242258655,0.0,799.2,0.0,0.0,1.0,888.0,-0.0,180,-6.36388706962869,0.0,120,-15.005187556109856,0.0,118,-17.386566345550033,0.0,118,-59.83293128028489,0.0,118,-46.304778171804514,0.0,120,-1.1208139310937004,0.0,0.0,0.680561683862977,0.680561683862977,0.0,-24493.415002228543,-24493.415002228543,2450.022061906717,2450.022061906717,2450.022061906717,0.0,0.0,1676.0220619067172,0.0,774
2449.3415002228544,0.0,-24493.415002228543,1676.0220619067172,16951.882238656883,0.0,-0.0,0.4109248354945551,0.37853033242258655,0.0,799.2,0.0,0.0,1.0,888.0,-0.0,180,-7.9216648732876465,0.0,120,-25.89013672034334,0.0,118,-24.549120144971248,0.0,118,-56.83067744484903,0.0,118,-16.277009638016377,0.0,120,-41.40264679110277,0.0,0.0,0.680561683862977,0.680561683862977,0.0,-24493.415002228543,-24493.415002228543,2450.022061906717,2450.022061906717,2450.022061906717,0.0,0.0,1676.0220619067172,0.0,774
2449.3415002228544,0.0,-24493.415002228543,1676.0220619067172,18460.302094372928,0.0,-0.0,0.4474899302928982,0.37853033242258655,0.0,799.2,0.0,0.0,1.0,888.0,-0.0,180,-24.26230727468642,0.0,120,-31.685029880983794,0.0,118,-20.01451714709598,0.0,118,-40.14928335964202,0.0,118,-16.777779371460305,0.0,120,-35.230908420551664,0.0,0.0,0.680561683862977,0.680561683862977,0.0,-24493.415002228543,-24493.415002228543,2450.022061906717,2450.022061906717,2450.022061906717,0.0,0.0,1676.0220619067172,0.0,774
2449.3415002228544,0.0,-24493.415002228543,1676.0220619067172,19968.721950088973,0.0,-0.0,0.4840550250912412,0.37853033242258655,0.0,799.2,0.0,0.0,1.0,888.0,-0.0,180,-51.32980725394036,0.0,120,-33.355209182771745,0.0,118,-2.508581108596173,0.0,118,-28.41600538714675,0.0,118,-15.984903707767224,0.0,120,-20.45695953609193,0.0,0.0,0.680561683862977,0.680561683862977,0.0,-24493.415002228543,-24493.415002228543,2450.022061906717,2450.022061906717,2450.022061906717,0.0,0.0,1676.0220619067172,0.0,774
2449.3415002228544,0.0,-24493.415002228543,1676.0220619067172,21477.14180580502,0.0,-0.0,0.5206201198895842,0.37853033242258655,0.0,799.2,0.0,0.0,1.0,888.0,-0.0,180,-56.655082331224655,0.0,120,-35.279707749415664,0.0,118,-26.56186608969237,0.0,118,-58.99863177660918,0.0,118,-12.922229582331335,0.0,120,-9.604893659955046,0.0,0.0,0.680561683862977,0.680561683862977,0.0,-24493.415002228543,-24493.415002228543,2450.022061906717,2450.022061906717,2450.022061906717,0.0,0.0,1676.0220619067172,0.0,774
2449.3415002228544,0.0,-24493.415002228543,1678.0220619067172,22985.561661521064,0.0,-0.0,0.5571852146879273,0.37853033242258655,0.0,799.2,0.0,0.0,1.0,888.0,-0.0,180,-3.6981181814784825,0.0,120,-29.479536246071092,0.0,118,-0.3127296476396002,0.0,118,-54.815120487792456,0.0,118,-27.55571407149335,0.0,118,-52.84249488566031,0.0,0.0,0.680561683862977,0.680561683862977,0.0,-24493.415002228543,-24493.415002228543,2450.022061906717,2450.022061906717,2450.022061906717,0.0,0.0,1678.0220619067172,0.0,772
2471.1173645187573,0.0,-24711.173645187573,1699.8039767345167,24495.78151723711,0.0,-0.0,0.5937939426765837,0.37853033242258655,0.0,799.2,0.0,0.0,1.0,888.0,-0.0,180,-15.431225361773668,0.0,120,-57.640998696229026,0.0,118,-1.7761289179039896,0.0,118,-15.149377086961653,0.0,118,-59.9311604894122,0.0,118,-27.058123242172456,0.0,0.0,0.686612215759588,0.686612215759588,0.0,-24711.173645187573,-24711.173645187573,2471.8039767345167,2471.8039767345167,2471.8039767345167,0.0,0.0,1699.8039767345167,0.0,772
2471.1173645187573,0.0,-24711.173645187573,1699.8039767345167,26025.605096298175,0.0,-0.0,0.6308778778827764,0.37853033242258655,0.0,799.2,0.0,0.0,1.0,888.0,-0.0,180,-20.862800853565396,0.0,120,-41.05571232627953,0.0,118,-39.00805864735464,0.0,118,-14.561978715964495,0.0,118,-1.3671784325042347,0.0,118,-43.38678153570907,0.0,0.0,0.686612215759588,0.686612215759588,0.0,-24711.173645187573,-24711.173645187573,2471.8039767345167,2471.8039767345167,2471.8039767345167,0.0,0.0,1699.8039767345167,0.0,772
2471.1173645187573,0.0,-24711.173645187573,1699.8039767345167,27555.42867535924,0.0,-0.0,0.667961813088969,0.37853033242258655,0.0,799.2,0.0,0.0,1.0,888.0,-0.0,180,-21.835293096010968,0.0,120,-12.982736662078068,0.0,118,-34.51949393506644,0.0,118,-17.538623963576068,0.0,118,-46.959749900545816,0.0,118,-45.577862419571794,0.0,0.0,0.686612215759588,0.686612215759588,0.0,-24711.173645187573,-24711.173645187573,2471.8039767345167,2471.8039767345167,2471.8039767345167,0.0,0.0,1699.8039767345167,0.0,772
2471.1173645187573,0.0,-24711.173645187573,1699.8039767345167,29085.252254420302,0.0,-0.0,0.7050457482951616,0.37853033242258655,0.0,799.2,0.0,0.0,1.0,888.0,-0.0,180,-7.096727567958778,0.0,120,-52.37167804105353,0.0,118,-36.00152774389271,0.0,118,-26.40537765793986,0.0,118,-40.98601973936338,0.0,118,-18.70316204241043,0.0,0.0,0.686612215759588,0.686612215759588,0.0,-24711.173645187573,-24711.173645187573,2471.8039767345167,2471.8039767345167,2471.8039767345167,0.0,0.0,1699.8039767345167,0.0,772
2471.1173645187573,0.0,-24711.173645187573,1699.8039767345167,30615.075833481365,0.0,-0.0,0.7421296835013542,0.37853033242258655,0.0,799.2,0.0,0.0,1.0,888.0,-0.0,180,-30.90647860884173,0.0,120,-23.058860999155964,0.0,118,-29.766600961949557,0.0,118,-4.595687125430068,0.0,118,-58.22805259200895,0.0,118,-43.90475045210699,0.0,0.0,0.686612215759588,0.686612215759588,0.0,-24711.173645187573,-24711.173645187573,2471.8039767345167,2471.8039767345167,2471.8039767345167,0.0,0.0,1699.8039767345167,0.0,772
2471.1173645187573,0.0,-24711.173645187573,1699.8039767345167,32144.89941254243,0.0,-0.0,0.7792136187075468,0.37853033242258655,0.0,799.2,0.0,0.0,1.0,888.0,-0.0,180,-11.099960125915988,0.0,120,-42.480033229503796,0.0,118,-11.663376350438767,0.0,118,-23.301842342554714,0.0,118,-17.384525796527402,0.0,118,-43.001602762381076,0.0,0.0,0.686612215759588,0.686612215759588,0.0,-24711.173645187573,-24711.173645187573,2471.8039767345167,2471.8039767345167,2471.8039767345167,0.0,0.0,1699.8039767345167,0.0,772
2287.1813210793352,0.0,-22871.813210793352,1515.8168257531556,33674.72299160349,0.0,-0.0,0.8162975539137394,0.37853033242258655,0.0,799.2,0.0,0.0,1.0,888.0,-0.0,180,-48.00304322381602,0.0,120,-50.56179134914207,0.0,118,-45.64239392758353,0.0,118,-6.893311612365192,0.0,118,-26.701065058977814,0.0,118,-53.34308736236097,0.0,0.0,0.635504673820321,0.635504673820321,0.0,-22871.813210793352,-22871.813210793352,2287.8168257531556,2287.8168257531556,2287.8168257531556,0.0,0.0,1515.8168257531556,0.0,772
2287.1813210793352,0.0,-22871.813210793352,1515.8168257531556,35038.95813478133,0.0,-0.0,0.849367515932934,0.37853033242258655,0.0,799.2,0.0,0.0,1.0,888.0,-0.0,180,-1.7273110997518026,0.0,120,-32.161381630479326,0.0,118,-32.60462125932729,0.0,118,-12.553205643866413,0.0,118,-57.86047258402016,0.0,118,-44.383102363620786,0.0,0.0,0.635504673820321,0.635504673820321,0.0,-22871.813210793352,-22871.813210793352,2287.8168257531556,2287.8168257531556,2287.8168257531556,0.0,0.0,1515.8168257531556,0.0,772
2287.1813210793352,0.0,-22871.813210793352,1515.8168257531556,36403.193277959166,0.0,-0.0,0.8824374779521287,0.37853033242258655,0.0,799.2,0.0,0.0,1.0,888.0,-0.0,180,-22.79251798031443,0.0,120,-16.185100665158846,0.0,118,-45.306182115789824,0.0,118,-43.58935359068372,0.0,118,-32.490248046687405,0.0,118,-32.894025028272914,0.0,0.0,0.635504673820321,0.635504673820321,0.0,-22871.813210793352,-22871.813210793352,2287.8168257531556,2287.8168257531556,2287.8168257531556,0.0,0.0,1515.8168257531556,0.0,772
2287.1813210793352,0.0,-22871.813210793352,1515.8168257531556,37767.428421137,0.0,-0.0,0.9155074399713233,0.37853033242258655,0.0,799.2,0.0,0.0,1.0,888.0,-0.0,180,-14.59663754714608,0.0,120,-44.51886839768836,0.0,118,-27.62865872546637,0.0,118,-45.204831869356276,0.0,118,-42.74952016390703,0.0,118,-6.845432885757033,0.0,0.0,0.635504673820321,0.635504673820321,0.0,-22871.813210793352,-22871.813210793352,2287.8168257531556,2287.8168257531556,2287.8168257531556,0.0,0.0,1515.8168257531556,0.0,772
2287.1813210793352,0.0,-22871.813210793352,1515.8168257531556,39131.66356431484,0.0,-0.0,0.948577401990518,0.37853033242258655,0.0,799.2,0.0,0.0,1.0,888.0,-0.0,180,-13.148837834484068,0.0,120,-14.850294071808861,0.0,118,-1.75495885788292,0.0,118,-31.649477368797218,0.0,118,-23.500826374268875,0.0,118,-42.23003817262436,0.0,0.0,0.635504673820321,0.635504673820321,0.0,-22871.813210793352,-22871.813210793352,2287.8168257531556,2287.8168257531556,2287.8168257531556,0.0,0.0,1515.8168257531556,0.0,772
2287.1813210793352,0.0,-22871.813210793352,841.2236583414698,40495.89870749268,0.0,-0.0,0.9816473640097126,0.37853033242258655,0.0,799.2,674.5931674116858,0.0,1.0,888.0,539134.8593954194,180,-24.43737399020138,0.0,120,-2.2417833940842824,0.0,118,-18.051787852495693,0.0,118,-22.114760344575032,0.0,118,-38.52760832736077,0.0,118,-36.50699764336837,0.0,0.0,0.635504673820321,0.635504673820321,0.0,516263.046184626,516263.046184626,2287.8168257531556,2287.8168257531556,2287.8168257531556,0.0,0.0,1515.8168257531556,0.0,772
1895.5510657020295,0.0,-18955.510657020295,0.0,41253.0,0.0,-0.0,1.0,0.37853033242258655,0.0,799.2,1124.0777539670203,0.0,1.0,888.0,898362.9409704426,180,-38.60454206930172,0.0,120,-0.5248838995271665,0.0,118,-46.51032867987753,0.0,118,-21.623508786222814,0.0,118,-58.51047936311934,0.0,118,-34.648767701311044,0.0,0.0,0.526688264990839,0.526688264990839,0.0,879407.4303134223,879407.4303134223,1896.0777539670203,1896.0777539670203,1896.0777539670203,0.0,0.0,1124.0777539670203,0.0,772
1895.5510657020295,0.0,-18955.510657020295,0.0,41253.0,0.0,-0.0,1.0,0.37853033242258655,0.0,799.2,1124.0777539670203,0.0,1.0,888.0,898362.9409704426,180,-20.29343652322012,0.0,120,-52.92704670695679,0.0,118,-13.498561079766766,0.0,118,-37.6852757390233,0.0,118,-3.4245999114204295,0.0,118,-55.51949579701673,0.0,0.0,0.526688264990839,0.526688264990839,0.0,879407.4303134223,879407.4303134223,1896.0777539670203,1896.0777539670203,1896.0777539670203,0.0,0.0,1124.0777539670203,0.0,772
1895.5510657020295,0.0,-18955.510657020295,0.0,41253.0,0.0,-0.0,1.0,0.37853033242258655,0.0,799.2,1124.0777539670203,0.0,1.0,888.0,898362.9409704426,180,-16.355034139908803,0.0,120,-51.27559255019888,0.0,118,-26.383195716352702,0.0,118,-33.757868396271036,0.0,118,-40.31883059225776,0.0,118,-16.911468114514207,0.0,0.0,0.526688264990839,0.526688264990839,0.0,879407.4303134223,879407.4303134223,1896.0777539670203,1896.0777539670203,1896.0777539670203,0.0,0.0,1124.0777539670203,0.0,772
1895.5510657020295,0.0,-18955.510657020295,0.0,41253.0,0.0,-0.0,1.0,0.37853033242258655,0.0,799.2,1124.0777539670203,0.0,1.0,888.0,898362.9409704426,180,-26.379019015187996,0.0,120,-27.641592326589798,0.0,118,-21.366294451974316,0.0,118,-59.84773559659327,0.0,118,-1.5625402891556028,0.0,118,-31.829663707494127,0.0,0.0,0.526688264990839,0.526688264990839,0.0,879407.4303134223,879407.4303134223,1896.0777539670203,1896.0777539670203,1896.0777539670203,0.0,0.0,1124.0777539670203,0.0,772
1895.5510657020295,0.0,-18955.510657020295,0.0,41253.0,0.0,-0.0,1.0,0.37853033242258655,0.0,799.2,1124.0777539670203,0.0,1.0,888.0,898362.9409704426,180,-3.394987323120253,0.0,120,-48.51922339521901,0.0,118,-28.50337431174918,0.0,118,-6.826837732970681,0.0,118,-1.0191764038409556,0.0,118,-43.62948504336692,0.0,0.0,0.526688264990839,0.526688264990839,0.0,879407.4303134223,879407.4303134223,1896.0777539670203,1896.0777539670203,1896.0777539670203,0.0,0.0,1124.0777539670203,0.0,772
1895.5510657020295,0.0,-18955.510657020295,0.0,41253.0,0.0,-0.0,1.0,0.37853033242258655,0.0,799.2,1124.0777539670203,0.0,1.0,888.0,898362.9409704426,180,-48.4401897190544,0.0,120,-31.86883813870259,0.0,118,-4.298483558883721,0.0,118,-58.35394797126327,0.0,118,-29.736135499369613,0.0,118,-23.835835921116015,0.0,0.0,0.526688264990839,0.526688264990839,0.0,879407.4303134223,879407.4303134223,1896.0777539670203,1896.0777539670203,1896.0777539670203,0.0,0.0,1124.0777539670203,0.0,772
1281.99203712573,0.0,-12819.9203712573,0.0,41253.0,0.0,-0.0,1.0,0.37853033242258655,0.0,799.2,510.34824497155523,0.0,1.0,888.0,407870.31738126697,180,-40.93164075060066,0.0,120,-40.13302798511988,0.0,118,-26.04047372096284,0.0,118,-12.560335586669481,0.0,118,-6.566416948908662,0.0,118,-27.565084894662288,0.0,0.0,0.356207845825432,0.356207845825432,0.0,395050.3970100097,395050.3970100097,1282.3482449715552,1282.3482449715552,1282.3482449715552,0.0,0.0,510.34824497155523,0.0,772
1281.99203712573,0.0,-12819.9203712573,0.0,41253.0,0.0,-0.0,1.0,0.37853033242258655,0.0,799.2,510.34824497155523,0.0,1.0,888.0,407870.31738126697,180,-18.50362553253146,0.0,120,-37.28516141203834,0.0,118,-53.33100859577778,0.0,118,-53.52454218500879,0.0,118,-0.8815139738099953,0.0,118,-34.85237433929652,0.0,0.0,0.356207845825432,0.356207845825432,0.0,395050.3970100097,395050.3970100097,1282.3482449715552,1282.3482449715552,1282.3482449715552,0.0,0.0,510.34824497155523,0.0,772
1281.99203712573,0.0,-12819.9203712573,0.0,41253.0,0.0,-0.0,1.0,0.37853033242258655,0.0,799.2,510.34824497155523,0.0,1.0,888.0,407870.31738126697,180,-39.538277594377476,0.0,120,-29.1688617471651,0.0,118,-14.216327932511545,0.0,118,-10.765011129362678,0.0,118,-42.0615184484948,0.0,118,-11.679426383302879,0.0,0.0,0.356207845825432,0.356207845825432,0.0,395050.3970100097,395050.3970100097,1282.3482449715552,1282.3482449715552,1282.3482449715552,0.0,0.0,510.34824497155523,0.0,772
1281.99203712573,0.0,-12819.9203712573,0.0,41253.0,0.0,-0.0,1.0,0.37853033242258655,0.0,799.2,510.34824497155523,0.0,1.0,888.0,407870.31738126697,180,-16.065336288918115,0.0,120,-17.048212493468654,0.0,118,-41.37684029794426,0.0,118,-40.71961710757108,0.0,118,-21.54140148769943,0.0,118,-14.599652888609707,0.0,0.0,0.356207845825432,0.356207845825432,0.0,395050.3970100097,395050.3970100097,1282.3482449715552,1282.3482449715552,1282.3482449715552,0.0,0.0,510.34824497155523,0.0,772
1281.99203712573,0.0,-12819.9203712573,0.0,41253.0,0.0,-0.0,1.0,0.37853033242258655,0.0,799.2,510.34824497155523,0.0,1.0,888.0,407870.31738126697,180,-20.86457021960624,0.0,120,-48.80952758738913,0.0,118,-43.15521391478704,0.0,118,-20.866799168749658,0.0,118,-47.945215115576666,0.0,118,-0.8382760474557482,0.0,0.0,0.356207845825432,0.356207845825432,0.0,395050.3970100097,395050.3970100097,1282.3482449715552,1282.3482449715552,1282.3482449715552,0.0,0.0,510.34824497155523,0.0,772
1281.99203712573,0.0,-12819.9203712573,0.0,41253.0,0.0,-0.0,1.0,0.37853033242258655,0.0,799.2,510.34824497155523,0.0,1.0,888.0,407870.31738126697,180,-40.72830775099364,0.0,120,-20.783502169039128,0.0,118,-37.16482934273848,0.0,118,-25.683899626263415,0.0,118,-27.168864163671373,0.0,118,-42.86281234995002,0.0,0.0,0.356207845825432,0.356207845825432,0.0,395050.3970100097,395050.3970100097,1282.3482449715552,1282.3482449715552,1282.3482449715552,0.0,0.0,510.34824497155523,0.0,772
522.8816866763784,0.0,-5228.816866763784,0.0,41253.0,248.97302805363643,-0.0,1.0,0.37853033242258655,0.0,799.2,0.0,0.0,1.0,888.0,-0.0,180,-14.864255110120236,0.0,120,-43.024891755618775,0.0,118,-55.70215794043199,0.0,118,-41.61907789114402,0.0,118,-37.24216197042886,0.0,118,-41.39013524461283,0.0,0.0,0.145285269985101,0.145285269985101,0.0,-5228.816866763784,-5228.816866763784,772.0,772.0,523.0269719463636,0.0,248.97302805363643,0.0,0.0,772
522.8816866763784,0.0,-5228.816866763784,0.0,40976.36330216262,248.97302805363643,-0.0,0.9932941435086569,0.37853033242258655,0.0,799.2,0.0,0.0,1.0,888.0,-0.0,180,-9.384723874546204,0.0,120,-54.02426490789459,0.0,118,-38.46883762502381,0.0,118,-33.07414688725585,0.0,118,-41.58254410191226,0.0,118,-50.355210409280296,0.0,0.0,0.145285269985101,0.145285269985101,0.0,-5228.816866763784,-5228.816866763784,772.0,772.0,523.0269719463636,0.0,248.97302805363643,0.0,0.0,772
522.8816866763784,0.0,-5228.816866763784,0.0,40699.726604325246,248.97302805363643,-0.0,0.9865882870173138,0.37853033242258655,0.0,799.2,0.0,0.0,1.0,888.0,-0.0,180,-12.594789990035453,0.0,120,-37.159548161603304,0.0,118,-22.6402359066987,0.0,118,-58.93508743538292,0.0,118,-3.3922568815050003,0.0,118,-24.437043972953578,0.0,0.0,0.145285269985101,0.145285269985101,0.0,-5228.816866763784,-5228.816866763784,772.0,772.0,523.0269719463636,0.0,248.97302805363643,0.0,0.0,772
522.8816866763784,0.0,-5228.816866763784,0.0,40423.08990648787,248.97302805363643,-0.0,0.9798824305259707,0.37853033242258655,0.0,799.2,0.0,0.0,1.0,888.0,-0.0,180,-6.375185720361001,0.0,120,-20.439551997811492,0.0,118,-25.632563764494396,0.0,118,-22.099264997618487,0.0,118,-20.045016333836934,0.0,118,-19.893237420232882,0.0,0.0,0.145285269985101,0.145285269985101,0.0,-5228.816866763784,-5228.816866763784,772.0,772.0,523.0269719463636,0.0,248.97302805363643,0.0,0.0,772
522.8816866763784,0.0,-5228.816866763784,0.0,40146.45320865049,248.97302805363643,-0.0,0.9731765740346275,0.37853033242258655,0.0,799.2,0.0,0.0,1.0,888.0,-0.0,180,-14.6702951987505,0.0,120,-11.23893267869186,0.0,118,-26.3151403793804,0.0,118,-28.735295461388148,0.0,118,-9.41040243291746,0.0,118,-8.007502929984616,0.0,0.0,0.145285269985101,0.145285269985101,0.0,-5228.816866763784,-5228.816866763784,772.0,772.0,523.0269719463636,0.0,248.97302805363643,0.0,0.0,772
522.8816866763784,0.0,-5228.816866763784,0.0,39869.816510813114,248.97302805363643,-0.0,0.9664707175432845,0.37853033242258655,0.0,799.2,0.0,0.0,1.0,888.0,-0.0,180,-2.1289368467605607,0.0,120,-2.544458093847508,0.0,118,-47.867501109864314,0.0,118,-43.17037499333984,0.0,118,-18.924924469215814,0.0,118,-26.22099979625113,0.0,0.0,0.145285269985101,0.145285269985101,0.0,-5228.816866763784,-5228.816866763784,772.0,772.0,523.0269719463636,0.0,248.97302805363643,0.0,0.0,772
0.0,0.0,-0.0,0.0,39593.17981297574,772.0,-0.0,0.9597648610519414,0.37853033242258655,0.0,799.2,0.0,0.0,1.0,888.0,-0.0,180,-31.559395915026432,0.0,120,-45.76352792170694,0.0,118,-26.818431297197442,0.0,118,-43.44872340040116,0.0,118,-17.77232414697211,0.0,118,-26.43517417820484,0.0,0.0,0.0,0.0,0.0,0.0,0.0,772.0,772.0,0.0,0.0,772.0,0.0,0.0,772
0.0,0.0,-0.0,0.0,38735.402035197956,772.0,-0.0,0.9389717604828244,0.37853033242258655,0.0,799.2,0.0,0.0,1.0,888.0,-0.0,180,-20.078944610579875,0.0,120,-37.6597409129108,0.0,118,-16.421257373857863,0.0,118,-56.598380594241725,0.0,118,-26.01155216406102,0.0,118,-17.303867886569225,0.0,0.0,0.0,0.0,0.0,0.0,0.0,772.0,772.0,0.0,0.0,772.0,0.0,0.0,772
0.0,0.0,-0.0,0.0,37877.624257420175,772.0,-0.0,0.9181786599137075,0.37853033242258655,0.0,799.2,0.0,0.0,1.0,888.0,-0.0,180,-36.02194171571871,0.0,120,-6.840845221034375,0.0,118,-17.235343181489093,0.0,118,-15.373690893201115,0.0,118,-45.57193748410449,0.0,118,-9.034285933768746,0.0,0.0,0.0,0.0,0.0,0.0,0.0,772.0,772.0,0.0,0.0,772.0,0.0,0.0,772
0.0,0.0,-0.0,0.0,37019.846479642394,770.0,-0.0,0.8973855593445905,0.37853033242258655,0.0,799.2,0.0,0.0,1.0,888.0,-0.0,180,-30.42455921959354,0.0,118,-26.655324972357498,0.0,118,-27.881478059814135,0.0,118,-14.445522453848039,0.0,118,-23.950978566358593,0.0,118,-19.078508277410545,0.0,0.0,0.0,0.0,0.0,0.0,0.0,770.0,770.0,0.0,0.0,770.0,0.0,0.0,770
0.0,0.0,-0.0,0.0,36164.29092408684,770.0,-0.0,0.8766463269116631,0.37853033242258655,0.0,799.2,0.0,0.0,1.0,888.0,-0.0,180,-44.8937889228647,0.0,118,-37.511784095069544,0.0,118,-59.18761124071044,0.0,118,-19.22805425132474,0.0,118,-26.14124414998554,0.0,118,-5.7715661206665025,0.0,0.0,0.0,0.0,0.0,0.0,0.0,770.0,770.0,0.0,0.0,770.0,0.0,0.0,770
0.0,0.0,-0.0,0.0,35308.735368531285,770.0,-0.0,0.8559070944787357,0.37853033242258655,0.0,799.2,0.0,0.0,1.0,888.0,-0.0,180,-39.331471468945175,0.0,118,-46.433730881948726,0.0,118,-5.857581554972773,0.0,118,-51.16946047007367,0.0,118,-19.125838587464735,0.0,118,-39.906004181237805,0.0,0.0,0.0,0.0,0.0,0.0,0.0,770.0,770.0,0.0,0.0,770.0,0.0,0.0,770
0.0,0.0,-0.0,0.0,34453.17981297573,770.0,-0.0,0.8351678620458083,0.37853033242258655,0.0,799.2,0.0,0.0,1.0,888.0,-0.0,180,-59.162991252513606,0.0,118,-47.718036974733586,0.0,118,-1.757513778048545,0.0,118,-26.9876315827512,0.0,118,-27.83857785100261,0.0,118,-54.93099944603277,0.0,0.0,0.0,0.0,0.0,0.0,0.0,770.0,770.0,0.0,0.0,770.0,0.0,0.0,770
0.0,0.0,-0.0,0.0,33597.624257420175,770.0,-0.0,0.8144286296128809,0.37853033242258655,0.0,799.2,0.0,0.0,1.0,888.0,-0.0,180,-41.18488342920793,0.0,118,-14.540437594443425,0.0,118,-23.102176121542936,0.0,118,-3.8822594888743733,0.0,118,-27.924643987701362,0.0,118,-50.7699972238604,0.0,0.0,0.0,0.0,0.0,0.0,0.0,770.0,770.0,0.0,0.0,770.0,0.0,0.0,770
0.0,0.0,-0.0,0.0,32742.06870186462,770.0,-0.0,0.7936893971799535,0.37853033242258655,0.0,799.2,0.0,0.0,1.0,888.0,-0.0,180,-26.602200777964914,0.0,118,-57.34621578158042,0.0,118,-18.867659747859072,0.0,118,-51.50126022520948,0.0,118,-14.368718173367284,0.0,118,-5.8998198586190504,0.0,0.0,0.0,0.0,0.0,0.0,0.0,770.0,770.0,0.0,0.0,770.0,0.0,0.0,770
0.0,0.0,-0.0,0.0,31886.513146309066,770.0,-0.0,0.772950164747026,0.37853033242258655,0.0,799.2,0.0,0.0,1.0,888.0,-0.0,180,-46.77236283657073,0.0,118,-36.02871138660792,0.0,118,-44.05843542472222,0.0,118,-10.878253941578567,0.0,118,-59.727505016070936,0.0,118,-4.3900332577431485,0.0,0.0,0.0,0.0,0.0,0.0,0.0,770.0,770.0,0.0,0.0,770.0,0.0,0.0,770
0.0,0.0,-0.0,0.0,31030.95759075351,832.0,-0.0,0.7522109323140986,0.37853033242258655,0.0,799.2,0.0,0.0,1.0,888.0,-0.0,180,-32.2711500878792,0.0,180,-44.96500757548945,0.0,118,-44.44729858043663,0.0,118,-3.982806727422752,0.0,118,-24.668130860980213,0.0,118,-54.59239170345233,0.0,0.0,0.0,0.0,0.0,0.0,0.0,832.0,832.0,0.0,0.0,832.0,0.0,0.0,832
0.0,0.0,-0.0,0.0,30106.513146309066,832.0,-0.0,0.7298017876592992,0.37853033242258655,0.0,799.2,0.0,0.0,1.0,888.0,-0.0,180,-1.914293293537046,0.0,180,-34.61366428925285,0.0,118,-57.83964967493467,0.0,118,-21.580923721220074,0.0,118,-5.034836029979743,0.0,118,-32.93675539054258,0.0,0.0,0.0,0.0,0.0,0.0,0.0,832.0,832.0,0.0,0.0,832.0,0.0,0.0,832
0.0,0.0,-0.0,0.0,29182.06870186462,832.0,-0.0,0.7073926430044996,0.37853033242258655,0.0,799.2,0.0,0.0,1.0,888.0,-0.0,180,-24.52883932702106,0.0,180,-35.16098080454128,0.0,118,-40.38101118092464,0.0,118,-32.106446384725075,0.0,118,-36.37551000332115,0.0,118,-0.06907564896395879,0.0,0.0,0.0,0.0,0.0,0.0,0.0,832.0,832.0,0.0,0.0,832.0,0.0,0.0,832
0.0,0.0,-0.0,0.0,28257.624257420175,832.0,-0.0,0.6849834983497001,0.37853033242258655,0.0,799.2,0.0,0.0,1.0,888.0,-0.0,180,-38.57120817153416,0.0,180,-52.4093307980195,0.0,118,-57.76256069127779,0.0,118,-12.128955690818145,0.0,118,-8.039866819270962,0.0,118,-43.047806370603844,0.0,0.0,0.0,0.0,0.0,0.0,0.0,832.0,832.0,0.0,0.0,832.0,0.0,0.0,832
0.0,0.0,-0.0,0.0,27333.17981297573,832.0,-0.0,0.6625743536949005,0.37853033242258655,0.0,799.2,0.0,0.0,1.0,888.0,-0.0,180,-41.71782782486302,0.0,180,-23.472441728055966,0.0,118,-20.603623833565706,0.0,118,-56.902823831895134,0.0,118,-29.148260823569416,0.0,118,-14.59740560581075,0.0,0.0,0.0,0.0,0.0,0.0,0.0,832.0,832.0,0.0,0.0,832.0,0.0,0.0,832
0.0,0.0,-0.0,0.0,26408.735368531285,832.0,-0.0,0.640165209040101,0.37853033242258655,0.0,799.2,0.0,0.0,1.0,888.0,-0.0,180,-46.07310023990406,0.0,180,-15.323346442573214,0.0,118,-39.55368542572418,0.0,118,-30.00861571949008,0.0,118,-45.88514007794952,0.0,118,-46.78242815546783,0.0,0.0,0.0,0.0,0.0,0.0,0.0,832.0,832.0,0.0,0.0,832.0,0.0,0.0,832
0.0,0.0,-0.0,0.0,25484.29092408684,832.0,-0.0,0.6177560643853014,0.37853033242258655,0.0,799.2,0.0,0.0,1.0,888.0,-0.0,180,-24.784084453591547,0.0,180,-10.240848687601407,0.0,118,-29.201927827249612,0.0,118,-31.836560231829804,0.0,118,-26.264053991185186,0.0,118,-5.054462012820071,0.0,0.0,0.0,0.0,0.0,0.0,0.0,832.0,832.0,0.0,0.0,832.0,0.0,0.0,832
0.0,0.0,-0.0,0.0,24559.846479642394,832.0,-0.0,0.5953469197305019,0.37853033242258655,0.0,799.2,0.0,0.0,1.0,888.0,-0.0,180,-19.118822321081055,0.0,180,-29.426344781547076,0.0,118,-40.93604839240564,0.0,118,-50.481953723560785,0.0,118,-35.481024025504865,0.0,118,-55.09515688789498,0.0,0.0,0.0,0.0,0.0,0.0,0.0,832.0,832.0,0.0,0.0,832.0,0.0,0.0,832
0.0,0.0,-0.0,0.0,23635.40203519795,832.0,-0.0,0.5729377750757023,0.37853033242258655,0.0,799.2,0.0,0.0,1.0,888.0,-0.0,180,-59.361592498480135,0.0,180,-19.643095381752612,0.0,118,-10.227562848442666,0.0,118,-56.5863977141713,0.0,118,-25.95969821087439,0.0,118,-8.114845770551547,0.0,0.0,0.0,0.0,0.0,0.0,0.0,832.0,832.0,0.0,0.0,832.0,0.0,0.0,832
0.0,0.0,-0.0,0.0,22710.957590753504,832.0,-0.0,0.5505286304209028,0.37853033242258655,0.0,799.2,0.0,0.0,1.0,888.0,-0.0,180,-3.7627011486557005,0.0,180,-10.042114222378249,0.0,118,-39.15757207971136,0.0,118,-53.99735410390288,0.0,118,-11.246278106386814,0.0,118,-48.17102523354283,0.0,0.0,0.0,0.0,0.0,0.0,0.0,832.0,832.0,0.0,0.0,832.0,0.0,0.0,832
0.0,0.0,-0.0,0.0,21786.51314630906,832.0,-0.0,0.5281194857661032,0.37853033242258655,0.0,799.2,0.0,0.0,1.0,888.0,-0.0,180,-53.31580254075825,0.0,180,-7.253096640170034,0.0,118,-49.872020755124574,0.0,118,-19.876622339322637,0.0,118,-21.72935846624248,0.0,118,-53.12299122210009,0.0,0.0,0.0,0.0,0.0,0.0,0.0,832.0,832.0,0.0,0.0,832.0,0.0,0.0,832
0.0,0.0,-0.0,0.0,20862.068701864613,832.0,-0.0,0.5057103411113038,0.37853033242258655,0.0,799.2,0.0,0.0,1.0,888.0,-0.0,180,-59.17137216611606,0.0,180,-47.187233577221754,0.0,118,-59.12043099325142,0.0,118,-20.795888390030882,0.0,118,-1.9378090050037544,0.0,118,-7.661128935878363,0.0,0.0,0.0,0.0,0.0,0.0,0.0,832.0,832.0,0.0,0.0,832.0,0.0,0.0,832
0.0,0.0,-0.0,0.0,19937.624257420168,832.0,-0.0,0.4833011964565042,0.37853033242258655,0.0,799.2,0.0,0.0,1.0,888.0,-0.0,180,-32.2938306297165,0.0,180,-41.85044971499779,0.0,118,-40.196003064588176,0.0,118,-20.939613194878273,0.0,118,-25.387630896038008,0.0,118,-53.056652297532715,0.0,0.0,0.0,0.0,0.0,0.0,0.0,832.0,832.0,0.0,0.0,832.0,0.0,0.0,832
0.0,0.0,-0.0,0.0,19013.179812975723,832.0,-0.0,0.46089205180170467,0.37853033242258655,0.0,799.2,0.0,0.0,1.0,888.0,-0.0,180,-14.60901641096483,0.0,180,-14.167185120855263,0.0,118,-43.08516130028756,0.0,118,-33.63929185035489,0.0,118,-6.319253615282312,0.0,118,-50.94216754760701,0.0,0.0,0.0,0.0,0.0,0.0,0.0,832.0,832.0,0.0,0.0,832.0,0.0,0.0,832
0.0,0.0,-0.0,0.0,18088.735368531277,832.0,-0.0,0.43848290714690513,0.37853033242258655,0.0,799.2,0.0,0.0,1.0,888.0,-0.0,180,-20.172425325240777,0.0,180,-30.73789418597577,0.0,118,-58.21365566112148,0.0,118,-2.821549054811898,0.0,118,-56.86769283635646,0.0,118,-38.05125099615151,0.0,0.0,0.0,0.0,0.0,0.0,0.0,832.0,832.0,0.0,0.0,832.0,0.0,0.0,832
0.0,0.0,-0.0,0.0,17164.290924086832,832.0,-0.0,0.4160737624921056,0.37853033242258655,0.0,799.2,0.0,0.0,1.0,888.0,-0.0,180,-57.44125976193141,0.0,180,-45.71769926137621,0.0,118,-46.41626684299914,0.0,118,-30.874054051070743,0.0,118,-57.80783466655538,0.0,118,-12.214599791915774,0.0,0.0,0.0,0.0,0.0,0.0,0.0,832.0,832.0,0.0,0.0,832.0,0.0,0.0,832
0.0,0.0,-0.0,0.0,16239.846479642387,832.0,-0.0,0.39366461783730605,0.37853033242258655,0.0,799.2,0.0,0.0,1.0,888.0,-0.0,180,-5.55095987796636,0.0,180,-42.30546198431867,0.0,118,-34.98261659309623,0.0,118,-30.867575134566884,0.0,118,-12.585788923227938,0.0,118,-48.34552067138427,0.0,0.0,0.0,0.0,0.0,0.0,0.0,832.0,832.0,0.0,0.0,832.0,0.0,0.0,832
0.0,0.0,-0.0,0.0,15315.402035197942,834.0,-0.0,0.3712554731825065,0.37853033242258655,0.0,799.2,0.0,0.0,1.0,888.0,-0.0,180,-53.51237309004066,0.0,180,-33.01954268665492,0.0,118,-50.468509331472944,0.0,118,-10.718564825113951,0.0,118,-48.759803118184685,0.0,120,-45.855100303997006,0.0,0.0,0.0,0.0,0.0,0.0,0.0,834.0,834.0,0.0,0.0,834.0,0.0,0.0,834
0.0,0.0,-0.0,0.0,14388.735368531276,834.0,-0.0,0.3487924603915176,0.37853033242258655,0.0,799.2,0.0,0.0,1.0,888.0,-0.0,180,-44.9406261181508,0.0,180,-56.65820300474204,0.0,118,-7.203530126213547,0.0,118,-10.951406920533056,0.0,118,-56.539580730818784,0.0,120,-2.132626693038635,0.0,0.0,0.0,0.0,0.0,0.0,0.0,834.0,834.0,0.0,0.0,834.0,0.0,0.0,834
0.0,0.0,-0.0,0.0,13462.06870186461,834.0,-0.0,0.3263294476005287,0.37853033242258655,0.0,799.2,0.0,0.0,1.0,888.0,-0.0,180,-24.572911125062955,0.0,180,-35.466094847904756,0.0,118,-4.291008859477079,0.0,118,-50.11336055002544,0.0,118,-55.22281290716516,0.0,120,-19.555819330414433,0.0,0.0,0.0,0.0,0.0,0.0,0.0,834.0,834.0,0.0,0.0,834.0,0.0,0.0,834
0.0,0.0,-0.0,0.0,12535.402035197943,834.0,-0.0,0.30386643480953973,0.37853033242258655,0.0,799.2,0.0,0.0,1.0,888.0,-0.0,180,-52.868888401184485,0.0,180,-22.478166323718547,0.0,118,-43.75900346718063,0.0,118,-33.828194731659,0.0,118,-3.1201255842855335,0.0,120,-28.935296419918714,0.0,0.0,0.0,0.0,0.0,0.0,0.0,834.0,834.0,0.0,0.0,834.0,0.0,0.0,834
0.0,0.0,-0.0,0.0,11608.735368531277,834.0,-0.0,0.28140342201855084,0.37853033242258655,0.0,799.2,0.0,0.0,1.0,888.0,-0.0,180,-19.875978612477603,0.0,180,-19.59285532417197,0.0,118,-45.84442423025506,0.0,118,-52.808843443858954,0.0,118,-25.359067917555333,0.0,120,-49.40101005713053,0.0,0.0,0.0,0.0,0.0,0.0,0.0,834.0,834.0,0.0,0.0,834.0,0.0,0.0,834
0.0,0.0,-0.0,0.0,10682.068701864611,834.0,-0.0,0.2589404092275619,0.37853033242258655,0.0,799.2,0.0,0.0,1.0,888.0,-0.0,180,-27.119577430199314,0.0,180,-53.10433054577014,0.0,118,-30.94171810901335,0.0,118,-31.645874994284426,0.0,118,-24.579511611446087,0.0,120,-17.913250764123546,0.0,0.0,0.0,0.0,0.0,0.0,0.0,834.0,834.0,0.0,0.0,834.0,0.0,0.0,834
0.0,0.0,-0.0,0.0,9755.402035197945,834.0,-0.0,0.23647739643657298,0.37853033242258655,0.0,799.2,0.0,0.0,1.0,888.0,-0.0,180,-12.714481182304255,0.0,180,-14.93477469021406,0.0,118,-32.68036249810189,0.0,118,-19.66329852086436,0.0,118,-38.44855179191206,0.0,120,-41.40593270147107,0.0,0.0,0.0,0.0,0.0,0.0,0.0,834.0,834.0,0.0,0.0,834.0,0.0,0.0,834
0.0,0.0,-0.0,0.0,8828.73536853128,834.0,-0.0,0.21401438364558406,0.37853033242258655,0.0,799.2,0.0,0.0,1.0,888.0,-0.0,180,-45.64551147677431,0.0,180,-51.4525530561791,0.0,118,-51.676605188310916,0.0,118,-33.16334431556838,0.0,118,-35.33247580186551,0.0,120,-12.969012041388856,0.0,0.0,0.0,0.0,0.0,0.0,0.0,834.0,834.0,0.0,0.0,834.0,0.0,0.0,834
0.0,0.0,-0.0,0.0,7902.068701864612,834.0,-0.0,0.19155137085459512,0.37853033242258655,0.0,799.2,0.0,0.0,1.0,888.0,-0.0,180,-18.77023352908404,0.0,180,-3.1433329032808155,0.0,118,-30.797946317565163,0.0,118,-18.888510011442797,0.0,118,-17.913178652260576,0.0,120,-23.964601242752984,0.0,0.0,0.0,0.0,0.0,0.0,0.0,834.0,834.0,0.0,0.0,834.0,0.0,0.0,834
0.0,0.0,-0.0,0.0,6975.402035197945,834.0,-0.0,0.16908835806360617,0.37853033242258655,0.0,799.2,0.0,0.0,1.0,888.0,-0.0,180,-4.951304313397862,0.0,180,-53.53889724091322,0.0,118,-17.734637746309954,0.0,118,-12.078472305044157,0.0,118,-31.590924889066585,0.0,120,-21.048956977264552,0.0,0.0,0.0,0.0,0.0,0.0,0.0,834.0,834.0,0.0,0.0,834.0,0.0,0.0,834
0.0,0.0,-0.0,0.0,6048.735368531278,834.0,-0.0,0.14662534527261722,0.37853033242258655,0.0,799.2,0.0,0.0,1.0,888.0,-0.0,180,-21.8178856187877,0.0,180,-48.667129404839244,0.0,118,-43.52384354585521,0.0,118,-31.418571853294136,0.0,118,-4.466467597372583,0.0,120,-29.15438206313916,0.0,0.0,0.0,0.0,0.0,0.0,0.0,834.0,834.0,0.0,0.0,834.0,0.0,0.0,834
0.0,0.0,-0.0,0.0,5122.068701864611,834.0,-0.0,0.12416233248162828,0.37853033242258655,0.0,799.2,0.0,0.0,1.0,888.0,-0.0,180,-18.47433795562249,0.0,180,-54.83176299270408,0.0,118,-28.442969453268315,0.0,118,-33.619466245176774,0.0,118,-9.557600522722202,0.0,120,-26.276875751143272,0.0,0.0,0.0,0.0,0.0,0.0,0.0,834.0,834.0,0.0,0.0,834.0,0.0,0.0,834
0.0,0.0,-0.0,0.0,4195.402035197944,772.0,-0.0,0.10169931969063933,0.37853033242258655,0.0,799.2,0.0,0.0,1.0,888.0,-0.0,180,-41.2819825486107,0.0,118,-50.66754245559187,0.0,118,-3.7639004017284483,0.0,118,-23.41130444302545,0.0,118,-42.693520934974714,0.0,120,-42.34150386199668,0.0,0.0,0.0,0.0,0.0,0.0,0.0,772.0,772.0,0.0,0.0,772.0,0.0,0.0,772
0.0,0.0,-0.0,0.0,3337.6242574201665,772.0,-0.0,0.08090621912152247,0.37853033242258655,0.0,799.2,0.0,0.0,1.0,888.0,-0.0,180,-33.57616177797638,0.0,118,-36.44286485681359,0.0,118,-47.60610313121768,0.0,118,-7.501076631731487,0.0,118,-42.950817161592546,0.0,120,-21.694494302337723,0.0,0.0,0.0,0.0,0.0,0.0,0.0,772.0,772.0,0.0,0.0,772.0,0.0,0.0,772
0.0,0.0,-0.0,0.0,2479.8464796423887,772.0,-0.0,0.06011311855240561,0.37853033242258655,0.0,799.2,0.0,0.0,1.0,888.0,-0.0,180,-44.28101619633284,0.0,118,-18.71790421297835,0.0,118,-4.397063060078241,0.0,118,-58.13458564138145,0.0,118,-45.896787184747225,0.0,120,-4.453771672737766,0.0,0.0,0.0,0.0,0.0,0.0,0.0,772.0,772.0,0.0,0.0,772.0,0.0,0.0,772
0.0,0.0,-0.0,0.0,1622.0687018646108,772.0,-0.0,0.03932001798328875,0.37853033242258655,0.0,799.2,0.0,0.0,1.0,888.0,-0.0,180,-23.61081409397904,0.0,118,-47.98504369752623,0.0,118,-8.99063605759734,0.0,118,-19.23159484828098,0.0,118,-4.36954321469525,0.0,120,-40.72085419924237,0.0,0.0,0.0,0.0,0.0,0.0,0.0,772.0,772.0,0.0,0.0,772.0,0.0,0.0,772
0.0,0.0,-0.0,0.0,764.2909240868331,687.8618316781498,-0.0,0.01852691741417189,0.37853033242258655,31.84884882429751,799.2,0.0,84.13816832185023,1.0,888.0,-74714.69346980301,180,-18.459308761719132,0.0,118,-38.04725417266025,0.0,118,-50.67908240229077,0.0,118,-48.960250151242704,0.0,118,-11.696452867855074,0.0,120,-14.688282371499696,0.0,0.0,0.0,0.0,0.0,-74714.69346980301,-74714.69346980301,772.0,772.0,0.0,0.0,772.0,0.0,0.0,772
0.0,0.0,-0.0,0.0,0.0,0.0,-0.0,0.0,0.37853033242258655,292.2254166302368,799.2,0.0,772.0,1.0,888.0,-685536.0,180,-56.512302568587224,0.0,118,-51.2936040735284,0.0,118,-37.71121204873408,0.0,118,-43.697433771594746,0.0,118,-36.28213609273699,0.0,120,-17.576474234869224,0.0,0.0,0.0,0.0,0.0,-685536.0,-685536.0,772.0,772.0,0.0,0.0,772.0,0.0,0.0,772
0.0,0.0,-0.0,0.0,0.0,0.0,-0.0,0.0,0.37853033242258655,292.2254166302368,799.2,0.0,772.0,1.0,888.0,-685536.0,180,-19.622843765803637,0.0,118,-44.9099278968588,0.0,118,-23.624444620295712,0.0,118,-49.8653690110574,0.0,118,-25.231280295892002,0.0,120,-0.5823621380093824,0.0,0.0,0.0,0.0,0.0,-685536.0,-685536.0,772.0,772.0,0.0,0.0,772.0,0.0,0.0,772
0.0,0.0,-0.0,0.0,0.0,0.0,-0.0,0.0,0.37853033242258655,292.982477295082,799.2,0.0,774.0,1.0,888.0,-687312.0,180,-19.10943170710707,0.0,120,-44.731541545344136,0.0,118,-13.881334779588222,0.0,118,-29.73964616013251,0.0,118,-47.892102481212675,0.0,120,-13.190692701619618,0.0,0.0,0.0,0.0,0.0,-687312.0,-687312.0,774.0,774.0,0.0,0.0,774.0,0.0,0.0,774
0.0,0.0,-0.0,0.0,0.0,0.0,-0.0,0.0,0.37853033242258655,292.982477295082,799.2,0.0,774.0,1.0,888.0,-687312.0,180,-37.20559767762114,0.0,120,-35.21877817059161,0.0,118,-43.3069604903778,0.0,118,-49.0930926142886,0.0,118,-37.82247507315908,0.0,120,-29.777892876302232,0.0,0.0,0.0,0.0,0.0,-687312.0,-687312.0,774.0,774.0,0.0,0.0,774.0,0.0,0.0,774
0.0,0.0,-0.0,0.0,0.0,0.0,-0.0,0.0,0.37853033242258655,292.982477295082,799.2,0.0,774.0,1.0,888.0,-687312.0,180,-40.89534512609505,0.0,120,-56.43635527813571,0.0,118,-0.11613431710524535,0.0,118,-40.064516868896206,0.0,118,-7.186920981685356,0.0,120,-28.748453148495404,0.0,0.0,0.0,0.0,0.0,-687312.0,-687312.0,774.0,774.0,0.0,0.0,774.0,0.0,0.0,774
0.0,0.0,-0.0,0.0,0.0,0.0,-0.0,0.0,0.37853033242258655,292.982477295082,799.2,0.0,774.0,1.0,888.0,-687312.0,180,-44.50590484003185,0.0,120,-5.96605455315024,0.0,118,-21.22253148366839,0.0,118,-23.645631812320516,0.0,118,-1.2671156877671463,0.0,120,-32.25559762856368,0.0,0.0,0.0,0.0,0.0,-687312.0,-687312.0,774.0,774.0,0.0,0.0,774.0,0.0,0.0,774
0.0,0.0,-0.0,0.0,0.0,0.0,-0.0,0.0,0.37853033242258655,292.982477295082,799.2,0.0,774.0,1.0,888.0,-687312.0,180,-33.12863806359675,0.0,120,-53.10847247146468,0.0,118,-14.726466064870028,0.0,118,-49.47395309797459,0.0,118,-44.27208661982156,0.0,120,-16.902292485925358,0.0,0.0,0.0,0.0,0.0,-687312.0,-687312.0,774.0,774.0,0.0,0.0,774.0,0.0,0.0,774
0.0,0.0,-0.0,0.0,0.0,0.0,-0.0,0.0,0.37853033242258655,292.982477295082,799.2,0.0,774.0,1.0,888.0,-687312.0,180,-34.64241441883388,0.0,120,-33.70075004373879,0.0,118,-17.262280832912836,0.0,118,-57.0920342172199,0.0,118,-54.20702268880794,0.0,120,-37.93197716084586,0.0,0.0,0.0,0.0,0.0,-687312.0,-687312.0,774.0,774.0,0.0,0.0,774.0,0.0,0.0,774
0.0,0.0,-0.0,0.0,0.0,0.0,-0.0,0.0,0.37853033242258655,292.982477295082,799.2,0.0,774.0,1.0,888.0,-687312.0,180,-17.718842629340084,0.0,120,-45.85540688076043,0.0,118,-25.71998320036451,0.0,118,-45.71776740993622,0.0,118,-51.94800914153783,0.0,120,-50.156259832132264,0.0,0.0,0.0,0.0,0.0,-687312.0,-687312.0,774.0,774.0,0.0,0.0,774.0,0.0,0.0,774
0.0,0.0,-0.0,0.0,0.0,0.0,-0.0,0.0,0.37853033242258655,292.982477295082,799.2,0.0,774.0,1.0,888.0,-687312.0,180,-22.036037218787655,0.0,120,-32.88801894566227,0.0,118,-46.31775676808784,0.0,118,-46.365444148743826,0.0,118,-49.14503984546523,0.0,120,-43.36891035261524,0.0,0.0,0.0,0.0,0.0,-687312.0,-687312.0,774.0,774.0,0.0,0.0,774.0,0.0,0.0,774
0.0,0.0,-0.0,0.0,0.0,0.0,-0.0,0.0,0.37853033242258655,292.982477295082,799.2,0.0,774.0,1.0,888.0,-687312.0,180,-21.089833100767347,0.0,120,-47.86289567148457,0.0,118,-49.74150385453952,0.0,118,-11.94435538520337,0.0,118,-9.00021755704877,0.0,120,-43.38657767485152,0.0,0.0,0.0,0.0,0.0,-687312.0,-687312.0,774.0,774.0,0.0,0.0,774.0,0.0,0.0,774
0.0,0.0,-0.0,0.0,0.0,0.0,-0.0,0.0,0.37853033242258655,292.982477295082,799.2,0.0,774.0,1.0,888.0,-687312.0,180,-51.65418336420369,0.0,120,-14.326544827592935,0.0,118,-10.684396824220713,0.0,118,-17.10123260154947,0.0,118,-0.5862880384955171,0.0,120,-14.128586956698815,0.0,0.0,0.0,0.0,0.0,-687312.0,-687312.0,774.0,774.0,0.0,0.0,774.0,0.0,0.0,774
0.0,0.0,-0.0,0.0,0.0,0.0,-0.0,0.0,0.37853033242258655,292.982477295082,799.2,0.0,774.0,1.0,888.0,-687312.0,180,-56.573413864634176,0.0,120,-18.88871951445243,0.0,118,-4.320556853098436,0.0,118,-14.564060968998964,0.0,118,-54.21491897449451,0.0,120,-10.027796017785654,0.0,0.0,0.0,0.0,0.0,-687312.0,-687312.0,774.0,774.0,0.0,0.0,774.0,0.0,0.0,774
0.0,0.0,-0.0,0.0,0.0,0.0,-0.0,0.0,0.37853033242258655,292.982477295082,799.2,0.0,774.0,1.0,888.0,-687312.0,180,-27.130699887533392,0.0,120,-31.164412960766036,0.0,118,-35.59769360787621,0.0,118,-55.15194300156627,0.0,118,-59.497498984608356,0.0,120,-10.08129947864358,0.0,0.0,0.0,0.0,0.0,-687312.0,-687312.0,774.0,774.0,0.0,0.0,774.0,0.0,0.0,774
0.0,0.0,-0.0,0.0,0.0,0.0,-0.0,0.0,0.37853033242258655,292.982477295082,799.2,0.0,774.0,1.0,888.0,-687312.0,180,-13.795535407119392,0.0,120,-11.378701525627001,0.0,118,-53.969397032292456,0.0,118,-54.148252887720815,0.0,118,-29.171872915053537,0.0,120,-54.776863794326076,0.0,0.0,0.0,0.0,0.0,-687312.0,-687312.0,774.0,774.0,0.0,0.0,774.0,0.0,0.0,774
0.0,0.0,-0.0,0.0,0.0,0.0,-0.0,0.0,0.37853033242258655,292.982477295082,799.2,0.0,774.0,1.0,888.0,-687312.0,180,-53.93646307871124,0.0,120,-20.123412759312117,0.0,118,-7.512938692588504,0.0,118,-53.227915515682206,0.0,118,-26.74585392021158,0.0,120,-0.32287152040069156,0.0,0.0,0.0,0.0,0.0,-687312.0,-687312.0,774.0,774.0,0.0,0.0,774.0,0.0,0.0,774
0.0,0.0,-0.0,0.0,0.0,0.0,-0.0,0.0,0.37853033242258655,292.982477295082,799.2,0.0,774.0,1.0,888.0,-687312.0,180,-6.7896302553419074,0.0,120,-4.744032403417107,0.0,118,-6.474248120241133,0.0,118,-9.25962610630135,0.0,118,-8.421821589611522,0.0,120,-2.949403870387022,0.0,0.0,0.0,0.0,0.0,-687312.0,-687312.0,774.0,774.0,0.0,0.0,774.0,0.0,0.0,774
0.0,0.0,-0.0,0.0,0.0,0.0,-0.0,0.0,0.37853033242258655,292.982477295082,799.2,0.0,774.0,1.0,888.0,-687312.0,180,-3.8951306031575594,0.0,120,-57.43823273849209,0.0,118,-54.30860295133823,0.0,118,-31.850234845846,0.0,118,-46.908965040577826,0.0,120,-43.214299466410765,0.0,0.0,0.0,0.0,0.0,-687312.0,-687312.0,774.0,774.0,0.0,0.0,774.0,0.0,0.0,774
0.0,0.0,-0.0,0.0,0.0,0.0,-0.0,0.0,0.37853033242258655,292.982477295082,799.2,0.0,774.0,1.0,888.0,-687312.0,180,-17.335108364079392,0.0,120,-22.143943523643447,0.0,118,-33.282827669795445,0.0,118,-56.96417699937301,0.0,118,-23.585103164048917,0.0,120,-18.84192187428947,0.0,0.0,0.0,0.0,0.0,-687312.0,-687312.0,774.0,774.0,0.0,0.0,774.0,0.0,0.0,774
0.0,0.0,-0.0,0.0,0.0,0.0,-0.0,0.0,0.37853033242258655,292.982477295082,799.2,0.0,774.0,1.0,888.0,-687312.0,180,-23.91751857828878,0.0,120,-23.65245790731236,0.0,118,-45.100952260333706,0.0,118,-8.812220963751864,0.0,118,-19.56474159060122,0.0,120,-57.84378832547431,0.0,0.0,0.0,0.0,0.0,-687312.0,-687312.0,774.0,774.0,0.0,0.0,774.0,0.0,0.0,774
0.0,0.0,-0.0,0.0,0.0,0.0,-0.0,0.0,0.37853033242258655,292.982477295082,799.2,0.0,774.0,1.0,888.0,-687312.0,180,-52.61337377904856,0.0,120,-48.045319888209576,0.0,118,-32.210680252603105,0.0,118,-27.64622123863504,0.0,118,-47.76876438308218,0.0,120,-51.29636752699095,0.0,0.0,0.0,0.0,0.0,-687312.0,-687312.0,774.0,774.0,0.0,0.0,774.0,0.0,0.0,774
0.0,0.0,-0.0,0.0,0.0,0.0,-0.0,0.0,0.37853033242258655,292.982477295082,799.2,0.0,774.0,1.0,888.0,-687312.0,180,-46.34222431816404,0.0,120,-54.079223763758804,0.0,118,-39.95830710451463,0.0,118,-52.5197658590031,0.0,118,-30.348167200718134,0.0,120,-41.45220267739907,0.0,0.0,0.0,0.0,0.0,-687312.0,-687312.0,774.0,774.0,0.0,0.0,774.0,0.0,0.0,774
0.0,0.0,-0.0,0.0,0.0,0.0,-0.0,0.0,0.37853033242258655,292.982477295082,799.2,0.0,774.0,1.0,888.0,-687312.0,180,-22.825462138261916,0.0,120,-25.167559332811948,0.0,118,-10.971885248562819,0.0,118,-20.695441159831052,0.0,118,-13.827656068827,0.0,120,-58.66635545105221,0.0,0.0,0.0,0.0,0.0,-687312.0,-687312.0,774.0,774.0,0.0,0.0,774.0,0.0,0.0,774
0.0,0.0,-0.0,0.0,0.0,0.0,-0.0,0.0,0.37853033242258655,292.982477295082,799.2,0.0,774.0,1.0,888.0,-687312.0,180,-31.685475035522074,0.0,120,-1.439486742140188,0.0,118,-45.07528747202184,0.0,118,-8.244006564007723,0.0,118,-4.827008657843144,0.0,120,-1.8481075758824383,0.0,0.0,0.0,0.0,0.0,-687312.0,-687312.0,774.0,774.0,0.0,0.0,774.0,0.0,0.0,774
0.0,0.0,-0.0,0.0,0.0,0.0,-0.0,0.0,0.37853033242258655,292.982477295082,799.2,0.0,774.0,1.0,888.0,-687312.0,180,-56.920878195155716,0.0,120,-25.384483327124464,0.0,118,-19.50794762064057,0.0,118,-16.288324065572894,0.0,118,-40.97176418360195,0.0,120,-43.49811025755979,0.0,0.0,0.0,0.0,0.0,-687312.0,-687312.0,774.0,774.0,0.0,0.0,774.0,0.0,0.0,774
0.0,0.0,-0.0,0.0,0.0,0.0,-0.0,0.0,0.37853033242258655,292.982477295082,799.2,0.0,774.0,1.0,888.0,-687312.0,180,-48.86868064222434,0.0,120,-24.11148594884143,0.0,118,-12.559672419773392,0.0,118,-55.03287344747606,0.0,118,-53.14213051453635,0.0,120,-12.271410786415098,0.0,0.0,0.0,0.0,0.0,-687312.0,-687312.0,774.0,774.0,0.0,0.0,774.0,0.0,0.0,774
0.0,0.0,-0.0,0.0,0.0,0.0,-0.0,0.0,0.37853033242258655,292.982477295082,799.2,0.0,774.0,1.0,888.0,-687312.0,180,-56.063917497380395,0.0,120,-31.67718695029205,0.0,118,-28.643130430265717,0.0,118,-52.10258838157599,0.0,118,-48.941135073730564,0.0,120,-23.43004384528526,0.0,0.0,0.0,0.0,0.0,-687312.0,-687312.0,774.0,774.0,0.0,0.0,774.0,0.0,0.0,774
0.0,0.0,-0.0,0.0,0.0,0.0,-0.0,0.0,0.37853033242258655,292.982477295082,799.2,0.0,774.0,1.0,888.0,-687312.0,180,-4.272016852171947,0.0,120,-17.683417848402357,0.0,118,-31.904864444110384,0.0,118,-14.665638589551914,0.0,118,-43.784281090231275,0.0,120,-12.853538714455075,0.0,0.0,0.0,0.0,0.0,-687312.0,-687312.0,774.0,774.0,0.0,0.0,774.0,0.0,0.0,774
0.0,0.0,-0.0,0.0,0.0,0.0,-0.0,0.0,0.37853033242258655,292.982477295082,799.2,0.0,774.0,1.0,888.0,-687312.0,180,-57.621358609719856,0.0,120,-5.036153209033585,0.0,118,-44.10977185526131,0.0,118,-15.724513864566505,0.0,118,-13.264222734758794,0.0,120,-12.112352628736788,0.0,0.0,0.0,0.0,0.0,-687312.0,-687312.0,774.0,774.0,0.0,0.0,774.0,0.0,0.0,774
0.0,0.0,-0.0,0.0,0.0,0.0,-0.0,0.0,0.37853033242258655,292.982477295082,799.2,0.0,774.0,1.0,888.0,-687312.0,180,-54.158094546191236,0.0,120,-52.070620749485805,0.0,118,-1.8371439487473928,0.0,118,-32.45274758828879,0.0,118,-50.62598024788735,0.0,120,-43.536613301076336,0.0,0.0,0.0,0.0,0.0,-687312.0,-687312.0,774.0,774.0,0.0,0.0,774.0,0.0,0.0,774
0.0,0.0,-0.0,0.0,0.0,0.0,-0.0,0.0,0.37853033242258655,292.982477295082,799.2,0.0,774.0,1.0,888.0,-687312.0,180,-6.5652639064057645,0.0,120,-45.78214235527563,0.0,118,-34.874215846765836,0.0,118,-22.188171496607637,0.0,118,-14.295560967508155,0.0,120,-40.093447453125236,0.0,0.0,0.0,0.0,0.0,-687312.0,-687312.0,774.0,774.0,0.0,0.0,774.0,0.0,0.0,774
0.0,0.0,-0.0,0.0,0.0,0.0,-0.0,0.0,0.37853033242258655,292.982477295082,799.2,0.0,774.0,1.0,888.0,-687312.0,180,-38.22695187833073,0.0,120,-43.530718435507566,0.0,118,-4.219335462533933,0.0,118,-54.39712572568372,0.0,118,-17.910658646844503,0.0,120,-26.885802371983278,0.0,0.0,0.0,0.0,0.0,-687312.0,-687312.0,774.0,774.0,0.0,0.0,774.0,0.0,0.0,774
0.0,0.0,-0.0,0.0,0.0,0.0,-0.0,0.0,0.37853033242258655,292.982477295082,799.2,0.0,774.0,1.0,888.0,-687312.0,180,-6.251868205948892,0.0,120,-0.8483286142214608,0.0,118,-45.233218227698416,0.0,118,-49.319900388907236,0.0,118,-37.57357332508774,0.0,120,-43.76647921684113,0.0,0.0,0.0,0.0,0.0,-687312.0,-687312.0,774.0,774.0,0.0,0.0,774.0,0.0,0.0,774
0.0,0.0,-0.0,0.0,0.0,0.0,-0.0,0.0,0.37853033242258655,292.982477295082,799.2,0.0,774.0,1.0,888.0,-687312.0,180,-16.50359178300771,0.0,120,-5.217514375934744,0.0,118,-14.703986289868077,0.0,118,-47.448856264283144,0.0,118,-49.303469594834496,0.0,120,-13.775014065926246,0.0,0.0,0.0,0.0,0.0,-687312.0,-687312.0,774.0,774.0,0.0,0.0,774.0,0.0,0.0,774
0.0,0.0,-0.0,0.0,0.0,0.0,-0.0,0.0,0.37853033242258655,292.982477295082,799.2,0.0,774.0,1.0,888.0,-687312.0,180,-44.24939304079997,0.0,120,-52.31853799429525,0.0,118,-12.245820059378588,0.0,118,-20.0489788780851,0.0,118,-35.705317039079404,0.0,120,-50.87108731987867,0.0,0.0,0.0,0.0,0.0,-687312.0,-687312.0,774.0,774.0,0.0,0.0,774.0,0.0,0.0,774
0.0,0.0,-0.0,0.0,0.0,0.0,-0.0,0.0,0.37853033242258655,292.982477295082,799.2,0.0,774.0,1.0,888.0,-687312.0,180,-5.4219890633785806,0.0,120,-15.823491050700751,0.0,118,-40.105837691265165,0.0,118,-42.24335433914603,0.0,118,-20.403700645608836,0.0,120,-18.00433683851457,0.0,0.0,0.0,0.0,0.0,-687312.0,-687312.0,774.0,774.0,0.0,0.0,774.0,0.0,0.0,774
0.0,0.0,-0.0,0.0,0.0,0.0,-0.0,0.0,0.37853033242258655,292.982477295082,799.2,0.0,774.0,1.0,888.0,-687312.0,180,-59.292439453335476,0.0,120,-59.545754901775936,0.0,118,-17.203848530645686,0.0,118,-12.714062682462412,0.0,118,-39.99710515706641,0.0,120,-30.212934383979867,0.0,0.0,0.0,0.0,0.0,-687312.0,-687312.0,774.0,774.0,0.0,0.0,774.0,0.0,0.0,774
0.0,0.0,-0.0,0.0,0.0,0.0,-0.0,0.0,0.37853033242258655,292.982477295082,799.2,0.0,774.0,1.0,888.0,-687312.0,180,-2.880458002142534,0.0,120,-20.33253132837026,0.0,118,-36.85560230685285,0.0,118,-11.536236118474534,0.0,118,-34.39841000815666,0.0,120,-8.789726301515529,0.0,0.0,0.0,0.0,0.0,-687312.0,-687312.0,774.0,774.0,0.0,0.0,774.0,0.0,0.0,774
0.0,0.0,-0.0,0.0,0.0,0.0,-0.0,0.0,0.37853033242258655,292.982477295082,799.2,0.0,774.0,1.0,888.0,-687312.0,180,-37.80153590051296,0.0,120,-53.81799221857436,0.0,118,-24.84633782646535,0.0,118,-12.662751847694034,0.0,118,-56.73262686406785,0.0,120,-44.51215499971295,0.0,0.0,0.0,0.0,0.0,-687312.0,-687312.0,774.0,774.0,0.0,0.0,774.0,0.0,0.0,774
0.0,0.0,-0.0,0.0,0.0,0.0,-0.0,0.0,0.37853033242258655,292.982477295082,799.2,0.0,774.0,1.0,888.0,-687312.0,180,-6.88593670917959,0.0,120,-7.219076879761461,0.0,118,-37.50818162800816,0.0,118,-37.41327790412593,0.0,118,-24.89073203433272,0.0,120,-47.45496796762727,0.0,0.0,0.0,0.0,0.0,-687312.0,-687312.0,774.0,774.0,0.0,0.0,774.0,0.0,0.0,774
345.7454346862564,0.0,-3457.454346862564,0.0,0.0,0.0,-0.0,0.0,0.37853033242258655,162.07097866452654,799.2,0.0,428.1584982299186,1.0,888.0,-380204.74642816774,180,-50.347981092354665,0.0,120,-57.95560078727591,0.0,118,-1.800264700569958,0.0,118,-44.49049761445686,0.0,118,-51.93250170934543,0.0,120,-21.143372239307734,0.0,0.0,0.0960670838250226,0.0960670838250226,0.0,-383662.2007750303,-383662.2007750303,774.0,774.0,345.8415017700814,0.0,428.1584982299186,0.0,0.0,774
345.7454346862564,0.0,-3457.454346862564,0.0,0.0,0.0,-0.0,0.0,0.37853033242258655,162.07097866452654,799.2,0.0,428.1584982299186,1.0,888.0,-380204.74642816774,180,-6.8493083554654195,0.0,120,-34.21307941549711,0.0,118,-9.523354584439033,0.0,118,-47.02310005997768,0.0,118,-20.258488659398324,0.0,120,-1.3717947720676538,0.0,0.0,0.0960670838250226,0.0960670838250226,0.0,-383662.2007750303,-383662.2007750303,774.0,774.0,345.8415017700814,0.0,428.1584982299186,0.0,0.0,774
345.7454346862564,0.0,-3457.454346862564,0.0,0.0,0.0,-0.0,0.0,0.37853033242258655,162.07097866452654,799.2,0.0,428.1584982299186,1.0,888.0,-380204.74642816774,180,-37.970887056869465,0.0,120,-36.70383565757734,0.0,118,-40.31644293074863,0.0,118,-57.61581005314249,0.0,118,-3.97082244581203,0.0,120,-8.928319929660294,0.0,0.0,0.0960670838250226,0.0960670838250226,0.0,-383662.2007750303,-383662.2007750303,774.0,774.0,345.8415017700814,0.0,428.1584982299186,0.0,0.0,774
345.7454346862564,0.0,-3457.454346862564,0.0,0.0,0.0,-0.0,0.0,0.37853033242258655,162.07097866452654,799.2,0.0,428.1584982299186,1.0,888.0,-380204.74642816774,180,-45.265050147106386,0.0,120,-50.6542435271878,0.0,118,-14.83167616953798,0.0,118,-54.84144131109664,0.0,118,-22.83107966964038,0.0,120,-46.67353527675092,0.0,0.0,0.0960670838250226,0.0960670838250226,0.0,-383662.2007750303,-383662.2007750303,774.0,774.0,345.8415017700814,0.0,428.1584982299186,0.0,0.0,774
345.7454346862564,0.0,-3457.454346862564,0.0,0.0,0.0,-0.0,0.0,0.37853033242258655,162.07097866452654,799.2,0.0,428.1584982299186,1.0,888.0,-380204.74642816774,180,-31.06287773684555,0.0,120,-41.11335940027298,0.0,118,-47.10126601877373,0.0,118,-39.96638734597977,0.0,118,-54.63546803924473,0.0,120,-56.67877712163222,0.0,0.0,0.0960670838250226,0.0960670838250226,0.0,-383662.2007750303,-383662.2007750303,774.0,774.0,345.8415017700814,0.0,428.1584982299186,0.0,0.0,774
345.7454346862564,0.0,-3457.454346862564,0.0,0.0,0.0,-0.0,0.0,0.37853033242258655,162.07097866452654,799.2,0.0,428.1584982299186,1.0,888.0,-380204.74642816774,180,-23.776703868298913,0.0,120,-29.52537813337329,0.0,118,-58.44075224556196,0.0,118,-13.949252035055848,0.0,118,-22.25609730727354,0.0,120,-42.980788199723385,0.0,0.0,0.0960670838250226,0.0960670838250226,0.0,-383662.2007750303,-383662.2007750303,774.0,774.0,345.8415017700814,0.0,428.1584982299186,0.0,0.0,774
1114.8073537646546,0.0,-11148.073537646545,341.11710851702037,0.0,0.0,-0.0,0.0,0.37853033242258655,0.0,799.2,0.0,0.0,1.0,888.0,-0.0,180,-51.411471912309054,0.0,120,-53.36354383079516,0.0,118,-51.74110911200013,0.0,118,-47.36528362480111,0.0,118,-9.302308930873837,0.0,120,-24.714163237810837,0.0,0.0,0.309754752365839,0.309754752365839,0.0,-11148.073537646545,-11148.073537646545,1115.1171085170204,1115.1171085170204,1115.1171085170204,0.0,0.0,341.11710851702037,0.0,774
1114.8073537646546,0.0,-11148.073537646545,341.11710851702037,307.00539766531836,0.0,-0.0,0.007442013857545351,0.37853033242258655,0.0,799.2,0.0,0.0,1.0,888.0,-0.0,180,-9.850985316146287,0.0,120,-53.158866930627326,0.0,118,-33.31789284286569,0.0,118,-30.666779742564184,0.0,118,-6.181523632289481,0.0,120,-22.20563478507617,0.0,0.0,0.309754752365839,0.309754752365839,0.0,-11148.073537646545,-11148.073537646545,1115.1171085170204,1115.1171085170204,1115.1171085170204,0.0,0.0,341.11710851702037,0.0,774
1114.8073537646546,0.0,-11148.073537646545,341.11710851702037,614.0107953306367,0.0,-0.0,0.014884027715090701,0.37853033242258655,0.0,799.2,0.0,0.0,1.0,888.0,-0.0,180,-23.121816265436934,0.0,120,-15.921583169738557,0.0,118,-4.1328017876995515,0.0,118,-56.85478230139589,0.0,118,-21.54273068593605,0.0,120,-22.230347642025496,0.0,0.0,0.309754752365839,0.309754752365839,0.0,-11148.073537646545,-11148.073537646545,1115.1171085170204,1115.1171085170204,1115.1171085170204,0.0,0.0,341.11710851702037,0.0,774
1114.8073537646546,0.0,-11148.073537646545,341.11710851702037,921.0161929959551,0.0,-0.0,0.02232604157263605,0.37853033242258655,0.0,799.2,0.0,0.0,1.0,888.0,-0.0,180,-20.946656206184407,0.0,120,-37.2889013350278,0.0,118,-17.25591147261532,0.0,118,-56.15422721277655,0.0,118,-11.001923097797802,0.0,120,-10.862895376412055,0.0,0.0,0.309754752365839,0.309754752365839,0.0,-11148.073537646545,-11148.073537646545,1115.1171085170204,1115.1171085170204,1115.1171085170204,0.0,0.0,341.11710851702037,0.0,774
1114.8073537646546,0.0,-11148.073537646545,341.11710851702037,1228.0215906612734,0.0,-0.0,0.029768055430181403,0.37853033242258655,0.0,799.2,0.0,0.0,1.0,888.0,-0.0,180,-35.36284835834906,0.0,120,-17.482709803471906,0.0,118,-15.83124975100105,0.0,118,-10.179187060583315,0.0,118,-55.03420007328072,0.0,120,-53.45778925619241,0.0,0.0,0.309754752365839,0.309754752365839,0.0,-11148.073537646545,-11148.073537646545,1115.1171085170204,1115.1171085170204,1115.1171085170204,0.0,0.0,341.11710851702037,0.0,774
1114.8073537646546,0.0,-11148.073537646545,341.11710851702037,1535.026988326592,0.0,-0.0,0.03721006928772676,0.37853033242258655,0.0,799.2,0.0,0.0,1.0,888.0,-0.0,180,-57.35681446738726,0.0,120,-39.63634323824315,0.0,118,-6.093034019418823,0.0,118,-8.017962798009375,0.0,118,-34.62489793115036,0.0,120,-58.39475856876936,0.0,0.0,0.309754752365839,0.309754752365839,0.0,-11148.073537646545,-11148.073537646545,1115.1171085170204,1115.1171085170204,1115.1171085170204,0.0,0.0,341.11710851702037,0.0,774
1788.3534004266614,0.0,-17883.534004266614,1014.8503032886861,1842.0323859919104,0.0,-0.0,0.04465208314527211,0.37853033242258655,0.0,799.2,0.0,0.0,1.0,888.0,-0.0,180,-14.9839652434374,0.0,120,-14.745008274065988,0.0,118,-24.344973096541455,0.0,118,-54.3933678640185,0.0,118,-12.146361760391837,0.0,120,-32.70356486279221,0.0,0.0,0.496902862024635,0.496902862024635,0.0,-17883.534004266614,-17883.534004266614,1788.850303288686,1788.850303288686,1788.850303288686,0.0,0.0,1014.8503032886861,0.0,774
1788.3534004266614,0.0,-17883.534004266614,1014.8503032886861,2755.397658951728,0.0,-0.0,0.0667926613567917,0.37853033242258655,0.0,799.2,0.0,0.0,1.0,888.0,-0.0,180,-19.669660080065412,0.0,120,-19.652420442153666,0.0,118,-0.7558192934594787,0.0,118,-36.94883297970404,0.0,118,-10.326294811655822,0.0,120,-3.0675740574797206,0.0,0.0,0.496902862024635,0.496902862024635,0.0,-17883.534004266614,-17883.534004266614,1788.850303288686,1788.850303288686,1788.850303288686,0.0,0.0,1014.8503032886861,0.0,774
1788.3534004266614,0.0,-17883.534004266614,1014.8503032886861,3668.7629319115454,0.0,-0.0,0.08893323956831128,0.37853033242258655,0.0,799.2,0.0,0.0,1.0,888.0,-0.0,180,-31.355547658657894,0.0,120,-34.051242748031314,0.0,118,-45.926810170931454,0.0,118,-40.763513004214964,0.0,118,-24.7609401999579,0.0,120,-4.625102331251936,0.0,0.0,0.496902862024635,0.496902862024635,0.0,-17883.534004266614,-17883.534004266614,1788.850303288686,1788.850303288686,1788.850303288686,0.0,0.0,1014.8503032886861,0.0,774
1788.3534004266614,0.0,-17883.534004266614,1014.8503032886861,4582.128204871363,0.0,-0.0,0.11107381777983087,0.37853033242258655,0.0,799.2,0.0,0.0,1.0,888.0,-0.0,180,-58.48394883719238,0.0,120,-31.52109781217153,0.0,118,-46.23949815129035,0.0,118,-43.549880869450746,0.0,118,-30.92235040803724,0.0,120,-35.768463088155364,0.0,0.0,0.496902862024635,0.496902862024635,0.0,-17883.534004266614,-17883.534004266614,1788.850303288686,1788.850303288686,1788.850303288686,0.0,0.0,1014.8503032886861,0.0,774
1788.3534004266614,0.0,-17883.534004266614,1014.8503032886861,5495.49347783118,0.0,-0.0,0.13321439599135043,0.37853033242258655,0.0,799.2,0.0,0.0,1.0,888.0,-0.0,180,-55.544618257080415,0.0,120,-50.14999824147451,0.0,118,-5.238804834513411,0.0,118,-9.381164279554932,0.0,118,-55.571091080997824,0.0,120,-5.482328221107268,0.0,0.0,0.496902862024635,0.496902862024635,0.0,-17883.534004266614,-17883.534004266614,1788.850303288686,1788.850303288686,1788.850303288686,0.0,0.0,1014.8503032886861,0.0,774
1788.3534004266614,0.0,-17883.534004266614,1014.8503032886861,6408.858750790998,0.0,-0.0,0.15535497420287003,0.37853033242258655,0.0,799.2,0.0,0.0,1.0,888.0,-0.0,180,-1.55405245822416,0.0,120,-2.5539014708667263,0.0,118,-7.199190982730204,0.0,118,-10.608189820119927,0.0,118,-18.478362358319288,0.0,120,-24.384466569614148,0.0,0.0,0.496902862024635,0.496902862024635,0.0,-17883.534004266614,-17883.534004266614,1788.850303288686,1788.850303288686,1788.850303288686,0.0,0.0,1014.8503032886861,0.0,774
2254.174852764151,0.0,-22541.74852764151,1480.8011864270475,7322.224023750816,0.0,-0.0,0.17749555241438963,0.37853033242258655,0.0,799.2,0.0,0.0,1.0,888.0,-0.0,180,-28.087318878966077,0.0,120,-47.80683698061554,0.0,118,-4.259589856997064,0.0,118,-51.744053976160075,0.0,118,-3.9716757341936693,0.0,120,-44.225420734575096,0.0,0.0,0.626333662896402,0.626333662896402,0.0,-22541.74852764151,-22541.74852764151,2254.8011864270475,2254.8011864270475,2254.8011864270475,0.0,0.0,1480.8011864270475,0.0,774
2254.174852764151,0.0,-22541.74852764151,1480.8011864270475,8654.945091535159,0.0,-0.0,0.2098015924062531,0.37853033242258655,0.0,799.2,0.0,0.0,1.0,888.0,-0.0,180,-53.59264593229132,0.0,120,-2.5728849174401147,0.0,118,-25.33324169518863,0.0,118,-23.50746529712142,0.0,118,-57.98743942946418,0.0,120,-30.11143369528236,0.0,0.0,0.626333662896402,0.626333662896402,0.0,-22541.74852764151,-22541.74852764151,2254.8011864270475,2254.8011864270475,2254.8011864270475,0.0,0.0,1480.8011864270475,0.0,774
2254.174852764151,0.0,-22541.74852764151,1480.8011864270475,9987.666159319502,0.0,-0.0,0.24210763239811656,0.37853033242258655,0.0,799.2,0.0,0.0,1.0,888.0,-0.0,180,-55.93185846564278,0.0,120,-36.73982151524264,0.0,118,-26.450187793287057,0.0,118,-22.277006527479223,0.0,118,-10.181759815258536,0.0,120,-56.08061666676984,0.0,0.0,0.626333662896402,0.626333662896402,0.0,-22541.74852764151,-22541.74852764151,2254.8011864270475,2254.8011864270475,2254.8011864270475,0.0,0.0,1480.8011864270475,0.0,774
2254.174852764151,0.0,-22541.74852764151,1480.8011864270475,11320.387227103845,0.0,-0.0,0.27441367238998,0.37853033242258655,0.0,799.2,0.0,0.0,1.0,888.0,-0.0,180,-26.828794922585107,0.0,120,-42.29836844063756,0.0,118,-5.614276004332817,0.0,118,-10.524007694703808,0.0,118,-47.461621931436014,0.0,120,-45.13508064808861,0.0,0.0,0.626333662896402,0.626333662896402,0.0,-22541.74852764151,-22541.74852764151,2254.8011864270475,2254.8011864270475,2254.8011864270475,0.0,0.0,1480.8011864270475,0.0,774
2254.174852764151,0.0,-22541.74852764151,1480.8011864270475,12653.108294888189,0.0,-0.0,0.3067197123818435,0.37853033242258655,0.0,799.2,0.0,0.0,1.0,888.0,-0.0,180,-5.142034578346719,0.0,120,-40.01950890073142,0.0,118,-58.71517469274961,0.0,118,-50.560946020845506,0.0,118,-58.02183135653632,0.0,120,-13.387207991294858,0.0,0.0,0.626333662896402,0.626333662896402,0.0,-22541.74852764151,-22541.74852764151,2254.8011864270475,2254.8011864270475,2254.8011864270475,0.0,0.0,1480.8011864270475,0.0,774
2254.174852764151,0.0,-22541.74852764151,1480.8011864270475,13985.829362672532,0.0,-0.0,0.3390257523737069,0.37853033242258655,0.0,799.2,0.0,0.0,1.0,888.0,-0.0,180,-19.585938750975995,0.0,120,-30.907381752097507,0.0,118,-14.540878679837114,0.0,118,-19.63033882493509,0.0,118,-56.600682046653446,0.0,120,-21.572701338873905,0.0,0.0,0.626333662896402,0.626333662896402,0.0,-22541.74852764151,-22541.74852764151,2254.8011864270475,2254.8011864270475,2254.8011864270475,0.0,0.0,1480.8011864270475,0.0,774
2478.700215465939,0.0,-24787.00215465939,1705.3889346144429,15318.550430456875,0.0,-0.0,0.3713317923655704,0.37853033242258655,0.0,799.2,0.0,0.0,1.0,888.0,-0.0,180,-51.72672857924953,0.0,120,-40.47129834204573,0.0,118,-48.762438036202965,0.0,118,-24.75973538771987,0.0,118,-48.58537581406514,0.0,120,-46.47848297282428,0.0,0.0,0.688719148504012,0.688719148504012,0.0,-24787.00215465939,-24787.00215465939,2479.388934614443,2479.388934614443,2479.388934614443,0.0,0.0,1705.3889346144429,0.0,774
2478.700215465939,0.0,-24787.00215465939,1705.3889346144429,16853.40047160987,0.0,-0.0,0.40853757233679666,0.37853033242258655,0.0,799.2,0.0,0.0,1.0,888.0,-0.0,180,-19.215555951712535,0.0,120,-30.23467577658443,0.0,118,-54.451402053885886,0.0,118,-54.439372886432416,0.0,118,-0.08930645119910707,0.0,120,-55.0881060776546,0.0,0.0,0.688719148504012,0.688719148504012,0.0,-24787.00215465939,-24787.00215465939,2479.388934614443,2479.388934614443,2479.388934614443,0.0,0.0,1705.3889346144429,0.0,774
2478.700215465939,0.0,-24787.00215465939,1705.3889346144429,18388.25051276287,0.0,-0.0,0.44574335230802287,0.37853033242258655,0.0,799.2,0.0,0.0,1.0,888.0,-0.0,180,-16.150447775425217,0.0,120,-34.71668059588174,0.0,118,-48.82171880223565,0.0,118,-0.9354923830894379,0.0,118,-33.26506194624537,0.0,120,-43.89736904171961,0.0,0.0,0.688719148504012,0.688719148504012,0.0,-24787.00215465939,-24787.00215465939,2479.388934614443,2479.388934614443,2479.388934614443,0.0,0.0,1705.3889346144429,0.0,774
2478.700215465939,0.0,-24787.00215465939,1705.3889346144429,19923.100553915865,0.0,-0.0,0.4829491322792491,0.37853033242258655,0.0,799.2,0.0,0.0,1.0,888.0,-0.0,180,-52.01014076683712,0.0,120,-0.5477061640568026,0.0,118,-23.594569431617984,0.0,118,-2.2111816374535076,0.0,118,-3.1096790779115002,0.0,120,-36.65919685582089,0.0,0.0,0.688719148504012,0.688719148504012,0.0,-24787.00215465939,-24787.00215465939,2479.388934614443,2479.388934614443,2479.388934614443,0.0,0.0,1705.3889346144429,0.0,774
2478.700215465939,0.0,-24787.00215465939,1705.3889346144429,21457.95059506886,0.0,-0.0,0.5201549122504754,0.37853033242258655,0.0,799.2,0.0,0.0,1.0,888.0,-0.0,180,-14.001725901721615,0.0,120,-14.937410943484135,0.0,118,-22.822505291169556,0.0,118,-54.963862871201954,0.0,118,-15.917412227936818,0.0,120,-26.797205056054125,0.0,0.0,0.688719148504012,0.688719148504012,0.0,-24787.00215465939,-24787.00215465939,2479.388934614443,2479.388934614443,2479.388934614443,0.0,0.0,1705.3889346144429,0.0,774
2478.700215465939,0.0,-24787.00215465939,1705.3889346144429,22992.80063622186,0.0,-0.0,0.5573606922217017,0.37853033242258655,0.0,799.2,0.0,0.0,1.0,888.0,-0.0,180,-42.47402539357239,0.0,120,-40.529999719456754,0.0,118,-57.41022808595867,0.0,118,-51.12897589097069,0.0,118,-38.36756610654353,0.0,120,-22.526369582247657,0.0,0.0,0.688719148504012,0.688719148504012,0.0,-24787.00215465939,-24787.00215465939,2479.388934614443,2479.388934614443,2479.388934614443,0.0,0.0,1705.3889346144429,0.0,774
2508.4880262224137,0.0,-25084.88026222414,1735.1850220618753,24527.650677374855,0.0,-0.0,0.5945664721929279,0.37853033242258655,0.0,799.2,0.0,0.0,1.0,888.0,-0.0,180,-25.029161086595604,0.0,120,-4.93987102668628,0.0,118,-43.89273111514043,0.0,118,-7.531878183662326,0.0,118,-54.942634671364566,0.0,120,-13.335046196520139,0.0,0.0,0.696995839461632,0.696995839461632,0.0,-25084.88026222414,-25084.88026222414,2509.1850220618753,2509.1850220618753,2509.1850220618753,0.0,0.0,1735.1850220618753,0.0,774
2508.4880262224137,0.0,-25084.88026222414,1735.1850220618753,26089.317197230543,0.0,-0.0,0.632422301341249,0.37853033242258655,0.0,799.2,0.0,0.0,1.0,888.0,-0.0,180,-0.3280662478077234,0.0,120,-21.285594634509465,0.0,118,-23.9770259310387,0.0,118,-54.58020334962529,0.0,118,-47.90114623985199,0.0,120,-6.293198038520369,0.0,0.0,0.696995839461632,0.696995839461632,0.0,-25084.88026222414,-25084.88026222414,2509.1850220618753,2509.1850220618753,2509.1850220618753,0.0,0.0,1735.1850220618753,0.0,774
2508.4880262224137,0.0,-25084.88026222414,1735.1850220618753,27650.98371708623,0.0,-0.0,0.67027813048957,0.37853033242258655,0.0,799.2,0.0,0.0,1.0,888.0,-0.0,180,-32.135224330221554,0.0,120,-0.17940661189555396,0.0,118,-27.349203691310777,0.0,118,-56.77096266664585,0.0,118,-44.3535414606942,0.0,120,-55.072781448334105,0.0,0.0,0.696995839461632,0.696995839461632,0.0,-25084.88026222414,-25084.88026222414,2509.1850220618753,2509.1850220618753,2509.1850220618753,0.0,0.0,1735.1850220618753,0.0,774
2508.4880262224137,0.0,-25084.88026222414,1735.1850220618753,29212.650236941918,0.0,-0.0,0.708133959637891,0.37853033242258655,0.0,799.2,0.0,0.0,1.0,888.0,-0.0,180,-40.24283288728522,0.0,120,-24.692754841540378,0.0,118,-28.09680693406477,0.0,118,-36.067285255752424,0.0,118,-33.233520491898865,0.0,120,-4.301407561105957,0.0,0.0,0.696995839461632,0.696995839461632,0.0,-25084.88026222414,-25084.88026222414,2509.1850220618753,2509.1850220618753,2509.1850220618753,0.0,0.0,1735.1850220618753,0.0,774
2508.4880262224137,0.0,-25084.88026222414,1737.1850220618753,30774.316756797605,0.0,-0.0,0.745989788786212,0.37853033242258655,0.0,799.2,0.0,0.0,1.0,888.0,-0.0,180,-58.89129332299572,0.0,118,-24.939863451669396,0.0,118,-13.792990271498361,0.0,118,-28.6840711489599,0.0,118,-52.631753397263466,0.0,120,-27.255413998362435,0.0,0.0,0.696995839461632,0.696995839461632,0.0,-25084.88026222414,-25084.88026222414,2509.1850220618753,2509.1850220618753,2509.1850220618753,0.0,0.0,1737.1850220618753,0.0,772
2508.4880262224137,0.0,-25084.88026222414,1737.1850220618753,32337.783276653292,0.0,-0.0,0.7838892511248465,0.37853033242258655,0.0,799.2,0.0,0.0,1.0,888.0,-0.0,180,-11.118109358485501,0.0,118,-36.730683596058874,0.0,118,-9.063334579466453,0.0,118,-37.44578895550665,0.0,118,-30.224225415176008,0.0,120,-42.59332911388916,0.0,0.0,0.696995839461632,0.696995839461632,0.0,-25084.88026222414,-25084.88026222414,2509.1850220618753,2509.1850220618753,2509.1850220618753,0.0,0.0,1737.1850220618753,0.0,772
2328.136294962226,0.0,-23281.362949622264,1556.7831791786648,33901.24979650898,0.0,-0.0,0.8217887134634809,0.37853033242258655,0.0,799.2,0.0,0.0,1.0,888.0,-0.0,180,-19.60621532327363,0.0,118,-48.56514137894531,0.0,118,-19.28271154588554,0.0,118,-4.3787468827864355,0.0,118,-20.54608189892044,0.0,120,-30.67968292032677,0.0,0.0,0.646884216438518,0.646884216438518,0.0,-23281.362949622264,-23281.362949622264,2328.783179178665,2328.783179178665,2328.783179178665,0.0,0.0,1556.7831791786648,0.0,772
2328.136294962226,0.0,-23281.362949622264,1556.7831791786648,35302.35465776978,0.0,-0.0,0.855752421830407,0.37853033242258655,0.0,799.2,0.0,0.0,1.0,888.0,-0.0,180,-56.239030462361775,0.0,118,-41.23814557378011,0.0,118,-10.444169078575342,0.0,118,-38.66927518204395,0.0,118,-33.4651351650789,0.0,120,-12.578233275274757,0.0,0.0,0.646884216438518,0.646884216438518,0.0,-23281.362949622264,-23281.362949622264,2328.783179178665,2328.783179178665,2328.783179178665,0.0,0.0,1556.7831791786648,0.0,772
2328.136294962226,0.0,-23281.362949622264,1556.7831791786648,36703.45951903058,0.0,-0.0,0.889716130197333,0.37853033242258655,0.0,799.2,0.0,0.0,1.0,888.0,-0.0,180,-50.28944405928857,0.0,118,-24.910966549425044,0.0,118,-3.6377691783016908,0.0,118,-8.49044701631205,0.0,118,-2.000054779763618,0.0,120,-40.034130522265166,0.0,0.0,0.646884216438518,0.646884216438518,0.0,-23281.362949622264,-23281.362949622264,2328.783179178665,2328.783179178665,2328.783179178665,0.0,0.0,1556.7831791786648,0.0,772
2328.136294962226,0.0,-23281.362949622264,1556.7831791786648,38104.56438029138,0.0,-0.0,0.923679838564259,0.37853033242258655,0.0,799.2,0.0,0.0,1.0,888.0,-0.0,180,-18.351934448408297,0.0,118,-22.789762696714007,0.0,118,-15.842186319332349,0.0,118,-13.905177383280211,0.0,118,-44.51875653289712,0.0,120,-2.8625428561223254,0.0,0.0,0.646884216438518,0.646884216438518,0.0,-23281.362949622264,-23281.362949622264,2328.783179178665,2328.783179178665,2328.783179178665,0.0,0.0,1556.7831791786648,0.0,772
2328.136294962226,0.0,-23281.362949622264,1556.7831791786648,39505.669241552176,0.0,-0.0,0.957643546931185,0.37853033242258655,0.0,799.2,0.0,0.0,1.0,888.0,-0.0,180,-44.6398917575495,0.0,118,-15.98039473857767,0.0,118,-46.7281449945105,0.0,118,-9.27348554026164,0.0,118,-14.795488944532558,0.0,120,-24.96601061966694,0.0,0.0,0.646884216438518,0.646884216438518,0.0,-23281.362949622264,-23281.362949622264,2328.783179178665,2328.783179178665,2328.783179178665,0.0,0.0,1556.7831791786648,0.0,772
2328.136294962226,0.0,-23281.362949622264,384.6954413189168,40906.774102812975,0.0,-0.0,0.991607255298111,0.37853033242258655,0.0,799.2,1172.087737859748,0.0,1.0,888.0,936732.5200975105,180,-29.54775775457653,0.0,118,-53.21969141152267,0.0,118,-20.74795856545323,0.0,118,-43.50430711225591,0.0,118,-40.642738963576626,0.0,120,-1.2699958173228088,0.0,0.0,0.646884216438518,0.646884216438518,0.0,913451.1571478883,913451.1571478883,2328.783179178665,2328.783179178665,2328.783179178665,0.0,0.0,1556.7831791786648,0.0,772
1931.1139906776593,0.0,-19311.139906776592,0.0,41253.0,0.0,-0.0,1.0,0.37853033242258655,0.0,799.2,1159.6505602777365,0.0,1.0,888.0,926792.7277739671,180,-9.819589578321882,0.0,118,-46.947050159850164,0.0,118,-30.90270029125783,0.0,118,-32.81811027728235,0.0,118,-47.132436809383606,0.0,120,-15.391610678041964,0.0,0.0,0.536569600077149,0.536569600077149,0.0,907481.5878671905,907481.5878671905,1931.6505602777365,1931.6505602777365,1931.6505602777365,0.0,0.0,1159.6505602777365,0.0,772
1931.1139906776593,0.0,-19311.139906776592,0.0,41253.0,0.0,-0.0,1.0,0.37853033242258655,0.0,799.2,1161.6505602777365,0.0,1.0,888.0,928391.1277739671,180,-43.79902748692651,0.0,118,-43.98014409318421,0.0,118,-15.54737660499778,0.0,118,-17.605062170821984,0.0,118,-9.365002118213653,0.0,118,-42.25733737214185,0.0,0.0,0.536569600077149,0.536569600077149,0.0,909079.9878671905,909079.9878671905,1931.6505602777365,1931.6505602777365,1931.6505602777365,0.0,0.0,1161.6505602777365,0.0,770
1931.1139906776593,0.0,-19311.139906776592,0.0,41253.0,0.0,-0.0,1.0,0.37853033242258655,0.0,799.2,1161.6505602777365,0.0,1.0,888.0,928391.1277739671,180,-54.296814956244205,0.0,118,-15.719003733866796,0.0,118,-53.47129439679815,0.0,118,-16.20011782121117,0.0,118,-39.00505455229124,0.0,118,-24.568925744099815,0.0,0.0,0.536569600077149,0.536569600077149,0.0,909079.9878671905,909079.9878671905,1931.6505602777365,1931.6505602777365,1931.6505602777365,0.0,0.0,1161.6505602777365,0.0,770
1931.1139906776593,0.0,-19311.139906776592,0.0,41253.0,0.0,-0.0,1.0,0.37853033242258655,0.0,799.2,1161.6505602777365,0.0,1.0,888.0,928391.1277739671,180,-16.25787657539915,0.0,118,-36.40165827588752,0.0,118,-12.757592505108864,0.0,118,-22.451509846104507,0.0,118,-26.500151603013883,0.0,118,-35.88116065056777,0.0,0.0,0.536569600077149,0.536569600077149,0.0,909079.9878671905,909079.9878671905,1931.6505602777365,1931.6505602777365,1931.6505602777365,0.0,0.0,1161.6505602777365,0.0,770
1931.1139906776593,0.0,-19311.139906776592,0.0,41253.0,0.0,-0.0,1.0,0.37853033242258655,0.0,799.2,1161.6505602777365,0.0,1.0,888.0,928391.1277739671,180,-12.205964943949379,0.0,118,-6.002136913291382,0.0,118,-33.1038718307484,0.0,118,-1.333027173727761,0.0,118,-10.278032637593348,0.0,118,-13.311297655520377,0.0,0.0,0.536569600077149,0.536569600077149,0.0,909079.9878671905,909079.9878671905,1931.6505602777365,1931.6505602777365,1931.6505602777365,0.0,0.0,1161.6505602777365,0.0,770
1931.1139906776593,0.0,-19311.139906776592,0.0,41253.0,0.0,-0.0,1.0,0.37853033242258655,0.0,799.2,1161.6505602777365,0.0,1.0,888.0,928391.1277739671,180,-49.44776413911099,0.0,118,-54.58087667195424,0.0,118,-50.117115818956634,0.0,118,-0.8490676478589876,0.0,118,-34.52135505552564,0.0,118,-32.570806468004704,0.0,0.0,0.536569600077149,0.536569600077149,0.0,909079.9878671905,909079.9878671905,1931.6505602777365,1931.6505602777365,1931.6505602777365,0.0,0.0,1161.6505602777365,0.0,770
1310.6986630079502,0.0,-13106.986630079502,0.0,41253.0,0.0,-0.0,1.0,0.37853033242258655,0.0,799.2,541.0628471321536,0.0,1.0,888.0,432417.4274280172,180,-13.860962101690102,0.0,118,-49.19833622832847,0.0,118,-59.06251928470485,0.0,118,-23.979334275734058,0.0,118,-16.590450441764794,0.0,118,-20.222378091354003,0.0,0.0,0.364184124203376,0.364184124203376,0.0,419310.4407979377,419310.4407979377,1311.0628471321536,1311.0628471321536,1311.0628471321536,0.0,0.0,541.0628471321536,0.0,770
1310.6986630079502,0.0,-13106.986630079502,0.0,41253.0,0.0,-0.0,1.0,0.37853033242258655,0.0,799.2,541.0628471321536,0.0,1.0,888.0,432417.4274280172,180,-6.401378010755526,0.0,118,-19.44218050924381,0.0,118,-59.474112197637076,0.0,118,-14.461435409473655,0.0,118,-27.325910528114214,0.0,118,-12.941432280809321,0.0,0.0,0.364184124203376,0.364184124203376,0.0,419310.4407979377,419310.4407979377,1311.0628471321536,1311.0628471321536,1311.0628471321536,0.0,0.0,541.0628471321536,0.0,770
1310.6986630079502,0.0,-13106.986630079502,0.0,41253.0,0.0,-0.0,1.0,0.37853033242258655,0.0,799.2,541.0628471321536,0.0,1.0,888.0,432417.4274280172,180,-12.011650524244441,0.0,118,-2.4218880713626545,0.0,118,-33.50611919816039,0.0,118,-39.32752543041749,0.0,118,-14.58843164958945,0.0,118,-6.4230005827509995,0.0,0.0,0.364184124203376,0.364184124203376,0.0,419310.4407979377,419310.4407979377,1311.0628471321536,1311.0628471321536,1311.0628471321536,0.0,0.0,541.0628471321536,0.0,770
1310.6986630079502,0.0,-13106.986630079502,0.0,41253.0,0.0,-0.0,1.0,0.37853033242258655,0.0,799.2,541.0628471321536,0.0,1.0,888.0,432417.4274280172,180,-43.613249463273874,0.0,118,-59.78846168122415,0.0,118,-48.02498956987128,0.0,118,-42.724183036876255,0.0,118,-41.92112506354014,0.0,118,-27.238641808237695,0.0,0.0,0.364184124203376,0.364184124203376,0.0,419310.4407979377,419310.4407979377,1311.0628471321536,1311.0628471321536,1311.0628471321536,0.0,0.0,541.0628471321536,0.0,770
1310.6986630079502,0.0,-13106.986630079502,0.0,41253.0,0.0,-0.0,1.0,0.37853033242258655,0.0,799.2,541.0628471321536,0.0,1.0,888.0,432417.4274280172,180,-30.63691992491506,0.0,118,-47.10346675195139,0.0,118,-11.443841684413252,0.0,118,-58.960363049264835,0.0,118,-57.73479081711952,0.0,118,-53.3755087930366,0.0,0.0,0.364184124203376,0.364184124203376,0.0,419310.4407979377,419310.4407979377,1311.0628471321536,1311.0628471321536,1311.0628471321536,0.0,0.0,541.0628471321536,0.0,770
1310.6986630079502,0.0,-13106.986630079502,0.0,41253.0,0.0,-0.0,1.0,0.37853033242258655,0.0,799.2,541.0628471321536,0.0,1.0,888.0,432417.4274280172,180,-27.978955941050447,0.0,118,-53.38522843877018,0.0,118,-13.560075169150883,0.0,118,-7.937893250478403,0.0,118,-0.5813314132677183,0.0,118,-41.48849463260725,0.0,0.0,0.364184124203376,0.364184124203376,0.0,419310.4407979377,419310.4407979377,1311.0628471321536,1311.0628471321536,1311.0628471321536,0.0,0.0,541.0628471321536,0.0,770
536.6035659306348,0.0,-5366.035659306348,0.0,41253.0,233.24733610717283,-0.0,1.0,0.37853033242258655,0.0,799.2,0.0,0.0,1.0,888.0,-0.0,180,-27.086732058595683,0.0,118,-45.62433470808939,0.0,118,-48.03758845698144,0.0,118,-52.7349351353887,0.0,118,-5.920047499636125,0.0,118,-38.42720703989557,0.0,0.0,0.149097962192452,0.149097962192452,0.0,-5366.035659306348,-5366.035659306348,770.0,770.0,536.7526638928272,0.0,233.24733610717283,0.0,0.0,770
536.6035659306348,0.0,-5366.035659306348,0.0,40993.836293214255,233.24733610717283,-0.0,0.9937177003663795,0.37853033242258655,0.0,799.2,0.0,0.0,1.0,888.0,-0.0,180,-0.7950844902636445,0.0,118,-53.63091544127372,0.0,118,-53.665704748140435,0.0,118,-19.900417540291294,0.0,118,-45.91144724003274,0.0,118,-29.308758909038147,0.0,0.0,0.149097962192452,0.149097962192452,0.0,-5366.035659306348,-5366.035659306348,770.0,770.0,536.7526638928272,0.0,233.24733610717283,0.0,0.0,770
536.6035659306348,0.0,-5366.035659306348,0.0,40734.67258642851,233.24733610717283,-0.0,0.987435400732759,0.37853033242258655,0.0,799.2,0.0,0.0,1.0,888.0,-0.0,180,-28.264186947973926,0.0,118,-10.30406568756276,0.0,118,-15.580699132413864,0.0,118,-4.207379818193666,0.0,118,-44.77602666317506,0.0,118,-4.936534262496166,0.0,0.0,0.149097962192452,0.149097962192452,0.0,-5366.035659306348,-5366.035659306348,770.0,770.0,536.7526638928272,0.0,233.24733610717283,0.0,0.0,770
536.6035659306348,0.0,-5366.035659306348,0.0,40475.508879642766,233.24733610717283,-0.0,0.9811531010991387,0.37853033242258655,0.0,799.2,0.0,0.0,1.0,888.0,-0.0,180,-39.555066680825576,0.0,118,-56.949440133777834,0.0,118,-21.50245965196342,0.0,118,-56.96351400025383,0.0,118,-40.2427748903971,0.0,118,-46.57580883765712,0.0,0.0,0.149097962192452,0.149097962192452,0.0,-5366.035659306348,-5366.035659306348,770.0,770.0,536.7526638928272,0.0,233.24733610717283,0.0,0.0,770
536.6035659306348,0.0,-5366.035659306348,0.0,40216.34517285702,233.24733610717283,-0.0,0.9748708014655182,0.37853033242258655,0.0,799.2,0.0,0.0,1.0,888.0,-0.0,180,-30.915361278255066,0.0,118,-22.735029168702702,0.0,118,-53.13851728819714,0.0,118,-3.954429301321889,0.0,118,-24.76021448743224,0.0,118,-6.698216817704125,0.0,0.0,0.149097962192452,0.149097962192452,0.0,-5366.035659306348,-5366.035659306348,770.0,770.0,536.7526638928272,0.0,233.24733610717283,0.0,0.0,770
536.6035659306348,0.0,-5366.035659306348,0.0,39957.18146607128,233.24733610717283,-0.0,0.9685885018318977,0.37853033242258655,0.0,799.2,0.0,0.0,1.0,888.0,-0.0,180,-53.677519759993345,0.0,118,-54.97817638020807,0.0,118,-31.073881779566467,0.0,118,-51.73360424657195,0.0,118,-36.49087004760339,0.0,118,-32.98044202824123,0.0,0.0,0.149097962192452,0.149097962192452,0.0,-5366.035659306348,-5366.035659306348,770.0,770.0,536.7526638928272,0.0,233.24733610717283,0.0,0.0,770
0.814597781826547,0.0,-8.14597781826547,0.0,39698.01775928553,769.1851758781396,-0.0,0.9623062021982772,0.37853033242258655,0.0,799.2,0.0,0.0,1.0,888.0,-0.0,180,-51.935100565957214,0.0,118,-35.03673880806686,0.0,118,-57.862593575379236,0.0,118,-28.190456537591842,0.0,118,-45.9351689726755,0.0,118,-7.919815949728957,0.0,0.0,0.0002263400338501,0.0002263400338501,0.0,-8.14597781826547,-8.14597781826547,770.0,770.0,0.8148241218603971,0.0,769.1851758781396,0.0,0.0,770
0.814597781826547,0.0,-8.14597781826547,0.0,38843.36756386538,769.1851758781396,-0.0,0.9415889162937333,0.37853033242258655,0.0,799.2,0.0,0.0,1.0,888.0,-0.0,180,-9.027029777892498,0.0,118,-29.57108329970941,0.0,118,-47.59025671236123,0.0,118,-29.2062144652764,0.0,118,-13.700432373391592,0.0,118,-26.818090715157542,0.0,0.0,0.0002263400338501,0.0002263400338501,0.0,-8.14597781826547,-8.14597781826547,770.0,770.0,0.8148241218603971,0.0,769.1851758781396,0.0,0.0,770
0.814597781826547,0.0,-8.14597781826547,0.0,37988.71736844523,769.1851758781396,-0.0,0.9208716303891894,0.37853033242258655,0.0,799.2,0.0,0.0,1.0,888.0,-0.0,180,-38.74713739419495,0.0,118,-31.20527673478265,0.0,118,-43.21725893646999,0.0,118,-19.26443051232251,0.0,118,-33.107290953826585,0.0,118,-21.217195122735305,0.0,0.0,0.0002263400338501,0.0002263400338501,0.0,-8.14597781826547,-8.14597781826547,770.0,770.0,0.8148241218603971,0.0,769.1851758781396,0.0,0.0,770
0.814597781826547,0.0,-8.14597781826547,0.0,37134.067173025076,769.1851758781396,-0.0,0.9001543444846454,0.37853033242258655,0.0,799.2,0.0,0.0,1.0,888.0,-0.0,180,-54.304558842472396,0.0,118,-58.893081417026146,0.0,118,-15.311836479063635,0.0,118,-30.03083123654779,0.0,118,-40.18117302550782,0.0,118,-17.162595892987447,0.0,0.0,0.0002263400338501,0.0002263400338501,0.0,-8.14597781826547,-8.14597781826547,770.0,770.0,0.8148241218603971,0.0,769.1851758781396,0.0,0.0,770
0.814597781826547,0.0,-8.14597781826547,0.0,36279.416977604924,769.1851758781396,-0.0,0.8794370585801015,0.37853033242258655,0.0,799.2,0.0,0.0,1.0,888.0,-0.0,180,-0.39748773806210114,0.0,118,-11.680247755690143,0.0,118,-23.805746961096,0.0,118,-10.31686287240553,0.0,118,-41.79556910144718,0.0,118,-11.782864992120992,0.0,0.0,0.0002263400338501,0.0002263400338501,0.0,-8.14597781826547,-8.14597781826547,770.0,770.0,0.8148241218603971,0.0,769.1851758781396,0.0,0.0,770
0.814597781826547,0.0,-8.14597781826547,0.0,35424.76678218477,769.1851758781396,-0.0,0.8587197726755574,0.37853033242258655,0.0,799.2,0.0,0.0,1.0,888.0,-0.0,180,-27.58229560740891,0.0,118,-3.472669573112186,0.0,118,-57.572837567698194,0.0,118,-36.701136601979165,0.0,118,-5.0263250280480225,0.0,118,-27.14381330309846,0.0,0.0,0.0002263400338501,0.0002263400338501,0.0,-8.14597781826547,-8.14597781826547,770.0,770.0,0.8148241218603971,0.0,769.1851758781396,0.0,0.0,770
0.0,0.0,-0.0,0.0,34570.11658676462,772.0,-0.0,0.8380024867710135,0.37853033242258655,0.0,799.2,0.0,0.0,1.0,888.0,-0.0,180,-24.160823717085187,0.0,120,-44.74397112496884,0.0,118,-11.187932209220836,0.0,118,-6.532198141445558,0.0,118,-58.35043837334029,0.0,118,-53.063234924712305,0.0,0.0,0.0,0.0,0.0,0.0,0.0,772.0,772.0,0.0,0.0,772.0,0.0,0.0,772
0.0,0.0,-0.0,0.0,33712.33880898684,772.0,-0.0,0.8172093862018965,0.37853033242258655,0.0,799.2,0.0,0.0,1.0,888.0,-0.0,180,-15.530700813836324,0.0,120,-45.10515099152107,0.0,118,-15.29989860239331,0.0,118,-15.336402324739833,0.0,118,-52.265836386372854,0.0,118,-31.321217629679186,0.0,0.0,0.0,0.0,0.0,0.0,0.0,772.0,772.0,0.0,0.0,772.0,0.0,0.0,772
0.0,0.0,-0.0,0.0,32854.56103120906,772.0,-0.0,0.7964162856327797,0.37853033242258655,0.0,799.2,0.0,0.0,1.0,888.0,-0.0,180,-7.8872318866547015,0.0,120,-42.32091261047687,0.0,118,-10.004590313979175,0.0,118,-19.45740497516968,0.0,118,-24.1743173416396,0.0,118,-5.312669441960727,0.0,0.0,0.0,0.0,0.0,0.0,0.0,772.0,772.0,0.0,0.0,772.0,0.0,0.0,772
0.0,0.0,-0.0,0.0,31996.78325343128,772.0,-0.0,0.7756231850636628,0.37853033242258655,0.0,799.2,0.0,0.0,1.0,888.0,-0.0,180,-47.530989220954645,0.0,120,-10.329774819567334,0.0,118,-40.7626065144302,0.0,118,-25.22364760067115,0.0,118,-46.75095064032976,0.0,118,-19.12636118209421,0.0,0.0,0.0,0.0,0.0,0.0,0.0,772.0,772.0,0.0,0.0,772.0,0.0,0.0,772
0.0,0.0,-0.0,0.0,31139.005475653503,772.0,-0.0,0.7548300844945459,0.37853033242258655,0.0,799.2,0.0,0.0,1.0,888.0,-0.0,180,-8.621655604184717,0.0,120,-40.48532274275811,0.0,118,-34.025578542809015,0.0,118,-37.853887497827635,0.0,118,-41.703674120380555,0.0,118,-50.93333314441009,0.0,0.0,0.0,0.0,0.0,0.0,0.0,772.0,772.0,0.0,0.0,772.0,0.0,0.0,772
0.0,0.0,-0.0,0.0,30281.227697875725,772.0,-0.0,0.734036983925429,0.37853033242258655,0.0,799.2,0.0,0.0,1.0,888.0,-0.0,180,-33.63126029568033,0.0,120,-43.660401339038,0.0,118,-42.493103128139374,0.0,118,-31.355712708100047,0.0,118,-10.551767341894156,0.0,118,-40.50954208973384,0.0,0.0,0.0,0.0,0.0,0.0,0.0,772.0,772.0,0.0,0.0,772.0,0.0,0.0,772
0.0,0.0,-0.0,0.0,29423.449920097948,772.0,-0.0,0.7132438833563122,0.37853033242258655,0.0,799.2,0.0,0.0,1.0,888.0,-0.0,180,-13.426589282726448,0.0,120,-49.46703256880859,0.0,118,-31.100952293602486,0.0,118,-28.51706663610781,0.0,118,-48.30856700120074,0.0,118,-3.3014566537958268,0.0,0.0,0.0,0.0,0.0,0.0,0.0,772.0,772.0,0.0,0.0,772.0,0.0,0.0,772
0.0,0.0,-0.0,0.0,28565.67214232017,772.0,-0.0,0.6924507827871954,0.37853033242258655,0.0,799.2,0.0,0.0,1.0,888.0,-0.0,180,-54.21921634531045,0.0,120,-59.97370856269426,0.0,118,-32.01074546297159,0.0,118,-43.09654562818311,0.0,118,-22.8822436567175,0.0,118,-18.23731310187072,0.0,0.0,0.0,0.0,0.0,0.0,0.0,772.0,772.0,0.0,0.0,772.0,0.0,0.0,772
0.0,0.0,-0.0,0.0,27707.894364542393,772.0,-0.0,0.6716576822180785,0.37853033242258655,0.0,799.2,0.0,0.0,1.0,888.0,-0.0,180,-53.95719755240328,0.0,120,-24.800134061408276,0.0,118,-14.43889895814719,0.0,118,-11.4373447195972,0.0,118,-59.11601133696318,0.0,118,-33.00068218013354,0.0,0.0,0.0,0.0,0.0,0.0,0.0,772.0,772.0,0.0,0.0,772.0,0.0,0.0,772
0.0,0.0,-0.0,0.0,26850.116586764616,772.0,-0.0,0.6508645816489617,0.37853033242258655,0.0,799.2,0.0,0.0,1.0,888.0,-0.0,180,-27.347820756165152,0.0,120,-40.26794251949161,0.0,118,-49.703569120780514,0.0,118,-52.991291270902686,0.0,118,-46.969578502577804,0.0,118,-0.8093523776563716,0.0,0.0,0.0,0.0,0.0,0.0,0.0,772.0,772.0,0.0,0.0,772.0,0.0,0.0,772
0.0,0.0,-0.0,0.0,25992.33880898684,772.0,-0.0,0.6300714810798448,0.37853033242258655,0.0,799.2,0.0,0.0,1.0,888.0,-0.0,180,-29.606455740976827,0.0,120,-1.7602286800266076,0.0,118,-57.53397840754152,0.0,118,-2.0897501807532337,0.0,118,-8.497331814839216,0.0,118,-30.642566646404063,0.0,0.0,0.0,0.0,0.0,0.0,0.0,772.0,772.0,0.0,0.0,772.0,0.0,0.0,772
0.0,0.0,-0.0,0.0,25134.56103120906,772.0,-0.0,0.609278380510728,0.37853033242258655,0.0,799.2,0.0,0.0,1.0,888.0,-0.0,180,-24.194688427557068,0.0,120,-58.522745868058266,0.0,118,-30.054540228216563,0.0,118,-7.866771517985218,0.0,118,-44.51536951314746,0.0,118,-26.941101912892115,0.0,0.0,0.0,0.0,0.0,0.0,0.0,772.0,772.0,0.0,0.0,772.0,0.0,0.0,772
0.0,0.0,-0.0,0.0,24276.783253431284,772.0,-0.0,0.5884852799416112,0.37853033242258655,0.0,799.2,0.0,0.0,1.0,888.0,-0.0,180,-4.3138993115298625,0.0,120,-25.154994196034092,0.0,118,-20.786548256897817,0.0,118,-39.17692379676913,0.0,118,-30.7378185816718,0.0,118,-25.153761333397046,0.0,0.0,0.0,0.0,0.0,0.0,0.0,772.0,772.0,0.0,0.0,772.0,0.0,0.0,772
0.0,0.0,-0.0,0.0,23419.005475653506,772.0,-0.0,0.5676921793724943,0.37853033242258655,0.0,799.2,0.0,0.0,1.0,888.0,-0.0,180,-13.603787659219629,0.0,120,-59.59385462940002,0.0,118,-15.285042016303072,0.0,118,-25.62348375745838,0.0,118,-38.467839340411984,0.0,118,-4.058244521972756,0.0,0.0,0.0,0.0,0.0,0.0,0.0,772.0,772.0,0.0,0.0,772.0,0.0,0.0,772
0.0,0.0,-0.0,0.0,22561.22769787573,772.0,-0.0,0.5468990788033774,0.37853033242258655,0.0,799.2,0.0,0.0,1.0,888.0,-0.0,180,-2.2273739184395325,0.0,120,-0.24666400914134412,0.0,118,-50.026643514704475,0.0,118,-3.539053652507247,0.0,118,-11.225760684892025,0.0,118,-50.5728290036603,0.0,0.0,0.0,0.0,0.0,0.0,0.0,772.0,772.0,0.0,0.0,772.0,0.0,0.0,772
0.0,0.0,-0.0,0.0,21703.44992009795,772.0,-0.0,0.5261059782342605,0.37853033242258655,0.0,799.2,0.0,0.0,1.0,888.0,-0.0,180,-52.32017736198139,0.0,120,-38.135284250490045,0.0,118,-18.857525463209306,0.0,118,-39.234810275791844,0.0,118,-36.19305990416605,0.0,118,-2.807368461834161,0.0,0.0,0.0,0.0,0.0,0.0,0.0,772.0,772.0,0.0,0.0,772.0,0.0,0.0,772
0.0,0.0,-0.0,0.0,20845.672142320174,772.0,-0.0,0.5053128776651438,0.37853033242258655,0.0,799.2,0.0,0.0,1.0,888.0,-0.0,180,-10.021086984331253,0.0,120,-15.122751606673493,0.0,118,-56.27395525811696,0.0,118,-28.586643724559693,0.0,118,-34.31292469770491,0.0,118,-6.055506950724292,0.0,0.0,0.0,0.0,0.0,0.0,0.0,772.0,772.0,0.0,0.0,772.0,0.0,0.0,772
0.0,0.0,-0.0,0.0,19987.894364542397,772.0,-0.0,0.4845197770960269,0.37853033242258655,0.0,799.2,0.0,0.0,1.0,888.0,-0.0,180,-38.658715169256965,0.0,120,-13.386952061543733,0.0,118,-11.119519028165028,0.0,118,-44.43885841885983,0.0,118,-0.9217512876434819,0.0,118,-38.04860930757287,0.0,0.0,0.0,0.0,0.0,0.0,0.0,772.0,772.0,0.0,0.0,772.0,0.0,0.0,772
0.0,0.0,-0.0,0.0,19130.11658676462,772.0,-0.0,0.46372667652691,0.37853033242258655,0.0,799.2,0.0,0.0,1.0,888.0,-0.0,180,-54.09564783307986,0.0,120,-52.22197778487668,0.0,118,-24.130325538652308,0.0,118,-46.4431164213293,0.0,118,-14.721947357783465,0.0,118,-0.15981923392677233,0.0,0.0,0.0,0.0,0.0,0.0,0.0,772.0,772.0,0.0,0.0,772.0,0.0,0.0,772
0.0,0.0,-0.0,0.0,18272.338808986842,772.0,-0.0,0.4429335759577932,0.37853033242258655,0.0,799.2,0.0,0.0,1.0,888.0,-0.0,180,-38.31357417081772,0.0,120,-2.131197609847264,0.0,118,-32.91710585004788,0.0,118,-31.78934531753307,0.0,118,-53.05796868002773,0.0,118,-53.57096958460599,0.0,0.0,0.0,0.0,0.0,0.0,0.0,772.0,772.0,0.0,0.0,772.0,0.0,0.0,772
0.0,0.0,-0.0,0.0,17414.561031209065,772.0,-0.0,0.42214047538867633,0.37853033242258655,0.0,799.2,0.0,0.0,1.0,888.0,-0.0,180,-20.085530089608028,0.0,120,-12.146468404844965,0.0,118,-19.006087157404497,0.0,118,-58.47764605398336,0.0,118,-16.860274168605773,0.0,118,-7.0276061993266286,0.0,0.0,0.0,0.0,0.0,0.0,0.0,772.0,772.0,0.0,0.0,772.0,0.0,0.0,772
0.0,0.0,-0.0,0.0,16556.783253431287,772.0,-0.0,0.4013473748195595,0.37853033242258655,0.0,799.2,0.0,0.0,1.0,888.0,-0.0,180,-6.2480073460904,0.0,120,-28.346313943754723,0.0,118,-33.21701477047303,0.0,118,-4.1768161786969475,0.0,118,-26.654439141870448,0.0,118,-46.72697630293297,0.0,0.0,0.0,0.0,0.0,0.0,0.0,772.0,772.0,0.0,0.0,772.0,0.0,0.0,772
0.0,0.0,-0.0,0.0,15699.00547565351,772.0,-0.0,0.38055427425044264,0.37853033242258655,0.0,799.2,0.0,0.0,1.0,888.0,-0.0,180,-38.59013712988498,0.0,120,-38.465478617873735,0.0,118,-29.61761114068141,0.0,118,-34.36023275377085,0.0,118,-7.3511343840704875,0.0,118,-27.82758773112736,0.0,0.0,0.0,0.0,0.0,0.0,0.0,772.0,772.0,0.0,0.0,772.0,0.0,0.0,772
0.0,0.0,-0.0,0.0,14841.227697875733,772.0,-0.0,0.35976117368132576,0.37853033242258655,0.0,799.2,0.0,0.0,1.0,888.0,-0.0,180,-14.758073069951223,0.0,120,-56.62386847062327,0.0,118,-7.564428023567123,0.0,118,-9.61461419385359,0.0,118,-33.29898844213509,0.0,118,-4.628634597763915,0.0,0.0,0.0,0.0,0.0,0.0,0.0,772.0,772.0,0.0,0.0,772.0,0.0,0.0,772
0.0,0.0,-0.0,0.0,13983.449920097955,772.0,-0.0,0.33896807311220895,0.37853033242258655,0.0,799.2,0.0,0.0,1.0,888.0,-0.0,180,-15.467360124691762,0.0,120,-38.25646279305698,0.0,118,-2.749155651373487,0.0,118,-43.66127103694147,0.0,118,-59.30767115956547,0.0,118,-34.894817771781874,0.0,0.0,0.0,0.0,0.0,0.0,0.0,772.0,772.0,0.0,0.0,772.0,0.0,0.0,772
0.0,0.0,-0.0,0.0,13125.672142320178,772.0,-0.0,0.31817497254309207,0.37853033242258655,0.0,799.2,0.0,0.0,1.0,888.0,-0.0,180,-18.85138136664351,0.0,120,-7.036212236767112,0.0,118,-58.78222008083279,0.0,118,-55.675634612890356,0.0,118,-22.062365667570244,0.0,118,-32.88456783857816,0.0,0.0,0.0,0.0,0.0,0.0,0.0,772.0,772.0,0.0,0.0,772.0,0.0,0.0,772
0.0,0.0,-0.0,0.0,12267.8943645424,772.0,-0.0,0.29738187197397525,0.37853033242258655,0.0,799.2,0.0,0.0,1.0,888.0,-0.0,180,-27.637978611503293,0.0,120,-42.15326326385915,0.0,118,-31.16174169941968,0.0,118,-7.741014553881074,0.0,118,-14.431644535757322,0.0,118,-22.85501676498275,0.0,0.0,0.0,0.0,0.0,0.0,0.0,772.0,772.0,0.0,0.0,772.0,0.0,0.0,772
0.0,0.0,-0.0,0.0,11410.116586764623,772.0,-0.0,0.2765887714048584,0.37853033242258655,0.0,799.2,0.0,0.0,1.0,888.0,-0.0,180,-44.902610865140865,0.0,120,-24.666267116135185,0.0,118,-36.068698977207575,0.0,118,-9.846985594576868,0.0,118,-25.403387402244423,0.0,118,-52.038947077639435,0.0,0.0,0.0,0.0,0.0,0.0,0.0,772.0,772.0,0.0,0.0,772.0,0.0,0.0,772
0.0,0.0,-0.0,0.0,10552.338808986846,772.0,-0.0,0.25579567083574156,0.37853033242258655,0.0,799.2,0.0,0.0,1.0,888.0,-0.0,180,-57.21133175303193,0.0,120,-41.04333935082947,0.0,118,-36.39984228624973,0.0,118,-5.574453861664217,0.0,118,-40.29859738137937,0.0,118,-33.86107691129873,0.0,0.0,0.0,0.0,0.0,0.0,0.0,772.0,772.0,0.0,0.0,772.0,0.0,0.0,772
0.0,0.0,-0.0,0.0,9694.561031209068,772.0,-0.0,0.2350025702666247,0.37853033242258655,0.0,799.2,0.0,0.0,1.0,888.0,-0.0,180,-14.270138771216704,0.0,120,-19.056818370103283,0.0,118,-9.429367585998033,0.0,118,-50.01638682002951,0.0,118,-58.825455095631824,0.0,118,-7.949954087075555,0.0,0.0,0.0,0.0,0.0,0.0,0.0,772.0,772.0,0.0,0.0,772.0,0.0,0.0,772
0.0,0.0,-0.0,0.0,8836.783253431291,772.0,-0.0,0.21420946969750784,0.37853033242258655,0.0,799.2,0.0,0.0,1.0,888.0,-0.0,180,-53.25360864804097,0.0,120,-22.79397217746084,0.0,118,-17.051075295851774,0.0,118,-34.965465817167214,0.0,118,-49.379355318838094,0.0,118,-35.8908805701497,0.0,0.0,0.0,0.0,0.0,0.0,0.0,772.0,772.0,0.0,0.0,772.0,0.0,0.0,772
0.0,0.0,-0.0,0.0,7979.005475653514,772.0,-0.0,0.193416369128391,0.37853033242258655,0.0,799.2,0.0,0.0,1.0,888.0,-0.0,180,-34.33756029238306,0.0,120,-36.11486402594261,0.0,118,-7.4025489647351606,0.0,118,-17.967514495898318,0.0,118,-1.205335356523678,0.0,118,-32.03513424817705,0.0,0.0,0.0,0.0,0.0,0.0,0.0,772.0,772.0,0.0,0.0,772.0,0.0,0.0,772
0.0,0.0,-0.0,0.0,7121.227697875736,772.0,-0.0,0.17262326855927415,0.37853033242258655,0.0,799.2,0.0,0.0,1.0,888.0,-0.0,180,-0.6197894272535387,0.0,120,-2.2014088993203207,0.0,118,-1.098572267114608,0.0,118,-44.1016364340525,0.0,118,-38.79760789508903,0.0,118,-3.1695492523138347,0.0,0.0,0.0,0.0,0.0,0.0,0.0,772.0,772.0,0.0,0.0,772.0,0.0,0.0,772
0.0,0.0,-0.0,0.0,6263.449920097959,772.0,-0.0,0.1518301679901573,0.37853033242258655,0.0,799.2,0.0,0.0,1.0,888.0,-0.0,180,-2.7886405076123344,0.0,120,-34.14043345844031,0.0,118,-40.84436063948322,0.0,118,-44.58706403747072,0.0,118,-39.3276631831479,0.0,118,-13.22578661259948,0.0,0.0,0.0,0.0,0.0,0.0,0.0,772.0,772.0,0.0,0.0,772.0,0.0,0.0,772
0.0,0.0,-0.0,0.0,5405.672142320182,772.0,-0.0,0.13103706742104046,0.37853033242258655,0.0,799.2,0.0,0.0,1.0,888.0,-0.0,180,-30.958586518113897,0.0,120,-14.905748676616419,0.0,118,-7.331585515955926,0.0,118,-33.78021564159172,0.0,118,-46.47602802772333,0.0,118,-27.848603918879242,0.0,0.0,0.0,0.0,0.0,0.0,0.0,772.0,772.0,0.0,0.0,772.0,0.0,0.0,772
0.0,0.0,-0.0,0.0,4547.894364542404,772.0,-0.0,0.1102439668519236,0.37853033242258655,0.0,799.2,0.0,0.0,1.0,888.0,-0.0,180,-2.5494972307545094,0.0,120,-17.481520008846356,0.0,118,-37.82434886224375,0.0,118,-53.709581931694714,0.0,118,-9.54561844143928,0.0,118,-3.285807522738009,0.0,0.0,0.0,0.0,0.0,0.0,0.0,772.0,772.0,0.0,0.0,772.0,0.0,0.0,772
0.0,0.0,-0.0,0.0,3690.1165867646264,772.0,-0.0,0.08945086628280674,0.37853033242258655,0.0,799.2,0.0,0.0,1.0,888.0,-0.0,180,-0.36415474458667774,0.0,120,-1.034979095115749,0.0,118,-1.632789015085907,0.0,118,-7.024879148034557,0.0,118,-25.725178372744253,0.0,118,-31.95065729687842,0.0,0.0,0.0,0.0,0.0,0.0,0.0,772.0,772.0,0.0,0.0,772.0,0.0,0.0,772
0.0,0.0,-0.0,0.0,2832.3388089868486,772.0,-0.0,0.06865776571368988,0.37853033242258655,0.0,799.2,0.0,0.0,1.0,888.0,-0.0,180,-40.97987899068082,0.0,120,-34.69616780598831,0.0,118,-59.69697120343279,0.0,118,-56.037135571462926,0.0,118,-42.20528707164976,0.0,118,-32.064971995838015,0.0,0.0,0.0,0.0,0.0,0.0,0.0,772.0,772.0,0.0,0.0,772.0,0.0,0.0,772
0.0,0.0,-0.0,0.0,1974.5610312090707,772.0,-0.0,0.04786466514457302,0.37853033242258655,0.0,799.2,0.0,0.0,1.0,888.0,-0.0,180,-51.640251028185055,0.0,120,-0.42312742110147017,0.0,118,-1.3637654435768987,0.0,118,-10.916154814632637,0.0,118,-8.732228566336788,0.0,118,-18.04114887293454,0.0,0.0,0.0,0.0,0.0,0.0,0.0,772.0,772.0,0.0,0.0,772.0,0.0,0.0,772
0.0,0.0,-0.0,0.0,1116.783253431293,772.0,-0.0,0.027071564575456158,0.37853033242258655,0.0,799.2,0.0,0.0,1.0,888.0,-0.0,180,-34.83939135436698,0.0,120,-40.74812284747358,0.0,118,-14.524203684910917,0.0,118,-54.49437382839846,0.0,118,-58.6829027705434,0.0,118,-20.412492148165093,0.0,0.0,0.0,0.0,0.0,0.0,0.0,772.0,772.0,0.0,0.0,772.0,0.0,0.0,772
0.0,0.0,-0.0,0.0,259.0054756535152,233.1049280881637,-0.0,0.006278464006339302,0.37853033242258655,204.74519137652626,799.2,0.0,540.8950719118363,1.0,888.0,-480314.8238577107,180,-33.92637471075532,0.0,120,-1.5538913584634484,0.0,118,-54.70406000190573,0.0,118,-46.3515232934,0.0,118,-44.576950025186974,0.0,120,-30.491385645776152,0.0,0.0,0.0,0.0,0.0,-480314.8238577107,-480314.8238577107,774.0,774.0,0.0,0.0,774.0,0.0,0.0,774
0.0,0.0,-0.0,0.0,0.0,0.0,-0.0,0.0,0.37853033242258655,269.51359668488163,799.2,0.0,712.0,1.0,888.0,-632256.0,118,-58.10155004554909,0.0,120,-16.23055866719758,0.0,118,-39.28662423842639,0.0,118,-19.362435611531478,0.0,118,-17.693519193738798,0.0,120,-49.676671979543364,0.0,0.0,0.0,0.0,0.0,-632256.0,-632256.0,712.0,712.0,0.0,0.0,712.0,0.0,0.0,712
0.0,0.0,-0.0,0.0,0.0,0.0,-0.0,0.0,0.37853033242258655,269.51359668488163,799.2,0.0,712.0,1.0,888.0,-632256.0,118,-51.008984980079234,0.0,120,-59.479500074073314,0.0,118,-25.30532195394097,0.0,118,-52.43864483968823,0.0,118,-44.37935500209035,0.0,120,-40.4955381783924,0.0,0.0,0.0,0.0,0.0,-632256.0,-632256.0,712.0,712.0,0.0,0.0,712.0,0.0,0.0,712
0.0,0.0,-0.0,0.0,0.0,0.0,-0.0,0.0,0.37853033242258655,269.51359668488163,799.2,0.0,712.0,1.0,888.0,-632256.0,118,-46.05479634112448,0.0,120,-10.225731297476928,0.0,118,-22.872310319231996,0.0,118,-12.149918458874975,0.0,118,-6.359239415213627,0.0,120,-35.664373371290154,0.0,0.0,0.0,0.0,0.0,-632256.0,-632256.0,712.0,712.0,0.0,0.0,712.0,0.0,0.0,712
0.0,0.0,-0.0,0.0,0.0,0.0,-0.0,0.0,0.37853033242258655,269.51359668488163,799.2,0.0,712.0,1.0,888.0,-632256.0,118,-16.276612857062844,0.0,120,-10.579373787964707,0.0,118,-15.126613890905801,0.0,118,-31.348508070897886,0.0,118,-55.14246397690878,0.0,120,-42.05487027957266,0.0,0.0,0.0,0.0,0.0,-632256.0,-632256.0,712.0,712.0,0.0,0.0,712.0,0.0,0.0,712
0.0,0.0,-0.0,0.0,0.0,0.0,-0.0,0.0,0.37853033242258655,269.51359668488163,799.2,0.0,712.0,1.0,888.0,-632256.0,118,-9.057139335587829,0.0,120,-3.7120657782000777,0.0,118,-52.79988573851709,0.0,118,-37.52543766392035,0.0,118,-48.072456504825404,0.0,120,-43.687071123810234,0.0,0.0,0.0,0.0,0.0,-632256.0,-632256.0,712.0,712.0,0.0,0.0,712.0,0.0,0.0,712
0.0,0.0,-0.0,0.0,0.0,0.0,-0.0,0.0,0.37853033242258655,269.51359668488163,799.2,0.0,712.0,1.0,888.0,-632256.0,118,-33.541147627430036,0.0,120,-33.57973499933049,0.0,118,-8.604366528743409,0.0,118,-14.532561835818914,0.0,118,-35.57175539334308,0.0,120,-43.2693966877209,0.0,0.0,0.0,0.0,0.0,-632256.0,-632256.0,712.0,712.0,0.0,0.0,712.0,0.0,0.0,712
0.0,0.0,-0.0,0.0,0.0,0.0,-0.0,0.0,0.37853033242258655,269.51359668488163,799.2,0.0,712.0,1.0,888.0,-632256.0,118,-21.16491312144779,0.0,120,-37.40917628965222,0.0,118,-24.486030633464054,0.0,118,-22.085150850464665,0.0,118,-30.63787870876969,0.0,120,-48.01213900421525,0.0,0.0,0.0,0.0,0.0,-632256.0,-632256.0,712.0,712.0,0.0,0.0,712.0,0.0,0.0,712
0.0,0.0,-0.0,0.0,0.0,0.0,-0.0,0.0,0.37853033242258655,269.51359668488163,799.2,0.0,712.0,1.0,888.0,-632256.0,118,-46.25301452098425,0.0,120,-17.49703810166157,0.0,118,-6.898615707755972,0.0,118,-48.00636938944492,0.0,118,-16.185226479137242,0.0,120,-50.600575796548995,0.0,0.0,0.0,0.0,0.0,-632256.0,-632256.0,712.0,712.0,0.0,0.0,712.0,0.0,0.0,712
0.0,0.0,-0.0,0.0,0.0,0.0,-0.0,0.0,0.37853033242258655,269.51359668488163,799.2,0.0,712.0,1.0,888.0,-632256.0,118,-5.245560489126073,0.0,120,-37.165908834284835,0.0,118,-18.415752663607464,0.0,118,-9.671488300388877,0.0,118,-56.194933244572404,0.0,120,-14.110253240126568,0.0,0.0,0.0,0.0,0.0,-632256.0,-632256.0,712.0,712.0,0.0,0.0,712.0,0.0,0.0,712
0.0,0.0,-0.0,0.0,0.0,0.0,-0.0,0.0,0.37853033242258655,269.51359668488163,799.2,0.0,712.0,1.0,888.0,-632256.0,118,-46.34996231014836,0.0,120,-17.810598167033675,0.0,118,-17.701608092299622,0.0,118,-58.67287211082698,0.0,118,-2.845185903344758,0.0,120,-14.385920788773596,0.0,0.0,0.0,0.0,0.0,-632256.0,-632256.0,712.0,712.0,0.0,0.0,712.0,0.0,0.0,712
0.0,0.0,-0.0,0.0,0.0,0.0,-0.0,0.0,0.37853033242258655,269.51359668488163,799.2,0.0,712.0,1.0,888.0,-632256.0,118,-38.250650250023284,0.0,120,-17.95957436553546,0.0,118,-56.08074888484249,0.0,118,-13.777824058304894,0.0,118,-42.98798600752784,0.0,120,-3.8028259771339434,0.0,0.0,0.0,0.0,0.0,-632256.0,-632256.0,712.0,712.0,0.0,0.0,712.0,0.0,0.0,712
0.0,0.0,-0.0,0.0,0.0,0.0,-0.0,0.0,0.37853033242258655,269.51359668488163,799.2,0.0,712.0,1.0,888.0,-632256.0,118,-35.59116494928169,0.0,120,-30.67114036140425,0.0,118,-19.44561363636797,0.0,118,-43.770232962756744,0.0,118,-13.864878743695375,0.0,120,-39.26171076920991,0.0,0.0,0.0,0.0,0.0,-632256.0,-632256.0,712.0,712.0,0.0,0.0,712.0,0.0,0.0,712
0.0,0.0,-0.0,0.0,0.0,0.0,-0.0,0.0,0.37853033242258655,269.51359668488163,799.2,0.0,712.0,1.0,888.0,-632256.0,118,-36.160538930705634,0.0,120,-36.58414284288971,0.0,118,-18.408866857271548,0.0,118,-1.3528259061393166,0.0,118,-55.2967426857109,0.0,120,-21.34908954551036,0.0,0.0,0.0,0.0,0.0,-632256.0,-632256.0,712.0,712.0,0.0,0.0,712.0,0.0,0.0,712
0.0,0.0,-0.0,0.0,0.0,0.0,-0.0,0.0,0.37853033242258655,269.51359668488163,799.2,0.0,712.0,1.0,888.0,-632256.0,118,-8.18910908825787,0.0,120,-22.35310694409802,0.0,118,-12.631231937384314,0.0,118,-39.07853975211183,0.0,118,-51.23571622811088,0.0,120,-38.915479408820076,0.0,0.0,0.0,0.0,0.0,-632256.0,-632256.0,712.0,712.0,0.0,0.0,712.0,0.0,0.0,712
0.0,0.0,-0.0,0.0,0.0,0.0,-0.0,0.0,0.37853033242258655,269.51359668488163,799.2,0.0,712.0,1.0,888.0,-632256.0,118,-57.19040037661707,0.0,120,-24.67821474278817,0.0,118,-23.550714732652693,0.0,118,-3.026146817708064,0.0,118,-32.1048955831628,0.0,120,-30.439858158622116,0.0,0.0,0.0,0.0,0.0,-632256.0,-632256.0,712.0,712.0,0.0,0.0,712.0,0.0,0.0,712
0.0,0.0,-0.0,0.0,0.0,0.0,-0.0,0.0,0.37853033242258655,269.51359668488163,799.2,0.0,712.0,1.0,888.0,-632256.0,118,-30.4296499290453,0.0,120,-39.40965330334278,0.0,118,-39.20605428052339,0.0,118,-58.74927519724574,0.0,118,-12.594799746909269,0.0,120,-0.19021232876582195,0.0,0.0,0.0,0.0,0.0,-632256.0,-632256.0,712.0,712.0,0.0,0.0,712.0,0.0,0.0,712
0.0,0.0,-0.0,0.0,0.0,0.0,-0.0,0.0,0.37853033242258655,269.51359668488163,799.2,0.0,712.0,1.0,888.0,-632256.0,118,-13.576224016626618,0.0,120,-24.940349635323958,0.0,118,-22.537453260109842,0.0,118,-24.139306430434647,0.0,118,-9.625577241280634,0.0,120,-24.4478016228303,0.0,0.0,0.0,0.0,0.0,-632256.0,-632256.0,712.0,712.0,0.0,0.0,712.0,0.0,0.0,712
0.0,0.0,-0.0,0.0,0.0,0.0,-0.0,0.0,0.37853033242258655,269.51359668488163,799.2,0.0,712.0,1.0,888.0,-632256.0,118,-39.133301270481006,0.0,120,-37.550087475699456,0.0,118,-30.496282905044538,0.0,118,-40.991736991155285,0.0,118,-53.60909275990403,0.0,120,-38.9034126703754,0.0,0.0,0.0,0.0,0.0,-632256.0,-632256.0,712.0,712.0,0.0,0.0,712.0,0.0,0.0,712
0.0,0.0,-0.0,0.0,0.0,0.0,-0.0,0.0,0.37853033242258655,269.51359668488163,799.2,0.0,712.0,1.0,888.0,-632256.0,118,-0.5403889031334974,0.0,120,-41.13548775636256,0.0,118,-35.56494211317067,0.0,118,-42.77825349666407,0.0,118,-14.527995023253144,0.0,120,-43.79327645862789,0.0,0.0,0.0,0.0,0.0,-632256.0,-632256.0,712.0,712.0,0.0,0.0,712.0,0.0,0.0,712
0.0,0.0,-0.0,0.0,0.0,0.0,-0.0,0.0,0.37853033242258655,269.51359668488163,799.2,0.0,712.0,1.0,888.0,-632256.0,118,-45.421380020121624,0.0,120,-31.77348819940169,0.0,118,-4.815769217184272,0.0,118,-18.46178781766946,0.0,118,-14.567904158210556,0.0,120,-25.40730873318958,0.0,0.0,0.0,0.0,0.0,-632256.0,-632256.0,712.0,712.0,0.0,0.0,712.0,0.0,0.0,712
0.0,0.0,-0.0,0.0,0.0,0.0,-0.0,0.0,0.37853033242258655,269.51359668488163,799.2,0.0,712.0,1.0,888.0,-632256.0,118,-40.03633033612925,0.0,120,-33.54637112530621,0.0,118,-40.77148522514609,0.0,118,-6.61426969135017,0.0,118,-10.92015521303987,0.0,120,-3.9834660251323717,0.0,0.0,0.0,0.0,0.0,-632256.0,-632256.0,712.0,712.0,0.0,0.0,712.0,0.0,0.0,712
