balancing,balancing,balancing,battery,battery,battery,battery,battery,grid,grid,grid,grid,grid,grid,grid,grid,node,node,node,node,node,node,node,node,node,node,node,node,node,node,node,node,node,node,pv_source,pv_source,pv_source,pv_source,balance,balance,balance,balance,balance,balance,balance,balance,balance,balance
0,0,0,0,0,0,0,0,0,0,0,0,0,0,0,0,0,0,0,1,1,1,2,2,2,3,3,3,4,4,4,5,5,5,0,0,0,0,0,0,0,0,0,0,0,0,0,0
loss_load,overgeneration,reward,charge_amount,current_charge,discharge_amount,reward,soc,co2_per_kwh_current,co2_production,export_price_current,grid_export,grid_import,grid_status_current,import_price_current,reward,load_met,node_current,reward,load_met,node_current,reward,load_met,node_current,reward,load_met,node_current,reward,load_met,node_current,reward,load_met,node_current,reward,curtailment,renewable_current,renewable_used,reward,reward,shaped_reward,overall_provided_to_microgrid,overall_absorbed_from_microgrid,flex_provided_to_microgrid,flex_absorbed_from_microgrid,controllable_provided_to_microgrid,controllable_absorbed_from_microgrid,fixed_provided_to_microgrid,fixed_absorbed_from_microgrid
0.0,0.0,-0.0,0.0,20626.5,720.0,-0.0,0.5,0.36094485086520944,0.0,799.2,0.0,0.0,1.0,888.0,-0.0,120,-5.669186460201514,0.0,120,-41.12572017733047,0.0,120,-38.86652387370921,0.0,120,-41.54238523243704,0.0,120,-37.966436007782676,0.0,120,-27.5980543693429,0.0,0.0,0.0,0.0,0.0,0.0,0.0,720.0,720.0,0.0,0.0,720.0,0.0,0.0,720
0.0,0.0,-0.0,0.0,19826.5,720.0,-0.0,0.4806074709718081,0.36094485086520944,0.0,799.2,0.0,0.0,1.0,888.0,-0.0,120,-28.39879771618119,0.0,120,-22.823321737393783,0.0,120,-24.120447420136074,0.0,120,-19.80987286458951,0.0,120,-40.21885061865859,0.0,120,-48.723302487246926,0.0,0.0,0.0,0.0,0.0,0.0,0.0,720.0,720.0,0.0,0.0,720.0,0.0,0.0,720
0.0,0.0,-0.0,0.0,19026.5,720.0,-0.0,0.46121494194361623,0.36094485086520944,0.0,799.2,0.0,0.0,1.0,888.0,-0.0,120,-44.99843252642673,0.0,120,-36.10617758028066,0.0,120,-57.85485962342305,0.0,120,-31.914277058383206,0.0,120,-28.406023439224477,0.0,120,-33.40631076828918,0.0,0.0,0.0,0.0,0.0,0.0,0.0,720.0,720.0,0.0,0.0,720.0,0.0,0.0,720
0.0,0.0,-0.0,0.0,18226.5,720.0,-0.0,0.44182241291542435,0.36094485086520944,0.0,799.2,0.0,0.0,1.0,888.0,-0.0,120,-17.768189726856146,0.0,120,-39.836661498509166,0.0,120,-26.149970190119845,0.0,120,-42.16970855046404,0.0,120,-6.633270060852324,0.0,120,-54.494478352508494,0.0,0.0,0.0,0.0,0.0,0.0,0.0,720.0,720.0,0.0,0.0,720.0,0.0,0.0,720
0.0,0.0,-0.0,0.0,17426.5,720.0,-0.0,0.42242988388723246,0.36094485086520944,0.0,799.2,0.0,0.0,1.0,888.0,-0.0,120,-2.4654212914972296,0.0,120,-13.502266762836605,0.0,120,-40.71953887308361,0.0,120,-51.96262972485568,0.0,120,-8.085406002798244,0.0,120,-45.78731785049304,0.0,0.0,0.0,0.0,0.0,0.0,0.0,720.0,720.0,0.0,0.0,720.0,0.0,0.0,720
0.0,0.0,-0.0,0.0,16626.5,720.0,-0.0,0.4030373548590406,0.36094485086520944,0.0,799.2,0.0,0.0,1.0,888.0,-0.0,120,-55.72245809394619,0.0,120,-38.834577927390264,0.0,120,-44.10214270844167,0.0,120,-33.9182220448353,0.0,120,-8.769059958507766,0.0,120,-17.711964885833925,0.0,0.0,0.0,0.0,0.0,0.0,0.0,720.0,720.0,0.0,0.0,720.0,0.0,0.0,720
0.0,0.0,-0.0,0.0,15826.5,720.0,-0.0,0.3836448258308487,0.36094485086520944,0.0,799.2,0.0,0.0,1.0,888.0,-0.0,120,-32.01119206665027,0.0,120,-39.846478779075085,0.0,120,-24.75967278849608,0.0,120,-23.001682063154455,0.0,120,-32.16380358316265,0.0,120,-44.55800974975682,0.0,0.0,0.0,0.0,0.0,0.0,0.0,720.0,720.0,0.0,0.0,720.0,0.0,0.0,720
0.0,0.0,-0.0,0.0,15026.5,720.0,-0.0,0.36425229680265675,0.36094485086520944,0.0,799.2,0.0,0.0,1.0,888.0,-0.0,120,-12.044778862499042,0.0,120,-16.97475691938761,0.0,120,-20.74118024158136,0.0,120,-38.10938485793618,0.0,120,-59.35815187098169,0.0,120,-8.797217280489232,0.0,0.0,0.0,0.0,0.0,0.0,0.0,720.0,720.0,0.0,0.0,720.0,0.0,0.0,720
0.0,0.0,-0.0,0.0,14226.5,720.0,-0.0,0.34485976777446486,0.36094485086520944,0.0,799.2,0.0,0.0,1.0,888.0,-0.0,120,-31.714646079722513,0.0,120,-54.26280077492407,0.0,120,-19.631913672253084,0.0,120,-2.3992666816271435,0.0,120,-18.014021835537108,0.0,120,-13.66702912715173,0.0,0.0,0.0,0.0,0.0,0.0,0.0,720.0,720.0,0.0,0.0,720.0,0.0,0.0,720
0.0,0.0,-0.0,0.0,13426.5,720.0,-0.0,0.325467238746273,0.36094485086520944,0.0,799.2,0.0,0.0,1.0,888.0,-0.0,120,-25.490854954819184,0.0,120,-44.021889679147115,0.0,120,-20.9984230285218,0.0,120,-57.92295604018654,0.0,120,-44.99795773275495,0.0,120,-32.777304206457956,0.0,0.0,0.0,0.0,0.0,0.0,0.0,720.0,720.0,0.0,0.0,720.0,0.0,0.0,720
0.0,0.0,-0.0,0.0,12626.5,720.0,-0.0,0.3060747097180811,0.36094485086520944,0.0,799.2,0.0,0.0,1.0,888.0,-0.0,120,-48.34709856448284,0.0,120,-7.258881522280065,0.0,120,-25.23264198320505,0.0,120,-31.354598998341984,0.0,120,-57.87887917549654,0.0,120,-35.09501670042948,0.0,0.0,0.0,0.0,0.0,0.0,0.0,720.0,720.0,0.0,0.0,720.0,0.0,0.0,720
0.0,0.0,-0.0,0.0,11826.5,720.0,-0.0,0.2866821806898892,0.36094485086520944,0.0,799.2,0.0,0.0,1.0,888.0,-0.0,120,-36.67170091338092,0.0,120,-31.733648063666507,0.0,120,-6.57772216579861,0.0,120,-58.54237458195738,0.0,120,-8.140461032390473,0.0,120,-10.273480649977866,0.0,0.0,0.0,0.0,0.0,0.0,0.0,720.0,720.0,0.0,0.0,720.0,0.0,0.0,720
0.0,0.0,-0.0,0.0,11026.5,720.0,-0.0,0.2672896516616973,0.36094485086520944,0.0,799.2,0.0,0.0,1.0,888.0,-0.0,120,-45.19671933893865,0.0,120,-34.388868695487425,0.0,120,-40.71195729207137,0.0,120,-13.963373545155068,0.0,120,-11.843141230639597,0.0,120,-7.075628028648772,0.0,0.0,0.0,0.0,0.0,0.0,0.0,720.0,720.0,0.0,0.0,720.0,0.0,0.0,720
0.0,0.0,-0.0,0.0,10226.5,720.0,-0.0,0.24789712263350544,0.36094485086520944,0.0,799.2,0.0,0.0,1.0,888.0,-0.0,120,-38.34491567013619,0.0,120,-8.179962044447745,0.0,120,-15.051455347709698,0.0,120,-27.045000001626576,0.0,120,-5.6404743850043975,0.0,120,-0.07064657119719486,0.0,0.0,0.0,0.0,0.0,0.0,0.0,720.0,720.0,0.0,0.0,720.0,0.0,0.0,720
0.0,0.0,-0.0,0.0,9426.5,720.0,-0.0,0.22850459360531356,0.36094485086520944,0.0,799.2,0.0,0.0,1.0,888.0,-0.0,120,-3.5088290650350173,0.0,120,-9.37530653848774,0.0,120,-48.863870958345956,0.0,120,-56.06659644798598,0.0,120,-40.64052586973884,0.0,120,-19.141067910247354,0.0,0.0,0.0,0.0,0.0,0.0,0.0,720.0,720.0,0.0,0.0,720.0,0.0,0.0,720
0.0,0.0,-0.0,0.0,8626.5,720.0,-0.0,0.20911206457712167,0.36094485086520944,0.0,799.2,0.0,0.0,1.0,888.0,-0.0,120,-40.92947478581218,0.0,120,-44.67258864334397,0.0,120,-30.79702203290388,0.0,120,-22.289453309997448,0.0,120,-25.203914659722322,0.0,120,-59.79936318378682,0.0,0.0,0.0,0.0,0.0,0.0,0.0,720.0,720.0,0.0,0.0,720.0,0.0,0.0,720
0.0,0.0,-0.0,0.0,7826.5,720.0,-0.0,0.18971953554892979,0.36094485086520944,0.0,799.2,0.0,0.0,1.0,888.0,-0.0,120,-0.8228658138145262,0.0,120,-37.615364779138034,0.0,120,-5.580982797321576,0.0,120,-15.583529207628589,0.0,120,-24.0443566035577,0.0,120,-23.383052560786094,0.0,0.0,0.0,0.0,0.0,0.0,0.0,720.0,720.0,0.0,0.0,720.0,0.0,0.0,720
0.0,0.0,-0.0,0.0,7026.5,720.0,-0.0,0.17032700652073787,0.36094485086520944,0.0,799.2,0.0,0.0,1.0,888.0,-0.0,120,-17.56998876926763,0.0,120,-40.40004925660417,0.0,120,-3.36118741649011,0.0,120,-10.525453515384706,0.0,120,-14.983176840682406,0.0,120,-42.930486417350465,0.0,0.0,0.0,0.0,0.0,0.0,0.0,720.0,720.0,0.0,0.0,720.0,0.0,0.0,720
0.0,0.0,-0.0,0.0,6226.5,720.0,-0.0,0.150934477492546,0.36094485086520944,0.0,799.2,0.0,0.0,1.0,888.0,-0.0,120,-41.74815535324659,0.0,120,-20.80456376941055,0.0,120,-53.32580901838496,0.0,120,-27.852598164112486,0.0,120,-18.98458649603436,0.0,120,-45.06839907573655,0.0,0.0,0.0,0.0,0.0,0.0,0.0,720.0,720.0,0.0,0.0,720.0,0.0,0.0,720
0.0,0.0,-0.0,0.0,5426.5,720.0,-0.0,0.1315419484643541,0.36094485086520944,0.0,799.2,0.0,0.0,1.0,888.0,-0.0,120,-43.19304910410346,0.0,120,-26.563030618796816,0.0,120,-27.765884468298108,0.0,120,-24.566091024842482,0.0,120,-32.57091163975718,0.0,120,-11.16736736596274,0.0,0.0,0.0,0.0,0.0,0.0,0.0,720.0,720.0,0.0,0.0,720.0,0.0,0.0,720
0.0,0.0,-0.0,0.0,4626.5,720.0,-0.0,0.11214941943616222,0.36094485086520944,0.0,799.2,0.0,0.0,1.0,888.0,-0.0,120,-37.1608087740262,0.0,120,-7.746528716157195,0.0,120,-30.634330341545187,0.0,120,-32.86052655201461,0.0,120,-50.28433878720621,0.0,120,-56.62617760908218,0.0,0.0,0.0,0.0,0.0,0.0,0.0,720.0,720.0,0.0,0.0,720.0,0.0,0.0,720
0.0,0.0,-0.0,0.0,3826.5,720.0,-0.0,0.09275689040797033,0.36094485086520944,0.0,799.2,0.0,0.0,1.0,888.0,-0.0,120,-33.79550153310035,0.0,120,-7.340834423688403,0.0,120,-30.609430116346125,0.0,120,-30.06627402497234,0.0,120,-2.1064884520938665,0.0,120,-26.42631549714834,0.0,0.0,0.0,0.0,0.0,0.0,0.0,720.0,720.0,0.0,0.0,720.0,0.0,0.0,720
0.0,0.0,-0.0,0.0,3026.5,720.0,-0.0,0.07336436137977843,0.36094485086520944,0.0,799.2,0.0,0.0,1.0,888.0,-0.0,120,-0.44731944582734773,0.0,120,-35.50084685644308,0.0,120,-13.76757583113822,0.0,120,-35.78078665930432,0.0,120,-19.200006443813905,0.0,120,-4.160534660852619,0.0,0.0,0.0,0.0,0.0,0.0,0.0,720.0,720.0,0.0,0.0,720.0,0.0,0.0,720
0.0,0.0,-0.0,0.0,2226.5,720.0,-0.0,0.05397183235158655,0.36094485086520944,0.0,799.2,0.0,0.0,1.0,888.0,-0.0,120,-3.554420582608382,0.0,120,-12.167950436240801,0.0,120,-52.17987743025169,0.0,120,-20.85194230054386,0.0,120,-46.93941755205796,0.0,120,-55.6074718777772,0.0,0.0,0.0,0.0,0.0,0.0,0.0,720.0,720.0,0.0,0.0,720.0,0.0,0.0,720
0.0,0.0,-0.0,0.0,1426.5,720.0,-0.0,0.034579303323394664,0.36094485086520944,0.0,799.2,0.0,0.0,1.0,888.0,-0.0,120,-53.65619921880878,0.0,120,-26.828606736370556,0.0,120,-34.11736637019272,0.0,120,-2.400142796027205,0.0,120,-52.381637357081566,0.0,120,-38.40094782881583,0.0,0.0,0.0,0.0,0.0,0.0,0.0,720.0,720.0,0.0,0.0,720.0,0.0,0.0,720
0.0,0.0,-0.0,0.0,626.5,563.85,-0.0,0.015186774295202774,0.36094485086520944,56.36153846260245,799.2,0.0,156.14999999999998,1.0,888.0,-138661.19999999998,120,-43.617871558422635,0.0,120,-32.93642003603239,0.0,120,-44.765789930953304,0.0,120,-58.04324872350866,0.0,120,-22.000695391759105,0.0,120,-50.240097428487935,0.0,0.0,0.0,0.0,0.0,-138661.19999999998,-138661.19999999998,720.0,720.0,0.0,0.0,720.0,0.0,0.0,720
0.0,0.0,-0.0,0.0,0.0,0.0,-0.0,0.0,0.36094485086520944,259.8802926229508,799.2,0.0,720.0,1.0,888.0,-639360.0,120,-37.14042801904247,0.0,120,-26.082736517657242,0.0,120,-18.09068492124805,0.0,120,-30.498003105534814,0.0,120,-56.658315295961394,0.0,120,-34.45074209537503,0.0,0.0,0.0,0.0,0.0,-639360.0,-639360.0,720.0,720.0,0.0,0.0,720.0,0.0,0.0,720
0.0,0.0,-0.0,0.0,0.0,0.0,-0.0,0.0,0.36094485086520944,259.8802926229508,799.2,0.0,720.0,1.0,888.0,-639360.0,120,-14.851433910711025,0.0,120,-30.411970062788413,0.0,120,-40.01809460348868,0.0,120,-55.04898450318544,0.0,120,-54.625723308272235,0.0,120,-6.065643949440935,0.0,0.0,0.0,0.0,0.0,-639360.0,-639360.0,720.0,720.0,0.0,0.0,720.0,0.0,0.0,720
0.0,0.0,-0.0,0.0,0.0,0.0,-0.0,0.0,0.36094485086520944,259.8802926229508,799.2,0.0,720.0,1.0,888.0,-639360.0,120,-14.360375438539435,0.0,120,-24.76500373748941,0.0,120,-9.687522575378402,0.0,120,-57.25897917678499,0.0,120,-39.80826972346676,0.0,120,-22.794790285024835,0.0,0.0,0.0,0.0,0.0,-639360.0,-639360.0,720.0,720.0,0.0,0.0,720.0,0.0,0.0,720
0.0,0.0,-0.0,0.0,0.0,0.0,-0.0,0.0,0.36094485086520944,259.8802926229508,799.2,0.0,720.0,1.0,888.0,-639360.0,120,-51.42411028797668,0.0,120,-49.90037820082075,0.0,120,-48.023121869265424,0.0,120,-46.75364555888207,0.0,120,-14.963228079005319,0.0,120,-23.315238205213557,0.0,0.0,0.0,0.0,0.0,-639360.0,-639360.0,720.0,720.0,0.0,0.0,720.0,0.0,0.0,720
77.09452162009538,0.0,-770.9452162009538,0.0,0.0,0.0,-0.0,0.0,0.36094485086520944,232.04569018024895,799.2,0.0,642.8840572847059,1.0,888.0,-570881.0428688189,120,-45.52572873919326,0.0,120,-18.459439503428097,0.0,120,-16.757801491185766,0.0,120,-41.76964707217812,0.0,120,-19.57782184608562,0.0,120,-3.671066988628313,0.0,0.0,0.0214210951986928,0.0214210951986928,0.0,-571651.9880850198,-571651.9880850198,720.0,720.0,77.11594271529407,0.0,642.8840572847059,0.0,0.0,720
77.09452162009538,0.0,-770.9452162009538,0.0,0.0,0.0,-0.0,0.0,0.36094485086520944,232.04569018024895,799.2,0.0,642.8840572847059,1.0,888.0,-570881.0428688189,120,-55.84754377895759,0.0,120,-51.39098479018847,0.0,120,-23.05452784592351,0.0,120,-17.167133102578845,0.0,120,-1.4022670137846216,0.0,120,-36.48965256565255,0.0,0.0,0.0214210951986928,0.0214210951986928,0.0,-571651.9880850198,-571651.9880850198,720.0,720.0,77.11594271529407,0.0,642.8840572847059,0.0,0.0,720
77.09452162009538,0.0,-770.9452162009538,0.0,0.0,0.0,-0.0,0.0,0.36094485086520944,232.04569018024895,799.2,0.0,642.8840572847059,1.0,888.0,-570881.0428688189,120,-12.127685064767185,0.0,120,-45.15294642210217,0.0,120,-34.82978834546994,0.0,120,-26.268131411066967,0.0,120,-23.69856581999689,0.0,120,-47.74267354627854,0.0,0.0,0.0214210951986928,0.0214210951986928,0.0,-571651.9880850198,-571651.9880850198,720.0,720.0,77.11594271529407,0.0,642.8840572847059,0.0,0.0,720
77.09452162009538,0.0,-770.9452162009538,0.0,0.0,0.0,-0.0,0.0,0.36094485086520944,232.04569018024895,799.2,0.0,642.8840572847059,1.0,888.0,-570881.0428688189,120,-37.94746470742237,0.0,120,-18.79064390590877,0.0,120,-41.97811462784015,0.0,120,-1.769389188599646,0.0,120,-20.71077582418478,0.0,120,-37.404888732528846,0.0,0.0,0.0214210951986928,0.0214210951986928,0.0,-571651.9880850198,-571651.9880850198,720.0,720.0,77.11594271529407,0.0,642.8840572847059,0.0,0.0,720
77.09452162009538,0.0,-770.9452162009538,0.0,0.0,0.0,-0.0,0.0,0.36094485086520944,232.04569018024895,799.2,0.0,642.8840572847059,1.0,888.0,-570881.0428688189,120,-50.460345598789985,0.0,120,-44.63947540127185,0.0,120,-43.28058408285547,0.0,120,-46.32906964743919,0.0,120,-59.6886331764235,0.0,120,-16.70428821416705,0.0,0.0,0.0214210951986928,0.0214210951986928,0.0,-571651.9880850198,-571651.9880850198,720.0,720.0,77.11594271529407,0.0,642.8840572847059,0.0,0.0,720
77.09452162009538,0.0,-770.9452162009538,0.0,0.0,0.0,-0.0,0.0,0.36094485086520944,232.04569018024895,799.2,0.0,642.8840572847059,1.0,888.0,-570881.0428688189,120,-10.678293868488753,0.0,120,-26.446611519280253,0.0,120,-48.1097439719985,0.0,120,-10.103764225012872,0.0,120,-47.91386764849257,0.0,120,-45.5811157205014,0.0,0.0,0.0214210951986928,0.0214210951986928,0.0,-571651.9880850198,-571651.9880850198,720.0,720.0,77.11594271529407,0.0,642.8840572847059,0.0,0.0,720
252.34692652586827,0.0,-2523.4692652586828,0.0,0.0,0.0,-0.0,0.0,0.36094485086520944,168.7716609085233,799.2,0.0,467.58295762902867,1.0,888.0,-415213.66637457744,120,-53.01960062046711,0.0,120,-3.162969971192544,0.0,120,-45.859738619117685,0.0,120,-35.29330893598717,0.0,120,-56.74483818218323,0.0,120,-36.50606192354511,0.0,0.0,0.0701158451030476,0.0701158451030476,0.0,-417737.13563983614,-417737.13563983614,720.0,720.0,252.41704237097133,0.0,467.58295762902867,0.0,0.0,720
252.34692652586827,0.0,-2523.4692652586828,0.0,0.0,0.0,-0.0,0.0,0.36094485086520944,168.7716609085233,799.2,0.0,467.58295762902867,1.0,888.0,-415213.66637457744,120,-57.957810398491375,0.0,120,-1.611182725323741,0.0,120,-19.009439307683042,0.0,120,-43.666298912290294,0.0,120,-54.80097521653626,0.0,120,-49.552756224392354,0.0,0.0,0.0701158451030476,0.0701158451030476,0.0,-417737.13563983614,-417737.13563983614,720.0,720.0,252.41704237097133,0.0,467.58295762902867,0.0,0.0,720
252.34692652586827,0.0,-2523.4692652586828,0.0,0.0,0.0,-0.0,0.0,0.36094485086520944,168.7716609085233,799.2,0.0,467.58295762902867,1.0,888.0,-415213.66637457744,120,-33.801286047796275,0.0,120,-17.963952768781503,0.0,120,-39.475392087673654,0.0,120,-44.16233124394607,0.0,120,-19.194420735494695,0.0,120,-30.1146737377303,0.0,0.0,0.0701158451030476,0.0701158451030476,0.0,-417737.13563983614,-417737.13563983614,720.0,720.0,252.41704237097133,0.0,467.58295762902867,0.0,0.0,720
252.34692652586827,0.0,-2523.4692652586828,0.0,0.0,0.0,-0.0,0.0,0.36094485086520944,168.7716609085233,799.2,0.0,467.58295762902867,1.0,888.0,-415213.66637457744,120,-59.315869321811775,0.0,120,-35.403601022318036,0.0,120,-5.453602346131026,0.0,120,-16.35534266805147,0.0,120,-58.51895597791531,0.0,120,-11.094801883266992,0.0,0.0,0.0701158451030476,0.0701158451030476,0.0,-417737.13563983614,-417737.13563983614,720.0,720.0,252.41704237097133,0.0,467.58295762902867,0.0,0.0,720
252.34692652586827,0.0,-2523.4692652586828,0.0,0.0,0.0,-0.0,0.0,0.36094485086520944,168.7716609085233,799.2,0.0,467.58295762902867,1.0,888.0,-415213.66637457744,120,-15.415634671334288,0.0,120,-35.126356186683275,0.0,120,-12.717772649675005,0.0,120,-35.595486232521715,0.0,120,-47.9681972149083,0.0,120,-56.8088090657837,0.0,0.0,0.0701158451030476,0.0701158451030476,0.0,-417737.13563983614,-417737.13563983614,720.0,720.0,252.41704237097133,0.0,467.58295762902867,0.0,0.0,720
252.34692652586827,0.0,-2523.4692652586828,0.0,0.0,0.0,-0.0,0.0,0.36094485086520944,168.7716609085233,799.2,0.0,467.58295762902867,1.0,888.0,-415213.66637457744,120,-40.810713995171774,0.0,120,-42.31910524624708,0.0,120,-13.22563315344796,0.0,120,-24.603007560695783,0.0,120,-54.07548539763266,0.0,120,-32.99687369670819,0.0,0.0,0.0701158451030476,0.0701158451030476,0.0,-417737.13563983614,-417737.13563983614,720.0,720.0,252.41704237097133,0.0,467.58295762902867,0.0,0.0,720
388.53506636640805,0.0,-3885.3506636640805,0.0,0.0,0.0,-0.0,0.0,0.36094485086520944,162.91497683627895,799.2,0.0,451.3569772383804,1.0,888.0,-400804.9957876818,180,-7.416481127906911,0.0,120,-52.26122810160385,0.0,120,-39.77465525706567,0.0,120,-22.516282878346992,0.0,180,-42.53146594330123,0.0,120,-16.267956347425958,0.0,0.0,0.107956395211561,0.107956395211561,0.0,-404690.34645134583,-404690.34645134583,840.0,840.0,388.6430227616196,0.0,451.3569772383804,0.0,0.0,840
388.53506636640805,0.0,-3885.3506636640805,0.0,0.0,0.0,-0.0,0.0,0.36094485086520944,162.91497683627895,799.2,0.0,451.3569772383804,1.0,888.0,-400804.9957876818,180,-56.652058397257974,0.0,120,-47.621225513590005,0.0,120,-4.097172627797219,0.0,120,-10.445074631939217,0.0,180,-31.370714969735324,0.0,120,-6.400519343604277,0.0,0.0,0.107956395211561,0.107956395211561,0.0,-404690.34645134583,-404690.34645134583,840.0,840.0,388.6430227616196,0.0,451.3569772383804,0.0,0.0,840
388.53506636640805,0.0,-3885.3506636640805,0.0,0.0,0.0,-0.0,0.0,0.36094485086520944,162.91497683627895,799.2,0.0,451.3569772383804,1.0,888.0,-400804.9957876818,180,-4.609715462169175,0.0,120,-4.9268960168762455,0.0,120,-39.54134294390362,0.0,120,-13.131705465181698,0.0,180,-54.04199207618082,0.0,120,-0.6135460129812542,0.0,0.0,0.107956395211561,0.107956395211561,0.0,-404690.34645134583,-404690.34645134583,840.0,840.0,388.6430227616196,0.0,451.3569772383804,0.0,0.0,840
388.53506636640805,0.0,-3885.3506636640805,0.0,0.0,0.0,-0.0,0.0,0.36094485086520944,162.91497683627895,799.2,0.0,451.3569772383804,1.0,888.0,-400804.9957876818,180,-8.98508510821366,0.0,120,-31.75202043876095,0.0,120,-29.296520304414976,0.0,120,-27.364538102146465,0.0,180,-1.0767622556898093,0.0,120,-36.336088946933806,0.0,0.0,0.107956395211561,0.107956395211561,0.0,-404690.34645134583,-404690.34645134583,840.0,840.0,388.6430227616196,0.0,451.3569772383804,0.0,0.0,840
388.53506636640805,0.0,-3885.3506636640805,0.0,0.0,0.0,-0.0,0.0,0.36094485086520944,162.91497683627895,799.2,0.0,451.3569772383804,1.0,888.0,-400804.9957876818,180,-30.242703481244703,0.0,120,-4.392301435998038,0.0,120,-47.81035784852742,0.0,120,-32.420354581012504,0.0,180,-10.15501060571939,0.0,120,-12.084768111395297,0.0,0.0,0.107956395211561,0.107956395211561,0.0,-404690.34645134583,-404690.34645134583,840.0,840.0,388.6430227616196,0.0,451.3569772383804,0.0,0.0,840
388.53506636640805,0.0,-3885.3506636640805,0.0,0.0,0.0,-0.0,0.0,0.36094485086520944,162.91497683627895,799.2,0.0,451.3569772383804,1.0,888.0,-400804.9957876818,180,-47.75555269975167,0.0,120,-29.37094622580044,0.0,120,-19.017327938206893,0.0,120,-25.642869155262417,0.0,180,-32.27345169053915,0.0,120,-44.969622270387944,0.0,0.0,0.107956395211561,0.107956395211561,0.0,-404690.34645134583,-404690.34645134583,840.0,840.0,388.6430227616196,0.0,451.3569772383804,0.0,0.0,840
437.96439080275263,0.0,-4379.643908027527,0.0,0.0,0.0,-0.0,0.0,0.36094485086520944,145.06875941661792,799.2,0.0,401.913918619086,1.0,888.0,-356899.5597337484,180,-29.270825199788387,0.0,120,-46.33862907409623,0.0,120,-19.977239760756547,0.0,120,-40.67179790256407,0.0,180,-52.356401178127655,0.0,120,-23.12776280572772,0.0,0.0,0.121690578161365,0.121690578161365,0.0,-361279.2036417759,-361279.2036417759,840.0,840.0,438.086081380914,0.0,401.913918619086,0.0,0.0,840
437.96439080275263,0.0,-4379.643908027527,0.0,0.0,0.0,-0.0,0.0,0.36094485086520944,145.06875941661792,799.2,0.0,401.913918619086,1.0,888.0,-356899.5597337484,180,-33.599524813831806,0.0,120,-48.36748923779598,0.0,120,-57.64746835989784,0.0,120,-10.126424064845722,0.0,180,-33.393273511225686,0.0,120,-7.659116251153666,0.0,0.0,0.121690578161365,0.121690578161365,0.0,-361279.2036417759,-361279.2036417759,840.0,840.0,438.086081380914,0.0,401.913918619086,0.0,0.0,840
437.96439080275263,0.0,-4379.643908027527,0.0,0.0,0.0,-0.0,0.0,0.36094485086520944,145.06875941661792,799.2,0.0,401.913918619086,1.0,888.0,-356899.5597337484,180,-38.52090884951657,0.0,120,-4.970884452466877,0.0,120,-48.076757884428964,0.0,120,-53.02915197541186,0.0,180,-46.64916345146602,0.0,120,-21.524472718765818,0.0,0.0,0.121690578161365,0.121690578161365,0.0,-361279.2036417759,-361279.2036417759,840.0,840.0,438.086081380914,0.0,401.913918619086,0.0,0.0,840
437.96439080275263,0.0,-4379.643908027527,0.0,0.0,0.0,-0.0,0.0,0.36094485086520944,145.06875941661792,799.2,0.0,401.913918619086,1.0,888.0,-356899.5597337484,180,-16.059042266709255,0.0,120,-55.50291047224153,0.0,120,-11.206826964271052,0.0,120,-22.47071427498405,0.0,180,-51.03205854682237,0.0,120,-8.45575823908209,0.0,0.0,0.121690578161365,0.121690578161365,0.0,-361279.2036417759,-361279.2036417759,840.0,840.0,438.086081380914,0.0,401.913918619086,0.0,0.0,840
437.96439080275263,0.0,-4379.643908027527,0.0,0.0,0.0,-0.0,0.0,0.36094485086520944,145.06875941661792,799.2,0.0,401.913918619086,1.0,888.0,-356899.5597337484,180,-54.80117261974548,0.0,120,-5.3073946885096905,0.0,120,-18.898976296666174,0.0,120,-47.193736074927415,0.0,180,-1.1505318678127785,0.0,120,-38.00686515044273,0.0,0.0,0.121690578161365,0.121690578161365,0.0,-361279.2036417759,-361279.2036417759,840.0,840.0,438.086081380914,0.0,401.913918619086,0.0,0.0,840
437.96439080275263,0.0,-4379.643908027527,0.0,0.0,0.0,-0.0,0.0,0.36094485086520944,145.06875941661792,799.2,0.0,401.913918619086,1.0,888.0,-356899.5597337484,180,-23.65318018858683,0.0,120,-42.12213351867943,0.0,120,-7.05065679379957,0.0,120,-57.62556011441911,0.0,180,-56.33994567742157,0.0,120,-14.641706955098188,0.0,0.0,0.121690578161365,0.121690578161365,0.0,-361279.2036417759,-361279.2036417759,840.0,840.0,438.086081380914,0.0,401.913918619086,0.0,0.0,840
476.91221978420657,0.0,-4769.122197842065,0.0,0.0,0.0,-0.0,0.0,0.36094485086520944,131.00683500326855,799.2,0.0,362.9552677901796,1.0,888.0,-322304.2777976795,180,-15.888764534960842,0.0,120,-1.1337382377759453,0.0,120,-13.151375194543032,0.0,120,-52.895020670135565,0.0,180,-42.83884153893497,0.0,120,-3.4861192269454255,0.0,0.0,0.132512425613839,0.132512425613839,0.0,-327073.3999955215,-327073.3999955215,840.0,840.0,477.0447322098204,0.0,362.9552677901796,0.0,0.0,840
476.91221978420657,0.0,-4769.122197842065,0.0,0.0,0.0,-0.0,0.0,0.36094485086520944,131.00683500326855,799.2,0.0,362.9552677901796,1.0,888.0,-322304.2777976795,180,-12.374242956780856,0.0,120,-46.728177618640785,0.0,120,-12.664866947347635,0.0,120,-36.17910072694839,0.0,180,-7.358692594333586,0.0,120,-28.4126592572426,0.0,0.0,0.132512425613839,0.132512425613839,0.0,-327073.3999955215,-327073.3999955215,840.0,840.0,477.0447322098204,0.0,362.9552677901796,0.0,0.0,840
476.91221978420657,0.0,-4769.122197842065,0.0,0.0,0.0,-0.0,0.0,0.36094485086520944,131.00683500326855,799.2,0.0,362.9552677901796,1.0,888.0,-322304.2777976795,180,-54.94833699274235,0.0,120,-37.776895505949845,0.0,120,-33.43094746182705,0.0,120,-6.143171796968987,0.0,180,-5.750956645789824,0.0,120,-11.183982093034304,0.0,0.0,0.132512425613839,0.132512425613839,0.0,-327073.3999955215,-327073.3999955215,840.0,840.0,477.0447322098204,0.0,362.9552677901796,0.0,0.0,840
476.91221978420657,0.0,-4769.122197842065,0.0,0.0,0.0,-0.0,0.0,0.36094485086520944,131.00683500326855,799.2,0.0,362.9552677901796,1.0,888.0,-322304.2777976795,180,-44.59613076319095,0.0,120,-32.17438327684884,0.0,120,-18.97731103289977,0.0,120,-36.727792587204526,0.0,180,-3.4867010156317657,0.0,120,-34.455067375481846,0.0,0.0,0.132512425613839,0.132512425613839,0.0,-327073.3999955215,-327073.3999955215,840.0,840.0,477.0447322098204,0.0,362.9552677901796,0.0,0.0,840
476.91221978420657,0.0,-4769.122197842065,0.0,0.0,0.0,-0.0,0.0,0.36094485086520944,131.00683500326855,799.2,0.0,362.9552677901796,1.0,888.0,-322304.2777976795,180,-2.9126740092724868,0.0,120,-51.65875684401336,0.0,120,-57.04676199666783,0.0,120,-38.616398927272286,0.0,180,-32.95472433452126,0.0,120,-3.723106611831113,0.0,0.0,0.132512425613839,0.132512425613839,0.0,-327073.3999955215,-327073.3999955215,840.0,840.0,477.0447322098204,0.0,362.9552677901796,0.0,0.0,840
476.91221978420657,0.0,-4769.122197842065,0.0,0.0,0.0,-0.0,0.0,0.36094485086520944,131.00683500326855,799.2,0.0,362.9552677901796,1.0,888.0,-322304.2777976795,180,-9.889947249177766,0.0,120,-43.97644210791657,0.0,120,-38.06158294647979,0.0,120,-41.2930558713803,0.0,180,-57.40265974646013,0.0,120,-31.790965522501253,0.0,0.0,0.132512425613839,0.132512425613839,0.0,-327073.3999955215,-327073.3999955215,840.0,840.0,477.0447322098204,0.0,362.9552677901796,0.0,0.0,840
433.8606180088825,0.0,-4338.606180088826,0.0,0.0,0.0,-0.0,0.0,0.36094485086520944,124.89371559244788,799.2,0.0,346.0188316665804,1.0,888.0,-307264.7225199234,180,-1.8362720978716252,0.0,120,-13.805402597995386,0.0,120,-18.949371529091216,0.0,120,-34.24791611735733,0.0,120,-27.349760582194506,0.0,120,-46.92302111023486,0.0,0.0,0.120550324537061,0.120550324537061,0.0,-311603.32870001224,-311603.32870001224,780.0,780.0,433.9811683334196,0.0,346.0188316665804,0.0,0.0,780
433.8606180088825,0.0,-4338.606180088826,0.0,0.0,0.0,-0.0,0.0,0.36094485086520944,124.89371559244788,799.2,0.0,346.0188316665804,1.0,888.0,-307264.7225199234,180,-57.15902132582135,0.0,120,-52.58390981719337,0.0,120,-33.17158295264171,0.0,120,-55.89955693094563,0.0,120,-40.16667841279482,0.0,120,-43.067045644759276,0.0,0.0,0.120550324537061,0.120550324537061,0.0,-311603.32870001224,-311603.32870001224,780.0,780.0,433.9811683334196,0.0,346.0188316665804,0.0,0.0,780
433.8606180088825,0.0,-4338.606180088826,0.0,0.0,0.0,-0.0,0.0,0.36094485086520944,124.89371559244788,799.2,0.0,346.0188316665804,1.0,888.0,-307264.7225199234,180,-38.38763665150396,0.0,120,-19.5402164241823,0.0,120,-20.351002529063976,0.0,120,-22.386724034071424,0.0,120,-21.94252865507943,0.0,120,-47.08853111907258,0.0,0.0,0.120550324537061,0.120550324537061,0.0,-311603.32870001224,-311603.32870001224,780.0,780.0,433.9811683334196,0.0,346.0188316665804,0.0,0.0,780
433.8606180088825,0.0,-4338.606180088826,0.0,0.0,0.0,-0.0,0.0,0.36094485086520944,124.89371559244788,799.2,0.0,346.0188316665804,1.0,888.0,-307264.7225199234,180,-5.428653587736361,0.0,120,-1.4408790791559367,0.0,120,-7.1370801469615675,0.0,120,-32.08963288254009,0.0,120,-45.46937360909432,0.0,120,-29.38145156330568,0.0,0.0,0.120550324537061,0.120550324537061,0.0,-311603.32870001224,-311603.32870001224,780.0,780.0,433.9811683334196,0.0,346.0188316665804,0.0,0.0,780
433.8606180088825,0.0,-4338.606180088826,0.0,0.0,0.0,-0.0,0.0,0.36094485086520944,124.89371559244788,799.2,0.0,346.0188316665804,1.0,888.0,-307264.7225199234,180,-42.77328571484479,0.0,120,-56.2972843865576,0.0,120,-6.475279838102916,0.0,120,-27.490989687569506,0.0,120,-44.014168641569675,0.0,120,-25.118879747404016,0.0,0.0,0.120550324537061,0.120550324537061,0.0,-311603.32870001224,-311603.32870001224,780.0,780.0,433.9811683334196,0.0,346.0188316665804,0.0,0.0,780
433.8606180088825,0.0,-4338.606180088826,0.0,0.0,0.0,-0.0,0.0,0.36094485086520944,124.89371559244788,799.2,0.0,346.0188316665804,1.0,888.0,-307264.7225199234,180,-30.586910438069864,0.0,120,-23.18574546075746,0.0,120,-57.39656113330911,0.0,120,-17.722084513030953,0.0,120,-39.984335250699644,0.0,120,-36.62915264935424,0.0,0.0,0.120550324537061,0.120550324537061,0.0,-311603.32870001224,-311603.32870001224,780.0,780.0,433.9811683334196,0.0,346.0188316665804,0.0,0.0,780
325.93232195145407,0.0,-3259.3232195145406,0.0,0.0,0.0,-0.0,0.0,0.36094485086520944,163.8607024800569,799.2,0.0,453.9771161363616,1.0,888.0,-403131.6791290891,180,-14.194529230296382,0.0,120,-51.85745132380263,0.0,120,-42.633313884353086,0.0,120,-6.519128845886549,0.0,120,-43.49962148646053,0.0,120,-0.49838603772136114,0.0,0.0,0.090561912184344,0.090561912184344,0.0,-406391.0023486037,-406391.0023486037,780.0,780.0,326.0228838636384,0.0,453.9771161363616,0.0,0.0,780
325.93232195145407,0.0,-3259.3232195145406,0.0,0.0,0.0,-0.0,0.0,0.36094485086520944,163.8607024800569,799.2,0.0,453.9771161363616,1.0,888.0,-403131.6791290891,180,-31.24051125232761,0.0,120,-19.15721563943911,0.0,120,-42.215376410673194,0.0,120,-34.22957190297492,0.0,120,-38.623494348585446,0.0,120,-26.90744776298977,0.0,0.0,0.090561912184344,0.090561912184344,0.0,-406391.0023486037,-406391.0023486037,780.0,780.0,326.0228838636384,0.0,453.9771161363616,0.0,0.0,780
325.93232195145407,0.0,-3259.3232195145406,0.0,0.0,0.0,-0.0,0.0,0.36094485086520944,163.8607024800569,799.2,0.0,453.9771161363616,1.0,888.0,-403131.6791290891,180,-41.35478853574168,0.0,120,-58.02994980910728,0.0,120,-16.846107599504023,0.0,120,-46.58411621945469,0.0,120,-1.3934684922154883,0.0,120,-4.186701623279648,0.0,0.0,0.090561912184344,0.090561912184344,0.0,-406391.0023486037,-406391.0023486037,780.0,780.0,326.0228838636384,0.0,453.9771161363616,0.0,0.0,780
325.93232195145407,0.0,-3259.3232195145406,0.0,0.0,0.0,-0.0,0.0,0.36094485086520944,163.8607024800569,799.2,0.0,453.9771161363616,1.0,888.0,-403131.6791290891,180,-57.08349993193121,0.0,120,-36.88805473803444,0.0,120,-3.4579171865204716,0.0,120,-57.52751053425098,0.0,120,-46.57231729052045,0.0,120,-47.04112576621845,0.0,0.0,0.090561912184344,0.090561912184344,0.0,-406391.0023486037,-406391.0023486037,780.0,780.0,326.0228838636384,0.0,453.9771161363616,0.0,0.0,780
325.93232195145407,0.0,-3259.3232195145406,0.0,0.0,0.0,-0.0,0.0,0.36094485086520944,163.8607024800569,799.2,0.0,453.9771161363616,1.0,888.0,-403131.6791290891,180,-43.50208172866675,0.0,120,-22.231069785069927,0.0,120,-25.339759302460767,0.0,120,-43.48540621401576,0.0,120,-43.79230494130717,0.0,120,-25.04464243799045,0.0,0.0,0.090561912184344,0.090561912184344,0.0,-406391.0023486037,-406391.0023486037,780.0,780.0,326.0228838636384,0.0,453.9771161363616,0.0,0.0,780
325.93232195145407,0.0,-3259.3232195145406,0.0,0.0,0.0,-0.0,0.0,0.36094485086520944,163.8607024800569,799.2,0.0,453.9771161363616,1.0,888.0,-403131.6791290891,180,-0.5151560672183186,0.0,120,-40.258297116430214,0.0,120,-0.258302767490457,0.0,120,-6.209726610185442,0.0,120,-13.82250543354765,0.0,120,-0.8430251973033975,0.0,0.0,0.090561912184344,0.090561912184344,0.0,-406391.0023486037,-406391.0023486037,780.0,780.0,326.0228838636384,0.0,453.9771161363616,0.0,0.0,780
194.41482402675297,0.0,-1944.1482402675297,0.0,0.0,0.0,-0.0,0.0,0.36094485086520944,211.3444560862109,799.2,0.0,585.5311568501498,1.0,888.0,-519951.6672829331,180,-36.223535704555104,0.0,120,-47.35643948647925,0.0,120,-25.093626812310262,0.0,120,-42.030280333903136,0.0,120,-31.640182888511696,0.0,120,-17.45692645178318,0.0,0.0,0.0540191230971806,0.0540191230971806,0.0,-521895.8155232006,-521895.8155232006,780.0,780.0,194.46884314985016,0.0,585.5311568501498,0.0,0.0,780
194.41482402675297,0.0,-1944.1482402675297,0.0,0.0,0.0,-0.0,0.0,0.36094485086520944,211.3444560862109,799.2,0.0,585.5311568501498,1.0,888.0,-519951.6672829331,180,-37.420905301849444,0.0,120,-17.085102056163237,0.0,120,-41.494890474465386,0.0,120,-53.59682160532222,0.0,120,-36.72915653192825,0.0,120,-9.457319559054609,0.0,0.0,0.0540191230971806,0.0540191230971806,0.0,-521895.8155232006,-521895.8155232006,780.0,780.0,194.46884314985016,0.0,585.5311568501498,0.0,0.0,780
194.41482402675297,0.0,-1944.1482402675297,0.0,0.0,0.0,-0.0,0.0,0.36094485086520944,211.3444560862109,799.2,0.0,585.5311568501498,1.0,888.0,-519951.6672829331,180,-40.88211890502021,0.0,120,-39.61432945913686,0.0,120,-42.242757142858224,0.0,120,-51.720675542912936,0.0,120,-32.034259010219195,0.0,120,-40.911442233554894,0.0,0.0,0.0540191230971806,0.0540191230971806,0.0,-521895.8155232006,-521895.8155232006,780.0,780.0,194.46884314985016,0.0,585.5311568501498,0.0,0.0,780
194.41482402675297,0.0,-1944.1482402675297,0.0,0.0,0.0,-0.0,0.0,0.36094485086520944,189.68776503429834,799.2,0.0,525.5311568501498,1.0,888.0,-466671.6672829331,120,-50.3546173420925,0.0,120,-35.051777351850504,0.0,120,-16.662560073904025,0.0,120,-30.48553870651133,0.0,120,-28.181172377921563,0.0,120,-43.823856195016106,0.0,0.0,0.0540191230971806,0.0540191230971806,0.0,-468615.8155232006,-468615.8155232006,720.0,720.0,194.46884314985016,0.0,525.5311568501498,0.0,0.0,720
194.41482402675297,0.0,-1944.1482402675297,0.0,0.0,0.0,-0.0,0.0,0.36094485086520944,189.68776503429834,799.2,0.0,525.5311568501498,1.0,888.0,-466671.6672829331,120,-54.23407189494664,0.0,120,-19.99020751860167,0.0,120,-56.76398220678498,0.0,120,-18.815611072442167,0.0,120,-51.37502986670891,0.0,120,-29.974920082884903,0.0,0.0,0.0540191230971806,0.0540191230971806,0.0,-468615.8155232006,-468615.8155232006,720.0,720.0,194.46884314985016,0.0,525.5311568501498,0.0,0.0,720
194.41482402675297,0.0,-1944.1482402675297,0.0,0.0,0.0,-0.0,0.0,0.36094485086520944,189.68776503429834,799.2,0.0,525.5311568501498,1.0,888.0,-466671.6672829331,120,-38.879403433303395,0.0,120,-55.67992052353899,0.0,120,-31.81955158580021,0.0,120,-1.4182876748338447,0.0,120,-19.90006008436682,0.0,120,-57.914540649367495,0.0,0.0,0.0540191230971806,0.0540191230971806,0.0,-468615.8155232006,-468615.8155232006,720.0,720.0,194.46884314985016,0.0,525.5311568501498,0.0,0.0,720
54.15466457784852,0.0,-541.5466457784852,0.0,0.0,0.0,-0.0,0.0,0.36094485086520944,240.32801410476654,799.2,0.0,665.830288280007,1.0,888.0,-591257.2959926462,120,-46.336128372337605,0.0,120,-49.07301547639854,0.0,120,-51.183395157760096,0.0,120,-3.561952403931181,0.0,120,-31.39271970780737,0.0,120,-0.7619266638331434,0.0,0.0,0.0150471421444425,0.0150471421444425,0.0,-591798.8426384247,-591798.8426384247,720.0,720.0,54.16971171999296,0.0,665.830288280007,0.0,0.0,720
54.15466457784852,0.0,-541.5466457784852,0.0,0.0,0.0,-0.0,0.0,0.36094485086520944,240.32801410476654,799.2,0.0,665.830288280007,1.0,888.0,-591257.2959926462,120,-17.78696934735573,0.0,120,-19.577854016065395,0.0,120,-4.578249960555429,0.0,120,-39.29481605633339,0.0,120,-5.506573137479016,0.0,120,-1.9066403460400028,0.0,0.0,0.0150471421444425,0.0150471421444425,0.0,-591798.8426384247,-591798.8426384247,720.0,720.0,54.16971171999296,0.0,665.830288280007,0.0,0.0,720
54.15466457784852,0.0,-541.5466457784852,0.0,0.0,0.0,-0.0,0.0,0.36094485086520944,240.32801410476654,799.2,0.0,665.830288280007,1.0,888.0,-591257.2959926462,120,-12.646919198692208,0.0,120,-17.049299042586522,0.0,120,-24.54055014671519,0.0,120,-12.975047256506432,0.0,120,-30.534851093668376,0.0,120,-3.580696942096686,0.0,0.0,0.0150471421444425,0.0150471421444425,0.0,-591798.8426384247,-591798.8426384247,720.0,720.0,54.16971171999296,0.0,665.830288280007,0.0,0.0,720
54.15466457784852,0.0,-541.5466457784852,0.0,0.0,0.0,-0.0,0.0,0.36094485086520944,240.32801410476654,799.2,0.0,665.830288280007,1.0,888.0,-591257.2959926462,120,-1.2333373137457393,0.0,120,-56.25581886081909,0.0,120,-31.202281054614556,0.0,120,-15.297146679402632,0.0,120,-45.729468585203506,0.0,120,-41.05804893418627,0.0,0.0,0.0150471421444425,0.0150471421444425,0.0,-591798.8426384247,-591798.8426384247,720.0,720.0,54.16971171999296,0.0,665.830288280007,0.0,0.0,720
54.15466457784852,0.0,-541.5466457784852,0.0,0.0,0.0,-0.0,0.0,0.36094485086520944,240.32801410476654,799.2,0.0,665.830288280007,1.0,888.0,-591257.2959926462,120,-20.05434011709895,0.0,120,-51.069529029442926,0.0,120,-58.62708941389523,0.0,120,-27.603533454748717,0.0,120,-39.323175993627906,0.0,120,-51.06179718244343,0.0,0.0,0.0150471421444425,0.0150471421444425,0.0,-591798.8426384247,-591798.8426384247,720.0,720.0,54.16971171999296,0.0,665.830288280007,0.0,0.0,720
54.15466457784852,0.0,-541.5466457784852,0.0,0.0,0.0,-0.0,0.0,0.36094485086520944,240.32801410476654,799.2,0.0,665.830288280007,1.0,888.0,-591257.2959926462,120,-21.990940093861546,0.0,120,-42.088940836058285,0.0,120,-21.03011404915192,0.0,120,-23.68618042974223,0.0,120,-45.50082463066646,0.0,120,-53.04285990702676,0.0,0.0,0.0150471421444425,0.0150471421444425,0.0,-591798.8426384247,-591798.8426384247,720.0,720.0,54.16971171999296,0.0,665.830288280007,0.0,0.0,720
0.0,0.0,-0.0,0.0,0.0,0.0,-0.0,0.0,0.36094485086520944,259.8802926229508,799.2,0.0,720.0,1.0,888.0,-639360.0,120,-11.071333021557644,0.0,120,-4.483464558354438,0.0,120,-29.765011947269393,0.0,120,-10.994612944839567,0.0,120,-33.19672535931246,0.0,120,-2.701987569530828,0.0,0.0,0.0,0.0,0.0,-639360.0,-639360.0,720.0,720.0,0.0,0.0,720.0,0.0,0.0,720
0.0,0.0,-0.0,0.0,0.0,0.0,-0.0,0.0,0.36094485086520944,259.8802926229508,799.2,0.0,720.0,1.0,888.0,-639360.0,120,-58.45843247948574,0.0,120,-42.2594957813794,0.0,120,-8.847650003017588,0.0,120,-54.54602965426824,0.0,120,-17.40487017291486,0.0,120,-0.0668407326217868,0.0,0.0,0.0,0.0,0.0,-639360.0,-639360.0,720.0,720.0,0.0,0.0,720.0,0.0,0.0,720
0.0,0.0,-0.0,0.0,0.0,0.0,-0.0,0.0,0.36094485086520944,259.8802926229508,799.2,0.0,720.0,1.0,888.0,-639360.0,120,-26.983890192876977,0.0,120,-1.2439912327909508,0.0,120,-0.9850434418794451,0.0,120,-53.641590254708476,0.0,120,-52.655672255732256,0.0,120,-30.19256684500006,0.0,0.0,0.0,0.0,0.0,-639360.0,-639360.0,720.0,720.0,0.0,0.0,720.0,0.0,0.0,720
0.0,0.0,-0.0,0.0,0.0,0.0,-0.0,0.0,0.36094485086520944,259.8802926229508,799.2,0.0,720.0,1.0,888.0,-639360.0,120,-25.195802396108938,0.0,120,-45.39190008279865,0.0,120,-35.206697369918146,0.0,120,-55.07199336089023,0.0,120,-16.047630210422838,0.0,120,-47.66045999506844,0.0,0.0,0.0,0.0,0.0,-639360.0,-639360.0,720.0,720.0,0.0,0.0,720.0,0.0,0.0,720
0.0,0.0,-0.0,0.0,0.0,0.0,-0.0,0.0,0.36094485086520944,259.8802926229508,799.2,0.0,720.0,1.0,888.0,-639360.0,120,-9.101954450649565,0.0,120,-52.75779872287332,0.0,120,-19.484700424736722,0.0,120,-18.121197858900345,0.0,120,-20.11585738567983,0.0,120,-28.52842517416798,0.0,0.0,0.0,0.0,0.0,-639360.0,-639360.0,720.0,720.0,0.0,0.0,720.0,0.0,0.0,720
0.0,0.0,-0.0,0.0,0.0,0.0,-0.0,0.0,0.36094485086520944,259.8802926229508,799.2,0.0,720.0,1.0,888.0,-639360.0,120,-57.69271663702699,0.0,120,-39.81847701289692,0.0,120,-17.17127050566654,0.0,120,-30.5871436080839,0.0,120,-43.93148883376472,0.0,120,-31.62307375372918,0.0,0.0,0.0,0.0,0.0,-639360.0,-639360.0,720.0,720.0,0.0,0.0,720.0,0.0,0.0,720
0.0,0.0,-0.0,0.0,0.0,0.0,-0.0,0.0,0.36094485086520944,259.8802926229508,799.2,0.0,720.0,1.0,888.0,-639360.0,120,-24.506737273798013,0.0,120,-23.596824963389974,0.0,120,-42.30385560647375,0.0,120,-30.141414309298447,0.0,120,-43.44247768059974,0.0,120,-37.54737526601096,0.0,0.0,0.0,0.0,0.0,-639360.0,-639360.0,720.0,720.0,0.0,0.0,720.0,0.0,0.0,720
0.0,0.0,-0.0,0.0,0.0,0.0,-0.0,0.0,0.36094485086520944,259.8802926229508,799.2,0.0,720.0,1.0,888.0,-639360.0,120,-31.645879888777436,0.0,120,-23.333623920472554,0.0,120,-48.495593947670685,0.0,120,-45.209980966351864,0.0,120,-2.89634861094364,0.0,120,-37.638823448379156,0.0,0.0,0.0,0.0,0.0,-639360.0,-639360.0,720.0,720.0,0.0,0.0,720.0,0.0,0.0,720
0.0,0.0,-0.0,0.0,0.0,0.0,-0.0,0.0,0.36094485086520944,259.8802926229508,799.2,0.0,720.0,1.0,888.0,-639360.0,120,-45.293896749201025,0.0,120,-55.4481455573953,0.0,120,-44.40312250084247,0.0,120,-34.20718945337631,0.0,120,-16.482617988693583,0.0,120,-27.313553267168555,0.0,0.0,0.0,0.0,0.0,-639360.0,-639360.0,720.0,720.0,0.0,0.0,720.0,0.0,0.0,720
0.0,0.0,-0.0,0.0,0.0,0.0,-0.0,0.0,0.36094485086520944,259.8802926229508,799.2,0.0,720.0,1.0,888.0,-639360.0,120,-28.757330467667234,0.0,120,-21.159916046097106,0.0,120,-18.788666897024115,0.0,120,-19.47942385813563,0.0,120,-36.604380403566154,0.0,120,-27.310197698586013,0.0,0.0,0.0,0.0,0.0,-639360.0,-639360.0,720.0,720.0,0.0,0.0,720.0,0.0,0.0,720
0.0,0.0,-0.0,0.0,0.0,0.0,-0.0,0.0,0.36094485086520944,259.8802926229508,799.2,0.0,720.0,1.0,888.0,-639360.0,120,-55.992180118927614,0.0,120,-10.28168172840285,0.0,120,-22.280659991592515,0.0,120,-9.903906183831062,0.0,120,-20.8169528539452,0.0,120,-29.57671385561379,0.0,0.0,0.0,0.0,0.0,-639360.0,-639360.0,720.0,720.0,0.0,0.0,720.0,0.0,0.0,720
0.0,0.0,-0.0,0.0,0.0,0.0,-0.0,0.0,0.36094485086520944,259.8802926229508,799.2,0.0,720.0,1.0,888.0,-639360.0,120,-4.458411548284986,0.0,120,-14.60390361711164,0.0,120,-36.274583892551206,0.0,120,-28.223351241155076,0.0,120,-41.92032648958537,0.0,120,-37.77401339727672,0.0,0.0,0.0,0.0,0.0,-639360.0,-639360.0,720.0,720.0,0.0,0.0,720.0,0.0,0.0,720
0.0,0.0,-0.0,0.0,0.0,0.0,-0.0,0.0,0.36094485086520944,259.8802926229508,799.2,0.0,720.0,1.0,888.0,-639360.0,120,-32.978548116995,0.0,120,-5.458831750988549,0.0,120,-56.24090698665933,0.0,120,-32.448764021887605,0.0,120,-4.486347395439088,0.0,120,-31.364328097500564,0.0,0.0,0.0,0.0,0.0,-639360.0,-639360.0,720.0,720.0,0.0,0.0,720.0,0.0,0.0,720
0.0,0.0,-0.0,0.0,0.0,0.0,-0.0,0.0,0.36094485086520944,259.8802926229508,799.2,0.0,720.0,1.0,888.0,-639360.0,120,-1.7175776060403747,0.0,120,-15.1582897701644,0.0,120,-2.7340214953890607,0.0,120,-53.411579357892656,0.0,120,-17.14461707613039,0.0,120,-22.997204436459626,0.0,0.0,0.0,0.0,0.0,-639360.0,-639360.0,720.0,720.0,0.0,0.0,720.0,0.0,0.0,720
0.0,0.0,-0.0,0.0,0.0,0.0,-0.0,0.0,0.36094485086520944,259.8802926229508,799.2,0.0,720.0,1.0,888.0,-639360.0,120,-25.857982950645475,0.0,120,-24.848558796278326,0.0,120,-0.930609165134566,0.0,120,-38.48858921472665,0.0,120,-31.539375615293373,0.0,120,-22.065807301127794,0.0,0.0,0.0,0.0,0.0,-639360.0,-639360.0,720.0,720.0,0.0,0.0,720.0,0.0,0.0,720
0.0,0.0,-0.0,0.0,0.0,0.0,-0.0,0.0,0.36094485086520944,259.8802926229508,799.2,0.0,720.0,1.0,888.0,-639360.0,120,-22.31700716947193,0.0,120,-31.572275087322428,0.0,120,-31.83466649911178,0.0,120,-42.51354617894451,0.0,120,-51.56208174800781,0.0,120,-36.6539631097217,0.0,0.0,0.0,0.0,0.0,-639360.0,-639360.0,720.0,720.0,0.0,0.0,720.0,0.0,0.0,720
0.0,0.0,-0.0,0.0,0.0,0.0,-0.0,0.0,0.36094485086520944,259.8802926229508,799.2,0.0,720.0,1.0,888.0,-639360.0,120,-34.9688476471748,0.0,120,-53.34624691978441,0.0,120,-44.263317135025716,0.0,120,-28.47800534696934,0.0,120,-3.029944435612255,0.0,120,-26.095617589776523,0.0,0.0,0.0,0.0,0.0,-639360.0,-639360.0,720.0,720.0,0.0,0.0,720.0,0.0,0.0,720
0.0,0.0,-0.0,0.0,0.0,0.0,-0.0,0.0,0.36094485086520944,259.8802926229508,799.2,0.0,720.0,1.0,888.0,-639360.0,120,-31.63267083202377,0.0,120,-47.793435550583574,0.0,120,-43.13768923086406,0.0,120,-16.635149926761358,0.0,120,-52.21193061375064,0.0,120,-42.965839006741525,0.0,0.0,0.0,0.0,0.0,-639360.0,-639360.0,720.0,720.0,0.0,0.0,720.0,0.0,0.0,720
0.0,0.0,-0.0,0.0,0.0,0.0,-0.0,0.0,0.36094485086520944,259.8802926229508,799.2,0.0,720.0,1.0,888.0,-639360.0,120,-30.651037487795808,0.0,120,-44.393414236912314,0.0,120,-10.84144987635235,0.0,120,-12.99851236737359,0.0,120,-23.134967660230487,0.0,120,-10.67729625295156,0.0,0.0,0.0,0.0,0.0,-639360.0,-639360.0,720.0,720.0,0.0,0.0,720.0,0.0,0.0,720
0.0,0.0,-0.0,0.0,0.0,0.0,-0.0,0.0,0.36094485086520944,259.8802926229508,799.2,0.0,720.0,1.0,888.0,-639360.0,120,-48.68444110340553,0.0,120,-9.70936899821077,0.0,120,-11.252019604821733,0.0,120,-22.526807842828156,0.0,120,-16.368658526774254,0.0,120,-51.652429806363294,0.0,0.0,0.0,0.0,0.0,-639360.0,-639360.0,720.0,720.0,0.0,0.0,720.0,0.0,0.0,720
0.0,0.0,-0.0,0.0,0.0,0.0,-0.0,0.0,0.36094485086520944,259.8802926229508,799.2,0.0,720.0,1.0,888.0,-639360.0,120,-10.330165967888554,0.0,120,-47.43446718049382,0.0,120,-31.66432405872394,0.0,120,-12.6934539719569,0.0,120,-51.11894132194495,0.0,120,-55.29614231870061,0.0,0.0,0.0,0.0,0.0,-639360.0,-639360.0,720.0,720.0,0.0,0.0,720.0,0.0,0.0,720
0.0,0.0,-0.0,0.0,0.0,0.0,-0.0,0.0,0.36094485086520944,259.8802926229508,799.2,0.0,720.0,1.0,888.0,-639360.0,120,-59.42611813705094,0.0,120,-45.53628990581801,0.0,120,-15.960872515318236,0.0,120,-15.147101345658843,0.0,120,-35.8949757984118,0.0,120,-4.224151335244944,0.0,0.0,0.0,0.0,0.0,-639360.0,-639360.0,720.0,720.0,0.0,0.0,720.0,0.0,0.0,720
0.0,0.0,-0.0,0.0,0.0,0.0,-0.0,0.0,0.36094485086520944,259.8802926229508,799.2,0.0,720.0,1.0,888.0,-639360.0,120,-28.630579981677215,0.0,120,-14.507343398206253,0.0,120,-56.45469812368044,0.0,120,-26.81362776508187,0.0,120,-35.36407808805201,0.0,120,-21.292465079448526,0.0,0.0,0.0,0.0,0.0,-639360.0,-639360.0,720.0,720.0,0.0,0.0,720.0,0.0,0.0,720
0.0,0.0,-0.0,0.0,0.0,0.0,-0.0,0.0,0.36094485086520944,259.8802926229508,799.2,0.0,720.0,1.0,888.0,-639360.0,120,-25.856235150446473,0.0,120,-54.36674559775194,0.0,120,-38.346743510970654,0.0,120,-57.25298632329769,0.0,120,-50.36595949917136,0.0,120,-24.87068614140672,0.0,0.0,0.0,0.0,0.0,-639360.0,-639360.0,720.0,720.0,0.0,0.0,720.0,0.0,0.0,720
0.0,0.0,-0.0,0.0,0.0,0.0,-0.0,0.0,0.36094485086520944,259.8802926229508,799.2,0.0,720.0,1.0,888.0,-639360.0,120,-57.970329608158934,0.0,120,-50.85161142294623,0.0,120,-49.71955323803459,0.0,120,-4.584653926367823,0.0,120,-48.1146995133654,0.0,120,-8.885691902251594,0.0,0.0,0.0,0.0,0.0,-639360.0,-639360.0,720.0,720.0,0.0,0.0,720.0,0.0,0.0,720
0.0,0.0,-0.0,0.0,0.0,0.0,-0.0,0.0,0.36094485086520944,259.8802926229508,799.2,0.0,720.0,1.0,888.0,-639360.0,120,-3.2015682805204215,0.0,120,-12.4560702352113,0.0,120,-50.59836642385649,0.0,120,-38.26467587857456,0.0,120,-18.061020284323305,0.0,120,-58.60605463801229,0.0,0.0,0.0,0.0,0.0,-639360.0,-639360.0,720.0,720.0,0.0,0.0,720.0,0.0,0.0,720
0.0,0.0,-0.0,0.0,0.0,0.0,-0.0,0.0,0.36094485086520944,259.8802926229508,799.2,0.0,720.0,1.0,888.0,-639360.0,120,-33.08988615590313,0.0,120,-37.68213705062248,0.0,120,-20.520494003047453,0.0,120,-12.661775662944612,0.0,120,-20.8030389608984,0.0,120,-47.46184150390797,0.0,0.0,0.0,0.0,0.0,-639360.0,-639360.0,720.0,720.0,0.0,0.0,720.0,0.0,0.0,720
0.0,0.0,-0.0,0.0,0.0,0.0,-0.0,0.0,0.36094485086520944,259.8802926229508,799.2,0.0,720.0,1.0,888.0,-639360.0,120,-1.2711897893199198,0.0,120,-29.793697048911255,0.0,120,-54.34654892715162,0.0,120,-17.379228902877482,0.0,120,-29.95044146577373,0.0,120,-20.35207165435095,0.0,0.0,0.0,0.0,0.0,-639360.0,-639360.0,720.0,720.0,0.0,0.0,720.0,0.0,0.0,720
0.0,0.0,-0.0,0.0,0.0,0.0,-0.0,0.0,0.36094485086520944,259.8802926229508,799.2,0.0,720.0,1.0,888.0,-639360.0,120,-17.760707455670413,0.0,120,-49.92632522655313,0.0,120,-22.061109295000513,0.0,120,-17.756423255575772,0.0,120,-30.479965515562142,0.0,120,-21.012470030319097,0.0,0.0,0.0,0.0,0.0,-639360.0,-639360.0,720.0,720.0,0.0,0.0,720.0,0.0,0.0,720
0.0,0.0,-0.0,0.0,0.0,0.0,-0.0,0.0,0.36094485086520944,259.8802926229508,799.2,0.0,720.0,1.0,888.0,-639360.0,120,-26.257896825450594,0.0,120,-32.13200022670584,0.0,120,-45.92141414630398,0.0,120,-44.56700828546861,0.0,120,-24.01075469909465,0.0,120,-10.026963152688067,0.0,0.0,0.0,0.0,0.0,-639360.0,-639360.0,720.0,720.0,0.0,0.0,720.0,0.0,0.0,720
0.0,0.0,-0.0,0.0,0.0,0.0,-0.0,0.0,0.36094485086520944,259.8802926229508,799.2,0.0,720.0,1.0,888.0,-639360.0,120,-0.7092088774021565,0.0,120,-42.51176352730635,0.0,120,-41.05432102944844,0.0,120,-17.235674392582172,0.0,120,-8.885611047094644,0.0,120,-16.5837911456476,0.0,0.0,0.0,0.0,0.0,-639360.0,-639360.0,720.0,720.0,0.0,0.0,720.0,0.0,0.0,720
0.0,0.0,-0.0,0.0,0.0,0.0,-0.0,0.0,0.36094485086520944,259.8802926229508,799.2,0.0,720.0,1.0,888.0,-639360.0,120,-41.032626986521564,0.0,120,-14.98720858317835,0.0,120,-38.783843873155284,0.0,120,-49.99015197098212,0.0,120,-0.48593636686277364,0.0,120,-44.53023185412249,0.0,0.0,0.0,0.0,0.0,-639360.0,-639360.0,720.0,720.0,0.0,0.0,720.0,0.0,0.0,720
0.0,0.0,-0.0,0.0,0.0,0.0,-0.0,0.0,0.36094485086520944,259.8802926229508,799.2,0.0,720.0,1.0,888.0,-639360.0,120,-19.746027195486008,0.0,120,-7.823309835862144,0.0,120,-13.802697022684928,0.0,120,-49.635798103782555,0.0,120,-28.5112064642685,0.0,120,-22.898938257393056,0.0,0.0,0.0,0.0,0.0,-639360.0,-639360.0,720.0,720.0,0.0,0.0,720.0,0.0,0.0,720
0.0,0.0,-0.0,0.0,0.0,0.0,-0.0,0.0,0.36094485086520944,259.8802926229508,799.2,0.0,720.0,1.0,888.0,-639360.0,120,-26.858276062141933,0.0,120,-1.4074611214502286,0.0,120,-6.997455842246452,0.0,120,-58.50530692450467,0.0,120,-38.923044481809534,0.0,120,-53.30907218119441,0.0,0.0,0.0,0.0,0.0,-639360.0,-639360.0,720.0,720.0,0.0,0.0,720.0,0.0,0.0,720
0.0,0.0,-0.0,0.0,0.0,0.0,-0.0,0.0,0.36094485086520944,259.8802926229508,799.2,0.0,720.0,1.0,888.0,-639360.0,120,-56.15428606710196,0.0,120,-3.3251629779168024,0.0,120,-49.46388014192578,0.0,120,-11.568846292994209,0.0,120,-52.470058053730796,0.0,120,-39.48192835217146,0.0,0.0,0.0,0.0,0.0,-639360.0,-639360.0,720.0,720.0,0.0,0.0,720.0,0.0,0.0,720
0.0,0.0,-0.0,0.0,0.0,0.0,-0.0,0.0,0.36094485086520944,259.8802926229508,799.2,0.0,720.0,1.0,888.0,-639360.0,120,-51.2930011117099,0.0,120,-19.0457946261693,0.0,120,-16.453812338029405,0.0,120,-37.890283473705836,0.0,120,-22.997899271721394,0.0,120,-50.71954732125138,0.0,0.0,0.0,0.0,0.0,-639360.0,-639360.0,720.0,720.0,0.0,0.0,720.0,0.0,0.0,720
0.0,0.0,-0.0,0.0,0.0,0.0,-0.0,0.0,0.36094485086520944,259.8802926229508,799.2,0.0,720.0,1.0,888.0,-639360.0,120,-59.83424647161745,0.0,120,-29.547706844160693,0.0,120,-50.331042788692564,0.0,120,-26.531282011197042,0.0,120,-45.38832594525951,0.0,120,-0.18719686858312157,0.0,0.0,0.0,0.0,0.0,-639360.0,-639360.0,720.0,720.0,0.0,0.0,720.0,0.0,0.0,720
0.0,0.0,-0.0,0.0,0.0,0.0,-0.0,0.0,0.36094485086520944,259.8802926229508,799.2,0.0,720.0,1.0,888.0,-639360.0,120,-45.455323286392975,0.0,120,-30.93294826245256,0.0,120,-7.781570796662645,0.0,120,-44.936747214548795,0.0,120,-32.9451356081672,0.0,120,-6.146730854576948,0.0,0.0,0.0,0.0,0.0,-639360.0,-639360.0,720.0,720.0,0.0,0.0,720.0,0.0,0.0,720
0.0,0.0,-0.0,0.0,0.0,0.0,-0.0,0.0,0.36094485086520944,259.8802926229508,799.2,0.0,720.0,1.0,888.0,-639360.0,120,-52.068006208313406,0.0,120,-11.381349608455817,0.0,120,-43.04450114367981,0.0,120,-53.52151284506842,0.0,120,-46.96734241570581,0.0,120,-40.04527170352338,0.0,0.0,0.0,0.0,0.0,-639360.0,-639360.0,720.0,720.0,0.0,0.0,720.0,0.0,0.0,720
0.0,0.0,-0.0,0.0,0.0,0.0,-0.0,0.0,0.36094485086520944,259.8802926229508,799.2,0.0,720.0,1.0,888.0,-639360.0,120,-54.734665092958394,0.0,120,-27.409584658748912,0.0,120,-13.4888350564516,0.0,120,-22.399733665884295,0.0,120,-26.67796179367983,0.0,120,-3.1411658823386523,0.0,0.0,0.0,0.0,0.0,-639360.0,-639360.0,720.0,720.0,0.0,0.0,720.0,0.0,0.0,720
0.0,0.0,-0.0,0.0,0.0,0.0,-0.0,0.0,0.36094485086520944,259.8802926229508,799.2,0.0,720.0,1.0,888.0,-639360.0,120,-11.941180282455335,0.0,120,-14.5101406661183,0.0,120,-44.24427745324823,0.0,120,-22.056076935518107,0.0,120,-2.3591775657065717,0.0,120,-33.319291084590915,0.0,0.0,0.0,0.0,0.0,-639360.0,-639360.0,720.0,720.0,0.0,0.0,720.0,0.0,0.0,720
0.0,0.0,-0.0,0.0,0.0,0.0,-0.0,0.0,0.36094485086520944,259.1584029212204,799.2,0.0,718.0,1.0,888.0,-637584.0,120,-12.945179773770729,0.0,120,-55.372749725128436,0.0,118,-37.52142582189036,0.0,120,-42.17178541603311,0.0,120,-5.5690887450602,0.0,120,-49.08107287337253,0.0,0.0,0.0,0.0,0.0,-637584.0,-637584.0,718.0,718.0,0.0,0.0,718.0,0.0,0.0,718
0.0,0.0,-0.0,0.0,0.0,0.0,-0.0,0.0,0.36094485086520944,259.1584029212204,799.2,0.0,718.0,1.0,888.0,-637584.0,120,-54.24767338960311,0.0,120,-45.435305652356426,0.0,118,-49.38852935237984,0.0,120,-25.48679343269198,0.0,120,-34.44769421487905,0.0,120,-12.628305078508111,0.0,0.0,0.0,0.0,0.0,-637584.0,-637584.0,718.0,718.0,0.0,0.0,718.0,0.0,0.0,718
0.0,0.0,-0.0,0.0,0.0,0.0,-0.0,0.0,0.36094485086520944,259.1584029212204,799.2,0.0,718.0,1.0,888.0,-637584.0,120,-51.92459253983361,0.0,120,-57.56528225731014,0.0,118,-53.47334076681067,0.0,120,-0.7779751679299007,0.0,120,-33.785044972533875,0.0,120,-12.166758804849447,0.0,0.0,0.0,0.0,0.0,-637584.0,-637584.0,718.0,718.0,0.0,0.0,718.0,0.0,0.0,718
0.0,0.0,-0.0,0.0,0.0,0.0,-0.0,0.0,0.36094485086520944,259.1584029212204,799.2,0.0,718.0,1.0,888.0,-637584.0,120,-37.71665974074041,0.0,120,-10.554790418018614,0.0,118,-21.03973375282075,0.0,120,-56.98801939352526,0.0,120,-22.592963030754618,0.0,120,-24.065930960472645,0.0,0.0,0.0,0.0,0.0,-637584.0,-637584.0,718.0,718.0,0.0,0.0,718.0,0.0,0.0,718
0.0,0.0,-0.0,0.0,0.0,0.0,-0.0,0.0,0.36094485086520944,256.9927338160291,799.2,0.0,712.0,1.0,888.0,-632256.0,118,-5.426092204430333,0.0,118,-8.457147793519084,0.0,118,-15.708019475099634,0.0,120,-40.615432794207464,0.0,120,-52.76226115254403,0.0,118,-29.13477922575678,0.0,0.0,0.0,0.0,0.0,-632256.0,-632256.0,712.0,712.0,0.0,0.0,712.0,0.0,0.0,712
0.0,0.0,-0.0,0.0,0.0,0.0,-0.0,0.0,0.36094485086520944,256.9927338160291,799.2,0.0,712.0,1.0,888.0,-632256.0,118,-58.28168993204494,0.0,118,-20.994654555772623,0.0,118,-4.1489390719056125,0.0,120,-31.8957151524801,0.0,120,-58.086126529128485,0.0,118,-14.618679966796744,0.0,0.0,0.0,0.0,0.0,-632256.0,-632256.0,712.0,712.0,0.0,0.0,712.0,0.0,0.0,712
0.0,0.0,-0.0,0.0,0.0,0.0,-0.0,0.0,0.36094485086520944,257.71462351775955,799.2,0.0,714.0,1.0,888.0,-634032.0,118,-19.183753659034213,0.0,118,-53.80767435305227,0.0,120,-52.88441649802434,0.0,120,-27.267278914818384,0.0,120,-48.66227782860417,0.0,118,-18.096912206275388,0.0,0.0,0.0,0.0,0.0,-634032.0,-634032.0,714.0,714.0,0.0,0.0,714.0,0.0,0.0,714
0.0,0.0,-0.0,0.0,0.0,0.0,-0.0,0.0,0.36094485086520944,257.71462351775955,799.2,0.0,714.0,1.0,888.0,-634032.0,118,-31.775785925841966,0.0,118,-56.2309874198571,0.0,120,-30.30243276140157,0.0,120,-22.34937473193042,0.0,120,-9.163336522097792,0.0,118,-44.21457486084519,0.0,0.0,0.0,0.0,0.0,-634032.0,-634032.0,714.0,714.0,0.0,0.0,714.0,0.0,0.0,714
0.0,0.0,-0.0,0.0,0.0,0.0,-0.0,0.0,0.36094485086520944,257.71462351775955,799.2,0.0,714.0,1.0,888.0,-634032.0,118,-7.028001826856871,0.0,118,-29.375485764530794,0.0,120,-4.714005681203841,0.0,120,-41.81681264279515,0.0,120,-48.96492786694266,0.0,118,-52.97475547579243,0.0,0.0,0.0,0.0,0.0,-634032.0,-634032.0,714.0,714.0,0.0,0.0,714.0,0.0,0.0,714
0.0,0.0,-0.0,0.0,0.0,0.0,-0.0,0.0,0.36094485086520944,258.43651321948994,799.2,0.0,716.0,1.0,888.0,-635808.0,120,-3.8254565919989214,0.0,118,-50.233828279892904,0.0,120,-56.26294646831059,0.0,120,-45.035383224474465,0.0,120,-8.561587731935589,0.0,118,-34.13758730273338,0.0,0.0,0.0,0.0,0.0,-635808.0,-635808.0,716.0,716.0,0.0,0.0,716.0,0.0,0.0,716
0.0,0.0,-0.0,0.0,0.0,0.0,-0.0,0.0,0.36094485086520944,258.43651321948994,799.2,0.0,716.0,1.0,888.0,-635808.0,120,-0.11253227139941702,0.0,118,-39.578322513561645,0.0,120,-34.259232109467646,0.0,120,-2.1993751309409815,0.0,120,-15.52279767310196,0.0,118,-44.054023412058854,0.0,0.0,0.0,0.0,0.0,-635808.0,-635808.0,716.0,716.0,0.0,0.0,716.0,0.0,0.0,716
0.0,0.0,-0.0,0.0,0.0,0.0,-0.0,0.0,0.36094485086520944,257.71462351775955,799.2,0.0,714.0,1.0,888.0,-634032.0,120,-47.797298491078195,0.0,118,-1.6127927503958106,0.0,120,-31.326351099060147,0.0,118,-7.381440524528582,0.0,120,-40.36122780745766,0.0,118,-59.55893304660482,0.0,0.0,0.0,0.0,0.0,-634032.0,-634032.0,714.0,714.0,0.0,0.0,714.0,0.0,0.0,714
0.0,0.0,-0.0,0.0,0.0,0.0,-0.0,0.0,0.36094485086520944,257.71462351775955,799.2,0.0,714.0,1.0,888.0,-634032.0,120,-14.056027378323426,0.0,118,-27.591189524580454,0.0,120,-22.997496142404273,0.0,118,-4.939020353124215,0.0,120,-27.839527457420484,0.0,118,-11.14414049637861,0.0,0.0,0.0,0.0,0.0,-634032.0,-634032.0,714.0,714.0,0.0,0.0,714.0,0.0,0.0,714
0.0,0.0,-0.0,0.0,0.0,0.0,-0.0,0.0,0.36094485086520944,258.43651321948994,799.2,0.0,716.0,1.0,888.0,-635808.0,120,-23.485726723464378,0.0,118,-2.263146050733511,0.0,120,-7.764717151611647,0.0,120,-25.95592415898637,0.0,120,-43.041965687669595,0.0,118,-39.75640178834561,0.0,0.0,0.0,0.0,0.0,-635808.0,-635808.0,716.0,716.0,0.0,0.0,716.0,0.0,0.0,716
0.0,0.0,-0.0,0.0,0.0,0.0,-0.0,0.0,0.36094485086520944,258.43651321948994,799.2,0.0,716.0,1.0,888.0,-635808.0,120,-5.4642577308353175,0.0,118,-10.099963130522783,0.0,120,-8.366010310598806,0.0,120,-20.111663055802214,0.0,120,-39.15328310975072,0.0,118,-45.98820390084841,0.0,0.0,0.0,0.0,0.0,-635808.0,-635808.0,716.0,716.0,0.0,0.0,716.0,0.0,0.0,716
0.0,0.0,-0.0,0.0,0.0,0.0,-0.0,0.0,0.36094485086520944,258.43651321948994,799.2,0.0,716.0,1.0,888.0,-635808.0,120,-36.32904785153462,0.0,118,-39.39356014549223,0.0,120,-34.47060367531176,0.0,120,-29.450716247533066,0.0,120,-12.403566139948687,0.0,118,-13.032268732215977,0.0,0.0,0.0,0.0,0.0,-635808.0,-635808.0,716.0,716.0,0.0,0.0,716.0,0.0,0.0,716
0.0,0.0,-0.0,0.0,0.0,0.0,-0.0,0.0,0.36094485086520944,258.43651321948994,799.2,0.0,716.0,1.0,888.0,-635808.0,120,-46.011872302301896,0.0,118,-51.75172761659926,0.0,120,-45.456180026735375,0.0,120,-41.85093661349352,0.0,120,-38.04047028989021,0.0,118,-0.8110772004670896,0.0,0.0,0.0,0.0,0.0,-635808.0,-635808.0,716.0,716.0,0.0,0.0,716.0,0.0,0.0,716
0.0,0.0,-0.0,0.0,0.0,0.0,-0.0,0.0,0.36094485086520944,256.9927338160291,799.2,0.0,712.0,1.0,888.0,-632256.0,118,-25.551976746212702,0.0,118,-30.37937626084488,0.0,120,-40.345623228455715,0.0,120,-46.81413426313001,0.0,118,-35.016870309638605,0.0,118,-50.95913811370791,0.0,0.0,0.0,0.0,0.0,-632256.0,-632256.0,712.0,712.0,0.0,0.0,712.0,0.0,0.0,712
0.0,0.0,-0.0,0.0,0.0,0.0,-0.0,0.0,0.36094485086520944,256.9927338160291,799.2,0.0,712.0,1.0,888.0,-632256.0,118,-53.634148406767174,0.0,118,-31.75633418514674,0.0,120,-10.596698593039115,0.0,120,-2.433409642301372,0.0,118,-52.897185642772406,0.0,118,-23.13165714728701,0.0,0.0,0.0,0.0,0.0,-632256.0,-632256.0,712.0,712.0,0.0,0.0,712.0,0.0,0.0,712
0.0,0.0,-0.0,0.0,0.0,0.0,-0.0,0.0,0.36094485086520944,257.71462351775955,799.2,0.0,714.0,1.0,888.0,-634032.0,118,-37.546008876854195,0.0,120,-46.096977286240396,0.0,120,-19.514370789407028,0.0,120,-49.63042668538622,0.0,118,-58.60080024675488,0.0,118,-9.587043083174965,0.0,0.0,0.0,0.0,0.0,-634032.0,-634032.0,714.0,714.0,0.0,0.0,714.0,0.0,0.0,714
0.0,0.0,-0.0,0.0,0.0,0.0,-0.0,0.0,0.36094485086520944,257.71462351775955,799.2,0.0,714.0,1.0,888.0,-634032.0,118,-39.8295249086018,0.0,120,-43.03419143782791,0.0,120,-15.897045777117704,0.0,120,-58.64412777941366,0.0,118,-7.669293332529621,0.0,118,-56.62627952522289,0.0,0.0,0.0,0.0,0.0,-634032.0,-634032.0,714.0,714.0,0.0,0.0,714.0,0.0,0.0,714
0.0,0.0,-0.0,0.0,0.0,0.0,-0.0,0.0,0.36094485086520944,258.43651321948994,799.2,0.0,716.0,1.0,888.0,-635808.0,120,-37.38107568767843,0.0,120,-14.923684879134434,0.0,120,-3.244674295780341,0.0,120,-25.80500180925694,0.0,118,-16.485827754958112,0.0,118,-50.881339986167745,0.0,0.0,0.0,0.0,0.0,-635808.0,-635808.0,716.0,716.0,0.0,0.0,716.0,0.0,0.0,716
0.0,0.0,-0.0,0.0,0.0,0.0,-0.0,0.0,0.36094485086520944,258.43651321948994,799.2,0.0,716.0,1.0,888.0,-635808.0,118,-40.44233975025527,0.0,120,-47.475515023182005,0.0,120,-23.962917228541645,0.0,120,-46.20058032756315,0.0,120,-51.45035992808935,0.0,118,-43.842291769245875,0.0,0.0,0.0,0.0,0.0,-635808.0,-635808.0,716.0,716.0,0.0,0.0,716.0,0.0,0.0,716
0.0,0.0,-0.0,0.0,0.0,0.0,-0.0,0.0,0.36094485086520944,258.43651321948994,799.2,0.0,716.0,1.0,888.0,-635808.0,118,-16.5891800610348,0.0,120,-41.44233581539258,0.0,120,-6.318950803828507,0.0,120,-19.480186675330092,0.0,120,-32.5183899178952,0.0,118,-36.1600205648412,0.0,0.0,0.0,0.0,0.0,-635808.0,-635808.0,716.0,716.0,0.0,0.0,716.0,0.0,0.0,716
0.0,0.0,-0.0,0.0,0.0,0.0,-0.0,0.0,0.36094485086520944,258.43651321948994,799.2,0.0,716.0,1.0,888.0,-635808.0,118,-45.940047759524575,0.0,120,-19.49490979781209,0.0,120,-2.9773198908240084,0.0,120,-32.66634815370945,0.0,120,-47.99436876523791,0.0,118,-35.43567335815191,0.0,0.0,0.0,0.0,0.0,-635808.0,-635808.0,716.0,716.0,0.0,0.0,716.0,0.0,0.0,716
0.0,0.0,-0.0,0.0,0.0,0.0,-0.0,0.0,0.36094485086520944,258.43651321948994,799.2,0.0,716.0,1.0,888.0,-635808.0,118,-46.78257423478113,0.0,120,-9.401474843116944,0.0,120,-51.32788541756129,0.0,120,-48.36462053042935,0.0,120,-46.978504145101844,0.0,118,-23.28196619553304,0.0,0.0,0.0,0.0,0.0,-635808.0,-635808.0,716.0,716.0,0.0,0.0,716.0,0.0,0.0,716
0.0,0.0,-0.0,0.0,0.0,0.0,-0.0,0.0,0.36094485086520944,258.43651321948994,799.2,0.0,716.0,1.0,888.0,-635808.0,118,-27.64292749501172,0.0,120,-22.55489907542876,0.0,120,-7.821541042154683,0.0,120,-44.02563898965254,0.0,120,-16.99840484499328,0.0,118,-35.81265796117092,0.0,0.0,0.0,0.0,0.0,-635808.0,-635808.0,716.0,716.0,0.0,0.0,716.0,0.0,0.0,716
0.0,0.0,-0.0,0.0,0.0,0.0,-0.0,0.0,0.36094485086520944,258.43651321948994,799.2,0.0,716.0,1.0,888.0,-635808.0,118,-44.72590071047525,0.0,120,-16.195591691718942,0.0,120,-56.630211808334266,0.0,120,-39.98347136189284,0.0,120,-35.21127912433524,0.0,118,-54.2124516097241,0.0,0.0,0.0,0.0,0.0,-635808.0,-635808.0,716.0,716.0,0.0,0.0,716.0,0.0,0.0,716
0.0,0.0,-0.0,0.0,0.0,0.0,-0.0,0.0,0.36094485086520944,258.43651321948994,799.2,0.0,716.0,1.0,888.0,-635808.0,118,-52.13240548080668,0.0,120,-34.282932333601195,0.0,120,-16.56868348187826,0.0,120,-20.9092382477274,0.0,120,-45.96696502942751,0.0,118,-20.623181676183677,0.0,0.0,0.0,0.0,0.0,-635808.0,-635808.0,716.0,716.0,0.0,0.0,716.0,0.0,0.0,716
0.0,0.0,-0.0,0.0,0.0,0.0,-0.0,0.0,0.36094485086520944,258.43651321948994,799.2,0.0,716.0,1.0,888.0,-635808.0,118,-3.2467077740947348,0.0,120,-5.9126382866377,0.0,120,-53.295786917689156,0.0,120,-4.292057265918521,0.0,120,-50.65016015760971,0.0,118,-22.875114783134908,0.0,0.0,0.0,0.0,0.0,-635808.0,-635808.0,716.0,716.0,0.0,0.0,716.0,0.0,0.0,716
0.0,0.0,-0.0,0.0,0.0,0.0,-0.0,0.0,0.36094485086520944,258.43651321948994,799.2,0.0,716.0,1.0,888.0,-635808.0,118,-31.092015043953776,0.0,120,-39.1961561247275,0.0,120,-27.63995932255133,0.0,120,-21.13345591018738,0.0,120,-15.354991435373787,0.0,118,-36.155885599132226,0.0,0.0,0.0,0.0,0.0,-635808.0,-635808.0,716.0,716.0,0.0,0.0,716.0,0.0,0.0,716
0.0,0.0,-0.0,0.0,0.0,0.0,-0.0,0.0,0.36094485086520944,258.43651321948994,799.2,0.0,716.0,1.0,888.0,-635808.0,118,-24.38788793247624,0.0,120,-8.152215965586802,0.0,120,-36.82590509548086,0.0,120,-18.099080907502863,0.0,120,-2.568874032145463,0.0,118,-6.371478235108999,0.0,0.0,0.0,0.0,0.0,-635808.0,-635808.0,716.0,716.0,0.0,0.0,716.0,0.0,0.0,716
0.0,0.0,-0.0,0.0,0.0,0.0,-0.0,0.0,0.36094485086520944,258.43651321948994,799.2,0.0,716.0,1.0,888.0,-635808.0,118,-15.60176089329352,0.0,120,-30.654775583792084,0.0,120,-18.713503425873792,0.0,120,-24.030601236833224,0.0,120,-55.66769039947621,0.0,118,-45.76117184251911,0.0,0.0,0.0,0.0,0.0,-635808.0,-635808.0,716.0,716.0,0.0,0.0,716.0,0.0,0.0,716
0.0,0.0,-0.0,0.0,0.0,0.0,-0.0,0.0,0.36094485086520944,258.43651321948994,799.2,0.0,716.0,1.0,888.0,-635808.0,118,-16.188273993704666,0.0,120,-35.44197422388165,0.0,120,-13.423126754023691,0.0,120,-34.700575137343804,0.0,120,-19.96033626426258,0.0,118,-52.74527667517171,0.0,0.0,0.0,0.0,0.0,-635808.0,-635808.0,716.0,716.0,0.0,0.0,716.0,0.0,0.0,716
0.0,0.0,-0.0,0.0,0.0,0.0,-0.0,0.0,0.36094485086520944,258.43651321948994,799.2,0.0,716.0,1.0,888.0,-635808.0,118,-43.76618647806316,0.0,120,-38.63381503231455,0.0,120,-10.300837332001734,0.0,120,-33.039740601398606,0.0,120,-41.0861531003996,0.0,118,-39.76872752632491,0.0,0.0,0.0,0.0,0.0,-635808.0,-635808.0,716.0,716.0,0.0,0.0,716.0,0.0,0.0,716
0.0,0.0,-0.0,0.0,0.0,0.0,-0.0,0.0,0.36094485086520944,258.43651321948994,799.2,0.0,716.0,1.0,888.0,-635808.0,118,-45.100107815019115,0.0,120,-29.8390860263617,0.0,120,-56.91551289777738,0.0,120,-5.475253817629524,0.0,120,-58.98970164607282,0.0,118,-21.91621609984127,0.0,0.0,0.0,0.0,0.0,-635808.0,-635808.0,716.0,716.0,0.0,0.0,716.0,0.0,0.0,716
0.0,0.0,-0.0,0.0,0.0,0.0,-0.0,0.0,0.36094485086520944,258.43651321948994,799.2,0.0,716.0,1.0,888.0,-635808.0,118,-23.554706526892243,0.0,120,-59.30354473994864,0.0,120,-36.41025156220476,0.0,120,-57.9152133099341,0.0,120,-1.2949727056127935,0.0,118,-53.10382401422522,0.0,0.0,0.0,0.0,0.0,-635808.0,-635808.0,716.0,716.0,0.0,0.0,716.0,0.0,0.0,716
0.0,0.0,-0.0,0.0,0.0,0.0,-0.0,0.0,0.36094485086520944,258.43651321948994,799.2,0.0,716.0,1.0,888.0,-635808.0,118,-31.738049311878783,0.0,120,-21.12217306068959,0.0,120,-47.905723967814225,0.0,120,-45.278073286257055,0.0,120,-52.22938881802792,0.0,118,-22.418768869752395,0.0,0.0,0.0,0.0,0.0,-635808.0,-635808.0,716.0,716.0,0.0,0.0,716.0,0.0,0.0,716
0.0,0.0,-0.0,0.0,0.0,0.0,-0.0,0.0,0.36094485086520944,258.43651321948994,799.2,0.0,716.0,1.0,888.0,-635808.0,118,-56.525155722851345,0.0,120,-42.73320650266825,0.0,120,-31.482563408928932,0.0,120,-45.641396099004695,0.0,120,-20.122960693910944,0.0,118,-29.702943439433717,0.0,0.0,0.0,0.0,0.0,-635808.0,-635808.0,716.0,716.0,0.0,0.0,716.0,0.0,0.0,716
0.0,0.0,-0.0,0.0,0.0,0.0,-0.0,0.0,0.36094485086520944,258.43651321948994,799.2,0.0,716.0,1.0,888.0,-635808.0,118,-9.59352158952546,0.0,120,-31.825646053670525,0.0,120,-17.749216639076735,0.0,120,-42.63548718420148,0.0,120,-12.58423414264891,0.0,118,-23.634815888323956,0.0,0.0,0.0,0.0,0.0,-635808.0,-635808.0,716.0,716.0,0.0,0.0,716.0,0.0,0.0,716
0.0,0.0,-0.0,0.0,0.0,0.0,-0.0,0.0,0.36094485086520944,258.43651321948994,799.2,0.0,716.0,1.0,888.0,-635808.0,118,-48.75816386429995,0.0,120,-24.833982572852392,0.0,120,-17.807671010024116,0.0,120,-52.78224648931039,0.0,120,-20.583809216863475,0.0,118,-3.6887697309698764,0.0,0.0,0.0,0.0,0.0,-635808.0,-635808.0,716.0,716.0,0.0,0.0,716.0,0.0,0.0,716
0.0,0.0,-0.0,0.0,0.0,0.0,-0.0,0.0,0.36094485086520944,258.43651321948994,799.2,0.0,716.0,1.0,888.0,-635808.0,118,-43.07379285291037,0.0,120,-47.45494986315091,0.0,120,-1.8487767877733674,0.0,120,-57.468657159376235,0.0,120,-27.63782957865046,0.0,118,-16.644911747064548,0.0,0.0,0.0,0.0,0.0,-635808.0,-635808.0,716.0,716.0,0.0,0.0,716.0,0.0,0.0,716
0.0,0.0,-0.0,0.0,0.0,0.0,-0.0,0.0,0.36094485086520944,258.43651321948994,799.2,0.0,716.0,1.0,888.0,-635808.0,118,-48.39243234420569,0.0,120,-2.937523205802006,0.0,120,-45.86516540729376,0.0,120,-11.509354527300708,0.0,120,-6.695955811357583,0.0,118,-16.546682256383345,0.0,0.0,0.0,0.0,0.0,-635808.0,-635808.0,716.0,716.0,0.0,0.0,716.0,0.0,0.0,716
0.0,0.0,-0.0,0.0,0.0,0.0,-0.0,0.0,0.36094485086520944,258.43651321948994,799.2,0.0,716.0,1.0,888.0,-635808.0,118,-3.8310332015408344,0.0,120,-45.64632724580659,0.0,120,-3.4823691223428144,0.0,120,-5.848745550946055,0.0,120,-29.210622399262057,0.0,118,-24.728476806456644,0.0,0.0,0.0,0.0,0.0,-635808.0,-635808.0,716.0,716.0,0.0,0.0,716.0,0.0,0.0,716
0.0,0.0,-0.0,0.0,0.0,0.0,-0.0,0.0,0.36094485086520944,258.43651321948994,799.2,0.0,716.0,1.0,888.0,-635808.0,118,-9.692745843488709,0.0,120,-35.07249808681276,0.0,120,-17.0995062940322,0.0,120,-34.82879417367289,0.0,120,-46.336402853992865,0.0,118,-31.37094934579413,0.0,0.0,0.0,0.0,0.0,-635808.0,-635808.0,716.0,716.0,0.0,0.0,716.0,0.0,0.0,716
0.0,0.0,-0.0,0.0,0.0,0.0,-0.0,0.0,0.36094485086520944,258.43651321948994,799.2,0.0,716.0,1.0,888.0,-635808.0,118,-14.618081420271793,0.0,120,-51.330346352026616,0.0,120,-42.12753274880895,0.0,120,-1.9601770506956284,0.0,120,-2.9360588431354073,0.0,118,-25.770745065395346,0.0,0.0,0.0,0.0,0.0,-635808.0,-635808.0,716.0,716.0,0.0,0.0,716.0,0.0,0.0,716
0.0,0.0,-0.0,0.0,0.0,0.0,-0.0,0.0,0.36094485086520944,258.43651321948994,799.2,0.0,716.0,1.0,888.0,-635808.0,118,-1.9379805613986578,0.0,120,-24.28674306140108,0.0,120,-43.63119779914133,0.0,120,-9.749341951368645,0.0,120,-22.676968778944534,0.0,118,-2.5234103774010963,0.0,0.0,0.0,0.0,0.0,-635808.0,-635808.0,716.0,716.0,0.0,0.0,716.0,0.0,0.0,716
0.0,0.0,-0.0,0.0,0.0,0.0,-0.0,0.0,0.36094485086520944,258.43651321948994,799.2,0.0,716.0,1.0,888.0,-635808.0,118,-7.212184982401169,0.0,120,-55.58487777981035,0.0,120,-53.05818170761944,0.0,120,-32.21687951851224,0.0,120,-49.18098095727641,0.0,118,-13.714660550256568,0.0,0.0,0.0,0.0,0.0,-635808.0,-635808.0,716.0,716.0,0.0,0.0,716.0,0.0,0.0,716
0.0,0.0,-0.0,0.0,0.0,0.0,-0.0,0.0,0.36094485086520944,258.43651321948994,799.2,0.0,716.0,1.0,888.0,-635808.0,118,-17.381387526586245,0.0,120,-59.10582201616433,0.0,120,-4.1028063324485515,0.0,120,-9.726272889062734,0.0,120,-29.2039736637003,0.0,118,-55.625702690495395,0.0,0.0,0.0,0.0,0.0,-635808.0,-635808.0,716.0,716.0,0.0,0.0,716.0,0.0,0.0,716
238.6719228480396,0.0,-2386.719228480396,0.0,0.0,0.0,-0.0,0.0,0.36094485086520944,172.26517513859127,799.2,0.0,477.2617609744533,1.0,888.0,-423808.44374531455,118,-7.261347745250668,0.0,120,-27.981436202658823,0.0,120,-21.53489338861714,0.0,120,-25.931481131579627,0.0,120,-35.48308093172551,0.0,118,-10.097689358364692,0.0,0.0,0.0663161775070963,0.0663161775070963,0.0,-426195.16297379497,-426195.16297379497,716.0,716.0,238.7382390255467,0.0,477.2617609744533,0.0,0.0,716
238.6719228480396,0.0,-2386.719228480396,0.0,0.0,0.0,-0.0,0.0,0.36094485086520944,172.26517513859127,799.2,0.0,477.2617609744533,1.0,888.0,-423808.44374531455,118,-37.62192533672938,0.0,120,-40.62928429822994,0.0,120,-8.069574913256638,0.0,120,-41.43394939145465,0.0,120,-25.036247128713374,0.0,118,-46.51150263936841,0.0,0.0,0.0663161775070963,0.0663161775070963,0.0,-426195.16297379497,-426195.16297379497,716.0,716.0,238.7382390255467,0.0,477.2617609744533,0.0,0.0,716
238.6719228480396,0.0,-2386.719228480396,0.0,0.0,0.0,-0.0,0.0,0.36094485086520944,172.26517513859127,799.2,0.0,477.2617609744533,1.0,888.0,-423808.44374531455,118,-4.414109466585943,0.0,120,-15.374862659316605,0.0,120,-47.13673935291786,0.0,120,-3.353407421431982,0.0,120,-32.89129994687784,0.0,118,-18.348050790302747,0.0,0.0,0.0663161775070963,0.0663161775070963,0.0,-426195.16297379497,-426195.16297379497,716.0,716.0,238.7382390255467,0.0,477.2617609744533,0.0,0.0,716
238.6719228480396,0.0,-2386.719228480396,0.0,0.0,0.0,-0.0,0.0,0.36094485086520944,172.26517513859127,799.2,0.0,477.2617609744533,1.0,888.0,-423808.44374531455,118,-42.53924879447163,0.0,120,-24.68116480528827,0.0,120,-16.81471687504264,0.0,120,-12.604651626923978,0.0,120,-12.51308459760259,0.0,118,-52.51107432954759,0.0,0.0,0.0663161775070963,0.0663161775070963,0.0,-426195.16297379497,-426195.16297379497,716.0,716.0,238.7382390255467,0.0,477.2617609744533,0.0,0.0,716
238.6719228480396,0.0,-2386.719228480396,0.0,0.0,0.0,-0.0,0.0,0.36094485086520944,172.26517513859127,799.2,0.0,477.2617609744533,1.0,888.0,-423808.44374531455,118,-32.63129255145992,0.0,120,-3.757791680450928,0.0,120,-7.052189047013766,0.0,120,-35.09139549147686,0.0,120,-24.502420983186543,0.0,118,-24.50099178684944,0.0,0.0,0.0663161775070963,0.0663161775070963,0.0,-426195.16297379497,-426195.16297379497,716.0,716.0,238.7382390255467,0.0,477.2617609744533,0.0,0.0,716
238.6719228480396,0.0,-2386.719228480396,0.0,0.0,0.0,-0.0,0.0,0.36094485086520944,172.26517513859127,799.2,0.0,477.2617609744533,1.0,888.0,-423808.44374531455,118,-58.05114636534924,0.0,120,-38.20176075032494,0.0,120,-46.57481380067444,0.0,120,-3.000849936062673,0.0,120,-47.71730367534264,0.0,118,-57.65115946490822,0.0,0.0,0.0663161775070963,0.0663161775070963,0.0,-426195.16297379497,-426195.16297379497,716.0,716.0,238.7382390255467,0.0,477.2617609744533,0.0,0.0,716
713.5310055455244,0.0,-7135.310055455244,0.0,0.0,0.0,-0.0,0.0,0.36094485086520944,0.8196105844257521,799.2,0.0,2.2707363256771487,1.0,888.0,-2016.413857201308,118,-51.740657797330584,0.0,120,-32.9246631627098,0.0,120,-51.4766808599145,0.0,120,-47.702946928437484,0.0,120,-21.12254116225763,0.0,118,-14.899643556529284,0.0,0.0,0.198258128798423,0.198258128798423,0.0,-9151.723912656551,-9151.723912656551,716.0,716.0,713.7292636743229,0.0,2.2707363256771487,0.0,0.0,716
713.5310055455244,0.0,-7135.310055455244,0.0,0.0,0.0,-0.0,0.0,0.36094485086520944,0.8196105844257521,799.2,0.0,2.2707363256771487,1.0,888.0,-2016.413857201308,118,-50.63659105741583,0.0,120,-34.4300378282076,0.0,120,-58.711587100551505,0.0,120,-16.900816817523804,0.0,120,-40.39923370630668,0.0,118,-20.332401571693097,0.0,0.0,0.198258128798423,0.198258128798423,0.0,-9151.723912656551,-9151.723912656551,716.0,716.0,713.7292636743229,0.0,2.2707363256771487,0.0,0.0,716
713.5310055455244,0.0,-7135.310055455244,0.0,0.0,0.0,-0.0,0.0,0.36094485086520944,0.8196105844257521,799.2,0.0,2.2707363256771487,1.0,888.0,-2016.413857201308,118,-50.47740978341285,0.0,120,-53.31648093368817,0.0,120,-24.838400272655072,0.0,120,-13.215520326310461,0.0,120,-23.51290503017831,0.0,118,-2.7288882321711805,0.0,0.0,0.198258128798423,0.198258128798423,0.0,-9151.723912656551,-9151.723912656551,716.0,716.0,713.7292636743229,0.0,2.2707363256771487,0.0,0.0,716
713.5310055455244,0.0,-7135.310055455244,0.0,0.0,0.0,-0.0,0.0,0.36094485086520944,0.0977208826953332,799.2,0.0,0.27073632567714867,1.0,888.0,-240.41385720130802,118,-15.896608540604236,0.0,120,-51.09317055275796,0.0,120,-36.459324854923196,0.0,118,-41.22020092571779,0.0,120,-7.631622896541805,0.0,118,-33.5114930930722,0.0,0.0,0.198258128798423,0.198258128798423,0.0,-7375.723912656552,-7375.723912656552,714.0,714.0,713.7292636743229,0.0,0.27073632567714867,0.0,0.0,714
713.5310055455244,0.0,-7135.310055455244,1.7292636743228513,0.0,0.0,-0.0,0.0,0.36094485086520944,0.0,799.2,0.0,0.0,1.0,888.0,-0.0,118,-17.256150100045797,0.0,120,-33.29973354140007,0.0,118,-57.80422901586464,0.0,118,-50.60015246535338,0.0,120,-36.673490856909126,0.0,118,-24.828792259880256,0.0,0.0,0.198258128798423,0.198258128798423,0.0,-7135.310055455244,-7135.310055455244,713.7292636743229,713.7292636743229,713.7292636743229,0.0,0.0,1.7292636743228513,0.0,712
713.5310055455244,0.0,-7135.310055455244,1.7292636743228513,1.5563373068905662,0.0,-0.0,3.772664550191662e-05,0.36094485086520944,0.0,799.2,0.0,0.0,1.0,888.0,-0.0,118,-24.37718146986038,0.0,120,-0.7866679610821659,0.0,118,-24.024553189761644,0.0,118,-43.05127216071347,0.0,120,-28.29741056897434,0.0,118,-26.120666335632134,0.0,0.0,0.198258128798423,0.198258128798423,0.0,-7135.310055455244,-7135.310055455244,713.7292636743229,713.7292636743229,713.7292636743229,0.0,0.0,1.7292636743228513,0.0,712
1282.7243729737766,0.0,-12827.243729737766,573.0807843027496,3.1126746137811323,0.0,-0.0,7.545329100383324e-05,0.36094485086520944,0.0,799.2,0.0,0.0,1.0,888.0,-0.0,118,-38.91535867225704,0.0,118,-16.925795858683948,0.0,118,-41.59250982152495,0.0,118,-32.26714295795531,0.0,120,-53.1011799433399,0.0,118,-59.97201936530013,0.0,0.0,0.356411328972986,0.356411328972986,0.0,-12827.243729737766,-12827.243729737766,1283.0807843027496,1283.0807843027496,1283.0807843027496,0.0,0.0,573.0807843027496,0.0,710
1282.7243729737766,0.0,-12827.243729737766,573.0807843027496,518.8853804862558,0.0,-0.0,0.012578124754230136,0.36094485086520944,0.0,799.2,0.0,0.0,1.0,888.0,-0.0,118,-18.700344634289877,0.0,118,-54.507517872187805,0.0,118,-59.13751217128828,0.0,118,-35.547420279522456,0.0,120,-15.515368177672626,0.0,118,-2.6441490011912605,0.0,0.0,0.356411328972986,0.356411328972986,0.0,-12827.243729737766,-12827.243729737766,1283.0807843027496,1283.0807843027496,1283.0807843027496,0.0,0.0,573.0807843027496,0.0,710
1282.7243729737766,0.0,-12827.243729737766,573.0807843027496,1034.6580863587305,0.0,-0.0,0.02508079621745644,0.36094485086520944,0.0,799.2,0.0,0.0,1.0,888.0,-0.0,118,-59.6346731324153,0.0,118,-27.09929757486692,0.0,118,-49.11760238616603,0.0,118,-16.652723662862172,0.0,120,-3.211846885382854,0.0,118,-21.8485406756525,0.0,0.0,0.356411328972986,0.356411328972986,0.0,-12827.243729737766,-12827.243729737766,1283.0807843027496,1283.0807843027496,1283.0807843027496,0.0,0.0,573.0807843027496,0.0,710
1282.7243729737766,0.0,-12827.243729737766,573.0807843027496,1550.4307922312053,0.0,-0.0,0.03758346768068274,0.36094485086520944,0.0,799.2,0.0,0.0,1.0,888.0,-0.0,118,-38.49825169572383,0.0,118,-52.72413305991827,0.0,118,-20.64508392086478,0.0,118,-57.04699697130266,0.0,120,-48.95893697356789,0.0,118,-36.65742529613744,0.0,0.0,0.356411328972986,0.356411328972986,0.0,-12827.243729737766,-12827.243729737766,1283.0807843027496,1283.0807843027496,1283.0807843027496,0.0,0.0,573.0807843027496,0.0,710
1282.7243729737766,0.0,-12827.243729737766,573.0807843027496,2066.20349810368,0.0,-0.0,0.050086139143909046,0.36094485086520944,0.0,799.2,0.0,0.0,1.0,888.0,-0.0,118,-15.096456817798398,0.0,118,-38.57950391930865,0.0,118,-34.680037942115156,0.0,118,-47.72165162949093,0.0,120,-17.170443709973352,0.0,118,-14.221374872435092,0.0,0.0,0.356411328972986,0.356411328972986,0.0,-12827.243729737766,-12827.243729737766,1283.0807843027496,1283.0807843027496,1283.0807843027496,0.0,0.0,573.0807843027496,0.0,710
1282.7243729737766,0.0,-12827.243729737766,573.0807843027496,2581.9762039761545,0.0,-0.0,0.06258881060713535,0.36094485086520944,0.0,799.2,0.0,0.0,1.0,888.0,-0.0,118,-25.583865002338843,0.0,118,-41.454522504371084,0.0,118,-38.19234084920111,0.0,118,-36.3172978944671,0.0,120,-40.85181466591924,0.0,118,-29.61840202741782,0.0,0.0,0.356411328972986,0.356411328972986,0.0,-12827.243729737766,-12827.243729737766,1283.0807843027496,1283.0807843027496,1283.0807843027496,0.0,0.0,573.0807843027496,0.0,710
1694.0010726173002,0.0,-16940.010726173,984.4717592170828,3097.7489098486294,0.0,-0.0,0.07509148207036166,0.36094485086520944,0.0,799.2,0.0,0.0,1.0,888.0,-0.0,118,-26.510102888841264,0.0,118,-18.292877557041503,0.0,118,-57.25576448208775,0.0,118,-31.486956366829233,0.0,120,-34.953845521121345,0.0,118,-54.470259836259295,0.0,0.0,0.470686599782523,0.470686599782523,0.0,-16940.010726173,-16940.010726173,1694.4717592170828,1694.4717592170828,1694.4717592170828,0.0,0.0,984.4717592170828,0.0,710
1694.0010726173002,0.0,-16940.010726173,984.4717592170828,3983.773493144004,0.0,-0.0,0.09656930388442063,0.36094485086520944,0.0,799.2,0.0,0.0,1.0,888.0,-0.0,118,-7.427407402496559,0.0,118,-56.97902994390362,0.0,118,-44.15202818712209,0.0,118,-25.396391904139975,0.0,120,-13.117394503161979,0.0,118,-53.087857752631585,0.0,0.0,0.470686599782523,0.470686599782523,0.0,-16940.010726173,-16940.010726173,1694.4717592170828,1694.4717592170828,1694.4717592170828,0.0,0.0,984.4717592170828,0.0,710
1694.0010726173002,0.0,-16940.010726173,984.4717592170828,4869.798076439379,0.0,-0.0,0.1180471256984796,0.36094485086520944,0.0,799.2,0.0,0.0,1.0,888.0,-0.0,118,-58.31082169837172,0.0,118,-15.042945351498783,0.0,118,-53.609594158038384,0.0,118,-8.258262502697429,0.0,120,-8.314774605292998,0.0,118,-35.48678332058327,0.0,0.0,0.470686599782523,0.470686599782523,0.0,-16940.010726173,-16940.010726173,1694.4717592170828,1694.4717592170828,1694.4717592170828,0.0,0.0,984.4717592170828,0.0,710
1694.0010726173002,0.0,-16940.010726173,984.4717592170828,5755.822659734753,0.0,-0.0,0.13952494751253855,0.36094485086520944,0.0,799.2,0.0,0.0,1.0,888.0,-0.0,118,-3.737527511380838,0.0,118,-3.515974638226158,0.0,118,-48.987172049838705,0.0,118,-47.59999805620565,0.0,120,-40.13816007699443,0.0,118,-39.021420102587314,0.0,0.0,0.470686599782523,0.470686599782523,0.0,-16940.010726173,-16940.010726173,1694.4717592170828,1694.4717592170828,1694.4717592170828,0.0,0.0,984.4717592170828,0.0,710
1694.0010726173002,0.0,-16940.010726173,984.4717592170828,6641.847243030127,0.0,-0.0,0.16100276932659752,0.36094485086520944,0.0,799.2,0.0,0.0,1.0,888.0,-0.0,118,-27.891168197965367,0.0,118,-34.462721390220466,0.0,118,-6.496982023759235,0.0,118,-7.909506307902198,0.0,120,-4.516413817927328,0.0,118,-5.240123281041004,0.0,0.0,0.470686599782523,0.470686599782523,0.0,-16940.010726173,-16940.010726173,1694.4717592170828,1694.4717592170828,1694.4717592170828,0.0,0.0,984.4717592170828,0.0,710
1694.0010726173002,0.0,-16940.010726173,984.4717592170828,7527.871826325501,0.0,-0.0,0.18248059114065648,0.36094485086520944,0.0,799.2,0.0,0.0,1.0,888.0,-0.0,118,-33.14405247804133,0.0,118,-0.4692227061117138,0.0,118,-35.38313469135099,0.0,118,-16.9221436134617,0.0,120,-51.988616860021324,0.0,118,-59.5573122053639,0.0,0.0,0.470686599782523,0.470686599782523,0.0,-16940.010726173,-16940.010726173,1694.4717592170828,1694.4717592170828,1694.4717592170828,0.0,0.0,984.4717592170828,0.0,710
1866.5741355721502,0.0,-18665.741355721504,1157.0927724533872,8413.896409620877,0.0,-0.0,0.20395841295471545,0.36094485086520944,0.0,799.2,0.0,0.0,1.0,888.0,-0.0,118,-0.09182826549284151,0.0,118,-42.12385318948225,0.0,118,-24.473544049573746,0.0,118,-34.65562399463159,0.0,120,-51.948055340290146,0.0,118,-9.362243911811783,0.0,0.0,0.518636881237052,0.518636881237052,0.0,-18665.741355721504,-18665.741355721504,1867.0927724533872,1867.0927724533872,1867.0927724533872,0.0,0.0,1157.0927724533872,0.0,710
1866.5741355721502,0.0,-18665.741355721504,1157.0927724533872,9455.279904828925,0.0,-0.0,0.22920223753009297,0.36094485086520944,0.0,799.2,0.0,0.0,1.0,888.0,-0.0,118,-4.5428301650708995,0.0,118,-8.263492454380604,0.0,118,-48.07897130333592,0.0,118,-33.61439323050974,0.0,120,-30.77911188918312,0.0,118,-9.318274624693485,0.0,0.0,0.518636881237052,0.518636881237052,0.0,-18665.741355721504,-18665.741355721504,1867.0927724533872,1867.0927724533872,1867.0927724533872,0.0,0.0,1157.0927724533872,0.0,710
1866.5741355721502,0.0,-18665.741355721504,1157.0927724533872,10496.663400036974,0.0,-0.0,0.2544460621054705,0.36094485086520944,0.0,799.2,0.0,0.0,1.0,888.0,-0.0,118,-14.719075250247391,0.0,118,-57.62252187326646,0.0,118,-34.73615664034172,0.0,118,-34.72881971470008,0.0,120,-24.59788311551348,0.0,118,-1.7757263657019173,0.0,0.0,0.518636881237052,0.518636881237052,0.0,-18665.741355721504,-18665.741355721504,1867.0927724533872,1867.0927724533872,1867.0927724533872,0.0,0.0,1157.0927724533872,0.0,710
1866.5741355721502,0.0,-18665.741355721504,1157.0927724533872,11538.046895245023,0.0,-0.0,0.279689886680848,0.36094485086520944,0.0,799.2,0.0,0.0,1.0,888.0,-0.0,118,-24.31404179811828,0.0,118,-49.81898796378522,0.0,118,-24.72301756842326,0.0,118,-18.949316614991677,0.0,120,-17.13620418477765,0.0,118,-42.25212008842721,0.0,0.0,0.518636881237052,0.518636881237052,0.0,-18665.741355721504,-18665.741355721504,1867.0927724533872,1867.0927724533872,1867.0927724533872,0.0,0.0,1157.0927724533872,0.0,710
1866.5741355721502,0.0,-18665.741355721504,1157.0927724533872,12579.430390453072,0.0,-0.0,0.30493371125622554,0.36094485086520944,0.0,799.2,0.0,0.0,1.0,888.0,-0.0,118,-33.503364814408215,0.0,118,-21.661542758704112,0.0,118,-17.027930141191533,0.0,118,-42.6147114906329,0.0,120,-53.723305778917414,0.0,118,-11.211245038580557,0.0,0.0,0.518636881237052,0.518636881237052,0.0,-18665.741355721504,-18665.741355721504,1867.0927724533872,1867.0927724533872,1867.0927724533872,0.0,0.0,1157.0927724533872,0.0,710
1866.5741355721502,0.0,-18665.741355721504,1157.0927724533872,13620.81388566112,0.0,-0.0,0.33017753583160303,0.36094485086520944,0.0,799.2,0.0,0.0,1.0,888.0,-0.0,118,-15.938037294173732,0.0,118,-47.08547134661092,0.0,118,-54.411609148243635,0.0,118,-47.14186658092946,0.0,120,-0.4083860979438114,0.0,118,-50.38095285496631,0.0,0.0,0.518636881237052,0.518636881237052,0.0,-18665.741355721504,-18665.741355721504,1867.0927724533872,1867.0927724533872,1867.0927724533872,0.0,0.0,1157.0927724533872,0.0,710
1750.4838134958607,0.0,-17504.838134958605,1040.9701941053343,14662.19738086917,0.0,-0.0,0.3554213604069806,0.36094485086520944,0.0,799.2,0.0,0.0,1.0,888.0,-0.0,118,-35.4219367930184,0.0,118,-6.519433391549409,0.0,118,-2.7988135366047073,0.0,118,-9.727698430345107,0.0,120,-41.638243231379505,0.0,118,-51.60541207267459,0.0,0.0,0.486380609473704,0.486380609473704,0.0,-17504.838134958605,-17504.838134958605,1750.9701941053343,1750.9701941053343,1750.9701941053343,0.0,0.0,1040.9701941053343,0.0,710
1750.4838134958607,0.0,-17504.838134958605,1040.9701941053343,15599.07055556397,0.0,-0.0,0.3781317857019846,0.36094485086520944,0.0,799.2,0.0,0.0,1.0,888.0,-0.0,118,-35.11322211489683,0.0,118,-19.510916048005132,0.0,118,-58.129920523027614,0.0,118,-39.34629079154454,0.0,120,-21.75695404819821,0.0,118,-47.14432004404829,0.0,0.0,0.486380609473704,0.486380609473704,0.0,-17504.838134958605,-17504.838134958605,1750.9701941053343,1750.9701941053343,1750.9701941053343,0.0,0.0,1040.9701941053343,0.0,710
1750.4838134958607,0.0,-17504.838134958605,1040.9701941053343,16535.943730258772,0.0,-0.0,0.40084221099698863,0.36094485086520944,0.0,799.2,0.0,0.0,1.0,888.0,-0.0,118,-21.334176821657486,0.0,118,-14.976271204680575,0.0,118,-11.966363416771284,0.0,118,-6.4965128396892595,0.0,120,-0.3477866432933929,0.0,118,-10.583153820973493,0.0,0.0,0.486380609473704,0.486380609473704,0.0,-17504.838134958605,-17504.838134958605,1750.9701941053343,1750.9701941053343,1750.9701941053343,0.0,0.0,1040.9701941053343,0.0,710
1750.4838134958607,0.0,-17504.838134958605,1040.9701941053343,17472.81690495357,0.0,-0.0,0.42355263629199263,0.36094485086520944,0.0,799.2,0.0,0.0,1.0,888.0,-0.0,118,-59.70217276721167,0.0,118,-6.120084733048417,0.0,118,-42.426341654162435,0.0,118,-51.0135168064094,0.0,120,-23.448576473917498,0.0,118,-39.18627180054129,0.0,0.0,0.486380609473704,0.486380609473704,0.0,-17504.838134958605,-17504.838134958605,1750.9701941053343,1750.9701941053343,1750.9701941053343,0.0,0.0,1040.9701941053343,0.0,710
1750.4838134958607,0.0,-17504.838134958605,1040.9701941053343,18409.69007964837,0.0,-0.0,0.44626306158699663,0.36094485086520944,0.0,799.2,0.0,0.0,1.0,888.0,-0.0,118,-43.602971263386436,0.0,118,-47.64571971079594,0.0,118,-34.07971080124957,0.0,118,-35.97199268456446,0.0,120,-15.106352457775927,0.0,118,-25.786456761007223,0.0,0.0,0.486380609473704,0.486380609473704,0.0,-17504.838134958605,-17504.838134958605,1750.9701941053343,1750.9701941053343,1750.9701941053343,0.0,0.0,1040.9701941053343,0.0,710
1750.4838134958607,0.0,-17504.838134958605,1040.9701941053343,19346.56325434317,0.0,-0.0,0.46897348688200063,0.36094485086520944,0.0,799.2,0.0,0.0,1.0,888.0,-0.0,118,-31.267226137741208,0.0,118,-6.822835164836096,0.0,118,-52.79386020832771,0.0,118,-22.184703706126903,0.0,120,-44.29006921736919,0.0,118,-1.2213739208588414,0.0,0.0,0.486380609473704,0.486380609473704,0.0,-17504.838134958605,-17504.838134958605,1750.9701941053343,1750.9701941053343,1750.9701941053343,0.0,0.0,1040.9701941053343,0.0,710
1408.1666343353515,0.0,-14081.666343353516,698.5579004188012,20283.43642903797,0.0,-0.0,0.4916839121770046,0.36094485086520944,0.0,799.2,0.0,0.0,1.0,888.0,-0.0,118,-47.59104697707593,0.0,118,-30.854201915035365,0.0,118,-20.77355888388635,0.0,118,-18.993628735548945,0.0,120,-39.266286204100474,0.0,118,-38.08224350114448,0.0,0.0,0.391266083449667,0.391266083449667,0.0,-14081.666343353516,-14081.666343353516,1408.5579004188012,1408.5579004188012,1408.5579004188012,0.0,0.0,698.5579004188012,0.0,710
1408.1666343353515,0.0,-14081.666343353516,698.5579004188012,20912.138539414893,0.0,-0.0,0.5069240670839671,0.36094485086520944,0.0,799.2,0.0,0.0,1.0,888.0,-0.0,118,-52.560469922972636,0.0,118,-42.02789675092112,0.0,118,-24.027716158942802,0.0,118,-9.32443804457755,0.0,120,-39.1269107478861,0.0,118,-51.952230261516505,0.0,0.0,0.391266083449667,0.391266083449667,0.0,-14081.666343353516,-14081.666343353516,1408.5579004188012,1408.5579004188012,1408.5579004188012,0.0,0.0,698.5579004188012,0.0,710
1408.1666343353515,0.0,-14081.666343353516,698.5579004188012,21540.840649791815,0.0,-0.0,0.5221642219909295,0.36094485086520944,0.0,799.2,0.0,0.0,1.0,888.0,-0.0,118,-29.883013179737134,0.0,118,-37.08373982438811,0.0,118,-26.634280174728655,0.0,118,-47.447550664907105,0.0,120,-58.809572154939445,0.0,118,-34.1291476112723,0.0,0.0,0.391266083449667,0.391266083449667,0.0,-14081.666343353516,-14081.666343353516,1408.5579004188012,1408.5579004188012,1408.5579004188012,0.0,0.0,698.5579004188012,0.0,710
1408.1666343353515,0.0,-14081.666343353516,698.5579004188012,22169.542760168737,0.0,-0.0,0.537404376897892,0.36094485086520944,0.0,799.2,0.0,0.0,1.0,888.0,-0.0,118,-18.806304924926344,0.0,118,-54.12588933294479,0.0,118,-19.77120231100044,0.0,118,-1.4284252818048015,0.0,120,-28.57320336411352,0.0,118,-50.182687035254816,0.0,0.0,0.391266083449667,0.391266083449667,0.0,-14081.666343353516,-14081.666343353516,1408.5579004188012,1408.5579004188012,1408.5579004188012,0.0,0.0,698.5579004188012,0.0,710
1408.1666343353515,0.0,-14081.666343353516,698.5579004188012,22798.24487054566,0.0,-0.0,0.5526445318048544,0.36094485086520944,0.0,799.2,0.0,0.0,1.0,888.0,-0.0,118,-47.78686381717389,0.0,118,-44.14702261187934,0.0,118,-27.15934928808983,0.0,118,-10.977010563648266,0.0,120,-32.30949403058457,0.0,118,-26.8855419052784,0.0,0.0,0.391266083449667,0.391266083449667,0.0,-14081.666343353516,-14081.666343353516,1408.5579004188012,1408.5579004188012,1408.5579004188012,0.0,0.0,698.5579004188012,0.0,710
1408.1666343353515,0.0,-14081.666343353516,698.5579004188012,23426.94698092258,0.0,-0.0,0.5678846867118169,0.36094485086520944,0.0,799.2,0.0,0.0,1.0,888.0,-0.0,118,-38.301860506887394,0.0,118,-45.926433193149414,0.0,118,-32.99459864079571,0.0,118,-56.99113538049745,0.0,120,-10.42976031992118,0.0,118,-37.68149771485164,0.0,0.0,0.391266083449667,0.391266083449667,0.0,-14081.666343353516,-14081.666343353516,1408.5579004188012,1408.5579004188012,1408.5579004188012,0.0,0.0,698.5579004188012,0.0,710
933.0247982080916,0.0,-9330.247982080917,223.28404377580716,24055.649091299503,0.0,-0.0,0.5831248416187793,0.36094485086520944,0.0,799.2,0.0,0.0,1.0,888.0,-0.0,118,-26.19872890535315,0.0,118,-17.6953604092064,0.0,118,-52.89691886517786,0.0,118,-36.40721726435427,0.0,120,-42.10879003814735,0.0,118,-24.69701176005081,0.0,0.0,0.259245567715502,0.259245567715502,0.0,-9330.247982080917,-9330.247982080917,933.2840437758072,933.2840437758072,933.2840437758072,0.0,0.0,223.28404377580716,0.0,710
933.0247982080916,0.0,-9330.247982080917,223.28404377580716,24256.60473069773,0.0,-0.0,0.5879961392067905,0.36094485086520944,0.0,799.2,0.0,0.0,1.0,888.0,-0.0,118,-56.86204618095455,0.0,118,-41.53366820605948,0.0,118,-51.23048972487144,0.0,118,-54.14022749787887,0.0,120,-55.18950411957865,0.0,118,-41.939364269014774,0.0,0.0,0.259245567715502,0.259245567715502,0.0,-9330.247982080917,-9330.247982080917,933.2840437758072,933.2840437758072,933.2840437758072,0.0,0.0,223.28404377580716,0.0,710
933.0247982080916,0.0,-9330.247982080917,223.28404377580716,24457.56037009596,0.0,-0.0,0.5928674367948018,0.36094485086520944,0.0,799.2,0.0,0.0,1.0,888.0,-0.0,118,-33.84362601778165,0.0,118,-48.18910801149536,0.0,118,-15.88938292048409,0.0,118,-2.8486008591395895,0.0,120,-20.837507082894838,0.0,118,-47.216021999528394,0.0,0.0,0.259245567715502,0.259245567715502,0.0,-9330.247982080917,-9330.247982080917,933.2840437758072,933.2840437758072,933.2840437758072,0.0,0.0,223.28404377580716,0.0,710
933.0247982080916,0.0,-9330.247982080917,223.28404377580716,24658.516009494186,0.0,-0.0,0.597738734382813,0.36094485086520944,0.0,799.2,0.0,0.0,1.0,888.0,-0.0,118,-50.34167400696338,0.0,118,-13.278614912904864,0.0,118,-20.012024051913993,0.0,118,-38.118353592028676,0.0,120,-42.738492422309015,0.0,118,-13.143394427311996,0.0,0.0,0.259245567715502,0.259245567715502,0.0,-9330.247982080917,-9330.247982080917,933.2840437758072,933.2840437758072,933.2840437758072,0.0,0.0,223.28404377580716,0.0,710
933.0247982080916,0.0,-9330.247982080917,223.28404377580716,24859.471648892413,0.0,-0.0,0.6026100319708243,0.36094485086520944,0.0,799.2,0.0,0.0,1.0,888.0,-0.0,118,-37.77587143404227,0.0,118,-35.587622002121606,0.0,118,-7.730761826105514,0.0,118,-28.238909763839033,0.0,120,-49.28610163101482,0.0,118,-34.70817684338168,0.0,0.0,0.259245567715502,0.259245567715502,0.0,-9330.247982080917,-9330.247982080917,933.2840437758072,933.2840437758072,933.2840437758072,0.0,0.0,223.28404377580716,0.0,710
933.0247982080916,0.0,-9330.247982080917,140.28404377580716,25060.42728829064,0.0,-0.0,0.6074813295588355,0.36094485086520944,0.0,799.2,0.0,0.0,1.0,888.0,-0.0,118,-39.940395922714075,0.0,118,-4.74928722731303,0.0,118,-29.200058491855792,0.0,118,-36.53391199303128,0.0,203,-0.3899045823876057,0.0,118,-29.175715690158494,0.0,0.0,0.259245567715502,0.259245567715502,0.0,-9330.247982080917,-9330.247982080917,933.2840437758072,933.2840437758072,933.2840437758072,0.0,0.0,140.28404377580716,0.0,793
414.4749607182772,0.0,-4144.749607182772,0.0,25186.682927688867,378.4098753582112,-0.0,0.6105418497488393,0.36094485086520944,0.0,799.2,0.0,0.0,1.0,888.0,-0.0,118,-58.40245600851331,0.0,118,-8.370312776086614,0.0,118,-58.86676480948235,0.0,118,-42.839665286630314,0.0,203,-3.6502293301675137,0.0,118,-37.789263078524414,0.0,0.0,0.115163923511608,0.115163923511608,0.0,-4144.749607182772,-4144.749607182772,793.0,793.0,414.5901246417888,0.0,378.4098753582112,0.0,0.0,793
414.4749607182772,0.0,-4144.749607182772,0.0,24766.227510624187,378.4098753582112,-0.0,0.6003497323982301,0.36094485086520944,0.0,799.2,0.0,0.0,1.0,888.0,-0.0,118,-2.6774936348289313,0.0,118,-10.74796712367867,0.0,118,-27.897699283642716,0.0,118,-34.167216762192865,0.0,203,-56.824739418746056,0.0,118,-12.33336160879341,0.0,0.0,0.115163923511608,0.115163923511608,0.0,-4144.749607182772,-4144.749607182772,793.0,793.0,414.5901246417888,0.0,378.4098753582112,0.0,0.0,793
414.4749607182772,0.0,-4144.749607182772,0.0,24345.772093559506,378.4098753582112,-0.0,0.5901576150476209,0.36094485086520944,0.0,799.2,0.0,0.0,1.0,888.0,-0.0,118,-27.67795106005797,0.0,118,-25.709918712255977,0.0,118,-24.01536899007319,0.0,118,-9.968763527316833,0.0,203,-48.8471148692337,0.0,118,-46.057225561579415,0.0,0.0,0.115163923511608,0.115163923511608,0.0,-4144.749607182772,-4144.749607182772,793.0,793.0,414.5901246417888,0.0,378.4098753582112,0.0,0.0,793
414.4749607182772,0.0,-4144.749607182772,0.0,23925.316676494826,378.4098753582112,-0.0,0.5799654976970118,0.36094485086520944,0.0,799.2,0.0,0.0,1.0,888.0,-0.0,118,-24.182191583889534,0.0,118,-45.5565367611731,0.0,118,-56.53291273789914,0.0,118,-41.07011986457501,0.0,203,-41.405594155772064,0.0,118,-7.6378998707219425,0.0,0.0,0.115163923511608,0.115163923511608,0.0,-4144.749607182772,-4144.749607182772,793.0,793.0,414.5901246417888,0.0,378.4098753582112,0.0,0.0,793
414.4749607182772,0.0,-4144.749607182772,0.0,23504.861259430145,378.4098753582112,-0.0,0.5697733803464026,0.36094485086520944,0.0,799.2,0.0,0.0,1.0,888.0,-0.0,118,-33.88899282046752,0.0,118,-53.10338074287083,0.0,118,-33.71040885274668,0.0,118,-33.047778972576275,0.0,203,-26.645029089417026,0.0,118,-32.62448010481465,0.0,0.0,0.115163923511608,0.115163923511608,0.0,-4144.749607182772,-4144.749607182772,793.0,793.0,414.5901246417888,0.0,378.4098753582112,0.0,0.0,793
414.4749607182772,0.0,-4144.749607182772,0.0,23084.405842365464,378.4098753582112,-0.0,0.5595812629957934,0.36094485086520944,0.0,799.2,0.0,0.0,1.0,888.0,-0.0,118,-40.0362352313178,0.0,118,-7.03057993296431,0.0,118,-28.381602557626934,0.0,118,-11.475030662456643,0.0,203,-26.391961917760188,0.0,118,-18.96236470135675,0.0,0.0,0.115163923511608,0.115163923511608,0.0,-4144.749607182772,-4144.749607182772,793.0,793.0,414.5901246417888,0.0,378.4098753582112,0.0,0.0,793
0.0,0.0,-0.0,0.0,22663.950425300784,793.0,-0.0,0.5493891456451842,0.36094485086520944,0.0,799.2,0.0,0.0,1.0,888.0,-0.0,118,-58.360154469068625,0.0,118,-47.11146053061799,0.0,118,-52.01211730035383,0.0,118,-51.00009090203771,0.0,203,-31.693814595550172,0.0,118,-39.694389890601784,0.0,0.0,0.0,0.0,0.0,0.0,0.0,793.0,793.0,0.0,0.0,793.0,0.0,0.0,793
0.0,0.0,-0.0,0.0,21782.839314189674,793.0,-0.0,0.5280304296460785,0.36094485086520944,0.0,799.2,0.0,0.0,1.0,888.0,-0.0,118,-15.951620879803825,0.0,118,-37.15921110228594,0.0,118,-49.055130628335874,0.0,118,-29.596873352868403,0.0,203,-19.333851925621904,0.0,118,-36.313214305879285,0.0,0.0,0.0,0.0,0.0,0.0,0.0,793.0,793.0,0.0,0.0,793.0,0.0,0.0,793
0.0,0.0,-0.0,0.0,20901.728203078565,793.0,-0.0,0.5066717136469727,0.36094485086520944,0.0,799.2,0.0,0.0,1.0,888.0,-0.0,118,-47.55356873238757,0.0,118,-48.45039238180032,0.0,118,-7.961983051813421,0.0,118,-6.820056624946407,0.0,203,-15.036295344695302,0.0,118,-14.80633594048122,0.0,0.0,0.0,0.0,0.0,0.0,0.0,793.0,793.0,0.0,0.0,793.0,0.0,0.0,793
0.0,0.0,-0.0,0.0,20020.617091967455,793.0,-0.0,0.48531299764786695,0.36094485086520944,0.0,799.2,0.0,0.0,1.0,888.0,-0.0,118,-56.26126904932098,0.0,118,-40.42300667392396,0.0,118,-58.400961758249316,0.0,118,-55.64245754046346,0.0,203,-18.96081074041244,0.0,118,-16.4120317313234,0.0,0.0,0.0,0.0,0.0,0.0,0.0,793.0,793.0,0.0,0.0,793.0,0.0,0.0,793
0.0,0.0,-0.0,0.0,19139.505980856346,793.0,-0.0,0.4639542816487612,0.36094485086520944,0.0,799.2,0.0,0.0,1.0,888.0,-0.0,118,-23.565562444980912,0.0,118,-2.108444481494025,0.0,118,-18.03034126149,0.0,118,-14.794534560387744,0.0,203,-27.647657648651748,0.0,118,-47.16796983155197,0.0,0.0,0.0,0.0,0.0,0.0,0.0,793.0,793.0,0.0,0.0,793.0,0.0,0.0,793
0.0,0.0,-0.0,0.0,18258.394869745236,793.0,-0.0,0.44259556564965546,0.36094485086520944,0.0,799.2,0.0,0.0,1.0,888.0,-0.0,118,-10.467521173021513,0.0,118,-2.679051800837171,0.0,118,-8.187615497121927,0.0,118,-35.61320985414349,0.0,203,-56.189893877629125,0.0,118,-7.164611279421145,0.0,0.0,0.0,0.0,0.0,0.0,0.0,793.0,793.0,0.0,0.0,793.0,0.0,0.0,793
0.0,0.0,-0.0,0.0,17377.283758634127,793.0,-0.0,0.4212368496505497,0.36094485086520944,0.0,799.2,0.0,0.0,1.0,888.0,-0.0,118,-50.2925446197744,0.0,118,-5.634105339841502,0.0,118,-14.675948797714351,0.0,118,-47.717864359063306,0.0,203,-45.67318863518649,0.0,118,-34.278217739778604,0.0,0.0,0.0,0.0,0.0,0.0,0.0,793.0,793.0,0.0,0.0,793.0,0.0,0.0,793
0.0,0.0,-0.0,0.0,16496.172647523017,793.0,-0.0,0.3998781336514439,0.36094485086520944,0.0,799.2,0.0,0.0,1.0,888.0,-0.0,118,-44.330831924732,0.0,118,-21.87891238509126,0.0,118,-26.536110398850457,0.0,118,-20.67178852871406,0.0,203,-59.57565212798084,0.0,118,-12.706563752495018,0.0,0.0,0.0,0.0,0.0,0.0,0.0,793.0,793.0,0.0,0.0,793.0,0.0,0.0,793
0.0,0.0,-0.0,0.0,15615.061536411906,710.0,-0.0,0.37851941765233815,0.36094485086520944,0.0,799.2,0.0,0.0,1.0,888.0,-0.0,118,-40.26183565333041,0.0,118,-53.39375572050228,0.0,118,-14.740150217362071,0.0,118,-23.486108808551254,0.0,120,-37.9512176178601,0.0,118,-59.639603970193974,0.0,0.0,0.0,0.0,0.0,0.0,0.0,710.0,710.0,0.0,0.0,710.0,0.0,0.0,710
0.0,0.0,-0.0,0.0,14826.172647523017,710.0,-0.0,0.35939622930509335,0.36094485086520944,0.0,799.2,0.0,0.0,1.0,888.0,-0.0,118,-48.35512740277893,0.0,118,-53.30214692480405,0.0,118,-54.53079308099818,0.0,118,-55.82221392946575,0.0,120,-29.15507379859516,0.0,118,-4.487331269654254,0.0,0.0,0.0,0.0,0.0,0.0,0.0,710.0,710.0,0.0,0.0,710.0,0.0,0.0,710
0.0,0.0,-0.0,0.0,14037.283758634128,710.0,-0.0,0.3402730409578486,0.36094485086520944,0.0,799.2,0.0,0.0,1.0,888.0,-0.0,118,-27.131976346395653,0.0,118,-47.87944082023866,0.0,118,-45.82984262244173,0.0,118,-47.896517152633535,0.0,120,-47.586014953717225,0.0,118,-22.62353611530936,0.0,0.0,0.0,0.0,0.0,0.0,0.0,710.0,710.0,0.0,0.0,710.0,0.0,0.0,710
0.0,0.0,-0.0,0.0,13248.39486974524,710.0,-0.0,0.3211498526106038,0.36094485086520944,0.0,799.2,0.0,0.0,1.0,888.0,-0.0,118,-20.361958074178055,0.0,118,-15.898195677897213,0.0,118,-35.998455364237145,0.0,118,-20.695354910289463,0.0,120,-2.5646951077730917,0.0,118,-49.53421814902125,0.0,0.0,0.0,0.0,0.0,0.0,0.0,710.0,710.0,0.0,0.0,710.0,0.0,0.0,710
0.0,0.0,-0.0,0.0,12459.505980856351,710.0,-0.0,0.30202666426335906,0.36094485086520944,0.0,799.2,0.0,0.0,1.0,888.0,-0.0,118,-2.4670156978690394,0.0,118,-10.934548141133078,0.0,118,-24.52183549137672,0.0,118,-34.80142960818835,0.0,120,-6.093988533688628,0.0,118,-6.83456293373059,0.0,0.0,0.0,0.0,0.0,0.0,0.0,710.0,710.0,0.0,0.0,710.0,0.0,0.0,710
0.0,0.0,-0.0,0.0,11670.617091967462,710.0,-0.0,0.28290347591611426,0.36094485086520944,0.0,799.2,0.0,0.0,1.0,888.0,-0.0,118,-13.444435900901352,0.0,118,-0.6870123919524751,0.0,118,-48.03588047780309,0.0,118,-11.070770657152973,0.0,120,-13.747923808030452,0.0,118,-39.19925520923856,0.0,0.0,0.0,0.0,0.0,0.0,0.0,710.0,710.0,0.0,0.0,710.0,0.0,0.0,710
0.0,0.0,-0.0,0.0,10881.728203078574,710.0,-0.0,0.2637802875688695,0.36094485086520944,0.0,799.2,0.0,0.0,1.0,888.0,-0.0,118,-30.290417143515477,0.0,118,-31.023047035163998,0.0,118,-25.37044585082071,0.0,118,-32.746865539675326,0.0,120,-47.726742125426824,0.0,118,-44.60500484693766,0.0,0.0,0.0,0.0,0.0,0.0,0.0,710.0,710.0,0.0,0.0,710.0,0.0,0.0,710
0.0,0.0,-0.0,0.0,10092.839314189685,710.0,-0.0,0.24465709922162474,0.36094485086520944,0.0,799.2,0.0,0.0,1.0,888.0,-0.0,118,-23.3971505616876,0.0,118,-34.364394103191216,0.0,118,-2.2638336436838813,0.0,118,-57.187047966044545,0.0,120,-22.20152861956808,0.0,118,-44.950366336383375,0.0,0.0,0.0,0.0,0.0,0.0,0.0,710.0,710.0,0.0,0.0,710.0,0.0,0.0,710
0.0,0.0,-0.0,0.0,9303.950425300796,710.0,-0.0,0.22553391087437996,0.36094485086520944,0.0,799.2,0.0,0.0,1.0,888.0,-0.0,118,-0.7550684237663496,0.0,118,-2.0879705607108168,0.0,118,-15.782442221708859,0.0,118,-31.96649753895414,0.0,120,-54.3198867000241,0.0,118,-56.820202874039516,0.0,0.0,0.0,0.0,0.0,0.0,0.0,710.0,710.0,0.0,0.0,710.0,0.0,0.0,710
0.0,0.0,-0.0,0.0,8515.061536411908,710.0,-0.0,0.2064107225271352,0.36094485086520944,0.0,799.2,0.0,0.0,1.0,888.0,-0.0,118,-3.828659834719248,0.0,118,-12.952193259468547,0.0,118,-14.706308193397714,0.0,118,-41.626511993830256,0.0,120,-23.378341417094145,0.0,118,-53.63551172831107,0.0,0.0,0.0,0.0,0.0,0.0,0.0,710.0,710.0,0.0,0.0,710.0,0.0,0.0,710
0.0,0.0,-0.0,0.0,7726.172647523019,710.0,-0.0,0.1872875341798904,0.36094485086520944,0.0,799.2,0.0,0.0,1.0,888.0,-0.0,118,-51.99911694926431,0.0,118,-45.48184263047401,0.0,118,-25.02565928015002,0.0,118,-47.938432282281966,0.0,120,-28.850608498491987,0.0,118,-37.44509683096768,0.0,0.0,0.0,0.0,0.0,0.0,0.0,710.0,710.0,0.0,0.0,710.0,0.0,0.0,710
0.0,0.0,-0.0,0.0,6937.28375863413,710.0,-0.0,0.16816434583264564,0.36094485086520944,0.0,799.2,0.0,0.0,1.0,888.0,-0.0,118,-27.677055618722438,0.0,118,-7.3087771203921115,0.0,118,-21.23152080129124,0.0,118,-9.325106817513493,0.0,120,-52.545587990062096,0.0,118,-13.185004218795534,0.0,0.0,0.0,0.0,0.0,0.0,0.0,710.0,710.0,0.0,0.0,710.0,0.0,0.0,710
0.0,0.0,-0.0,0.0,6148.3948697452415,710.0,-0.0,0.14904115748540087,0.36094485086520944,0.0,799.2,0.0,0.0,1.0,888.0,-0.0,118,-33.98988690943519,0.0,118,-4.758249321590369,0.0,118,-24.683598765203257,0.0,118,-33.37520938242713,0.0,120,-55.67735453565549,0.0,118,-17.839801075991353,0.0,0.0,0.0,0.0,0.0,0.0,0.0,710.0,710.0,0.0,0.0,710.0,0.0,0.0,710
0.0,0.0,-0.0,0.0,5359.505980856353,710.0,-0.0,0.1299179691381561,0.36094485086520944,0.0,799.2,0.0,0.0,1.0,888.0,-0.0,118,-31.77864432056746,0.0,118,-30.943281916774083,0.0,118,-25.737921730269186,0.0,118,-11.502911110026224,0.0,120,-23.53392342911969,0.0,118,-8.283542339814417,0.0,0.0,0.0,0.0,0.0,0.0,0.0,710.0,710.0,0.0,0.0,710.0,0.0,0.0,710
0.0,0.0,-0.0,0.0,4570.617091967464,710.0,-0.0,0.1107947807909113,0.36094485086520944,0.0,799.2,0.0,0.0,1.0,888.0,-0.0,118,-27.419836580846727,0.0,118,-16.40997043729478,0.0,118,-3.8997412355093153,0.0,118,-14.862037662771957,0.0,120,-34.89183107799991,0.0,118,-9.467333485931492,0.0,0.0,0.0,0.0,0.0,0.0,0.0,710.0,710.0,0.0,0.0,710.0,0.0,0.0,710
0.0,0.0,-0.0,0.0,3781.7282030785755,710.0,-0.0,0.09167159244366653,0.36094485086520944,0.0,799.2,0.0,0.0,1.0,888.0,-0.0,118,-54.096869433493694,0.0,118,-24.406744951046008,0.0,118,-9.618543245371114,0.0,118,-48.231306928461954,0.0,120,-39.19968553747871,0.0,118,-52.58710261029057,0.0,0.0,0.0,0.0,0.0,0.0,0.0,710.0,710.0,0.0,0.0,710.0,0.0,0.0,710
0.0,0.0,-0.0,0.0,2992.839314189687,710.0,-0.0,0.07254840409642176,0.36094485086520944,0.0,799.2,0.0,0.0,1.0,888.0,-0.0,118,-2.423917979058814,0.0,118,-11.615854976402149,0.0,118,-34.32810482718602,0.0,118,-37.69078258161832,0.0,120,-40.19136221437021,0.0,118,-59.1586994149406,0.0,0.0,0.0,0.0,0.0,0.0,0.0,710.0,710.0,0.0,0.0,710.0,0.0,0.0,710
0.0,0.0,-0.0,0.0,2203.950425300798,710.0,-0.0,0.05342521574917698,0.36094485086520944,0.0,799.2,0.0,0.0,1.0,888.0,-0.0,118,-54.47742512081253,0.0,118,-56.05809232692028,0.0,118,-44.27717711603066,0.0,118,-1.0520423526964406,0.0,120,-33.03453815336611,0.0,118,-27.42499140874062,0.0,0.0,0.0,0.0,0.0,0.0,0.0,710.0,710.0,0.0,0.0,710.0,0.0,0.0,710
0.0,0.0,-0.0,0.0,1415.0615364119092,710.0,-0.0,0.0343020274019322,0.36094485086520944,0.0,799.2,0.0,0.0,1.0,888.0,-0.0,118,-56.42765417233529,0.0,118,-37.40830812417806,0.0,118,-14.354617116353642,0.0,118,-46.89048628347494,0.0,120,-24.375088493444306,0.0,118,-17.367744692011875,0.0,0.0,0.0,0.0,0.0,0.0,0.0,710.0,710.0,0.0,0.0,710.0,0.0,0.0,710
0.0,0.0,-0.0,0.0,626.1726475230203,563.5553827707182,-0.0,0.015178839054687423,0.36094485086520944,52.8584305258358,799.2,0.0,146.4446172292818,1.0,888.0,-130042.82009960224,118,-57.39801188730634,0.0,118,-44.58952860060748,0.0,118,-55.002215246422125,0.0,118,-58.65747021732641,0.0,120,-18.10485457474412,0.0,118,-13.720204538470622,0.0,0.0,0.0,0.0,0.0,-130042.82009960224,-130042.82009960224,710.0,710.0,0.0,0.0,710.0,0.0,0.0,710
0.0,0.0,-0.0,0.0,0.0,0.0,-0.0,0.0,0.36094485086520944,256.2708441142987,799.2,0.0,710.0,1.0,888.0,-630480.0,118,-19.208988697047943,0.0,118,-14.069066541679323,0.0,118,-2.3155233550362997,0.0,118,-58.06948633377669,0.0,120,-41.8140821780306,0.0,118,-56.42627591366388,0.0,0.0,0.0,0.0,0.0,-630480.0,-630480.0,710.0,710.0,0.0,0.0,710.0,0.0,0.0,710
0.0,0.0,-0.0,0.0,0.0,0.0,-0.0,0.0,0.36094485086520944,256.2708441142987,799.2,0.0,710.0,1.0,888.0,-630480.0,118,-56.944802263696126,0.0,118,-9.273274179684813,0.0,118,-55.49881621309883,0.0,118,-15.433740136470917,0.0,120,-40.79682495951923,0.0,118,-51.8167368805763,0.0,0.0,0.0,0.0,0.0,-630480.0,-630480.0,710.0,710.0,0.0,0.0,710.0,0.0,0.0,710
0.0,0.0,-0.0,0.0,0.0,0.0,-0.0,0.0,0.36094485086520944,256.2708441142987,799.2,0.0,710.0,1.0,888.0,-630480.0,118,-17.286363783855066,0.0,118,-38.670260272376474,0.0,118,-25.601164751869312,0.0,118,-2.902855251816747,0.0,120,-50.285975976911985,0.0,118,-56.27089854794965,0.0,0.0,0.0,0.0,0.0,-630480.0,-630480.0,710.0,710.0,0.0,0.0,710.0,0.0,0.0,710
0.0,0.0,-0.0,0.0,0.0,0.0,-0.0,0.0,0.36094485086520944,256.2708441142987,799.2,0.0,710.0,1.0,888.0,-630480.0,118,-51.67468713190203,0.0,118,-51.640971731680594,0.0,118,-42.64233374337006,0.0,118,-51.08773852173043,0.0,120,-37.95469527606886,0.0,118,-23.111099703676835,0.0,0.0,0.0,0.0,0.0,-630480.0,-630480.0,710.0,710.0,0.0,0.0,710.0,0.0,0.0,710
0.0,0.0,-0.0,0.0,0.0,0.0,-0.0,0.0,0.36094485086520944,256.2708441142987,799.2,0.0,710.0,1.0,888.0,-630480.0,118,-27.077049712684932,0.0,118,-29.164037386299363,0.0,118,-48.598982546312804,0.0,118,-36.3195644924911,0.0,120,-36.14797244851042,0.0,118,-39.31596425347139,0.0,0.0,0.0,0.0,0.0,-630480.0,-630480.0,710.0,710.0,0.0,0.0,710.0,0.0,0.0,710
0.0,0.0,-0.0,0.0,0.0,0.0,-0.0,0.0,0.36094485086520944,256.2708441142987,799.2,0.0,710.0,1.0,888.0,-630480.0,118,-25.752774037503254,0.0,118,-24.684768325995993,0.0,118,-50.49776061602207,0.0,118,-36.15930137928945,0.0,120,-53.602166726551346,0.0,118,-45.20220475593063,0.0,0.0,0.0,0.0,0.0,-630480.0,-630480.0,710.0,710.0,0.0,0.0,710.0,0.0,0.0,710
0.0,0.0,-0.0,0.0,0.0,0.0,-0.0,0.0,0.36094485086520944,256.2708441142987,799.2,0.0,710.0,1.0,888.0,-630480.0,118,-1.4240181188135326,0.0,118,-2.511078351466811,0.0,118,-47.41800363960589,0.0,118,-19.28230423786425,0.0,120,-5.732818320851109,0.0,118,-7.129100128738568,0.0,0.0,0.0,0.0,0.0,-630480.0,-630480.0,710.0,710.0,0.0,0.0,710.0,0.0,0.0,710
0.0,0.0,-0.0,0.0,0.0,0.0,-0.0,0.0,0.36094485086520944,256.2708441142987,799.2,0.0,710.0,1.0,888.0,-630480.0,118,-39.7710636058601,0.0,118,-54.69375128983466,0.0,118,-22.305545845679518,0.0,118,-52.76491488141633,0.0,120,-9.651170531299451,0.0,118,-29.014818418510245,0.0,0.0,0.0,0.0,0.0,-630480.0,-630480.0,710.0,710.0,0.0,0.0,710.0,0.0,0.0,710
0.0,0.0,-0.0,0.0,0.0,0.0,-0.0,0.0,0.36094485086520944,256.2708441142987,799.2,0.0,710.0,1.0,888.0,-630480.0,118,-36.97774631168444,0.0,118,-50.384129168679294,0.0,118,-44.122874888374156,0.0,118,-15.687439855026678,0.0,120,-7.633783068482696,0.0,118,-53.620743185370365,0.0,0.0,0.0,0.0,0.0,-630480.0,-630480.0,710.0,710.0,0.0,0.0,710.0,0.0,0.0,710
0.0,0.0,-0.0,0.0,0.0,0.0,-0.0,0.0,0.36094485086520944,256.2708441142987,799.2,0.0,710.0,1.0,888.0,-630480.0,118,-25.89225194635612,0.0,118,-24.938661768532093,0.0,118,-44.46202090524327,0.0,118,-35.55976329439721,0.0,120,-19.708992928952153,0.0,118,-45.96563879797245,0.0,0.0,0.0,0.0,0.0,-630480.0,-630480.0,710.0,710.0,0.0,0.0,710.0,0.0,0.0,710
0.0,0.0,-0.0,0.0,0.0,0.0,-0.0,0.0,0.36094485086520944,256.2708441142987,799.2,0.0,710.0,1.0,888.0,-630480.0,118,-10.641806892162586,0.0,118,-9.839562752808922,0.0,118,-10.123503927375712,0.0,118,-40.098416170156966,0.0,120,-36.30602796147082,0.0,118,-56.228943457969635,0.0,0.0,0.0,0.0,0.0,-630480.0,-630480.0,710.0,710.0,0.0,0.0,710.0,0.0,0.0,710
0.0,0.0,-0.0,0.0,0.0,0.0,-0.0,0.0,0.36094485086520944,256.2708441142987,799.2,0.0,710.0,1.0,888.0,-630480.0,118,-37.08191552633133,0.0,118,-21.151960210763555,0.0,118,-20.354977475914108,0.0,118,-15.896550737057646,0.0,120,-44.571077867231516,0.0,118,-17.777759743270003,0.0,0.0,0.0,0.0,0.0,-630480.0,-630480.0,710.0,710.0,0.0,0.0,710.0,0.0,0.0,710
0.0,0.0,-0.0,0.0,0.0,0.0,-0.0,0.0,0.36094485086520944,256.2708441142987,799.2,0.0,710.0,1.0,888.0,-630480.0,118,-12.85276743123852,0.0,118,-19.241184081693582,0.0,118,-31.049895087093557,0.0,118,-21.60005558905619,0.0,120,-25.370365934862797,0.0,118,-40.773152372488,0.0,0.0,0.0,0.0,0.0,-630480.0,-630480.0,710.0,710.0,0.0,0.0,710.0,0.0,0.0,710
0.0,0.0,-0.0,0.0,0.0,0.0,-0.0,0.0,0.36094485086520944,256.2708441142987,799.2,0.0,710.0,1.0,888.0,-630480.0,118,-46.07142773458534,0.0,118,-44.980534788329855,0.0,118,-28.919760825313997,0.0,118,-20.505720982393573,0.0,120,-51.83114207902943,0.0,118,-21.363330194766096,0.0,0.0,0.0,0.0,0.0,-630480.0,-630480.0,710.0,710.0,0.0,0.0,710.0,0.0,0.0,710
0.0,0.0,-0.0,0.0,0.0,0.0,-0.0,0.0,0.36094485086520944,256.2708441142987,799.2,0.0,710.0,1.0,888.0,-630480.0,118,-30.455086965789686,0.0,118,-40.467616178044686,0.0,118,-23.22931887053,0.0,118,-12.79134974342324,0.0,120,-55.78291879849615,0.0,118,-55.19779484417764,0.0,0.0,0.0,0.0,0.0,-630480.0,-630480.0,710.0,710.0,0.0,0.0,710.0,0.0,0.0,710
0.0,0.0,-0.0,0.0,0.0,0.0,-0.0,0.0,0.36094485086520944,256.9927338160291,799.2,0.0,712.0,1.0,888.0,-632256.0,118,-34.586863925004046,0.0,118,-33.84997245293621,0.0,120,-30.29702267473416,0.0,118,-9.70594044791576,0.0,120,-56.23670107227417,0.0,118,-5.491884699413296,0.0,0.0,0.0,0.0,0.0,-632256.0,-632256.0,712.0,712.0,0.0,0.0,712.0,0.0,0.0,712
0.0,0.0,-0.0,0.0,0.0,0.0,-0.0,0.0,0.36094485086520944,256.2708441142987,799.2,0.0,710.0,1.0,888.0,-630480.0,118,-24.845820314414063,0.0,118,-55.498447695533656,0.0,118,-31.456627248323215,0.0,118,-13.87296546853551,0.0,120,-53.30518853097068,0.0,118,-7.671538071473918,0.0,0.0,0.0,0.0,0.0,-630480.0,-630480.0,710.0,710.0,0.0,0.0,710.0,0.0,0.0,710
0.0,0.0,-0.0,0.0,0.0,0.0,-0.0,0.0,0.36094485086520944,256.9927338160291,799.2,0.0,712.0,1.0,888.0,-632256.0,120,-11.582595483621596,0.0,118,-59.63540920007544,0.0,118,-11.106473279444485,0.0,118,-53.59674171069865,0.0,120,-13.851950153593977,0.0,118,-55.237623674204116,0.0,0.0,0.0,0.0,0.0,-632256.0,-632256.0,712.0,712.0,0.0,0.0,712.0,0.0,0.0,712
0.0,0.0,-0.0,0.0,0.0,0.0,-0.0,0.0,0.36094485086520944,256.9927338160291,799.2,0.0,712.0,1.0,888.0,-632256.0,120,-22.254516436156493,0.0,118,-5.084038255837092,0.0,118,-53.5845406175323,0.0,118,-56.42385411127615,0.0,120,-32.820875601974755,0.0,118,-31.695817069389093,0.0,0.0,0.0,0.0,0.0,-632256.0,-632256.0,712.0,712.0,0.0,0.0,712.0,0.0,0.0,712
0.0,0.0,-0.0,0.0,0.0,0.0,-0.0,0.0,0.36094485086520944,256.9927338160291,799.2,0.0,712.0,1.0,888.0,-632256.0,120,-46.91377633829199,0.0,118,-28.973825157696524,0.0,118,-33.53922300853181,0.0,118,-56.59011518483564,0.0,120,-43.484248131595734,0.0,118,-7.536363687437849,0.0,0.0,0.0,0.0,0.0,-632256.0,-632256.0,712.0,712.0,0.0,0.0,712.0,0.0,0.0,712
0.0,0.0,-0.0,0.0,0.0,0.0,-0.0,0.0,0.36094485086520944,257.71462351775955,799.2,0.0,714.0,1.0,888.0,-634032.0,120,-51.136263915246914,0.0,118,-45.9322787187657,0.0,120,-17.561008250499096,0.0,118,-42.900378880029265,0.0,120,-34.67274871890047,0.0,118,-24.865611503422798,0.0,0.0,0.0,0.0,0.0,-634032.0,-634032.0,714.0,714.0,0.0,0.0,714.0,0.0,0.0,714
0.0,0.0,-0.0,0.0,0.0,0.0,-0.0,0.0,0.36094485086520944,257.71462351775955,799.2,0.0,714.0,1.0,888.0,-634032.0,120,-8.88469921955471,0.0,118,-51.135630254357416,0.0,120,-54.011200779906744,0.0,118,-28.38874855980414,0.0,120,-11.937662558199882,0.0,118,-53.08412005608867,0.0,0.0,0.0,0.0,0.0,-634032.0,-634032.0,714.0,714.0,0.0,0.0,714.0,0.0,0.0,714
0.0,0.0,-0.0,0.0,0.0,0.0,-0.0,0.0,0.36094485086520944,257.71462351775955,799.2,0.0,714.0,1.0,888.0,-634032.0,120,-12.260451999031838,0.0,118,-45.160150533986,0.0,120,-55.78517947480816,0.0,118,-47.35509297921633,0.0,120,-12.454683520112171,0.0,118,-18.22566655081313,0.0,0.0,0.0,0.0,0.0,-634032.0,-634032.0,714.0,714.0,0.0,0.0,714.0,0.0,0.0,714
0.0,0.0,-0.0,0.0,0.0,0.0,-0.0,0.0,0.36094485086520944,257.71462351775955,799.2,0.0,714.0,1.0,888.0,-634032.0,120,-21.797020632946495,0.0,118,-55.45184441110362,0.0,120,-27.379204080205902,0.0,118,-9.042450633606007,0.0,120,-42.21357751531731,0.0,118,-6.218576797819821,0.0,0.0,0.0,0.0,0.0,-634032.0,-634032.0,714.0,714.0,0.0,0.0,714.0,0.0,0.0,714
0.0,0.0,-0.0,0.0,0.0,0.0,-0.0,0.0,0.36094485086520944,257.71462351775955,799.2,0.0,714.0,1.0,888.0,-634032.0,120,-49.15789182909408,0.0,118,-56.75603585996764,0.0,120,-34.30401977107325,0.0,118,-2.6517535548149684,0.0,120,-9.119397552986419,0.0,118,-50.153633602514454,0.0,0.0,0.0,0.0,0.0,-634032.0,-634032.0,714.0,714.0,0.0,0.0,714.0,0.0,0.0,714
0.0,0.0,-0.0,0.0,0.0,0.0,-0.0,0.0,0.36094485086520944,257.71462351775955,799.2,0.0,714.0,1.0,888.0,-634032.0,120,-51.69920443338316,0.0,118,-48.62836557755227,0.0,120,-14.054185703603252,0.0,118,-48.367936493748765,0.0,120,-8.474699900039598,0.0,118,-24.638280117384447,0.0,0.0,0.0,0.0,0.0,-634032.0,-634032.0,714.0,714.0,0.0,0.0,714.0,0.0,0.0,714
0.0,0.0,-0.0,0.0,0.0,0.0,-0.0,0.0,0.36094485086520944,257.71462351775955,799.2,0.0,714.0,1.0,888.0,-634032.0,120,-18.649254827055227,0.0,118,-48.812966938756055,0.0,120,-57.67960280468859,0.0,118,-3.223168576844062,0.0,120,-22.860761099578895,0.0,118,-17.402386058188092,0.0,0.0,0.0,0.0,0.0,-634032.0,-634032.0,714.0,714.0,0.0,0.0,714.0,0.0,0.0,714
0.0,0.0,-0.0,0.0,0.0,0.0,-0.0,0.0,0.36094485086520944,257.71462351775955,799.2,0.0,714.0,1.0,888.0,-634032.0,120,-15.677401968666585,0.0,118,-45.50462818989314,0.0,120,-0.5353421367028366,0.0,118,-0.07153557504049557,0.0,120,-53.106985351284244,0.0,118,-37.45693658664467,0.0,0.0,0.0,0.0,0.0,-634032.0,-634032.0,714.0,714.0,0.0,0.0,714.0,0.0,0.0,714
0.0,0.0,-0.0,0.0,0.0,0.0,-0.0,0.0,0.36094485086520944,257.71462351775955,799.2,0.0,714.0,1.0,888.0,-634032.0,120,-2.2149996963809393,0.0,118,-13.067555610938197,0.0,120,-38.11188169621196,0.0,118,-20.805845466712448,0.0,120,-10.919376359215104,0.0,118,-55.38077047736712,0.0,0.0,0.0,0.0,0.0,-634032.0,-634032.0,714.0,714.0,0.0,0.0,714.0,0.0,0.0,714
0.0,0.0,-0.0,0.0,0.0,0.0,-0.0,0.0,0.36094485086520944,257.71462351775955,799.2,0.0,714.0,1.0,888.0,-634032.0,120,-5.046594822183639,0.0,118,-24.943242266856952,0.0,120,-34.692896308305436,0.0,118,-32.565612151004856,0.0,120,-51.94324979043873,0.0,118,-24.011712851907937,0.0,0.0,0.0,0.0,0.0,-634032.0,-634032.0,714.0,714.0,0.0,0.0,714.0,0.0,0.0,714
0.0,0.0,-0.0,0.0,0.0,0.0,-0.0,0.0,0.36094485086520944,257.71462351775955,799.2,0.0,714.0,1.0,888.0,-634032.0,120,-18.612547328912562,0.0,118,-40.16413583846224,0.0,120,-39.06612590776893,0.0,118,-34.85624547549144,0.0,120,-27.122152765687577,0.0,118,-15.112529327956242,0.0,0.0,0.0,0.0,0.0,-634032.0,-634032.0,714.0,714.0,0.0,0.0,714.0,0.0,0.0,714
0.0,0.0,-0.0,0.0,0.0,0.0,-0.0,0.0,0.36094485086520944,257.71462351775955,799.2,0.0,714.0,1.0,888.0,-634032.0,120,-34.953151671175576,0.0,118,-6.863107084050791,0.0,120,-33.26216591972503,0.0,118,-41.583546290854215,0.0,120,-35.893407098902536,0.0,118,-18.02768817839603,0.0,0.0,0.0,0.0,0.0,-634032.0,-634032.0,714.0,714.0,0.0,0.0,714.0,0.0,0.0,714
0.0,0.0,-0.0,0.0,0.0,0.0,-0.0,0.0,0.36094485086520944,257.71462351775955,799.2,0.0,714.0,1.0,888.0,-634032.0,120,-57.70721465958993,0.0,118,-18.30543213844664,0.0,120,-29.82525162893053,0.0,118,-37.0434305747968,0.0,120,-45.10466289678932,0.0,118,-6.355100464878742,0.0,0.0,0.0,0.0,0.0,-634032.0,-634032.0,714.0,714.0,0.0,0.0,714.0,0.0,0.0,714
0.0,0.0,-0.0,0.0,0.0,0.0,-0.0,0.0,0.36094485086520944,257.71462351775955,799.2,0.0,714.0,1.0,888.0,-634032.0,120,-56.031654356108625,0.0,118,-9.0892569669034,0.0,120,-36.199909849535324,0.0,118,-0.6146854215504427,0.0,120,-59.65777305892971,0.0,118,-23.98911531339387,0.0,0.0,0.0,0.0,0.0,-634032.0,-634032.0,714.0,714.0,0.0,0.0,714.0,0.0,0.0,714
0.0,0.0,-0.0,0.0,0.0,0.0,-0.0,0.0,0.36094485086520944,257.71462351775955,799.2,0.0,714.0,1.0,888.0,-634032.0,120,-18.118393881051365,0.0,118,-16.556401724305495,0.0,120,-22.188379832184772,0.0,118,-44.40089362026298,0.0,120,-6.216825949253407,0.0,118,-1.0005347915634166,0.0,0.0,0.0,0.0,0.0,-634032.0,-634032.0,714.0,714.0,0.0,0.0,714.0,0.0,0.0,714
0.0,0.0,-0.0,0.0,0.0,0.0,-0.0,0.0,0.36094485086520944,257.71462351775955,799.2,0.0,714.0,1.0,888.0,-634032.0,120,-31.51269636002824,0.0,118,-21.49132361440018,0.0,120,-15.347364127011877,0.0,118,-33.38153939697596,0.0,120,-11.476206985253032,0.0,118,-15.12200364602024,0.0,0.0,0.0,0.0,0.0,-634032.0,-634032.0,714.0,714.0,0.0,0.0,714.0,0.0,0.0,714
0.0,0.0,-0.0,0.0,0.0,0.0,-0.0,0.0,0.36094485086520944,257.71462351775955,799.2,0.0,714.0,1.0,888.0,-634032.0,120,-41.25793986063307,0.0,118,-36.84043268764572,0.0,120,-36.15110672428302,0.0,118,-41.57727437828833,0.0,120,-14.015239554617072,0.0,118,-8.056433858949227,0.0,0.0,0.0,0.0,0.0,-634032.0,-634032.0,714.0,714.0,0.0,0.0,714.0,0.0,0.0,714
0.0,0.0,-0.0,0.0,0.0,0.0,-0.0,0.0,0.36094485086520944,257.71462351775955,799.2,0.0,714.0,1.0,888.0,-634032.0,120,-52.47193989063658,0.0,118,-19.955171854929223,0.0,120,-7.879733449818225,0.0,118,-23.820472830260172,0.0,120,-18.56075074307816,0.0,118,-18.89654375278576,0.0,0.0,0.0,0.0,0.0,-634032.0,-634032.0,714.0,714.0,0.0,0.0,714.0,0.0,0.0,714
0.0,0.0,-0.0,0.0,0.0,0.0,-0.0,0.0,0.36094485086520944,257.71462351775955,799.2,0.0,714.0,1.0,888.0,-634032.0,120,-26.06785169846927,0.0,118,-31.015799738077277,0.0,120,-2.1507201845203228,0.0,118,-57.76908017554081,0.0,120,-16.793651327287378,0.0,118,-38.652314595794614,0.0,0.0,0.0,0.0,0.0,-634032.0,-634032.0,714.0,714.0,0.0,0.0,714.0,0.0,0.0,714
0.0,0.0,-0.0,0.0,0.0,0.0,-0.0,0.0,0.36094485086520944,257.71462351775955,799.2,0.0,714.0,1.0,888.0,-634032.0,120,-0.7580799369643376,0.0,118,-18.38151311539494,0.0,120,-33.67525704895536,0.0,118,-41.562427755629855,0.0,120,-59.990472393498685,0.0,118,-42.85310819680189,0.0,0.0,0.0,0.0,0.0,-634032.0,-634032.0,714.0,714.0,0.0,0.0,714.0,0.0,0.0,714
0.0,0.0,-0.0,0.0,0.0,0.0,-0.0,0.0,0.36094485086520944,257.71462351775955,799.2,0.0,714.0,1.0,888.0,-634032.0,120,-46.55461227599724,0.0,118,-30.55018187301269,0.0,120,-25.04015807779474,0.0,118,-4.413430924038879,0.0,120,-32.95676197917497,0.0,118,-52.56735123604387,0.0,0.0,0.0,0.0,0.0,-634032.0,-634032.0,714.0,714.0,0.0,0.0,714.0,0.0,0.0,714
0.0,0.0,-0.0,0.0,0.0,0.0,-0.0,0.0,0.36094485086520944,257.71462351775955,799.2,0.0,714.0,1.0,888.0,-634032.0,120,-39.28219133138686,0.0,118,-13.481193746948586,0.0,120,-46.01814740774504,0.0,118,-4.581354655234349,0.0,120,-7.584636044881787,0.0,118,-43.544378362280945,0.0,0.0,0.0,0.0,0.0,-634032.0,-634032.0,714.0,714.0,0.0,0.0,714.0,0.0,0.0,714
0.0,0.0,-0.0,0.0,0.0,0.0,-0.0,0.0,0.36094485086520944,257.71462351775955,799.2,0.0,714.0,1.0,888.0,-634032.0,120,-3.015604325016017,0.0,118,-10.863470766828335,0.0,120,-54.59599043644926,0.0,118,-2.538948687745728,0.0,120,-46.345593398562826,0.0,118,-9.497518898128824,0.0,0.0,0.0,0.0,0.0,-634032.0,-634032.0,714.0,714.0,0.0,0.0,714.0,0.0,0.0,714
0.0,0.0,-0.0,0.0,0.0,0.0,-0.0,0.0,0.36094485086520944,257.71462351775955,799.2,0.0,714.0,1.0,888.0,-634032.0,120,-44.21308590003689,0.0,118,-54.65897675225862,0.0,120,-16.250360694355685,0.0,118,-30.834251702451464,0.0,120,-40.57896144475616,0.0,118,-46.19969620820621,0.0,0.0,0.0,0.0,0.0,-634032.0,-634032.0,714.0,714.0,0.0,0.0,714.0,0.0,0.0,714
0.0,0.0,-0.0,0.0,0.0,0.0,-0.0,0.0,0.36094485086520944,257.71462351775955,799.2,0.0,714.0,1.0,888.0,-634032.0,120,-44.32748503112786,0.0,118,-56.70551766145989,0.0,120,-5.588852943507801,0.0,118,-36.211788787233104,0.0,120,-22.765061207006035,0.0,118,-4.790601510227932,0.0,0.0,0.0,0.0,0.0,-634032.0,-634032.0,714.0,714.0,0.0,0.0,714.0,0.0,0.0,714
0.0,0.0,-0.0,0.0,0.0,0.0,-0.0,0.0,0.36094485086520944,257.71462351775955,799.2,0.0,714.0,1.0,888.0,-634032.0,120,-47.44175332776533,0.0,118,-1.6164322410077414,0.0,120,-25.731343024718885,0.0,118,-9.25234137042935,0.0,120,-29.929855792748974,0.0,118,-25.312917811886336,0.0,0.0,0.0,0.0,0.0,-634032.0,-634032.0,714.0,714.0,0.0,0.0,714.0,0.0,0.0,714
0.0,0.0,-0.0,0.0,0.0,0.0,-0.0,0.0,0.36094485086520944,257.71462351775955,799.2,0.0,714.0,1.0,888.0,-634032.0,120,-0.6984872864795633,0.0,118,-43.65374219546811,0.0,120,-44.45713948451655,0.0,118,-23.410287214502247,0.0,120,-42.91169691477105,0.0,118,-31.945672590628863,0.0,0.0,0.0,0.0,0.0,-634032.0,-634032.0,714.0,714.0,0.0,0.0,714.0,0.0,0.0,714
0.0,0.0,-0.0,0.0,0.0,0.0,-0.0,0.0,0.36094485086520944,257.71462351775955,799.2,0.0,714.0,1.0,888.0,-634032.0,120,-31.717994358688507,0.0,118,-8.962196769752651,0.0,120,-30.3724519224842,0.0,118,-26.71538729050849,0.0,120,-48.08350228767861,0.0,118,-16.774486647617067,0.0,0.0,0.0,0.0,0.0,-634032.0,-634032.0,714.0,714.0,0.0,0.0,714.0,0.0,0.0,714
0.0,0.0,-0.0,0.0,0.0,0.0,-0.0,0.0,0.36094485086520944,257.71462351775955,799.2,0.0,714.0,1.0,888.0,-634032.0,120,-13.503244183083085,0.0,118,-48.39642282855025,0.0,120,-48.39429981622496,0.0,118,-2.4871208146704604,0.0,120,-12.8372726366433,0.0,118,-42.26901322769363,0.0,0.0,0.0,0.0,0.0,-634032.0,-634032.0,714.0,714.0,0.0,0.0,714.0,0.0,0.0,714
0.0,0.0,-0.0,0.0,0.0,0.0,-0.0,0.0,0.36094485086520944,257.71462351775955,799.2,0.0,714.0,1.0,888.0,-634032.0,120,-5.55014919729442,0.0,118,-28.489002225331646,0.0,120,-1.3412064584183403,0.0,118,-13.948110616320825,0.0,120,-28.717496185242055,0.0,118,-44.44420405247893,0.0,0.0,0.0,0.0,0.0,-634032.0,-634032.0,714.0,714.0,0.0,0.0,714.0,0.0,0.0,714
0.0,0.0,-0.0,0.0,0.0,0.0,-0.0,0.0,0.36094485086520944,257.71462351775955,799.2,0.0,714.0,1.0,888.0,-634032.0,120,-2.2206536858029224,0.0,118,-55.94123312587302,0.0,120,-27.364385602144267,0.0,118,-43.26813377242554,0.0,120,-47.399668523518194,0.0,118,-58.88199875131989,0.0,0.0,0.0,0.0,0.0,-634032.0,-634032.0,714.0,714.0,0.0,0.0,714.0,0.0,0.0,714
0.0,0.0,-0.0,0.0,0.0,0.0,-0.0,0.0,0.36094485086520944,257.71462351775955,799.2,0.0,714.0,1.0,888.0,-634032.0,120,-59.30102245518931,0.0,118,-54.93366752874377,0.0,120,-39.67488223645385,0.0,118,-24.90485871167674,0.0,120,-49.153894621065064,0.0,118,-15.93225066780784,0.0,0.0,0.0,0.0,0.0,-634032.0,-634032.0,714.0,714.0,0.0,0.0,714.0,0.0,0.0,714
0.0,0.0,-0.0,0.0,0.0,0.0,-0.0,0.0,0.36094485086520944,258.43651321948994,799.2,0.0,716.0,1.0,888.0,-635808.0,120,-29.83206865964151,0.0,118,-29.31845235719195,0.0,120,-29.40115819892774,0.0,120,-0.30632115091811185,0.0,120,-57.62942512690987,0.0,118,-30.910031860833865,0.0,0.0,0.0,0.0,0.0,-635808.0,-635808.0,716.0,716.0,0.0,0.0,716.0,0.0,0.0,716
0.0,0.0,-0.0,0.0,0.0,0.0,-0.0,0.0,0.36094485086520944,258.43651321948994,799.2,0.0,716.0,1.0,888.0,-635808.0,120,-2.3522073425791135,0.0,118,-22.104546519354184,0.0,120,-13.909276489798422,0.0,120,-30.284841388552312,0.0,120,-17.584099153456535,0.0,118,-13.814326156978003,0.0,0.0,0.0,0.0,0.0,-635808.0,-635808.0,716.0,716.0,0.0,0.0,716.0,0.0,0.0,716
0.0,0.0,-0.0,0.0,0.0,0.0,-0.0,0.0,0.36094485086520944,258.43651321948994,799.2,0.0,716.0,1.0,888.0,-635808.0,120,-27.849169408548814,0.0,118,-7.093167177229917,0.0,120,-15.216139576865022,0.0,120,-14.933300720629312,0.0,120,-38.447705645898274,0.0,118,-28.472530251152342,0.0,0.0,0.0,0.0,0.0,-635808.0,-635808.0,716.0,716.0,0.0,0.0,716.0,0.0,0.0,716
0.0,0.0,-0.0,0.0,0.0,0.0,-0.0,0.0,0.36094485086520944,258.43651321948994,799.2,0.0,716.0,1.0,888.0,-635808.0,120,-36.16920297062174,0.0,118,-58.12881587336913,0.0,120,-24.665724539286597,0.0,120,-26.436348249309198,0.0,120,-53.58805636640675,0.0,118,-57.88788833587861,0.0,0.0,0.0,0.0,0.0,-635808.0,-635808.0,716.0,716.0,0.0,0.0,716.0,0.0,0.0,716
0.0,0.0,-0.0,0.0,0.0,0.0,-0.0,0.0,0.36094485086520944,258.43651321948994,799.2,0.0,716.0,1.0,888.0,-635808.0,120,-7.419599234918541,0.0,118,-29.879278214587167,0.0,120,-47.68675099780569,0.0,120,-5.345939710782705,0.0,120,-32.19389062010179,0.0,118,-50.045016590326604,0.0,0.0,0.0,0.0,0.0,-635808.0,-635808.0,716.0,716.0,0.0,0.0,716.0,0.0,0.0,716
0.0,0.0,-0.0,0.0,0.0,0.0,-0.0,0.0,0.36094485086520944,258.43651321948994,799.2,0.0,716.0,1.0,888.0,-635808.0,120,-16.17443822826029,0.0,118,-30.097656770356462,0.0,120,-30.587196106180023,0.0,120,-14.54834264180346,0.0,120,-2.010951350993382,0.0,118,-2.9368380713488618,0.0,0.0,0.0,0.0,0.0,-635808.0,-635808.0,716.0,716.0,0.0,0.0,716.0,0.0,0.0,716
0.0,0.0,-0.0,0.0,0.0,0.0,-0.0,0.0,0.36094485086520944,258.43651321948994,799.2,0.0,716.0,1.0,888.0,-635808.0,120,-37.89892664979009,0.0,118,-7.9260311377154995,0.0,120,-6.289549297680555,0.0,120,-59.028880331175294,0.0,120,-18.45495256341057,0.0,118,-55.88098586921106,0.0,0.0,0.0,0.0,0.0,-635808.0,-635808.0,716.0,716.0,0.0,0.0,716.0,0.0,0.0,716
0.0,0.0,-0.0,0.0,0.0,0.0,-0.0,0.0,0.36094485086520944,258.43651321948994,799.2,0.0,716.0,1.0,888.0,-635808.0,120,-43.69990658759514,0.0,118,-36.29142739602617,0.0,120,-23.75404259918566,0.0,120,-52.820530440263305,0.0,120,-26.34653562195107,0.0,118,-37.02259332230861,0.0,0.0,0.0,0.0,0.0,-635808.0,-635808.0,716.0,716.0,0.0,0.0,716.0,0.0,0.0,716
0.0,0.0,-0.0,0.0,0.0,0.0,-0.0,0.0,0.36094485086520944,258.43651321948994,799.2,0.0,716.0,1.0,888.0,-635808.0,120,-8.308811598994287,0.0,118,-8.338909344350593,0.0,120,-39.140910241036416,0.0,120,-28.42276042829917,0.0,120,-19.96715963964389,0.0,118,-12.349600123160444,0.0,0.0,0.0,0.0,0.0,-635808.0,-635808.0,716.0,716.0,0.0,0.0,716.0,0.0,0.0,716
0.0,0.0,-0.0,0.0,0.0,0.0,-0.0,0.0,0.36094485086520944,258.43651321948994,799.2,0.0,716.0,1.0,888.0,-635808.0,120,-36.59188709061039,0.0,118,-12.40257111206731,0.0,120,-43.900364468105295,0.0,120,-34.35987670790052,0.0,120,-15.666257022763105,0.0,118,-48.89240277521102,0.0,0.0,0.0,0.0,0.0,-635808.0,-635808.0,716.0,716.0,0.0,0.0,716.0,0.0,0.0,716
483.3584922732158,0.0,-4833.584922732158,0.0,0.0,0.0,-0.0,0.0,0.36094485086520944,83.92227813508926,799.2,0.0,232.50720417238762,1.0,888.0,-206466.3973050802,120,-42.173227383578805,0.0,118,-24.543445854324435,0.0,120,-24.98110309537389,0.0,120,-21.19747519991273,0.0,120,-12.737232697144275,0.0,118,-24.979146716826996,0.0,0.0,0.134303554396559,0.134303554396559,0.0,-211299.98222781235,-211299.98222781235,716.0,716.0,483.4927958276124,0.0,232.50720417238762,0.0,0.0,716
483.3584922732158,0.0,-4833.584922732158,0.0,0.0,0.0,-0.0,0.0,0.36094485086520944,83.92227813508926,799.2,0.0,232.50720417238762,1.0,888.0,-206466.3973050802,120,-27.13625476032043,0.0,118,-28.812082822977565,0.0,120,-13.271295229845501,0.0,120,-45.05038058284003,0.0,120,-53.001783253650274,0.0,118,-26.17862306264789,0.0,0.0,0.134303554396559,0.134303554396559,0.0,-211299.98222781235,-211299.98222781235,716.0,716.0,483.4927958276124,0.0,232.50720417238762,0.0,0.0,716
483.3584922732158,0.0,-4833.584922732158,0.0,0.0,0.0,-0.0,0.0,0.36094485086520944,83.20038843335884,799.2,0.0,230.50720417238762,1.0,888.0,-204690.3973050802,120,-7.162192468741795,0.0,118,-5.401347301435216,0.0,120,-59.91241105379512,0.0,118,-49.239668575771915,0.0,120,-3.748896755580693,0.0,118,-12.621217578084591,0.0,0.0,0.134303554396559,0.134303554396559,0.0,-209523.98222781235,-209523.98222781235,714.0,714.0,483.4927958276124,0.0,230.50720417238762,0.0,0.0,714
483.3584922732158,0.0,-4833.584922732158,0.0,0.0,0.0,-0.0,0.0,0.36094485086520944,83.20038843335884,799.2,0.0,230.50720417238762,1.0,888.0,-204690.3973050802,120,-20.29259908354145,0.0,118,-14.89071624375936,0.0,120,-51.11648525878828,0.0,118,-27.50442166951578,0.0,120,-13.773335331974863,0.0,118,-11.206700757045443,0.0,0.0,0.134303554396559,0.134303554396559,0.0,-209523.98222781235,-209523.98222781235,714.0,714.0,483.4927958276124,0.0,230.50720417238762,0.0,0.0,714
483.3584922732158,0.0,-4833.584922732158,0.0,0.0,0.0,-0.0,0.0,0.36094485086520944,83.92227813508926,799.2,0.0,232.50720417238762,1.0,888.0,-206466.3973050802,120,-7.917914871297366,0.0,118,-5.764735888458294,0.0,120,-18.76366035416431,0.0,120,-17.853807744906845,0.0,120,-38.90318479137811,0.0,118,-12.4945807761269,0.0,0.0,0.134303554396559,0.134303554396559,0.0,-211299.98222781235,-211299.98222781235,716.0,716.0,483.4927958276124,0.0,232.50720417238762,0.0,0.0,716
483.3584922732158,0.0,-4833.584922732158,0.0,0.0,0.0,-0.0,0.0,0.36094485086520944,83.92227813508926,799.2,0.0,232.50720417238762,1.0,888.0,-206466.3973050802,120,-44.272646625536275,0.0,118,-53.17749489032991,0.0,120,-57.663245675982715,0.0,120,-36.892364372571,0.0,120,-42.41497413997488,0.0,118,-57.397761219588986,0.0,0.0,0.134303554396559,0.134303554396559,0.0,-211299.98222781235,-211299.98222781235,716.0,716.0,483.4927958276124,0.0,232.50720417238762,0.0,0.0,716
1194.4558115498096,0.0,-11944.558115498096,478.7876970212044,0.0,0.0,-0.0,0.0,0.36094485086520944,0.0,799.2,0.0,0.0,1.0,888.0,-0.0,120,-42.26553351297587,0.0,118,-20.170338839211944,0.0,120,-18.03503049679046,0.0,120,-18.2010138404144,0.0,120,-43.44134495179856,0.0,118,-26.399950247924497,0.0,0.0,0.331885471394779,0.331885471394779,0.0,-11944.558115498096,-11944.558115498096,1194.7876970212044,1194.7876970212044,1194.7876970212044,0.0,0.0,478.7876970212044,0.0,716
1194.4558115498096,0.0,-11944.558115498096,478.7876970212044,430.90892731908394,0.0,-0.0,0.010445517351927955,0.36094485086520944,0.0,799.2,0.0,0.0,1.0,888.0,-0.0,120,-42.64351283157328,0.0,118,-52.17898503373889,0.0,120,-42.99011750519255,0.0,120,-53.3542751142711,0.0,120,-17.34123425990767,0.0,118,-21.84790227881496,0.0,0.0,0.331885471394779,0.331885471394779,0.0,-11944.558115498096,-11944.558115498096,1194.7876970212044,1194.7876970212044,1194.7876970212044,0.0,0.0,478.7876970212044,0.0,716
1194.4558115498096,0.0,-11944.558115498096,482.7876970212044,861.8178546381679,0.0,-0.0,0.02089103470385591,0.36094485086520944,0.0,799.2,0.0,0.0,1.0,888.0,-0.0,118,-3.5776602747790576,0.0,118,-33.66832349106949,0.0,120,-43.544204511940805,0.0,118,-28.940703033551756,0.0,120,-8.250433757738138,0.0,118,-38.002569436451346,0.0,0.0,0.331885471394779,0.331885471394779,0.0,-11944.558115498096,-11944.558115498096,1194.7876970212044,1194.7876970212044,1194.7876970212044,0.0,0.0,482.7876970212044,0.0,712
1194.4558115498096,0.0,-11944.558115498096,480.7876970212044,1296.3267819572518,0.0,-0.0,0.031423818436410726,0.36094485086520944,0.0,799.2,0.0,0.0,1.0,888.0,-0.0,120,-18.205114038225144,0.0,118,-58.95872076053867,0.0,120,-6.117672972230315,0.0,118,-0.7501873523778158,0.0,120,-17.865765410919703,0.0,118,-50.79541734382159,0.0,0.0,0.331885471394779,0.331885471394779,0.0,-11944.558115498096,-11944.558115498096,1194.7876970212044,1194.7876970212044,1194.7876970212044,0.0,0.0,480.7876970212044,0.0,714
1194.4558115498096,0.0,-11944.558115498096,480.7876970212044,1729.0357092763356,0.0,-0.0,0.04191296897865211,0.36094485086520944,0.0,799.2,0.0,0.0,1.0,888.0,-0.0,120,-52.9972290917368,0.0,118,-19.098239043643435,0.0,120,-14.664738963236672,0.0,118,-22.5900275299482,0.0,120,-46.928434458970095,0.0,118,-3.7784820271741992,0.0,0.0,0.331885471394779,0.331885471394779,0.0,-11944.558115498096,-11944.558115498096,1194.7876970212044,1194.7876970212044,1194.7876970212044,0.0,0.0,480.7876970212044,0.0,714
1194.4558115498096,0.0,-11944.558115498096,480.7876970212044,2161.7446365954197,0.0,-0.0,0.052402119520893506,0.36094485086520944,0.0,799.2,0.0,0.0,1.0,888.0,-0.0,120,-16.552223482250714,0.0,118,-8.59381782096117,0.0,120,-59.893632921671674,0.0,118,-17.547380399415413,0.0,120,-59.81105669668166,0.0,118,-20.586017940967814,0.0,0.0,0.331885471394779,0.331885471394779,0.0,-11944.558115498096,-11944.558115498096,1194.7876970212044,1194.7876970212044,1194.7876970212044,0.0,0.0,480.7876970212044,0.0,714
1900.6164482329577,0.0,-19006.16448232958,1185.1445439396077,2594.453563914504,0.0,-0.0,0.0628912700631349,0.36094485086520944,0.0,799.2,0.0,0.0,1.0,888.0,-0.0,120,-14.74219215913757,0.0,118,-39.651485120682494,0.0,120,-30.888261533015193,0.0,120,-59.507375280810834,0.0,120,-5.0973264418003765,0.0,118,-17.145204252959875,0.0,0.0,0.528095706649891,0.528095706649891,0.0,-19006.16448232958,-19006.16448232958,1901.1445439396077,1901.1445439396077,1901.1445439396077,0.0,0.0,1185.1445439396077,0.0,716
1900.6164482329577,0.0,-19006.16448232958,1125.1445439396077,3661.083653460151,0.0,-0.0,0.08874708878045598,0.36094485086520944,0.0,799.2,0.0,0.0,1.0,888.0,-0.0,120,-25.158257432635654,0.0,118,-22.34662024206916,0.0,120,-34.832796819444546,0.0,180,-47.82294380015618,0.0,120,-5.450065803195418,0.0,118,-1.2105806429255939,0.0,0.0,0.528095706649891,0.528095706649891,0.0,-19006.16448232958,-19006.16448232958,1901.1445439396077,1901.1445439396077,1901.1445439396077,0.0,0.0,1125.1445439396077,0.0,776
1900.6164482329577,0.0,-19006.16448232958,1125.1445439396077,4673.713743005797,0.0,-0.0,0.11329391178837411,0.36094485086520944,0.0,799.2,0.0,0.0,1.0,888.0,-0.0,120,-3.7393932053018264,0.0,118,-23.483911411136827,0.0,120,-45.31415735551883,0.0,180,-31.318528840779482,0.0,120,-18.10803883090006,0.0,118,-55.26235173570531,0.0,0.0,0.528095706649891,0.528095706649891,0.0,-19006.16448232958,-19006.16448232958,1901.1445439396077,1901.1445439396077,1901.1445439396077,0.0,0.0,1125.1445439396077,0.0,776
1900.6164482329577,0.0,-19006.16448232958,1187.1445439396077,5686.343832551444,0.0,-0.0,0.13784073479629225,0.36094485086520944,0.0,799.2,0.0,0.0,1.0,888.0,-0.0,120,-14.197481404708153,0.0,118,-46.264072540266234,0.0,120,-36.54667725820217,0.0,118,-56.304317711979614,0.0,120,-26.729802719180128,0.0,118,-25.617964203604775,0.0,0.0,0.528095706649891,0.528095706649891,0.0,-19006.16448232958,-19006.16448232958,1901.1445439396077,1901.1445439396077,1901.1445439396077,0.0,0.0,1187.1445439396077,0.0,714
1900.6164482329577,0.0,-19006.16448232958,1187.1445439396077,6754.773922097092,0.0,-0.0,0.1637401867039268,0.36094485086520944,0.0,799.2,0.0,0.0,1.0,888.0,-0.0,120,-38.416052135594846,0.0,118,-25.27408673372501,0.0,120,-52.97335865975704,0.0,118,-36.50394602189655,0.0,120,-5.367372313324459,0.0,118,-56.250407669773644,0.0,0.0,0.528095706649891,0.528095706649891,0.0,-19006.16448232958,-19006.16448232958,1901.1445439396077,1901.1445439396077,1901.1445439396077,0.0,0.0,1187.1445439396077,0.0,714
1900.6164482329577,0.0,-19006.16448232958,1187.1445439396077,7823.204011642739,0.0,-0.0,0.1896396386115613,0.36094485086520944,0.0,799.2,0.0,0.0,1.0,888.0,-0.0,120,-18.257054917142668,0.0,118,-24.57099293475359,0.0,120,-41.3062054649984,0.0,118,-4.451630582505408,0.0,120,-27.340375363104073,0.0,118,-44.59650819063573,0.0,0.0,0.528095706649891,0.528095706649891,0.0,-19006.16448232958,-19006.16448232958,1901.1445439396077,1901.1445439396077,1901.1445439396077,0.0,0.0,1187.1445439396077,0.0,714
2369.1969722867316,0.0,-23691.969722867318,1655.855265416014,8891.634101188385,0.0,-0.0,0.21553909051919581,0.36094485086520944,0.0,799.2,0.0,0.0,1.0,888.0,-0.0,120,-3.364476712254114,0.0,118,-30.972620967427805,0.0,120,-45.694434230483424,0.0,118,-30.677625566180296,0.0,120,-39.2316153181193,0.0,118,-34.901828217262135,0.0,0.0,0.658293129282226,0.658293129282226,0.0,-23691.969722867318,-23691.969722867318,2369.855265416014,2369.855265416014,2369.855265416014,0.0,0.0,1655.855265416014,0.0,714
2369.1969722867316,0.0,-23691.969722867318,1655.855265416014,10381.903840062798,0.0,-0.0,0.25166421448289333,0.36094485086520944,0.0,799.2,0.0,0.0,1.0,888.0,-0.0,120,-21.99117397135212,0.0,118,-19.58454355770227,0.0,120,-25.31632091724277,0.0,118,-55.90856303279335,0.0,120,-26.197638443023333,0.0,118,-38.97287443477685,0.0,0.0,0.658293129282226,0.658293129282226,0.0,-23691.969722867318,-23691.969722867318,2369.855265416014,2369.855265416014,2369.855265416014,0.0,0.0,1655.855265416014,0.0,714
2369.1969722867316,0.0,-23691.969722867318,1655.855265416014,11872.17357893721,0.0,-0.0,0.2877893384465908,0.36094485086520944,0.0,799.2,0.0,0.0,1.0,888.0,-0.0,120,-57.12373187147136,0.0,118,-12.129282286216911,0.0,120,-34.305684449497775,0.0,118,-8.273137544791972,0.0,120,-38.451981918086055,0.0,118,-23.07626801487298,0.0,0.0,0.658293129282226,0.658293129282226,0.0,-23691.969722867318,-23691.969722867318,2369.855265416014,2369.855265416014,2369.855265416014,0.0,0.0,1655.855265416014,0.0,714
2369.1969722867316,0.0,-23691.969722867318,1655.855265416014,13362.443317811623,0.0,-0.0,0.3239144624102883,0.36094485086520944,0.0,799.2,0.0,0.0,1.0,888.0,-0.0,120,-2.9841109222079365,0.0,118,-36.44274355950879,0.0,120,-25.792575353565354,0.0,118,-55.72192855573638,0.0,120,-0.49211186715938826,0.0,118,-53.95982329251406,0.0,0.0,0.658293129282226,0.658293129282226,0.0,-23691.969722867318,-23691.969722867318,2369.855265416014,2369.855265416014,2369.855265416014,0.0,0.0,1655.855265416014,0.0,714
2369.1969722867316,0.0,-23691.969722867318,1655.855265416014,14852.713056686036,0.0,-0.0,0.3600395863739858,0.36094485086520944,0.0,799.2,0.0,0.0,1.0,888.0,-0.0,120,-4.410662167871848,0.0,118,-7.053204624149407,0.0,120,-40.06012028594143,0.0,118,-11.078247747099208,0.0,120,-27.056703111675827,0.0,118,-41.30928087507648,0.0,0.0,0.658293129282226,0.658293129282226,0.0,-23691.969722867318,-23691.969722867318,2369.855265416014,2369.855265416014,2369.855265416014,0.0,0.0,1655.855265416014,0.0,714
2369.1969722867316,0.0,-23691.969722867318,1655.855265416014,16342.982795560449,0.0,-0.0,0.3961647103376833,0.36094485086520944,0.0,799.2,0.0,0.0,1.0,888.0,-0.0,120,-15.17733814910132,0.0,118,-55.69065388870845,0.0,120,-32.732231910803385,0.0,118,-7.660024565039398,0.0,120,-23.873885025375266,0.0,118,-36.80206443294484,0.0,0.0,0.658293129282226,0.658293129282226,0.0,-23691.969722867318,-23691.969722867318,2369.855265416014,2369.855265416014,2369.855265416014,0.0,0.0,1655.855265416014,0.0,714
2548.0397463445456,0.0,-25480.397463445457,1834.7477318256083,17833.25253443486,0.0,-0.0,0.4322898343013808,0.36094485086520944,0.0,799.2,0.0,0.0,1.0,888.0,-0.0,120,-22.134720177630477,0.0,118,-21.045944149748518,0.0,120,-21.06076897238091,0.0,118,-3.3683124455650226,0.0,120,-58.7648123174848,0.0,118,-34.01258609823854,0.0,0.0,0.707985481062669,0.707985481062669,0.0,-25480.397463445457,-25480.397463445457,2548.7477318256083,2548.7477318256083,2548.7477318256083,0.0,0.0,1834.7477318256083,0.0,714
2548.0397463445456,0.0,-25480.397463445457,1834.7477318256083,19484.52549307791,0.0,-0.0,0.47231778278132275,0.36094485086520944,0.0,799.2,0.0,0.0,1.0,888.0,-0.0,120,-33.26744358728849,0.0,118,-31.168911952917593,0.0,120,-2.8771228876072197,0.0,118,-9.222430003671247,0.0,120,-50.25490243897689,0.0,118,-0.6224028473212262,0.0,0.0,0.707985481062669,0.707985481062669,0.0,-25480.397463445457,-25480.397463445457,2548.7477318256083,2548.7477318256083,2548.7477318256083,0.0,0.0,1834.7477318256083,0.0,714
2548.0397463445456,0.0,-25480.397463445457,1834.7477318256083,21135.798451720955,0.0,-0.0,0.5123457312612648,0.36094485086520944,0.0,799.2,0.0,0.0,1.0,888.0,-0.0,120,-58.00730629731943,0.0,118,-48.29337134583851,0.0,120,-25.992161110095566,0.0,118,-15.154656495957905,0.0,120,-13.832854320075699,0.0,118,-11.578068748948692,0.0,0.0,0.707985481062669,0.707985481062669,0.0,-25480.397463445457,-25480.397463445457,2548.7477318256083,2548.7477318256083,2548.7477318256083,0.0,0.0,1834.7477318256083,0.0,714
2548.0397463445456,0.0,-25480.397463445457,1834.7477318256083,22787.071410364002,0.0,-0.0,0.5523736797412068,0.36094485086520944,0.0,799.2,0.0,0.0,1.0,888.0,-0.0,120,-49.787088987217544,0.0,118,-53.659130237945256,0.0,120,-0.023021826231865994,0.0,118,-2.3963978894558524,0.0,120,-10.997518463418539,0.0,118,-47.93051717178395,0.0,0.0,0.707985481062669,0.707985481062669,0.0,-25480.397463445457,-25480.397463445457,2548.7477318256083,2548.7477318256083,2548.7477318256083,0.0,0.0,1834.7477318256083,0.0,714
2548.0397463445456,0.0,-25480.397463445457,1772.7477318256083,24438.34436900705,0.0,-0.0,0.5924016282211487,0.36094485086520944,0.0,799.2,0.0,0.0,1.0,888.0,-0.0,120,-21.794743773700485,0.0,118,-1.8777210440518255,0.0,120,-42.33979407319974,0.0,180,-27.430526590508077,0.0,120,-5.192427050876556,0.0,118,-30.012262855849585,0.0,0.0,0.707985481062669,0.707985481062669,0.0,-25480.397463445457,-25480.397463445457,2548.7477318256083,2548.7477318256083,2548.7477318256083,0.0,0.0,1772.7477318256083,0.0,776
2548.0397463445456,0.0,-25480.397463445457,1772.7477318256083,26033.817327650097,0.0,-0.0,0.6310769478013744,0.36094485086520944,0.0,799.2,0.0,0.0,1.0,888.0,-0.0,120,-8.80422308293686,0.0,118,-47.138141197760746,0.0,120,-54.796045009936314,0.0,180,-32.33682296579488,0.0,120,-18.15017776651981,0.0,118,-35.234116124157225,0.0,0.0,0.707985481062669,0.707985481062669,0.0,-25480.397463445457,-25480.397463445457,2548.7477318256083,2548.7477318256083,2548.7477318256083,0.0,0.0,1772.7477318256083,0.0,776
2457.1632081526577,0.0,-24571.63208152658,1681.8459431368624,27629.290286293144,0.0,-0.0,0.6697522673816,0.36094485086520944,0.0,799.2,0.0,0.0,1.0,888.0,-0.0,120,-50.88909944940572,0.0,118,-5.011036541877145,0.0,120,-33.375098044180284,0.0,180,-20.412461875781037,0.0,120,-37.110283252741304,0.0,118,-42.44614634716961,0.0,0.0,0.682734984204684,0.682734984204684,0.0,-24571.63208152658,-24571.63208152658,2457.8459431368624,2457.8459431368624,2457.8459431368624,0.0,0.0,1681.8459431368624,0.0,776
2457.1632081526577,0.0,-24571.63208152658,1683.8459431368624,29142.951635116322,0.0,-0.0,0.706444419438982,0.36094485086520944,0.0,799.2,0.0,0.0,1.0,888.0,-0.0,120,-43.965354313656945,0.0,118,-22.715587990895663,0.0,120,-32.4584367597781,0.0,180,-45.35000809736515,0.0,118,-26.58358339110038,0.0,118,-52.1678023427877,0.0,0.0,0.682734984204684,0.682734984204684,0.0,-24571.63208152658,-24571.63208152658,2457.8459431368624,2457.8459431368624,2457.8459431368624,0.0,0.0,1683.8459431368624,0.0,774
2457.1632081526577,0.0,-24571.63208152658,1745.8459431368624,30658.4129839395,0.0,-0.0,0.7431802046866773,0.36094485086520944,0.0,799.2,0.0,0.0,1.0,888.0,-0.0,120,-48.12914080211003,0.0,118,-58.352796726292205,0.0,120,-5.790365639074519,0.0,118,-15.05727308911866,0.0,118,-52.05557867727654,0.0,118,-40.79816584210428,0.0,0.0,0.682734984204684,0.682734984204684,0.0,-24571.63208152658,-24571.63208152658,2457.8459431368624,2457.8459431368624,2457.8459431368624,0.0,0.0,1745.8459431368624,0.0,712
2457.1632081526577,0.0,-24571.63208152658,1745.8459431368624,32229.674332762675,0.0,-0.0,0.781268618834089,0.36094485086520944,0.0,799.2,0.0,0.0,1.0,888.0,-0.0,120,-28.72695136611534,0.0,118,-5.818323001645503,0.0,120,-42.9892000634165,0.0,118,-28.829982607385933,0.0,118,-29.348268364387483,0.0,118,-45.455341885664076,0.0,0.0,0.682734984204684,0.682734984204684,0.0,-24571.63208152658,-24571.63208152658,2457.8459431368624,2457.8459431368624,2457.8459431368624,0.0,0.0,1745.8459431368624,0.0,712
2457.1632081526577,0.0,-24571.63208152658,1745.8459431368624,33800.93568158585,0.0,-0.0,0.8193570329815006,0.36094485086520944,0.0,799.2,0.0,0.0,1.0,888.0,-0.0,120,-59.61128986895961,0.0,118,-57.11149863924398,0.0,120,-47.97999688212259,0.0,118,-51.32583057931762,0.0,118,-22.71613937926262,0.0,118,-34.657649525798234,0.0,0.0,0.682734984204684,0.682734984204684,0.0,-24571.63208152658,-24571.63208152658,2457.8459431368624,2457.8459431368624,2457.8459431368624,0.0,0.0,1745.8459431368624,0.0,712
2457.1632081526577,0.0,-24571.63208152658,1745.8459431368624,35372.19703040902,0.0,-0.0,0.8574454471289124,0.36094485086520944,0.0,799.2,0.0,0.0,1.0,888.0,-0.0,120,-42.907933808175265,0.0,118,-32.51132002595337,0.0,120,-47.831809132552024,0.0,118,-27.265053360994557,0.0,118,-31.74454059274094,0.0,118,-43.337994921549466,0.0,0.0,0.682734984204684,0.682734984204684,0.0,-24571.63208152658,-24571.63208152658,2457.8459431368624,2457.8459431368624,2457.8459431368624,0.0,0.0,1745.8459431368624,0.0,712
2139.6917239387662,0.0,-21396.91723938766,1428.2862478965153,36943.458379232194,0.0,-0.0,0.895533861276324,0.36094485086520944,0.0,799.2,0.0,0.0,1.0,888.0,-0.0,120,-53.875717734108676,0.0,118,-36.04225641303292,0.0,120,-53.42024981840273,0.0,118,-36.995646870354214,0.0,118,-40.68844398632715,0.0,118,-16.0928251515425,0.0,0.0,0.594523957749032,0.594523957749032,0.0,-21396.91723938766,-21396.91723938766,2140.2862478965153,2140.2862478965153,2140.2862478965153,0.0,0.0,1428.2862478965153,0.0,712
2139.6917239387662,0.0,-21396.91723938766,1428.2862478965153,38228.91600233906,0.0,-0.0,0.926694204114587,0.36094485086520944,0.0,799.2,0.0,0.0,1.0,888.0,-0.0,120,-46.404395849568445,0.0,118,-28.786492193808364,0.0,120,-50.97943017035777,0.0,118,-20.49900452872315,0.0,118,-39.397644474179536,0.0,118,-46.609201420262025,0.0,0.0,0.594523957749032,0.594523957749032,0.0,-21396.91723938766,-21396.91723938766,2140.2862478965153,2140.2862478965153,2140.2862478965153,0.0,0.0,1428.2862478965153,0.0,712
2139.6917239387662,0.0,-21396.91723938766,1428.2862478965153,39514.37362544592,0.0,-0.0,0.95785454695285,0.36094485086520944,0.0,799.2,0.0,0.0,1.0,888.0,-0.0,120,-16.018013016876477,0.0,118,-52.928805671396965,0.0,120,-0.33004486769111274,0.0,118,-31.999804183111614,0.0,118,-10.569799765807842,0.0,118,-2.767476974045242,0.0,0.0,0.594523957749032,0.594523957749032,0.0,-21396.91723938766,-21396.91723938766,2140.2862478965153,2140.2862478965153,2140.2862478965153,0.0,0.0,1428.2862478965153,0.0,712
2139.6917239387662,0.0,-21396.91723938766,503.52083494134905,40799.831248552786,0.0,-0.0,0.9890148897911131,0.36094485086520944,0.0,799.2,924.7654129551663,0.0,1.0,888.0,739072.518033769,120,-21.722394364136445,0.0,118,-41.84001685701094,0.0,120,-46.94850814903203,0.0,118,-37.669027872060376,0.0,118,-20.5044684616744,0.0,118,-46.687866702797145,0.0,0.0,0.594523957749032,0.594523957749032,0.0,717675.6007943813,717675.6007943813,2140.2862478965153,2140.2862478965153,2140.2862478965153,0.0,0.0,1428.2862478965153,0.0,712
2139.6917239387662,0.0,-21396.91723938766,0.0,41253.0,0.0,-0.0,1.0,0.36094485086520944,0.0,799.2,1428.2862478965153,0.0,1.0,888.0,1141486.369318895,120,-36.70055013321529,0.0,118,-47.35116131889626,0.0,120,-0.6054504806582628,0.0,118,-38.98107416893534,0.0,118,-56.09571388338445,0.0,118,-23.165203570104428,0.0,0.0,0.594523957749032,0.594523957749032,0.0,1120089.4520795073,1120089.4520795073,2140.2862478965153,2140.2862478965153,2140.2862478965153,0.0,0.0,1428.2862478965153,0.0,712
2139.6917239387662,0.0,-21396.91723938766,0.0,41253.0,0.0,-0.0,1.0,0.36094485086520944,0.0,799.2,1428.2862478965153,0.0,1.0,888.0,1141486.369318895,120,-27.658921186340145,0.0,118,-40.69733342693381,0.0,120,-5.824035858234633,0.0,118,-18.110939911001886,0.0,118,-32.987420305868504,0.0,118,-9.537019803128146,0.0,0.0,0.594523957749032,0.594523957749032,0.0,1120089.4520795073,1120089.4520795073,2140.2862478965153,2140.2862478965153,2140.2862478965153,0.0,0.0,1428.2862478965153,0.0,712
1559.6061877609459,0.0,-15596.06187760946,0.0,41253.0,0.0,-0.0,1.0,0.36094485086520944,0.0,799.2,848.0395320754112,0.0,1.0,888.0,677753.1940346687,120,-32.147972482630834,0.0,118,-57.83142278576293,0.0,120,-51.42835446553373,0.0,118,-42.94073891803664,0.0,118,-30.895410037009835,0.0,118,-1.8647339504952343,0.0,0.0,0.433344314465392,0.433344314465392,0.0,662157.1321570593,662157.1321570593,1560.0395320754112,1560.0395320754112,1560.0395320754112,0.0,0.0,848.0395320754112,0.0,712
1559.6061877609459,0.0,-15596.06187760946,0.0,41253.0,0.0,-0.0,1.0,0.36094485086520944,0.0,799.2,848.0395320754112,0.0,1.0,888.0,677753.1940346687,120,-31.25032798809005,0.0,118,-24.61355144946867,0.0,120,-17.883721094184693,0.0,118,-50.71953441425964,0.0,118,-29.49571770695392,0.0,118,-2.2323245266949576,0.0,0.0,0.433344314465392,0.433344314465392,0.0,662157.1321570593,662157.1321570593,1560.0395320754112,1560.0395320754112,1560.0395320754112,0.0,0.0,848.0395320754112,0.0,712
1559.6061877609459,0.0,-15596.06187760946,0.0,41253.0,0.0,-0.0,1.0,0.36094485086520944,0.0,799.2,848.0395320754112,0.0,1.0,888.0,677753.1940346687,120,-51.31293705353642,0.0,118,-19.493071819293743,0.0,120,-12.979224851913251,0.0,118,-3.177548791564395,0.0,118,-26.50919349649164,0.0,118,-32.506532529077674,0.0,0.0,0.433344314465392,0.433344314465392,0.0,662157.1321570593,662157.1321570593,1560.0395320754112,1560.0395320754112,1560.0395320754112,0.0,0.0,848.0395320754112,0.0,712
1559.6061877609459,0.0,-15596.06187760946,0.0,41253.0,0.0,-0.0,1.0,0.36094485086520944,0.0,799.2,850.0395320754112,0.0,1.0,888.0,679351.5940346686,118,-34.77736546553122,0.0,118,-47.17844093868029,0.0,120,-50.46331413189689,0.0,118,-5.534546581162994,0.0,118,-34.50210758109861,0.0,118,-3.1862180271358276,0.0,0.0,0.433344314465392,0.433344314465392,0.0,663755.5321570592,663755.5321570592,1560.0395320754112,1560.0395320754112,1560.0395320754112,0.0,0.0,850.0395320754112,0.0,710
1559.6061877609459,0.0,-15596.06187760946,0.0,41253.0,0.0,-0.0,1.0,0.36094485086520944,0.0,799.2,850.0395320754112,0.0,1.0,888.0,679351.5940346686,118,-46.509149389906575,0.0,118,-27.64418124293911,0.0,120,-15.959388188117478,0.0,118,-6.487736694283008,0.0,118,-39.40511110360217,0.0,118,-9.587710162433062,0.0,0.0,0.433344314465392,0.433344314465392,0.0,663755.5321570592,663755.5321570592,1560.0395320754112,1560.0395320754112,1560.0395320754112,0.0,0.0,850.0395320754112,0.0,710
1559.6061877609459,0.0,-15596.06187760946,0.0,41253.0,0.0,-0.0,1.0,0.36094485086520944,0.0,799.2,850.0395320754112,0.0,1.0,888.0,679351.5940346686,118,-33.53221061990457,0.0,118,-40.16237891534809,0.0,120,-13.458617281897853,0.0,118,-6.28041160455081,0.0,118,-59.97214952129511,0.0,118,-5.542137738330184,0.0,0.0,0.433344314465392,0.433344314465392,0.0,663755.5321570592,663755.5321570592,1560.0395320754112,1560.0395320754112,1560.0395320754112,0.0,0.0,850.0395320754112,0.0,710
763.1624819212527,0.0,-7631.624819212528,0.0,41253.0,0.0,-0.0,1.0,0.36094485086520944,0.0,799.2,53.37453040191997,0.0,1.0,888.0,42656.92469721444,118,-56.83870329524005,0.0,118,-35.25292461997878,0.0,120,-58.186332333187174,0.0,118,-24.516184692915992,0.0,118,-39.428817373109254,0.0,118,-20.307891083813963,0.0,0.0,0.2120484806672,0.2120484806672,0.0,35025.29987800191,35025.29987800191,763.37453040192,763.37453040192,763.37453040192,0.0,0.0,53.37453040191997,0.0,710
763.1624819212527,0.0,-7631.624819212528,0.0,41253.0,0.0,-0.0,1.0,0.36094485086520944,0.0,799.2,53.37453040191997,0.0,1.0,888.0,42656.92469721444,118,-7.229762441298899,0.0,118,-31.533601550173284,0.0,120,-12.374122599857929,0.0,118,-40.480396941618295,0.0,118,-10.517132820071001,0.0,118,-59.069308217109494,0.0,0.0,0.2120484806672,0.2120484806672,0.0,35025.29987800191,35025.29987800191,763.37453040192,763.37453040192,763.37453040192,0.0,0.0,53.37453040191997,0.0,710
763.1624819212527,0.0,-7631.624819212528,0.0,41253.0,0.0,-0.0,1.0,0.36094485086520944,0.0,799.2,53.37453040191997,0.0,1.0,888.0,42656.92469721444,118,-57.85583186990189,0.0,118,-37.39452519886988,0.0,120,-7.9505498059972535,0.0,118,-32.799975314815555,0.0,118,-26.823215111109143,0.0,118,-8.624896222591204,0.0,0.0,0.2120484806672,0.2120484806672,0.0,35025.29987800191,35025.29987800191,763.37453040192,763.37453040192,763.37453040192,0.0,0.0,53.37453040191997,0.0,710
763.1624819212527,0.0,-7631.624819212528,0.0,41253.0,0.0,-0.0,1.0,0.36094485086520944,0.0,799.2,53.37453040191997,0.0,1.0,888.0,42656.92469721444,118,-26.499122260952202,0.0,118,-50.97722308418228,0.0,120,-11.348189300924066,0.0,118,-4.315975394397729,0.0,118,-14.994868675774914,0.0,118,-26.09783802661553,0.0,0.0,0.2120484806672,0.2120484806672,0.0,35025.29987800191,35025.29987800191,763.37453040192,763.37453040192,763.37453040192,0.0,0.0,53.37453040191997,0.0,710
763.1624819212527,0.0,-7631.624819212528,0.0,41253.0,0.0,-0.0,1.0,0.36094485086520944,0.0,799.2,53.37453040191997,0.0,1.0,888.0,42656.92469721444,118,-55.54190079436664,0.0,118,-5.382442760282804,0.0,120,-23.543613809165727,0.0,118,-42.0972619961396,0.0,118,-33.89949048808339,0.0,118,-58.207576352870966,0.0,0.0,0.2120484806672,0.2120484806672,0.0,35025.29987800191,35025.29987800191,763.37453040192,763.37453040192,763.37453040192,0.0,0.0,53.37453040191997,0.0,710
763.1624819212527,0.0,-7631.624819212528,0.0,41253.0,8.62546959808003,-0.0,1.0,0.36094485086520944,0.0,799.2,0.0,0.0,1.0,888.0,-0.0,118,-6.039196867103607,0.0,180,-42.27557212631584,0.0,120,-56.45268751229822,0.0,118,-10.351606003099022,0.0,118,-9.621426647254259,0.0,118,-40.17625303441947,0.0,0.0,0.2120484806672,0.2120484806672,0.0,-7631.624819212528,-7631.624819212528,772.0,772.0,763.37453040192,0.0,8.62546959808003,0.0,0.0,772
0.0,0.0,-0.0,0.0,41243.41614489102,834.0,-0.0,0.9997676810144965,0.36094485086520944,0.0,799.2,0.0,0.0,1.0,888.0,-0.0,118,-51.00785867583619,0.0,180,-18.26435114669789,0.0,120,-17.42738865115563,0.0,118,-42.34767449226099,0.0,118,-22.846826137725383,0.0,180,-16.911157876768375,0.0,0.0,0.0,0.0,0.0,0.0,0.0,834.0,834.0,0.0,0.0,834.0,0.0,0.0,834
0.0,0.0,-0.0,0.0,40316.74947822436,834.0,-0.0,0.9773046682235076,0.36094485086520944,0.0,799.2,0.0,0.0,1.0,888.0,-0.0,118,-7.8781250740942195,0.0,180,-42.16566468403478,0.0,120,-1.162404644906987,0.0,118,-27.100051122475048,0.0,118,-4.355384113649148,0.0,180,-17.904920926957566,0.0,0.0,0.0,0.0,0.0,0.0,0.0,834.0,834.0,0.0,0.0,834.0,0.0,0.0,834
0.0,0.0,-0.0,0.0,39390.082811557695,834.0,-0.0,0.9548416554325188,0.36094485086520944,0.0,799.2,0.0,0.0,1.0,888.0,-0.0,118,-42.425199414350416,0.0,180,-17.6207618733631,0.0,120,-59.34285735817019,0.0,118,-19.998999197475015,0.0,118,-34.22424981743909,0.0,180,-44.78062080955709,0.0,0.0,0.0,0.0,0.0,0.0,0.0,834.0,834.0,0.0,0.0,834.0,0.0,0.0,834
0.0,0.0,-0.0,0.0,38463.41614489103,857.0,-0.0,0.9323786426415298,0.36094485086520944,0.0,799.2,0.0,0.0,1.0,888.0,-0.0,118,-7.298865424015872,0.0,180,-28.98791838822937,0.0,120,-39.586434079098254,0.0,118,-10.427353211173573,0.0,118,-50.79510680696817,0.0,203,-18.815102776314806,0.0,0.0,0.0,0.0,0.0,0.0,0.0,857.0,857.0,0.0,0.0,857.0,0.0,0.0,857
0.0,0.0,-0.0,0.0,37511.19392266881,857.0,-0.0,0.9092961462843626,0.36094485086520944,0.0,799.2,0.0,0.0,1.0,888.0,-0.0,118,-24.677116061612953,0.0,180,-40.41440788432865,0.0,120,-41.768494026095894,0.0,118,-0.7529221512852957,0.0,118,-34.02090720435838,0.0,203,-42.32343455165518,0.0,0.0,0.0,0.0,0.0,0.0,0.0,857.0,857.0,0.0,0.0,857.0,0.0,0.0,857
0.0,0.0,-0.0,0.0,36558.97170044659,857.0,-0.0,0.8862136499271954,0.36094485086520944,0.0,799.2,0.0,0.0,1.0,888.0,-0.0,118,-33.20487602624945,0.0,180,-21.76535757435832,0.0,120,-11.374771497379975,0.0,118,-58.33248502331355,0.0,118,-39.82861326417997,0.0,203,-11.09607429025769,0.0,0.0,0.0,0.0,0.0,0.0,0.0,857.0,857.0,0.0,0.0,857.0,0.0,0.0,857
0.0,0.0,-0.0,0.0,35606.749478224374,857.0,-0.0,0.8631311535700282,0.36094485086520944,0.0,799.2,0.0,0.0,1.0,888.0,-0.0,118,-41.9591605385656,0.0,180,-30.264757245374177,0.0,120,-13.33036726637018,0.0,118,-7.335475238033671,0.0,118,-5.613158693482482,0.0,203,-25.911355928223493,0.0,0.0,0.0,0.0,0.0,0.0,0.0,857.0,857.0,0.0,0.0,857.0,0.0,0.0,857
0.0,0.0,-0.0,0.0,34654.527256002155,857.0,-0.0,0.840048657212861,0.36094485086520944,0.0,799.2,0.0,0.0,1.0,888.0,-0.0,118,-49.21548298804484,0.0,180,-24.587761788712427,0.0,120,-47.6073281760351,0.0,118,-41.98714587895202,0.0,118,-57.48276645812635,0.0,203,-10.431415606290892,0.0,0.0,0.0,0.0,0.0,0.0,0.0,857.0,857.0,0.0,0.0,857.0,0.0,0.0,857
0.0,0.0,-0.0,0.0,33702.305033779936,857.0,-0.0,0.8169661608556937,0.36094485086520944,0.0,799.2,0.0,0.0,1.0,888.0,-0.0,118,-58.1579415519756,0.0,180,-14.400459189541778,0.0,120,-47.50942942843132,0.0,118,-16.742109883384153,0.0,118,-37.89911740649742,0.0,203,-21.68958640299242,0.0,0.0,0.0,0.0,0.0,0.0,0.0,857.0,857.0,0.0,0.0,857.0,0.0,0.0,857
0.0,0.0,-0.0,0.0,32750.082811557713,857.0,-0.0,0.7938836644985265,0.36094485086520944,0.0,799.2,0.0,0.0,1.0,888.0,-0.0,118,-14.611832480771621,0.0,180,-7.999547336925201,0.0,120,-17.14781175214308,0.0,118,-24.463601107723434,0.0,118,-15.175319271795802,0.0,203,-41.8962509739679,0.0,0.0,0.0,0.0,0.0,0.0,0.0,857.0,857.0,0.0,0.0,857.0,0.0,0.0,857
0.0,0.0,-0.0,0.0,31797.86058933549,857.0,-0.0,0.7708011681413592,0.36094485086520944,0.0,799.2,0.0,0.0,1.0,888.0,-0.0,118,-38.475866937229405,0.0,180,-55.17827476238237,0.0,120,-36.9584879655595,0.0,118,-30.11040441920711,0.0,118,-40.84882580693853,0.0,203,-1.9838269258251895,0.0,0.0,0.0,0.0,0.0,0.0,0.0,857.0,857.0,0.0,0.0,857.0,0.0,0.0,857
0.0,0.0,-0.0,0.0,30845.638367113268,834.0,-0.0,0.7477186717841919,0.36094485086520944,0.0,799.2,0.0,0.0,1.0,888.0,-0.0,118,-1.1358371417812974,0.0,180,-5.473322634587337,0.0,120,-42.541302923586066,0.0,118,-36.97264440803378,0.0,118,-44.7497290862564,0.0,180,-50.3695931393971,0.0,0.0,0.0,0.0,0.0,0.0,0.0,834.0,834.0,0.0,0.0,834.0,0.0,0.0,834
0.0,0.0,-0.0,0.0,29918.9717004466,834.0,-0.0,0.7252556589932029,0.36094485086520944,0.0,799.2,0.0,0.0,1.0,888.0,-0.0,118,-56.45557382410217,0.0,180,-27.242353478379897,0.0,120,-7.646710104660357,0.0,118,-26.99414793235261,0.0,118,-1.1167778924758043,0.0,180,-51.981904191286496,0.0,0.0,0.0,0.0,0.0,0.0,0.0,834.0,834.0,0.0,0.0,834.0,0.0,0.0,834
0.0,0.0,-0.0,0.0,28992.305033779932,834.0,-0.0,0.7027926462022139,0.36094485086520944,0.0,799.2,0.0,0.0,1.0,888.0,-0.0,118,-52.49419401356258,0.0,180,-38.1042298072195,0.0,120,-37.18206881245459,0.0,118,-33.04965512775102,0.0,118,-49.9342797880445,0.0,180,-29.98101675089282,0.0,0.0,0.0,0.0,0.0,0.0,0.0,834.0,834.0,0.0,0.0,834.0,0.0,0.0,834
0.0,0.0,-0.0,0.0,28065.638367113264,834.0,-0.0,0.680329633411225,0.36094485086520944,0.0,799.2,0.0,0.0,1.0,888.0,-0.0,118,-57.418678383390336,0.0,180,-9.129092663002492,0.0,120,-53.771347073828956,0.0,118,-15.329158064612262,0.0,118,-2.96917355529678,0.0,180,-13.719198545524037,0.0,0.0,0.0,0.0,0.0,0.0,0.0,834.0,834.0,0.0,0.0,834.0,0.0,0.0,834
0.0,0.0,-0.0,0.0,27138.971700446597,834.0,-0.0,0.657866620620236,0.36094485086520944,0.0,799.2,0.0,0.0,1.0,888.0,-0.0,118,-47.92414996732015,0.0,180,-23.650794363213862,0.0,120,-59.11170204438723,0.0,118,-56.84058722324918,0.0,118,-28.154675422782187,0.0,180,-17.444435864874855,0.0,0.0,0.0,0.0,0.0,0.0,0.0,834.0,834.0,0.0,0.0,834.0,0.0,0.0,834
0.0,0.0,-0.0,0.0,26212.30503377993,834.0,-0.0,0.6354036078292471,0.36094485086520944,0.0,799.2,0.0,0.0,1.0,888.0,-0.0,118,-20.812261544427848,0.0,180,-1.245362172351585,0.0,120,-19.797879999015628,0.0,118,-50.172303332150676,0.0,118,-11.778025888448587,0.0,180,-9.035084217830601,0.0,0.0,0.0,0.0,0.0,0.0,0.0,834.0,834.0,0.0,0.0,834.0,0.0,0.0,834
0.0,0.0,-0.0,0.0,25285.63836711326,834.0,-0.0,0.612940595038258,0.36094485086520944,0.0,799.2,0.0,0.0,1.0,888.0,-0.0,118,-10.456509625656963,0.0,180,-31.884345992305178,0.0,120,-4.072722332002369,0.0,118,-24.88395331183231,0.0,118,-39.27154919674651,0.0,180,-32.90008902329274,0.0,0.0,0.0,0.0,0.0,0.0,0.0,834.0,834.0,0.0,0.0,834.0,0.0,0.0,834
0.0,0.0,-0.0,0.0,24358.971700446593,834.0,-0.0,0.5904775822472691,0.36094485086520944,0.0,799.2,0.0,0.0,1.0,888.0,-0.0,118,-51.49952593804465,0.0,180,-44.16144892174013,0.0,120,-0.5242891975125863,0.0,118,-7.842260777494121,0.0,118,-38.763522968583416,0.0,180,-51.413404956947765,0.0,0.0,0.0,0.0,0.0,0.0,0.0,834.0,834.0,0.0,0.0,834.0,0.0,0.0,834
0.0,0.0,-0.0,0.0,23432.305033779925,834.0,-0.0,0.5680145694562801,0.36094485086520944,0.0,799.2,0.0,0.0,1.0,888.0,-0.0,118,-58.93615001452462,0.0,180,-35.14945218403609,0.0,120,-7.943595386428943,0.0,118,-26.221818003285826,0.0,118,-24.56233091839017,0.0,180,-23.61493250171726,0.0,0.0,0.0,0.0,0.0,0.0,0.0,834.0,834.0,0.0,0.0,834.0,0.0,0.0,834
0.0,0.0,-0.0,0.0,22505.638367113257,834.0,-0.0,0.5455515566652912,0.36094485086520944,0.0,799.2,0.0,0.0,1.0,888.0,-0.0,118,-42.125417628491384,0.0,180,-56.90872479991229,0.0,120,-1.4423431950262455,0.0,118,-49.681366624942235,0.0,118,-48.6849216413461,0.0,180,-10.15757483262137,0.0,0.0,0.0,0.0,0.0,0.0,0.0,834.0,834.0,0.0,0.0,834.0,0.0,0.0,834
0.0,0.0,-0.0,0.0,21578.97170044659,834.0,-0.0,0.5230885438743023,0.36094485086520944,0.0,799.2,0.0,0.0,1.0,888.0,-0.0,118,-38.13910073091455,0.0,180,-16.09398282418694,0.0,120,-42.666381204158576,0.0,118,-15.340454128651992,0.0,118,-54.404098351996886,0.0,180,-18.046794429126255,0.0,0.0,0.0,0.0,0.0,0.0,0.0,834.0,834.0,0.0,0.0,834.0,0.0,0.0,834
0.0,0.0,-0.0,0.0,20652.30503377992,836.0,-0.0,0.5006255310833132,0.36094485086520944,0.0,799.2,0.0,0.0,1.0,888.0,-0.0,120,-27.950861725092974,0.0,180,-36.292417741789336,0.0,120,-18.462022292536815,0.0,118,-44.452200783987145,0.0,118,-9.075187012509359,0.0,180,-49.47624490136805,0.0,0.0,0.0,0.0,0.0,0.0,0.0,836.0,836.0,0.0,0.0,836.0,0.0,0.0,836
0.0,0.0,-0.0,0.0,19723.41614489103,836.0,-0.0,0.47810865015613485,0.36094485086520944,0.0,799.2,0.0,0.0,1.0,888.0,-0.0,120,-27.00109846370436,0.0,180,-21.128302104444426,0.0,120,-37.428628465121506,0.0,118,-7.499669786456105,0.0,118,-8.060309743610572,0.0,180,-28.702110036503253,0.0,0.0,0.0,0.0,0.0,0.0,0.0,836.0,836.0,0.0,0.0,836.0,0.0,0.0,836
0.0,0.0,-0.0,0.0,18794.52725600214,836.0,-0.0,0.45559176922895644,0.36094485086520944,0.0,799.2,0.0,0.0,1.0,888.0,-0.0,120,-37.99901311175895,0.0,180,-11.116700130216696,0.0,120,-11.708786792174667,0.0,118,-7.120479260569931,0.0,118,-15.36953001566848,0.0,180,-39.63138544583891,0.0,0.0,0.0,0.0,0.0,0.0,0.0,836.0,836.0,0.0,0.0,836.0,0.0,0.0,836
0.0,0.0,-0.0,0.0,17865.63836711325,836.0,-0.0,0.43307488830177804,0.36094485086520944,0.0,799.2,0.0,0.0,1.0,888.0,-0.0,120,-7.52727447676095,0.0,180,-56.03264941635071,0.0,120,-39.074310782751546,0.0,118,-0.44457448866403126,0.0,118,-33.88669786962774,0.0,180,-12.953965960497875,0.0,0.0,0.0,0.0,0.0,0.0,0.0,836.0,836.0,0.0,0.0,836.0,0.0,0.0,836
0.0,0.0,-0.0,0.0,16936.74947822436,836.0,-0.0,0.41055800737459963,0.36094485086520944,0.0,799.2,0.0,0.0,1.0,888.0,-0.0,120,-2.3548928385810353,0.0,180,-18.30433249120437,0.0,120,-12.799166644837,0.0,118,-31.5466877628782,0.0,118,-13.098752110970679,0.0,180,-0.7073216733320598,0.0,0.0,0.0,0.0,0.0,0.0,0.0,836.0,836.0,0.0,0.0,836.0,0.0,0.0,836
0.0,0.0,-0.0,0.0,16007.86058933547,836.0,-0.0,0.3880411264474213,0.36094485086520944,0.0,799.2,0.0,0.0,1.0,888.0,-0.0,120,-22.295622294766886,0.0,180,-20.543450267734286,0.0,120,-43.43335577260037,0.0,118,-22.5101008767158,0.0,118,-53.48226021893359,0.0,180,-30.140866141497636,0.0,0.0,0.0,0.0,0.0,0.0,0.0,836.0,836.0,0.0,0.0,836.0,0.0,0.0,836
0.0,0.0,-0.0,0.0,15078.971700446582,836.0,-0.0,0.36552424552024293,0.36094485086520944,0.0,799.2,0.0,0.0,1.0,888.0,-0.0,120,-58.83675875073063,0.0,180,-28.009751467988615,0.0,120,-43.56523428589615,0.0,118,-38.982177047068916,0.0,118,-19.15507176380873,0.0,180,-21.288336563285654,0.0,0.0,0.0,0.0,0.0,0.0,0.0,836.0,836.0,0.0,0.0,836.0,0.0,0.0,836
0.0,0.0,-0.0,0.0,14150.082811557693,774.0,-0.0,0.3430073645930646,0.36094485086520944,0.0,799.2,0.0,0.0,1.0,888.0,-0.0,120,-2.325993479184596,0.0,180,-6.52596537143326,0.0,120,-0.7489041824603282,0.0,118,-43.27411349747971,0.0,118,-15.31145575015482,0.0,118,-49.52728029524567,0.0,0.0,0.0,0.0,0.0,0.0,0.0,774.0,774.0,0.0,0.0,774.0,0.0,0.0,774
0.0,0.0,-0.0,0.0,13290.082811557693,774.0,-0.0,0.3221603958877583,0.36094485086520944,0.0,799.2,0.0,0.0,1.0,888.0,-0.0,120,-48.37746319659379,0.0,180,-12.266603617091704,0.0,120,-42.23768991996177,0.0,118,-35.019744466024775,0.0,118,-49.969680434213416,0.0,118,-57.432856317803285,0.0,0.0,0.0,0.0,0.0,0.0,0.0,774.0,774.0,0.0,0.0,774.0,0.0,0.0,774
0.0,0.0,-0.0,0.0,12430.082811557693,774.0,-0.0,0.301313427182452,0.36094485086520944,0.0,799.2,0.0,0.0,1.0,888.0,-0.0,120,-21.741863078587397,0.0,180,-47.56274377484625,0.0,120,-20.72052415898456,0.0,118,-19.84299207251873,0.0,118,-6.98901649184857,0.0,118,-14.479759051044729,0.0,0.0,0.0,0.0,0.0,0.0,0.0,774.0,774.0,0.0,0.0,774.0,0.0,0.0,774
0.0,0.0,-0.0,0.0,11570.082811557693,774.0,-0.0,0.28046645847714574,0.36094485086520944,0.0,799.2,0.0,0.0,1.0,888.0,-0.0,120,-25.52192125115799,0.0,180,-31.404887793602725,0.0,120,-19.656256224542638,0.0,118,-0.39283264710570753,0.0,118,-4.055675287352496,0.0,118,-48.88262519008113,0.0,0.0,0.0,0.0,0.0,0.0,0.0,774.0,774.0,0.0,0.0,774.0,0.0,0.0,774
0.0,0.0,-0.0,0.0,10710.082811557693,774.0,-0.0,0.25961948977183946,0.36094485086520944,0.0,799.2,0.0,0.0,1.0,888.0,-0.0,120,-7.317198959795759,0.0,180,-18.44636131007993,0.0,120,-28.1295640350475,0.0,118,-2.230831105387625,0.0,118,-22.011077308370474,0.0,118,-32.92289716773008,0.0,0.0,0.0,0.0,0.0,0.0,0.0,774.0,774.0,0.0,0.0,774.0,0.0,0.0,774
0.0,0.0,-0.0,0.0,9850.082811557693,774.0,-0.0,0.23877252106653318,0.36094485086520944,0.0,799.2,0.0,0.0,1.0,888.0,-0.0,120,-52.93440370926175,0.0,180,-52.03310913919207,0.0,120,-21.156499510305608,0.0,118,-17.477840870450535,0.0,118,-25.992569539862348,0.0,118,-28.35278374424362,0.0,0.0,0.0,0.0,0.0,0.0,0.0,774.0,774.0,0.0,0.0,774.0,0.0,0.0,774
0.0,0.0,-0.0,0.0,8990.082811557693,774.0,-0.0,0.2179255523612269,0.36094485086520944,0.0,799.2,0.0,0.0,1.0,888.0,-0.0,120,-25.212444395726,0.0,180,-6.311199152496798,0.0,120,-58.70185042330316,0.0,118,-23.079006648490495,0.0,118,-48.71476860701209,0.0,118,-55.39714667086657,0.0,0.0,0.0,0.0,0.0,0.0,0.0,774.0,774.0,0.0,0.0,774.0,0.0,0.0,774
0.0,0.0,-0.0,0.0,8130.082811557693,774.0,-0.0,0.19707858365592062,0.36094485086520944,0.0,799.2,0.0,0.0,1.0,888.0,-0.0,120,-41.352830370468254,0.0,180,-45.0738833874768,0.0,120,-54.26766504153986,0.0,118,-27.285410103440526,0.0,118,-23.606153839466437,0.0,118,-26.073418164977966,0.0,0.0,0.0,0.0,0.0,0.0,0.0,774.0,774.0,0.0,0.0,774.0,0.0,0.0,774
0.0,0.0,-0.0,0.0,7270.082811557693,774.0,-0.0,0.17623161495061435,0.36094485086520944,0.0,799.2,0.0,0.0,1.0,888.0,-0.0,120,-19.755415999800697,0.0,180,-28.9986934436845,0.0,120,-52.15001481630077,0.0,118,-41.01077197509268,0.0,118,-10.504765780207968,0.0,118,-18.294155713930408,0.0,0.0,0.0,0.0,0.0,0.0,0.0,774.0,774.0,0.0,0.0,774.0,0.0,0.0,774
0.0,0.0,-0.0,0.0,6410.082811557693,774.0,-0.0,0.15538464624530807,0.36094485086520944,0.0,799.2,0.0,0.0,1.0,888.0,-0.0,120,-25.368795608071835,0.0,180,-54.72612034155574,0.0,120,-29.221093656548863,0.0,118,-59.1645533914032,0.0,118,-55.08632581464842,0.0,118,-23.676739945143403,0.0,0.0,0.0,0.0,0.0,0.0,0.0,774.0,774.0,0.0,0.0,774.0,0.0,0.0,774
0.0,0.0,-0.0,0.0,5550.082811557693,774.0,-0.0,0.1345376775400018,0.36094485086520944,0.0,799.2,0.0,0.0,1.0,888.0,-0.0,120,-0.6020539376972889,0.0,180,-8.504667484147143,0.0,120,-41.703618076367505,0.0,118,-57.09853690332255,0.0,118,-19.3964961075453,0.0,118,-38.605711690145355,0.0,0.0,0.0,0.0,0.0,0.0,0.0,774.0,774.0,0.0,0.0,774.0,0.0,0.0,774
0.0,0.0,-0.0,0.0,4690.082811557693,774.0,-0.0,0.1136907088346955,0.36094485086520944,0.0,799.2,0.0,0.0,1.0,888.0,-0.0,120,-45.90688950095153,0.0,180,-42.69861588067698,0.0,120,-20.057939671268013,0.0,118,-0.365525124166024,0.0,118,-54.80881779090822,0.0,118,-15.419660923244853,0.0,0.0,0.0,0.0,0.0,0.0,0.0,774.0,774.0,0.0,0.0,774.0,0.0,0.0,774
0.0,0.0,-0.0,0.0,3830.0828115576933,774.0,-0.0,0.09284374012938922,0.36094485086520944,0.0,799.2,0.0,0.0,1.0,888.0,-0.0,120,-2.4129783266163596,0.0,180,-5.57421316920065,0.0,120,-35.885367688829845,0.0,118,-53.314763760235785,0.0,118,-52.34580649893048,0.0,118,-11.827416357687696,0.0,0.0,0.0,0.0,0.0,0.0,0.0,774.0,774.0,0.0,0.0,774.0,0.0,0.0,774
0.0,0.0,-0.0,0.0,2970.0828115576933,774.0,-0.0,0.07199677142408294,0.36094485086520944,0.0,799.2,0.0,0.0,1.0,888.0,-0.0,120,-45.63375164801582,0.0,180,-18.671938235707536,0.0,120,-21.56376403239285,0.0,118,-27.734535967934836,0.0,118,-1.373051257589788,0.0,118,-40.294473004981526,0.0,0.0,0.0,0.0,0.0,0.0,0.0,774.0,774.0,0.0,0.0,774.0,0.0,0.0,774
0.0,0.0,-0.0,0.0,2110.0828115576933,774.0,-0.0,0.05114980271877665,0.36094485086520944,0.0,799.2,0.0,0.0,1.0,888.0,-0.0,120,-29.28459992763681,0.0,180,-13.497929036459155,0.0,120,-22.529267920499915,0.0,118,-20.944792783296215,0.0,118,-27.739650943413622,0.0,118,-44.60346767157516,0.0,0.0,0.0,0.0,0.0,0.0,0.0,774.0,774.0,0.0,0.0,774.0,0.0,0.0,774
0.0,0.0,-0.0,0.0,1250.0828115576933,776.0,-0.0,0.03030283401347037,0.36094485086520944,0.0,799.2,0.0,0.0,1.0,888.0,-0.0,120,-49.44045828378498,0.0,180,-46.452594850920725,0.0,120,-3.055676631714388,0.0,118,-51.69800824301585,0.0,120,-17.90790961417018,0.0,118,-38.34416782083623,0.0,0.0,0.0,0.0,0.0,0.0,0.0,776.0,776.0,0.0,0.0,776.0,0.0,0.0,776
0.0,0.0,-0.0,0.0,387.8605893354711,349.074530401924,-0.0,0.009401997171974671,0.36094485086520944,154.09654995463706,799.2,0.0,426.925469598076,1.0,888.0,-379109.8170030915,120,-38.318590492392076,0.0,180,-57.156680046665585,0.0,120,-39.844544546541385,0.0,118,-57.93981003446828,0.0,120,-45.29662093271584,0.0,118,-19.801723996460087,0.0,0.0,0.0,0.0,0.0,-379109.8170030915,-379109.8170030915,776.0,776.0,0.0,0.0,776.0,0.0,0.0,776
0.0,0.0,-0.0,0.0,0.0,0.0,-0.0,0.0,0.36094485086520944,280.09320427140256,799.2,0.0,776.0,1.0,888.0,-689088.0,120,-22.925162675304072,0.0,180,-12.20407786712796,0.0,120,-31.8513221198222,0.0,118,-31.713959645642095,0.0,120,-31.945126643405366,0.0,118,-25.902975456607415,0.0,0.0,0.0,0.0,0.0,-689088.0,-689088.0,776.0,776.0,0.0,0.0,776.0,0.0,0.0,776
0.0,0.0,-0.0,0.0,0.0,0.0,-0.0,0.0,0.36094485086520944,280.09320427140256,799.2,0.0,776.0,1.0,888.0,-689088.0,120,-1.1920967493694512,0.0,180,-15.185094996203263,0.0,120,-57.79491165869635,0.0,118,-48.4697408315675,0.0,120,-14.977967656366998,0.0,118,-5.2123914829052715,0.0,0.0,0.0,0.0,0.0,-689088.0,-689088.0,776.0,776.0,0.0,0.0,776.0,0.0,0.0,776
0.0,0.0,-0.0,0.0,0.0,0.0,-0.0,0.0,0.36094485086520944,280.81509397313295,799.2,0.0,778.0,1.0,888.0,-690864.0,120,-3.231807207017432,0.0,180,-5.855097539838261,0.0,120,-38.391666595738435,0.0,120,-20.40250744910415,0.0,120,-35.25872673498373,0.0,118,-22.35047061053652,0.0,0.0,0.0,0.0,0.0,-690864.0,-690864.0,778.0,778.0,0.0,0.0,778.0,0.0,0.0,778
0.0,0.0,-0.0,0.0,0.0,0.0,-0.0,0.0,0.36094485086520944,280.81509397313295,799.2,0.0,778.0,1.0,888.0,-690864.0,120,-39.19916650773179,0.0,180,-37.948046499684395,0.0,120,-58.5119531394414,0.0,120,-50.10537287045028,0.0,120,-55.09528174872893,0.0,118,-5.119088887839092,0.0,0.0,0.0,0.0,0.0,-690864.0,-690864.0,778.0,778.0,0.0,0.0,778.0,0.0,0.0,778
0.0,0.0,-0.0,0.0,0.0,0.0,-0.0,0.0,0.36094485086520944,280.81509397313295,799.2,0.0,778.0,1.0,888.0,-690864.0,120,-2.6531191591747683,0.0,180,-22.067209860671817,0.0,120,-14.703299917541894,0.0,120,-5.893001537204148,0.0,120,-13.548361216674605,0.0,118,-36.6136668698948,0.0,0.0,0.0,0.0,0.0,-690864.0,-690864.0,778.0,778.0,0.0,0.0,778.0,0.0,0.0,778
0.0,0.0,-0.0,0.0,0.0,0.0,-0.0,0.0,0.36094485086520944,258.43651321948994,799.2,0.0,716.0,1.0,888.0,-635808.0,120,-38.069689009458735,0.0,118,-17.35799172164644,0.0,120,-31.603582325567125,0.0,120,-2.269515666668429,0.0,120,-23.06032247766696,0.0,118,-52.119529385922164,0.0,0.0,0.0,0.0,0.0,-635808.0,-635808.0,716.0,716.0,0.0,0.0,716.0,0.0,0.0,716
0.0,0.0,-0.0,0.0,0.0,0.0,-0.0,0.0,0.36094485086520944,258.43651321948994,799.2,0.0,716.0,1.0,888.0,-635808.0,120,-53.54347325423238,0.0,118,-41.97348687040271,0.0,120,-28.98709230108056,0.0,120,-0.04694224689248516,0.0,120,-57.8258958939412,0.0,118,-49.42914688162913,0.0,0.0,0.0,0.0,0.0,-635808.0,-635808.0,716.0,716.0,0.0,0.0,716.0,0.0,0.0,716
0.0,0.0,-0.0,0.0,0.0,0.0,-0.0,0.0,0.36094485086520944,258.43651321948994,799.2,0.0,716.0,1.0,888.0,-635808.0,120,-46.58036071078302,0.0,118,-0.8832439228358857,0.0,120,-4.857360274930906,0.0,120,-43.39158694698381,0.0,120,-23.475480481063336,0.0,118,-29.9877998779462,0.0,0.0,0.0,0.0,0.0,-635808.0,-635808.0,716.0,716.0,0.0,0.0,716.0,0.0,0.0,716
0.0,0.0,-0.0,0.0,0.0,0.0,-0.0,0.0,0.36094485086520944,258.43651321948994,799.2,0.0,716.0,1.0,888.0,-635808.0,120,-33.97648712632399,0.0,118,-54.857784836256755,0.0,120,-27.723988778879157,0.0,120,-6.690676817043693,0.0,120,-56.242701050774905,0.0,118,-16.659395961333352,0.0,0.0,0.0,0.0,0.0,-635808.0,-635808.0,716.0,716.0,0.0,0.0,716.0,0.0,0.0,716
0.0,0.0,-0.0,0.0,0.0,0.0,-0.0,0.0,0.36094485086520944,258.43651321948994,799.2,0.0,716.0,1.0,888.0,-635808.0,120,-30.541698552901824,0.0,118,-50.66650152720899,0.0,120,-22.025612014476504,0.0,120,-4.50114025286378,0.0,120,-53.39651202511835,0.0,118,-49.577493232509724,0.0,0.0,0.0,0.0,0.0,-635808.0,-635808.0,716.0,716.0,0.0,0.0,716.0,0.0,0.0,716
0.0,0.0,-0.0,0.0,0.0,0.0,-0.0,0.0,0.36094485086520944,258.43651321948994,799.2,0.0,716.0,1.0,888.0,-635808.0,120,-23.061065038531098,0.0,118,-10.825797879729679,0.0,120,-11.333729131673723,0.0,120,-49.73243495330409,0.0,120,-32.67855608474664,0.0,118,-31.054077070346242,0.0,0.0,0.0,0.0,0.0,-635808.0,-635808.0,716.0,716.0,0.0,0.0,716.0,0.0,0.0,716
0.0,0.0,-0.0,0.0,0.0,0.0,-0.0,0.0,0.36094485086520944,258.43651321948994,799.2,0.0,716.0,1.0,888.0,-635808.0,120,-18.83647462357412,0.0,118,-0.5415526037253993,0.0,120,-50.43149416427474,0.0,120,-36.913576647121154,0.0,120,-3.2319166897410256,0.0,118,-2.2101476054522307,0.0,0.0,0.0,0.0,0.0,-635808.0,-635808.0,716.0,716.0,0.0,0.0,716.0,0.0,0.0,716
0.0,0.0,-0.0,0.0,0.0,0.0,-0.0,0.0,0.36094485086520944,258.43651321948994,799.2,0.0,716.0,1.0,888.0,-635808.0,120,-44.75230375736539,0.0,118,-9.439610717209936,0.0,120,-35.29825146296793,0.0,120,-6.6204617721372845,0.0,120,-18.52479832018738,0.0,118,-29.762517034705503,0.0,0.0,0.0,0.0,0.0,-635808.0,-635808.0,716.0,716.0,0.0,0.0,716.0,0.0,0.0,716
0.0,0.0,-0.0,0.0,0.0,0.0,-0.0,0.0,0.36094485086520944,258.43651321948994,799.2,0.0,716.0,1.0,888.0,-635808.0,120,-26.98008922133953,0.0,118,-39.63943263706482,0.0,120,-8.08382373102731,0.0,120,-38.95965886694745,0.0,120,-52.11026883045542,0.0,118,-7.324653445429005,0.0,0.0,0.0,0.0,0.0,-635808.0,-635808.0,716.0,716.0,0.0,0.0,716.0,0.0,0.0,716
0.0,0.0,-0.0,0.0,0.0,0.0,-0.0,0.0,0.36094485086520944,258.43651321948994,799.2,0.0,716.0,1.0,888.0,-635808.0,120,-20.820896638601052,0.0,118,-11.283040279556932,0.0,120,-9.394598218128184,0.0,120,-12.895395788006693,0.0,120,-0.8669622979896907,0.0,118,-49.66365692869351,0.0,0.0,0.0,0.0,0.0,-635808.0,-635808.0,716.0,716.0,0.0,0.0,716.0,0.0,0.0,716
0.0,0.0,-0.0,0.0,0.0,0.0,-0.0,0.0,0.36094485086520944,258.43651321948994,799.2,0.0,716.0,1.0,888.0,-635808.0,120,-22.94319737714781,0.0,118,-58.864534236972865,0.0,120,-39.047657649058706,0.0,120,-8.009451520139354,0.0,120,-41.76494524118438,0.0,118,-15.609943896087097,0.0,0.0,0.0,0.0,0.0,-635808.0,-635808.0,716.0,716.0,0.0,0.0,716.0,0.0,0.0,716
0.0,0.0,-0.0,0.0,0.0,0.0,-0.0,0.0,0.36094485086520944,258.43651321948994,799.2,0.0,716.0,1.0,888.0,-635808.0,120,-28.859256295149784,0.0,118,-34.81494096405287,0.0,120,-29.376324327266733,0.0,120,-31.82067332730306,0.0,120,-26.97436892113704,0.0,118,-55.44623316594318,0.0,0.0,0.0,0.0,0.0,-635808.0,-635808.0,716.0,716.0,0.0,0.0,716.0,0.0,0.0,716
0.0,0.0,-0.0,0.0,0.0,0.0,-0.0,0.0,0.36094485086520944,258.43651321948994,799.2,0.0,716.0,1.0,888.0,-635808.0,120,-6.548447851761714,0.0,118,-18.756808654134293,0.0,120,-11.087056966146724,0.0,120,-43.50747230781231,0.0,120,-39.17975625083566,0.0,118,-24.660631190065057,0.0,0.0,0.0,0.0,0.0,-635808.0,-635808.0,716.0,716.0,0.0,0.0,716.0,0.0,0.0,716
0.0,0.0,-0.0,0.0,0.0,0.0,-0.0,0.0,0.36094485086520944,258.43651321948994,799.2,0.0,716.0,1.0,888.0,-635808.0,120,-11.319397600260627,0.0,118,-14.29139876199191,0.0,120,-43.8913330781135,0.0,120,-12.949489734094284,0.0,120,-3.3718334699136876,0.0,118,-43.519550980487224,0.0,0.0,0.0,0.0,0.0,-635808.0,-635808.0,716.0,716.0,0.0,0.0,716.0,0.0,0.0,716
0.0,0.0,-0.0,0.0,0.0,0.0,-0.0,0.0,0.36094485086520944,258.43651321948994,799.2,0.0,716.0,1.0,888.0,-635808.0,120,-51.88400883912143,0.0,118,-38.34996049329059,0.0,120,-43.44394009528627,0.0,120,-18.215719740612293,0.0,120,-23.147529665990522,0.0,118,-25.525321871652817,0.0,0.0,0.0,0.0,0.0,-635808.0,-635808.0,716.0,716.0,0.0,0.0,716.0,0.0,0.0,716
0.0,0.0,-0.0,0.0,0.0,0.0,-0.0,0.0,0.36094485086520944,258.43651321948994,799.2,0.0,716.0,1.0,888.0,-635808.0,120,-40.002593855503164,0.0,118,-33.175935289883455,0.0,120,-51.08567403067476,0.0,120,-56.62583245374539,0.0,120,-5.2380655149994215,0.0,118,-4.781765044785189,0.0,0.0,0.0,0.0,0.0,-635808.0,-635808.0,716.0,716.0,0.0,0.0,716.0,0.0,0.0,716
0.0,0.0,-0.0,0.0,0.0,0.0,-0.0,0.0,0.36094485086520944,258.43651321948994,799.2,0.0,716.0,1.0,888.0,-635808.0,120,-8.702154349927934,0.0,118,-31.506248375083523,0.0,120,-21.86833277765409,0.0,120,-7.45506392040999,0.0,120,-47.73855259927386,0.0,118,-53.43165634976397,0.0,0.0,0.0,0.0,0.0,-635808.0,-635808.0,716.0,716.0,0.0,0.0,716.0,0.0,0.0,716
0.0,0.0,-0.0,0.0,0.0,0.0,-0.0,0.0,0.36094485086520944,258.43651321948994,799.2,0.0,716.0,1.0,888.0,-635808.0,120,-43.50447284037045,0.0,118,-4.179804398268681,0.0,120,-13.391829015879482,0.0,120,-36.967793952317116,0.0,120,-14.28434867192266,0.0,118,-4.582138297194804,0.0,0.0,0.0,0.0,0.0,-635808.0,-635808.0,716.0,716.0,0.0,0.0,716.0,0.0,0.0,716
0.0,0.0,-0.0,0.0,0.0,0.0,-0.0,0.0,0.36094485086520944,258.43651321948994,799.2,0.0,716.0,1.0,888.0,-635808.0,120,-52.85458710928165,0.0,118,-47.75788987549504,0.0,120,-3.2971001286216772,0.0,120,-34.0656104306602,0.0,120,-57.44379978380987,0.0,118,-31.998259167006854,0.0,0.0,0.0,0.0,0.0,-635808.0,-635808.0,716.0,716.0,0.0,0.0,716.0,0.0,0.0,716
0.0,0.0,-0.0,0.0,0.0,0.0,-0.0,0.0,0.36094485086520944,258.43651321948994,799.2,0.0,716.0,1.0,888.0,-635808.0,120,-57.51154899859046,0.0,118,-12.637170076751536,0.0,120,-35.4263472115972,0.0,120,-31.978844385576902,0.0,120,-39.921709737536915,0.0,118,-8.583468277442815,0.0,0.0,0.0,0.0,0.0,-635808.0,-635808.0,716.0,716.0,0.0,0.0,716.0,0.0,0.0,716
0.0,0.0,-0.0,0.0,0.0,0.0,-0.0,0.0,0.36094485086520944,257.71462351775955,799.2,0.0,714.0,1.0,888.0,-634032.0,120,-58.480478610343006,0.0,118,-15.251430160470235,0.0,120,-21.35626854898447,0.0,118,-0.8188595926847353,0.0,120,-4.20231053104718,0.0,118,-11.417908564827762,0.0,0.0,0.0,0.0,0.0,-634032.0,-634032.0,714.0,714.0,0.0,0.0,714.0,0.0,0.0,714
0.0,0.0,-0.0,0.0,0.0,0.0,-0.0,0.0,0.36094485086520944,257.71462351775955,799.2,0.0,714.0,1.0,888.0,-634032.0,120,-25.06816080046899,0.0,118,-7.405475635287693,0.0,120,-16.915186492218677,0.0,118,-8.707910406101913,0.0,120,-20.654702203923552,0.0,118,-34.20389000006873,0.0,0.0,0.0,0.0,0.0,-634032.0,-634032.0,714.0,714.0,0.0,0.0,714.0,0.0,0.0,714
0.0,0.0,-0.0,0.0,0.0,0.0,-0.0,0.0,0.36094485086520944,257.71462351775955,799.2,0.0,714.0,1.0,888.0,-634032.0,120,-23.731106362779062,0.0,118,-1.5589724686720507,0.0,120,-47.77467961968489,0.0,118,-25.985817563618067,0.0,120,-29.658366776076715,0.0,118,-19.524637783164764,0.0,0.0,0.0,0.0,0.0,-634032.0,-634032.0,714.0,714.0,0.0,0.0,714.0,0.0,0.0,714
0.0,0.0,-0.0,0.0,0.0,0.0,-0.0,0.0,0.36094485086520944,258.43651321948994,799.2,0.0,716.0,1.0,888.0,-635808.0,120,-41.06089310014766,0.0,118,-21.37390609122355,0.0,120,-20.12692717251785,0.0,120,-10.225244159137794,0.0,120,-5.710614048212069,0.0,118,-5.97594312191478,0.0,0.0,0.0,0.0,0.0,-635808.0,-635808.0,716.0,716.0,0.0,0.0,716.0,0.0,0.0,716
0.0,0.0,-0.0,0.0,0.0,0.0,-0.0,0.0,0.36094485086520944,258.43651321948994,799.2,0.0,716.0,1.0,888.0,-635808.0,120,-37.65535457151797,0.0,118,-31.56188103565678,0.0,120,-26.94783865417204,0.0,120,-17.628935556007868,0.0,120,-33.756768865659005,0.0,118,-17.248371692200244,0.0,0.0,0.0,0.0,0.0,-635808.0,-635808.0,716.0,716.0,0.0,0.0,716.0,0.0,0.0,716
0.0,0.0,-0.0,0.0,0.0,0.0,-0.0,0.0,0.36094485086520944,258.43651321948994,799.2,0.0,716.0,1.0,888.0,-635808.0,120,-17.79160559154896,0.0,118,-53.86584761071784,0.0,120,-13.440103987798297,0.0,120,-12.552885828269593,0.0,120,-45.869255592384526,0.0,118,-2.088286145744922,0.0,0.0,0.0,0.0,0.0,-635808.0,-635808.0,716.0,716.0,0.0,0.0,716.0,0.0,0.0,716
0.0,0.0,-0.0,0.0,0.0,0.0,-0.0,0.0,0.36094485086520944,258.43651321948994,799.2,0.0,716.0,1.0,888.0,-635808.0,120,-36.91831702726911,0.0,118,-45.18740845303252,0.0,120,-5.9529710668529585,0.0,120,-30.272888997102537,0.0,120,-22.64385674995791,0.0,118,-42.50834536982319,0.0,0.0,0.0,0.0,0.0,-635808.0,-635808.0,716.0,716.0,0.0,0.0,716.0,0.0,0.0,716
0.0,0.0,-0.0,0.0,0.0,0.0,-0.0,0.0,0.36094485086520944,258.43651321948994,799.2,0.0,716.0,1.0,888.0,-635808.0,120,-44.00942756643053,0.0,118,-50.84528749101065,0.0,120,-1.7295983525616343,0.0,120,-7.682249290662666,0.0,120,-35.086033986984376,0.0,118,-38.67105903119783,0.0,0.0,0.0,0.0,0.0,-635808.0,-635808.0,716.0,716.0,0.0,0.0,716.0,0.0,0.0,716
0.0,0.0,-0.0,0.0,0.0,0.0,-0.0,0.0,0.36094485086520944,258.43651321948994,799.2,0.0,716.0,1.0,888.0,-635808.0,120,-40.67701057038685,0.0,118,-47.834397547732664,0.0,120,-56.07588556651881,0.0,120,-42.785250135563174,0.0,120,-19.171341173703762,0.0,118,-8.14232210971112,0.0,0.0,0.0,0.0,0.0,-635808.0,-635808.0,716.0,716.0,0.0,0.0,716.0,0.0,0.0,716
0.0,0.0,-0.0,0.0,0.0,0.0,-0.0,0.0,0.36094485086520944,258.43651321948994,799.2,0.0,716.0,1.0,888.0,-635808.0,120,-18.430858856640874,0.0,118,-51.79817016573179,0.0,120,-48.24954487103337,0.0,120,-36.12583873520796,0.0,120,-18.139568132039507,0.0,118,-15.203211524419284,0.0,0.0,0.0,0.0,0.0,-635808.0,-635808.0,716.0,716.0,0.0,0.0,716.0,0.0,0.0,716
0.0,0.0,-0.0,0.0,0.0,0.0,-0.0,0.0,0.36094485086520944,258.43651321948994,799.2,0.0,716.0,1.0,888.0,-635808.0,120,-35.031532131916606,0.0,118,-28.536156010706314,0.0,120,-55.43785477689674,0.0,120,-30.44748541849809,0.0,120,-1.7041298991993825,0.0,118,-26.08889565753165,0.0,0.0,0.0,0.0,0.0,-635808.0,-635808.0,716.0,716.0,0.0,0.0,716.0,0.0,0.0,716
0.0,0.0,-0.0,0.0,0.0,0.0,-0.0,0.0,0.36094485086520944,258.43651321948994,799.2,0.0,716.0,1.0,888.0,-635808.0,120,-9.015028212237153,0.0,118,-11.063598544547572,0.0,120,-29.467204593045725,0.0,120,-37.110301811415034,0.0,120,-23.372377916788587,0.0,118,-39.26011915319379,0.0,0.0,0.0,0.0,0.0,-635808.0,-635808.0,716.0,716.0,0.0,0.0,716.0,0.0,0.0,716
0.0,0.0,-0.0,0.0,0.0,0.0,-0.0,0.0,0.36094485086520944,258.43651321948994,799.2,0.0,716.0,1.0,888.0,-635808.0,120,-23.98389025445098,0.0,118,-33.10549801911612,0.0,120,-11.835725908166905,0.0,120,-52.64928451559649,0.0,120,-11.92125824206681,0.0,118,-16.07620714707406,0.0,0.0,0.0,0.0,0.0,-635808.0,-635808.0,716.0,716.0,0.0,0.0,716.0,0.0,0.0,716
0.0,0.0,-0.0,0.0,0.0,0.0,-0.0,0.0,0.36094485086520944,258.43651321948994,799.2,0.0,716.0,1.0,888.0,-635808.0,120,-53.20288879158239,0.0,118,-0.33098235104845664,0.0,120,-15.821840155342413,0.0,120,-19.345982071651754,0.0,120,-15.779209382925906,0.0,118,-49.176709476852636,0.0,0.0,0.0,0.0,0.0,-635808.0,-635808.0,716.0,716.0,0.0,0.0,716.0,0.0,0.0,716
0.0,0.0,-0.0,0.0,0.0,0.0,-0.0,0.0,0.36094485086520944,258.43651321948994,799.2,0.0,716.0,1.0,888.0,-635808.0,120,-58.1958253663592,0.0,118,-3.564307557134254,0.0,120,-41.98277560419919,0.0,120,-3.95128394202098,0.0,120,-31.60777661501959,0.0,118,-5.359980415206429,0.0,0.0,0.0,0.0,0.0,-635808.0,-635808.0,716.0,716.0,0.0,0.0,716.0,0.0,0.0,716
0.0,0.0,-0.0,0.0,0.0,0.0,-0.0,0.0,0.36094485086520944,258.43651321948994,799.2,0.0,716.0,1.0,888.0,-635808.0,120,-48.59280444626983,0.0,118,-7.655683117262346,0.0,120,-48.935319654195446,0.0,120,-57.12017866076126,0.0,120,-58.78205156448571,0.0,118,-8.172272795179545,0.0,0.0,0.0,0.0,0.0,-635808.0,-635808.0,716.0,716.0,0.0,0.0,716.0,0.0,0.0,716
0.0,0.0,-0.0,0.0,0.0,0.0,-0.0,0.0,0.36094485086520944,258.43651321948994,799.2,0.0,716.0,1.0,888.0,-635808.0,120,-47.546482389854226,0.0,118,-49.859832522057935,0.0,120,-1.4479048014950147,0.0,120,-9.57496656320023,0.0,120,-36.72561025935024,0.0,118,-49.75450662801676,0.0,0.0,0.0,0.0,0.0,-635808.0,-635808.0,716.0,716.0,0.0,0.0,716.0,0.0,0.0,716
0.0,0.0,-0.0,0.0,0.0,0.0,-0.0,0.0,0.36094485086520944,258.43651321948994,799.2,0.0,716.0,1.0,888.0,-635808.0,120,-38.41573999350429,0.0,118,-46.01934528368014,0.0,120,-14.100350252188079,0.0,120,-58.417648462407485,0.0,120,-22.887192571105984,0.0,118,-16.652856130037122,0.0,0.0,0.0,0.0,0.0,-635808.0,-635808.0,716.0,716.0,0.0,0.0,716.0,0.0,0.0,716
0.0,0.0,-0.0,0.0,0.0,0.0,-0.0,0.0,0.36094485086520944,258.43651321948994,799.2,0.0,716.0,1.0,888.0,-635808.0,120,-20.034382578653275,0.0,118,-44.05688848954313,0.0,120,-12.705609789876773,0.0,120,-44.21035179128264,0.0,120,-35.72831417640008,0.0,118,-13.43827643710508,0.0,0.0,0.0,0.0,0.0,-635808.0,-635808.0,716.0,716.0,0.0,0.0,716.0,0.0,0.0,716
335.56295026271346,0.0,-3355.6295026271346,0.0,0.0,0.0,-0.0,0.0,0.36094485086520944,137.28314046637152,799.2,0.0,380.3438119072608,1.0,888.0,-337745.3049736476,120,-31.460632021068346,0.0,118,-27.60219201600696,0.0,120,-38.88789301750232,0.0,120,-38.81271508852043,0.0,120,-37.99587866088473,0.0,118,-45.1579209962447,0.0,0.0,0.0932378300257609,0.0932378300257609,0.0,-341100.9344762747,-341100.9344762747,716.0,716.0,335.6561880927392,0.0,380.3438119072608,0.0,0.0,716
335.56295026271346,0.0,-3355.6295026271346,0.0,0.0,0.0,-0.0,0.0,0.36094485086520944,137.28314046637152,799.2,0.0,380.3438119072608,1.0,888.0,-337745.3049736476,120,-10.376084025855757,0.0,118,-59.19908194165939,0.0,120,-6.2904823552587485,0.0,120,-52.623325371379224,0.0,120,-21.35168876536867,0.0,118,-8.128957852091453,0.0,0.0,0.0932378300257609,0.0932378300257609,0.0,-341100.9344762747,-341100.9344762747,716.0,716.0,335.6561880927392,0.0,380.3438119072608,0.0,0.0,716
335.56295026271346,0.0,-3355.6295026271346,0.0,0.0,0.0,-0.0,0.0,0.36094485086520944,137.28314046637152,799.2,0.0,380.3438119072608,1.0,888.0,-337745.3049736476,120,-30.694822660022073,0.0,118,-5.040393349331065,0.0,120,-32.16298533878021,0.0,120,-58.93348390351023,0.0,120,-42.53937560065863,0.0,118,-21.88819418195778,0.0,0.0,0.0932378300257609,0.0932378300257609,0.0,-341100.9344762747,-341100.9344762747,716.0,716.0,335.6561880927392,0.0,380.3438119072608,0.0,0.0,716
335.56295026271346,0.0,-3355.6295026271346,0.0,0.0,0.0,-0.0,0.0,0.36094485086520944,137.28314046637152,799.2,0.0,380.3438119072608,1.0,888.0,-337745.3049736476,120,-36.73878930634963,0.0,118,-39.39071267402403,0.0,120,-54.81356037576734,0.0,120,-19.99717652882983,0.0,120,-55.995789935352335,0.0,118,-25.537717908062344,0.0,0.0,0.0932378300257609,0.0932378300257609,0.0,-341100.9344762747,-341100.9344762747,716.0,716.0,335.6561880927392,0.0,380.3438119072608,0.0,0.0,716
335.56295026271346,0.0,-3355.6295026271346,0.0,0.0,0.0,-0.0,0.0,0.36094485086520944,137.28314046637152,799.2,0.0,380.3438119072608,1.0,888.0,-337745.3049736476,120,-22.84987068636836,0.0,118,-47.885978477003015,0.0,120,-28.879043768304864,0.0,120,-6.818017974486561,0.0,120,-23.436067798906965,0.0,118,-25.804884229505824,0.0,0.0,0.0932378300257609,0.0932378300257609,0.0,-341100.9344762747,-341100.9344762747,716.0,716.0,335.6561880927392,0.0,380.3438119072608,0.0,0.0,716
335.56295026271346,0.0,-3355.6295026271346,0.0,0.0,0.0,-0.0,0.0,0.36094485086520944,137.28314046637152,799.2,0.0,380.3438119072608,1.0,888.0,-337745.3049736476,120,-42.5191823472974,0.0,118,-57.188187343985625,0.0,120,-29.605704015209966,0.0,120,-56.680379517797085,0.0,120,-11.900737911190227,0.0,118,-13.199040954250783,0.0,0.0,0.0932378300257609,0.0932378300257609,0.0,-341100.9344762747,-341100.9344762747,716.0,716.0,335.6561880927392,0.0,380.3438119072608,0.0,0.0,716
840.6914110264287,0.0,-8406.914110264286,126.92500130456881,0.0,0.0,-0.0,0.0,0.36094485086520944,0.0,799.2,0.0,0.0,1.0,888.0,-0.0,120,-41.52232135373608,0.0,118,-56.67718555908796,0.0,120,-2.799352026151294,0.0,120,-8.120519039578543,0.0,118,-23.79284694883999,0.0,118,-9.35393423810009,0.0,0.0,0.233590278140158,0.233590278140158,0.0,-8406.914110264286,-8406.914110264286,840.9250013045688,840.9250013045688,840.9250013045688,0.0,0.0,126.92500130456881,0.0,714
840.6914110264287,0.0,-8406.914110264286,124.92500130456881,114.23250117411193,0.0,-0.0,0.002769071368727412,0.36094485086520944,0.0,799.2,0.0,0.0,1.0,888.0,-0.0,120,-6.070890540985232,0.0,118,-53.102503117878825,0.0,120,-6.608039322016768,0.0,120,-58.969579663833386,0.0,120,-43.10008762892755,0.0,118,-53.934845883770954,0.0,0.0,0.233590278140158,0.233590278140158,0.0,-8406.914110264286,-8406.914110264286,840.9250013045688,840.9250013045688,840.9250013045688,0.0,0.0,124.92500130456881,0.0,716
840.6914110264287,0.0,-8406.914110264286,126.92500130456881,226.66500234822388,0.0,-0.0,0.005494509547141393,0.36094485086520944,0.0,799.2,0.0,0.0,1.0,888.0,-0.0,120,-48.93510555871973,0.0,118,-54.295702417498894,0.0,120,-44.690798909141016,0.0,120,-2.957047615968329,0.0,118,-32.91199262037314,0.0,118,-14.705945150348718,0.0,0.0,0.233590278140158,0.233590278140158,0.0,-8406.914110264286,-8406.914110264286,840.9250013045688,840.9250013045688,840.9250013045688,0.0,0.0,126.92500130456881,0.0,714
840.6914110264287,0.0,-8406.914110264286,126.92500130456881,340.8975035223358,0.0,-0.0,0.008263580915868804,0.36094485086520944,0.0,799.2,0.0,0.0,1.0,888.0,-0.0,120,-59.26624262491146,0.0,118,-54.60509194276651,0.0,120,-27.855305097305983,0.0,120,-54.95725008934892,0.0,118,-22.1551115737064,0.0,118,-30.0029051498834,0.0,0.0,0.233590278140158,0.233590278140158,0.0,-8406.914110264286,-8406.914110264286,840.9250013045688,840.9250013045688,840.9250013045688,0.0,0.0,126.92500130456881,0.0,714
840.6914110264287,0.0,-8406.914110264286,128.9250013045688,455.1300046964477,0.0,-0.0,0.011032652284596217,0.36094485086520944,0.0,799.2,0.0,0.0,1.0,888.0,-0.0,118,-35.93121072041606,0.0,118,-3.8794732576932867,0.0,120,-53.62248215962974,0.0,120,-9.590626906139763,0.0,118,-23.121166342215986,0.0,118,-17.39238925370119,0.0,0.0,0.233590278140158,0.233590278140158,0.0,-8406.914110264286,-8406.914110264286,840.9250013045688,840.9250013045688,840.9250013045688,0.0,0.0,128.9250013045688,0.0,712
840.6914110264287,0.0,-8406.914110264286,128.9250013045688,571.1625058705597,0.0,-0.0,0.013845356843637061,0.36094485086520944,0.0,799.2,0.0,0.0,1.0,888.0,-0.0,118,-12.874433490461488,0.0,118,-12.863200200190214,0.0,120,-52.7829725957125,0.0,120,-29.270160984358224,0.0,118,-19.21830493778367,0.0,118,-1.3612959636117083,0.0,0.0,0.233590278140158,0.233590278140158,0.0,-8406.914110264286,-8406.914110264286,840.9250013045688,840.9250013045688,840.9250013045688,0.0,0.0,128.9250013045688,0.0,712
1447.9175057302793,0.0,-14479.175057302793,736.3198167904989,687.1950070446717,0.0,-0.0,0.016658061402677907,0.36094485086520944,0.0,799.2,0.0,0.0,1.0,888.0,-0.0,118,-23.506321178316746,0.0,118,-59.2042747673087,0.0,120,-48.958668740620624,0.0,120,-43.37295381662508,0.0,118,-7.336156177301849,0.0,118,-54.8894879683769,0.0,0.0,0.402311060219583,0.402311060219583,0.0,-14479.175057302793,-14479.175057302793,1448.3198167904989,1448.3198167904989,1448.3198167904989,0.0,0.0,736.3198167904989,0.0,712
1447.9175057302793,0.0,-14479.175057302793,736.3198167904989,1349.8828421561207,0.0,-0.0,0.03272205275146343,0.36094485086520944,0.0,799.2,0.0,0.0,1.0,888.0,-0.0,118,-49.3707142623101,0.0,118,-50.903187882486236,0.0,120,-1.4107664956420285,0.0,120,-10.261251592317063,0.0,118,-50.62340451028384,0.0,118,-35.87322303487999,0.0,0.0,0.402311060219583,0.402311060219583,0.0,-14479.175057302793,-14479.175057302793,1448.3198167904989,1448.3198167904989,1448.3198167904989,0.0,0.0,736.3198167904989,0.0,712
1447.9175057302793,0.0,-14479.175057302793,736.3198167904989,2012.5706772675696,0.0,-0.0,0.04878604410024894,0.36094485086520944,0.0,799.2,0.0,0.0,1.0,888.0,-0.0,118,-50.582523448253035,0.0,118,-42.53312695573151,0.0,120,-52.33762443819615,0.0,120,-14.24461898897352,0.0,118,-17.898412460323797,0.0,118,-17.113138959751314,0.0,0.0,0.402311060219583,0.402311060219583,0.0,-14479.175057302793,-14479.175057302793,1448.3198167904989,1448.3198167904989,1448.3198167904989,0.0,0.0,736.3198167904989,0.0,712
1447.9175057302793,0.0,-14479.175057302793,736.3198167904989,2675.2585123790186,0.0,-0.0,0.06485003544903446,0.36094485086520944,0.0,799.2,0.0,0.0,1.0,888.0,-0.0,118,-40.18971726913547,0.0,118,-59.21248534456365,0.0,120,-41.07944097182296,0.0,120,-51.24551346691877,0.0,118,-17.546544832463237,0.0,118,-39.7644746627877,0.0,0.0,0.402311060219583,0.402311060219583,0.0,-14479.175057302793,-14479.175057302793,1448.3198167904989,1448.3198167904989,1448.3198167904989,0.0,0.0,736.3198167904989,0.0,712
1447.9175057302793,0.0,-14479.175057302793,736.3198167904989,3337.946347490468,0.0,-0.0,0.08091402679781999,0.36094485086520944,0.0,799.2,0.0,0.0,1.0,888.0,-0.0,118,-45.65101939116087,0.0,118,-46.17520548362088,0.0,120,-12.772324980663905,0.0,120,-55.767534523230644,0.0,118,-48.73482937555199,0.0,118,-52.628607602515345,0.0,0.0,0.402311060219583,0.402311060219583,0.0,-14479.175057302793,-14479.175057302793,1448.3198167904989,1448.3198167904989,1448.3198167904989,0.0,0.0,736.3198167904989,0.0,712
1447.9175057302793,0.0,-14479.175057302793,736.3198167904989,4000.634182601917,0.0,-0.0,0.0969780181466055,0.36094485086520944,0.0,799.2,0.0,0.0,1.0,888.0,-0.0,118,-3.582967326478743,0.0,118,-38.15032488128373,0.0,120,-51.727329990124005,0.0,120,-12.557039823443098,0.0,118,-57.96502272078765,0.0,118,-3.5988623179287327,0.0,0.0,0.402311060219583,0.402311060219583,0.0,-14479.175057302793,-14479.175057302793,1448.3198167904989,1448.3198167904989,1448.3198167904989,0.0,0.0,736.3198167904989,0.0,712
1919.5695866441558,0.0,-19195.695866441558,1208.1029485743154,4663.322017713366,0.0,-0.0,0.11304200949539103,0.36094485086520944,0.0,799.2,0.0,0.0,1.0,888.0,-0.0,118,-37.03705321371251,0.0,118,-10.161922564846083,0.0,120,-46.56515886234449,0.0,120,-18.946322371143026,0.0,118,-57.563324507951236,0.0,118,-32.818247993401876,0.0,0.0,0.533361930159532,0.533361930159532,0.0,-19195.695866441558,-19195.695866441558,1920.1029485743154,1920.1029485743154,1920.1029485743154,0.0,0.0,1208.1029485743154,0.0,712
1919.5695866441558,0.0,-19195.695866441558,1208.1029485743154,5750.61467143025,0.0,-0.0,0.13939870243207161,0.36094485086520944,0.0,799.2,0.0,0.0,1.0,888.0,-0.0,118,-22.422516278846636,0.0,118,-16.88621638766594,0.0,120,-9.914402269225258,0.0,120,-16.46881710749782,0.0,118,-19.21018984150687,0.0,118,-8.019418393373464,0.0,0.0,0.533361930159532,0.533361930159532,0.0,-19195.695866441558,-19195.695866441558,1920.1029485743154,1920.1029485743154,1920.1029485743154,0.0,0.0,1208.1029485743154,0.0,712
1919.5695866441558,0.0,-19195.695866441558,1208.1029485743154,6837.9073251471345,0.0,-0.0,0.1657553953687522,0.36094485086520944,0.0,799.2,0.0,0.0,1.0,888.0,-0.0,118,-48.47598637817095,0.0,118,-40.40336089059126,0.0,120,-9.88135537098768,0.0,120,-42.67819410831317,0.0,118,-33.34895702590028,0.0,118,-57.087578354343684,0.0,0.0,0.533361930159532,0.533361930159532,0.0,-19195.695866441558,-19195.695866441558,1920.1029485743154,1920.1029485743154,1920.1029485743154,0.0,0.0,1208.1029485743154,0.0,712
1919.5695866441558,0.0,-19195.695866441558,1208.1029485743154,7925.199978864019,0.0,-0.0,0.19211208830543278,0.36094485086520944,0.0,799.2,0.0,0.0,1.0,888.0,-0.0,118,-57.1455849774372,0.0,118,-0.4106961350847049,0.0,120,-19.287502413141038,0.0,120,-30.337179584554377,0.0,118,-0.267899596772585,0.0,118,-54.95546527567753,0.0,0.0,0.533361930159532,0.533361930159532,0.0,-19195.695866441558,-19195.695866441558,1920.1029485743154,1920.1029485743154,1920.1029485743154,0.0,0.0,1208.1029485743154,0.0,712
1919.5695866441558,0.0,-19195.695866441558,1212.1029485743154,9012.492632580903,0.0,-0.0,0.21846878124211336,0.36094485086520944,0.0,799.2,0.0,0.0,1.0,888.0,-0.0,118,-14.128289587959122,0.0,118,-37.11004034530914,0.0,118,-13.116288022667531,0.0,118,-32.625790107575405,0.0,118,-31.541623290255266,0.0,118,-36.85281198352636,0.0,0.0,0.533361930159532,0.533361930159532,0.0,-19195.695866441558,-19195.695866441558,1920.1029485743154,1920.1029485743154,1920.1029485743154,0.0,0.0,1212.1029485743154,0.0,708
1919.5695866441558,0.0,-19195.695866441558,1212.1029485743154,10103.385286297787,0.0,-0.0,0.24491274055942083,0.36094485086520944,0.0,799.2,0.0,0.0,1.0,888.0,-0.0,118,-1.3080739348153658,0.0,118,-19.919296828469808,0.0,118,-1.650646218463132,0.0,118,-45.592399952474345,0.0,118,-21.807779734152362,0.0,118,-34.52042587617802,0.0,0.0,0.533361930159532,0.533361930159532,0.0,-19195.695866441558,-19195.695866441558,1920.1029485743154,1920.1029485743154,1920.1029485743154,0.0,0.0,1212.1029485743154,0.0,708
2187.5866293423883,0.0,-21875.866293423882,1478.1944611371487,11194.277940014672,0.0,-0.0,0.2713566998767283,0.36094485086520944,0.0,799.2,0.0,0.0,1.0,888.0,-0.0,118,-37.36113816518202,0.0,118,-31.737458006833908,0.0,118,-9.025731363712964,0.0,120,-55.05039963459892,0.0,118,-53.6923527883545,0.0,118,-59.024655497175104,0.0,0.0,0.607831794760319,0.607831794760319,0.0,-21875.866293423882,-21875.866293423882,2188.1944611371487,2188.1944611371487,2188.1944611371487,0.0,0.0,1478.1944611371487,0.0,710
2187.5866293423883,0.0,-21875.866293423882,1478.1944611371487,12524.652955038106,0.0,-0.0,0.3036058699982572,0.36094485086520944,0.0,799.2,0.0,0.0,1.0,888.0,-0.0,118,-24.012589224465458,0.0,118,-2.0372269952649136,0.0,118,-2.267889332404569,0.0,120,-22.85442365275555,0.0,118,-14.498071443312675,0.0,118,-4.853107971002024,0.0,0.0,0.607831794760319,0.607831794760319,0.0,-21875.866293423882,-21875.866293423882,2188.1944611371487,2188.1944611371487,2188.1944611371487,0.0,0.0,1478.1944611371487,0.0,710
2187.5866293423883,0.0,-21875.866293423882,1478.1944611371487,13855.02797006154,0.0,-0.0,0.3358550401197862,0.36094485086520944,0.0,799.2,0.0,0.0,1.0,888.0,-0.0,118,-23.145282341799096,0.0,118,-10.994102311208733,0.0,118,-58.36418153553849,0.0,120,-38.67359752431443,0.0,118,-41.183761037334015,0.0,118,-7.098990428377377,0.0,0.0,0.607831794760319,0.607831794760319,0.0,-21875.866293423882,-21875.866293423882,2188.1944611371487,2188.1944611371487,2188.1944611371487,0.0,0.0,1478.1944611371487,0.0,710
2187.5866293423883,0.0,-21875.866293423882,1478.1944611371487,15185.402985084973,0.0,-0.0,0.3681042102413151,0.36094485086520944,0.0,799.2,0.0,0.0,1.0,888.0,-0.0,118,-54.221511288618856,0.0,118,-0.016450002962278276,0.0,118,-15.278048395387367,0.0,120,-25.70027290315361,0.0,118,-28.00674621301063,0.0,118,-1.3242072670375271,0.0,0.0,0.607831794760319,0.607831794760319,0.0,-21875.866293423882,-21875.866293423882,2188.1944611371487,2188.1944611371487,2188.1944611371487,0.0,0.0,1478.1944611371487,0.0,710
2187.5866293423883,0.0,-21875.866293423882,1478.1944611371487,16515.778000108407,0.0,-0.0,0.40035338036284407,0.36094485086520944,0.0,799.2,0.0,0.0,1.0,888.0,-0.0,118,-13.102017807448691,0.0,118,-1.714410368091539,0.0,118,-46.253054256096505,0.0,120,-48.32349034375796,0.0,118,-22.977337875848907,0.0,118,-17.986154523456282,0.0,0.0,0.607831794760319,0.607831794760319,0.0,-21875.866293423882,-21875.866293423882,2188.1944611371487,2188.1944611371487,2188.1944611371487,0.0,0.0,1478.1944611371487,0.0,710
2187.5866293423883,0.0,-21875.866293423882,1478.1944611371487,17846.15301513184,0.0,-0.0,0.432602550484373,0.36094485086520944,0.0,799.2,0.0,0.0,1.0,888.0,-0.0,118,-42.25863808124365,0.0,118,-41.4649011116192,0.0,118,-39.74253122784951,0.0,120,-18.87443702871667,0.0,118,-48.00828957519828,0.0,118,-25.18772089622937,0.0,0.0,0.607831794760319,0.607831794760319,0.0,-21875.866293423882,-21875.866293423882,2188.1944611371487,2188.1944611371487,2188.1944611371487,0.0,0.0,1478.1944611371487,0.0,710
2161.0318594937357,0.0,-21610.31859493736,1451.6323129139896,19176.528030155274,0.0,-0.0,0.46485172060590196,0.36094485086520944,0.0,799.2,0.0,0.0,1.0,888.0,-0.0,118,-27.3919884227867,0.0,118,-57.29080887484238,0.0,118,-41.27799949983078,0.0,120,-38.930431674995596,0.0,118,-26.038359288790815,0.0,118,-27.67379255661349,0.0,0.0,0.600453420253886,0.600453420253886,0.0,-21610.31859493736,-21610.31859493736,2161.6323129139896,2161.6323129139896,2161.6323129139896,0.0,0.0,1451.6323129139896,0.0,710
2161.0318594937357,0.0,-21610.31859493736,1366.6323129139896,20482.997111777866,0.0,-0.0,0.49652139509315363,0.36094485086520944,0.0,799.2,0.0,0.0,1.0,888.0,-0.0,203,-49.244187054372325,0.0,118,-18.005168980572737,0.0,118,-0.6797014138216029,0.0,120,-42.11212811884203,0.0,118,-29.299513590319183,0.0,118,-41.069787064045045,0.0,0.0,0.600453420253886,0.600453420253886,0.0,-21610.31859493736,-21610.31859493736,2161.6323129139896,2161.6323129139896,2161.6323129139896,0.0,0.0,1366.6323129139896,0.0,795
2161.0318594937357,0.0,-21610.31859493736,1366.6323129139896,21712.966193400458,0.0,-0.0,0.5263366589920844,0.36094485086520944,0.0,799.2,0.0,0.0,1.0,888.0,-0.0,203,-46.93551678113567,0.0,118,-31.245578400197253,0.0,118,-6.210180326933667,0.0,120,-37.44057455668598,0.0,118,-40.70990545724343,0.0,118,-2.7848892585945206,0.0,0.0,0.600453420253886,0.600453420253886,0.0,-21610.31859493736,-21610.31859493736,2161.6323129139896,2161.6323129139896,2161.6323129139896,0.0,0.0,1366.6323129139896,0.0,795
2161.0318594937357,0.0,-21610.31859493736,1304.6323129139896,22942.93527502305,0.0,-0.0,0.5561519228910152,0.36094485086520944,0.0,799.2,0.0,0.0,1.0,888.0,-0.0,203,-22.93334124181623,0.0,180,-41.605716047363785,0.0,118,-3.562222488657918,0.0,120,-14.803452808617969,0.0,118,-40.33545949776918,0.0,118,-27.2738980177871,0.0,0.0,0.600453420253886,0.600453420253886,0.0,-21610.31859493736,-21610.31859493736,2161.6323129139896,2161.6323129139896,2161.6323129139896,0.0,0.0,1304.6323129139896,0.0,857
2161.0318594937357,0.0,-21610.31859493736,1242.6323129139896,24117.10435664564,0.0,-0.0,0.5846145578902295,0.36094485086520944,0.0,799.2,0.0,0.0,1.0,888.0,-0.0,203,-29.0172111648447,0.0,180,-39.3735782054403,0.0,180,-13.620616462844131,0.0,120,-6.53463147606206,0.0,118,-41.59587365549824,0.0,118,-13.304859685256735,0.0,0.0,0.600453420253886,0.600453420253886,0.0,-21610.31859493736,-21610.31859493736,2161.6323129139896,2161.6323129139896,2161.6323129139896,0.0,0.0,1242.6323129139896,0.0,919
2161.0318594937357,0.0,-21610.31859493736,1242.6323129139896,25235.47343826823,0.0,-0.0,0.6117245639897275,0.36094485086520944,0.0,799.2,0.0,0.0,1.0,888.0,-0.0,203,-5.79199673219275,0.0,180,-55.92410636082898,0.0,180,-38.71185702241495,0.0,120,-40.11570197105344,0.0,118,-17.826085002073327,0.0,118,-27.714583641230735,0.0,0.0,0.600453420253886,0.600453420253886,0.0,-21610.31859493736,-21610.31859493736,2161.6323129139896,2161.6323129139896,2161.6323129139896,0.0,0.0,1242.6323129139896,0.0,919
1818.2806343439613,0.0,-18182.806343439614,899.7858526363602,26353.84251989082,0.0,-0.0,0.6388345700892255,0.36094485086520944,0.0,799.2,0.0,0.0,1.0,888.0,-0.0,203,-19.37194306148514,0.0,180,-24.238963274513257,0.0,180,-38.86914079450234,0.0,120,-24.474097458532565,0.0,118,-20.786407587577752,0.0,118,-55.478415312189355,0.0,0.0,0.505218292398989,0.505218292398989,0.0,-18182.806343439614,-18182.806343439614,1818.7858526363602,1818.7858526363602,1818.7858526363602,0.0,0.0,899.7858526363602,0.0,919
1818.2806343439613,0.0,-18182.806343439614,899.7858526363602,27163.649787263545,0.0,-0.0,0.6584648337639334,0.36094485086520944,0.0,799.2,0.0,0.0,1.0,888.0,-0.0,203,-27.684536077402658,0.0,180,-12.173579637899836,0.0,180,-40.461387823777535,0.0,120,-42.34328447116358,0.0,118,-51.54450404509733,0.0,118,-58.87609450995857,0.0,0.0,0.505218292398989,0.505218292398989,0.0,-18182.806343439614,-18182.806343439614,1818.7858526363602,1818.7858526363602,1818.7858526363602,0.0,0.0,899.7858526363602,0.0,919
1818.2806343439613,0.0,-18182.806343439614,899.7858526363602,27973.45705463627,0.0,-0.0,0.6780950974386413,0.36094485086520944,0.0,799.2,0.0,0.0,1.0,888.0,-0.0,203,-4.83682655540596,0.0,180,-54.071171611547975,0.0,180,-3.9048255141265265,0.0,120,-45.244719321131775,0.0,118,-40.06568865065426,0.0,118,-38.99041231298882,0.0,0.0,0.505218292398989,0.505218292398989,0.0,-18182.806343439614,-18182.806343439614,1818.7858526363602,1818.7858526363602,1818.7858526363602,0.0,0.0,899.7858526363602,0.0,919
1818.2806343439613,0.0,-18182.806343439614,899.7858526363602,28783.264322008996,0.0,-0.0,0.6977253611133493,0.36094485086520944,0.0,799.2,0.0,0.0,1.0,888.0,-0.0,203,-3.036689462550064,0.0,180,-21.10758454573076,0.0,180,-24.99312081710722,0.0,120,-7.864281386554863,0.0,118,-33.08032169385642,0.0,118,-39.66501756019495,0.0,0.0,0.505218292398989,0.505218292398989,0.0,-18182.806343439614,-18182.806343439614,1818.7858526363602,1818.7858526363602,1818.7858526363602,0.0,0.0,899.7858526363602,0.0,919
1818.2806343439613,0.0,-18182.806343439614,844.7858526363602,29593.07158938172,0.0,-0.0,0.7173556247880571,0.36094485086520944,0.0,799.2,0.0,0.0,1.0,888.0,-0.0,258,-20.779436917442048,0.0,180,-45.44067710346434,0.0,180,-7.793639376561536,0.0,120,-18.66833323469909,0.0,118,-2.4602434513762206,0.0,118,-54.679035971561774,0.0,0.0,0.505218292398989,0.505218292398989,0.0,-18182.806343439614,-18182.806343439614,1818.7858526363602,1818.7858526363602,1818.7858526363602,0.0,0.0,844.7858526363602,0.0,974
1818.2806343439613,0.0,-18182.806343439614,844.7858526363602,30353.378856754447,0.0,-0.0,0.7357859757291457,0.36094485086520944,0.0,799.2,0.0,0.0,1.0,888.0,-0.0,258,-5.601408101057423,0.0,180,-3.5955185994069883,0.0,180,-47.258364442043856,0.0,120,-34.16360137745505,0.0,118,-8.30290278459695,0.0,118,-9.511042473524709,0.0,0.0,0.505218292398989,0.505218292398989,0.0,-18182.806343439614,-18182.806343439614,1818.7858526363602,1818.7858526363602,1818.7858526363602,0.0,0.0,844.7858526363602,0.0,974
1280.5999309835818,0.0,-12805.999309835817,306.9557520258111,31113.686124127173,0.0,-0.0,0.7542163266702342,0.36094485086520944,0.0,799.2,0.0,0.0,1.0,888.0,-0.0,258,-11.864780839834397,0.0,180,-56.62431896746834,0.0,180,-19.693989574264908,0.0,120,-0.9878717308414764,0.0,118,-13.87598689291069,0.0,118,-26.41617935868751,0.0,0.0,0.355821042229392,0.355821042229392,0.0,-12805.999309835817,-12805.999309835817,1280.955752025811,1280.955752025811,1280.955752025811,0.0,0.0,306.9557520258111,0.0,974
1280.5999309835818,0.0,-12805.999309835817,361.9557520258111,31389.946300950403,0.0,-0.0,0.7609130560432066,0.36094485086520944,0.0,799.2,0.0,0.0,1.0,888.0,-0.0,203,-33.47794310574788,0.0,180,-35.79304687501514,0.0,180,-10.520539774452882,0.0,120,-55.21642835094442,0.0,118,-53.497490238528336,0.0,118,-22.26166047712926,0.0,0.0,0.355821042229392,0.355821042229392,0.0,-12805.999309835817,-12805.999309835817,1280.955752025811,1280.955752025811,1280.955752025811,0.0,0.0,361.9557520258111,0.0,919
1280.5999309835818,0.0,-12805.999309835817,361.9557520258111,31715.706477773634,0.0,-0.0,0.7688096981497984,0.36094485086520944,0.0,799.2,0.0,0.0,1.0,888.0,-0.0,203,-28.635169837920937,0.0,180,-49.17617212114254,0.0,180,-19.754882635814905,0.0,120,-26.25422365569563,0.0,118,-6.043372466857098,0.0,118,-36.11465417778859,0.0,0.0,0.355821042229392,0.355821042229392,0.0,-12805.999309835817,-12805.999309835817,1280.955752025811,1280.955752025811,1280.955752025811,0.0,0.0,361.9557520258111,0.0,919
1280.5999309835818,0.0,-12805.999309835817,361.9557520258111,32041.466654596865,0.0,-0.0,0.7767063402563902,0.36094485086520944,0.0,799.2,0.0,0.0,1.0,888.0,-0.0,203,-23.8393752396045,0.0,180,-32.036989416780806,0.0,180,-15.080959696674581,0.0,120,-45.49176927294499,0.0,118,-12.119309883716191,0.0,118,-15.88824797249572,0.0,0.0,0.355821042229392,0.355821042229392,0.0,-12805.999309835817,-12805.999309835817,1280.955752025811,1280.955752025811,1280.955752025811,0.0,0.0,361.9557520258111,0.0,919
1280.5999309835818,0.0,-12805.999309835817,361.9557520258111,32367.226831420096,0.0,-0.0,0.784602982362982,0.36094485086520944,0.0,799.2,0.0,0.0,1.0,888.0,-0.0,203,-10.516591886208799,0.0,180,-19.850843417511236,0.0,180,-51.383903258934886,0.0,120,-50.529674819655355,0.0,118,-4.756271715076348,0.0,118,-24.68437522312768,0.0,0.0,0.355821042229392,0.355821042229392,0.0,-12805.999309835817,-12805.999309835817,1280.955752025811,1280.955752025811,1280.955752025811,0.0,0.0,361.9557520258111,0.0,919
1280.5999309835818,0.0,-12805.999309835817,361.9557520258111,32692.987008243326,0.0,-0.0,0.7924996244695738,0.36094485086520944,0.0,799.2,0.0,0.0,1.0,888.0,-0.0,203,-30.649611692645816,0.0,180,-17.142118806116933,0.0,180,-41.548078233345564,0.0,120,-3.1679473410850423,0.0,118,-57.97603911495698,0.0,118,-53.706497868202824,0.0,0.0,0.355821042229392,0.355821042229392,0.0,-12805.999309835817,-12805.999309835817,1280.955752025811,1280.955752025811,1280.955752025811,0.0,0.0,361.9557520258111,0.0,919
597.8497223769485,0.0,-5978.497223769486,0.0,33018.74718506655,320.9841621125272,-0.0,0.8003962665761655,0.36094485086520944,0.0,799.2,0.0,0.0,1.0,888.0,-0.0,203,-23.753489892389677,0.0,180,-54.97242442655567,0.0,180,-31.52854264718165,0.0,120,-2.091222679824809,0.0,118,-49.15466435750349,0.0,118,-55.56686584144777,0.0,0.0,0.166115510524298,0.166115510524298,0.0,-5978.497223769486,-5978.497223769486,919.0,919.0,598.0158378874728,0.0,320.9841621125272,0.0,0.0,919
597.8497223769485,0.0,-5978.497223769486,0.0,32662.098116052635,320.9841621125272,-0.0,0.791750857296503,0.36094485086520944,0.0,799.2,0.0,0.0,1.0,888.0,-0.0,203,-30.246384496844435,0.0,180,-27.798746006607377,0.0,180,-15.139596660901065,0.0,120,-34.10468969583168,0.0,118,-20.219146626472927,0.0,118,-56.39164180032815,0.0,0.0,0.166115510524298,0.166115510524298,0.0,-5978.497223769486,-5978.497223769486,919.0,919.0,598.0158378874728,0.0,320.9841621125272,0.0,0.0,919
597.8497223769485,0.0,-5978.497223769486,0.0,32305.449047038717,320.9841621125272,-0.0,0.7831054480168405,0.36094485086520944,0.0,799.2,0.0,0.0,1.0,888.0,-0.0,203,-14.585699209506526,0.0,180,-37.563494932024845,0.0,180,-20.54081450459543,0.0,120,-35.37348834338608,0.0,118,-39.35768315235594,0.0,118,-13.014724552354567,0.0,0.0,0.166115510524298,0.166115510524298,0.0,-5978.497223769486,-5978.497223769486,919.0,919.0,598.0158378874728,0.0,320.9841621125272,0.0,0.0,919
597.8497223769485,0.0,-5978.497223769486,0.0,31948.7999780248,235.9841621125272,-0.0,0.7744600387371778,0.36094485086520944,0.0,799.2,0.0,0.0,1.0,888.0,-0.0,118,-51.29459019433522,0.0,180,-4.225486219043281,0.0,180,-57.21321005762323,0.0,120,-58.24529275797093,0.0,118,-55.966332511147854,0.0,118,-8.280201740376924,0.0,0.0,0.166115510524298,0.166115510524298,0.0,-5978.497223769486,-5978.497223769486,834.0,834.0,598.0158378874728,0.0,235.9841621125272,0.0,0.0,834
597.8497223769485,0.0,-5978.497223769486,0.0,31686.595353455323,235.9841621125272,-0.0,0.7681040252455658,0.36094485086520944,0.0,799.2,0.0,0.0,1.0,888.0,-0.0,118,-23.01865147544701,0.0,180,-24.28858369328884,0.0,180,-33.984808085066376,0.0,120,-23.11181168502959,0.0,118,-31.17686864065235,0.0,118,-29.248546230846163,0.0,0.0,0.166115510524298,0.166115510524298,0.0,-5978.497223769486,-5978.497223769486,834.0,834.0,598.0158378874728,0.0,235.9841621125272,0.0,0.0,834
597.8497223769485,0.0,-5978.497223769486,0.0,31424.390728885846,235.9841621125272,-0.0,0.7617480117539536,0.36094485086520944,0.0,799.2,0.0,0.0,1.0,888.0,-0.0,118,-16.468856479815834,0.0,180,-31.81322956039128,0.0,180,-52.606559527132376,0.0,120,-12.52073428047481,0.0,118,-41.70847899233764,0.0,118,-26.41280471488264,0.0,0.0,0.166115510524298,0.166115510524298,0.0,-5978.497223769486,-5978.497223769486,834.0,834.0,598.0158378874728,0.0,235.9841621125272,0.0,0.0,834
0.0,0.0,-0.0,0.0,31162.18610431637,834.0,-0.0,0.7553919982623414,0.36094485086520944,0.0,799.2,0.0,0.0,1.0,888.0,-0.0,118,-34.63005253300774,0.0,180,-18.650913514820125,0.0,180,-32.3971584687214,0.0,120,-43.82179827941286,0.0,118,-35.87173693944224,0.0,118,-20.999770413934574,0.0,0.0,0.0,0.0,0.0,0.0,0.0,834.0,834.0,0.0,0.0,834.0,0.0,0.0,834
0.0,0.0,-0.0,0.0,30235.519437649702,834.0,-0.0,0.7329289854713524,0.36094485086520944,0.0,799.2,0.0,0.0,1.0,888.0,-0.0,118,-16.293100169181265,0.0,180,-20.31293679571916,0.0,180,-23.67440621050609,0.0,120,-44.54680172354033,0.0,118,-0.4903182728306099,0.0,118,-3.467475030545657,0.0,0.0,0.0,0.0,0.0,0.0,0.0,834.0,834.0,0.0,0.0,834.0,0.0,0.0,834
0.0,0.0,-0.0,0.0,29308.852770983034,834.0,-0.0,0.7104659726803635,0.36094485086520944,0.0,799.2,0.0,0.0,1.0,888.0,-0.0,118,-18.277256420392117,0.0,180,-6.8178167031532215,0.0,180,-7.930481234118874,0.0,120,-11.281670597817046,0.0,118,-28.20788867036865,0.0,118,-56.47067159255712,0.0,0.0,0.0,0.0,0.0,0.0,0.0,834.0,834.0,0.0,0.0,834.0,0.0,0.0,834
0.0,0.0,-0.0,0.0,28382.186104316366,834.0,-0.0,0.6880029598893745,0.36094485086520944,0.0,799.2,0.0,0.0,1.0,888.0,-0.0,118,-47.44218525201413,0.0,180,-40.19448836606893,0.0,180,-58.118598038611474,0.0,120,-18.055674016276097,0.0,118,-51.33709222870598,0.0,118,-21.559591679276238,0.0,0.0,0.0,0.0,0.0,0.0,0.0,834.0,834.0,0.0,0.0,834.0,0.0,0.0,834
0.0,0.0,-0.0,0.0,27455.5194376497,834.0,-0.0,0.6655399470983855,0.36094485086520944,0.0,799.2,0.0,0.0,1.0,888.0,-0.0,118,-10.961165233368312,0.0,180,-32.76754906523505,0.0,180,-31.50055643397144,0.0,120,-13.405052972081783,0.0,118,-54.913997964576694,0.0,118,-39.31376758127419,0.0,0.0,0.0,0.0,0.0,0.0,0.0,834.0,834.0,0.0,0.0,834.0,0.0,0.0,834
0.0,0.0,-0.0,0.0,26528.85277098303,834.0,-0.0,0.6430769343073965,0.36094485086520944,0.0,799.2,0.0,0.0,1.0,888.0,-0.0,118,-37.338967828053015,0.0,180,-31.61005750425514,0.0,180,-53.70334900407083,0.0,120,-18.5789468638333,0.0,118,-17.02639560854339,0.0,118,-41.463263466577075,0.0,0.0,0.0,0.0,0.0,0.0,0.0,834.0,834.0,0.0,0.0,834.0,0.0,0.0,834
0.0,0.0,-0.0,0.0,25602.186104316363,834.0,-0.0,0.6206139215164076,0.36094485086520944,0.0,799.2,0.0,0.0,1.0,888.0,-0.0,118,-50.514495599805535,0.0,180,-35.214357885370816,0.0,180,-32.19960868916081,0.0,120,-41.5562441150217,0.0,118,-49.01981192126926,0.0,118,-27.94255961902348,0.0,0.0,0.0,0.0,0.0,0.0,0.0,834.0,834.0,0.0,0.0,834.0,0.0,0.0,834
0.0,0.0,-0.0,0.0,24675.519437649695,834.0,-0.0,0.5981509087254187,0.36094485086520944,0.0,799.2,0.0,0.0,1.0,888.0,-0.0,118,-17.108664163697973,0.0,180,-49.660347399363744,0.0,180,-27.79063713642803,0.0,120,-27.894202990612012,0.0,118,-11.47679873634943,0.0,118,-56.766653113624585,0.0,0.0,0.0,0.0,0.0,0.0,0.0,834.0,834.0,0.0,0.0,834.0,0.0,0.0,834
0.0,0.0,-0.0,0.0,23748.852770983027,834.0,-0.0,0.5756878959344297,0.36094485086520944,0.0,799.2,0.0,0.0,1.0,888.0,-0.0,118,-35.79590765907556,0.0,180,-2.8455308745596786,0.0,180,-41.62900567170038,0.0,120,-12.015490874504973,0.0,118,-5.02564702932591,0.0,118,-53.139785359477386,0.0,0.0,0.0,0.0,0.0,0.0,0.0,834.0,834.0,0.0,0.0,834.0,0.0,0.0,834
0.0,0.0,-0.0,0.0,22822.18610431636,834.0,-0.0,0.5532248831434406,0.36094485086520944,0.0,799.2,0.0,0.0,1.0,888.0,-0.0,118,-38.40271787323293,0.0,180,-28.952335536655717,0.0,180,-39.894232423126255,0.0,120,-5.6311911182638745,0.0,118,-26.342381724293066,0.0,118,-37.47684535297772,0.0,0.0,0.0,0.0,0.0,0.0,0.0,834.0,834.0,0.0,0.0,834.0,0.0,0.0,834
0.0,0.0,-0.0,0.0,21895.51943764969,834.0,-0.0,0.5307618703524517,0.36094485086520944,0.0,799.2,0.0,0.0,1.0,888.0,-0.0,118,-57.20262006357845,0.0,180,-7.717372243754004,0.0,180,-7.071425224746348,0.0,120,-24.540077126497366,0.0,118,-3.5399001590349743,0.0,118,-18.433503807133054,0.0,0.0,0.0,0.0,0.0,0.0,0.0,834.0,834.0,0.0,0.0,834.0,0.0,0.0,834
0.0,0.0,-0.0,0.0,20968.852770983023,834.0,-0.0,0.5082988575614628,0.36094485086520944,0.0,799.2,0.0,0.0,1.0,888.0,-0.0,118,-3.132999741683433,0.0,180,-41.66778629176936,0.0,180,-29.727801714056554,0.0,120,-12.737772112050617,0.0,118,-15.861055774800104,0.0,118,-29.123598523191458,0.0,0.0,0.0,0.0,0.0,0.0,0.0,834.0,834.0,0.0,0.0,834.0,0.0,0.0,834
0.0,0.0,-0.0,0.0,20042.186104316355,834.0,-0.0,0.4858358447704738,0.36094485086520944,0.0,799.2,0.0,0.0,1.0,888.0,-0.0,118,-8.23325959214484,0.0,180,-16.114445396659818,0.0,180,-32.46587059270853,0.0,120,-22.530158377500264,0.0,118,-11.94607584436703,0.0,118,-54.45407702364754,0.0,0.0,0.0,0.0,0.0,0.0,0.0,834.0,834.0,0.0,0.0,834.0,0.0,0.0,834
0.0,0.0,-0.0,0.0,19115.519437649687,834.0,-0.0,0.4633728319794848,0.36094485086520944,0.0,799.2,0.0,0.0,1.0,888.0,-0.0,118,-44.48432815264544,0.0,180,-48.21676704095703,0.0,180,-45.08399877508266,0.0,120,-13.287711308017244,0.0,118,-37.579998287568635,0.0,118,-2.52935689639737,0.0,0.0,0.0,0.0,0.0,0.0,0.0,834.0,834.0,0.0,0.0,834.0,0.0,0.0,834
0.0,0.0,-0.0,0.0,18188.85277098302,834.0,-0.0,0.44090981918849587,0.36094485086520944,0.0,799.2,0.0,0.0,1.0,888.0,-0.0,118,-44.3724909723261,0.0,180,-17.137432458409275,0.0,180,-26.957278546237124,0.0,120,-43.76581354170434,0.0,118,-53.86256103423918,0.0,118,-2.853296347450085,0.0,0.0,0.0,0.0,0.0,0.0,0.0,834.0,834.0,0.0,0.0,834.0,0.0,0.0,834
0.0,0.0,-0.0,0.0,17262.18610431635,834.0,-0.0,0.41844680639750687,0.36094485086520944,0.0,799.2,0.0,0.0,1.0,888.0,-0.0,118,-1.3904477726332587,0.0,180,-28.28524673630507,0.0,180,-8.843015829604926,0.0,120,-14.914833784554908,0.0,118,-58.47958559860578,0.0,118,-58.535600499200164,0.0,0.0,0.0,0.0,0.0,0.0,0.0,834.0,834.0,0.0,0.0,834.0,0.0,0.0,834
0.0,0.0,-0.0,0.0,16335.519437649686,834.0,-0.0,0.395983793606518,0.36094485086520944,0.0,799.2,0.0,0.0,1.0,888.0,-0.0,118,-1.8290003937606492,0.0,180,-4.855664571990244,0.0,180,-24.80637129891354,0.0,120,-33.65629091179592,0.0,118,-1.020767739990669,0.0,118,-58.48587144730658,0.0,0.0,0.0,0.0,0.0,0.0,0.0,834.0,834.0,0.0,0.0,834.0,0.0,0.0,834
0.0,0.0,-0.0,0.0,15408.85277098302,834.0,-0.0,0.37352078081552903,0.36094485086520944,0.0,799.2,0.0,0.0,1.0,888.0,-0.0,118,-47.78163660291947,0.0,180,-49.05010038214613,0.0,180,-44.170534439692055,0.0,120,-59.133030303002705,0.0,118,-14.561735176144596,0.0,118,-19.636638243579604,0.0,0.0,0.0,0.0,0.0,0.0,0.0,834.0,834.0,0.0,0.0,834.0,0.0,0.0,834
0.0,0.0,-0.0,0.0,14482.186104316354,834.0,-0.0,0.35105776802454014,0.36094485086520944,0.0,799.2,0.0,0.0,1.0,888.0,-0.0,118,-0.3321730406807277,0.0,180,-48.116883637649394,0.0,180,-4.09653785013639,0.0,120,-48.191276612309046,0.0,118,-59.67713862880701,0.0,118,-43.94538010168631,0.0,0.0,0.0,0.0,0.0,0.0,0.0,834.0,834.0,0.0,0.0,834.0,0.0,0.0,834
0.0,0.0,-0.0,0.0,13555.519437649687,834.0,-0.0,0.3285947552335512,0.36094485086520944,0.0,799.2,0.0,0.0,1.0,888.0,-0.0,118,-45.95245221648022,0.0,180,-54.231719214886944,0.0,180,-10.212987308458644,0.0,120,-36.72264166324005,0.0,118,-33.491229349734404,0.0,118,-20.385375111752985,0.0,0.0,0.0,0.0,0.0,0.0,0.0,834.0,834.0,0.0,0.0,834.0,0.0,0.0,834
0.0,0.0,-0.0,0.0,12628.852770983021,834.0,-0.0,0.30613174244256225,0.36094485086520944,0.0,799.2,0.0,0.0,1.0,888.0,-0.0,118,-22.365280499982777,0.0,180,-31.812222853951265,0.0,180,-52.54784255583586,0.0,120,-24.1301063026466,0.0,118,-34.37584598724299,0.0,118,-39.93289478495306,0.0,0.0,0.0,0.0,0.0,0.0,0.0,834.0,834.0,0.0,0.0,834.0,0.0,0.0,834
0.0,0.0,-0.0,0.0,11702.186104316355,834.0,-0.0,0.28366872965157336,0.36094485086520944,0.0,799.2,0.0,0.0,1.0,888.0,-0.0,118,-51.911871278079985,0.0,180,-35.75589650860844,0.0,180,-32.06457483542083,0.0,120,-0.4302100663611452,0.0,118,-24.40738315892387,0.0,118,-9.502575047787413,0.0,0.0,0.0,0.0,0.0,0.0,0.0,834.0,834.0,0.0,0.0,834.0,0.0,0.0,834
0.0,0.0,-0.0,0.0,10775.51943764969,834.0,-0.0,0.2612057168605844,0.36094485086520944,0.0,799.2,0.0,0.0,1.0,888.0,-0.0,118,-38.04693637450945,0.0,180,-55.839154287081705,0.0,180,-31.723892889275074,0.0,120,-41.8576155497224,0.0,118,-45.57315004912543,0.0,118,-49.11572558502595,0.0,0.0,0.0,0.0,0.0,0.0,0.0,834.0,834.0,0.0,0.0,834.0,0.0,0.0,834
0.0,0.0,-0.0,0.0,9848.852770983023,834.0,-0.0,0.2387427040695955,0.36094485086520944,0.0,799.2,0.0,0.0,1.0,888.0,-0.0,118,-3.8989998512044077,0.0,180,-52.834596847108585,0.0,180,-42.31838993139209,0.0,120,-55.43990932942053,0.0,118,-46.904467079104336,0.0,118,-22.903111837948078,0.0,0.0,0.0,0.0,0.0,0.0,0.0,834.0,834.0,0.0,0.0,834.0,0.0,0.0,834
0.0,0.0,-0.0,0.0,8922.186104316357,834.0,-0.0,0.21627969127860658,0.36094485086520944,0.0,799.2,0.0,0.0,1.0,888.0,-0.0,118,-50.831770189447255,0.0,180,-49.55856379424896,0.0,180,-48.53598067345704,0.0,120,-39.84886417049569,0.0,118,-51.33838809255545,0.0,118,-29.661017930794365,0.0,0.0,0.0,0.0,0.0,0.0,0.0,834.0,834.0,0.0,0.0,834.0,0.0,0.0,834
0.0,0.0,-0.0,0.0,7995.51943764969,834.0,-0.0,0.19381667848761763,0.36094485086520944,0.0,799.2,0.0,0.0,1.0,888.0,-0.0,118,-48.33694135024464,0.0,180,-35.91400766307895,0.0,180,-5.307641041085915,0.0,120,-24.715474513591502,0.0,118,-0.08495952401525342,0.0,118,-38.04451325599783,0.0,0.0,0.0,0.0,0.0,0.0,0.0,834.0,834.0,0.0,0.0,834.0,0.0,0.0,834
0.0,0.0,-0.0,0.0,7068.852770983023,834.0,-0.0,0.1713536656966287,0.36094485086520944,0.0,799.2,0.0,0.0,1.0,888.0,-0.0,118,-21.891350373542846,0.0,180,-29.605427780293866,0.0,180,-49.56912959784452,0.0,120,-17.678260735092483,0.0,118,-54.16014980064385,0.0,118,-20.448530590049597,0.0,0.0,0.0,0.0,0.0,0.0,0.0,834.0,834.0,0.0,0.0,834.0,0.0,0.0,834
0.0,0.0,-0.0,0.0,6142.186104316356,834.0,-0.0,0.14889065290563974,0.36094485086520944,0.0,799.2,0.0,0.0,1.0,888.0,-0.0,118,-48.213840355366585,0.0,180,-51.08495263934895,0.0,180,-53.51110395205514,0.0,120,-39.7870907679407,0.0,118,-6.336973097257015,0.0,118,-33.59113735487424,0.0,0.0,0.0,0.0,0.0,0.0,0.0,834.0,834.0,0.0,0.0,834.0,0.0,0.0,834
0.0,0.0,-0.0,0.0,5215.519437649689,834.0,-0.0,0.1264276401146508,0.36094485086520944,0.0,799.2,0.0,0.0,1.0,888.0,-0.0,118,-5.579452942957859,0.0,180,-10.941433518305502,0.0,180,-6.191259066631738,0.0,120,-28.498875991341997,0.0,118,-43.52857548152297,0.0,118,-40.763714284522486,0.0,0.0,0.0,0.0,0.0,0.0,0.0,834.0,834.0,0.0,0.0,834.0,0.0,0.0,834
0.0,0.0,-0.0,0.0,4288.852770983022,834.0,-0.0,0.10396462732366185,0.36094485086520944,0.0,799.2,0.0,0.0,1.0,888.0,-0.0,118,-42.45040913874028,0.0,180,-19.85066621875013,0.0,180,-7.102087100533316,0.0,120,-49.47317240538836,0.0,118,-53.05895408949003,0.0,118,-33.52395648779349,0.0,0.0,0.0,0.0,0.0,0.0,0.0,834.0,834.0,0.0,0.0,834.0,0.0,0.0,834
0.0,0.0,-0.0,0.0,3362.186104316356,834.0,-0.0,0.08150161453267292,0.36094485086520944,0.0,799.2,0.0,0.0,1.0,888.0,-0.0,118,-20.537355921120252,0.0,180,-58.95728699366264,0.0,180,-45.90094780102067,0.0,120,-56.27937491248505,0.0,118,-21.527886149773753,0.0,118,-27.948984781211944,0.0,0.0,0.0,0.0,0.0,0.0,0.0,834.0,834.0,0.0,0.0,834.0,0.0,0.0,834
0.0,0.0,-0.0,0.0,2435.5194376496893,834.0,-0.0,0.05903860174168398,0.36094485086520944,0.0,799.2,0.0,0.0,1.0,888.0,-0.0,118,-22.21101467064345,0.0,180,-31.324573683654148,0.0,180,-0.5035961881860107,0.0,120,-3.0555303066267614,0.0,118,-19.90888553781479,0.0,118,-1.401957047856437,0.0,0.0,0.0,0.0,0.0,0.0,0.0,834.0,834.0,0.0,0.0,834.0,0.0,0.0,834
0.0,0.0,-0.0,0.0,1508.8527709830228,834.0,-0.0,0.03657558895069505,0.36094485086520944,0.0,799.2,0.0,0.0,1.0,888.0,-0.0,118,-12.443944804984824,0.0,180,-50.4860087201326,0.0,180,-59.835322636867176,0.0,120,-12.521986565915821,0.0,118,-15.990424173759168,0.0,118,-9.176624695978674,0.0,0.0,0.0,0.0,0.0,0.0,0.0,834.0,834.0,0.0,0.0,834.0,0.0,0.0,834
0.0,0.0,-0.0,0.0,582.1861043163561,523.9674938847205,-0.0,0.01411257615970611,0.36094485086520944,111.90463668314669,799.2,0.0,310.0325061152795,1.0,888.0,-275308.86543036817,118,-10.794675866293895,0.0,180,-10.195978077368533,0.0,180,-53.83981315487664,0.0,120,-11.37868384014589,0.0,118,-4.7743146125486335,0.0,118,-44.015688208668095,0.0,0.0,0.0,0.0,0.0,-275308.86543036817,-275308.86543036817,834.0,834.0,0.0,0.0,834.0,0.0,0.0,834
0.0,0.0,-0.0,0.0,0.0,0.0,-0.0,0.0,0.36094485086520944,301.02800562158467,799.2,0.0,834.0,1.0,888.0,-740592.0,118,-51.51782149922301,0.0,180,-3.1292682025284146,0.0,180,-56.74775321521936,0.0,120,-50.0394354117801,0.0,118,-14.795942501785845,0.0,118,-12.149712444080231,0.0,0.0,0.0,0.0,0.0,-740592.0,-740592.0,834.0,834.0,0.0,0.0,834.0,0.0,0.0,834
0.0,0.0,-0.0,0.0,0.0,0.0,-0.0,0.0,0.36094485086520944,301.02800562158467,799.2,0.0,834.0,1.0,888.0,-740592.0,118,-55.978628841406994,0.0,180,-49.012393630301496,0.0,180,-56.041305673796955,0.0,120,-12.12202526441162,0.0,118,-12.951833694680676,0.0,118,-47.563020716460535,0.0,0.0,0.0,0.0,0.0,-740592.0,-740592.0,834.0,834.0,0.0,0.0,834.0,0.0,0.0,834
0.0,0.0,-0.0,0.0,0.0,0.0,-0.0,0.0,0.36094485086520944,301.02800562158467,799.2,0.0,834.0,1.0,888.0,-740592.0,118,-0.9118370031424683,0.0,180,-40.41446460757794,0.0,180,-5.915996577562734,0.0,120,-21.312275595713242,0.0,118,-25.234931569691593,0.0,118,-38.36950950335213,0.0,0.0,0.0,0.0,0.0,-740592.0,-740592.0,834.0,834.0,0.0,0.0,834.0,0.0,0.0,834
0.0,0.0,-0.0,0.0,0.0,0.0,-0.0,0.0,0.36094485086520944,278.6494248679417,799.2,0.0,772.0,1.0,888.0,-685536.0,118,-59.53797233635069,0.0,180,-25.461749222707475,0.0,118,-35.890614514226,0.0,120,-44.24496116067228,0.0,118,-12.233341268115206,0.0,118,-42.930445499766456,0.0,0.0,0.0,0.0,0.0,-685536.0,-685536.0,772.0,772.0,0.0,0.0,772.0,0.0,0.0,772
0.0,0.0,-0.0,0.0,0.0,0.0,-0.0,0.0,0.36094485086520944,278.6494248679417,799.2,0.0,772.0,1.0,888.0,-685536.0,118,-59.41475096578943,0.0,180,-35.806540404839595,0.0,118,-55.425438641307295,0.0,120,-41.88363662996306,0.0,118,-29.175931667066806,0.0,118,-26.589827150421947,0.0,0.0,0.0,0.0,0.0,-685536.0,-685536.0,772.0,772.0,0.0,0.0,772.0,0.0,0.0,772
0.0,0.0,-0.0,0.0,0.0,0.0,-0.0,0.0,0.36094485086520944,278.6494248679417,799.2,0.0,772.0,1.0,888.0,-685536.0,118,-54.28880572139581,0.0,180,-53.34589988052271,0.0,118,-37.332869710015956,0.0,120,-36.552470838167736,0.0,118,-49.78849050754699,0.0,118,-12.684287824455318,0.0,0.0,0.0,0.0,0.0,-685536.0,-685536.0,772.0,772.0,0.0,0.0,772.0,0.0,0.0,772
0.0,0.0,-0.0,0.0,0.0,0.0,-0.0,0.0,0.36094485086520944,278.6494248679417,799.2,0.0,772.0,1.0,888.0,-685536.0,118,-27.425300353328733,0.0,180,-19.947119297109186,0.0,118,-14.312161582989818,0.0,120,-51.31481229379144,0.0,118,-50.36250621956302,0.0,118,-15.674808277369275,0.0,0.0,0.0,0.0,0.0,-685536.0,-685536.0,772.0,772.0,0.0,0.0,772.0,0.0,0.0,772
0.0,0.0,-0.0,0.0,0.0,0.0,-0.0,0.0,0.36094485086520944,278.6494248679417,799.2,0.0,772.0,1.0,888.0,-685536.0,118,-39.18897291605667,0.0,180,-9.57005888093233,0.0,118,-10.554468662266078,0.0,120,-17.718471382569525,0.0,118,-58.182089081873414,0.0,118,-22.564194314794122,0.0,0.0,0.0,0.0,0.0,-685536.0,-685536.0,772.0,772.0,0.0,0.0,772.0,0.0,0.0,772
0.0,0.0,-0.0,0.0,0.0,0.0,-0.0,0.0,0.36094485086520944,278.6494248679417,799.2,0.0,772.0,1.0,888.0,-685536.0,118,-14.976389265610909,0.0,180,-11.957201406466,0.0,118,-55.898254386173946,0.0,120,-59.02329126143128,0.0,118,-28.261340034685826,0.0,118,-29.75218128752356,0.0,0.0,0.0,0.0,0.0,-685536.0,-685536.0,772.0,772.0,0.0,0.0,772.0,0.0,0.0,772
0.0,0.0,-0.0,0.0,0.0,0.0,-0.0,0.0,0.36094485086520944,278.6494248679417,799.2,0.0,772.0,1.0,888.0,-685536.0,118,-13.392785260318693,0.0,180,-7.943183601796164,0.0,118,-6.653410095997101,0.0,120,-30.044117010871865,0.0,118,-56.87099057332224,0.0,118,-25.351885243994428,0.0,0.0,0.0,0.0,0.0,-685536.0,-685536.0,772.0,772.0,0.0,0.0,772.0,0.0,0.0,772
0.0,0.0,-0.0,0.0,0.0,0.0,-0.0,0.0,0.36094485086520944,278.6494248679417,799.2,0.0,772.0,1.0,888.0,-685536.0,118,-47.86875884399964,0.0,180,-3.5988011578018098,0.0,118,-17.44157961041568,0.0,120,-28.912565275132135,0.0,118,-37.33812880383617,0.0,118,-25.03938642956578,0.0,0.0,0.0,0.0,0.0,-685536.0,-685536.0,772.0,772.0,0.0,0.0,772.0,0.0,0.0,772
0.0,0.0,-0.0,0.0,0.0,0.0,-0.0,0.0,0.36094485086520944,278.6494248679417,799.2,0.0,772.0,1.0,888.0,-685536.0,118,-41.44240330858099,0.0,180,-55.177512582508875,0.0,118,-51.62449731236789,0.0,120,-30.635016243087257,0.0,118,-29.761706558178503,0.0,118,-58.990345487945824,0.0,0.0,0.0,0.0,0.0,-685536.0,-685536.0,772.0,772.0,0.0,0.0,772.0,0.0,0.0,772
0.0,0.0,-0.0,0.0,0.0,0.0,-0.0,0.0,0.36094485086520944,278.6494248679417,799.2,0.0,772.0,1.0,888.0,-685536.0,118,-36.88716750788464,0.0,180,-51.197281846237466,0.0,118,-0.28529291270634527,0.0,120,-58.98955446144201,0.0,118,-31.975055886337685,0.0,118,-55.91867023091503,0.0,0.0,0.0,0.0,0.0,-685536.0,-685536.0,772.0,772.0,0.0,0.0,772.0,0.0,0.0,772
0.0,0.0,-0.0,0.0,0.0,0.0,-0.0,0.0,0.36094485086520944,279.3713145696721,799.2,0.0,774.0,1.0,888.0,-687312.0,118,-4.616324378742018,0.0,180,-37.7351622150082,0.0,118,-26.5077243679037,0.0,120,-42.21814641269917,0.0,120,-24.075063498932153,0.0,118,-55.34020936838152,0.0,0.0,0.0,0.0,0.0,-687312.0,-687312.0,774.0,774.0,0.0,0.0,774.0,0.0,0.0,774
0.0,0.0,-0.0,0.0,0.0,0.0,-0.0,0.0,0.36094485086520944,279.3713145696721,799.2,0.0,774.0,1.0,888.0,-687312.0,118,-36.74389673882753,0.0,180,-31.373532533641185,0.0,118,-47.143653437334734,0.0,120,-3.3688182910000086,0.0,120,-26.14688388060815,0.0,118,-54.58335198370525,0.0,0.0,0.0,0.0,0.0,-687312.0,-687312.0,774.0,774.0,0.0,0.0,774.0,0.0,0.0,774
0.0,0.0,-0.0,0.0,0.0,0.0,-0.0,0.0,0.36094485086520944,279.3713145696721,799.2,0.0,774.0,1.0,888.0,-687312.0,118,-3.931101123821983,0.0,180,-26.745293112098793,0.0,118,-43.24356938289763,0.0,120,-30.82444818432974,0.0,120,-49.308017751684154,0.0,118,-34.783466497405655,0.0,0.0,0.0,0.0,0.0,-687312.0,-687312.0,774.0,774.0,0.0,0.0,774.0,0.0,0.0,774
0.0,0.0,-0.0,0.0,0.0,0.0,-0.0,0.0,0.36094485086520944,256.9927338160291,799.2,0.0,712.0,1.0,888.0,-632256.0,118,-18.440720684873394,0.0,118,-9.71452745937783,0.0,118,-24.21550670151391,0.0,120,-56.33814874061705,0.0,120,-41.758294059070195,0.0,118,-55.81753326808226,0.0,0.0,0.0,0.0,0.0,-632256.0,-632256.0,712.0,712.0,0.0,0.0,712.0,0.0,0.0,712
0.0,0.0,-0.0,0.0,0.0,0.0,-0.0,0.0,0.36094485086520944,256.9927338160291,799.2,0.0,712.0,1.0,888.0,-632256.0,118,-54.70725950162574,0.0,118,-54.18249066358946,0.0,118,-53.32232315839509,0.0,120,-29.74915411421541,0.0,120,-20.957972849309847,0.0,118,-16.020402855810353,0.0,0.0,0.0,0.0,0.0,-632256.0,-632256.0,712.0,712.0,0.0,0.0,712.0,0.0,0.0,712
0.0,0.0,-0.0,0.0,0.0,0.0,-0.0,0.0,0.36094485086520944,256.9927338160291,799.2,0.0,712.0,1.0,888.0,-632256.0,118,-40.588784255699665,0.0,118,-5.406413416074978,0.0,118,-21.6857290650584,0.0,120,-46.211440887709905,0.0,120,-12.284931031399735,0.0,118,-23.489503667335715,0.0,0.0,0.0,0.0,0.0,-632256.0,-632256.0,712.0,712.0,0.0,0.0,712.0,0.0,0.0,712
0.0,0.0,-0.0,0.0,0.0,0.0,-0.0,0.0,0.36094485086520944,256.9927338160291,799.2,0.0,712.0,1.0,888.0,-632256.0,118,-42.209010206908076,0.0,118,-42.16046161616948,0.0,118,-6.913286395871763,0.0,120,-27.49708025024956,0.0,120,-32.956711032279415,0.0,118,-50.72853393078376,0.0,0.0,0.0,0.0,0.0,-632256.0,-632256.0,712.0,712.0,0.0,0.0,712.0,0.0,0.0,712
0.0,0.0,-0.0,0.0,0.0,0.0,-0.0,0.0,0.36094485086520944,256.9927338160291,799.2,0.0,712.0,1.0,888.0,-632256.0,118,-21.82102620673896,0.0,118,-2.110420437093601,0.0,118,-9.980446602912458,0.0,120,-21.1790154499798,0.0,120,-38.887980218509796,0.0,118,-2.013579988044276,0.0,0.0,0.0,0.0,0.0,-632256.0,-632256.0,712.0,712.0,0.0,0.0,712.0,0.0,0.0,712
0.0,0.0,-0.0,0.0,0.0,0.0,-0.0,0.0,0.36094485086520944,256.9927338160291,799.2,0.0,712.0,1.0,888.0,-632256.0,118,-40.33499098360261,0.0,118,-27.922281417008513,0.0,118,-8.093607775264624,0.0,120,-2.804872038267694,0.0,120,-48.78910892206856,0.0,118,-53.11843639057613,0.0,0.0,0.0,0.0,0.0,-632256.0,-632256.0,712.0,712.0,0.0,0.0,712.0,0.0,0.0,712
0.0,0.0,-0.0,0.0,0.0,0.0,-0.0,0.0,0.36094485086520944,256.9927338160291,799.2,0.0,712.0,1.0,888.0,-632256.0,118,-0.3246383378203066,0.0,118,-50.49233632157641,0.0,118,-47.298249837702,0.0,120,-19.59922078296523,0.0,120,-43.371929047189816,0.0,118,-12.991404939359105,0.0,0.0,0.0,0.0,0.0,-632256.0,-632256.0,712.0,712.0,0.0,0.0,712.0,0.0,0.0,712
0.0,0.0,-0.0,0.0,0.0,0.0,-0.0,0.0,0.36094485086520944,256.9927338160291,799.2,0.0,712.0,1.0,888.0,-632256.0,118,-59.72894680455361,0.0,118,-31.82990589548038,0.0,118,-45.4700258536482,0.0,120,-0.670647209134152,0.0,120,-40.28943035777131,0.0,118,-27.33686196805843,0.0,0.0,0.0,0.0,0.0,-632256.0,-632256.0,712.0,712.0,0.0,0.0,712.0,0.0,0.0,712
0.0,0.0,-0.0,0.0,0.0,0.0,-0.0,0.0,0.36094485086520944,256.9927338160291,799.2,0.0,712.0,1.0,888.0,-632256.0,118,-28.129343421897612,0.0,118,-14.24540685963416,0.0,118,-21.37663556071215,0.0,120,-37.68293790801677,0.0,120,-43.416308089274445,0.0,118,-50.80807832530119,0.0,0.0,0.0,0.0,0.0,-632256.0,-632256.0,712.0,712.0,0.0,0.0,712.0,0.0,0.0,712
0.0,0.0,-0.0,0.0,0.0,0.0,-0.0,0.0,0.36094485086520944,256.9927338160291,799.2,0.0,712.0,1.0,888.0,-632256.0,118,-44.102943393426536,0.0,118,-15.614799117759278,0.0,118,-4.57456800533417,0.0,120,-15.58223188147597,0.0,120,-0.09536953747810717,0.0,118,-30.000800375989073,0.0,0.0,0.0,0.0,0.0,-632256.0,-632256.0,712.0,712.0,0.0,0.0,712.0,0.0,0.0,712
0.0,0.0,-0.0,0.0,0.0,0.0,-0.0,0.0,0.36094485086520944,256.9927338160291,799.2,0.0,712.0,1.0,888.0,-632256.0,118,-17.54703617763117,0.0,118,-23.306020164112013,0.0,118,-29.12651649919784,0.0,120,-3.9393004133961784,0.0,120,-47.97031528010791,0.0,118,-55.15367673290645,0.0,0.0,0.0,0.0,0.0,-632256.0,-632256.0,712.0,712.0,0.0,0.0,712.0,0.0,0.0,712
0.0,0.0,-0.0,0.0,0.0,0.0,-0.0,0.0,0.36094485086520944,256.9927338160291,799.2,0.0,712.0,1.0,888.0,-632256.0,118,-11.21576740774614,0.0,118,-33.378442014651185,0.0,118,-27.45703110487431,0.0,120,-38.130846488575315,0.0,120,-25.04111532196896,0.0,118,-43.92009713765185,0.0,0.0,0.0,0.0,0.0,-632256.0,-632256.0,712.0,712.0,0.0,0.0,712.0,0.0,0.0,712
0.0,0.0,-0.0,0.0,0.0,0.0,-0.0,0.0,0.36094485086520944,256.9927338160291,799.2,0.0,712.0,1.0,888.0,-632256.0,118,-39.9296537112379,0.0,118,-52.61954908879641,0.0,118,-19.245189717848675,0.0,120,-15.03145870180427,0.0,120,-23.43990040076015,0.0,118,-16.16374320165759,0.0,0.0,0.0,0.0,0.0,-632256.0,-632256.0,712.0,712.0,0.0,0.0,712.0,0.0,0.0,712
0.0,0.0,-0.0,0.0,0.0,0.0,-0.0,0.0,0.36094485086520944,257.71462351775955,799.2,0.0,714.0,1.0,888.0,-634032.0,120,-35.08013443996192,0.0,118,-24.232561698218152,0.0,118,-11.4697804581382,0.0,120,-22.32274643206162,0.0,120,-10.019679865505395,0.0,118,-47.10578499209132,0.0,0.0,0.0,0.0,0.0,-634032.0,-634032.0,714.0,714.0,0.0,0.0,714.0,0.0,0.0,714
0.0,0.0,-0.0,0.0,0.0,0.0,-0.0,0.0,0.36094485086520944,257.71462351775955,799.2,0.0,714.0,1.0,888.0,-634032.0,120,-17.135865370274225,0.0,118,-22.920399335839164,0.0,118,-19.307639887576585,0.0,120,-41.69630532293538,0.0,120,-6.8596815403687454,0.0,118,-21.57237570758408,0.0,0.0,0.0,0.0,0.0,-634032.0,-634032.0,714.0,714.0,0.0,0.0,714.0,0.0,0.0,714
0.0,0.0,-0.0,0.0,0.0,0.0,-0.0,0.0,0.36094485086520944,257.71462351775955,799.2,0.0,714.0,1.0,888.0,-634032.0,120,-28.343679909690252,0.0,118,-43.35147897086641,0.0,118,-28.654711095433285,0.0,120,-57.524315782267934,0.0,120,-56.650352917803914,0.0,118,-35.57370251019437,0.0,0.0,0.0,0.0,0.0,-634032.0,-634032.0,714.0,714.0,0.0,0.0,714.0,0.0,0.0,714
0.0,0.0,-0.0,0.0,0.0,0.0,-0.0,0.0,0.36094485086520944,257.71462351775955,799.2,0.0,714.0,1.0,888.0,-634032.0,120,-16.447326347785808,0.0,118,-32.94030348633409,0.0,118,-20.722605430022764,0.0,120,-36.58838225230078,0.0,120,-41.970788210689896,0.0,118,-8.092519725893982,0.0,0.0,0.0,0.0,0.0,-634032.0,-634032.0,714.0,714.0,0.0,0.0,714.0,0.0,0.0,714
0.0,0.0,-0.0,0.0,0.0,0.0,-0.0,0.0,0.36094485086520944,257.71462351775955,799.2,0.0,714.0,1.0,888.0,-634032.0,120,-38.806840184427024,0.0,118,-12.469643921410619,0.0,118,-43.048270582526335,0.0,120,-2.3206449457166634,0.0,120,-50.68668959061806,0.0,118,-17.04470736649197,0.0,0.0,0.0,0.0,0.0,-634032.0,-634032.0,714.0,714.0,0.0,0.0,714.0,0.0,0.0,714
0.0,0.0,-0.0,0.0,0.0,0.0,-0.0,0.0,0.36094485086520944,257.71462351775955,799.2,0.0,714.0,1.0,888.0,-634032.0,120,-2.800574402238092,0.0,118,-7.980093525667997,0.0,118,-46.48067845524088,0.0,120,-9.08854016206419,0.0,120,-45.728744842480644,0.0,118,-40.82573374959298,0.0,0.0,0.0,0.0,0.0,-634032.0,-634032.0,714.0,714.0,0.0,0.0,714.0,0.0,0.0,714
0.0,0.0,-0.0,0.0,0.0,0.0,-0.0,0.0,0.36094485086520944,257.71462351775955,799.2,0.0,714.0,1.0,888.0,-634032.0,120,-15.412464523156949,0.0,118,-15.200349043611713,0.0,118,-44.019666261626604,0.0,120,-31.849759241170716,0.0,120,-39.57015864299971,0.0,118,-39.75729109779407,0.0,0.0,0.0,0.0,0.0,-634032.0,-634032.0,714.0,714.0,0.0,0.0,714.0,0.0,0.0,714
0.0,0.0,-0.0,0.0,0.0,0.0,-0.0,0.0,0.36094485086520944,257.71462351775955,799.2,0.0,714.0,1.0,888.0,-634032.0,120,-45.14084775485749,0.0,118,-42.17312785400969,0.0,118,-34.073779034250705,0.0,120,-0.5070329843179278,0.0,120,-26.444463369219488,0.0,118,-6.9492509081562925,0.0,0.0,0.0,0.0,0.0,-634032.0,-634032.0,714.0,714.0,0.0,0.0,714.0,0.0,0.0,714
0.0,0.0,-0.0,0.0,0.0,0.0,-0.0,0.0,0.36094485086520944,257.71462351775955,799.2,0.0,714.0,1.0,888.0,-634032.0,120,-44.42638917493606,0.0,118,-28.576362777515673,0.0,118,-11.623433073413809,0.0,120,-37.51369869469643,0.0,120,-53.143239360725325,0.0,118,-37.82868752595399,0.0,0.0,0.0,0.0,0.0,-634032.0,-634032.0,714.0,714.0,0.0,0.0,714.0,0.0,0.0,714
0.0,0.0,-0.0,0.0,0.0,0.0,-0.0,0.0,0.36094485086520944,257.71462351775955,799.2,0.0,714.0,1.0,888.0,-634032.0,120,-4.214982768317601,0.0,118,-50.368605869248256,0.0,118,-38.78562160994151,0.0,120,-17.987285947495188,0.0,120,-43.10221542230911,0.0,118,-12.177840309227053,0.0,0.0,0.0,0.0,0.0,-634032.0,-634032.0,714.0,714.0,0.0,0.0,714.0,0.0,0.0,714
0.0,0.0,-0.0,0.0,0.0,0.0,-0.0,0.0,0.36094485086520944,257.71462351775955,799.2,0.0,714.0,1.0,888.0,-634032.0,120,-25.073408297734254,0.0,118,-17.25262701329965,0.0,118,-3.477249123592625,0.0,120,-20.6117309628689,0.0,120,-11.621620422735258,0.0,118,-55.160682415326775,0.0,0.0,0.0,0.0,0.0,-634032.0,-634032.0,714.0,714.0,0.0,0.0,714.0,0.0,0.0,714
0.0,0.0,-0.0,0.0,0.0,0.0,-0.0,0.0,0.36094485086520944,257.71462351775955,799.2,0.0,714.0,1.0,888.0,-634032.0,120,-37.936608063972756,0.0,118,-23.2458178861055,0.0,118,-32.225959429919904,0.0,120,-43.53536025399543,0.0,120,-37.27013317638609,0.0,118,-38.599601357138376,0.0,0.0,0.0,0.0,0.0,-634032.0,-634032.0,714.0,714.0,0.0,0.0,714.0,0.0,0.0,714
0.0,0.0,-0.0,0.0,0.0,0.0,-0.0,0.0,0.36094485086520944,257.71462351775955,799.2,0.0,714.0,1.0,888.0,-634032.0,120,-24.46979963412318,0.0,118,-40.67115642462152,0.0,118,-4.771338189828615,0.0,120,-27.034876608947624,0.0,120,-36.0780433782226,0.0,118,-8.785162556131867,0.0,0.0,0.0,0.0,0.0,-634032.0,-634032.0,714.0,714.0,0.0,0.0,714.0,0.0,0.0,714
0.0,0.0,-0.0,0.0,0.0,0.0,-0.0,0.0,0.36094485086520944,257.71462351775955,799.2,0.0,714.0,1.0,888.0,-634032.0,120,-2.994370285899446,0.0,118,-54.99800407160597,0.0,118,-29.480791932659546,0.0,120,-45.65709912703886,0.0,120,-35.16144262235148,0.0,118,-50.431476371163036,0.0,0.0,0.0,0.0,0.0,-634032.0,-634032.0,714.0,714.0,0.0,0.0,714.0,0.0,0.0,714
0.0,0.0,-0.0,0.0,0.0,0.0,-0.0,0.0,0.36094485086520944,257.71462351775955,799.2,0.0,714.0,1.0,888.0,-634032.0,120,-28.75790215909262,0.0,118,-13.099346311779122,0.0,118,-53.96904519445139,0.0,120,-12.691190680382052,0.0,120,-23.27837301246336,0.0,118,-42.12396827291704,0.0,0.0,0.0,0.0,0.0,-634032.0,-634032.0,714.0,714.0,0.0,0.0,714.0,0.0,0.0,714
0.0,0.0,-0.0,0.0,0.0,0.0,-0.0,0.0,0.36094485086520944,257.71462351775955,799.2,0.0,714.0,1.0,888.0,-634032.0,120,-56.47298490396905,0.0,118,-24.070108245497984,0.0,118,-38.03426080606731,0.0,120,-14.609623149631286,0.0,120,-55.53094489430328,0.0,118,-43.79705561870769,0.0,0.0,0.0,0.0,0.0,-634032.0,-634032.0,714.0,714.0,0.0,0.0,714.0,0.0,0.0,714
0.0,0.0,-0.0,0.0,0.0,0.0,-0.0,0.0,0.36094485086520944,257.71462351775955,799.2,0.0,714.0,1.0,888.0,-634032.0,120,-59.12622375647023,0.0,118,-38.34884835926646,0.0,118,-23.541447735904157,0.0,120,-56.41755068919931,0.0,120,-32.17954846223808,0.0,118,-32.11978687740892,0.0,0.0,0.0,0.0,0.0,-634032.0,-634032.0,714.0,714.0,0.0,0.0,714.0,0.0,0.0,714
0.0,0.0,-0.0,0.0,0.0,0.0,-0.0,0.0,0.36094485086520944,257.71462351775955,799.2,0.0,714.0,1.0,888.0,-634032.0,120,-37.84418279175046,0.0,118,-21.022819869493805,0.0,118,-3.1191672539666326,0.0,120,-21.83261565321912,0.0,120,-7.218397906304217,0.0,118,-41.574842682641375,0.0,0.0,0.0,0.0,0.0,-634032.0,-634032.0,714.0,714.0,0.0,0.0,714.0,0.0,0.0,714
0.0,0.0,-0.0,0.0,0.0,0.0,-0.0,0.0,0.36094485086520944,257.71462351775955,799.2,0.0,714.0,1.0,888.0,-634032.0,120,-22.356388473743895,0.0,118,-40.46909211228762,0.0,118,-54.85694076837011,0.0,120,-50.99334925806939,0.0,120,-34.58142447710917,0.0,118,-8.209459539408147,0.0,0.0,0.0,0.0,0.0,-634032.0,-634032.0,714.0,714.0,0.0,0.0,714.0,0.0,0.0,714
0.0,0.0,-0.0,0.0,0.0,0.0,-0.0,0.0,0.36094485086520944,257.71462351775955,799.2,0.0,714.0,1.0,888.0,-634032.0,120,-1.6165306858345851,0.0,118,-18.517301135642814,0.0,118,-47.591014117153975,0.0,120,-25.116179317876693,0.0,120,-25.662438375787914,0.0,118,-54.489577098340554,0.0,0.0,0.0,0.0,0.0,-634032.0,-634032.0,714.0,714.0,0.0,0.0,714.0,0.0,0.0,714
0.0,0.0,-0.0,0.0,0.0,0.0,-0.0,0.0,0.36094485086520944,257.71462351775955,799.2,0.0,714.0,1.0,888.0,-634032.0,120,-44.160226637533334,0.0,118,-25.050755047131656,0.0,118,-56.11454102220903,0.0,120,-59.14441959884216,0.0,120,-31.043560930450706,0.0,118,-6.5712508493022455,0.0,0.0,0.0,0.0,0.0,-634032.0,-634032.0,714.0,714.0,0.0,0.0,714.0,0.0,0.0,714
0.0,0.0,-0.0,0.0,0.0,0.0,-0.0,0.0,0.36094485086520944,258.43651321948994,799.2,0.0,716.0,1.0,888.0,-635808.0,120,-42.43861908948908,0.0,118,-10.496495208695633,0.0,120,-47.05392464324524,0.0,120,-16.146201341148668,0.0,120,-17.1551051076932,0.0,118,-18.985728465960207,0.0,0.0,0.0,0.0,0.0,-635808.0,-635808.0,716.0,716.0,0.0,0.0,716.0,0.0,0.0,716
0.0,0.0,-0.0,0.0,0.0,0.0,-0.0,0.0,0.36094485086520944,258.43651321948994,799.2,0.0,716.0,1.0,888.0,-635808.0,120,-12.563580682464973,0.0,118,-38.665314503770254,0.0,120,-57.34663098167756,0.0,120,-15.380237424994995,0.0,120,-32.21534392543314,0.0,118,-5.98772094437785,0.0,0.0,0.0,0.0,0.0,-635808.0,-635808.0,716.0,716.0,0.0,0.0,716.0,0.0,0.0,716
0.0,0.0,-0.0,0.0,0.0,0.0,-0.0,0.0,0.36094485086520944,258.43651321948994,799.2,0.0,716.0,1.0,888.0,-635808.0,120,-34.63363678858873,0.0,118,-25.13725220805281,0.0,120,-53.776408666936725,0.0,120,-8.264818888495762,0.0,120,-51.36959820952677,0.0,118,-29.19245788976215,0.0,0.0,0.0,0.0,0.0,-635808.0,-635808.0,716.0,716.0,0.0,0.0,716.0,0.0,0.0,716
0.0,0.0,-0.0,0.0,0.0,0.0,-0.0,0.0,0.36094485086520944,258.43651321948994,799.2,0.0,716.0,1.0,888.0,-635808.0,120,-51.109232637738806,0.0,118,-50.380003159475265,0.0,120,-59.04102752902707,0.0,120,-48.373163689237124,0.0,120,-18.203508876347772,0.0,118,-0.4602445768970509,0.0,0.0,0.0,0.0,0.0,-635808.0,-635808.0,716.0,716.0,0.0,0.0,716.0,0.0,0.0,716
0.0,0.0,-0.0,0.0,0.0,0.0,-0.0,0.0,0.36094485086520944,258.43651321948994,799.2,0.0,716.0,1.0,888.0,-635808.0,120,-38.78401204477669,0.0,118,-49.05947647733102,0.0,120,-46.39998894837865,0.0,120,-33.2954228996397,0.0,120,-41.09663196807163,0.0,118,-17.137305479056828,0.0,0.0,0.0,0.0,0.0,-635808.0,-635808.0,716.0,716.0,0.0,0.0,716.0,0.0,0.0,716
0.0,0.0,-0.0,0.0,0.0,0.0,-0.0,0.0,0.36094485086520944,258.43651321948994,799.2,0.0,716.0,1.0,888.0,-635808.0,120,-51.64451102382333,0.0,118,-13.145472167484883,0.0,120,-57.76666500604988,0.0,120,-37.45592893178506,0.0,120,-11.408680796122805,0.0,118,-29.354071202807734,0.0,0.0,0.0,0.0,0.0,-635808.0,-635808.0,716.0,716.0,0.0,0.0,716.0,0.0,0.0,716
230.6922765130176,0.0,-2306.922765130176,0.0,0.0,0.0,-0.0,0.0,0.36094485086520944,175.14618767620337,799.2,0.0,485.2436244937862,1.0,888.0,-430896.3385504822,120,-49.35653445986963,0.0,118,-23.246549846248644,0.0,120,-50.175472349258754,0.0,120,-12.642926153085316,0.0,120,-8.115249298892389,0.0,118,-15.060585027600856,0.0,0.0,0.0640989931961705,0.0640989931961705,0.0,-433203.26131561236,-433203.26131561236,716.0,716.0,230.75637550621377,0.0,485.2436244937862,0.0,0.0,716
230.6922765130176,0.0,-2306.922765130176,0.0,0.0,0.0,-0.0,0.0,0.36094485086520944,175.14618767620337,799.2,0.0,485.2436244937862,1.0,888.0,-430896.3385504822,120,-0.24043755708730963,0.0,118,-37.237956151642685,0.0,120,-20.17385137149638,0.0,120,-37.00177086336227,0.0,120,-42.21486091158376,0.0,118,-39.8094547219864,0.0,0.0,0.0640989931961705,0.0640989931961705,0.0,-433203.26131561236,-433203.26131561236,716.0,716.0,230.75637550621377,0.0,485.2436244937862,0.0,0.0,716
230.6922765130176,0.0,-2306.922765130176,0.0,0.0,0.0,-0.0,0.0,0.36094485086520944,175.8680773779338,799.2,0.0,487.2436244937862,1.0,888.0,-432672.3385504822,120,-20.20171217176945,0.0,120,-4.970004217005917,0.0,120,-53.05991626864933,0.0,120,-47.91785106872467,0.0,120,-39.032818552252834,0.0,118,-30.196406398920793,0.0,0.0,0.0640989931961705,0.0640989931961705,0.0,-434979.26131561236,-434979.26131561236,718.0,718.0,230.75637550621377,0.0,487.2436244937862,0.0,0.0,718
230.6922765130176,0.0,-2306.922765130176,0.0,0.0,0.0,-0.0,0.0,0.36094485086520944,175.8680773779338,799.2,0.0,487.2436244937862,1.0,888.0,-432672.3385504822,120,-5.9427799061022775,0.0,120,-41.41962845322189,0.0,120,-22.994070882453407,0.0,120,-56.8714832000709,0.0,120,-28.123844464915347,0.0,118,-25.85862562535759,0.0,0.0,0.0640989931961705,0.0640989931961705,0.0,-434979.26131561236,-434979.26131561236,718.0,718.0,230.75637550621377,0.0,487.2436244937862,0.0,0.0,718
230.6922765130176,0.0,-2306.922765130176,0.0,0.0,0.0,-0.0,0.0,0.36094485086520944,175.8680773779338,799.2,0.0,487.2436244937862,1.0,888.0,-432672.3385504822,120,-27.72740305158699,0.0,120,-23.9977722716525,0.0,120,-23.93839569122386,0.0,120,-10.158200776726504,0.0,120,-47.570226896998776,0.0,118,-39.55011328110717,0.0,0.0,0.0640989931961705,0.0640989931961705,0.0,-434979.26131561236,-434979.26131561236,718.0,718.0,230.75637550621377,0.0,487.2436244937862,0.0,0.0,718
230.6922765130176,0.0,-2306.922765130176,0.0,0.0,0.0,-0.0,0.0,0.36094485086520944,175.8680773779338,799.2,0.0,487.2436244937862,1.0,888.0,-432672.3385504822,120,-14.631138071127738,0.0,120,-8.47827290977994,0.0,120,-34.448328122914155,0.0,120,-38.964998936376574,0.0,120,-15.083217020437804,0.0,118,-54.971911882389996,0.0,0.0,0.0640989931961705,0.0640989931961705,0.0,-434979.26131561236,-434979.26131561236,718.0,718.0,230.75637550621377,0.0,487.2436244937862,0.0,0.0,718
580.224131098847,0.0,-5802.24131098847,0.0,0.0,0.0,-0.0,0.0,0.36094485086520944,49.67129959131522,799.2,0.0,137.61465074858313,1.0,888.0,-122201.80986474182,120,-52.16534092290054,0.0,120,-44.48766475940282,0.0,120,-42.980803374458965,0.0,120,-3.9745559055701185,0.0,120,-32.321128455833126,0.0,118,-33.659355377317475,0.0,0.0,0.161218152569838,0.161218152569838,0.0,-128004.05117573029,-128004.05117573029,718.0,718.0,580.3853492514169,0.0,137.61465074858313,0.0,0.0,718
580.224131098847,0.0,-5802.24131098847,0.0,0.0,0.0,-0.0,0.0,0.36094485086520944,49.67129959131522,799.2,0.0,137.61465074858313,1.0,888.0,-122201.80986474182,120,-20.54357375151291,0.0,120,-58.667379845449716,0.0,120,-13.139772465556952,0.0,120,-0.9506520139772245,0.0,120,-33.00370428065526,0.0,118,-52.16279677170954,0.0,0.0,0.161218152569838,0.161218152569838,0.0,-128004.05117573029,-128004.05117573029,718.0,718.0,580.3853492514169,0.0,137.61465074858313,0.0,0.0,718
580.224131098847,0.0,-5802.24131098847,0.0,0.0,0.0,-0.0,0.0,0.36094485086520944,49.67129959131522,799.2,0.0,137.61465074858313,1.0,888.0,-122201.80986474182,120,-17.135957627532072,0.0,120,-51.72517485318048,0.0,120,-22.439995474605176,0.0,120,-35.15852053846008,0.0,120,-25.8960838622126,0.0,118,-47.86117976692243,0.0,0.0,0.161218152569838,0.161218152569838,0.0,-128004.05117573029,-128004.05117573029,718.0,718.0,580.3853492514169,0.0,137.61465074858313,0.0,0.0,718
580.224131098847,0.0,-5802.24131098847,0.0,0.0,0.0,-0.0,0.0,0.36094485086520944,49.67129959131522,799.2,0.0,137.61465074858313,1.0,888.0,-122201.80986474182,120,-12.806625286028723,0.0,120,-56.94643532478645,0.0,120,-30.01446105403923,0.0,120,-0.7458581548144072,0.0,120,-2.1400361386689415,0.0,118,-4.077928026794662,0.0,0.0,0.161218152569838,0.161218152569838,0.0,-128004.05117573029,-128004.05117573029,718.0,718.0,580.3853492514169,0.0,137.61465074858313,0.0,0.0,718
580.224131098847,0.0,-5802.24131098847,0.0,0.0,0.0,-0.0,0.0,0.36094485086520944,49.67129959131522,799.2,0.0,137.61465074858313,1.0,888.0,-122201.80986474182,120,-24.01513520966751,0.0,120,-4.02941813824591,0.0,120,-17.65614986551222,0.0,120,-8.058598569330012,0.0,120,-11.112863914772621,0.0,118,-41.435185325318606,0.0,0.0,0.161218152569838,0.161218152569838,0.0,-128004.05117573029,-128004.05117573029,718.0,718.0,580.3853492514169,0.0,137.61465074858313,0.0,0.0,718
580.224131098847,0.0,-5802.24131098847,0.0,0.0,0.0,-0.0,0.0,0.36094485086520944,49.67129959131522,799.2,0.0,137.61465074858313,1.0,888.0,-122201.80986474182,120,-45.36488574005611,0.0,120,-19.488539825990053,0.0,120,-29.00259343841196,0.0,120,-57.08341479891056,0.0,120,-7.407959434376603,0.0,118,-21.49890614649546,0.0,0.0,0.161218152569838,0.161218152569838,0.0,-128004.05117573029,-128004.05117573029,718.0,718.0,580.3853492514169,0.0,137.61465074858313,0.0,0.0,718
879.7652030808737,0.0,-8797.652030808737,164.00965020593082,0.0,0.0,-0.0,0.0,0.36094485086520944,0.0,799.2,0.0,0.0,1.0,888.0,-0.0,120,-17.529703799284068,0.0,118,-34.91771111985658,0.0,120,-32.47757399130734,0.0,120,-38.661825682490225,0.0,120,-8.283194919572443,0.0,118,-25.792073990117224,0.0,0.0,0.244447125057203,0.244447125057203,0.0,-8797.652030808737,-8797.652030808737,880.0096502059308,880.0096502059308,880.0096502059308,0.0,0.0,164.00965020593082,0.0,716
879.7652030808737,0.0,-8797.652030808737,166.00965020593082,147.60868518533775,0.0,-0.0,0.0035781321403373753,0.36094485086520944,0.0,799.2,0.0,0.0,1.0,888.0,-0.0,120,-48.37347543127819,0.0,118,-6.980888368374987,0.0,118,-47.123754197934396,0.0,120,-20.73755124927933,0.0,120,-17.806979345181087,0.0,118,-3.4407813490440997,0.0,0.0,0.244447125057203,0.244447125057203,0.0,-8797.652030808737,-8797.652030808737,880.0096502059308,880.0096502059308,880.0096502059308,0.0,0.0,166.00965020593082,0.0,714
879.7652030808737,0.0,-8797.652030808737,168.00965020593082,297.0173703706755,0.0,-0.0,0.007199897470988183,0.36094485086520944,0.0,799.2,0.0,0.0,1.0,888.0,-0.0,120,-40.44124061357353,0.0,118,-0.7671120697969913,0.0,118,-36.3400524200445,0.0,120,-9.90434136501481,0.0,118,-1.4784862464062964,0.0,118,-49.73672224677471,0.0,0.0,0.244447125057203,0.244447125057203,0.0,-8797.652030808737,-8797.652030808737,880.0096502059308,880.0096502059308,880.0096502059308,0.0,0.0,168.00965020593082,0.0,712
879.7652030808737,0.0,-8797.652030808737,168.00965020593082,448.22605555601325,0.0,-0.0,0.010865295991952422,0.36094485086520944,0.0,799.2,0.0,0.0,1.0,888.0,-0.0,120,-15.729977598849851,0.0,118,-31.68580106887287,0.0,118,-23.11842957984201,0.0,120,-16.662309518434846,0.0,118,-0.503467983900423,0.0,118,-10.739815390880246,0.0,0.0,0.244447125057203,0.244447125057203,0.0,-8797.652030808737,-8797.652030808737,880.0096502059308,880.0096502059308,880.0096502059308,0.0,0.0,168.00965020593082,0.0,712
879.7652030808737,0.0,-8797.652030808737,168.00965020593082,599.434740741351,0.0,-0.0,0.01453069451291666,0.36094485086520944,0.0,799.2,0.0,0.0,1.0,888.0,-0.0,120,-19.06496592571585,0.0,118,-33.5267792277074,0.0,118,-55.310944196867084,0.0,120,-27.155296368707674,0.0,118,-23.484446102191246,0.0,118,-59.45449487020369,0.0,0.0,0.244447125057203,0.244447125057203,0.0,-8797.652030808737,-8797.652030808737,880.0096502059308,880.0096502059308,880.0096502059308,0.0,0.0,168.00965020593082,0.0,712
879.7652030808737,0.0,-8797.652030808737,168.00965020593082,750.6434259266887,0.0,-0.0,0.018196093033880898,0.36094485086520944,0.0,799.2,0.0,0.0,1.0,888.0,-0.0,120,-32.31263216649074,0.0,118,-52.60094839901108,0.0,118,-43.94146010423467,0.0,120,-53.00797732857941,0.0,118,-8.535818536903024,0.0,118,-32.29524415483685,0.0,0.0,0.244447125057203,0.244447125057203,0.0,-8797.652030808737,-8797.652030808737,880.0096502059308,880.0096502059308,880.0096502059308,0.0,0.0,168.00965020593082,0.0,712
1069.6881230303172,0.0,-10696.881230303172,357.98534118064526,901.8521111120265,0.0,-0.0,0.02186149155484514,0.36094485086520944,0.0,799.2,0.0,0.0,1.0,888.0,-0.0,120,-33.755458760327905,0.0,118,-40.95933785001417,0.0,118,-32.9269079344885,0.0,120,-58.29257509403512,0.0,118,-33.10059748235772,0.0,118,-5.799880727992517,0.0,0.0,0.297218150327957,0.297218150327957,0.0,-10696.881230303172,-10696.881230303172,1069.9853411806453,1069.9853411806453,1069.9853411806453,0.0,0.0,357.98534118064526,0.0,712
1069.6881230303172,0.0,-10696.881230303172,357.98534118064526,1224.0389181746073,0.0,-0.0,0.029671512815422085,0.36094485086520944,0.0,799.2,0.0,0.0,1.0,888.0,-0.0,120,-7.053843750717837,0.0,118,-37.48546952487374,0.0,118,-4.486727650490141,0.0,120,-54.33938827113019,0.0,118,-43.22319929073773,0.0,118,-52.54280847788935,0.0,0.0,0.297218150327957,0.297218150327957,0.0,-10696.881230303172,-10696.881230303172,1069.9853411806453,1069.9853411806453,1069.9853411806453,0.0,0.0,357.98534118064526,0.0,712
1069.6881230303172,0.0,-10696.881230303172,357.98534118064526,1546.225725237188,0.0,-0.0,0.03748153407599903,0.36094485086520944,0.0,799.2,0.0,0.0,1.0,888.0,-0.0,120,-3.9778846558837766,0.0,118,-52.69142215694762,0.0,118,-53.77734304631822,0.0,120,-23.319087275485117,0.0,118,-3.1670664836147977,0.0,118,-20.252405492856735,0.0,0.0,0.297218150327957,0.297218150327957,0.0,-10696.881230303172,-10696.881230303172,1069.9853411806453,1069.9853411806453,1069.9853411806453,0.0,0.0,357.98534118064526,0.0,712
1069.6881230303172,0.0,-10696.881230303172,357.98534118064526,1868.4125322997688,0.0,-0.0,0.04529155533657598,0.36094485086520944,0.0,799.2,0.0,0.0,1.0,888.0,-0.0,120,-57.180491433244434,0.0,118,-15.349361297424,0.0,118,-36.41138272594285,0.0,120,-39.82540713392045,0.0,118,-12.405526919352322,0.0,118,-58.40406788546659,0.0,0.0,0.297218150327957,0.297218150327957,0.0,-10696.881230303172,-10696.881230303172,1069.9853411806453,1069.9853411806453,1069.9853411806453,0.0,0.0,357.98534118064526,0.0,712
1069.6881230303172,0.0,-10696.881230303172,357.98534118064526,2190.5993393623494,0.0,-0.0,0.05310157659715292,0.36094485086520944,0.0,799.2,0.0,0.0,1.0,888.0,-0.0,120,-9.719656037093891,0.0,118,-32.50084282666838,0.0,118,-11.013129502487327,0.0,120,-14.687433497607758,0.0,118,-45.54139059116226,0.0,118,-14.707344063328973,0.0,0.0,0.297218150327957,0.297218150327957,0.0,-10696.881230303172,-10696.881230303172,1069.9853411806453,1069.9853411806453,1069.9853411806453,0.0,0.0,357.98534118064526,0.0,712
1069.6881230303172,0.0,-10696.881230303172,357.98534118064526,2512.78614642493,0.0,-0.0,0.06091159785772986,0.36094485086520944,0.0,799.2,0.0,0.0,1.0,888.0,-0.0,120,-35.00512951460371,0.0,118,-33.27476475271231,0.0,118,-14.781413595723754,0.0,120,-55.08895589503632,0.0,118,-36.16401417731002,0.0,118,-12.944662051422052,0.0,0.0,0.297218150327957,0.297218150327957,0.0,-10696.881230303172,-10696.881230303172,1069.9853411806453,1069.9853411806453,1069.9853411806453,0.0,0.0,357.98534118064526,0.0,712
1034.448879822537,0.0,-10344.488798225371,322.7363065743632,2834.9729534875105,0.0,-0.0,0.0687216191183068,0.36094485086520944,0.0,799.2,0.0,0.0,1.0,888.0,-0.0,120,-32.57041685019053,0.0,118,-59.98243767277062,0.0,118,-10.95953272981199,0.0,120,-4.418517123363303,0.0,118,-48.527314867672565,0.0,118,-1.1512107935363725,0.0,0.0,0.287426751826212,0.287426751826212,0.0,-10344.488798225371,-10344.488798225371,1034.7363065743632,1034.7363065743632,1034.7363065743632,0.0,0.0,322.7363065743632,0.0,712
1034.448879822537,0.0,-10344.488798225371,322.7363065743632,3125.4356294044373,0.0,-0.0,0.07576262646121343,0.36094485086520944,0.0,799.2,0.0,0.0,1.0,888.0,-0.0,120,-34.67513588277122,0.0,118,-30.917240312814695,0.0,118,-28.800058603929102,0.0,120,-46.354793392319834,0.0,118,-18.79160919944218,0.0,118,-0.8251119283049402,0.0,0.0,0.287426751826212,0.287426751826212,0.0,-10344.488798225371,-10344.488798225371,1034.7363065743632,1034.7363065743632,1034.7363065743632,0.0,0.0,322.7363065743632,0.0,712
1034.448879822537,0.0,-10344.488798225371,322.7363065743632,3415.898305321364,0.0,-0.0,0.08280363380412005,0.36094485086520944,0.0,799.2,0.0,0.0,1.0,888.0,-0.0,120,-51.459754658045476,0.0,118,-11.393201240943034,0.0,118,-52.38532682763282,0.0,120,-49.57267007061601,0.0,118,-5.340078103880515,0.0,118,-6.346739645761213,0.0,0.0,0.287426751826212,0.287426751826212,0.0,-10344.488798225371,-10344.488798225371,1034.7363065743632,1034.7363065743632,1034.7363065743632,0.0,0.0,322.7363065743632,0.0,712
1034.448879822537,0.0,-10344.488798225371,322.7363065743632,3706.360981238291,0.0,-0.0,0.08984464114702667,0.36094485086520944,0.0,799.2,0.0,0.0,1.0,888.0,-0.0,120,-59.014028376663276,0.0,118,-40.97070909195074,0.0,118,-5.433172653132592,0.0,120,-50.878064653363055,0.0,118,-9.398914413582364,0.0,118,-14.223881520810473,0.0,0.0,0.287426751826212,0.287426751826212,0.0,-10344.488798225371,-10344.488798225371,1034.7363065743632,1034.7363065743632,1034.7363065743632,0.0,0.0,322.7363065743632,0.0,712
1034.448879822537,0.0,-10344.488798225371,322.7363065743632,3996.823657155218,0.0,-0.0,0.0968856484899333,0.36094485086520944,0.0,799.2,0.0,0.0,1.0,888.0,-0.0,120,-22.854748265055363,0.0,118,-12.239833614750605,0.0,118,-53.70317663326099,0.0,120,-9.870090747174288,0.0,118,-41.144662046758874,0.0,118,-52.10374198601431,0.0,0.0,0.287426751826212,0.287426751826212,0.0,-10344.488798225371,-10344.488798225371,1034.7363065743632,1034.7363065743632,1034.7363065743632,0.0,0.0,322.7363065743632,0.0,712
1034.448879822537,0.0,-10344.488798225371,322.7363065743632,4287.286333072145,0.0,-0.0,0.10392665583283991,0.36094485086520944,0.0,799.2,0.0,0.0,1.0,888.0,-0.0,120,-28.215485093156406,0.0,118,-59.21864373725255,0.0,118,-4.791113570567629,0.0,120,-57.593074412419845,0.0,118,-51.348166171945294,0.0,118,-7.373632518857525,0.0,0.0,0.287426751826212,0.287426751826212,0.0,-10344.488798225371,-10344.488798225371,1034.7363065743632,1034.7363065743632,1034.7363065743632,0.0,0.0,322.7363065743632,0.0,712
760.2797446697457,0.0,-7602.797446697457,48.49099216756997,4577.749008989072,0.0,-0.0,0.11096766317574654,0.36094485086520944,0.0,799.2,0.0,0.0,1.0,888.0,-0.0,120,-27.274526018675026,0.0,118,-7.9927147040847,0.0,118,-42.320890160150924,0.0,120,-16.942374956742295,0.0,118,-12.250894256967566,0.0,118,-8.431814918492117,0.0,0.0,0.211247497824325,0.211247497824325,0.0,-7602.797446697457,-7602.797446697457,760.49099216757,760.49099216757,760.49099216757,0.0,0.0,48.49099216756997,0.0,712
760.2797446697457,0.0,-7602.797446697457,48.49099216756997,4621.390901939884,0.0,-0.0,0.11202557152061388,0.36094485086520944,0.0,799.2,0.0,0.0,1.0,888.0,-0.0,120,-1.0020459460552567,0.0,118,-0.139155059144902,0.0,118,-10.907944748363112,0.0,120,-8.76335163349461,0.0,118,-33.421299039451384,0.0,118,-56.99474164523997,0.0,0.0,0.211247497824325,0.211247497824325,0.0,-7602.797446697457,-7602.797446697457,760.49099216757,760.49099216757,760.49099216757,0.0,0.0,48.49099216756997,0.0,712
760.2797446697457,0.0,-7602.797446697457,48.49099216756997,4665.032794890697,0.0,-0.0,0.11308347986548123,0.36094485086520944,0.0,799.2,0.0,0.0,1.0,888.0,-0.0,120,-36.87409092527761,0.0,118,-40.17125242037774,0.0,118,-46.62048433413221,0.0,120,-12.179844275303047,0.0,118,-58.6844049677893,0.0,118,-26.3200105555551,0.0,0.0,0.211247497824325,0.211247497824325,0.0,-7602.797446697457,-7602.797446697457,760.49099216757,760.49099216757,760.49099216757,0.0,0.0,48.49099216756997,0.0,712
760.2797446697457,0.0,-7602.797446697457,48.49099216756997,4708.67468784151,0.0,-0.0,0.11414138821034857,0.36094485086520944,0.0,799.2,0.0,0.0,1.0,888.0,-0.0,120,-27.846724522746236,0.0,118,-10.20803402423888,0.0,118,-45.74941585579493,0.0,120,-51.28692512309846,0.0,118,-0.40056248866062516,0.0,118,-17.120376873880176,0.0,0.0,0.211247497824325,0.211247497824325,0.0,-7602.797446697457,-7602.797446697457,760.49099216757,760.49099216757,760.49099216757,0.0,0.0,48.49099216756997,0.0,712
760.2797446697457,0.0,-7602.797446697457,48.49099216756997,4752.316580792322,0.0,-0.0,0.11519929655521592,0.36094485086520944,0.0,799.2,0.0,0.0,1.0,888.0,-0.0,120,-43.34243422484402,0.0,118,-14.862402117194371,0.0,118,-17.1090222480123,0.0,120,-18.649927592367014,0.0,118,-14.331272437011059,0.0,118,-35.21797427339481,0.0,0.0,0.211247497824325,0.211247497824325,0.0,-7602.797446697457,-7602.797446697457,760.49099216757,760.49099216757,760.49099216757,0.0,0.0,48.49099216756997,0.0,712
760.2797446697457,0.0,-7602.797446697457,48.49099216756997,4795.958473743135,0.0,-0.0,0.11625720490008327,0.36094485086520944,0.0,799.2,0.0,0.0,1.0,888.0,-0.0,120,-52.03069860227063,0.0,118,-15.701196227248593,0.0,118,-25.947159607139703,0.0,120,-13.814407092124748,0.0,118,-53.89897960299669,0.0,118,-46.050779567125936,0.0,0.0,0.211247497824325,0.211247497824325,0.0,-7602.797446697457,-7602.797446697457,760.49099216757,760.49099216757,760.49099216757,0.0,0.0,48.49099216756997,0.0,712
537.9299426318543,0.0,-5379.299426318543,0.0,4839.600366693948,173.92059086560846,-0.0,0.11731511324495061,0.36094485086520944,0.0,799.2,0.0,0.0,1.0,888.0,-0.0,120,-31.779056183095154,0.0,118,-31.546119076436952,0.0,118,-14.63956076742189,0.0,120,-7.0362656674797535,0.0,118,-49.732512162502275,0.0,118,-55.57319923553139,0.0,0.0,0.149466502537331,0.149466502537331,0.0,-5379.299426318543,-5379.299426318543,712.0,712.0,538.0794091343915,0.0,173.92059086560846,0.0,0.0,712
537.9299426318543,0.0,-5379.299426318543,0.0,4646.355265732161,173.92059086560846,-0.0,0.11263072420750396,0.36094485086520944,0.0,799.2,0.0,0.0,1.0,888.0,-0.0,120,-0.8461617530696186,0.0,118,-4.045195941404083,0.0,118,-7.331680571865322,0.0,120,-15.800386137401958,0.0,118,-0.25710337983764875,0.0,118,-55.04483743341598,0.0,0.0,0.149466502537331,0.149466502537331,0.0,-5379.299426318543,-5379.299426318543,712.0,712.0,538.0794091343915,0.0,173.92059086560846,0.0,0.0,712
537.9299426318543,0.0,-5379.299426318543,0.0,4453.110164770374,175.92059086560846,-0.0,0.10794633517005729,0.36094485086520944,0.0,799.2,0.0,0.0,1.0,888.0,-0.0,120,-22.698961202117104,0.0,118,-44.4578744531813,0.0,118,-26.563168875050444,0.0,120,-36.751915784523625,0.0,120,-30.272239631741805,0.0,118,-5.0170443503323,0.0,0.0,0.149466502537331,0.149466502537331,0.0,-5379.299426318543,-5379.299426318543,714.0,714.0,538.0794091343915,0.0,175.92059086560846,0.0,0.0,714
537.9299426318543,0.0,-5379.299426318543,0.0,4257.642841586364,175.92059086560846,-0.0,0.1032080779964212,0.36094485086520944,0.0,799.2,0.0,0.0,1.0,888.0,-0.0,120,-47.699887014613545,0.0,118,-16.627883921794247,0.0,118,-49.623964644562676,0.0,120,-37.61286796098946,0.0,120,-15.636528510342373,0.0,118,-24.882625231768856,0.0,0.0,0.149466502537331,0.149466502537331,0.0,-5379.299426318543,-5379.299426318543,714.0,714.0,538.0794091343915,0.0,175.92059086560846,0.0,0.0,714
537.9299426318543,0.0,-5379.299426318543,0.0,4062.1755184023546,175.92059086560846,-0.0,0.09846982082278512,0.36094485086520944,0.0,799.2,0.0,0.0,1.0,888.0,-0.0,120,-52.75403447230367,0.0,118,-4.945054645569158,0.0,118,-1.4862411604894876,0.0,120,-26.50633798573817,0.0,120,-36.39616508599529,0.0,118,-57.20092547145507,0.0,0.0,0.149466502537331,0.149466502537331,0.0,-5379.299426318543,-5379.299426318543,714.0,714.0,538.0794091343915,0.0,175.92059086560846,0.0,0.0,714
537.9299426318543,0.0,-5379.299426318543,0.0,3866.7081952183453,175.92059086560846,-0.0,0.09373156364914904,0.36094485086520944,0.0,799.2,0.0,0.0,1.0,888.0,-0.0,120,-44.87930315673981,0.0,118,-2.176184872988105,0.0,118,-13.728561841842723,0.0,120,-24.14569233715322,0.0,120,-43.10877386606547,0.0,118,-42.32469583386982,0.0,0.0,0.149466502537331,0.149466502537331,0.0,-5379.299426318543,-5379.299426318543,714.0,714.0,538.0794091343915,0.0,175.92059086560846,0.0,0.0,714
384.34726114654023,0.0,-3843.472611465402,0.0,3671.240872034336,329.54594606069884,-0.0,0.08899330647551296,0.36094485086520944,0.0,799.2,0.0,0.0,1.0,888.0,-0.0,120,-11.18573723809294,0.0,118,-10.86215401961627,0.0,118,-55.22220700038753,0.0,120,-35.71702995416187,0.0,120,-59.43283912074055,0.0,118,-9.52547127205208,0.0,0.0,0.106792792760917,0.106792792760917,0.0,-3843.472611465402,-3843.472611465402,714.0,714.0,384.45405393930116,0.0,329.54594606069884,0.0,0.0,714
384.34726114654023,0.0,-3843.472611465402,0.0,3305.0787097446705,329.54594606069884,-0.0,0.08011729352397814,0.36094485086520944,0.0,799.2,0.0,0.0,1.0,888.0,-0.0,120,-23.769968859458036,0.0,118,-34.28166023579572,0.0,118,-40.41959303690952,0.0,120,-21.38696964144984,0.0,120,-48.13332654523454,0.0,118,-55.48291158003288,0.0,0.0,0.106792792760917,0.106792792760917,0.0,-3843.472611465402,-3843.472611465402,714.0,714.0,384.45405393930116,0.0,329.54594606069884,0.0,0.0,714
384.34726114654023,0.0,-3843.472611465402,0.0,2938.916547455005,329.54594606069884,-0.0,0.07124128057244333,0.36094485086520944,0.0,799.2,0.0,0.0,1.0,888.0,-0.0,120,-27.82380520719833,0.0,118,-57.70050830873383,0.0,118,-32.255481627668445,0.0,120,-30.2729149064183,0.0,120,-43.72290806818476,0.0,118,-42.05699158097589,0.0,0.0,0.106792792760917,0.106792792760917,0.0,-3843.472611465402,-3843.472611465402,714.0,714.0,384.45405393930116,0.0,329.54594606069884,0.0,0.0,714
384.34726114654023,0.0,-3843.472611465402,0.0,2572.7543851653395,329.54594606069884,-0.0,0.06236526762090853,0.36094485086520944,0.0,799.2,0.0,0.0,1.0,888.0,-0.0,120,-17.915872112955892,0.0,118,-14.874267019830727,0.0,118,-8.240780306139728,0.0,120,-40.13278137919062,0.0,120,-48.4802577656669,0.0,118,-8.227676038142754,0.0,0.0,0.106792792760917,0.106792792760917,0.0,-3843.472611465402,-3843.472611465402,714.0,714.0,384.45405393930116,0.0,329.54594606069884,0.0,0.0,714
384.34726114654023,0.0,-3843.472611465402,0.0,2206.592222875674,329.54594606069884,-0.0,0.053489254669373716,0.36094485086520944,0.0,799.2,0.0,0.0,1.0,888.0,-0.0,120,-41.59453377642015,0.0,118,-45.03086122519703,0.0,118,-48.9842620633138,0.0,120,-32.31962266491711,0.0,120,-16.076293494542206,0.0,118,-42.43814499442527,0.0,0.0,0.106792792760917,0.106792792760917,0.0,-3843.472611465402,-3843.472611465402,714.0,714.0,384.45405393930116,0.0,329.54594606069884,0.0,0.0,714
384.34726114654023,0.0,-3843.472611465402,0.0,1840.4300605860085,329.54594606069884,-0.0,0.04461324171783891,0.36094485086520944,0.0,799.2,0.0,0.0,1.0,888.0,-0.0,120,-57.38590058514223,0.0,118,-20.947798557385077,0.0,118,-9.804444956521527,0.0,120,-48.25131363697106,0.0,120,-16.321739363125033,0.0,118,-48.796086089840145,0.0,0.0,0.106792792760917,0.106792792760917,0.0,-3843.472611465402,-3843.472611465402,714.0,714.0,384.45405393930116,0.0,329.54594606069884,0.0,0.0,714
185.11492112384502,0.0,-1851.1492112384503,0.0,1474.267898296343,528.8336437772042,-0.0,0.0357372287663041,0.36094485086520944,0.0,799.2,0.0,0.0,1.0,888.0,-0.0,120,-13.578695302904736,0.0,118,-5.416811354055051,0.0,118,-16.77625016912003,0.0,120,-44.454417692719865,0.0,120,-16.568920971048083,0.0,118,-2.5357008686762095,0.0,0.0,0.0514350989507766,0.0514350989507766,0.0,-1851.1492112384503,-1851.1492112384503,714.0,714.0,185.1663562227958,0.0,528.8336437772042,0.0,0.0,714
185.11492112384502,0.0,-1851.1492112384503,0.0,886.6749607661161,528.8336437772042,-0.0,0.021493587394034765,0.36094485086520944,0.0,799.2,0.0,0.0,1.0,888.0,-0.0,120,-56.8533782644762,0.0,118,-45.88739800610575,0.0,118,-7.099428089884112,0.0,120,-46.713638048700155,0.0,120,-56.520969212623655,0.0,118,-40.34651037178823,0.0,0.0,0.0514350989507766,0.0514350989507766,0.0,-1851.1492112384503,-1851.1492112384503,714.0,714.0,185.1663562227958,0.0,528.8336437772042,0.0,0.0,714
185.11492112384502,0.0,-1851.1492112384503,0.0,299.0820232358892,269.1738209123003,-0.0,0.007249946021765428,0.36094485086520944,93.72287603965944,799.2,0.0,259.6598228649039,1.0,888.0,-230577.92270403466,120,-32.623609984138355,0.0,118,-29.765506919974342,0.0,118,-33.05736188258618,0.0,120,-57.542986086891986,0.0,120,-1.879289420247947,0.0,118,-17.179721126026088,0.0,0.0,0.0514350989507766,0.0514350989507766,0.0,-232429.07191527312,-232429.07191527312,714.0,714.0,185.1663562227958,0.0,528.8336437772042,0.0,0.0,714
185.11492112384502,0.0,-1851.1492112384503,0.0,0.0,0.0,-0.0,0.0,0.36094485086520944,191.60167038739868,799.2,0.0,530.8336437772042,1.0,888.0,-471380.2756741573,120,-57.45386514916319,0.0,120,-25.826865135429642,0.0,118,-16.440658800024575,0.0,120,-26.698995124332594,0.0,120,-39.92625910094441,0.0,118,-40.62090502722185,0.0,0.0,0.0514350989507766,0.0514350989507766,0.0,-473231.42488539574,-473231.42488539574,716.0,716.0,185.1663562227958,0.0,530.8336437772042,0.0,0.0,716
185.11492112384502,0.0,-1851.1492112384503,0.0,0.0,0.0,-0.0,0.0,0.36094485086520944,191.60167038739868,799.2,0.0,530.8336437772042,1.0,888.0,-471380.2756741573,120,-46.67925325041163,0.0,120,-17.15523078068024,0.0,118,-4.267547222480772,0.0,120,-46.98625031112785,0.0,120,-6.556583660924343,0.0,118,-29.047473352507982,0.0,0.0,0.0514350989507766,0.0514350989507766,0.0,-473231.42488539574,-473231.42488539574,716.0,716.0,185.1663562227958,0.0,530.8336437772042,0.0,0.0,716
185.11492112384502,0.0,-1851.1492112384503,0.0,0.0,0.0,-0.0,0.0,0.36094485086520944,191.60167038739868,799.2,0.0,530.8336437772042,1.0,888.0,-471380.2756741573,120,-19.501035817984175,0.0,120,-48.60036292395145,0.0,118,-44.63633913706425,0.0,120,-25.602978968784,0.0,120,-45.85167623460696,0.0,118,-19.580721784557802,0.0,0.0,0.0514350989507766,0.0514350989507766,0.0,-473231.42488539574,-473231.42488539574,716.0,716.0,185.1663562227958,0.0,530.8336437772042,0.0,0.0,716
0.0,0.0,-0.0,0.0,0.0,0.0,-0.0,0.0,0.36094485086520944,258.43651321948994,799.2,0.0,716.0,1.0,888.0,-635808.0,120,-43.119635443679115,0.0,120,-21.985484628280876,0.0,118,-33.60507612943585,0.0,120,-55.38071504837869,0.0,120,-23.389996493532678,0.0,118,-49.06833059994668,0.0,0.0,0.0,0.0,0.0,-635808.0,-635808.0,716.0,716.0,0.0,0.0,716.0,0.0,0.0,716
0.0,0.0,-0.0,0.0,0.0,0.0,-0.0,0.0,0.36094485086520944,258.43651321948994,799.2,0.0,716.0,1.0,888.0,-635808.0,120,-4.822346570880269,0.0,120,-50.547543701121135,0.0,118,-55.405938213035995,0.0,120,-9.09769657156123,0.0,120,-9.99824201676065,0.0,118,-55.7785221124164,0.0,0.0,0.0,0.0,0.0,-635808.0,-635808.0,716.0,716.0,0.0,0.0,716.0,0.0,0.0,716
0.0,0.0,-0.0,0.0,0.0,0.0,-0.0,0.0,0.36094485086520944,258.43651321948994,799.2,0.0,716.0,1.0,888.0,-635808.0,120,-17.90819410982578,0.0,120,-35.518175824696314,0.0,118,-39.49837955578964,0.0,120,-57.35534436948904,0.0,120,-2.99082762197465,0.0,118,-8.600875251045373,0.0,0.0,0.0,0.0,0.0,-635808.0,-635808.0,716.0,716.0,0.0,0.0,716.0,0.0,0.0,716
0.0,0.0,-0.0,0.0,0.0,0.0,-0.0,0.0,0.36094485086520944,258.43651321948994,799.2,0.0,716.0,1.0,888.0,-635808.0,120,-25.248611819367813,0.0,120,-20.652051099626622,0.0,118,-57.48184658491036,0.0,120,-40.18099301735108,0.0,120,-20.779890755492517,0.0,118,-43.64705957794467,0.0,0.0,0.0,0.0,0.0,-635808.0,-635808.0,716.0,716.0,0.0,0.0,716.0,0.0,0.0,716
0.0,0.0,-0.0,0.0,0.0,0.0,-0.0,0.0,0.36094485086520944,258.43651321948994,799.2,0.0,716.0,1.0,888.0,-635808.0,120,-38.196897861884665,0.0,120,-41.47255235660879,0.0,118,-43.88960815718014,0.0,120,-34.154916400065446,0.0,120,-16.71750971169051,0.0,118,-48.49945475875386,0.0,0.0,0.0,0.0,0.0,-635808.0,-635808.0,716.0,716.0,0.0,0.0,716.0,0.0,0.0,716
0.0,0.0,-0.0,0.0,0.0,0.0,-0.0,0.0,0.36094485086520944,258.43651321948994,799.2,0.0,716.0,1.0,888.0,-635808.0,120,-25.936353156520102,0.0,120,-3.345894231867086,0.0,118,-18.207220106937395,0.0,120,-47.63088395997107,0.0,120,-49.520209230168575,0.0,118,-47.07960155019761,0.0,0.0,0.0,0.0,0.0,-635808.0,-635808.0,716.0,716.0,0.0,0.0,716.0,0.0,0.0,716
0.0,0.0,-0.0,0.0,0.0,0.0,-0.0,0.0,0.36094485086520944,258.43651321948994,799.2,0.0,716.0,1.0,888.0,-635808.0,120,-25.614230754380415,0.0,120,-0.2683175729927667,0.0,118,-46.08367602142621,0.0,120,-4.142388186182615,0.0,120,-13.166901971176356,0.0,118,-46.93388036350694,0.0,0.0,0.0,0.0,0.0,-635808.0,-635808.0,716.0,716.0,0.0,0.0,716.0,0.0,0.0,716
0.0,0.0,-0.0,0.0,0.0,0.0,-0.0,0.0,0.36094485086520944,258.43651321948994,799.2,0.0,716.0,1.0,888.0,-635808.0,120,-21.93500154012854,0.0,120,-28.542396002811763,0.0,118,-45.530223185387506,0.0,120,-14.97627503881416,0.0,120,-19.908611698614102,0.0,118,-35.07806594449251,0.0,0.0,0.0,0.0,0.0,-635808.0,-635808.0,716.0,716.0,0.0,0.0,716.0,0.0,0.0,716
0.0,0.0,-0.0,0.0,0.0,0.0,-0.0,0.0,0.36094485086520944,258.43651321948994,799.2,0.0,716.0,1.0,888.0,-635808.0,120,-44.09621674371974,0.0,120,-4.327931299211619,0.0,118,-45.935449016373376,0.0,120,-2.6300906616589703,0.0,120,-30.278690401552357,0.0,118,-46.31241127174757,0.0,0.0,0.0,0.0,0.0,-635808.0,-635808.0,716.0,716.0,0.0,0.0,716.0,0.0,0.0,716
0.0,0.0,-0.0,0.0,0.0,0.0,-0.0,0.0,0.36094485086520944,258.43651321948994,799.2,0.0,716.0,1.0,888.0,-635808.0,120,-8.42264299593959,0.0,120,-53.76404905889298,0.0,118,-33.03741586103084,0.0,120,-46.495572638771804,0.0,120,-6.512763201302025,0.0,118,-22.234346865300864,0.0,0.0,0.0,0.0,0.0,-635808.0,-635808.0,716.0,716.0,0.0,0.0,716.0,0.0,0.0,716
0.0,0.0,-0.0,0.0,0.0,0.0,-0.0,0.0,0.36094485086520944,258.43651321948994,799.2,0.0,716.0,1.0,888.0,-635808.0,120,-33.63889254449992,0.0,120,-57.77586330013081,0.0,118,-52.199840643029184,0.0,120,-12.110375672780942,0.0,120,-11.48531667532655,0.0,118,-33.297160040354974,0.0,0.0,0.0,0.0,0.0,-635808.0,-635808.0,716.0,716.0,0.0,0.0,716.0,0.0,0.0,716
0.0,0.0,-0.0,0.0,0.0,0.0,-0.0,0.0,0.36094485086520944,258.43651321948994,799.2,0.0,716.0,1.0,888.0,-635808.0,120,-10.030201028193332,0.0,120,-10.981994961017978,0.0,118,-58.65557878300191,0.0,120,-50.684482800367185,0.0,120,-46.88884605429557,0.0,118,-19.967887028461575,0.0,0.0,0.0,0.0,0.0,-635808.0,-635808.0,716.0,716.0,0.0,0.0,716.0,0.0,0.0,716
0.0,0.0,-0.0,0.0,0.0,0.0,-0.0,0.0,0.36094485086520944,258.43651321948994,799.2,0.0,716.0,1.0,888.0,-635808.0,120,-16.060966949414986,0.0,120,-31.557236865161194,0.0,118,-24.27346442259552,0.0,120,-50.06528225026989,0.0,120,-48.3811911396568,0.0,118,-43.71329814366106,0.0,0.0,0.0,0.0,0.0,-635808.0,-635808.0,716.0,716.0,0.0,0.0,716.0,0.0,0.0,716
0.0,0.0,-0.0,0.0,0.0,0.0,-0.0,0.0,0.36094485086520944,258.43651321948994,799.2,0.0,716.0,1.0,888.0,-635808.0,120,-3.5791203358402712,0.0,120,-38.157179740387896,0.0,118,-31.053444140303025,0.0,120,-1.2327832696453545,0.0,120,-39.48161934137657,0.0,118,-49.05210220308008,0.0,0.0,0.0,0.0,0.0,-635808.0,-635808.0,716.0,716.0,0.0,0.0,716.0,0.0,0.0,716
0.0,0.0,-0.0,0.0,0.0,0.0,-0.0,0.0,0.36094485086520944,258.43651321948994,799.2,0.0,716.0,1.0,888.0,-635808.0,120,-9.324366170050727,0.0,120,-49.4760624600428,0.0,118,-1.982459634398357,0.0,120,-4.288993671358224,0.0,120,-38.17799976810411,0.0,118,-34.24210422431193,0.0,0.0,0.0,0.0,0.0,-635808.0,-635808.0,716.0,716.0,0.0,0.0,716.0,0.0,0.0,716
0.0,0.0,-0.0,0.0,0.0,0.0,-0.0,0.0,0.36094485086520944,258.43651321948994,799.2,0.0,716.0,1.0,888.0,-635808.0,120,-50.76035149604502,0.0,120,-23.42967939919129,0.0,118,-52.10809721935471,0.0,120,-16.442266780702678,0.0,120,-31.162135444169618,0.0,118,-37.0803617054408,0.0,0.0,0.0,0.0,0.0,-635808.0,-635808.0,716.0,716.0,0.0,0.0,716.0,0.0,0.0,716
0.0,0.0,-0.0,0.0,0.0,0.0,-0.0,0.0,0.36094485086520944,258.43651321948994,799.2,0.0,716.0,1.0,888.0,-635808.0,120,-24.985852281769446,0.0,120,-21.7748340949877,0.0,118,-57.879272857630575,0.0,120,-54.59363796153891,0.0,120,-1.741756932176839,0.0,118,-59.228707117027156,0.0,0.0,0.0,0.0,0.0,-635808.0,-635808.0,716.0,716.0,0.0,0.0,716.0,0.0,0.0,716
0.0,0.0,-0.0,0.0,0.0,0.0,-0.0,0.0,0.36094485086520944,258.43651321948994,799.2,0.0,716.0,1.0,888.0,-635808.0,120,-23.95960666564278,0.0,120,-32.16228843624612,0.0,118,-40.90756391927297,0.0,120,-56.48411540423565,0.0,120,-43.14268852745718,0.0,118,-57.90545583445508,0.0,0.0,0.0,0.0,0.0,-635808.0,-635808.0,716.0,716.0,0.0,0.0,716.0,0.0,0.0,716
0.0,0.0,-0.0,0.0,0.0,0.0,-0.0,0.0,0.36094485086520944,258.43651321948994,799.2,0.0,716.0,1.0,888.0,-635808.0,120,-20.45396931792569,0.0,120,-26.210403312157723,0.0,118,-47.369479839732065,0.0,120,-26.576495153102417,0.0,120,-18.99702101332689,0.0,118,-49.140638408864874,0.0,0.0,0.0,0.0,0.0,-635808.0,-635808.0,716.0,716.0,0.0,0.0,716.0,0.0,0.0,716
0.0,0.0,-0.0,0.0,0.0,0.0,-0.0,0.0,0.36094485086520944,257.71462351775955,799.2,0.0,714.0,1.0,888.0,-634032.0,120,-37.77605165611732,0.0,118,-25.39608427947322,0.0,118,-17.19163106805262,0.0,120,-5.466421830278518,0.0,120,-57.44153721003677,0.0,118,-11.014255742086348,0.0,0.0,0.0,0.0,0.0,-634032.0,-634032.0,714.0,714.0,0.0,0.0,714.0,0.0,0.0,714
0.0,0.0,-0.0,0.0,0.0,0.0,-0.0,0.0,0.36094485086520944,257.71462351775955,799.2,0.0,714.0,1.0,888.0,-634032.0,120,-6.884159405269918,0.0,118,-2.704710879589376,0.0,118,-27.645080202566014,0.0,120,-37.19846428292523,0.0,120,-44.79056868543371,0.0,118,-12.868528620726082,0.0,0.0,0.0,0.0,0.0,-634032.0,-634032.0,714.0,714.0,0.0,0.0,714.0,0.0,0.0,714
0.0,0.0,-0.0,0.0,0.0,0.0,-0.0,0.0,0.36094485086520944,257.71462351775955,799.2,0.0,714.0,1.0,888.0,-634032.0,120,-55.97095906462636,0.0,118,-57.21706990911182,0.0,118,-39.82281109500996,0.0,120,-59.340243469037866,0.0,120,-49.096878831020796,0.0,118,-48.396820661172335,0.0,0.0,0.0,0.0,0.0,-634032.0,-634032.0,714.0,714.0,0.0,0.0,714.0,0.0,0.0,714
0.0,0.0,-0.0,0.0,0.0,0.0,-0.0,0.0,0.36094485086520944,257.71462351775955,799.2,0.0,714.0,1.0,888.0,-634032.0,120,-28.796585022550317,0.0,118,-44.05316680574144,0.0,118,-13.358693645868364,0.0,120,-9.1671590518772,0.0,120,-5.517624527409113,0.0,118,-5.173439076337518,0.0,0.0,0.0,0.0,0.0,-634032.0,-634032.0,714.0,714.0,0.0,0.0,714.0,0.0,0.0,714
0.0,0.0,-0.0,0.0,0.0,0.0,-0.0,0.0,0.36094485086520944,257.71462351775955,799.2,0.0,714.0,1.0,888.0,-634032.0,120,-46.779145069751806,0.0,118,-43.890363865464934,0.0,118,-5.883896420637564,0.0,120,-30.88407142694325,0.0,120,-47.342302538403835,0.0,118,-45.9300185486167,0.0,0.0,0.0,0.0,0.0,-634032.0,-634032.0,714.0,714.0,0.0,0.0,714.0,0.0,0.0,714
0.0,0.0,-0.0,0.0,0.0,0.0,-0.0,0.0,0.36094485086520944,257.71462351775955,799.2,0.0,714.0,1.0,888.0,-634032.0,120,-9.397912819058664,0.0,118,-22.453573787702776,0.0,118,-35.932813487153155,0.0,120,-1.9787486400693588,0.0,120,-50.34405691572336,0.0,118,-58.43793620849533,0.0,0.0,0.0,0.0,0.0,-634032.0,-634032.0,714.0,714.0,0.0,0.0,714.0,0.0,0.0,714
0.0,0.0,-0.0,0.0,0.0,0.0,-0.0,0.0,0.36094485086520944,257.71462351775955,799.2,0.0,714.0,1.0,888.0,-634032.0,120,-18.222919665641665,0.0,118,-16.15409556150224,0.0,118,-36.26933168426427,0.0,120,-4.07144211867724,0.0,120,-40.63655915762094,0.0,118,-34.83190673784605,0.0,0.0,0.0,0.0,0.0,-634032.0,-634032.0,714.0,714.0,0.0,0.0,714.0,0.0,0.0,714
0.0,0.0,-0.0,0.0,0.0,0.0,-0.0,0.0,0.36094485086520944,257.71462351775955,799.2,0.0,714.0,1.0,888.0,-634032.0,120,-8.627379518690104,0.0,118,-12.646143972656823,0.0,118,-29.429208831331685,0.0,120,-56.37735728968508,0.0,120,-56.37455655903648,0.0,118,-0.3991783200028265,0.0,0.0,0.0,0.0,0.0,-634032.0,-634032.0,714.0,714.0,0.0,0.0,714.0,0.0,0.0,714
0.0,0.0,-0.0,0.0,0.0,0.0,-0.0,0.0,0.36094485086520944,257.71462351775955,799.2,0.0,714.0,1.0,888.0,-634032.0,120,-49.77181656388921,0.0,118,-47.82928584129899,0.0,118,-5.866009267673283,0.0,120,-58.917107659747515,0.0,120,-20.742835677145603,0.0,118,-36.915740135016925,0.0,0.0,0.0,0.0,0.0,-634032.0,-634032.0,714.0,714.0,0.0,0.0,714.0,0.0,0.0,714
0.0,0.0,-0.0,0.0,0.0,0.0,-0.0,0.0,0.36094485086520944,257.71462351775955,799.2,0.0,714.0,1.0,888.0,-634032.0,120,-3.258108873876049,0.0,118,-2.9613997129664393,0.0,118,-8.707099579143044,0.0,120,-19.387216726585674,0.0,120,-39.25361117890607,0.0,118,-43.20705748506398,0.0,0.0,0.0,0.0,0.0,-634032.0,-634032.0,714.0,714.0,0.0,0.0,714.0,0.0,0.0,714
0.0,0.0,-0.0,0.0,0.0,0.0,-0.0,0.0,0.36094485086520944,257.71462351775955,799.2,0.0,714.0,1.0,888.0,-634032.0,120,-11.317785318682642,0.0,118,-37.56664371835643,0.0,118,-46.80820259678456,0.0,120,-40.49642294832548,0.0,120,-30.470066539087096,0.0,118,-6.415397653815116,0.0,0.0,0.0,0.0,0.0,-634032.0,-634032.0,714.0,714.0,0.0,0.0,714.0,0.0,0.0,714
0.0,0.0,-0.0,0.0,0.0,0.0,-0.0,0.0,0.36094485086520944,257.71462351775955,799.2,0.0,714.0,1.0,888.0,-634032.0,120,-31.21965217234037,0.0,118,-46.95076015773295,0.0,118,-11.886212553477776,0.0,120,-59.17424797040157,0.0,120,-38.078931262924556,0.0,118,-28.003391642077755,0.0,0.0,0.0,0.0,0.0,-634032.0,-634032.0,714.0,714.0,0.0,0.0,714.0,0.0,0.0,714
0.0,0.0,-0.0,0.0,0.0,0.0,-0.0,0.0,0.36094485086520944,257.71462351775955,799.2,0.0,714.0,1.0,888.0,-634032.0,120,-20.160605182299857,0.0,118,-14.096800227690437,0.0,118,-1.931012504637586,0.0,120,-6.615733011380445,0.0,120,-21.172884566685912,0.0,118,-22.267229807014925,0.0,0.0,0.0,0.0,0.0,-634032.0,-634032.0,714.0,714.0,0.0,0.0,714.0,0.0,0.0,714
0.0,0.0,-0.0,0.0,0.0,0.0,-0.0,0.0,0.36094485086520944,257.71462351775955,799.2,0.0,714.0,1.0,888.0,-634032.0,120,-2.1302016132832002,0.0,118,-58.9714392768671,0.0,118,-38.94461819739156,0.0,120,-24.870753907709386,0.0,120,-5.326911785603312,0.0,118,-5.4216648151492475,0.0,0.0,0.0,0.0,0.0,-634032.0,-634032.0,714.0,714.0,0.0,0.0,714.0,0.0,0.0,714
0.0,0.0,-0.0,0.0,0.0,0.0,-0.0,0.0,0.36094485086520944,257.71462351775955,799.2,0.0,714.0,1.0,888.0,-634032.0,120,-56.01147580852042,0.0,118,-1.3846412539548503,0.0,118,-29.152218532736732,0.0,120,-51.333418104470084,0.0,120,-10.424731897138093,0.0,118,-7.299106836653366,0.0,0.0,0.0,0.0,0.0,-634032.0,-634032.0,714.0,714.0,0.0,0.0,714.0,0.0,0.0,714
0.0,0.0,-0.0,0.0,0.0,0.0,-0.0,0.0,0.36094485086520944,257.71462351775955,799.2,0.0,714.0,1.0,888.0,-634032.0,120,-41.55730466299816,0.0,118,-50.842434039728204,0.0,118,-11.064840104094039,0.0,120,-55.02658481747445,0.0,120,-34.35708813127505,0.0,118,-51.52318878202248,0.0,0.0,0.0,0.0,0.0,-634032.0,-634032.0,714.0,714.0,0.0,0.0,714.0,0.0,0.0,714
0.0,0.0,-0.0,0.0,0.0,0.0,-0.0,0.0,0.36094485086520944,257.71462351775955,799.2,0.0,714.0,1.0,888.0,-634032.0,120,-11.727395896112473,0.0,118,-21.101143037045183,0.0,118,-16.600424341970367,0.0,120,-2.1732833488967795,0.0,120,-18.24674533191889,0.0,118,-20.935440557894523,0.0,0.0,0.0,0.0,0.0,-634032.0,-634032.0,714.0,714.0,0.0,0.0,714.0,0.0,0.0,714
0.0,0.0,-0.0,0.0,0.0,0.0,-0.0,0.0,0.36094485086520944,257.71462351775955,799.2,0.0,714.0,1.0,888.0,-634032.0,120,-43.98495463995861,0.0,118,-59.6510154320887,0.0,118,-20.03894870956276,0.0,120,-52.2725961628557,0.0,120,-22.205401371240548,0.0,118,-24.536780661800954,0.0,0.0,0.0,0.0,0.0,-634032.0,-634032.0,714.0,714.0,0.0,0.0,714.0,0.0,0.0,714
0.0,0.0,-0.0,0.0,0.0,0.0,-0.0,0.0,0.36094485086520944,257.71462351775955,799.2,0.0,714.0,1.0,888.0,-634032.0,120,-23.159497551859435,0.0,118,-20.7483890545785,0.0,118,-10.151772756850104,0.0,120,-15.264905034615108,0.0,120,-3.695882280600511,0.0,118,-28.129226321759425,0.0,0.0,0.0,0.0,0.0,-634032.0,-634032.0,714.0,714.0,0.0,0.0,714.0,0.0,0.0,714
0.0,0.0,-0.0,0.0,0.0,0.0,-0.0,0.0,0.36094485086520944,257.71462351775955,799.2,0.0,714.0,1.0,888.0,-634032.0,120,-36.677067630859945,0.0,118,-17.186119903680716,0.0,118,-58.401893880247165,0.0,120,-37.19414273594639,0.0,120,-10.827963593610923,0.0,118,-31.493363195869335,0.0,0.0,0.0,0.0,0.0,-634032.0,-634032.0,714.0,714.0,0.0,0.0,714.0,0.0,0.0,714
0.0,0.0,-0.0,0.0,0.0,0.0,-0.0,0.0,0.36094485086520944,256.9927338160291,799.2,0.0,712.0,1.0,888.0,-632256.0,120,-56.72602817824998,0.0,118,-53.2035231766072,0.0,118,-5.02959887674897,0.0,118,-23.51712235916359,0.0,120,-35.85257315596331,0.0,118,-4.829249766235302,0.0,0.0,0.0,0.0,0.0,-632256.0,-632256.0,712.0,712.0,0.0,0.0,712.0,0.0,0.0,712
0.0,0.0,-0.0,0.0,0.0,0.0,-0.0,0.0,0.36094485086520944,256.9927338160291,799.2,0.0,712.0,1.0,888.0,-632256.0,120,-42.18249730142789,0.0,118,-32.731159364613575,0.0,118,-4.889044523866161,0.0,118,-51.041291325823266,0.0,120,-10.761626333736416,0.0,118,-25.377399802839545,0.0,0.0,0.0,0.0,0.0,-632256.0,-632256.0,712.0,712.0,0.0,0.0,712.0,0.0,0.0,712
0.0,0.0,-0.0,0.0,0.0,0.0,-0.0,0.0,0.36094485086520944,256.9927338160291,799.2,0.0,712.0,1.0,888.0,-632256.0,120,-7.488907487137524,0.0,118,-40.32845946115034,0.0,118,-52.860260350915176,0.0,118,-18.6074935373883,0.0,120,-5.955091077949066,0.0,118,-35.04722974508668,0.0,0.0,0.0,0.0,0.0,-632256.0,-632256.0,712.0,712.0,0.0,0.0,712.0,0.0,0.0,712
0.0,0.0,-0.0,0.0,0.0,0.0,-0.0,0.0,0.36094485086520944,256.9927338160291,799.2,0.0,712.0,1.0,888.0,-632256.0,120,-31.264945726946284,0.0,118,-30.603162454373056,0.0,118,-0.00418359517310396,0.0,118,-39.35479042170882,0.0,120,-28.77347315194094,0.0,118,-53.48743332263259,0.0,0.0,0.0,0.0,0.0,-632256.0,-632256.0,712.0,712.0,0.0,0.0,712.0,0.0,0.0,712
0.0,0.0,-0.0,0.0,0.0,0.0,-0.0,0.0,0.36094485086520944,256.9927338160291,799.2,0.0,712.0,1.0,888.0,-632256.0,120,-4.542432364164251,0.0,118,-12.181479129972201,0.0,118,-10.370084272500309,0.0,118,-8.187927202761747,0.0,120,-36.70829707981231,0.0,118,-49.095071705915394,0.0,0.0,0.0,0.0,0.0,-632256.0,-632256.0,712.0,712.0,0.0,0.0,712.0,0.0,0.0,712
0.0,0.0,-0.0,0.0,0.0,0.0,-0.0,0.0,0.36094485086520944,256.9927338160291,799.2,0.0,712.0,1.0,888.0,-632256.0,120,-10.56612110858962,0.0,118,-48.54040367401772,0.0,118,-37.93271928996799,0.0,118,-34.61810684573029,0.0,120,-59.062152543639414,0.0,118,-56.81531442828082,0.0,0.0,0.0,0.0,0.0,-632256.0,-632256.0,712.0,712.0,0.0,0.0,712.0,0.0,0.0,712
0.0,0.0,-0.0,0.0,0.0,0.0,-0.0,0.0,0.36094485086520944,256.9927338160291,799.2,0.0,712.0,1.0,888.0,-632256.0,120,-59.295691540614534,0.0,118,-26.132721307883802,0.0,118,-0.946918881541452,0.0,118,-41.73876231721934,0.0,120,-11.014588635786186,0.0,118,-0.6210650044989019,0.0,0.0,0.0,0.0,0.0,-632256.0,-632256.0,712.0,712.0,0.0,0.0,712.0,0.0,0.0,712
0.0,0.0,-0.0,0.0,0.0,0.0,-0.0,0.0,0.36094485086520944,256.9927338160291,799.2,0.0,712.0,1.0,888.0,-632256.0,120,-56.419484301187765,0.0,118,-44.24820292604357,0.0,118,-31.759026434749455,0.0,118,-18.043024090260936,0.0,120,-14.13019692978385,0.0,118,-57.78963249250976,0.0,0.0,0.0,0.0,0.0,-632256.0,-632256.0,712.0,712.0,0.0,0.0,712.0,0.0,0.0,712
0.0,0.0,-0.0,0.0,0.0,0.0,-0.0,0.0,0.36094485086520944,256.9927338160291,799.2,0.0,712.0,1.0,888.0,-632256.0,120,-10.86186368374392,0.0,118,-45.943344232345765,0.0,118,-25.75804236753396,0.0,118,-49.520957629895506,0.0,120,-25.73646011171647,0.0,118,-34.48019619064695,0.0,0.0,0.0,0.0,0.0,-632256.0,-632256.0,712.0,712.0,0.0,0.0,712.0,0.0,0.0,712
0.0,0.0,-0.0,0.0,0.0,0.0,-0.0,0.0,0.36094485086520944,256.9927338160291,799.2,0.0,712.0,1.0,888.0,-632256.0,120,-34.611946625750974,0.0,118,-13.407119404648943,0.0,118,-47.62639768652015,0.0,118,-49.73901022831539,0.0,120,-11.969901789150581,0.0,118,-41.27898064476246,0.0,0.0,0.0,0.0,0.0,-632256.0,-632256.0,712.0,712.0,0.0,0.0,712.0,0.0,0.0,712
0.0,0.0,-0.0,0.0,0.0,0.0,-0.0,0.0,0.36094485086520944,256.9927338160291,799.2,0.0,712.0,1.0,888.0,-632256.0,120,-54.01279271423659,0.0,118,-12.589791547127016,0.0,118,-31.972511781072804,0.0,118,-19.21918714741282,0.0,120,-56.841795966035484,0.0,118,-34.12593136099763,0.0,0.0,0.0,0.0,0.0,-632256.0,-632256.0,712.0,712.0,0.0,0.0,712.0,0.0,0.0,712
0.0,0.0,-0.0,0.0,0.0,0.0,-0.0,0.0,0.36094485086520944,256.9927338160291,799.2,0.0,712.0,1.0,888.0,-632256.0,120,-9.687181592675715,0.0,118,-24.866712380003385,0.0,118,-9.425193689333307,0.0,118,-20.73415993326434,0.0,120,-44.52636219899885,0.0,118,-30.887756491456386,0.0,0.0,0.0,0.0,0.0,-632256.0,-632256.0,712.0,712.0,0.0,0.0,712.0,0.0,0.0,712
0.0,0.0,-0.0,0.0,0.0,0.0,-0.0,0.0,0.36094485086520944,256.9927338160291,799.2,0.0,712.0,1.0,888.0,-632256.0,120,-3.4769214893450195,0.0,118,-34.27177401713814,0.0,118,-52.52724494031341,0.0,118,-23.06524208721037,0.0,120,-58.5769491325149,0.0,118,-50.81289892608859,0.0,0.0,0.0,0.0,0.0,-632256.0,-632256.0,712.0,712.0,0.0,0.0,712.0,0.0,0.0,712
0.0,0.0,-0.0,0.0,0.0,0.0,-0.0,0.0,0.36094485086520944,256.9927338160291,799.2,0.0,712.0,1.0,888.0,-632256.0,120,-8.911876162274236,0.0,118,-16.98342788886475,0.0,118,-16.556906290035155,0.0,118,-33.358017446107354,0.0,120,-3.0437443548117593,0.0,118,-6.026755237799588,0.0,0.0,0.0,0.0,0.0,-632256.0,-632256.0,712.0,712.0,0.0,0.0,712.0,0.0,0.0,712
0.0,0.0,-0.0,0.0,0.0,0.0,-0.0,0.0,0.36094485086520944,256.9927338160291,799.2,0.0,712.0,1.0,888.0,-632256.0,120,-30.215292603096795,0.0,118,-59.76862282666346,0.0,118,-52.637921453672654,0.0,118,-28.566162435591707,0.0,120,-43.935839322667576,0.0,118,-26.479530032670915,0.0,0.0,0.0,0.0,0.0,-632256.0,-632256.0,712.0,712.0,0.0,0.0,712.0,0.0,0.0,712
0.0,0.0,-0.0,0.0,0.0,0.0,-0.0,0.0,0.36094485086520944,256.9927338160291,799.2,0.0,712.0,1.0,888.0,-632256.0,120,-51.54324184385425,0.0,118,-46.482190542080055,0.0,118,-19.242695679134833,0.0,118,-52.43188103136875,0.0,120,-11.992220325591209,0.0,118,-0.8899174166506163,0.0,0.0,0.0,0.0,0.0,-632256.0,-632256.0,712.0,712.0,0.0,0.0,712.0,0.0,0.0,712
0.0,0.0,-0.0,0.0,0.0,0.0,-0.0,0.0,0.36094485086520944,256.9927338160291,799.2,0.0,712.0,1.0,888.0,-632256.0,120,-57.45983213812643,0.0,118,-38.116613368800806,0.0,118,-23.70202274324792,0.0,118,-26.321431514346806,0.0,120,-47.188548655139236,0.0,118,-0.4697372079478024,0.0,0.0,0.0,0.0,0.0,-632256.0,-632256.0,712.0,712.0,0.0,0.0,712.0,0.0,0.0,712
0.0,0.0,-0.0,0.0,0.0,0.0,-0.0,0.0,0.36094485086520944,256.9927338160291,799.2,0.0,712.0,1.0,888.0,-632256.0,120,-34.551465130985704,0.0,118,-38.95435704313863,0.0,118,-26.209484180399723,0.0,118,-7.69627454912767,0.0,120,-14.16012317054016,0.0,118,-17.55993887892924,0.0,0.0,0.0,0.0,0.0,-632256.0,-632256.0,712.0,712.0,0.0,0.0,712.0,0.0,0.0,712
0.0,0.0,-0.0,0.0,0.0,0.0,-0.0,0.0,0.36094485086520944,256.9927338160291,799.2,0.0,712.0,1.0,888.0,-632256.0,120,-33.032103905757715,0.0,118,-33.070159824097956,0.0,118,-12.759576361761557,0.0,118,-58.26691174615745,0.0,120,-0.920641213986706,0.0,118,-19.707517921180077,0.0,0.0,0.0,0.0,0.0,-632256.0,-632256.0,712.0,712.0,0.0,0.0,712.0,0.0,0.0,712
0.0,0.0,-0.0,0.0,0.0,0.0,-0.0,0.0,0.36094485086520944,256.9927338160291,799.2,0.0,712.0,1.0,888.0,-632256.0,120,-2.8886816376334856,0.0,118,-0.027086326924452564,0.0,118,-44.40313782055992,0.0,118,-13.023992055732814,0.0,120,-38.66371320164332,0.0,118,-59.00602711890768,0.0,0.0,0.0,0.0,0.0,-632256.0,-632256.0,712.0,712.0,0.0,0.0,712.0,0.0,0.0,712
0.0,0.0,-0.0,0.0,0.0,0.0,-0.0,0.0,0.36094485086520944,256.9927338160291,799.2,0.0,712.0,1.0,888.0,-632256.0,120,-34.12137836199779,0.0,118,-39.36931169513185,0.0,118,-15.533915658853502,0.0,118,-56.98182929996334,0.0,120,-59.81976476325655,0.0,118,-36.18484943736865,0.0,0.0,0.0,0.0,0.0,-632256.0,-632256.0,712.0,712.0,0.0,0.0,712.0,0.0,0.0,712
0.0,0.0,-0.0,0.0,0.0,0.0,-0.0,0.0,0.36094485086520944,256.9927338160291,799.2,0.0,712.0,1.0,888.0,-632256.0,120,-0.7477119328691684,0.0,118,-9.755473756471144,0.0,118,-43.73071272162994,0.0,118,-11.3361779411903,0.0,120,-33.69646759142712,0.0,118,-29.487187714168005,0.0,0.0,0.0,0.0,0.0,-632256.0,-632256.0,712.0,712.0,0.0,0.0,712.0,0.0,0.0,712
0.0,0.0,-0.0,0.0,0.0,0.0,-0.0,0.0,0.36094485086520944,256.9927338160291,799.2,0.0,712.0,1.0,888.0,-632256.0,120,-26.15234924156891,0.0,118,-44.86962978780784,0.0,118,-13.561367379294818,0.0,118,-2.143539272904469,0.0,120,-12.3476391671821,0.0,118,-53.22489983084916,0.0,0.0,0.0,0.0,0.0,-632256.0,-632256.0,712.0,712.0,0.0,0.0,712.0,0.0,0.0,712
0.0,0.0,-0.0,0.0,0.0,0.0,-0.0,0.0,0.36094485086520944,256.9927338160291,799.2,0.0,712.0,1.0,888.0,-632256.0,120,-59.09562527701721,0.0,118,-13.207064050861492,0.0,118,-1.1433337649406927,0.0,118,-0.33466701767092655,0.0,120,-27.929181647851124,0.0,118,-5.271769586202984,0.0,0.0,0.0,0.0,0.0,-632256.0,-632256.0,712.0,712.0,0.0,0.0,712.0,0.0,0.0,712
0.0,0.0,-0.0,0.0,0.0,0.0,-0.0,0.0,0.36094485086520944,256.9927338160291,799.2,0.0,712.0,1.0,888.0,-632256.0,120,-53.900237945646516,0.0,118,-31.828694732318674,0.0,118,-48.175695728281084,0.0,118,-56.52242088507877,0.0,120,-26.88454638027887,0.0,118,-48.18970038782329,0.0,0.0,0.0,0.0,0.0,-632256.0,-632256.0,712.0,712.0,0.0,0.0,712.0,0.0,0.0,712
0.0,0.0,-0.0,0.0,0.0,0.0,-0.0,0.0,0.36094485086520944,256.9927338160291,799.2,0.0,712.0,1.0,888.0,-632256.0,120,-29.523182379149834,0.0,118,-43.44268960657595,0.0,118,-52.09926938020237,0.0,118,-34.62507179890054,0.0,120,-29.211096403580946,0.0,118,-29.111438843912186,0.0,0.0,0.0,0.0,0.0,-632256.0,-632256.0,712.0,712.0,0.0,0.0,712.0,0.0,0.0,712
0.0,0.0,-0.0,0.0,0.0,0.0,-0.0,0.0,0.36094485086520944,256.9927338160291,799.2,0.0,712.0,1.0,888.0,-632256.0,120,-34.26219773149991,0.0,118,-50.03614609726478,0.0,118,-51.294258069873926,0.0,118,-57.04990335480694,0.0,120,-48.11380411707986,0.0,118,-36.97972079658107,0.0,0.0,0.0,0.0,0.0,-632256.0,-632256.0,712.0,712.0,0.0,0.0,712.0,0.0,0.0,712
0.0,0.0,-0.0,0.0,0.0,0.0,-0.0,0.0,0.36094485086520944,256.9927338160291,799.2,0.0,712.0,1.0,888.0,-632256.0,120,-4.978540537461775,0.0,118,-19.99156814555797,0.0,118,-48.23861252522738,0.0,118,-32.43431230879869,0.0,120,-31.865096731418184,0.0,118,-12.634788862651483,0.0,0.0,0.0,0.0,0.0,-632256.0,-632256.0,712.0,712.0,0.0,0.0,712.0,0.0,0.0,712
0.0,0.0,-0.0,0.0,0.0,0.0,-0.0,0.0,0.36094485086520944,257.71462351775955,799.2,0.0,714.0,1.0,888.0,-634032.0,120,-47.72615763043439,0.0,118,-57.29069424941438,0.0,120,-12.140338243141217,0.0,118,-40.35575093100137,0.0,120,-21.005106904621194,0.0,118,-2.860568316728349,0.0,0.0,0.0,0.0,0.0,-634032.0,-634032.0,714.0,714.0,0.0,0.0,714.0,0.0,0.0,714
0.0,0.0,-0.0,0.0,0.0,0.0,-0.0,0.0,0.36094485086520944,257.71462351775955,799.2,0.0,714.0,1.0,888.0,-634032.0,120,-30.602312087655005,0.0,118,-23.39509041044527,0.0,120,-31.939977920112927,0.0,118,-14.229862732226064,0.0,120,-56.74208644995785,0.0,118,-3.7496369238581417,0.0,0.0,0.0,0.0,0.0,-634032.0,-634032.0,714.0,714.0,0.0,0.0,714.0,0.0,0.0,714
0.0,0.0,-0.0,0.0,0.0,0.0,-0.0,0.0,0.36094485086520944,257.71462351775955,799.2,0.0,714.0,1.0,888.0,-634032.0,120,-18.598224931580077,0.0,118,-36.03648890379349,0.0,120,-48.925534142059924,0.0,118,-59.82312853951888,0.0,120,-20.649001446667576,0.0,118,-28.724794256497372,0.0,0.0,0.0,0.0,0.0,-634032.0,-634032.0,714.0,714.0,0.0,0.0,714.0,0.0,0.0,714
0.0,0.0,-0.0,0.0,0.0,0.0,-0.0,0.0,0.36094485086520944,257.71462351775955,799.2,0.0,714.0,1.0,888.0,-634032.0,120,-7.073248087751496,0.0,118,-5.83622400542917,0.0,120,-16.49572086956025,0.0,118,-4.860808543677275,0.0,120,-38.028766842032304,0.0,118,-7.279471572436478,0.0,0.0,0.0,0.0,0.0,-634032.0,-634032.0,714.0,714.0,0.0,0.0,714.0,0.0,0.0,714
0.0,0.0,-0.0,0.0,0.0,0.0,-0.0,0.0,0.36094485086520944,257.71462351775955,799.2,0.0,714.0,1.0,888.0,-634032.0,120,-49.459277851639726,0.0,118,-24.01109749867843,0.0,120,-5.760767831798734,0.0,118,-24.562846283353196,0.0,120,-7.1416409091135,0.0,118,-13.152620520615049,0.0,0.0,0.0,0.0,0.0,-634032.0,-634032.0,714.0,714.0,0.0,0.0,714.0,0.0,0.0,714
0.0,0.0,-0.0,0.0,0.0,0.0,-0.0,0.0,0.36094485086520944,257.71462351775955,799.2,0.0,714.0,1.0,888.0,-634032.0,120,-17.948459887013325,0.0,118,-50.80516682816518,0.0,120,-44.98487558392352,0.0,118,-42.378664760177394,0.0,120,-12.668099020999211,0.0,118,-21.269919615827618,0.0,0.0,0.0,0.0,0.0,-634032.0,-634032.0,714.0,714.0,0.0,0.0,714.0,0.0,0.0,714
0.0,0.0,-0.0,0.0,0.0,0.0,-0.0,0.0,0.36094485086520944,258.43651321948994,799.2,0.0,716.0,1.0,888.0,-635808.0,120,-33.490877263371516,0.0,118,-28.680688034669785,0.0,120,-29.25955160385909,0.0,120,-54.90319433070749,0.0,120,-54.33345277083002,0.0,118,-41.990188089545335,0.0,0.0,0.0,0.0,0.0,-635808.0,-635808.0,716.0,716.0,0.0,0.0,716.0,0.0,0.0,716
0.0,0.0,-0.0,0.0,0.0,0.0,-0.0,0.0,0.36094485086520944,257.71462351775955,799.2,0.0,714.0,1.0,888.0,-634032.0,118,-20.961911540864886,0.0,118,-51.33875167747158,0.0,120,-45.123119334968464,0.0,120,-7.065738519323683,0.0,120,-30.590335539732454,0.0,118,-6.989239725276266,0.0,0.0,0.0,0.0,0.0,-634032.0,-634032.0,714.0,714.0,0.0,0.0,714.0,0.0,0.0,714
0.0,0.0,-0.0,0.0,0.0,0.0,-0.0,0.0,0.36094485086520944,257.71462351775955,799.2,0.0,714.0,1.0,888.0,-634032.0,118,-3.2772906135147517,0.0,118,-59.86263591930935,0.0,120,-48.5708866496415,0.0,120,-35.77790541371583,0.0,120,-21.753014736861978,0.0,118,-47.63105909738098,0.0,0.0,0.0,0.0,0.0,-634032.0,-634032.0,714.0,714.0,0.0,0.0,714.0,0.0,0.0,714
0.0,0.0,-0.0,0.0,0.0,0.0,-0.0,0.0,0.36094485086520944,257.71462351775955,799.2,0.0,714.0,1.0,888.0,-634032.0,118,-18.584818281822805,0.0,118,-6.006045125620445,0.0,120,-18.84564551226317,0.0,120,-28.074572872214098,0.0,120,-53.71545858784905,0.0,118,-16.11277901600806,0.0,0.0,0.0,0.0,0.0,-634032.0,-634032.0,714.0,714.0,0.0,0.0,714.0,0.0,0.0,714
0.0,0.0,-0.0,0.0,0.0,0.0,-0.0,0.0,0.36094485086520944,257.71462351775955,799.2,0.0,714.0,1.0,888.0,-634032.0,118,-13.030547947796547,0.0,118,-20.216671185877935,0.0,120,-41.14728450342393,0.0,120,-43.22681253586112,0.0,120,-36.81203529964115,0.0,118,-24.776493532234362,0.0,0.0,0.0,0.0,0.0,-634032.0,-634032.0,714.0,714.0,0.0,0.0,714.0,0.0,0.0,714
0.0,0.0,-0.0,0.0,0.0,0.0,-0.0,0.0,0.36094485086520944,257.71462351775955,799.2,0.0,714.0,1.0,888.0,-634032.0,118,-7.550901902457738,0.0,118,-49.174130905297474,0.0,120,-30.065566768047127,0.0,120,-9.959913422603744,0.0,120,-34.806901610882186,0.0,118,-27.487561763715796,0.0,0.0,0.0,0.0,0.0,-634032.0,-634032.0,714.0,714.0,0.0,0.0,714.0,0.0,0.0,714
0.0,0.0,-0.0,0.0,0.0,0.0,-0.0,0.0,0.36094485086520944,257.71462351775955,799.2,0.0,714.0,1.0,888.0,-634032.0,118,-16.62239880139464,0.0,118,-14.304621097937783,0.0,120,-32.59275655803772,0.0,120,-35.5476318145558,0.0,120,-50.44094700865347,0.0,118,-51.857782681466155,0.0,0.0,0.0,0.0,0.0,-634032.0,-634032.0,714.0,714.0,0.0,0.0,714.0,0.0,0.0,714
0.0,0.0,-0.0,0.0,0.0,0.0,-0.0,0.0,0.36094485086520944,257.71462351775955,799.2,0.0,714.0,1.0,888.0,-634032.0,118,-1.7255139687059784,0.0,118,-53.149743393363224,0.0,120,-43.25280400219097,0.0,120,-9.695763718067845,0.0,120,-45.797122972581654,0.0,118,-52.206091427926694,0.0,0.0,0.0,0.0,0.0,-634032.0,-634032.0,714.0,714.0,0.0,0.0,714.0,0.0,0.0,714
0.0,0.0,-0.0,0.0,0.0,0.0,-0.0,0.0,0.36094485086520944,257.71462351775955,799.2,0.0,714.0,1.0,888.0,-634032.0,118,-24.810805816179123,0.0,118,-22.230733491280017,0.0,120,-28.045749142256156,0.0,120,-23.211707546191253,0.0,120,-54.486840393024,0.0,118,-54.05661451952653,0.0,0.0,0.0,0.0,0.0,-634032.0,-634032.0,714.0,714.0,0.0,0.0,714.0,0.0,0.0,714
0.0,0.0,-0.0,0.0,0.0,0.0,-0.0,0.0,0.36094485086520944,257.71462351775955,799.2,0.0,714.0,1.0,888.0,-634032.0,118,-58.9042692775606,0.0,118,-44.80162353863272,0.0,120,-40.93925277987852,0.0,120,-14.247878051042244,0.0,120,-46.38351286147693,0.0,118,-38.72994549757286,0.0,0.0,0.0,0.0,0.0,-634032.0,-634032.0,714.0,714.0,0.0,0.0,714.0,0.0,0.0,714
0.0,0.0,-0.0,0.0,0.0,0.0,-0.0,0.0,0.36094485086520944,257.71462351775955,799.2,0.0,714.0,1.0,888.0,-634032.0,118,-10.823884385030722,0.0,118,-15.819617827122931,0.0,120,-35.7089072635988,0.0,120,-45.10491594049343,0.0,120,-45.3681074614778,0.0,118,-30.265904513191582,0.0,0.0,0.0,0.0,0.0,-634032.0,-634032.0,714.0,714.0,0.0,0.0,714.0,0.0,0.0,714
0.0,0.0,-0.0,0.0,0.0,0.0,-0.0,0.0,0.36094485086520944,257.71462351775955,799.2,0.0,714.0,1.0,888.0,-634032.0,118,-2.125339001470068,0.0,118,-11.604051527284993,0.0,120,-35.21311294250529,0.0,120,-45.167330061415136,0.0,120,-40.14588247802134,0.0,118,-6.1872315396736655,0.0,0.0,0.0,0.0,0.0,-634032.0,-634032.0,714.0,714.0,0.0,0.0,714.0,0.0,0.0,714
0.0,0.0,-0.0,0.0,0.0,0.0,-0.0,0.0,0.36094485086520944,257.71462351775955,799.2,0.0,714.0,1.0,888.0,-634032.0,118,-37.11872193060656,0.0,118,-30.43225967069383,0.0,120,-34.46001381457599,0.0,120,-14.800140174930178,0.0,120,-45.26969086765937,0.0,118,-18.484407069858705,0.0,0.0,0.0,0.0,0.0,-634032.0,-634032.0,714.0,714.0,0.0,0.0,714.0,0.0,0.0,714
0.0,0.0,-0.0,0.0,0.0,0.0,-0.0,0.0,0.36094485086520944,257.71462351775955,799.2,0.0,714.0,1.0,888.0,-634032.0,118,-54.83113060656995,0.0,118,-58.42728333358053,0.0,120,-56.427241299023706,0.0,120,-4.6856927715830965,0.0,120,-3.6002599923406997,0.0,118,-40.62312893164695,0.0,0.0,0.0,0.0,0.0,-634032.0,-634032.0,714.0,714.0,0.0,0.0,714.0,0.0,0.0,714
0.0,0.0,-0.0,0.0,0.0,0.0,-0.0,0.0,0.36094485086520944,257.71462351775955,799.2,0.0,714.0,1.0,888.0,-634032.0,118,-52.7094820234289,0.0,118,-55.33707789086977,0.0,120,-8.33981352374818,0.0,120,-49.7819003728698,0.0,120,-56.55969279005735,0.0,118,-37.99518834476278,0.0,0.0,0.0,0.0,0.0,-634032.0,-634032.0,714.0,714.0,0.0,0.0,714.0,0.0,0.0,714
0.0,0.0,-0.0,0.0,0.0,0.0,-0.0,0.0,0.36094485086520944,257.71462351775955,799.2,0.0,714.0,1.0,888.0,-634032.0,118,-35.00128039706706,0.0,118,-21.142966580202213,0.0,120,-52.415072337329114,0.0,120,-59.67359352388308,0.0,120,-21.60335789086549,0.0,118,-32.72187265714916,0.0,0.0,0.0,0.0,0.0,-634032.0,-634032.0,714.0,714.0,0.0,0.0,714.0,0.0,0.0,714
0.0,0.0,-0.0,0.0,0.0,0.0,-0.0,0.0,0.36094485086520944,257.71462351775955,799.2,0.0,714.0,1.0,888.0,-634032.0,118,-52.74988044888631,0.0,118,-31.74565366542967,0.0,120,-29.92353224491732,0.0,120,-3.517173643431899,0.0,120,-11.814888597763842,0.0,118,-2.9845847332109288,0.0,0.0,0.0,0.0,0.0,-634032.0,-634032.0,714.0,714.0,0.0,0.0,714.0,0.0,0.0,714
102.36363294695816,0.0,-1023.6363294695816,0.0,0.0,0.0,-0.0,0.0,0.36094485086520944,220.75673120850166,799.2,0.0,611.6079248099335,1.0,888.0,-543107.8372312209,118,-49.87737800788611,0.0,118,-45.08236083359258,0.0,120,-51.727476349364636,0.0,120,-6.964514838828835,0.0,120,-43.76984443296113,0.0,118,-20.129671765422763,0.0,0.0,0.0284422431083518,0.0284422431083518,0.0,-544131.4735606905,-544131.4735606905,714.0,714.0,102.39207519006652,0.0,611.6079248099335,0.0,0.0,714
102.36363294695816,0.0,-1023.6363294695816,0.0,0.0,0.0,-0.0,0.0,0.36094485086520944,220.03484150677124,799.2,0.0,609.6079248099335,1.0,888.0,-541331.8372312209,118,-21.811512224143858,0.0,118,-5.198118331121542,0.0,120,-2.967807578950219,0.0,118,-32.14295375498491,0.0,120,-24.959951312832178,0.0,118,-56.93668558840532,0.0,0.0,0.0284422431083518,0.0284422431083518,0.0,-542355.4735606905,-542355.4735606905,712.0,712.0,102.39207519006652,0.0,609.6079248099335,0.0,0.0,712
102.36363294695816,0.0,-1023.6363294695816,0.0,0.0,0.0,-0.0,0.0,0.36094485086520944,220.03484150677124,799.2,0.0,609.6079248099335,1.0,888.0,-541331.8372312209,118,-44.955740139387856,0.0,118,-37.99813187877071,0.0,120,-14.673689322230711,0.0,118,-30.334408572940976,0.0,120,-39.7994241840012,0.0,118,-13.850041347793542,0.0,0.0,0.0284422431083518,0.0284422431083518,0.0,-542355.4735606905,-542355.4735606905,712.0,712.0,102.39207519006652,0.0,609.6079248099335,0.0,0.0,712
102.36363294695816,0.0,-1023.6363294695816,0.0,0.0,0.0,-0.0,0.0,0.36094485086520944,220.03484150677124,799.2,0.0,609.6079248099335,1.0,888.0,-541331.8372312209,118,-38.93721185720264,0.0,118,-21.910875340572666,0.0,120,-43.00430388672767,0.0,118,-16.81930373873166,0.0,120,-38.64062226093958,0.0,118,-28.31570028145918,0.0,0.0,0.0284422431083518,0.0284422431083518,0.0,-542355.4735606905,-542355.4735606905,712.0,712.0,102.39207519006652,0.0,609.6079248099335,0.0,0.0,712
102.36363294695816,0.0,-1023.6363294695816,0.0,0.0,0.0,-0.0,0.0,0.36094485086520944,220.03484150677124,799.2,0.0,609.6079248099335,1.0,888.0,-541331.8372312209,118,-27.80949618846884,0.0,118,-33.52410178059709,0.0,120,-24.931885986469354,0.0,118,-35.247555911455464,0.0,120,-57.05304693291455,0.0,118,-15.515732991486125,0.0,0.0,0.0284422431083518,0.0284422431083518,0.0,-542355.4735606905,-542355.4735606905,712.0,712.0,102.39207519006652,0.0,609.6079248099335,0.0,0.0,712
102.36363294695816,0.0,-1023.6363294695816,0.0,0.0,0.0,-0.0,0.0,0.36094485086520944,220.03484150677124,799.2,0.0,609.6079248099335,1.0,888.0,-541331.8372312209,118,-22.530312335487345,0.0,118,-44.26959940221019,0.0,120,-31.83791974558455,0.0,118,-45.092241859156346,0.0,120,-45.68052200890661,0.0,118,-34.62597883612423,0.0,0.0,0.0284422431083518,0.0284422431083518,0.0,-542355.4735606905,-542355.4735606905,712.0,712.0,102.39207519006652,0.0,609.6079248099335,0.0,0.0,712
448.4907062396834,0.0,-4484.907062396834,0.0,0.0,0.0,-0.0,0.0,0.36094485086520944,95.06734346281603,799.2,0.0,263.3846783932036,1.0,888.0,-233885.5944131648,118,-48.25880741597142,0.0,118,-25.46087410524532,0.0,120,-37.549974199568865,0.0,118,-56.68786545283758,0.0,120,-29.502328219975055,0.0,118,-30.13089447359809,0.0,0.0,0.124615367112999,0.124615367112999,0.0,-238370.50147556164,-238370.50147556164,712.0,712.0,448.6153216067964,0.0,263.3846783932036,0.0,0.0,712
448.4907062396834,0.0,-4484.907062396834,0.0,0.0,0.0,-0.0,0.0,0.36094485086520944,117.44592421645902,799.2,0.0,325.3846783932036,1.0,888.0,-288941.5944131648,118,-5.881263888766997,0.0,118,-58.81752408334285,0.0,120,-12.62676600321155,0.0,118,-44.51738642302533,0.0,120,-1.984877789799575,0.0,180,-10.522845674780124,0.0,0.0,0.124615367112999,0.124615367112999,0.0,-293426.50147556164,-293426.50147556164,774.0,774.0,448.6153216067964,0.0,325.3846783932036,0.0,0.0,774
448.4907062396834,0.0,-4484.907062396834,0.0,0.0,0.0,-0.0,0.0,0.36094485086520944,117.44592421645902,799.2,0.0,325.3846783932036,1.0,888.0,-288941.5944131648,118,-7.805794364798007,0.0,118,-44.37988876882023,0.0,120,-34.76922785402015,0.0,118,-42.0048725439867,0.0,120,-34.061382201810105,0.0,180,-27.054948645450253,0.0,0.0,0.124615367112999,0.124615367112999,0.0,-293426.50147556164,-293426.50147556164,774.0,774.0,448.6153216067964,0.0,325.3846783932036,0.0,0.0,774
448.4907062396834,0.0,-4484.907062396834,0.0,0.0,0.0,-0.0,0.0,0.36094485086520944,117.44592421645902,799.2,0.0,325.3846783932036,1.0,888.0,-288941.5944131648,118,-9.919569080538073,0.0,118,-44.10358432879198,0.0,120,-33.45061759563195,0.0,118,-42.30631377099607,0.0,120,-28.0212297436218,0.0,180,-27.314134844936838,0.0,0.0,0.124615367112999,0.124615367112999,0.0,-293426.50147556164,-293426.50147556164,774.0,774.0,448.6153216067964,0.0,325.3846783932036,0.0,0.0,774
448.4907062396834,0.0,-4484.907062396834,0.0,0.0,0.0,-0.0,0.0,0.36094485086520944,117.44592421645902,799.2,0.0,325.3846783932036,1.0,888.0,-288941.5944131648,118,-45.48720519312498,0.0,118,-23.34480570945887,0.0,120,-49.79533797137941,0.0,118,-1.014718359999267,0.0,120,-59.26045500636272,0.0,180,-25.727184991470146,0.0,0.0,0.124615367112999,0.124615367112999,0.0,-293426.50147556164,-293426.50147556164,774.0,774.0,448.6153216067964,0.0,325.3846783932036,0.0,0.0,774
448.4907062396834,0.0,-4484.907062396834,0.0,0.0,0.0,-0.0,0.0,0.36094485086520944,117.44592421645902,799.2,0.0,325.3846783932036,1.0,888.0,-288941.5944131648,118,-10.115861015387553,0.0,118,-48.228402422968266,0.0,120,-13.446357957761776,0.0,118,-32.12298953705512,0.0,120,-38.07889044731932,0.0,180,-25.456961327425645,0.0,0.0,0.124615367112999,0.124615367112999,0.0,-293426.50147556164,-293426.50147556164,774.0,774.0,448.6153216067964,0.0,325.3846783932036,0.0,0.0,774
900.5593877716018,0.0,-9005.593877716017,126.80961266400845,0.0,0.0,-0.0,0.0,0.36094485086520944,0.0,799.2,0.0,0.0,1.0,888.0,-0.0,118,-16.74519172056153,0.0,118,-50.41193531436695,0.0,120,-41.77104722556092,0.0,118,-25.756162737744308,0.0,120,-52.68530869003431,0.0,180,-25.402237725321527,0.0,0.0,0.250224892406669,0.250224892406669,0.0,-9005.593877716017,-9005.593877716017,900.8096126640085,900.8096126640085,900.8096126640085,0.0,0.0,126.80961266400845,0.0,774
900.5593877716018,0.0,-9005.593877716017,126.80961266400845,114.12865139760761,0.0,-0.0,0.0027665539814706232,0.36094485086520944,0.0,799.2,0.0,0.0,1.0,888.0,-0.0,118,-26.707773710803036,0.0,118,-39.42140829887718,0.0,120,-36.211431302380014,0.0,118,-57.869270378016324,0.0,120,-47.1408171761381,0.0,180,-58.4344348970181,0.0,0.0,0.250224892406669,0.250224892406669,0.0,-9005.593877716017,-9005.593877716017,900.8096126640085,900.8096126640085,900.8096126640085,0.0,0.0,126.80961266400845,0.0,774
900.5593877716018,0.0,-9005.593877716017,126.80961266400845,228.25730279521522,0.0,-0.0,0.0055331079629412465,0.36094485086520944,0.0,799.2,0.0,0.0,1.0,888.0,-0.0,118,-49.60610616307764,0.0,118,-18.61763350328455,0.0,120,-47.13942822772807,0.0,118,-20.274566972875625,0.0,120,-22.43921337350384,0.0,180,-39.24806670705624,0.0,0.0,0.250224892406669,0.250224892406669,0.0,-9005.593877716017,-9005.593877716017,900.8096126640085,900.8096126640085,900.8096126640085,0.0,0.0,126.80961266400845,0.0,774
900.5593877716018,0.0,-9005.593877716017,64.80961266400845,342.38595419282285,0.0,-0.0,0.00829966194441187,0.36094485086520944,0.0,799.2,0.0,0.0,1.0,888.0,-0.0,118,-42.25686394546835,0.0,180,-34.672534173211126,0.0,120,-23.442343088127064,0.0,118,-2.5011977649896022,0.0,120,-30.580114011606916,0.0,180,-30.91952084071717,0.0,0.0,0.250224892406669,0.250224892406669,0.0,-9005.593877716017,-9005.593877716017,900.8096126640085,900.8096126640085,900.8096126640085,0.0,0.0,64.80961266400845,0.0,836
900.5593877716018,0.0,-9005.593877716017,64.80961266400845,400.71460559043044,0.0,-0.0,0.009713587026166108,0.36094485086520944,0.0,799.2,0.0,0.0,1.0,888.0,-0.0,118,-37.93202275268603,0.0,180,-7.294308238052731,0.0,120,-18.461865251326405,0.0,118,-48.256810200271076,0.0,120,-6.725625796248506,0.0,180,-33.27951303319644,0.0,0.0,0.250224892406669,0.250224892406669,0.0,-9005.593877716017,-9005.593877716017,900.8096126640085,900.8096126640085,900.8096126640085,0.0,0.0,64.80961266400845,0.0,836
900.5593877716018,0.0,-9005.593877716017,64.80961266400845,459.043256988038,0.0,-0.0,0.011127512107920345,0.36094485086520944,0.0,799.2,0.0,0.0,1.0,888.0,-0.0,118,-35.853992238535696,0.0,180,-33.11889784295912,0.0,120,-39.45356722941358,0.0,118,-10.23566445054499,0.0,120,-47.33417899527586,0.0,180,-29.821754649488472,0.0,0.0,0.250224892406669,0.250224892406669,0.0,-9005.593877716017,-9005.593877716017,900.8096126640085,900.8096126640085,900.8096126640085,0.0,0.0,64.80961266400845,0.0,836
1196.3441680549327,0.0,-11963.441680549327,360.67657821554803,517.3719083856456,0.0,-0.0,0.012541437189674584,0.36094485086520944,0.0,799.2,0.0,0.0,1.0,888.0,-0.0,118,-31.313577229786105,0.0,180,-19.921374942672553,0.0,120,-7.749002053759608,0.0,118,-56.14548780009373,0.0,120,-54.5719359548089,0.0,180,-25.415362664796184,0.0,0.0,0.33241016061543,0.33241016061543,0.0,-11963.441680549327,-11963.441680549327,1196.676578215548,1196.676578215548,1196.676578215548,0.0,0.0,360.67657821554803,0.0,836
1196.3441680549327,0.0,-11963.441680549327,360.67657821554803,841.9808287796388,0.0,-0.0,0.020410172079112762,0.36094485086520944,0.0,799.2,0.0,0.0,1.0,888.0,-0.0,118,-17.96918336742562,0.0,180,-52.18486103695933,0.0,120,-9.582700765223919,0.0,118,-57.3987837361325,0.0,120,-55.64296696425317,0.0,180,-26.70462216778129,0.0,0.0,0.33241016061543,0.33241016061543,0.0,-11963.441680549327,-11963.441680549327,1196.676578215548,1196.676578215548,1196.676578215548,0.0,0.0,360.67657821554803,0.0,836
1196.3441680549327,0.0,-11963.441680549327,360.67657821554803,1166.589749173632,0.0,-0.0,0.028278906968550944,0.36094485086520944,0.0,799.2,0.0,0.0,1.0,888.0,-0.0,118,-2.756459944230718,0.0,180,-0.7092933802097212,0.0,120,-39.08415361371293,0.0,118,-30.580287760562747,0.0,120,-41.48340096689196,0.0,180,-38.25499713755772,0.0,0.0,0.33241016061543,0.33241016061543,0.0,-11963.441680549327,-11963.441680549327,1196.676578215548,1196.676578215548,1196.676578215548,0.0,0.0,360.67657821554803,0.0,836
1196.3441680549327,0.0,-11963.441680549327,360.67657821554803,1491.1986695676253,0.0,-0.0,0.036147641857989125,0.36094485086520944,0.0,799.2,0.0,0.0,1.0,888.0,-0.0,118,-37.51313118718373,0.0,180,-17.367972015917708,0.0,120,-2.961671811436295,0.0,118,-46.11680099907648,0.0,120,-46.619246721039374,0.0,180,-53.3744253754181,0.0,0.0,0.33241016061543,0.33241016061543,0.0,-11963.441680549327,-11963.441680549327,1196.676578215548,1196.676578215548,1196.676578215548,0.0,0.0,360.67657821554803,0.0,836
1196.3441680549327,0.0,-11963.441680549327,360.67657821554803,1815.8075899616185,0.0,-0.0,0.044016376747427303,0.36094485086520944,0.0,799.2,0.0,0.0,1.0,888.0,-0.0,118,-8.778715787285464,0.0,180,-37.956086783997364,0.0,120,-4.243123136612592,0.0,118,-43.30319443440644,0.0,120,-57.80359976378257,0.0,180,-3.6632049058061322,0.0,0.0,0.33241016061543,0.33241016061543,0.0,-11963.441680549327,-11963.441680549327,1196.676578215548,1196.676578215548,1196.676578215548,0.0,0.0,360.67657821554803,0.0,836
1196.3441680549327,0.0,-11963.441680549327,360.67657821554803,2140.4165103556115,0.0,-0.0,0.051885111636865475,0.36094485086520944,0.0,799.2,0.0,0.0,1.0,888.0,-0.0,118,-42.52001138114734,0.0,180,-27.30546648283318,0.0,120,-45.84403521757399,0.0,118,-27.454367167902195,0.0,120,-44.69568744411202,0.0,180,-25.88696204664451,0.0,0.0,0.33241016061543,0.33241016061543,0.0,-11963.441680549327,-11963.441680549327,1196.676578215548,1196.676578215548,1196.676578215548,0.0,0.0,360.67657821554803,0.0,836
1357.257006629518,0.0,-13572.570066295179,521.6341272204124,2465.0254307496048,0.0,-0.0,0.05975384652630366,0.36094485086520944,0.0,799.2,0.0,0.0,1.0,888.0,-0.0,118,-44.60651177282804,0.0,180,-23.049577434280184,0.0,120,-12.293749019032935,0.0,118,-54.43148770101308,0.0,120,-15.84731382460064,0.0,180,-23.97962086970781,0.0,0.0,0.377120590894559,0.377120590894559,0.0,-13572.570066295179,-13572.570066295179,1357.6341272204124,1357.6341272204124,1357.6341272204124,0.0,0.0,521.6341272204124,0.0,836
1357.257006629518,0.0,-13572.570066295179,519.6341272204124,2934.496145247976,0.0,-0.0,0.07113412709979822,0.36094485086520944,0.0,799.2,0.0,0.0,1.0,888.0,-0.0,118,-24.5372536781426,0.0,180,-59.170996100918124,0.0,120,-38.35959042789356,0.0,120,-43.222322053212594,0.0,120,-26.7073923813551,0.0,180,-55.14788173157041,0.0,0.0,0.377120590894559,0.377120590894559,0.0,-13572.570066295179,-13572.570066295179,1357.6341272204124,1357.6341272204124,1357.6341272204124,0.0,0.0,519.6341272204124,0.0,838
1357.257006629518,0.0,-13572.570066295179,521.6341272204124,3402.166859746347,0.0,-0.0,0.08247077448297935,0.36094485086520944,0.0,799.2,0.0,0.0,1.0,888.0,-0.0,118,-43.510224396851626,0.0,180,-21.684719332840796,0.0,120,-9.308409174682964,0.0,120,-49.60842767100255,0.0,118,-29.809355234707816,0.0,180,-24.848678921283927,0.0,0.0,0.377120590894559,0.377120590894559,0.0,-13572.570066295179,-13572.570066295179,1357.6341272204124,1357.6341272204124,1357.6341272204124,0.0,0.0,521.6341272204124,0.0,836
1357.257006629518,0.0,-13572.570066295179,521.6341272204124,3871.6375742447185,0.0,-0.0,0.09385105505647391,0.36094485086520944,0.0,799.2,0.0,0.0,1.0,888.0,-0.0,118,-29.24677530287393,0.0,180,-15.472785385758762,0.0,120,-42.62824713448487,0.0,120,-19.60082764210654,0.0,118,-13.981068725200142,0.0,180,-10.804454435078917,0.0,0.0,0.377120590894559,0.377120590894559,0.0,-13572.570066295179,-13572.570066295179,1357.6341272204124,1357.6341272204124,1357.6341272204124,0.0,0.0,521.6341272204124,0.0,836
1357.257006629518,0.0,-13572.570066295179,583.6341272204124,4341.108288743089,0.0,-0.0,0.10523133562996848,0.36094485086520944,0.0,799.2,0.0,0.0,1.0,888.0,-0.0,118,-14.292572152799144,0.0,180,-49.17314270744643,0.0,120,-46.8771566511475,0.0,120,-13.775470780060704,0.0,118,-20.045004339620686,0.0,118,-46.78131076365942,0.0,0.0,0.377120590894559,0.377120590894559,0.0,-13572.570066295179,-13572.570066295179,1357.6341272204124,1357.6341272204124,1357.6341272204124,0.0,0.0,583.6341272204124,0.0,774
1357.257006629518,0.0,-13572.570066295179,583.6341272204124,4866.379003241461,0.0,-0.0,0.11796424510317943,0.36094485086520944,0.0,799.2,0.0,0.0,1.0,888.0,-0.0,118,-52.47162200899146,0.0,180,-0.7651260990420239,0.0,120,-17.33088576995594,0.0,120,-30.899291015547355,0.0,118,-14.944766756638813,0.0,118,-55.557378126830976,0.0,0.0,0.377120590894559,0.377120590894559,0.0,-13572.570066295179,-13572.570066295179,1357.6341272204124,1357.6341272204124,1357.6341272204124,0.0,0.0,583.6341272204124,0.0,774
1314.24339969177,0.0,-13142.4339969177,540.6085687386419,5391.649717739832,0.0,-0.0,0.1306971545763904,0.36094485086520944,0.0,799.2,0.0,0.0,1.0,888.0,-0.0,118,-15.808755222649715,0.0,180,-34.03860676895422,0.0,120,-59.008041962702386,0.0,120,-3.27237338701841,0.0,118,-16.29653155563602,0.0,118,-36.64076090515472,0.0,0.0,0.365169046871845,0.365169046871845,0.0,-13142.4339969177,-13142.4339969177,1314.608568738642,1314.608568738642,1314.608568738642,0.0,0.0,540.6085687386419,0.0,774
1314.24339969177,0.0,-13142.4339969177,540.6085687386419,5878.19742960461,0.0,-0.0,0.14249139285881293,0.36094485086520944,0.0,799.2,0.0,0.0,1.0,888.0,-0.0,118,-1.3669367101546714,0.0,180,-6.634283103588821,0.0,120,-59.68727804668232,0.0,120,-50.69760986811405,0.0,118,-18.871679961605434,0.0,118,-51.7611225203267,0.0,0.0,0.365169046871845,0.365169046871845,0.0,-13142.4339969177,-13142.4339969177,1314.608568738642,1314.608568738642,1314.608568738642,0.0,0.0,540.6085687386419,0.0,774
1314.24339969177,0.0,-13142.4339969177,540.6085687386419,6364.745141469388,0.0,-0.0,0.1542856311412355,0.36094485086520944,0.0,799.2,0.0,0.0,1.0,888.0,-0.0,118,-43.97990247362634,0.0,180,-45.82227382562783,0.0,120,-11.309839765519369,0.0,120,-28.409014631217307,0.0,118,-0.22085983278925747,0.0,118,-42.14032567283043,0.0,0.0,0.365169046871845,0.365169046871845,0.0,-13142.4339969177,-13142.4339969177,1314.608568738642,1314.608568738642,1314.608568738642,0.0,0.0,540.6085687386419,0.0,774
1314.24339969177,0.0,-13142.4339969177,540.6085687386419,6851.292853334166,0.0,-0.0,0.16607986942365804,0.36094485086520944,0.0,799.2,0.0,0.0,1.0,888.0,-0.0,118,-5.51555152351982,0.0,180,-26.85038501719269,0.0,120,-26.48392772057343,0.0,120,-40.83059024079614,0.0,118,-42.184390151556975,0.0,118,-10.128988107663515,0.0,0.0,0.365169046871845,0.365169046871845,0.0,-13142.4339969177,-13142.4339969177,1314.608568738642,1314.608568738642,1314.608568738642,0.0,0.0,540.6085687386419,0.0,774
1314.24339969177,0.0,-13142.4339969177,540.6085687386419,7337.840565198943,0.0,-0.0,0.17787410770608061,0.36094485086520944,0.0,799.2,0.0,0.0,1.0,888.0,-0.0,118,-34.81756765781812,0.0,180,-5.147156964072465,0.0,120,-58.168579380257604,0.0,120,-49.52774853176546,0.0,118,-42.43611068752858,0.0,118,-53.14162330771752,0.0,0.0,0.365169046871845,0.365169046871845,0.0,-13142.4339969177,-13142.4339969177,1314.608568738642,1314.608568738642,1314.608568738642,0.0,0.0,540.6085687386419,0.0,774
1314.24339969177,0.0,-13142.4339969177,540.6085687386419,7824.388277063721,0.0,-0.0,0.18966834598850316,0.36094485086520944,0.0,799.2,0.0,0.0,1.0,888.0,-0.0,118,-5.182987172469651,0.0,180,-54.422424876831506,0.0,120,-51.17654668108049,0.0,120,-10.722366805127217,0.0,118,-56.584274959621986,0.0,118,-30.94159197723681,0.0,0.0,0.365169046871845,0.365169046871845,0.0,-13142.4339969177,-13142.4339969177,1314.608568738642,1314.608568738642,1314.608568738642,0.0,0.0,540.6085687386419,0.0,774
1072.6136983949405,0.0,-10726.136983949404,298.9117294308935,8310.935988928499,0.0,-0.0,0.20146258427092573,0.36094485086520944,0.0,799.2,0.0,0.0,1.0,888.0,-0.0,118,-6.288572504340548,0.0,180,-39.79310541705849,0.0,120,-45.4868310129884,0.0,120,-10.940048904118063,0.0,118,-45.325161828836265,0.0,118,-7.284538965830503,0.0,0.0,0.298031035953026,0.298031035953026,0.0,-10726.136983949404,-10726.136983949404,1072.9117294308935,1072.9117294308935,1072.9117294308935,0.0,0.0,298.9117294308935,0.0,774
1072.6136983949405,0.0,-10726.136983949404,298.9117294308935,8579.956545416302,0.0,-0.0,0.2079838204595133,0.36094485086520944,0.0,799.2,0.0,0.0,1.0,888.0,-0.0,118,-31.305107807959867,0.0,180,-43.09956615865332,0.0,120,-58.695671764393836,0.0,120,-36.271835653552124,0.0,118,-9.31757871114729,0.0,118,-48.3150650330346,0.0,0.0,0.298031035953026,0.298031035953026,0.0,-10726.136983949404,-10726.136983949404,1072.9117294308935,1072.9117294308935,1072.9117294308935,0.0,0.0,298.9117294308935,0.0,774
1072.6136983949405,0.0,-10726.136983949404,298.9117294308935,8848.977101904105,0.0,-0.0,0.21450505664810088,0.36094485086520944,0.0,799.2,0.0,0.0,1.0,888.0,-0.0,118,-13.400490707251656,0.0,180,-31.447005385294084,0.0,120,-17.463156851955606,0.0,120,-38.62294664026844,0.0,118,-57.105397502838834,0.0,118,-30.146616833917022,0.0,0.0,0.298031035953026,0.298031035953026,0.0,-10726.136983949404,-10726.136983949404,1072.9117294308935,1072.9117294308935,1072.9117294308935,0.0,0.0,298.9117294308935,0.0,774
1072.6136983949405,0.0,-10726.136983949404,298.9117294308935,9117.997658391909,0.0,-0.0,0.22102629283668845,0.36094485086520944,0.0,799.2,0.0,0.0,1.0,888.0,-0.0,118,-7.440718483026947,0.0,180,-17.840357095068317,0.0,120,-19.882076720406715,0.0,120,-7.757886773595972,0.0,118,-54.17058409735712,0.0,118,-8.849290144725757,0.0,0.0,0.298031035953026,0.298031035953026,0.0,-10726.136983949404,-10726.136983949404,1072.9117294308935,1072.9117294308935,1072.9117294308935,0.0,0.0,298.9117294308935,0.0,774
1072.6136983949405,0.0,-10726.136983949404,298.9117294308935,9387.018214879712,0.0,-0.0,0.22754752902527603,0.36094485086520944,0.0,799.2,0.0,0.0,1.0,888.0,-0.0,118,-38.874386127556676,0.0,180,-51.95820573400185,0.0,120,-35.62392697346339,0.0,120,-48.25467347984018,0.0,118,-52.66570124491104,0.0,118,-48.38542974760976,0.0,0.0,0.298031035953026,0.298031035953026,0.0,-10726.136983949404,-10726.136983949404,1072.9117294308935,1072.9117294308935,1072.9117294308935,0.0,0.0,298.9117294308935,0.0,774
1072.6136983949405,0.0,-10726.136983949404,360.9117294308935,9656.038771367515,0.0,-0.0,0.2340687652138636,0.36094485086520944,0.0,799.2,0.0,0.0,1.0,888.0,-0.0,118,-27.616594723436872,0.0,118,-4.1176636260050685,0.0,120,-26.599444967225367,0.0,120,-24.928571014412817,0.0,118,-37.70859793927139,0.0,118,-27.076424584212937,0.0,0.0,0.298031035953026,0.298031035953026,0.0,-10726.136983949404,-10726.136983949404,1072.9117294308935,1072.9117294308935,1072.9117294308935,0.0,0.0,360.9117294308935,0.0,712
686.9960601473362,0.0,-6869.960601473362,0.0,9980.85932785532,24.81305459005,-0.0,0.2419426303021676,0.36094485086520944,0.0,799.2,0.0,0.0,1.0,888.0,-0.0,118,-17.44403919858429,0.0,118,-49.52970188055793,0.0,120,-20.627466886058688,0.0,120,-25.717822849294674,0.0,118,-30.306863030713973,0.0,118,-2.655229792677394,0.0,0.0,0.190885262613875,0.190885262613875,0.0,-6869.960601473362,-6869.960601473362,712.0,712.0,687.18694540995,0.0,24.81305459005,0.0,0.0,712
686.9960601473362,0.0,-6869.960601473362,0.0,9953.289267199709,24.81305459005,-0.0,0.24127431380020142,0.36094485086520944,0.0,799.2,0.0,0.0,1.0,888.0,-0.0,118,-7.793023458804913,0.0,118,-43.46250314926066,0.0,120,-50.37299133954644,0.0,120,-18.075250583241584,0.0,118,-43.20263497965026,0.0,118,-23.32236307562016,0.0,0.0,0.190885262613875,0.190885262613875,0.0,-6869.960601473362,-6869.960601473362,712.0,712.0,687.18694540995,0.0,24.81305459005,0.0,0.0,712
686.9960601473362,0.0,-6869.960601473362,0.0,9925.719206544098,24.81305459005,-0.0,0.24060599729823523,0.36094485086520944,0.0,799.2,0.0,0.0,1.0,888.0,-0.0,118,-52.295000257034204,0.0,118,-5.685415503585817,0.0,120,-30.04861854313087,0.0,120,-42.22835338520103,0.0,118,-46.5663116704405,0.0,118,-7.447413969557186,0.0,0.0,0.190885262613875,0.190885262613875,0.0,-6869.960601473362,-6869.960601473362,712.0,712.0,687.18694540995,0.0,24.81305459005,0.0,0.0,712
686.9960601473362,0.0,-6869.960601473362,0.0,9898.149145888487,24.81305459005,-0.0,0.23993768079626904,0.36094485086520944,0.0,799.2,0.0,0.0,1.0,888.0,-0.0,118,-11.17383141041114,0.0,118,-49.48624929118182,0.0,120,-14.407105261109907,0.0,120,-24.520384761280972,0.0,118,-45.440723779273874,0.0,118,-28.408222096318937,0.0,0.0,0.190885262613875,0.190885262613875,0.0,-6869.960601473362,-6869.960601473362,712.0,712.0,687.18694540995,0.0,24.81305459005,0.0,0.0,712
686.9960601473362,0.0,-6869.960601473362,0.0,9870.579085232876,26.81305459005,-0.0,0.23926936429430284,0.36094485086520944,0.0,799.2,0.0,0.0,1.0,888.0,-0.0,120,-57.37804637630755,0.0,118,-6.3938759042844655,0.0,120,-12.275964719528217,0.0,120,-41.668387546418046,0.0,118,-24.56002668620633,0.0,118,-6.452303963591312,0.0,0.0,0.190885262613875,0.190885262613875,0.0,-6869.960601473362,-6869.960601473362,714.0,714.0,687.18694540995,0.0,26.81305459005,0.0,0.0,714
686.9960601473362,0.0,-6869.960601473362,0.0,9840.786802355042,24.81305459005,-0.0,0.23854717965614725,0.36094485086520944,0.0,799.2,0.0,0.0,1.0,888.0,-0.0,118,-21.353426288578156,0.0,118,-35.43024306374178,0.0,120,-56.45606151917943,0.0,120,-10.234833590019816,0.0,118,-33.275463388715586,0.0,118,-15.048390497795221,0.0,0.0,0.190885262613875,0.190885262613875,0.0,-6869.960601473362,-6869.960601473362,712.0,712.0,687.18694540995,0.0,24.81305459005,0.0,0.0,712
239.46036975188267,0.0,-2394.6036975188267,0.0,9813.21674169943,472.4730949967275,-0.0,0.23787886315418105,0.36094485086520944,0.0,799.2,0.0,0.0,1.0,888.0,-0.0,118,-0.9363144718009964,0.0,118,-12.978122322721802,0.0,120,-29.252157262863662,0.0,120,-9.615436072965377,0.0,118,-8.308024386465112,0.0,118,-14.318365839060581,0.0,0.0,0.0665352513897979,0.0665352513897979,0.0,-2394.6036975188267,-2394.6036975188267,712.0,712.0,239.52690500327247,0.0,472.4730949967275,0.0,0.0,712
239.46036975188267,0.0,-2394.6036975188267,0.0,9288.24663614751,472.4730949967275,-0.0,0.22515324064062034,0.36094485086520944,0.0,799.2,0.0,0.0,1.0,888.0,-0.0,118,-39.81185463540035,0.0,118,-37.950915722528045,0.0,120,-56.65414322514008,0.0,120,-59.35738503864174,0.0,118,-21.101358471383065,0.0,118,-47.9198866064243,0.0,0.0,0.0665352513897979,0.0665352513897979,0.0,-2394.6036975188267,-2394.6036975188267,712.0,712.0,239.52690500327247,0.0,472.4730949967275,0.0,0.0,712
239.46036975188267,0.0,-2394.6036975188267,0.0,8763.27653059559,472.4730949967275,-0.0,0.21242761812705963,0.36094485086520944,0.0,799.2,0.0,0.0,1.0,888.0,-0.0,118,-56.9713929721817,0.0,118,-12.737505917858655,0.0,120,-21.50057114414692,0.0,120,-11.96408438349901,0.0,118,-54.95564265837571,0.0,118,-14.011634278359118,0.0,0.0,0.0665352513897979,0.0665352513897979,0.0,-2394.6036975188267,-2394.6036975188267,712.0,712.0,239.52690500327247,0.0,472.4730949967275,0.0,0.0,712
239.46036975188267,0.0,-2394.6036975188267,0.0,8238.306425043671,472.4730949967275,-0.0,0.1997019956134989,0.36094485086520944,0.0,799.2,0.0,0.0,1.0,888.0,-0.0,118,-13.452501553085646,0.0,118,-13.807203702017013,0.0,120,-22.94384426768179,0.0,120,-12.134824349574425,0.0,118,-54.22733510218794,0.0,118,-36.46117213254572,0.0,0.0,0.0665352513897979,0.0665352513897979,0.0,-2394.6036975188267,-2394.6036975188267,712.0,712.0,239.52690500327247,0.0,472.4730949967275,0.0,0.0,712
239.46036975188267,0.0,-2394.6036975188267,0.0,7713.336319491751,472.4730949967275,-0.0,0.18697637309993823,0.36094485086520944,0.0,799.2,0.0,0.0,1.0,888.0,-0.0,118,-0.5026750666083446,0.0,118,-31.26102178010376,0.0,120,-20.110608113376326,0.0,120,-53.1103238023775,0.0,118,-23.099626208201467,0.0,118,-45.23077813793015,0.0,0.0,0.0665352513897979,0.0665352513897979,0.0,-2394.6036975188267,-2394.6036975188267,712.0,712.0,239.52690500327247,0.0,472.4730949967275,0.0,0.0,712
239.46036975188267,0.0,-2394.6036975188267,0.0,7188.366213939831,472.4730949967275,-0.0,0.1742507505863775,0.36094485086520944,0.0,799.2,0.0,0.0,1.0,888.0,-0.0,118,-46.96106872510383,0.0,118,-53.86563969637408,0.0,120,-35.98697002898122,0.0,120,-4.66106047283013,0.0,118,-14.28118782264892,0.0,118,-55.969047056244975,0.0,0.0,0.0665352513897979,0.0665352513897979,0.0,-2394.6036975188267,-2394.6036975188267,712.0,712.0,239.52690500327247,0.0,472.4730949967275,0.0,0.0,712
0.0,0.0,-0.0,0.0,6663.396108387911,712.0,-0.0,0.1615251280728168,0.36094485086520944,0.0,799.2,0.0,0.0,1.0,888.0,-0.0,118,-44.227391300513524,0.0,118,-12.30463685854389,0.0,120,-0.46605285892701076,0.0,120,-46.25365034199124,0.0,118,-38.22062033705985,0.0,118,-3.164127288763481,0.0,0.0,0.0,0.0,0.0,0.0,0.0,712.0,712.0,0.0,0.0,712.0,0.0,0.0,712
0.0,0.0,-0.0,0.0,5872.2849972768,712.0,-0.0,0.1423480715893826,0.36094485086520944,0.0,799.2,0.0,0.0,1.0,888.0,-0.0,118,-4.025360501160873,0.0,118,-8.93282245331195,0.0,120,-3.1894282321897505,0.0,120,-44.122936765770014,0.0,118,-19.86244151789734,0.0,118,-4.860467119599305,0.0,0.0,0.0,0.0,0.0,0.0,0.0,712.0,712.0,0.0,0.0,712.0,0.0,0.0,712
0.0,0.0,-0.0,0.0,5081.173886165689,712.0,-0.0,0.12317101510594838,0.36094485086520944,0.0,799.2,0.0,0.0,1.0,888.0,-0.0,118,-11.616159734426365,0.0,118,-24.45752652130765,0.0,120,-56.4490473291021,0.0,120,-32.51964200413092,0.0,118,-43.476279337564215,0.0,118,-21.41207910630432,0.0,0.0,0.0,0.0,0.0,0.0,0.0,712.0,712.0,0.0,0.0,712.0,0.0,0.0,712
0.0,0.0,-0.0,0.0,4290.062775054577,712.0,-0.0,0.10399395862251418,0.36094485086520944,0.0,799.2,0.0,0.0,1.0,888.0,-0.0,118,-8.84897792678499,0.0,118,-53.29148064404647,0.0,120,-20.116868903175547,0.0,120,-10.21264447838875,0.0,118,-42.43966782862959,0.0,118,-35.605389350419884,0.0,0.0,0.0,0.0,0.0,0.0,0.0,712.0,712.0,0.0,0.0,712.0,0.0,0.0,712
0.0,0.0,-0.0,0.0,3498.951663943466,712.0,-0.0,0.08481690213907997,0.36094485086520944,0.0,799.2,0.0,0.0,1.0,888.0,-0.0,118,-7.409471615186947,0.0,118,-52.946923810538166,0.0,120,-19.462584268481663,0.0,120,-48.46153530577806,0.0,118,-20.394959690777334,0.0,118,-2.023527338361062,0.0,0.0,0.0,0.0,0.0,0.0,0.0,712.0,712.0,0.0,0.0,712.0,0.0,0.0,712
0.0,0.0,-0.0,0.0,2707.8405528323547,712.0,-0.0,0.06563984565564576,0.36094485086520944,0.0,799.2,0.0,0.0,1.0,888.0,-0.0,118,-20.08779831316547,0.0,118,-23.609511333383626,0.0,120,-54.401957487417995,0.0,120,-52.3510396160538,0.0,118,-13.652201933928028,0.0,118,-35.981674086930525,0.0,0.0,0.0,0.0,0.0,0.0,0.0,712.0,712.0,0.0,0.0,712.0,0.0,0.0,712
0.0,0.0,-0.0,0.0,1916.7294417212436,714.0,-0.0,0.04646278917221156,0.36094485086520944,0.0,799.2,0.0,0.0,1.0,888.0,-0.0,120,-10.527369805078113,0.0,118,-36.55098100039241,0.0,120,-17.560486175349016,0.0,120,-35.14846368422007,0.0,118,-44.183392398529655,0.0,118,-3.011963552110968,0.0,0.0,0.0,0.0,0.0,0.0,0.0,714.0,714.0,0.0,0.0,714.0,0.0,0.0,714
0.0,0.0,-0.0,0.0,1123.3961083879103,714.0,-0.0,0.027231864552587942,0.36094485086520944,0.0,799.2,0.0,0.0,1.0,888.0,-0.0,120,-54.28199747898469,0.0,118,-45.51656623947593,0.0,120,-22.727792075743036,0.0,120,-45.095424001909095,0.0,118,-54.72834874303148,0.0,118,-38.091691146062225,0.0,0.0,0.0,0.0,0.0,0.0,0.0,714.0,714.0,0.0,0.0,714.0,0.0,0.0,714
0.0,0.0,-0.0,0.0,330.06277505457706,297.05649754911934,-0.0,0.008000939932964319,0.36094485086520944,150.4936103113512,799.2,0.0,416.94350245088066,1.0,888.0,-370245.83017638203,120,-44.009803726401046,0.0,118,-39.80195909983872,0.0,120,-38.41103336080986,0.0,120,-38.95846862496295,0.0,118,-41.005463542097935,0.0,118,-11.821333528151294,0.0,0.0,0.0,0.0,0.0,-370245.83017638203,-370245.83017638203,714.0,714.0,0.0,0.0,714.0,0.0,0.0,714
0.0,0.0,-0.0,0.0,0.0,0.0,-0.0,0.0,0.36094485086520944,257.71462351775955,799.2,0.0,714.0,1.0,888.0,-634032.0,120,-54.382145580649556,0.0,118,-12.871359062548422,0.0,120,-31.61592827702583,0.0,120,-35.339842116554514,0.0,118,-7.896271390034415,0.0,118,-25.161037720582932,0.0,0.0,0.0,0.0,0.0,-634032.0,-634032.0,714.0,714.0,0.0,0.0,714.0,0.0,0.0,714
0.0,0.0,-0.0,0.0,0.0,0.0,-0.0,0.0,0.36094485086520944,257.71462351775955,799.2,0.0,714.0,1.0,888.0,-634032.0,120,-5.7106796612953215,0.0,118,-38.264001573498255,0.0,120,-31.468797228182556,0.0,120,-45.591551728253435,0.0,118,-28.012536141097623,0.0,118,-5.918330523306232,0.0,0.0,0.0,0.0,0.0,-634032.0,-634032.0,714.0,714.0,0.0,0.0,714.0,0.0,0.0,714
0.0,0.0,-0.0,0.0,0.0,0.0,-0.0,0.0,0.36094485086520944,257.71462351775955,799.2,0.0,714.0,1.0,888.0,-634032.0,120,-11.673798220408418,0.0,118,-8.216557145916576,0.0,120,-48.95514681320631,0.0,120,-56.554681020467136,0.0,118,-49.965708532309456,0.0,118,-34.22639484593301,0.0,0.0,0.0,0.0,0.0,-634032.0,-634032.0,714.0,714.0,0.0,0.0,714.0,0.0,0.0,714
0.0,0.0,-0.0,0.0,0.0,0.0,-0.0,0.0,0.36094485086520944,257.71462351775955,799.2,0.0,714.0,1.0,888.0,-634032.0,120,-47.478899805046595,0.0,118,-5.775285684370337,0.0,120,-34.80014306543365,0.0,120,-6.257077438941369,0.0,118,-29.842379588373657,0.0,118,-13.198123847727938,0.0,0.0,0.0,0.0,0.0,-634032.0,-634032.0,714.0,714.0,0.0,0.0,714.0,0.0,0.0,714
0.0,0.0,-0.0,0.0,0.0,0.0,-0.0,0.0,0.36094485086520944,257.71462351775955,799.2,0.0,714.0,1.0,888.0,-634032.0,120,-19.957493153652834,0.0,118,-20.70247175067214,0.0,120,-11.794797316207543,0.0,120,-20.884555337838613,0.0,118,-34.92743181397225,0.0,118,-33.14514334661677,0.0,0.0,0.0,0.0,0.0,-634032.0,-634032.0,714.0,714.0,0.0,0.0,714.0,0.0,0.0,714
0.0,0.0,-0.0,0.0,0.0,0.0,-0.0,0.0,0.36094485086520944,257.71462351775955,799.2,0.0,714.0,1.0,888.0,-634032.0,120,-47.0814269657728,0.0,118,-27.531161588298655,0.0,120,-16.372671617180593,0.0,120,-21.365854329945535,0.0,118,-35.3125425543631,0.0,118,-4.4005116160434055,0.0,0.0,0.0,0.0,0.0,-634032.0,-634032.0,714.0,714.0,0.0,0.0,714.0,0.0,0.0,714
0.0,0.0,-0.0,0.0,0.0,0.0,-0.0,0.0,0.36094485086520944,257.71462351775955,799.2,0.0,714.0,1.0,888.0,-634032.0,120,-46.097420212539824,0.0,118,-49.47111744727,0.0,120,-43.5137032922303,0.0,120,-59.12946261436607,0.0,118,-58.67580794366002,0.0,118,-9.153478455017384,0.0,0.0,0.0,0.0,0.0,-634032.0,-634032.0,714.0,714.0,0.0,0.0,714.0,0.0,0.0,714
0.0,0.0,-0.0,0.0,0.0,0.0,-0.0,0.0,0.36094485086520944,257.71462351775955,799.2,0.0,714.0,1.0,888.0,-634032.0,120,-19.632180917839705,0.0,118,-42.28745374435764,0.0,120,-50.33701504499972,0.0,120,-23.038230731737595,0.0,118,-35.61272863689345,0.0,118,-17.599113963349424,0.0,0.0,0.0,0.0,0.0,-634032.0,-634032.0,714.0,714.0,0.0,0.0,714.0,0.0,0.0,714
0.0,0.0,-0.0,0.0,0.0,0.0,-0.0,0.0,0.36094485086520944,257.71462351775955,799.2,0.0,714.0,1.0,888.0,-634032.0,120,-34.237581763347066,0.0,118,-13.965189534395673,0.0,120,-39.729509464636756,0.0,120,-7.136409151164942,0.0,118,-32.5536615486569,0.0,118,-0.1374508292471588,0.0,0.0,0.0,0.0,0.0,-634032.0,-634032.0,714.0,714.0,0.0,0.0,714.0,0.0,0.0,714
0.0,0.0,-0.0,0.0,0.0,0.0,-0.0,0.0,0.36094485086520944,257.71462351775955,799.2,0.0,714.0,1.0,888.0,-634032.0,120,-30.642898953204444,0.0,118,-14.373669026841595,0.0,120,-47.47372596461463,0.0,120,-42.2991248054383,0.0,118,-10.089921274375694,0.0,118,-6.285721251875145,0.0,0.0,0.0,0.0,0.0,-634032.0,-634032.0,714.0,714.0,0.0,0.0,714.0,0.0,0.0,714
0.0,0.0,-0.0,0.0,0.0,0.0,-0.0,0.0,0.36094485086520944,257.71462351775955,799.2,0.0,714.0,1.0,888.0,-634032.0,120,-34.310959868554065,0.0,118,-53.3754384845905,0.0,120,-56.11775255929181,0.0,120,-33.320566229223644,0.0,118,-25.509998338133858,0.0,118,-21.319021269004928,0.0,0.0,0.0,0.0,0.0,-634032.0,-634032.0,714.0,714.0,0.0,0.0,714.0,0.0,0.0,714
0.0,0.0,-0.0,0.0,0.0,0.0,-0.0,0.0,0.36094485086520944,257.71462351775955,799.2,0.0,714.0,1.0,888.0,-634032.0,120,-38.79456712879264,0.0,118,-14.017929589070967,0.0,120,-47.04106374649784,0.0,120,-4.198845340678701,0.0,118,-7.312828766574302,0.0,118,-2.2677665063490693,0.0,0.0,0.0,0.0,0.0,-634032.0,-634032.0,714.0,714.0,0.0,0.0,714.0,0.0,0.0,714
0.0,0.0,-0.0,0.0,0.0,0.0,-0.0,0.0,0.36094485086520944,257.71462351775955,799.2,0.0,714.0,1.0,888.0,-634032.0,120,-56.49070162481855,0.0,118,-31.404573957505747,0.0,120,-34.68501305072103,0.0,120,-11.456810781975495,0.0,118,-20.527412961414853,0.0,118,-16.31308260914089,0.0,0.0,0.0,0.0,0.0,-634032.0,-634032.0,714.0,714.0,0.0,0.0,714.0,0.0,0.0,714
0.0,0.0,-0.0,0.0,0.0,0.0,-0.0,0.0,0.36094485086520944,257.71462351775955,799.2,0.0,714.0,1.0,888.0,-634032.0,120,-32.91003332161345,0.0,118,-17.43616830635942,0.0,120,-27.871239857287986,0.0,120,-22.944261140420945,0.0,118,-38.28191227507753,0.0,118,-16.215829898872947,0.0,0.0,0.0,0.0,0.0,-634032.0,-634032.0,714.0,714.0,0.0,0.0,714.0,0.0,0.0,714
0.0,0.0,-0.0,0.0,0.0,0.0,-0.0,0.0,0.36094485086520944,257.71462351775955,799.2,0.0,714.0,1.0,888.0,-634032.0,120,-39.16568625706061,0.0,118,-3.635886813639495,0.0,120,-56.27782103436745,0.0,120,-14.068178051043185,0.0,118,-14.385426979707173,0.0,118,-13.03734960692855,0.0,0.0,0.0,0.0,0.0,-634032.0,-634032.0,714.0,714.0,0.0,0.0,714.0,0.0,0.0,714
0.0,0.0,-0.0,0.0,0.0,0.0,-0.0,0.0,0.36094485086520944,257.71462351775955,799.2,0.0,714.0,1.0,888.0,-634032.0,120,-2.0311748494263004,0.0,118,-35.66189325716547,0.0,120,-3.1127661753275926,0.0,120,-53.18832307583486,0.0,118,-22.46246796960555,0.0,118,-30.113094358438723,0.0,0.0,0.0,0.0,0.0,-634032.0,-634032.0,714.0,714.0,0.0,0.0,714.0,0.0,0.0,714
0.0,0.0,-0.0,0.0,0.0,0.0,-0.0,0.0,0.36094485086520944,257.71462351775955,799.2,0.0,714.0,1.0,888.0,-634032.0,120,-38.03381774852107,0.0,118,-17.841436287639656,0.0,120,-23.26471936647896,0.0,120,-51.94148386144722,0.0,118,-46.27548270012267,0.0,118,-39.6632830090323,0.0,0.0,0.0,0.0,0.0,-634032.0,-634032.0,714.0,714.0,0.0,0.0,714.0,0.0,0.0,714
0.0,0.0,-0.0,0.0,0.0,0.0,-0.0,0.0,0.36094485086520944,257.71462351775955,799.2,0.0,714.0,1.0,888.0,-634032.0,120,-11.083772587747596,0.0,118,-18.080970607091633,0.0,120,-44.64769761937647,0.0,120,-28.423032765254277,0.0,118,-47.66553338029088,0.0,118,-0.3339620601554638,0.0,0.0,0.0,0.0,0.0,-634032.0,-634032.0,714.0,714.0,0.0,0.0,714.0,0.0,0.0,714
0.0,0.0,-0.0,0.0,0.0,0.0,-0.0,0.0,0.36094485086520944,257.71462351775955,799.2,0.0,714.0,1.0,888.0,-634032.0,120,-31.739721776978445,0.0,118,-21.544979805203624,0.0,120,-25.99301356295021,0.0,120,-54.18609545946992,0.0,118,-56.08973222550942,0.0,118,-5.754508068138133,0.0,0.0,0.0,0.0,0.0,-634032.0,-634032.0,714.0,714.0,0.0,0.0,714.0,0.0,0.0,714
0.0,0.0,-0.0,0.0,0.0,0.0,-0.0,0.0,0.36094485086520944,257.71462351775955,799.2,0.0,714.0,1.0,888.0,-634032.0,120,-0.1546316951120752,0.0,118,-37.771615977311285,0.0,120,-51.583059616196635,0.0,120,-36.07062111453482,0.0,118,-20.412286136569,0.0,118,-39.29129032899743,0.0,0.0,0.0,0.0,0.0,-634032.0,-634032.0,714.0,714.0,0.0,0.0,714.0,0.0,0.0,714
0.0,0.0,-0.0,0.0,0.0,0.0,-0.0,0.0,0.36094485086520944,257.71462351775955,799.2,0.0,714.0,1.0,888.0,-634032.0,120,-45.63116305819882,0.0,118,-7.562002627063233,0.0,120,-19.88280077643138,0.0,120,-23.95378566072016,0.0,118,-32.02367236530533,0.0,118,-33.57826629896455,0.0,0.0,0.0,0.0,0.0,-634032.0,-634032.0,714.0,714.0,0.0,0.0,714.0,0.0,0.0,714
0.0,0.0,-0.0,0.0,0.0,0.0,-0.0,0.0,0.36094485086520944,257.71462351775955,799.2,0.0,714.0,1.0,888.0,-634032.0,120,-44.330423537146814,0.0,118,-54.263728016828104,0.0,120,-41.897220077266404,0.0,120,-35.836709844812674,0.0,118,-10.007478644259077,0.0,118,-26.28230352658557,0.0,0.0,0.0,0.0,0.0,-634032.0,-634032.0,714.0,714.0,0.0,0.0,714.0,0.0,0.0,714
0.0,0.0,-0.0,0.0,0.0,0.0,-0.0,0.0,0.36094485086520944,257.71462351775955,799.2,0.0,714.0,1.0,888.0,-634032.0,120,-14.703303347555474,0.0,118,-0.6707266593828187,0.0,120,-32.05712480308792,0.0,120,-11.152182942606235,0.0,118,-21.839199118205762,0.0,118,-59.3981252463095,0.0,0.0,0.0,0.0,0.0,-634032.0,-634032.0,714.0,714.0,0.0,0.0,714.0,0.0,0.0,714
0.0,0.0,-0.0,0.0,0.0,0.0,-0.0,0.0,0.36094485086520944,257.71462351775955,799.2,0.0,714.0,1.0,888.0,-634032.0,120,-47.165661587485616,0.0,118,-52.945766409284104,0.0,120,-13.806091008789663,0.0,120,-13.725787971627462,0.0,118,-56.72924705040011,0.0,118,-26.665566033666618,0.0,0.0,0.0,0.0,0.0,-634032.0,-634032.0,714.0,714.0,0.0,0.0,714.0,0.0,0.0,714
0.0,0.0,-0.0,0.0,0.0,0.0,-0.0,0.0,0.36094485086520944,257.71462351775955,799.2,0.0,714.0,1.0,888.0,-634032.0,120,-29.316889793683536,0.0,118,-50.23660979760815,0.0,120,-5.004136103800619,0.0,120,-44.777295555745745,0.0,118,-34.22995313395076,0.0,118,-33.7779946210687,0.0,0.0,0.0,0.0,0.0,-634032.0,-634032.0,714.0,714.0,0.0,0.0,714.0,0.0,0.0,714
0.0,0.0,-0.0,0.0,0.0,0.0,-0.0,0.0,0.36094485086520944,257.71462351775955,799.2,0.0,714.0,1.0,888.0,-634032.0,120,-23.262587197412177,0.0,118,-13.409698259180498,0.0,120,-32.08897353507713,0.0,120,-23.365595863671228,0.0,118,-34.019032881234835,0.0,118,-52.225734486967234,0.0,0.0,0.0,0.0,0.0,-634032.0,-634032.0,714.0,714.0,0.0,0.0,714.0,0.0,0.0,714
0.0,0.0,-0.0,0.0,0.0,0.0,-0.0,0.0,0.36094485086520944,257.71462351775955,799.2,0.0,714.0,1.0,888.0,-634032.0,120,-24.46950606337658,0.0,118,-50.992065724050384,0.0,120,-44.8647503485234,0.0,120,-42.05606629073101,0.0,118,-5.604353102408622,0.0,118,-1.2277047474513814,0.0,0.0,0.0,0.0,0.0,-634032.0,-634032.0,714.0,714.0,0.0,0.0,714.0,0.0,0.0,714
0.0,0.0,-0.0,0.0,0.0,0.0,-0.0,0.0,0.36094485086520944,257.71462351775955,799.2,0.0,714.0,1.0,888.0,-634032.0,120,-32.03457584880207,0.0,118,-55.22996111195342,0.0,120,-43.768205002715426,0.0,120,-39.228314602729846,0.0,118,-53.022916164047565,0.0,118,-40.27660060884661,0.0,0.0,0.0,0.0,0.0,-634032.0,-634032.0,714.0,714.0,0.0,0.0,714.0,0.0,0.0,714
0.0,0.0,-0.0,0.0,0.0,0.0,-0.0,0.0,0.36094485086520944,257.71462351775955,799.2,0.0,714.0,1.0,888.0,-634032.0,120,-5.7024745652320625,0.0,118,-29.32161454820782,0.0,120,-32.36810647437543,0.0,120,-41.75436656880125,0.0,118,-3.5931905435353473,0.0,118,-36.62079444855431,0.0,0.0,0.0,0.0,0.0,-634032.0,-634032.0,714.0,714.0,0.0,0.0,714.0,0.0,0.0,714
0.0,0.0,-0.0,0.0,0.0,0.0,-0.0,0.0,0.36094485086520944,257.71462351775955,799.2,0.0,714.0,1.0,888.0,-634032.0,120,-17.895818615086224,0.0,118,-52.263129381479445,0.0,120,-10.803161518695335,0.0,120,-26.93883218894593,0.0,118,-32.39056690153835,0.0,118,-4.357218233484437,0.0,0.0,0.0,0.0,0.0,-634032.0,-634032.0,714.0,714.0,0.0,0.0,714.0,0.0,0.0,714
0.0,0.0,-0.0,0.0,0.0,0.0,-0.0,0.0,0.36094485086520944,257.71462351775955,799.2,0.0,714.0,1.0,888.0,-634032.0,120,-59.00374918733533,0.0,118,-54.58146336243216,0.0,120,-22.070113360799308,0.0,120,-13.452498926833258,0.0,118,-50.72381800696038,0.0,118,-41.183823064351934,0.0,0.0,0.0,0.0,0.0,-634032.0,-634032.0,714.0,714.0,0.0,0.0,714.0,0.0,0.0,714
0.0,0.0,-0.0,0.0,0.0,0.0,-0.0,0.0,0.36094485086520944,257.71462351775955,799.2,0.0,714.0,1.0,888.0,-634032.0,120,-30.397706037321424,0.0,118,-43.21085804645141,0.0,120,-7.988697179470714,0.0,120,-42.283073876136456,0.0,118,-3.5676201065205126,0.0,118,-30.984532078149844,0.0,0.0,0.0,0.0,0.0,-634032.0,-634032.0,714.0,714.0,0.0,0.0,714.0,0.0,0.0,714
0.0,0.0,-0.0,0.0,0.0,0.0,-0.0,0.0,0.36094485086520944,257.71462351775955,799.2,0.0,714.0,1.0,888.0,-634032.0,120,-40.31089214972409,0.0,118,-50.78779469506915,0.0,120,-5.773848424292685,0.0,120,-38.85223502002349,0.0,118,-25.05399956358566,0.0,118,-48.24239583429708,0.0,0.0,0.0,0.0,0.0,-634032.0,-634032.0,714.0,714.0,0.0,0.0,714.0,0.0,0.0,714
0.0,0.0,-0.0,0.0,0.0,0.0,-0.0,0.0,0.36094485086520944,257.71462351775955,799.2,0.0,714.0,1.0,888.0,-634032.0,120,-32.88305023341971,0.0,118,-58.443991296738915,0.0,120,-24.184314223827684,0.0,120,-55.800630612687215,0.0,118,-49.30134195054707,0.0,118,-23.268130652205276,0.0,0.0,0.0,0.0,0.0,-634032.0,-634032.0,714.0,714.0,0.0,0.0,714.0,0.0,0.0,714
0.0,0.0,-0.0,0.0,0.0,0.0,-0.0,0.0,0.36094485086520944,257.71462351775955,799.2,0.0,714.0,1.0,888.0,-634032.0,120,-22.62571456842163,0.0,118,-7.09568088371544,0.0,120,-41.89641052154574,0.0,120,-56.99654832285439,0.0,118,-18.928951412978922,0.0,118,-40.32498334241431,0.0,0.0,0.0,0.0,0.0,-634032.0,-634032.0,714.0,714.0,0.0,0.0,714.0,0.0,0.0,714
0.0,0.0,-0.0,0.0,0.0,0.0,-0.0,0.0,0.36094485086520944,257.71462351775955,799.2,0.0,714.0,1.0,888.0,-634032.0,120,-49.78901680451452,0.0,118,-12.685402175041752,0.0,120,-51.04350907519839,0.0,120,-37.371775634459674,0.0,118,-45.262050756826454,0.0,118,-0.27910883002431497,0.0,0.0,0.0,0.0,0.0,-634032.0,-634032.0,714.0,714.0,0.0,0.0,714.0,0.0,0.0,714
0.0,0.0,-0.0,0.0,0.0,0.0,-0.0,0.0,0.36094485086520944,257.71462351775955,799.2,0.0,714.0,1.0,888.0,-634032.0,120,-23.08338136241611,0.0,118,-43.38451947857738,0.0,120,-38.086077097113176,0.0,120,-36.59419351547633,0.0,118,-3.071247772711989,0.0,118,-45.51295647990776,0.0,0.0,0.0,0.0,0.0,-634032.0,-634032.0,714.0,714.0,0.0,0.0,714.0,0.0,0.0,714
0.0,0.0,-0.0,0.0,0.0,0.0,-0.0,0.0,0.36094485086520944,257.71462351775955,799.2,0.0,714.0,1.0,888.0,-634032.0,120,-46.49309483976938,0.0,118,-1.2358851008738836,0.0,120,-3.168769852609652,0.0,120,-55.05308929450723,0.0,118,-38.5767262942207,0.0,118,-37.57820618315954,0.0,0.0,0.0,0.0,0.0,-634032.0,-634032.0,714.0,714.0,0.0,0.0,714.0,0.0,0.0,714
0.0,0.0,-0.0,0.0,0.0,0.0,-0.0,0.0,0.36094485086520944,257.71462351775955,799.2,0.0,714.0,1.0,888.0,-634032.0,120,-8.074619410853398,0.0,118,-27.704983353690935,0.0,120,-17.156300522294433,0.0,120,-8.031505916090556,0.0,118,-28.87780961556696,0.0,118,-32.58640754561161,0.0,0.0,0.0,0.0,0.0,-634032.0,-634032.0,714.0,714.0,0.0,0.0,714.0,0.0,0.0,714
0.0,0.0,-0.0,0.0,0.0,0.0,-0.0,0.0,0.36094485086520944,257.71462351775955,799.2,0.0,714.0,1.0,888.0,-634032.0,120,-29.664609427212923,0.0,118,-27.698535109693257,0.0,120,-59.5178452767078,0.0,120,-14.811712473851177,0.0,118,-33.198321193906395,0.0,118,-25.048246102811767,0.0,0.0,0.0,0.0,0.0,-634032.0,-634032.0,714.0,714.0,0.0,0.0,714.0,0.0,0.0,714
0.0,0.0,-0.0,0.0,0.0,0.0,-0.0,0.0,0.36094485086520944,257.71462351775955,799.2,0.0,714.0,1.0,888.0,-634032.0,120,-56.08779116677974,0.0,118,-26.68514078273297,0.0,120,-6.373359455116923,0.0,120,-33.10778665959525,0.0,118,-37.668699145018216,0.0,118,-15.689428878489707,0.0,0.0,0.0,0.0,0.0,-634032.0,-634032.0,714.0,714.0,0.0,0.0,714.0,0.0,0.0,714
0.0,0.0,-0.0,0.0,0.0,0.0,-0.0,0.0,0.36094485086520944,257.71462351775955,799.2,0.0,714.0,1.0,888.0,-634032.0,120,-13.969082280680556,0.0,118,-21.586421621833413,0.0,120,-49.381832339456615,0.0,120,-9.323731137695193,0.0,118,-25.218374493585188,0.0,118,-23.09459186408627,0.0,0.0,0.0,0.0,0.0,-634032.0,-634032.0,714.0,714.0,0.0,0.0,714.0,0.0,0.0,714
0.0,0.0,-0.0,0.0,0.0,0.0,-0.0,0.0,0.36094485086520944,258.43651321948994,799.2,0.0,716.0,1.0,888.0,-635808.0,120,-34.594528627322305,0.0,120,-23.5241286750607,0.0,120,-13.01369461259307,0.0,120,-35.967504810803206,0.0,118,-34.761406350619446,0.0,118,-43.95897667379392,0.0,0.0,0.0,0.0,0.0,-635808.0,-635808.0,716.0,716.0,0.0,0.0,716.0,0.0,0.0,716
0.0,0.0,-0.0,0.0,0.0,0.0,-0.0,0.0,0.36094485086520944,258.43651321948994,799.2,0.0,716.0,1.0,888.0,-635808.0,120,-49.93446280870327,0.0,120,-38.76401059244964,0.0,120,-32.84501789721937,0.0,120,-20.685166712435795,0.0,118,-58.969024952630086,0.0,118,-1.8111182665455372,0.0,0.0,0.0,0.0,0.0,-635808.0,-635808.0,716.0,716.0,0.0,0.0,716.0,0.0,0.0,716
0.0,0.0,-0.0,0.0,0.0,0.0,-0.0,0.0,0.36094485086520944,258.43651321948994,799.2,0.0,716.0,1.0,888.0,-635808.0,120,-39.48293563224847,0.0,120,-34.42051377683675,0.0,120,-29.51856131324487,0.0,120,-12.993867158943239,0.0,118,-28.25196430177378,0.0,118,-27.486985739643956,0.0,0.0,0.0,0.0,0.0,-635808.0,-635808.0,716.0,716.0,0.0,0.0,716.0,0.0,0.0,716
0.0,0.0,-0.0,0.0,0.0,0.0,-0.0,0.0,0.36094485086520944,258.43651321948994,799.2,0.0,716.0,1.0,888.0,-635808.0,120,-9.353320810568245,0.0,120,-26.527461229861608,0.0,120,-4.13649345240696,0.0,120,-22.596800787547508,0.0,118,-17.930825298399252,0.0,118,-58.03065768939278,0.0,0.0,0.0,0.0,0.0,-635808.0,-635808.0,716.0,716.0,0.0,0.0,716.0,0.0,0.0,716
0.0,0.0,-0.0,0.0,0.0,0.0,-0.0,0.0,0.36094485086520944,258.43651321948994,799.2,0.0,716.0,1.0,888.0,-635808.0,120,-22.56915932045914,0.0,120,-0.09401931601034752,0.0,120,-37.977207337501795,0.0,120,-39.282618028293406,0.0,118,-49.70221852640928,0.0,118,-27.213600162747472,0.0,0.0,0.0,0.0,0.0,-635808.0,-635808.0,716.0,716.0,0.0,0.0,716.0,0.0,0.0,716
0.0,0.0,-0.0,0.0,0.0,0.0,-0.0,0.0,0.36094485086520944,258.43651321948994,799.2,0.0,716.0,1.0,888.0,-635808.0,120,-55.46645054507147,0.0,120,-14.582095144766285,0.0,120,-41.47847426666172,0.0,120,-10.905015793777244,0.0,118,-9.465665939625561,0.0,118,-29.373785728202172,0.0,0.0,0.0,0.0,0.0,-635808.0,-635808.0,716.0,716.0,0.0,0.0,716.0,0.0,0.0,716
0.0,0.0,-0.0,0.0,0.0,0.0,-0.0,0.0,0.36094485086520944,258.43651321948994,799.2,0.0,716.0,1.0,888.0,-635808.0,120,-39.58764538118037,0.0,120,-7.517310258425216,0.0,120,-52.116162168105475,0.0,120,-37.175526754773585,0.0,118,-52.12764326706653,0.0,118,-9.539232700487554,0.0,0.0,0.0,0.0,0.0,-635808.0,-635808.0,716.0,716.0,0.0,0.0,716.0,0.0,0.0,716
0.0,0.0,-0.0,0.0,0.0,0.0,-0.0,0.0,0.36094485086520944,258.43651321948994,799.2,0.0,716.0,1.0,888.0,-635808.0,120,-45.893895831804535,0.0,120,-16.726571569044676,0.0,120,-1.992508204535648,0.0,120,-9.818737765813912,0.0,118,-1.5542041322165057,0.0,118,-55.74043876491334,0.0,0.0,0.0,0.0,0.0,-635808.0,-635808.0,716.0,716.0,0.0,0.0,716.0,0.0,0.0,716
0.0,0.0,-0.0,0.0,0.0,0.0,-0.0,0.0,0.36094485086520944,257.71462351775955,799.2,0.0,714.0,1.0,888.0,-634032.0,120,-29.45083950348249,0.0,120,-25.984922128235294,0.0,120,-7.886694676404651,0.0,118,-0.7842081813005519,0.0,118,-40.44535571687226,0.0,118,-33.58144504009892,0.0,0.0,0.0,0.0,0.0,-634032.0,-634032.0,714.0,714.0,0.0,0.0,714.0,0.0,0.0,714
0.0,0.0,-0.0,0.0,0.0,0.0,-0.0,0.0,0.36094485086520944,258.43651321948994,799.2,0.0,716.0,1.0,888.0,-635808.0,120,-39.313085892688896,0.0,120,-44.07583889984704,0.0,120,-52.474095064127866,0.0,120,-5.590801935284002,0.0,118,-36.59353497567453,0.0,118,-11.027327443287195,0.0,0.0,0.0,0.0,0.0,-635808.0,-635808.0,716.0,716.0,0.0,0.0,716.0,0.0,0.0,716
0.0,0.0,-0.0,0.0,0.0,0.0,-0.0,0.0,0.36094485086520944,258.43651321948994,799.2,0.0,716.0,1.0,888.0,-635808.0,120,-34.62962803100487,0.0,120,-1.4250576143681792,0.0,120,-1.4215813456995163,0.0,120,-28.859860921462378,0.0,118,-27.36090324844644,0.0,118,-26.823000200245623,0.0,0.0,0.0,0.0,0.0,-635808.0,-635808.0,716.0,716.0,0.0,0.0,716.0,0.0,0.0,716
0.0,0.0,-0.0,0.0,0.0,0.0,-0.0,0.0,0.36094485086520944,258.43651321948994,799.2,0.0,716.0,1.0,888.0,-635808.0,120,-21.76724799882265,0.0,120,-7.522603190750039,0.0,120,-14.101065969204464,0.0,120,-35.92745259269643,0.0,118,-46.6922100324109,0.0,118,-21.96758959680182,0.0,0.0,0.0,0.0,0.0,-635808.0,-635808.0,716.0,716.0,0.0,0.0,716.0,0.0,0.0,716
0.0,0.0,-0.0,0.0,0.0,0.0,-0.0,0.0,0.36094485086520944,258.43651321948994,799.2,0.0,716.0,1.0,888.0,-635808.0,120,-58.51280872558112,0.0,120,-51.94812189257918,0.0,120,-14.258309910379568,0.0,120,-15.536073325678682,0.0,118,-23.860369679098557,0.0,118,-36.45246913696755,0.0,0.0,0.0,0.0,0.0,-635808.0,-635808.0,716.0,716.0,0.0,0.0,716.0,0.0,0.0,716
0.0,0.0,-0.0,0.0,0.0,0.0,-0.0,0.0,0.36094485086520944,258.43651321948994,799.2,0.0,716.0,1.0,888.0,-635808.0,120,-34.17077434745938,0.0,120,-50.644544233047206,0.0,120,-55.348720212645055,0.0,120,-52.385251024701674,0.0,118,-35.93995226679708,0.0,118,-48.07242749380725,0.0,0.0,0.0,0.0,0.0,-635808.0,-635808.0,716.0,716.0,0.0,0.0,716.0,0.0,0.0,716
0.0,0.0,-0.0,0.0,0.0,0.0,-0.0,0.0,0.36094485086520944,258.43651321948994,799.2,0.0,716.0,1.0,888.0,-635808.0,120,-13.196392936847165,0.0,120,-55.35283391700024,0.0,120,-38.28534686299401,0.0,120,-50.41140956519106,0.0,118,-54.030130480830834,0.0,118,-4.547383036290205,0.0,0.0,0.0,0.0,0.0,-635808.0,-635808.0,716.0,716.0,0.0,0.0,716.0,0.0,0.0,716
0.0,0.0,-0.0,0.0,0.0,0.0,-0.0,0.0,0.36094485086520944,258.43651321948994,799.2,0.0,716.0,1.0,888.0,-635808.0,120,-40.6511396550954,0.0,120,-40.89002813788381,0.0,120,-2.727248262598665,0.0,120,-12.676628086776764,0.0,118,-44.546593485424125,0.0,118,-30.551446125178632,0.0,0.0,0.0,0.0,0.0,-635808.0,-635808.0,716.0,716.0,0.0,0.0,716.0,0.0,0.0,716
0.0,0.0,-0.0,0.0,0.0,0.0,-0.0,0.0,0.36094485086520944,258.43651321948994,799.2,0.0,716.0,1.0,888.0,-635808.0,120,-25.968331476540133,0.0,120,-35.62393630775066,0.0,120,-8.593383614974679,0.0,120,-11.776589641394025,0.0,118,-13.487623598490998,0.0,118,-23.293139403155763,0.0,0.0,0.0,0.0,0.0,-635808.0,-635808.0,716.0,716.0,0.0,0.0,716.0,0.0,0.0,716
0.0,0.0,-0.0,0.0,0.0,0.0,-0.0,0.0,0.36094485086520944,258.43651321948994,799.2,0.0,716.0,1.0,888.0,-635808.0,120,-1.5774273933168104,0.0,120,-37.097612064908645,0.0,120,-31.204795475716406,0.0,120,-51.41129573079839,0.0,118,-6.441303123861701,0.0,118,-26.672992378420584,0.0,0.0,0.0,0.0,0.0,-635808.0,-635808.0,716.0,716.0,0.0,0.0,716.0,0.0,0.0,716
0.0,0.0,-0.0,0.0,0.0,0.0,-0.0,0.0,0.36094485086520944,258.43651321948994,799.2,0.0,716.0,1.0,888.0,-635808.0,120,-23.03463535689383,0.0,120,-38.928170702835835,0.0,120,-55.2079220495926,0.0,120,-53.09261023106553,0.0,118,-51.16044032987337,0.0,118,-24.04241873609849,0.0,0.0,0.0,0.0,0.0,-635808.0,-635808.0,716.0,716.0,0.0,0.0,716.0,0.0,0.0,716
0.0,0.0,-0.0,0.0,0.0,0.0,-0.0,0.0,0.36094485086520944,258.43651321948994,799.2,0.0,716.0,1.0,888.0,-635808.0,120,-35.12432459013317,0.0,120,-55.829282862353736,0.0,120,-55.41431959405012,0.0,120,-32.79987213857722,0.0,118,-35.38214394524745,0.0,118,-51.26574837944167,0.0,0.0,0.0,0.0,0.0,-635808.0,-635808.0,716.0,716.0,0.0,0.0,716.0,0.0,0.0,716
0.0,0.0,-0.0,0.0,0.0,0.0,-0.0,0.0,0.36094485086520944,258.43651321948994,799.2,0.0,716.0,1.0,888.0,-635808.0,120,-48.27197447822774,0.0,120,-30.524628243147394,0.0,120,-12.36466031989937,0.0,120,-36.61340978474424,0.0,118,-4.83339224569402,0.0,118,-44.6090393873894,0.0,0.0,0.0,0.0,0.0,-635808.0,-635808.0,716.0,716.0,0.0,0.0,716.0,0.0,0.0,716
0.0,0.0,-0.0,0.0,0.0,0.0,-0.0,0.0,0.36094485086520944,258.43651321948994,799.2,0.0,716.0,1.0,888.0,-635808.0,120,-8.317665186800857,0.0,120,-59.32981346749955,0.0,120,-41.354587498342696,0.0,120,-16.221875581285488,0.0,118,-41.25444778935372,0.0,118,-49.80117152650189,0.0,0.0,0.0,0.0,0.0,-635808.0,-635808.0,716.0,716.0,0.0,0.0,716.0,0.0,0.0,716
0.0,0.0,-0.0,0.0,0.0,0.0,-0.0,0.0,0.36094485086520944,259.1584029212204,799.2,0.0,718.0,1.0,888.0,-637584.0,120,-3.6244127464913123,0.0,120,-29.590133330934872,0.0,120,-5.473454432443292,0.0,120,-15.0691409235678,0.0,120,-42.987779205843076,0.0,118,-14.620984048876387,0.0,0.0,0.0,0.0,0.0,-637584.0,-637584.0,718.0,718.0,0.0,0.0,718.0,0.0,0.0,718
0.0,0.0,-0.0,0.0,0.0,0.0,-0.0,0.0,0.36094485086520944,259.1584029212204,799.2,0.0,718.0,1.0,888.0,-637584.0,120,-36.655806129193124,0.0,120,-1.8018624473624278,0.0,120,-45.17149286139823,0.0,120,-4.763660380215766,0.0,120,-2.486788064481278,0.0,118,-52.22601972679931,0.0,0.0,0.0,0.0,0.0,-637584.0,-637584.0,718.0,718.0,0.0,0.0,718.0,0.0,0.0,718
0.0,0.0,-0.0,0.0,0.0,0.0,-0.0,0.0,0.36094485086520944,259.1584029212204,799.2,0.0,718.0,1.0,888.0,-637584.0,120,-34.53719377360772,0.0,120,-6.392507416792572,0.0,120,-31.253957891513856,0.0,120,-29.903006813179545,0.0,120,-14.02365787108186,0.0,118,-7.718176861879131,0.0,0.0,0.0,0.0,0.0,-637584.0,-637584.0,718.0,718.0,0.0,0.0,718.0,0.0,0.0,718
0.0,0.0,-0.0,0.0,0.0,0.0,-0.0,0.0,0.36094485086520944,259.1584029212204,799.2,0.0,718.0,1.0,888.0,-637584.0,120,-15.532570641102525,0.0,120,-29.546726004443485,0.0,120,-18.173619524344794,0.0,120,-22.717085023010334,0.0,120,-45.28244652760275,0.0,118,-28.250077643202488,0.0,0.0,0.0,0.0,0.0,-637584.0,-637584.0,718.0,718.0,0.0,0.0,718.0,0.0,0.0,718
0.0,0.0,-0.0,0.0,0.0,0.0,-0.0,0.0,0.36094485086520944,258.43651321948994,799.2,0.0,716.0,1.0,888.0,-635808.0,120,-3.9176392985132424,0.0,120,-19.98326490870508,0.0,120,-30.910136513467982,0.0,120,-24.074758351974403,0.0,118,-40.026368481002606,0.0,118,-51.63482599981338,0.0,0.0,0.0,0.0,0.0,-635808.0,-635808.0,716.0,716.0,0.0,0.0,716.0,0.0,0.0,716
0.0,0.0,-0.0,0.0,0.0,0.0,-0.0,0.0,0.36094485086520944,258.43651321948994,799.2,0.0,716.0,1.0,888.0,-635808.0,120,-26.85791493213558,0.0,120,-58.96629099837638,0.0,120,-53.50039608642293,0.0,120,-29.642965755340818,0.0,118,-5.494064183663438,0.0,118,-5.252192207616591,0.0,0.0,0.0,0.0,0.0,-635808.0,-635808.0,716.0,716.0,0.0,0.0,716.0,0.0,0.0,716
0.0,0.0,-0.0,0.0,0.0,0.0,-0.0,0.0,0.36094485086520944,258.43651321948994,799.2,0.0,716.0,1.0,888.0,-635808.0,120,-57.81782593625206,0.0,120,-19.99964784014343,0.0,120,-16.883968790401692,0.0,120,-40.15635649567479,0.0,118,-24.00947417752603,0.0,118,-44.989024146922446,0.0,0.0,0.0,0.0,0.0,-635808.0,-635808.0,716.0,716.0,0.0,0.0,716.0,0.0,0.0,716
0.0,0.0,-0.0,0.0,0.0,0.0,-0.0,0.0,0.36094485086520944,258.43651321948994,799.2,0.0,716.0,1.0,888.0,-635808.0,120,-57.56707865201719,0.0,120,-31.77450477440758,0.0,120,-27.284142100166786,0.0,120,-20.27853355412412,0.0,118,-15.956290291866306,0.0,118,-38.821964889235275,0.0,0.0,0.0,0.0,0.0,-635808.0,-635808.0,716.0,716.0,0.0,0.0,716.0,0.0,0.0,716
0.0,0.0,-0.0,0.0,0.0,0.0,-0.0,0.0,0.36094485086520944,258.43651321948994,799.2,0.0,716.0,1.0,888.0,-635808.0,120,-36.61215528666477,0.0,120,-0.09584155687223816,0.0,120,-19.887096841248702,0.0,120,-42.10288760253534,0.0,118,-44.17888079653606,0.0,118,-25.05629211235312,0.0,0.0,0.0,0.0,0.0,-635808.0,-635808.0,716.0,716.0,0.0,0.0,716.0,0.0,0.0,716
0.0,0.0,-0.0,0.0,0.0,0.0,-0.0,0.0,0.36094485086520944,258.43651321948994,799.2,0.0,716.0,1.0,888.0,-635808.0,120,-40.15331004160748,0.0,120,-49.84872983353443,0.0,120,-50.39839520450332,0.0,120,-9.640095255254588,0.0,118,-10.05855245115921,0.0,118,-36.856418789383966,0.0,0.0,0.0,0.0,0.0,-635808.0,-635808.0,716.0,716.0,0.0,0.0,716.0,0.0,0.0,716
0.0,0.0,-0.0,0.0,0.0,0.0,-0.0,0.0,0.36094485086520944,258.43651321948994,799.2,0.0,716.0,1.0,888.0,-635808.0,120,-13.330686749729402,0.0,120,-46.69608259141297,0.0,120,-20.573257357871068,0.0,120,-30.782906801130544,0.0,118,-58.36020922477852,0.0,118,-24.60709609208264,0.0,0.0,0.0,0.0,0.0,-635808.0,-635808.0,716.0,716.0,0.0,0.0,716.0,0.0,0.0,716
0.0,0.0,-0.0,0.0,0.0,0.0,-0.0,0.0,0.36094485086520944,258.43651321948994,799.2,0.0,716.0,1.0,888.0,-635808.0,120,-59.31448049460079,0.0,120,-39.4398234065861,0.0,120,-53.76239077978507,0.0,120,-31.723274864642743,0.0,118,-55.822547272087,0.0,118,-8.472378114614038,0.0,0.0,0.0,0.0,0.0,-635808.0,-635808.0,716.0,716.0,0.0,0.0,716.0,0.0,0.0,716
0.0,0.0,-0.0,0.0,0.0,0.0,-0.0,0.0,0.36094485086520944,258.43651321948994,799.2,0.0,716.0,1.0,888.0,-635808.0,120,-36.960790153144984,0.0,120,-42.03035063449836,0.0,120,-18.99467642688444,0.0,120,-24.66513932067729,0.0,118,-37.90424412657307,0.0,118,-8.596985252929453,0.0,0.0,0.0,0.0,0.0,-635808.0,-635808.0,716.0,716.0,0.0,0.0,716.0,0.0,0.0,716
0.0,0.0,-0.0,0.0,0.0,0.0,-0.0,0.0,0.36094485086520944,258.43651321948994,799.2,0.0,716.0,1.0,888.0,-635808.0,120,-36.58425175004884,0.0,120,-39.239287786538334,0.0,120,-44.286825826321206,0.0,120,-33.74088113071255,0.0,118,-46.92692406902448,0.0,118,-35.84644768537858,0.0,0.0,0.0,0.0,0.0,-635808.0,-635808.0,716.0,716.0,0.0,0.0,716.0,0.0,0.0,716
0.0,0.0,-0.0,0.0,0.0,0.0,-0.0,0.0,0.36094485086520944,258.43651321948994,799.2,0.0,716.0,1.0,888.0,-635808.0,120,-50.79782548682968,0.0,120,-25.061978685649713,0.0,120,-25.3561711536074,0.0,120,-44.07496139638476,0.0,118,-56.15143904182851,0.0,118,-49.64245317529476,0.0,0.0,0.0,0.0,0.0,-635808.0,-635808.0,716.0,716.0,0.0,0.0,716.0,0.0,0.0,716
0.0,0.0,-0.0,0.0,0.0,0.0,-0.0,0.0,0.36094485086520944,258.43651321948994,799.2,0.0,716.0,1.0,888.0,-635808.0,120,-33.55760594578515,0.0,120,-13.644465830427595,0.0,120,-24.178800345251574,0.0,120,-12.721605714094572,0.0,118,-24.491952899090414,0.0,118,-35.28392556228991,0.0,0.0,0.0,0.0,0.0,-635808.0,-635808.0,716.0,716.0,0.0,0.0,716.0,0.0,0.0,716
0.0,0.0,-0.0,0.0,0.0,0.0,-0.0,0.0,0.36094485086520944,258.43651321948994,799.2,0.0,716.0,1.0,888.0,-635808.0,120,-12.442951354527093,0.0,120,-54.58390349079803,0.0,120,-52.968984156096795,0.0,120,-18.80600870759996,0.0,118,-13.557998602171399,0.0,118,-8.55974322699032,0.0,0.0,0.0,0.0,0.0,-635808.0,-635808.0,716.0,716.0,0.0,0.0,716.0,0.0,0.0,716
113.03483528866461,0.0,-1130.3483528866461,0.0,0.0,0.0,-0.0,0.0,0.36094485086520944,217.62583515418683,799.2,0.0,602.9337574217303,1.0,888.0,-535405.1765904966,120,-31.764438362619224,0.0,120,-19.005886991389556,0.0,120,-54.78416841722156,0.0,120,-7.539417746865089,0.0,118,-44.50029895782029,0.0,118,-25.017523905429403,0.0,0.0,0.0314072896050749,0.0314072896050749,0.0,-536535.5249433832,-536535.5249433832,716.0,716.0,113.06624257826968,0.0,602.9337574217303,0.0,0.0,716
113.03483528866461,0.0,-1130.3483528866461,0.0,0.0,0.0,-0.0,0.0,0.36094485086520944,217.62583515418683,799.2,0.0,602.9337574217303,1.0,888.0,-535405.1765904966,120,-6.586422744083693,0.0,120,-1.9297759014095495,0.0,120,-58.25602539739401,0.0,120,-7.30886815458339,0.0,118,-25.6512934796519,0.0,118,-43.14149534163456,0.0,0.0,0.0314072896050749,0.0314072896050749,0.0,-536535.5249433832,-536535.5249433832,716.0,716.0,113.06624257826968,0.0,602.9337574217303,0.0,0.0,716
113.03483528866461,0.0,-1130.3483528866461,0.0,0.0,0.0,-0.0,0.0,0.36094485086520944,217.62583515418683,799.2,0.0,602.9337574217303,1.0,888.0,-535405.1765904966,120,-38.04951644792506,0.0,120,-9.436002194986866,0.0,120,-59.30917416744608,0.0,120,-7.934934569281708,0.0,118,-6.8134772068027765,0.0,118,-19.677297907398316,0.0,0.0,0.0314072896050749,0.0314072896050749,0.0,-536535.5249433832,-536535.5249433832,716.0,716.0,113.06624257826968,0.0,602.9337574217303,0.0,0.0,716
113.03483528866461,0.0,-1130.3483528866461,0.0,0.0,0.0,-0.0,0.0,0.36094485086520944,217.62583515418683,799.2,0.0,602.9337574217303,1.0,888.0,-535405.1765904966,120,-46.96613393277684,0.0,120,-48.780346974956956,0.0,120,-33.64595039002205,0.0,120,-50.99080536599379,0.0,118,-15.450488416680264,0.0,118,-46.50398211862274,0.0,0.0,0.0314072896050749,0.0314072896050749,0.0,-536535.5249433832,-536535.5249433832,716.0,716.0,113.06624257826968,0.0,602.9337574217303,0.0,0.0,716
113.03483528866461,0.0,-1130.3483528866461,0.0,0.0,0.0,-0.0,0.0,0.36094485086520944,217.62583515418683,799.2,0.0,602.9337574217303,1.0,888.0,-535405.1765904966,120,-35.000444865715075,0.0,120,-46.72663637484389,0.0,120,-49.32896018672349,0.0,120,-38.76431716189334,0.0,118,-0.6477318007460298,0.0,118,-54.781587208301126,0.0,0.0,0.0314072896050749,0.0314072896050749,0.0,-536535.5249433832,-536535.5249433832,716.0,716.0,113.06624257826968,0.0,602.9337574217303,0.0,0.0,716
113.03483528866461,0.0,-1130.3483528866461,0.0,0.0,0.0,-0.0,0.0,0.36094485086520944,218.34772485591725,799.2,0.0,604.9337574217303,1.0,888.0,-537181.1765904966,120,-30.772846446670723,0.0,120,-58.991904965039915,0.0,120,-0.4940188381121424,0.0,120,-7.11859557733302,0.0,120,-38.83923439710635,0.0,118,-42.16660009551423,0.0,0.0,0.0314072896050749,0.0314072896050749,0.0,-538311.5249433832,-538311.5249433832,718.0,718.0,113.06624257826968,0.0,604.9337574217303,0.0,0.0,718
374.70712067261564,0.0,-3747.0712067261566,0.0,0.0,0.0,-0.0,0.0,0.36094485086520944,123.87221763599852,799.2,0.0,343.1887650954664,1.0,888.0,-304751.6234047742,120,-12.862740419172923,0.0,120,-31.235850381273316,0.0,120,-45.41315941080063,0.0,120,-26.444628760877947,0.0,120,-11.412588254143392,0.0,118,-46.875686375455835,0.0,0.0,0.104114231917926,0.104114231917926,0.0,-308498.6946115003,-308498.6946115003,718.0,718.0,374.8112349045336,0.0,343.1887650954664,0.0,0.0,718
374.70712067261564,0.0,-3747.0712067261566,0.0,0.0,0.0,-0.0,0.0,0.36094485086520944,123.87221763599852,799.2,0.0,343.1887650954664,1.0,888.0,-304751.6234047742,120,-4.7644061172886065,0.0,120,-35.21226934368121,0.0,120,-43.47700444497465,0.0,120,-19.899660825738422,0.0,120,-57.739042201472856,0.0,118,-17.49359769418637,0.0,0.0,0.104114231917926,0.104114231917926,0.0,-308498.6946115003,-308498.6946115003,718.0,718.0,374.8112349045336,0.0,343.1887650954664,0.0,0.0,718
374.70712067261564,0.0,-3747.0712067261566,0.0,0.0,0.0,-0.0,0.0,0.36094485086520944,123.87221763599852,799.2,0.0,343.1887650954664,1.0,888.0,-304751.6234047742,120,-55.592196618533805,0.0,120,-59.19458114192289,0.0,120,-50.622687514795786,0.0,120,-17.75497380078082,0.0,120,-16.50808327553644,0.0,118,-22.428864100573584,0.0,0.0,0.104114231917926,0.104114231917926,0.0,-308498.6946115003,-308498.6946115003,718.0,718.0,374.8112349045336,0.0,343.1887650954664,0.0,0.0,718
374.70712067261564,0.0,-3747.0712067261566,0.0,0.0,0.0,-0.0,0.0,0.36094485086520944,123.87221763599852,799.2,0.0,343.1887650954664,1.0,888.0,-304751.6234047742,120,-39.87235757068768,0.0,120,-31.352208513488772,0.0,120,-29.564831893381815,0.0,120,-5.351168058702558,0.0,120,-59.68116295810611,0.0,118,-53.15441292728351,0.0,0.0,0.104114231917926,0.104114231917926,0.0,-308498.6946115003,-308498.6946115003,718.0,718.0,374.8112349045336,0.0,343.1887650954664,0.0,0.0,718
374.70712067261564,0.0,-3747.0712067261566,0.0,0.0,0.0,-0.0,0.0,0.36094485086520944,123.87221763599852,799.2,0.0,343.1887650954664,1.0,888.0,-304751.6234047742,120,-51.59697129748659,0.0,120,-59.61009659217901,0.0,120,-4.466299994068321,0.0,120,-19.85250411694196,0.0,120,-42.91139510467127,0.0,118,-8.474306103004544,0.0,0.0,0.104114231917926,0.104114231917926,0.0,-308498.6946115003,-308498.6946115003,718.0,718.0,374.8112349045336,0.0,343.1887650954664,0.0,0.0,718
374.70712067261564,0.0,-3747.0712067261566,0.0,0.0,0.0,-0.0,0.0,0.36094485086520944,123.87221763599852,799.2,0.0,343.1887650954664,1.0,888.0,-304751.6234047742,120,-0.8842810443991223,0.0,120,-34.72659283332163,0.0,120,-22.132215493708756,0.0,120,-45.39012551468673,0.0,120,-51.563578570894876,0.0,118,-7.829452452323751,0.0,0.0,0.104114231917926,0.104114231917926,0.0,-308498.6946115003,-308498.6946115003,718.0,718.0,374.8112349045336,0.0,343.1887650954664,0.0,0.0,718
728.4285653477641,0.0,-7284.285653477641,14.630962837441189,0.0,0.0,-0.0,0.0,0.36094485086520944,0.0,799.2,0.0,0.0,1.0,888.0,-0.0,118,-16.001594322582317,0.0,120,-41.464680358317864,0.0,118,-25.971825612159936,0.0,120,-17.120136508849583,0.0,120,-27.166159629369822,0.0,118,-9.74598890092684,0.0,0.0,0.202397489677067,0.202397489677067,0.0,-7284.285653477641,-7284.285653477641,728.6309628374412,728.6309628374412,728.6309628374412,0.0,0.0,14.630962837441189,0.0,714
728.4285653477641,0.0,-7284.285653477641,16.63096283744119,13.16786655369707,0.0,-0.0,0.0003191977929774094,0.36094485086520944,0.0,799.2,0.0,0.0,1.0,888.0,-0.0,118,-13.562452626525038,0.0,118,-35.22877556525972,0.0,118,-33.48512205591212,0.0,120,-1.3846485171511147,0.0,120,-59.35665730990179,0.0,118,-30.554195427196877,0.0,0.0,0.202397489677067,0.202397489677067,0.0,-7284.285653477641,-7284.285653477641,728.6309628374412,728.6309628374412,728.6309628374412,0.0,0.0,16.63096283744119,0.0,712
728.4285653477641,0.0,-7284.285653477641,16.63096283744119,28.135733107394138,0.0,-0.0,0.0006820287762682505,0.36094485086520944,0.0,799.2,0.0,0.0,1.0,888.0,-0.0,118,-54.907592471862614,0.0,118,-37.84070485366601,0.0,118,-58.89751710834267,0.0,120,-29.281887679832792,0.0,120,-36.45634138905303,0.0,118,-51.570705560393336,0.0,0.0,0.202397489677067,0.202397489677067,0.0,-7284.285653477641,-7284.285653477641,728.6309628374412,728.6309628374412,728.6309628374412,0.0,0.0,16.63096283744119,0.0,712
728.4285653477641,0.0,-7284.285653477641,14.630962837441189,43.10359966109121,0.0,-0.0,0.0010448597595590916,0.36094485086520944,0.0,799.2,0.0,0.0,1.0,888.0,-0.0,118,-31.40630686992696,0.0,118,-58.33822635467749,0.0,120,-51.22405887350395,0.0,120,-56.99740178468941,0.0,120,-0.7873752327015571,0.0,118,-3.0180342213825884,0.0,0.0,0.202397489677067,0.202397489677067,0.0,-7284.285653477641,-7284.285653477641,728.6309628374412,728.6309628374412,728.6309628374412,0.0,0.0,14.630962837441189,0.0,714
728.4285653477641,0.0,-7284.285653477641,14.630962837441189,56.271466214788276,0.0,-0.0,0.001364057552536501,0.36094485086520944,0.0,799.2,0.0,0.0,1.0,888.0,-0.0,118,-33.372132392702795,0.0,118,-31.575096506499005,0.0,120,-18.79265159459702,0.0,120,-46.42356500905435,0.0,120,-47.695260749347945,0.0,118,-47.432887498024435,0.0,0.0,0.202397489677067,0.202397489677067,0.0,-7284.285653477641,-7284.285653477641,728.6309628374412,728.6309628374412,728.6309628374412,0.0,0.0,14.630962837441189,0.0,714
728.4285653477641,0.0,-7284.285653477641,14.630962837441189,69.43933276848534,0.0,-0.0,0.0016832553455139103,0.36094485086520944,0.0,799.2,0.0,0.0,1.0,888.0,-0.0,118,-24.38199661905931,0.0,118,-41.08009371062248,0.0,120,-53.81097894705318,0.0,120,-2.5699564378034734,0.0,120,-3.7544188491892116,0.0,118,-28.381274428661968,0.0,0.0,0.202397489677067,0.202397489677067,0.0,-7284.285653477641,-7284.285653477641,728.6309628374412,728.6309628374412,728.6309628374412,0.0,0.0,14.630962837441189,0.0,714
995.0835239840616,0.0,-9950.835239840615,281.3600128765273,82.60719932218241,0.0,-0.0,0.0020024531384913195,0.36094485086520944,0.0,799.2,0.0,0.0,1.0,888.0,-0.0,118,-23.09598437013613,0.0,118,-6.656692730119007,0.0,120,-17.750995180589697,0.0,120,-38.10121133507692,0.0,120,-44.672397718212736,0.0,118,-31.770407698564114,0.0,0.0,0.276488892465702,0.276488892465702,0.0,-9950.835239840615,-9950.835239840615,995.3600128765273,995.3600128765273,995.3600128765273,0.0,0.0,281.3600128765273,0.0,714
995.0835239840616,0.0,-9950.835239840615,281.3600128765273,335.831210911057,0.0,-0.0,0.008140770632706882,0.36094485086520944,0.0,799.2,0.0,0.0,1.0,888.0,-0.0,118,-18.513786721579383,0.0,118,-0.6378488247900527,0.0,120,-16.090614418399905,0.0,120,-46.96309886246697,0.0,120,-36.614319679520065,0.0,118,-26.048558008856975,0.0,0.0,0.276488892465702,0.276488892465702,0.0,-9950.835239840615,-9950.835239840615,995.3600128765273,995.3600128765273,995.3600128765273,0.0,0.0,281.3600128765273,0.0,714
995.0835239840616,0.0,-9950.835239840615,281.3600128765273,589.0552224999316,0.0,-0.0,0.014279088126922444,0.36094485086520944,0.0,799.2,0.0,0.0,1.0,888.0,-0.0,118,-32.72629033632018,0.0,118,-31.479061966886533,0.0,120,-5.63798307105877,0.0,120,-11.563293968890875,0.0,120,-47.53815519891286,0.0,118,-57.38168410252413,0.0,0.0,0.276488892465702,0.276488892465702,0.0,-9950.835239840615,-9950.835239840615,995.3600128765273,995.3600128765273,995.3600128765273,0.0,0.0,281.3600128765273,0.0,714
995.0835239840616,0.0,-9950.835239840615,281.3600128765273,842.2792340888061,0.0,-0.0,0.020417405621138005,0.36094485086520944,0.0,799.2,0.0,0.0,1.0,888.0,-0.0,118,-26.206098724333998,0.0,118,-32.11736563670395,0.0,120,-1.5942726820644526,0.0,120,-36.205664001513775,0.0,120,-19.376084286779435,0.0,118,-36.5721949221224,0.0,0.0,0.276488892465702,0.276488892465702,0.0,-9950.835239840615,-9950.835239840615,995.3600128765273,995.3600128765273,995.3600128765273,0.0,0.0,281.3600128765273,0.0,714
995.0835239840616,0.0,-9950.835239840615,281.3600128765273,1095.5032456776808,0.0,-0.0,0.026555723115353567,0.36094485086520944,0.0,799.2,0.0,0.0,1.0,888.0,-0.0,118,-21.29130760805233,0.0,118,-6.434907604044737,0.0,120,-24.241805175074482,0.0,120,-43.58864942113521,0.0,120,-42.55027760906512,0.0,118,-18.187905886167634,0.0,0.0,0.276488892465702,0.276488892465702,0.0,-9950.835239840615,-9950.835239840615,995.3600128765273,995.3600128765273,995.3600128765273,0.0,0.0,281.3600128765273,0.0,714
995.0835239840616,0.0,-9950.835239840615,285.3600128765273,1348.7272572665554,0.0,-0.0,0.03269404060956913,0.36094485086520944,0.0,799.2,0.0,0.0,1.0,888.0,-0.0,118,-31.8189151257766,0.0,118,-24.001098919322782,0.0,120,-13.360414390208915,0.0,118,-39.99618762295244,0.0,118,-3.827104188186037,0.0,118,-24.9898578974867,0.0,0.0,0.276488892465702,0.276488892465702,0.0,-9950.835239840615,-9950.835239840615,995.3600128765273,995.3600128765273,995.3600128765273,0.0,0.0,285.3600128765273,0.0,710
1081.882790648865,0.0,-10818.82790648865,372.1833971480728,1605.55126885543,0.0,-0.0,0.03891962448441156,0.36094485086520944,0.0,799.2,0.0,0.0,1.0,888.0,-0.0,118,-20.110025600594433,0.0,118,-5.297339642671577,0.0,120,-51.9663080493314,0.0,118,-17.671886287934264,0.0,118,-56.106892451862024,0.0,118,-42.07320150782182,0.0,0.0,0.300606499207798,0.300606499207798,0.0,-10818.82790648865,-10818.82790648865,1082.1833971480728,1082.1833971480728,1082.1833971480728,0.0,0.0,372.1833971480728,0.0,710
1081.882790648865,0.0,-10818.82790648865,372.1833971480728,1940.5163262886954,0.0,-0.0,0.04703939898404226,0.36094485086520944,0.0,799.2,0.0,0.0,1.0,888.0,-0.0,118,-15.26814115994932,0.0,118,-57.96287411752938,0.0,120,-38.19150535361516,0.0,118,-31.32058768459968,0.0,118,-26.3269428608085,0.0,118,-37.126653758363815,0.0,0.0,0.300606499207798,0.300606499207798,0.0,-10818.82790648865,-10818.82790648865,1082.1833971480728,1082.1833971480728,1082.1833971480728,0.0,0.0,372.1833971480728,0.0,710
1081.882790648865,0.0,-10818.82790648865,372.1833971480728,2275.481383721961,0.0,-0.0,0.05515917348367296,0.36094485086520944,0.0,799.2,0.0,0.0,1.0,888.0,-0.0,118,-18.823820770267478,0.0,118,-3.1477642483073587,0.0,120,-37.78912122431312,0.0,118,-15.137080087987368,0.0,118,-10.325876490817594,0.0,118,-59.02056220730466,0.0,0.0,0.300606499207798,0.300606499207798,0.0,-10818.82790648865,-10818.82790648865,1082.1833971480728,1082.1833971480728,1082.1833971480728,0.0,0.0,372.1833971480728,0.0,710
1081.882790648865,0.0,-10818.82790648865,372.1833971480728,2610.4464411552262,0.0,-0.0,0.06327894798330366,0.36094485086520944,0.0,799.2,0.0,0.0,1.0,888.0,-0.0,118,-43.04858432806785,0.0,118,-24.036650063871996,0.0,120,-52.126868082422305,0.0,118,-38.199157605950425,0.0,118,-22.45227316596099,0.0,118,-44.39595417344912,0.0,0.0,0.300606499207798,0.300606499207798,0.0,-10818.82790648865,-10818.82790648865,1082.1833971480728,1082.1833971480728,1082.1833971480728,0.0,0.0,372.1833971480728,0.0,710
1081.882790648865,0.0,-10818.82790648865,372.1833971480728,2945.4114985884917,0.0,-0.0,0.07139872248293437,0.36094485086520944,0.0,799.2,0.0,0.0,1.0,888.0,-0.0,118,-17.584243556404772,0.0,118,-13.726122623207381,0.0,120,-44.42322891226333,0.0,118,-18.054663011360038,0.0,118,-9.445532130893568,0.0,118,-10.15582815641196,0.0,0.0,0.300606499207798,0.300606499207798,0.0,-10818.82790648865,-10818.82790648865,1082.1833971480728,1082.1833971480728,1082.1833971480728,0.0,0.0,372.1833971480728,0.0,710
1081.882790648865,0.0,-10818.82790648865,370.1833971480728,3280.376556021757,0.0,-0.0,0.07951849698256508,0.36094485086520944,0.0,799.2,0.0,0.0,1.0,888.0,-0.0,118,-56.15947698679376,0.0,118,-17.51840269855269,0.0,120,-10.17710517289597,0.0,120,-10.056625561159738,0.0,118,-27.12324101774009,0.0,118,-49.27748427294433,0.0,0.0,0.300606499207798,0.300606499207798,0.0,-10818.82790648865,-10818.82790648865,1082.1833971480728,1082.1833971480728,1082.1833971480728,0.0,0.0,370.1833971480728,0.0,712
1014.3494813782619,0.0,-10143.49481378262,302.6313234125431,3613.541613455023,0.0,-0.0,0.08759463829188235,0.36094485086520944,0.0,799.2,0.0,0.0,1.0,888.0,-0.0,118,-54.40789404575224,0.0,118,-43.4263043313151,0.0,120,-32.76036563189309,0.0,120,-59.652746905393016,0.0,118,-52.349235114942076,0.0,118,-6.50104471210213,0.0,0.0,0.281842034281262,0.281842034281262,0.0,-10143.49481378262,-10143.49481378262,1014.6313234125431,1014.6313234125431,1014.6313234125431,0.0,0.0,302.6313234125431,0.0,712
1014.3494813782619,0.0,-10143.49481378262,302.6313234125431,3885.9098045263117,0.0,-0.0,0.09419702335651496,0.36094485086520944,0.0,799.2,0.0,0.0,1.0,888.0,-0.0,118,-19.11107650162018,0.0,118,-23.192968803739316,0.0,120,-58.56144575434068,0.0,120,-15.466242275977415,0.0,118,-16.432202998579516,0.0,118,-53.9524554268898,0.0,0.0,0.281842034281262,0.281842034281262,0.0,-10143.49481378262,-10143.49481378262,1014.6313234125431,1014.6313234125431,1014.6313234125431,0.0,0.0,302.6313234125431,0.0,712
1014.3494813782619,0.0,-10143.49481378262,302.6313234125431,4158.2779955976,0.0,-0.0,0.10079940842114755,0.36094485086520944,0.0,799.2,0.0,0.0,1.0,888.0,-0.0,118,-4.688617674578088,0.0,118,-9.445273379563925,0.0,120,-30.722042690254426,0.0,120,-16.035398119340194,0.0,118,-30.888295824527397,0.0,118,-56.10967750022434,0.0,0.0,0.281842034281262,0.281842034281262,0.0,-10143.49481378262,-10143.49481378262,1014.6313234125431,1014.6313234125431,1014.6313234125431,0.0,0.0,302.6313234125431,0.0,712
1014.3494813782619,0.0,-10143.49481378262,302.6313234125431,4430.646186668889,0.0,-0.0,0.10740179348578016,0.36094485086520944,0.0,799.2,0.0,0.0,1.0,888.0,-0.0,118,-53.419502722872885,0.0,118,-55.72294001969345,0.0,120,-28.92150273192524,0.0,120,-43.95798815548048,0.0,118,-9.654460264331338,0.0,118,-57.078827056606244,0.0,0.0,0.281842034281262,0.281842034281262,0.0,-10143.49481378262,-10143.49481378262,1014.6313234125431,1014.6313234125431,1014.6313234125431,0.0,0.0,302.6313234125431,0.0,712
1014.3494813782619,0.0,-10143.49481378262,302.6313234125431,4703.014377740177,0.0,-0.0,0.11400417855041275,0.36094485086520944,0.0,799.2,0.0,0.0,1.0,888.0,-0.0,118,-48.243336649365176,0.0,118,-47.14906597610876,0.0,120,-44.89875126604616,0.0,120,-13.579580685327672,0.0,118,-45.741976554756555,0.0,118,-33.289820948106744,0.0,0.0,0.281842034281262,0.281842034281262,0.0,-10143.49481378262,-10143.49481378262,1014.6313234125431,1014.6313234125431,1014.6313234125431,0.0,0.0,302.6313234125431,0.0,712
1014.3494813782619,0.0,-10143.49481378262,302.6313234125431,4975.382568811466,0.0,-0.0,0.12060656361504535,0.36094485086520944,0.0,799.2,0.0,0.0,1.0,888.0,-0.0,118,-23.769100449397385,0.0,118,-18.21428149230809,0.0,120,-8.022785013434286,0.0,120,-3.3512958666676895,0.0,118,-0.43287249768884317,0.0,118,-15.002753835217534,0.0,0.0,0.281842034281262,0.281842034281262,0.0,-10143.49481378262,-10143.49481378262,1014.6313234125431,1014.6313234125431,1014.6313234125431,0.0,0.0,302.6313234125431,0.0,712
855.1837381831467,0.0,-8551.837381831467,143.42135522626518,5247.750759882754,0.0,-0.0,0.12720894867967794,0.36094485086520944,0.0,799.2,0.0,0.0,1.0,888.0,-0.0,118,-4.002661708335625,0.0,118,-46.1272730158293,0.0,120,-12.212933693496613,0.0,120,-54.185893396778255,0.0,118,-27.627484943945202,0.0,118,-55.754694638682665,0.0,0.0,0.237617043118407,0.237617043118407,0.0,-8551.837381831467,-8551.837381831467,855.4213552262652,855.4213552262652,855.4213552262652,0.0,0.0,143.42135522626518,0.0,712
855.1837381831467,0.0,-8551.837381831467,143.42135522626518,5376.829979586393,0.0,-0.0,0.1303379143234769,0.36094485086520944,0.0,799.2,0.0,0.0,1.0,888.0,-0.0,118,-38.57509083308769,0.0,118,-51.95102975952567,0.0,120,-19.670969781114085,0.0,120,-42.05567035390058,0.0,118,-10.232686729009297,0.0,118,-1.4439417239030194,0.0,0.0,0.237617043118407,0.237617043118407,0.0,-8551.837381831467,-8551.837381831467,855.4213552262652,855.4213552262652,855.4213552262652,0.0,0.0,143.42135522626518,0.0,712
855.1837381831467,0.0,-8551.837381831467,143.42135522626518,5505.909199290032,0.0,-0.0,0.13346687996727588,0.36094485086520944,0.0,799.2,0.0,0.0,1.0,888.0,-0.0,118,-45.94997684047355,0.0,118,-23.479582197713004,0.0,120,-51.313022790794015,0.0,120,-22.06410393528762,0.0,118,-7.677728104398021,0.0,118,-24.557592727427107,0.0,0.0,0.237617043118407,0.237617043118407,0.0,-8551.837381831467,-8551.837381831467,855.4213552262652,855.4213552262652,855.4213552262652,0.0,0.0,143.42135522626518,0.0,712
855.1837381831467,0.0,-8551.837381831467,143.42135522626518,5634.988418993671,0.0,-0.0,0.13659584561107485,0.36094485086520944,0.0,799.2,0.0,0.0,1.0,888.0,-0.0,118,-21.380641546469352,0.0,118,-47.76121232279257,0.0,120,-7.683497149398455,0.0,120,-40.08106430158404,0.0,118,-14.296823054737322,0.0,118,-53.714684653938605,0.0,0.0,0.237617043118407,0.237617043118407,0.0,-8551.837381831467,-8551.837381831467,855.4213552262652,855.4213552262652,855.4213552262652,0.0,0.0,143.42135522626518,0.0,712
855.1837381831467,0.0,-8551.837381831467,143.42135522626518,5764.06763869731,0.0,-0.0,0.13972481125487382,0.36094485086520944,0.0,799.2,0.0,0.0,1.0,888.0,-0.0,118,-33.930951812096325,0.0,118,-12.710274985834388,0.0,120,-52.82246880161579,0.0,120,-41.33307070124814,0.0,118,-0.5296882510712231,0.0,118,-0.3860978685194594,0.0,0.0,0.237617043118407,0.237617043118407,0.0,-8551.837381831467,-8551.837381831467,855.4213552262652,855.4213552262652,855.4213552262652,0.0,0.0,143.42135522626518,0.0,712
855.1837381831467,0.0,-8551.837381831467,145.42135522626518,5893.146858400949,0.0,-0.0,0.1428537768986728,0.36094485086520944,0.0,799.2,0.0,0.0,1.0,888.0,-0.0,118,-30.917017049462522,0.0,118,-32.06026873514305,0.0,120,-25.79628721938398,0.0,118,-23.843429461281602,0.0,118,-8.870427872380349,0.0,118,-51.770822290003444,0.0,0.0,0.237617043118407,0.237617043118407,0.0,-8551.837381831467,-8551.837381831467,855.4213552262652,855.4213552262652,855.4213552262652,0.0,0.0,145.42135522626518,0.0,710
634.082997774675,0.0,-6340.829977746751,0.0,6024.026078104587,75.74081911952487,-0.0,0.14602637573278518,0.36094485086520944,0.0,799.2,0.0,0.0,1.0,888.0,-0.0,118,-22.270226523096472,0.0,118,-46.137935385896746,0.0,120,-32.87898193089992,0.0,118,-43.22699251044145,0.0,118,-55.160428287819784,0.0,118,-27.06395836562054,0.0,0.0,0.176183105800132,0.176183105800132,0.0,-6340.829977746751,-6340.829977746751,710.0,710.0,634.2591808804751,0.0,75.74081911952487,0.0,0.0,710
634.082997774675,0.0,-6340.829977746751,0.0,5939.869612416226,75.74081911952487,-0.0,0.14398636735307072,0.36094485086520944,0.0,799.2,0.0,0.0,1.0,888.0,-0.0,118,-53.72726385686184,0.0,118,-4.128909809899497,0.0,120,-21.033905618634417,0.0,118,-22.12592127128193,0.0,118,-30.564198261423535,0.0,118,-5.830992371761383,0.0,0.0,0.176183105800132,0.176183105800132,0.0,-6340.829977746751,-6340.829977746751,710.0,710.0,634.2591808804751,0.0,75.74081911952487,0.0,0.0,710
634.082997774675,0.0,-6340.829977746751,0.0,5855.713146727865,75.74081911952487,-0.0,0.14194635897335625,0.36094485086520944,0.0,799.2,0.0,0.0,1.0,888.0,-0.0,118,-17.500330911463507,0.0,118,-58.74734309700429,0.0,120,-50.12896906303288,0.0,118,-45.90366641118966,0.0,118,-54.14219247884745,0.0,118,-19.799850453712004,0.0,0.0,0.176183105800132,0.176183105800132,0.0,-6340.829977746751,-6340.829977746751,710.0,710.0,634.2591808804751,0.0,75.74081911952487,0.0,0.0,710
634.082997774675,0.0,-6340.829977746751,0.0,5771.556681039504,75.74081911952487,-0.0,0.13990635059364176,0.36094485086520944,0.0,799.2,0.0,0.0,1.0,888.0,-0.0,118,-26.73924431887302,0.0,118,-22.527150495652524,0.0,120,-39.84967212478549,0.0,118,-7.275133569328103,0.0,118,-28.38053814198649,0.0,118,-2.813422894563018,0.0,0.0,0.176183105800132,0.176183105800132,0.0,-6340.829977746751,-6340.829977746751,710.0,710.0,634.2591808804751,0.0,75.74081911952487,0.0,0.0,710
634.082997774675,0.0,-6340.829977746751,0.0,5687.400215351143,75.74081911952487,-0.0,0.1378663422139273,0.36094485086520944,0.0,799.2,0.0,0.0,1.0,888.0,-0.0,118,-43.47082840669126,0.0,118,-17.774568401156237,0.0,120,-28.260259877473388,0.0,118,-53.55416018035209,0.0,118,-1.382339852005312,0.0,118,-40.871816495502,0.0,0.0,0.176183105800132,0.176183105800132,0.0,-6340.829977746751,-6340.829977746751,710.0,710.0,634.2591808804751,0.0,75.74081911952487,0.0,0.0,710
634.082997774675,0.0,-6340.829977746751,0.0,5603.243749662782,75.74081911952487,-0.0,0.13582633383421283,0.36094485086520944,0.0,799.2,0.0,0.0,1.0,888.0,-0.0,118,-26.35076000380074,0.0,118,-13.072544732086964,0.0,120,-46.0357484722857,0.0,118,-50.22064582135643,0.0,118,-27.83129243086354,0.0,118,-49.09592766467347,0.0,0.0,0.176183105800132,0.176183105800132,0.0,-6340.829977746751,-6340.829977746751,710.0,710.0,634.2591808804751,0.0,75.74081911952487,0.0,0.0,710
299.56384719002864,0.0,-2995.6384719002863,0.0,5519.087283974421,410.3529175092795,-0.0,0.13378632545449837,0.36094485086520944,0.0,799.2,0.0,0.0,1.0,888.0,-0.0,118,-19.823775486974824,0.0,118,-27.03092548534183,0.0,120,-1.5676502757543975,0.0,118,-25.747004488076847,0.0,118,-55.115853766814034,0.0,118,-40.06276388469368,0.0,0.0,0.0832353006918668,0.0832353006918668,0.0,-2995.6384719002863,-2995.6384719002863,710.0,710.0,299.6470824907205,0.0,410.3529175092795,0.0,0.0,710
299.56384719002864,0.0,-2995.6384719002863,0.0,5063.139597852999,410.3529175092795,-0.0,0.12273385203144012,0.36094485086520944,0.0,799.2,0.0,0.0,1.0,888.0,-0.0,118,-44.14433763986132,0.0,118,-42.623684716013884,0.0,120,-38.14028209687638,0.0,118,-1.070582779277145,0.0,118,-33.83535662669395,0.0,118,-36.087240124333576,0.0,0.0,0.0832353006918668,0.0832353006918668,0.0,-2995.6384719002863,-2995.6384719002863,710.0,710.0,299.6470824907205,0.0,410.3529175092795,0.0,0.0,710
299.56384719002864,0.0,-2995.6384719002863,0.0,4607.191911731577,412.3529175092795,-0.0,0.11168137860838187,0.36094485086520944,0.0,799.2,0.0,0.0,1.0,888.0,-0.0,120,-7.7888681945431255,0.0,118,-44.598342293417076,0.0,120,-56.55877038296109,0.0,118,-15.580645095980437,0.0,118,-14.660219492855775,0.0,118,-7.252977503927562,0.0,0.0,0.0832353006918668,0.0832353006918668,0.0,-2995.6384719002863,-2995.6384719002863,712.0,712.0,299.6470824907205,0.0,412.3529175092795,0.0,0.0,712
299.56384719002864,0.0,-2995.6384719002863,0.0,4149.022003387933,412.3529175092795,-0.0,0.1005750370491342,0.36094485086520944,0.0,799.2,0.0,0.0,1.0,888.0,-0.0,120,-17.16978137030963,0.0,118,-35.27142634199806,0.0,120,-29.049296304329083,0.0,118,-33.85287674954008,0.0,118,-37.80233827854482,0.0,118,-47.594632514601514,0.0,0.0,0.0832353006918668,0.0832353006918668,0.0,-2995.6384719002863,-2995.6384719002863,712.0,712.0,299.6470824907205,0.0,412.3529175092795,0.0,0.0,712
299.56384719002864,0.0,-2995.6384719002863,0.0,3690.8520950442894,412.3529175092795,-0.0,0.08946869548988653,0.36094485086520944,0.0,799.2,0.0,0.0,1.0,888.0,-0.0,120,-39.423579199178874,0.0,118,-52.260912952597295,0.0,120,-32.85137686499286,0.0,118,-29.01276189172873,0.0,118,-16.74892916757435,0.0,118,-48.56890175944709,0.0,0.0,0.0832353006918668,0.0832353006918668,0.0,-2995.6384719002863,-2995.6384719002863,712.0,712.0,299.6470824907205,0.0,412.3529175092795,0.0,0.0,712
299.56384719002864,0.0,-2995.6384719002863,0.0,3232.6821867006456,412.3529175092795,-0.0,0.07836235393063888,0.36094485086520944,0.0,799.2,0.0,0.0,1.0,888.0,-0.0,120,-9.607675847421069,0.0,118,-46.561114065937886,0.0,120,-21.59036039507363,0.0,118,-50.95552380858872,0.0,118,-0.9744476575617123,0.0,118,-33.505556342015716,0.0,0.0,0.0832353006918668,0.0832353006918668,0.0,-2995.6384719002863,-2995.6384719002863,712.0,712.0,299.6470824907205,0.0,412.3529175092795,0.0,0.0,712
0.0,0.0,-0.0,0.0,2774.512278357002,712.0,-0.0,0.06725601237139121,0.36094485086520944,0.0,799.2,0.0,0.0,1.0,888.0,-0.0,120,-26.858178389687755,0.0,118,-1.8498053237430012,0.0,120,-5.054456702358754,0.0,118,-29.786939870495207,0.0,118,-11.641151306594171,0.0,118,-10.499514310699158,0.0,0.0,0.0,0.0,0.0,0.0,0.0,712.0,712.0,0.0,0.0,712.0,0.0,0.0,712
0.0,0.0,-0.0,0.0,1983.4011672458907,712.0,-0.0,0.04807895588795701,0.36094485086520944,0.0,799.2,0.0,0.0,1.0,888.0,-0.0,120,-52.755738799812356,0.0,118,-1.208733715110728,0.0,120,-5.988609536424894,0.0,118,-5.659494865836585,0.0,118,-52.725484427495765,0.0,118,-25.917307153657692,0.0,0.0,0.0,0.0,0.0,0.0,0.0,712.0,712.0,0.0,0.0,712.0,0.0,0.0,712
0.0,0.0,-0.0,0.0,1192.2900561347797,712.0,-0.0,0.028901899404522813,0.36094485086520944,0.0,799.2,0.0,0.0,1.0,888.0,-0.0,120,-19.716794278633646,0.0,118,-23.72055356814945,0.0,120,-12.301258913919728,0.0,118,-13.227720425217704,0.0,118,-27.913824413662326,0.0,118,-24.65805695843471,0.0,0.0,0.0,0.0,0.0,0.0,0.0,712.0,712.0,0.0,0.0,712.0,0.0,0.0,712
0.0,0.0,-0.0,0.0,401.1789450236686,361.06105052130175,-0.0,0.009724842921088614,0.36094485086520944,126.669606782382,799.2,0.0,350.93894947869825,1.0,888.0,-311633.78713708406,120,-45.43566031116166,0.0,118,-19.98915804972105,0.0,120,-5.13873134166632,0.0,118,-37.23300162023367,0.0,118,-24.2214373431665,0.0,118,-46.35341861766223,0.0,0.0,0.0,0.0,0.0,-311633.78713708406,-311633.78713708406,712.0,712.0,0.0,0.0,712.0,0.0,0.0,712
0.0,0.0,-0.0,0.0,0.0,0.0,-0.0,0.0,0.36094485086520944,256.9927338160291,799.2,0.0,712.0,1.0,888.0,-632256.0,120,-24.35144633426056,0.0,118,-19.698822029474044,0.0,120,-22.364578049722276,0.0,118,-51.636136277827745,0.0,118,-59.79212033310421,0.0,118,-55.61612080369375,0.0,0.0,0.0,0.0,0.0,-632256.0,-632256.0,712.0,712.0,0.0,0.0,712.0,0.0,0.0,712
0.0,0.0,-0.0,0.0,0.0,0.0,-0.0,0.0,0.36094485086520944,256.9927338160291,799.2,0.0,712.0,1.0,888.0,-632256.0,120,-9.290691777282166,0.0,118,-6.985660281602151,0.0,120,-29.936629605614332,0.0,118,-4.315532733650631,0.0,118,-48.025437280635586,0.0,118,-47.65364771010733,0.0,0.0,0.0,0.0,0.0,-632256.0,-632256.0,712.0,712.0,0.0,0.0,712.0,0.0,0.0,712
0.0,0.0,-0.0,0.0,0.0,0.0,-0.0,0.0,0.36094485086520944,256.9927338160291,799.2,0.0,712.0,1.0,888.0,-632256.0,120,-34.11124786077938,0.0,118,-42.97480811019245,0.0,120,-53.29900652504965,0.0,118,-4.064976862504173,0.0,118,-18.690509047466954,0.0,118,-26.183871965222735,0.0,0.0,0.0,0.0,0.0,-632256.0,-632256.0,712.0,712.0,0.0,0.0,712.0,0.0,0.0,712
0.0,0.0,-0.0,0.0,0.0,0.0,-0.0,0.0,0.36094485086520944,256.9927338160291,799.2,0.0,712.0,1.0,888.0,-632256.0,120,-13.25020247411209,0.0,118,-53.86129211124331,0.0,120,-16.10422064532831,0.0,118,-40.51544540163761,0.0,118,-46.30519590871941,0.0,118,-51.0085768578791,0.0,0.0,0.0,0.0,0.0,-632256.0,-632256.0,712.0,712.0,0.0,0.0,712.0,0.0,0.0,712
0.0,0.0,-0.0,0.0,0.0,0.0,-0.0,0.0,0.36094485086520944,257.71462351775955,799.2,0.0,714.0,1.0,888.0,-634032.0,120,-21.123719415274177,0.0,120,-52.18740562910949,0.0,120,-41.681472149073805,0.0,118,-15.112956813580967,0.0,118,-16.106107437172643,0.0,118,-27.255550483909254,0.0,0.0,0.0,0.0,0.0,-634032.0,-634032.0,714.0,714.0,0.0,0.0,714.0,0.0,0.0,714
0.0,0.0,-0.0,0.0,0.0,0.0,-0.0,0.0,0.36094485086520944,258.43651321948994,799.2,0.0,716.0,1.0,888.0,-635808.0,120,-37.29063863544491,0.0,120,-0.5970432485079091,0.0,120,-7.102556946658876,0.0,120,-34.4723437873573,0.0,118,-12.724500247690582,0.0,118,-37.76638787809367,0.0,0.0,0.0,0.0,0.0,-635808.0,-635808.0,716.0,716.0,0.0,0.0,716.0,0.0,0.0,716
0.0,0.0,-0.0,0.0,0.0,0.0,-0.0,0.0,0.36094485086520944,258.43651321948994,799.2,0.0,716.0,1.0,888.0,-635808.0,120,-57.30494944079497,0.0,120,-23.741713997152505,0.0,120,-2.2055428172813873,0.0,120,-16.370311779713674,0.0,118,-51.57673643692411,0.0,118,-44.85701176836865,0.0,0.0,0.0,0.0,0.0,-635808.0,-635808.0,716.0,716.0,0.0,0.0,716.0,0.0,0.0,716
0.0,0.0,-0.0,0.0,0.0,0.0,-0.0,0.0,0.36094485086520944,258.43651321948994,799.2,0.0,716.0,1.0,888.0,-635808.0,120,-50.02100847278092,0.0,120,-0.22030315416627255,0.0,120,-41.3290168233326,0.0,120,-54.15875777032506,0.0,118,-16.539451404402406,0.0,118,-36.367306367309105,0.0,0.0,0.0,0.0,0.0,-635808.0,-635808.0,716.0,716.0,0.0,0.0,716.0,0.0,0.0,716
0.0,0.0,-0.0,0.0,0.0,0.0,-0.0,0.0,0.36094485086520944,258.43651321948994,799.2,0.0,716.0,1.0,888.0,-635808.0,120,-56.19545392244739,0.0,120,-47.22442335162768,0.0,120,-46.97346263140487,0.0,120,-2.226107745768442,0.0,118,-0.01265306582075354,0.0,118,-36.07851654260253,0.0,0.0,0.0,0.0,0.0,-635808.0,-635808.0,716.0,716.0,0.0,0.0,716.0,0.0,0.0,716
0.0,0.0,-0.0,0.0,0.0,0.0,-0.0,0.0,0.36094485086520944,258.43651321948994,799.2,0.0,716.0,1.0,888.0,-635808.0,120,-33.42387272330348,0.0,120,-12.748616598059339,0.0,120,-36.38604547954988,0.0,120,-38.471876514071454,0.0,118,-22.663068201608816,0.0,118,-5.953282327469553,0.0,0.0,0.0,0.0,0.0,-635808.0,-635808.0,716.0,716.0,0.0,0.0,716.0,0.0,0.0,716
0.0,0.0,-0.0,0.0,0.0,0.0,-0.0,0.0,0.36094485086520944,258.43651321948994,799.2,0.0,716.0,1.0,888.0,-635808.0,120,-27.255902946104403,0.0,120,-51.77392046200128,0.0,120,-37.77836412610819,0.0,120,-26.957184545928833,0.0,118,-58.29280825958262,0.0,118,-23.30919217679928,0.0,0.0,0.0,0.0,0.0,-635808.0,-635808.0,716.0,716.0,0.0,0.0,716.0,0.0,0.0,716
0.0,0.0,-0.0,0.0,0.0,0.0,-0.0,0.0,0.36094485086520944,257.71462351775955,799.2,0.0,714.0,1.0,888.0,-634032.0,118,-45.98240853343938,0.0,120,-31.628945182426353,0.0,120,-47.145161664968015,0.0,120,-6.188049314236592,0.0,118,-25.52510516246505,0.0,118,-18.810272523736444,0.0,0.0,0.0,0.0,0.0,-634032.0,-634032.0,714.0,714.0,0.0,0.0,714.0,0.0,0.0,714
0.0,0.0,-0.0,0.0,0.0,0.0,-0.0,0.0,0.36094485086520944,257.71462351775955,799.2,0.0,714.0,1.0,888.0,-634032.0,118,-7.779397795452507,0.0,120,-59.750068360079155,0.0,120,-14.011354730401376,0.0,120,-26.285417685475142,0.0,118,-38.81101197076817,0.0,118,-38.715445333874015,0.0,0.0,0.0,0.0,0.0,-634032.0,-634032.0,714.0,714.0,0.0,0.0,714.0,0.0,0.0,714
0.0,0.0,-0.0,0.0,0.0,0.0,-0.0,0.0,0.36094485086520944,257.71462351775955,799.2,0.0,714.0,1.0,888.0,-634032.0,118,-29.974016419472477,0.0,120,-24.036354239292923,0.0,120,-23.59851182575393,0.0,120,-37.67581825036598,0.0,118,-28.869091750623245,0.0,118,-16.437911894450853,0.0,0.0,0.0,0.0,0.0,-634032.0,-634032.0,714.0,714.0,0.0,0.0,714.0,0.0,0.0,714
0.0,0.0,-0.0,0.0,0.0,0.0,-0.0,0.0,0.36094485086520944,257.71462351775955,799.2,0.0,714.0,1.0,888.0,-634032.0,118,-33.50422508530319,0.0,120,-57.684997115719774,0.0,120,-23.048346859849715,0.0,120,-20.437591721015295,0.0,118,-47.093354485669096,0.0,118,-25.869198760160426,0.0,0.0,0.0,0.0,0.0,-634032.0,-634032.0,714.0,714.0,0.0,0.0,714.0,0.0,0.0,714
0.0,0.0,-0.0,0.0,0.0,0.0,-0.0,0.0,0.36094485086520944,257.71462351775955,799.2,0.0,714.0,1.0,888.0,-634032.0,118,-18.188766633741217,0.0,120,-21.58907441715042,0.0,120,-55.681745010734076,0.0,120,-2.2787030931570107,0.0,118,-45.164542994054464,0.0,118,-41.97274470287374,0.0,0.0,0.0,0.0,0.0,-634032.0,-634032.0,714.0,714.0,0.0,0.0,714.0,0.0,0.0,714
0.0,0.0,-0.0,0.0,0.0,0.0,-0.0,0.0,0.36094485086520944,257.71462351775955,799.2,0.0,714.0,1.0,888.0,-634032.0,118,-45.94534957534984,0.0,120,-41.97649527470971,0.0,120,-29.87566696137537,0.0,120,-27.393684589572626,0.0,118,-54.375412137775335,0.0,118,-37.02260592192017,0.0,0.0,0.0,0.0,0.0,-634032.0,-634032.0,714.0,714.0,0.0,0.0,714.0,0.0,0.0,714
0.0,0.0,-0.0,0.0,0.0,0.0,-0.0,0.0,0.36094485086520944,257.71462351775955,799.2,0.0,714.0,1.0,888.0,-634032.0,118,-50.539675436059014,0.0,120,-0.2491130465829472,0.0,120,-49.901509139221446,0.0,120,-0.3247215848575702,0.0,118,-19.16878825481482,0.0,118,-12.70623182737796,0.0,0.0,0.0,0.0,0.0,-634032.0,-634032.0,714.0,714.0,0.0,0.0,714.0,0.0,0.0,714
0.0,0.0,-0.0,0.0,0.0,0.0,-0.0,0.0,0.36094485086520944,257.71462351775955,799.2,0.0,714.0,1.0,888.0,-634032.0,118,-59.784682800055705,0.0,120,-20.1236436675053,0.0,120,-16.807009787779336,0.0,120,-18.019787819157106,0.0,118,-7.451027046107659,0.0,118,-8.880634890861286,0.0,0.0,0.0,0.0,0.0,-634032.0,-634032.0,714.0,714.0,0.0,0.0,714.0,0.0,0.0,714
0.0,0.0,-0.0,0.0,0.0,0.0,-0.0,0.0,0.36094485086520944,257.71462351775955,799.2,0.0,714.0,1.0,888.0,-634032.0,118,-46.76589821436852,0.0,120,-36.932482237481466,0.0,120,-1.8752642251490537,0.0,120,-30.991231729497667,0.0,118,-57.53244775363322,0.0,118,-8.999119672161921,0.0,0.0,0.0,0.0,0.0,-634032.0,-634032.0,714.0,714.0,0.0,0.0,714.0,0.0,0.0,714
0.0,0.0,-0.0,0.0,0.0,0.0,-0.0,0.0,0.36094485086520944,257.71462351775955,799.2,0.0,714.0,1.0,888.0,-634032.0,118,-36.2529399565746,0.0,120,-47.34028791322363,0.0,120,-46.26491254029445,0.0,120,-34.738188330582325,0.0,118,-24.24453345554751,0.0,118,-36.46825458561719,0.0,0.0,0.0,0.0,0.0,-634032.0,-634032.0,714.0,714.0,0.0,0.0,714.0,0.0,0.0,714
0.0,0.0,-0.0,0.0,0.0,0.0,-0.0,0.0,0.36094485086520944,257.71462351775955,799.2,0.0,714.0,1.0,888.0,-634032.0,118,-29.054397374291735,0.0,120,-37.140743508223025,0.0,120,-57.74615432723428,0.0,120,-51.863974700481315,0.0,118,-7.890032552048827,0.0,118,-28.460227485206875,0.0,0.0,0.0,0.0,0.0,-634032.0,-634032.0,714.0,714.0,0.0,0.0,714.0,0.0,0.0,714
0.0,0.0,-0.0,0.0,0.0,0.0,-0.0,0.0,0.36094485086520944,257.71462351775955,799.2,0.0,714.0,1.0,888.0,-634032.0,118,-16.45449947938156,0.0,120,-21.210631376531786,0.0,120,-39.54355281076026,0.0,120,-32.29463724049901,0.0,118,-56.09711769301779,0.0,118,-15.958570388099794,0.0,0.0,0.0,0.0,0.0,-634032.0,-634032.0,714.0,714.0,0.0,0.0,714.0,0.0,0.0,714
0.0,0.0,-0.0,0.0,0.0,0.0,-0.0,0.0,0.36094485086520944,257.71462351775955,799.2,0.0,714.0,1.0,888.0,-634032.0,118,-40.8022647533928,0.0,120,-33.55716168425241,0.0,120,-23.193033120780882,0.0,120,-37.83090688267684,0.0,118,-11.25981566428562,0.0,118,-19.67097031773785,0.0,0.0,0.0,0.0,0.0,-634032.0,-634032.0,714.0,714.0,0.0,0.0,714.0,0.0,0.0,714
0.0,0.0,-0.0,0.0,0.0,0.0,-0.0,0.0,0.36094485086520944,257.71462351775955,799.2,0.0,714.0,1.0,888.0,-634032.0,118,-36.527486942788684,0.0,120,-9.279188944204812,0.0,120,-24.88625996583878,0.0,120,-34.312082912256486,0.0,118,-8.151059935084843,0.0,118,-41.85139765342902,0.0,0.0,0.0,0.0,0.0,-634032.0,-634032.0,714.0,714.0,0.0,0.0,714.0,0.0,0.0,714
0.0,0.0,-0.0,0.0,0.0,0.0,-0.0,0.0,0.36094485086520944,257.71462351775955,799.2,0.0,714.0,1.0,888.0,-634032.0,118,-59.80596651227623,0.0,120,-0.1958674997305221,0.0,120,-2.678450840097686,0.0,120,-21.845967748427718,0.0,118,-37.37616542333733,0.0,118,-17.53717583049914,0.0,0.0,0.0,0.0,0.0,-634032.0,-634032.0,714.0,714.0,0.0,0.0,714.0,0.0,0.0,714
0.0,0.0,-0.0,0.0,0.0,0.0,-0.0,0.0,0.36094485086520944,257.71462351775955,799.2,0.0,714.0,1.0,888.0,-634032.0,118,-18.7697760851414,0.0,120,-1.5967694464728344,0.0,120,-34.32916235615469,0.0,120,-43.924255130012064,0.0,118,-5.004279179969684,0.0,118,-30.131758866117178,0.0,0.0,0.0,0.0,0.0,-634032.0,-634032.0,714.0,714.0,0.0,0.0,714.0,0.0,0.0,714
0.0,0.0,-0.0,0.0,0.0,0.0,-0.0,0.0,0.36094485086520944,257.71462351775955,799.2,0.0,714.0,1.0,888.0,-634032.0,118,-19.7970624238399,0.0,120,-43.00760057409419,0.0,120,-21.871366603550854,0.0,120,-18.54099468560436,0.0,118,-11.40716412443037,0.0,118,-55.01829497164265,0.0,0.0,0.0,0.0,0.0,-634032.0,-634032.0,714.0,714.0,0.0,0.0,714.0,0.0,0.0,714
0.0,0.0,-0.0,0.0,0.0,0.0,-0.0,0.0,0.36094485086520944,257.71462351775955,799.2,0.0,714.0,1.0,888.0,-634032.0,118,-0.8933302662568177,0.0,120,-44.6040253207755,0.0,120,-47.47255798029264,0.0,120,-56.454535210176005,0.0,118,-55.791804372086816,0.0,118,-37.26251754306791,0.0,0.0,0.0,0.0,0.0,-634032.0,-634032.0,714.0,714.0,0.0,0.0,714.0,0.0,0.0,714
0.0,0.0,-0.0,0.0,0.0,0.0,-0.0,0.0,0.36094485086520944,257.71462351775955,799.2,0.0,714.0,1.0,888.0,-634032.0,118,-51.53109442289142,0.0,120,-11.392954872602646,0.0,120,-41.27082394758852,0.0,120,-15.542126733352593,0.0,118,-52.09685264424643,0.0,118,-51.76376511347732,0.0,0.0,0.0,0.0,0.0,-634032.0,-634032.0,714.0,714.0,0.0,0.0,714.0,0.0,0.0,714
0.0,0.0,-0.0,0.0,0.0,0.0,-0.0,0.0,0.36094485086520944,279.3713145696721,799.2,0.0,774.0,1.0,888.0,-687312.0,118,-39.30871856598556,0.0,120,-50.935500556051934,0.0,120,-7.86905228927826,0.0,180,-31.732585959995834,0.0,118,-11.810745085306491,0.0,118,-37.398100985793185,0.0,0.0,0.0,0.0,0.0,-687312.0,-687312.0,774.0,774.0,0.0,0.0,774.0,0.0,0.0,774
0.0,0.0,-0.0,0.0,0.0,0.0,-0.0,0.0,0.36094485086520944,279.3713145696721,799.2,0.0,774.0,1.0,888.0,-687312.0,118,-44.50237668220206,0.0,120,-5.881901048277076,0.0,120,-49.560702555306364,0.0,180,-31.38442755242827,0.0,118,-44.094424527700134,0.0,118,-15.620016414925237,0.0,0.0,0.0,0.0,0.0,-687312.0,-687312.0,774.0,774.0,0.0,0.0,774.0,0.0,0.0,774
0.0,0.0,-0.0,0.0,0.0,0.0,-0.0,0.0,0.36094485086520944,280.09320427140256,799.2,0.0,776.0,1.0,888.0,-689088.0,118,-1.7974380121849176,0.0,120,-32.9437175719917,0.0,120,-35.63279578750584,0.0,180,-23.585495759858052,0.0,120,-58.57422152946352,0.0,118,-32.76409328392505,0.0,0.0,0.0,0.0,0.0,-689088.0,-689088.0,776.0,776.0,0.0,0.0,776.0,0.0,0.0,776
0.0,0.0,-0.0,0.0,0.0,0.0,-0.0,0.0,0.36094485086520944,280.09320427140256,799.2,0.0,776.0,1.0,888.0,-689088.0,118,-5.4519682648007635,0.0,120,-42.930046713036624,0.0,120,-38.007133307977405,0.0,180,-10.839931740448668,0.0,120,-57.11344735420872,0.0,118,-50.13670995464027,0.0,0.0,0.0,0.0,0.0,-689088.0,-689088.0,776.0,776.0,0.0,0.0,776.0,0.0,0.0,776
0.0,0.0,-0.0,0.0,0.0,0.0,-0.0,0.0,0.36094485086520944,280.09320427140256,799.2,0.0,776.0,1.0,888.0,-689088.0,118,-24.48974502824313,0.0,120,-38.01652522163431,0.0,120,-52.34435607884082,0.0,180,-57.22831461212342,0.0,120,-58.84792345040327,0.0,118,-44.73530047819955,0.0,0.0,0.0,0.0,0.0,-689088.0,-689088.0,776.0,776.0,0.0,0.0,776.0,0.0,0.0,776
0.0,0.0,-0.0,0.0,0.0,0.0,-0.0,0.0,0.36094485086520944,280.09320427140256,799.2,0.0,776.0,1.0,888.0,-689088.0,118,-20.243534858360924,0.0,120,-55.093572306371286,0.0,120,-31.523327625718654,0.0,180,-39.75768675213562,0.0,120,-6.3127464695258695,0.0,118,-36.28922711667662,0.0,0.0,0.0,0.0,0.0,-689088.0,-689088.0,776.0,776.0,0.0,0.0,776.0,0.0,0.0,776
0.0,0.0,-0.0,0.0,0.0,0.0,-0.0,0.0,0.36094485086520944,280.09320427140256,799.2,0.0,776.0,1.0,888.0,-689088.0,118,-47.5235147375306,0.0,120,-26.002301174087215,0.0,120,-44.59898471645664,0.0,180,-41.41699147981202,0.0,120,-24.83441051829943,0.0,118,-37.94760330590325,0.0,0.0,0.0,0.0,0.0,-689088.0,-689088.0,776.0,776.0,0.0,0.0,776.0,0.0,0.0,776
0.0,0.0,-0.0,0.0,0.0,0.0,-0.0,0.0,0.36094485086520944,278.6494248679417,799.2,0.0,772.0,1.0,888.0,-685536.0,118,-56.73050471667103,0.0,118,-35.620087606209495,0.0,120,-11.933223287462685,0.0,180,-46.20884229702547,0.0,118,-15.75001348857217,0.0,118,-31.56854700620145,0.0,0.0,0.0,0.0,0.0,-685536.0,-685536.0,772.0,772.0,0.0,0.0,772.0,0.0,0.0,772
0.0,0.0,-0.0,0.0,0.0,0.0,-0.0,0.0,0.36094485086520944,277.92753516621127,799.2,0.0,770.0,1.0,888.0,-683760.0,118,-6.389361919825625,0.0,118,-28.637939433252825,0.0,118,-7.17029412370175,0.0,180,-26.299009433526436,0.0,118,-2.834577463835044,0.0,118,-33.517849634940866,0.0,0.0,0.0,0.0,0.0,-683760.0,-683760.0,770.0,770.0,0.0,0.0,770.0,0.0,0.0,770
0.0,0.0,-0.0,0.0,0.0,0.0,-0.0,0.0,0.36094485086520944,277.92753516621127,799.2,0.0,770.0,1.0,888.0,-683760.0,118,-5.359804049270281,0.0,118,-14.737248779120346,0.0,118,-41.10109483324641,0.0,180,-7.7686689428817175,0.0,118,-47.26020780870667,0.0,118,-10.068314867992289,0.0,0.0,0.0,0.0,0.0,-683760.0,-683760.0,770.0,770.0,0.0,0.0,770.0,0.0,0.0,770
0.0,0.0,-0.0,0.0,0.0,0.0,-0.0,0.0,0.36094485086520944,300.3061159198543,799.2,0.0,832.0,1.0,888.0,-738816.0,118,-43.116079622965,0.0,118,-1.9529378781014994,0.0,118,-54.158879483085386,0.0,180,-19.825226691852183,0.0,180,-7.3492792256327455,0.0,118,-36.103101687808504,0.0,0.0,0.0,0.0,0.0,-738816.0,-738816.0,832.0,832.0,0.0,0.0,832.0,0.0,0.0,832
0.0,0.0,-0.0,0.0,0.0,0.0,-0.0,0.0,0.36094485086520944,300.3061159198543,799.2,0.0,832.0,1.0,888.0,-738816.0,118,-25.041931551573867,0.0,118,-45.5357367441387,0.0,118,-37.541887400977444,0.0,180,-51.89949742305374,0.0,180,-15.00043472671278,0.0,118,-44.06873675163742,0.0,0.0,0.0,0.0,0.0,-738816.0,-738816.0,832.0,832.0,0.0,0.0,832.0,0.0,0.0,832
0.0,0.0,-0.0,0.0,0.0,0.0,-0.0,0.0,0.36094485086520944,300.3061159198543,799.2,0.0,832.0,1.0,888.0,-738816.0,118,-37.648885263979814,0.0,118,-3.4153773108571617,0.0,118,-26.94849225603142,0.0,180,-19.25073148690145,0.0,180,-51.191957930446875,0.0,118,-31.552190709035873,0.0,0.0,0.0,0.0,0.0,-738816.0,-738816.0,832.0,832.0,0.0,0.0,832.0,0.0,0.0,832
0.0,0.0,-0.0,0.0,0.0,0.0,-0.0,0.0,0.36094485086520944,301.02800562158467,799.2,0.0,834.0,1.0,888.0,-740592.0,118,-4.32220323587853,0.0,118,-54.468798016638736,0.0,120,-1.2314997643849601,0.0,180,-24.544381399382612,0.0,180,-4.656874890255356,0.0,118,-23.477836395315514,0.0,0.0,0.0,0.0,0.0,-740592.0,-740592.0,834.0,834.0,0.0,0.0,834.0,0.0,0.0,834
0.0,0.0,-0.0,0.0,0.0,0.0,-0.0,0.0,0.36094485086520944,300.3061159198543,799.2,0.0,832.0,1.0,888.0,-738816.0,118,-31.414327274103563,0.0,118,-43.52221372793655,0.0,118,-56.02511575059832,0.0,180,-47.32115744284055,0.0,180,-26.275216817941732,0.0,118,-31.66474116696439,0.0,0.0,0.0,0.0,0.0,-738816.0,-738816.0,832.0,832.0,0.0,0.0,832.0,0.0,0.0,832
0.0,0.0,-0.0,0.0,0.0,0.0,-0.0,0.0,0.36094485086520944,301.02800562158467,799.2,0.0,834.0,1.0,888.0,-740592.0,118,-0.3286628989604812,0.0,118,-57.87545520475369,0.0,120,-26.946709706195648,0.0,180,-45.661470435663375,0.0,180,-7.043699421149601,0.0,118,-39.12229426839352,0.0,0.0,0.0,0.0,0.0,-740592.0,-740592.0,834.0,834.0,0.0,0.0,834.0,0.0,0.0,834
0.0,0.0,-0.0,0.0,0.0,0.0,-0.0,0.0,0.36094485086520944,301.02800562158467,799.2,0.0,834.0,1.0,888.0,-740592.0,118,-33.160042248024254,0.0,118,-10.348035429225693,0.0,120,-37.40904350710421,0.0,180,-7.099220832090678,0.0,180,-53.24344889694314,0.0,118,-15.43317952556773,0.0,0.0,0.0,0.0,0.0,-740592.0,-740592.0,834.0,834.0,0.0,0.0,834.0,0.0,0.0,834
0.0,0.0,-0.0,0.0,0.0,0.0,-0.0,0.0,0.36094485086520944,301.02800562158467,799.2,0.0,834.0,1.0,888.0,-740592.0,118,-6.2562839140224025,0.0,118,-18.6873525063399,0.0,120,-46.0681243673001,0.0,180,-26.99851133535503,0.0,180,-40.51126292670463,0.0,118,-1.1251709467894333,0.0,0.0,0.0,0.0,0.0,-740592.0,-740592.0,834.0,834.0,0.0,0.0,834.0,0.0,0.0,834
0.0,0.0,-0.0,0.0,0.0,0.0,-0.0,0.0,0.36094485086520944,301.7498953233151,799.2,0.0,836.0,1.0,888.0,-742368.0,120,-13.149676013604738,0.0,118,-55.65676063532417,0.0,120,-42.99146310702706,0.0,180,-54.49946630180338,0.0,180,-45.57870268552484,0.0,118,-5.494782391836313,0.0,0.0,0.0,0.0,0.0,-742368.0,-742368.0,836.0,836.0,0.0,0.0,836.0,0.0,0.0,836
0.0,0.0,-0.0,0.0,0.0,0.0,-0.0,0.0,0.36094485086520944,301.02800562158467,799.2,0.0,834.0,1.0,888.0,-740592.0,118,-18.26128353367208,0.0,118,-2.0875065060026565,0.0,120,-49.87675490531109,0.0,180,-45.47258484000337,0.0,180,-24.389563937630385,0.0,118,-49.781185885537575,0.0,0.0,0.0,0.0,0.0,-740592.0,-740592.0,834.0,834.0,0.0,0.0,834.0,0.0,0.0,834
0.0,0.0,-0.0,0.0,0.0,0.0,-0.0,0.0,0.36094485086520944,301.02800562158467,799.2,0.0,834.0,1.0,888.0,-740592.0,118,-51.02879117463659,0.0,118,-12.01122609185961,0.0,120,-58.09801782909621,0.0,180,-35.04182812187899,0.0,180,-13.709026155423583,0.0,118,-37.67609833358003,0.0,0.0,0.0,0.0,0.0,-740592.0,-740592.0,834.0,834.0,0.0,0.0,834.0,0.0,0.0,834
0.0,0.0,-0.0,0.0,0.0,0.0,-0.0,0.0,0.36094485086520944,301.02800562158467,799.2,0.0,834.0,1.0,888.0,-740592.0,118,-36.84554722575027,0.0,118,-56.7290826554415,0.0,120,-2.4378060807402147,0.0,180,-17.979931615283387,0.0,180,-23.49695726678148,0.0,118,-33.380338890400736,0.0,0.0,0.0,0.0,0.0,-740592.0,-740592.0,834.0,834.0,0.0,0.0,834.0,0.0,0.0,834
0.0,0.0,-0.0,0.0,0.0,0.0,-0.0,0.0,0.36094485086520944,301.7498953233151,799.2,0.0,836.0,1.0,888.0,-742368.0,120,-52.56818236186754,0.0,118,-11.62859963787254,0.0,120,-10.134161998762302,0.0,180,-14.211253226151868,0.0,180,-11.020074680004406,0.0,118,-34.15149847932864,0.0,0.0,0.0,0.0,0.0,-742368.0,-742368.0,836.0,836.0,0.0,0.0,836.0,0.0,0.0,836
0.0,0.0,-0.0,0.0,0.0,0.0,-0.0,0.0,0.36094485086520944,301.02800562158467,799.2,0.0,834.0,1.0,888.0,-740592.0,118,-33.73330598412646,0.0,118,-9.59201528178773,0.0,120,-13.252760393919242,0.0,180,-17.530977599506276,0.0,180,-5.725720200521076,0.0,118,-23.81390075198498,0.0,0.0,0.0,0.0,0.0,-740592.0,-740592.0,834.0,834.0,0.0,0.0,834.0,0.0,0.0,834
0.0,0.0,-0.0,0.0,0.0,0.0,-0.0,0.0,0.36094485086520944,301.02800562158467,799.2,0.0,834.0,1.0,888.0,-740592.0,118,-40.085800552975115,0.0,118,-13.020136717868372,0.0,120,-51.186979111220815,0.0,180,-31.339312173535582,0.0,180,-40.836155245079404,0.0,118,-4.265238259150639,0.0,0.0,0.0,0.0,0.0,-740592.0,-740592.0,834.0,834.0,0.0,0.0,834.0,0.0,0.0,834
0.0,0.0,-0.0,0.0,0.0,0.0,-0.0,0.0,0.36094485086520944,301.02800562158467,799.2,0.0,834.0,1.0,888.0,-740592.0,118,-37.491195562514875,0.0,118,-47.41864627042604,0.0,120,-1.9566036979833212,0.0,180,-58.65902091984823,0.0,180,-38.76868716426193,0.0,118,-15.15341070933487,0.0,0.0,0.0,0.0,0.0,-740592.0,-740592.0,834.0,834.0,0.0,0.0,834.0,0.0,0.0,834
0.0,0.0,-0.0,0.0,0.0,0.0,-0.0,0.0,0.36094485086520944,278.6494248679417,799.2,0.0,772.0,1.0,888.0,-685536.0,120,-18.080036994054595,0.0,118,-24.695286280498305,0.0,118,-46.59789163444651,0.0,180,-37.52616427288766,0.0,118,-42.07824755862884,0.0,118,-21.329741804702735,0.0,0.0,0.0,0.0,0.0,-685536.0,-685536.0,772.0,772.0,0.0,0.0,772.0,0.0,0.0,772
0.0,0.0,-0.0,0.0,0.0,0.0,-0.0,0.0,0.36094485086520944,279.3713145696721,799.2,0.0,774.0,1.0,888.0,-687312.0,118,-14.16529385358172,0.0,118,-1.8313752883535184,0.0,120,-7.879397118978366,0.0,180,-8.735114694929845,0.0,120,-42.85675819259813,0.0,118,-9.015687085143313,0.0,0.0,0.0,0.0,0.0,-687312.0,-687312.0,774.0,774.0,0.0,0.0,774.0,0.0,0.0,774
0.0,0.0,-0.0,0.0,0.0,0.0,-0.0,0.0,0.36094485086520944,279.3713145696721,799.2,0.0,774.0,1.0,888.0,-687312.0,118,-40.605448043929265,0.0,118,-6.012445080630348,0.0,120,-47.5092438839753,0.0,180,-56.109459395889075,0.0,120,-42.461581669505165,0.0,118,-10.30849802997978,0.0,0.0,0.0,0.0,0.0,-687312.0,-687312.0,774.0,774.0,0.0,0.0,774.0,0.0,0.0,774
0.0,0.0,-0.0,0.0,0.0,0.0,-0.0,0.0,0.36094485086520944,280.09320427140256,799.2,0.0,776.0,1.0,888.0,-689088.0,118,-9.870536071026342,0.0,120,-21.662631810992885,0.0,120,-38.37795815530996,0.0,180,-45.22584937816512,0.0,120,-7.295173085796797,0.0,118,-7.624743125078872,0.0,0.0,0.0,0.0,0.0,-689088.0,-689088.0,776.0,776.0,0.0,0.0,776.0,0.0,0.0,776
0.0,0.0,-0.0,0.0,0.0,0.0,-0.0,0.0,0.36094485086520944,280.09320427140256,799.2,0.0,776.0,1.0,888.0,-689088.0,118,-45.36585667932485,0.0,120,-46.00143837106232,0.0,120,-26.611250992373673,0.0,180,-47.211909232544166,0.0,120,-31.37656261934566,0.0,118,-32.68643503281474,0.0,0.0,0.0,0.0,0.0,-689088.0,-689088.0,776.0,776.0,0.0,0.0,776.0,0.0,0.0,776
0.0,0.0,-0.0,0.0,0.0,0.0,-0.0,0.0,0.36094485086520944,280.09320427140256,799.2,0.0,776.0,1.0,888.0,-689088.0,118,-51.87624859506387,0.0,120,-29.642789108087978,0.0,120,-31.285655989829596,0.0,180,-50.42946885321007,0.0,120,-50.715618366927906,0.0,118,-3.8454153912241607,0.0,0.0,0.0,0.0,0.0,-689088.0,-689088.0,776.0,776.0,0.0,0.0,776.0,0.0,0.0,776
0.0,0.0,-0.0,0.0,0.0,0.0,-0.0,0.0,0.36094485086520944,280.09320427140256,799.2,0.0,776.0,1.0,888.0,-689088.0,118,-56.10028453996941,0.0,120,-15.595767269801668,0.0,120,-52.747079326402215,0.0,180,-43.55532147179177,0.0,120,-54.563684282549296,0.0,118,-47.18704526993697,0.0,0.0,0.0,0.0,0.0,-689088.0,-689088.0,776.0,776.0,0.0,0.0,776.0,0.0,0.0,776
0.0,0.0,-0.0,0.0,0.0,0.0,-0.0,0.0,0.36094485086520944,280.09320427140256,799.2,0.0,776.0,1.0,888.0,-689088.0,118,-29.20798608162017,0.0,120,-58.11809565936317,0.0,120,-55.34254710509697,0.0,180,-48.99088207832098,0.0,120,-34.25696058004419,0.0,118,-52.869462064982145,0.0,0.0,0.0,0.0,0.0,-689088.0,-689088.0,776.0,776.0,0.0,0.0,776.0,0.0,0.0,776
0.0,0.0,-0.0,0.0,0.0,0.0,-0.0,0.0,0.36094485086520944,280.09320427140256,799.2,0.0,776.0,1.0,888.0,-689088.0,118,-2.4990600821234343,0.0,120,-17.603643835682362,0.0,120,-16.901828580894907,0.0,180,-5.180349651714584,0.0,120,-56.30796404392137,0.0,118,-45.73311351376968,0.0,0.0,0.0,0.0,0.0,-689088.0,-689088.0,776.0,776.0,0.0,0.0,776.0,0.0,0.0,776
0.0,0.0,-0.0,0.0,0.0,0.0,-0.0,0.0,0.36094485086520944,280.09320427140256,799.2,0.0,776.0,1.0,888.0,-689088.0,118,-24.726529212039626,0.0,120,-7.314970051090874,0.0,120,-13.428939834330492,0.0,180,-25.429449873473832,0.0,120,-19.376853745942952,0.0,118,-54.269985865724365,0.0,0.0,0.0,0.0,0.0,-689088.0,-689088.0,776.0,776.0,0.0,0.0,776.0,0.0,0.0,776
0.0,0.0,-0.0,0.0,0.0,0.0,-0.0,0.0,0.36094485086520944,280.09320427140256,799.2,0.0,776.0,1.0,888.0,-689088.0,118,-59.22671515713287,0.0,120,-41.19719390647854,0.0,120,-19.387556250760436,0.0,180,-8.031340255308736,0.0,120,-25.228865739525975,0.0,118,-34.58918342171584,0.0,0.0,0.0,0.0,0.0,-689088.0,-689088.0,776.0,776.0,0.0,0.0,776.0,0.0,0.0,776
0.0,0.0,-0.0,0.0,0.0,0.0,-0.0,0.0,0.36094485086520944,258.43651321948994,799.2,0.0,716.0,1.0,888.0,-635808.0,118,-3.8379816159415547,0.0,120,-53.83112170601159,0.0,120,-4.808990025742683,0.0,120,-51.321747729817545,0.0,120,-24.54960084057391,0.0,118,-39.91044882911845,0.0,0.0,0.0,0.0,0.0,-635808.0,-635808.0,716.0,716.0,0.0,0.0,716.0,0.0,0.0,716
0.0,0.0,-0.0,0.0,0.0,0.0,-0.0,0.0,0.36094485086520944,258.43651321948994,799.2,0.0,716.0,1.0,888.0,-635808.0,118,-37.61150043357608,0.0,120,-2.930263442688381,0.0,120,-32.50449372170904,0.0,120,-52.50772905947316,0.0,120,-14.789817417579494,0.0,118,-10.230921033502405,0.0,0.0,0.0,0.0,0.0,-635808.0,-635808.0,716.0,716.0,0.0,0.0,716.0,0.0,0.0,716
0.0,0.0,-0.0,0.0,0.0,0.0,-0.0,0.0,0.36094485086520944,258.43651321948994,799.2,0.0,716.0,1.0,888.0,-635808.0,118,-26.744283050819128,0.0,120,-27.589611441078176,0.0,120,-39.05853079584789,0.0,120,-32.770701739239456,0.0,120,-0.4844893483391832,0.0,118,-18.234510374110744,0.0,0.0,0.0,0.0,0.0,-635808.0,-635808.0,716.0,716.0,0.0,0.0,716.0,0.0,0.0,716
0.0,0.0,-0.0,0.0,0.0,0.0,-0.0,0.0,0.36094485086520944,258.43651321948994,799.2,0.0,716.0,1.0,888.0,-635808.0,118,-50.38062477756678,0.0,120,-26.06313893280125,0.0,120,-29.61945587871737,0.0,120,-56.422972190045556,0.0,120,-29.34006778047909,0.0,118,-55.82918565677289,0.0,0.0,0.0,0.0,0.0,-635808.0,-635808.0,716.0,716.0,0.0,0.0,716.0,0.0,0.0,716
0.0,0.0,-0.0,0.0,0.0,0.0,-0.0,0.0,0.36094485086520944,258.43651321948994,799.2,0.0,716.0,1.0,888.0,-635808.0,118,-39.2993668416377,0.0,120,-19.01944253768135,0.0,120,-9.828945476289624,0.0,120,-9.788263492726784,0.0,120,-19.907326552252957,0.0,118,-3.668067351242432,0.0,0.0,0.0,0.0,0.0,-635808.0,-635808.0,716.0,716.0,0.0,0.0,716.0,0.0,0.0,716
0.0,0.0,-0.0,0.0,0.0,0.0,-0.0,0.0,0.36094485086520944,258.43651321948994,799.2,0.0,716.0,1.0,888.0,-635808.0,118,-9.083938183585365,0.0,120,-0.5653313111659863,0.0,120,-49.256609448893414,0.0,120,-26.0655884094798,0.0,120,-24.258381284596297,0.0,118,-12.793083907502169,0.0,0.0,0.0,0.0,0.0,-635808.0,-635808.0,716.0,716.0,0.0,0.0,716.0,0.0,0.0,716
0.0,0.0,-0.0,0.0,0.0,0.0,-0.0,0.0,0.36094485086520944,258.43651321948994,799.2,0.0,716.0,1.0,888.0,-635808.0,118,-19.851782263721997,0.0,120,-40.66376314848616,0.0,120,-50.56768267108186,0.0,120,-37.66232467802058,0.0,120,-57.62373460985037,0.0,118,-26.77308019102315,0.0,0.0,0.0,0.0,0.0,-635808.0,-635808.0,716.0,716.0,0.0,0.0,716.0,0.0,0.0,716
0.0,0.0,-0.0,0.0,0.0,0.0,-0.0,0.0,0.36094485086520944,258.43651321948994,799.2,0.0,716.0,1.0,888.0,-635808.0,118,-21.26674165093898,0.0,120,-55.76852849499391,0.0,120,-2.3824432222913394,0.0,120,-25.255323156000664,0.0,120,-33.95006067485289,0.0,118,-45.403718492695965,0.0,0.0,0.0,0.0,0.0,-635808.0,-635808.0,716.0,716.0,0.0,0.0,716.0,0.0,0.0,716
0.0,0.0,-0.0,0.0,0.0,0.0,-0.0,0.0,0.36094485086520944,258.43651321948994,799.2,0.0,716.0,1.0,888.0,-635808.0,118,-19.19076580005376,0.0,120,-6.867812230444999,0.0,120,-27.63906561169545,0.0,120,-45.27175589386785,0.0,120,-23.359163080501116,0.0,118,-22.48125851278475,0.0,0.0,0.0,0.0,0.0,-635808.0,-635808.0,716.0,716.0,0.0,0.0,716.0,0.0,0.0,716
0.0,0.0,-0.0,0.0,0.0,0.0,-0.0,0.0,0.36094485086520944,258.43651321948994,799.2,0.0,716.0,1.0,888.0,-635808.0,118,-42.56797490141811,0.0,120,-15.487014018413642,0.0,120,-25.261144717926523,0.0,120,-40.330098190111926,0.0,120,-0.7530045399491536,0.0,118,-51.87398657330685,0.0,0.0,0.0,0.0,0.0,-635808.0,-635808.0,716.0,716.0,0.0,0.0,716.0,0.0,0.0,716
0.0,0.0,-0.0,0.0,0.0,0.0,-0.0,0.0,0.36094485086520944,258.43651321948994,799.2,0.0,716.0,1.0,888.0,-635808.0,118,-1.1971548746066407,0.0,120,-2.8974077400869214,0.0,120,-4.232316536938747,0.0,120,-23.30758661393552,0.0,120,-54.36214410334743,0.0,118,-16.504939656882478,0.0,0.0,0.0,0.0,0.0,-635808.0,-635808.0,716.0,716.0,0.0,0.0,716.0,0.0,0.0,716
0.0,0.0,-0.0,0.0,0.0,0.0,-0.0,0.0,0.36094485086520944,258.43651321948994,799.2,0.0,716.0,1.0,888.0,-635808.0,118,-36.78198520563482,0.0,120,-42.99391281760621,0.0,120,-32.747285493647915,0.0,120,-11.616933744499999,0.0,120,-57.58447755052478,0.0,118,-36.69902468061584,0.0,0.0,0.0,0.0,0.0,-635808.0,-635808.0,716.0,716.0,0.0,0.0,716.0,0.0,0.0,716
0.0,0.0,-0.0,0.0,0.0,0.0,-0.0,0.0,0.36094485086520944,258.43651321948994,799.2,0.0,716.0,1.0,888.0,-635808.0,118,-11.058181119146475,0.0,120,-26.335445875582312,0.0,120,-5.3099573029703695,0.0,120,-5.198651447675704,0.0,120,-42.807796644809905,0.0,118,-2.1084787881835076,0.0,0.0,0.0,0.0,0.0,-635808.0,-635808.0,716.0,716.0,0.0,0.0,716.0,0.0,0.0,716
0.0,0.0,-0.0,0.0,0.0,0.0,-0.0,0.0,0.36094485086520944,258.43651321948994,799.2,0.0,716.0,1.0,888.0,-635808.0,118,-57.54358481295707,0.0,120,-21.78918154489469,0.0,120,-32.24247423688661,0.0,120,-2.274004283938247,0.0,120,-22.825477313993847,0.0,118,-47.03369514480081,0.0,0.0,0.0,0.0,0.0,-635808.0,-635808.0,716.0,716.0,0.0,0.0,716.0,0.0,0.0,716
0.0,0.0,-0.0,0.0,0.0,0.0,-0.0,0.0,0.36094485086520944,280.81509397313295,799.2,0.0,778.0,1.0,888.0,-690864.0,180,-17.267719207019383,0.0,120,-17.93252860116205,0.0,120,-25.152621599829104,0.0,120,-49.672697189453956,0.0,120,-26.71026895283907,0.0,118,-34.684101902469976,0.0,0.0,0.0,0.0,0.0,-690864.0,-690864.0,778.0,778.0,0.0,0.0,778.0,0.0,0.0,778
0.0,0.0,-0.0,0.0,0.0,0.0,-0.0,0.0,0.36094485086520944,280.81509397313295,799.2,0.0,778.0,1.0,888.0,-690864.0,180,-34.78542155059363,0.0,120,-38.99301907541797,0.0,120,-41.809038272144726,0.0,120,-51.86914451088789,0.0,120,-14.686482417598949,0.0,118,-59.32815062146372,0.0,0.0,0.0,0.0,0.0,-690864.0,-690864.0,778.0,778.0,0.0,0.0,778.0,0.0,0.0,778
0.0,0.0,-0.0,0.0,0.0,0.0,-0.0,0.0,0.36094485086520944,280.81509397313295,799.2,0.0,778.0,1.0,888.0,-690864.0,180,-14.588386407599643,0.0,120,-56.44703630313071,0.0,120,-40.3120682105492,0.0,120,-59.65206900140987,0.0,120,-8.33802433779251,0.0,118,-9.370174320557304,0.0,0.0,0.0,0.0,0.0,-690864.0,-690864.0,778.0,778.0,0.0,0.0,778.0,0.0,0.0,778
0.0,0.0,-0.0,0.0,0.0,0.0,-0.0,0.0,0.36094485086520944,280.81509397313295,799.2,0.0,778.0,1.0,888.0,-690864.0,180,-6.488624238564018,0.0,120,-23.076177358376214,0.0,120,-4.643357635002507,0.0,120,-27.437710323405778,0.0,120,-48.6250768703089,0.0,118,-49.31503379277976,0.0,0.0,0.0,0.0,0.0,-690864.0,-690864.0,778.0,778.0,0.0,0.0,778.0,0.0,0.0,778
0.0,0.0,-0.0,0.0,0.0,0.0,-0.0,0.0,0.36094485086520944,280.81509397313295,799.2,0.0,778.0,1.0,888.0,-690864.0,180,-37.87158353421846,0.0,120,-27.259722115578782,0.0,120,-13.397034685982197,0.0,120,-17.62543438791048,0.0,120,-42.47149768880513,0.0,118,-36.652846684105405,0.0,0.0,0.0,0.0,0.0,-690864.0,-690864.0,778.0,778.0,0.0,0.0,778.0,0.0,0.0,778
144.26410884749137,0.0,-1442.6410884749137,0.0,0.0,0.0,-0.0,0.0,0.36094485086520944,228.7292384267655,799.2,0.0,633.695806654357,1.0,888.0,-562721.8763090691,180,-23.643708252975088,0.0,120,-58.098571885375435,0.0,120,-41.89531048007097,0.0,120,-39.9901306844104,0.0,120,-4.107153401742649,0.0,118,-2.667949116419117,0.0,0.0,0.0400844981515675,0.0400844981515675,0.0,-564164.517397544,-564164.517397544,778.0,778.0,144.30419334564294,0.0,633.695806654357,0.0,0.0,778
144.26410884749137,0.0,-1442.6410884749137,0.0,0.0,0.0,-0.0,0.0,0.36094485086520944,228.0073487250351,799.2,0.0,631.695806654357,1.0,888.0,-560945.8763090691,180,-45.93634766684397,0.0,120,-21.284256824117072,0.0,120,-20.075993344448158,0.0,120,-53.74726806508615,0.0,118,-37.834814646239295,0.0,118,-37.92195448919046,0.0,0.0,0.0400844981515675,0.0400844981515675,0.0,-562388.517397544,-562388.517397544,776.0,776.0,144.30419334564294,0.0,631.695806654357,0.0,0.0,776
144.26410884749137,0.0,-1442.6410884749137,0.0,0.0,0.0,-0.0,0.0,0.36094485086520944,228.0073487250351,799.2,0.0,631.695806654357,1.0,888.0,-560945.8763090691,180,-29.17182770996366,0.0,120,-28.245838322715105,0.0,120,-47.354185270160194,0.0,120,-19.71085456103202,0.0,118,-29.15858269986248,0.0,118,-23.532484968459304,0.0,0.0,0.0400844981515675,0.0400844981515675,0.0,-562388.517397544,-562388.517397544,776.0,776.0,144.30419334564294,0.0,631.695806654357,0.0,0.0,776
144.26410884749137,0.0,-1442.6410884749137,0.0,0.0,0.0,-0.0,0.0,0.36094485086520944,228.7292384267655,799.2,0.0,633.695806654357,1.0,888.0,-562721.8763090691,180,-22.52389431648475,0.0,120,-43.59595949508668,0.0,120,-34.398018807569045,0.0,120,-10.446936930704796,0.0,120,-8.712194474937666,0.0,118,-55.36691330436692,0.0,0.0,0.0400844981515675,0.0400844981515675,0.0,-564164.517397544,-564164.517397544,778.0,778.0,144.30419334564294,0.0,633.695806654357,0.0,0.0,778
144.26410884749137,0.0,-1442.6410884749137,0.0,0.0,0.0,-0.0,0.0,0.36094485086520944,228.7292384267655,799.2,0.0,633.695806654357,1.0,888.0,-562721.8763090691,180,-46.67071542112844,0.0,120,-57.24757670039122,0.0,120,-34.17642242493062,0.0,120,-2.515273393988291,0.0,120,-58.60226002379153,0.0,118,-5.197348149831498,0.0,0.0,0.0400844981515675,0.0400844981515675,0.0,-564164.517397544,-564164.517397544,778.0,778.0,144.30419334564294,0.0,633.695806654357,0.0,0.0,778
144.26410884749137,0.0,-1442.6410884749137,0.0,0.0,0.0,-0.0,0.0,0.36094485086520944,228.7292384267655,799.2,0.0,633.695806654357,1.0,888.0,-562721.8763090691,180,-13.470941124617646,0.0,120,-29.482644318901283,0.0,120,-45.83303397053846,0.0,120,-3.6854690071943152,0.0,120,-58.01080523177434,0.0,118,-28.773132767506333,0.0,0.0,0.0400844981515675,0.0400844981515675,0.0,-564164.517397544,-564164.517397544,778.0,778.0,144.30419334564294,0.0,633.695806654357,0.0,0.0,778
417.8155699485761,0.0,-4178.155699485761,0.0,0.0,0.0,-0.0,0.0,0.36094485086520944,129.96481253292603,799.2,0.0,360.0683379230692,1.0,888.0,-319740.68407568545,180,-0.5436136242559741,0.0,120,-1.0753801675198327,0.0,120,-27.49479516255259,0.0,120,-51.87828610947838,0.0,120,-23.719300405704505,0.0,118,-56.54284755229407,0.0,0.0,0.116092128354703,0.116092128354703,0.0,-323918.8397751712,-323918.8397751712,778.0,778.0,417.9316620769308,0.0,360.0683379230692,0.0,0.0,778
417.8155699485761,0.0,-4178.155699485761,0.0,0.0,0.0,-0.0,0.0,0.36094485086520944,129.96481253292603,799.2,0.0,360.0683379230692,1.0,888.0,-319740.68407568545,180,-16.2161726803619,0.0,120,-25.812223169609233,0.0,120,-36.964298922036065,0.0,120,-44.857147612416455,0.0,120,-37.47540924784151,0.0,118,-24.27176579857274,0.0,0.0,0.116092128354703,0.116092128354703,0.0,-323918.8397751712,-323918.8397751712,778.0,778.0,417.9316620769308,0.0,360.0683379230692,0.0,0.0,778
417.8155699485761,0.0,-4178.155699485761,0.0,0.0,0.0,-0.0,0.0,0.36094485086520944,129.2429228311956,799.2,0.0,358.0683379230692,1.0,888.0,-317964.68407568545,180,-59.858030208933286,0.0,120,-0.7027890696941275,0.0,120,-11.334963926284063,0.0,120,-55.51969270860675,0.0,118,-31.368907330299436,0.0,118,-41.84871267887665,0.0,0.0,0.116092128354703,0.116092128354703,0.0,-322142.8397751712,-322142.8397751712,776.0,776.0,417.9316620769308,0.0,358.0683379230692,0.0,0.0,776
417.8155699485761,0.0,-4178.155699485761,0.0,0.0,0.0,-0.0,0.0,0.36094485086520944,129.2429228311956,799.2,0.0,358.0683379230692,1.0,888.0,-317964.68407568545,180,-59.5965523473775,0.0,120,-47.55883891268738,0.0,120,-44.73841736901044,0.0,120,-58.79161519934396,0.0,118,-36.503482257302736,0.0,118,-40.160017904867516,0.0,0.0,0.116092128354703,0.116092128354703,0.0,-322142.8397751712,-322142.8397751712,776.0,776.0,417.9316620769308,0.0,358.0683379230692,0.0,0.0,776
417.8155699485761,0.0,-4178.155699485761,0.0,0.0,0.0,-0.0,0.0,0.36094485086520944,129.96481253292603,799.2,0.0,360.0683379230692,1.0,888.0,-319740.68407568545,180,-30.141736482027383,0.0,120,-19.286358212463092,0.0,120,-8.459431848475774,0.0,120,-45.43711365407118,0.0,120,-39.33041211490547,0.0,118,-8.559969402465256,0.0,0.0,0.116092128354703,0.116092128354703,0.0,-323918.8397751712,-323918.8397751712,778.0,778.0,417.9316620769308,0.0,360.0683379230692,0.0,0.0,778
417.8155699485761,0.0,-4178.155699485761,0.0,0.0,0.0,-0.0,0.0,0.36094485086520944,129.2429228311956,799.2,0.0,358.0683379230692,1.0,888.0,-317964.68407568545,180,-31.458157418001168,0.0,120,-41.68311680799778,0.0,120,-23.212267385662685,0.0,120,-44.5664328699196,0.0,118,-43.14012495016124,0.0,118,-34.37758688076349,0.0,0.0,0.116092128354703,0.116092128354703,0.0,-322142.8397751712,-322142.8397751712,776.0,776.0,417.9316620769308,0.0,358.0683379230692,0.0,0.0,776
737.1765280985348,0.0,-7371.765280985348,0.0,0.0,0.0,-0.0,0.0,0.36094485086520944,13.939200607859664,799.2,0.0,38.6186437469504,1.0,888.0,-34293.35564729195,180,-8.822648367127968,0.0,120,-58.389074978131674,0.0,120,-22.552225618206265,0.0,120,-6.129099078548903,0.0,118,-4.798892539259871,0.0,118,-59.64456914288614,0.0,0.0,0.204828154514736,0.204828154514736,0.0,-41665.1209282773,-41665.1209282773,776.0,776.0,737.3813562530496,0.0,38.6186437469504,0.0,0.0,776
737.1765280985348,0.0,-7371.765280985348,0.0,0.0,0.0,-0.0,0.0,0.36094485086520944,13.939200607859664,799.2,0.0,38.6186437469504,1.0,888.0,-34293.35564729195,180,-6.040219353257066,0.0,120,-37.85185557374049,0.0,120,-49.88015957693394,0.0,120,-22.465447164759176,0.0,118,-16.21160510248518,0.0,118,-54.01038900612591,0.0,0.0,0.204828154514736,0.204828154514736,0.0,-41665.1209282773,-41665.1209282773,776.0,776.0,737.3813562530496,0.0,38.6186437469504,0.0,0.0,776
737.1765280985348,0.0,-7371.765280985348,0.0,0.0,0.0,-0.0,0.0,0.36094485086520944,13.217310906129246,799.2,0.0,36.6186437469504,1.0,888.0,-32517.35564729195,180,-10.297963593090651,0.0,118,-21.513695312426066,0.0,120,-13.054529666895604,0.0,120,-16.919569527826056,0.0,118,-4.3283094208835315,0.0,118,-2.410041054834786,0.0,0.0,0.204828154514736,0.204828154514736,0.0,-39889.1209282773,-39889.1209282773,774.0,774.0,737.3813562530496,0.0,36.6186437469504,0.0,0.0,774
737.1765280985348,0.0,-7371.765280985348,0.0,0.0,0.0,-0.0,0.0,0.36094485086520944,35.59589165977223,799.2,0.0,98.6186437469504,1.0,888.0,-87573.35564729196,180,-34.04892263956765,0.0,180,-51.854051845618685,0.0,120,-45.71561815243749,0.0,120,-44.93331804324765,0.0,118,-37.996094610735206,0.0,118,-53.878591036254456,0.0,0.0,0.204828154514736,0.204828154514736,0.0,-94945.1209282773,-94945.1209282773,836.0,836.0,737.3813562530496,0.0,98.6186437469504,0.0,0.0,836
737.1765280985348,0.0,-7371.765280985348,0.0,0.0,0.0,-0.0,0.0,0.36094485086520944,35.59589165977223,799.2,0.0,98.6186437469504,1.0,888.0,-87573.35564729196,180,-19.641427571184174,0.0,180,-53.979295976700584,0.0,120,-14.175264026969632,0.0,120,-2.722293725792262,0.0,118,-27.94545354312835,0.0,118,-43.49912849622912,0.0,0.0,0.204828154514736,0.204828154514736,0.0,-94945.1209282773,-94945.1209282773,836.0,836.0,737.3813562530496,0.0,98.6186437469504,0.0,0.0,836
737.1765280985348,0.0,-7371.765280985348,0.0,0.0,0.0,-0.0,0.0,0.36094485086520944,35.59589165977223,799.2,0.0,98.6186437469504,1.0,888.0,-87573.35564729196,180,-23.283670964815276,0.0,180,-59.25434340119996,0.0,120,-0.4172369261497799,0.0,120,-42.823612675689304,0.0,118,-10.034349984049216,0.0,118,-21.97298524966869,0.0,0.0,0.204828154514736,0.204828154514736,0.0,-94945.1209282773,-94945.1209282773,836.0,836.0,737.3813562530496,0.0,98.6186437469504,0.0,0.0,836
1063.0340675064683,0.0,-10630.340675064683,227.3294367944668,0.0,0.0,-0.0,0.0,0.36094485086520944,0.0,799.2,0.0,0.0,1.0,888.0,-0.0,180,-26.560515978468377,0.0,180,-28.245524833821957,0.0,120,-21.42660485293543,0.0,120,-50.009016532742336,0.0,118,-47.302250154741195,0.0,118,-33.30563009556031,0.0,0.0,0.295369287998463,0.295369287998463,0.0,-10630.340675064683,-10630.340675064683,1063.3294367944668,1063.3294367944668,1063.3294367944668,0.0,0.0,227.3294367944668,0.0,836
1063.0340675064683,0.0,-10630.340675064683,227.3294367944668,204.59649311502014,0.0,-0.0,0.004959554289749112,0.36094485086520944,0.0,799.2,0.0,0.0,1.0,888.0,-0.0,180,-18.927344815469386,0.0,180,-6.805313537903617,0.0,120,-49.53714448451698,0.0,120,-53.228767218279984,0.0,118,-0.5420487324940404,0.0,118,-10.092580234776001,0.0,0.0,0.295369287998463,0.295369287998463,0.0,-10630.340675064683,-10630.340675064683,1063.3294367944668,1063.3294367944668,1063.3294367944668,0.0,0.0,227.3294367944668,0.0,836
1063.0340675064683,0.0,-10630.340675064683,229.3294367944668,409.1929862300403,0.0,-0.0,0.009919108579498225,0.36094485086520944,0.0,799.2,0.0,0.0,1.0,888.0,-0.0,180,-49.8706912516162,0.0,180,-25.439530390300856,0.0,120,-25.711952998684385,0.0,118,-59.29097121001625,0.0,118,-27.711104383842184,0.0,118,-41.375196038684244,0.0,0.0,0.295369287998463,0.295369287998463,0.0,-10630.340675064683,-10630.340675064683,1063.3294367944668,1063.3294367944668,1063.3294367944668,0.0,0.0,229.3294367944668,0.0,834
1063.0340675064683,0.0,-10630.340675064683,291.3294367944668,615.5894793450605,0.0,-0.0,0.014922296059560771,0.36094485086520944,0.0,799.2,0.0,0.0,1.0,888.0,-0.0,180,-14.456643813109551,0.0,118,-4.67887578320137,0.0,120,-24.4970990898902,0.0,118,-1.6500276534768599,0.0,118,-20.896527318564278,0.0,118,-12.145696540472235,0.0,0.0,0.295369287998463,0.295369287998463,0.0,-10630.340675064683,-10630.340675064683,1063.3294367944668,1063.3294367944668,1063.3294367944668,0.0,0.0,291.3294367944668,0.0,772
1063.0340675064683,0.0,-10630.340675064683,291.3294367944668,877.7859724600805,0.0,-0.0,0.0212781124393397,0.36094485086520944,0.0,799.2,0.0,0.0,1.0,888.0,-0.0,180,-25.205900832949332,0.0,118,-54.933286972396495,0.0,120,-55.92288818338621,0.0,118,-47.16803411170312,0.0,118,-7.737371738621133,0.0,118,-32.948600300707255,0.0,0.0,0.295369287998463,0.295369287998463,0.0,-10630.340675064683,-10630.340675064683,1063.3294367944668,1063.3294367944668,1063.3294367944668,0.0,0.0,291.3294367944668,0.0,772
1063.0340675064683,0.0,-10630.340675064683,291.3294367944668,1139.9824655751006,0.0,-0.0,0.027633928819118626,0.36094485086520944,0.0,799.2,0.0,0.0,1.0,888.0,-0.0,180,-40.327272065933265,0.0,118,-42.92747671318108,0.0,120,-23.324684517607906,0.0,118,-53.29429777015362,0.0,118,-25.743094802912758,0.0,118,-14.317385244309548,0.0,0.0,0.295369287998463,0.295369287998463,0.0,-10630.340675064683,-10630.340675064683,1063.3294367944668,1063.3294367944668,1063.3294367944668,0.0,0.0,291.3294367944668,0.0,772
1290.4915741696072,0.0,-12904.915741696073,518.8501436539555,1402.1789586901207,0.0,-0.0,0.03398974519889755,0.36094485086520944,0.0,799.2,0.0,0.0,1.0,888.0,-0.0,180,-27.24236943441553,0.0,118,-54.99677128931696,0.0,120,-9.669651012720932,0.0,118,-55.83360293247562,0.0,118,-51.22239122094477,0.0,118,-22.230906602799998,0.0,0.0,0.358569484348321,0.358569484348321,0.0,-12904.915741696073,-12904.915741696073,1290.8501436539555,1290.8501436539555,1290.8501436539555,0.0,0.0,518.8501436539555,0.0,772
1290.4915741696072,0.0,-12904.915741696073,518.8501436539555,1869.1440879786805,0.0,-0.0,0.04530928872999977,0.36094485086520944,0.0,799.2,0.0,0.0,1.0,888.0,-0.0,180,-11.710541479869178,0.0,118,-28.966851346448205,0.0,120,-43.29394587745005,0.0,118,-33.90790245978563,0.0,118,-28.567511076329943,0.0,118,-9.960550141626976,0.0,0.0,0.358569484348321,0.358569484348321,0.0,-12904.915741696073,-12904.915741696073,1290.8501436539555,1290.8501436539555,1290.8501436539555,0.0,0.0,518.8501436539555,0.0,772
1290.4915741696072,0.0,-12904.915741696073,518.8501436539555,2336.1092172672406,0.0,-0.0,0.056628832261102,0.36094485086520944,0.0,799.2,0.0,0.0,1.0,888.0,-0.0,180,-25.44101516527964,0.0,118,-2.053911443249088,0.0,120,-40.41021645208466,0.0,118,-49.76770023422543,0.0,118,-52.8079163608949,0.0,118,-25.932156126751583,0.0,0.0,0.358569484348321,0.358569484348321,0.0,-12904.915741696073,-12904.915741696073,1290.8501436539555,1290.8501436539555,1290.8501436539555,0.0,0.0,518.8501436539555,0.0,772
1290.4915741696072,0.0,-12904.915741696073,518.8501436539555,2803.0743465558007,0.0,-0.0,0.06794837579220422,0.36094485086520944,0.0,799.2,0.0,0.0,1.0,888.0,-0.0,180,-28.68838743834463,0.0,118,-40.82207097896918,0.0,120,-53.402628791415374,0.0,118,-20.628419115463434,0.0,118,-17.086873528635543,0.0,118,-40.61843540039044,0.0,0.0,0.358569484348321,0.358569484348321,0.0,-12904.915741696073,-12904.915741696073,1290.8501436539555,1290.8501436539555,1290.8501436539555,0.0,0.0,518.8501436539555,0.0,772
1290.4915741696072,0.0,-12904.915741696073,518.8501436539555,3270.039475844361,0.0,-0.0,0.07926791932330644,0.36094485086520944,0.0,799.2,0.0,0.0,1.0,888.0,-0.0,180,-33.06479028661432,0.0,118,-9.449530458930726,0.0,120,-35.083840065303455,0.0,118,-10.442561282733834,0.0,118,-51.19675050160121,0.0,118,-55.633699927625486,0.0,0.0,0.358569484348321,0.358569484348321,0.0,-12904.915741696073,-12904.915741696073,1290.8501436539555,1290.8501436539555,1290.8501436539555,0.0,0.0,518.8501436539555,0.0,772
1290.4915741696072,0.0,-12904.915741696073,518.8501436539555,3737.004605132921,0.0,-0.0,0.09058746285440868,0.36094485086520944,0.0,799.2,0.0,0.0,1.0,888.0,-0.0,180,-0.8319599682376766,0.0,118,-16.484536832114184,0.0,120,-48.99894207831048,0.0,118,-38.71066171406856,0.0,118,-36.426208003359775,0.0,118,-25.27313906066447,0.0,0.0,0.358569484348321,0.358569484348321,0.0,-12904.915741696073,-12904.915741696073,1290.8501436539555,1290.8501436539555,1290.8501436539555,0.0,0.0,518.8501436539555,0.0,772
1229.4886327360261,0.0,-12294.886327360262,457.8302522505403,4203.969734421481,0.0,-0.0,0.1019070063855109,0.36094485086520944,0.0,799.2,0.0,0.0,1.0,888.0,-0.0,180,-4.442940740589185,0.0,118,-45.33486919411622,0.0,120,-35.42037383920978,0.0,118,-36.4283422814554,0.0,118,-2.2856517487393124,0.0,118,-12.785830776421733,0.0,0.0,0.341619514514039,0.341619514514039,0.0,-12294.886327360262,-12294.886327360262,1229.8302522505403,1229.8302522505403,1229.8302522505403,0.0,0.0,457.8302522505403,0.0,772
1229.4886327360261,0.0,-12294.886327360262,517.8302522505403,4616.016961446967,0.0,-0.0,0.11189530364935803,0.36094485086520944,0.0,799.2,0.0,0.0,1.0,888.0,-0.0,120,-30.13961742145093,0.0,118,-11.784413359652728,0.0,120,-50.194694750291326,0.0,118,-7.4908504167715435,0.0,118,-36.73239984532992,0.0,118,-12.00245203303931,0.0,0.0,0.341619514514039,0.341619514514039,0.0,-12294.886327360262,-12294.886327360262,1229.8302522505403,1229.8302522505403,1229.8302522505403,0.0,0.0,517.8302522505403,0.0,712
1229.4886327360261,0.0,-12294.886327360262,517.8302522505403,5082.064188472453,0.0,-0.0,0.12319259662260812,0.36094485086520944,0.0,799.2,0.0,0.0,1.0,888.0,-0.0,120,-25.492717420740373,0.0,118,-50.18436063486584,0.0,120,-5.60508619403797,0.0,118,-8.402620956165554,0.0,118,-39.94119139144602,0.0,118,-22.0487638875994,0.0,0.0,0.341619514514039,0.341619514514039,0.0,-12294.886327360262,-12294.886327360262,1229.8302522505403,1229.8302522505403,1229.8302522505403,0.0,0.0,517.8302522505403,0.0,712
1229.4886327360261,0.0,-12294.886327360262,517.8302522505403,5548.111415497939,0.0,-0.0,0.1344898895958582,0.36094485086520944,0.0,799.2,0.0,0.0,1.0,888.0,-0.0,120,-34.471141828395496,0.0,118,-50.62169808654832,0.0,120,-35.54666217291656,0.0,118,-2.1490223577648493,0.0,118,-56.43644686243742,0.0,118,-23.842668513287315,0.0,0.0,0.341619514514039,0.341619514514039,0.0,-12294.886327360262,-12294.886327360262,1229.8302522505403,1229.8302522505403,1229.8302522505403,0.0,0.0,517.8302522505403,0.0,712
1229.4886327360261,0.0,-12294.886327360262,519.8302522505403,6014.1586425234245,0.0,-0.0,0.1457871825691083,0.36094485086520944,0.0,799.2,0.0,0.0,1.0,888.0,-0.0,118,-14.579740913141599,0.0,118,-35.05093884515289,0.0,120,-9.067654806096112,0.0,118,-18.847684073137604,0.0,118,-4.201975357229792,0.0,118,-11.821656384717196,0.0,0.0,0.341619514514039,0.341619514514039,0.0,-12294.886327360262,-12294.886327360262,1229.8302522505403,1229.8302522505403,1229.8302522505403,0.0,0.0,519.8302522505403,0.0,710
1229.4886327360261,0.0,-12294.886327360262,517.8302522505403,6482.005869548911,0.0,-0.0,0.15712810873267183,0.36094485086520944,0.0,799.2,0.0,0.0,1.0,888.0,-0.0,120,-2.419415435733947,0.0,118,-42.081616290808725,0.0,120,-15.096528064191117,0.0,118,-42.88022458033656,0.0,118,-56.22112756480732,0.0,118,-50.6588578947056,0.0,0.0,0.341619514514039,0.341619514514039,0.0,-12294.886327360262,-12294.886327360262,1229.8302522505403,1229.8302522505403,1229.8302522505403,0.0,0.0,517.8302522505403,0.0,712
1060.7856264423974,0.0,-10607.856264423974,287.0803709898946,6948.0530965743965,0.0,-0.0,0.1684254017059219,0.36094485086520944,0.0,799.2,0.0,0.0,1.0,888.0,-0.0,120,-23.402092736421682,0.0,118,-5.863279495969302,0.0,120,-20.239878689000555,0.0,118,-48.19666571305968,0.0,118,-0.9513857657176583,0.0,180,-3.5308989932084534,0.0,0.0,0.294744547497193,0.294744547497193,0.0,-10607.856264423974,-10607.856264423974,1061.0803709898946,1061.0803709898946,1061.0803709898946,0.0,0.0,287.0803709898946,0.0,774
1060.7856264423974,0.0,-10607.856264423974,287.0803709898946,7206.425430465301,0.0,-0.0,0.17468851793724824,0.36094485086520944,0.0,799.2,0.0,0.0,1.0,888.0,-0.0,120,-32.01955401450902,0.0,118,-33.324170497837734,0.0,120,-24.46349746189091,0.0,118,-43.1464636373685,0.0,118,-45.845669457683364,0.0,180,-15.13593854123432,0.0,0.0,0.294744547497193,0.294744547497193,0.0,-10607.856264423974,-10607.856264423974,1061.0803709898946,1061.0803709898946,1061.0803709898946,0.0,0.0,287.0803709898946,0.0,774
1060.7856264423974,0.0,-10607.856264423974,287.0803709898946,7464.797764356206,0.0,-0.0,0.18095163416857457,0.36094485086520944,0.0,799.2,0.0,0.0,1.0,888.0,-0.0,120,-26.741431648288305,0.0,118,-51.07907935757341,0.0,120,-26.446596178536137,0.0,118,-5.446085213162359,0.0,118,-35.36703111679836,0.0,180,-5.375494622945496,0.0,0.0,0.294744547497193,0.294744547497193,0.0,-10607.856264423974,-10607.856264423974,1061.0803709898946,1061.0803709898946,1061.0803709898946,0.0,0.0,287.0803709898946,0.0,774
1060.7856264423974,0.0,-10607.856264423974,289.0803709898946,7723.170098247111,0.0,-0.0,0.18721475039990088,0.36094485086520944,0.0,799.2,0.0,0.0,1.0,888.0,-0.0,118,-15.392118074263536,0.0,118,-55.257131573367204,0.0,120,-47.13573480010994,0.0,118,-44.599626348247604,0.0,118,-29.032341059540922,0.0,180,-53.97675179424276,0.0,0.0,0.294744547497193,0.294744547497193,0.0,-10607.856264423974,-10607.856264423974,1061.0803709898946,1061.0803709898946,1061.0803709898946,0.0,0.0,289.0803709898946,0.0,772
1060.7856264423974,0.0,-10607.856264423974,289.0803709898946,7983.342432138016,0.0,-0.0,0.19352149982154065,0.36094485086520944,0.0,799.2,0.0,0.0,1.0,888.0,-0.0,118,-44.061027265986496,0.0,118,-57.18554723229866,0.0,120,-29.00917014775028,0.0,118,-1.6402519762878343,0.0,118,-34.82684050965084,0.0,180,-21.04966262498872,0.0,0.0,0.294744547497193,0.294744547497193,0.0,-10607.856264423974,-10607.856264423974,1061.0803709898946,1061.0803709898946,1061.0803709898946,0.0,0.0,289.0803709898946,0.0,772
1060.7856264423974,0.0,-10607.856264423974,289.0803709898946,8243.514766028922,0.0,-0.0,0.19982824924318043,0.36094485086520944,0.0,799.2,0.0,0.0,1.0,888.0,-0.0,118,-39.13116869817894,0.0,118,-31.18308263030355,0.0,120,-4.727856796097316,0.0,118,-54.98575220235872,0.0,118,-9.406410659328465,0.0,180,-32.34002974830275,0.0,0.0,0.294744547497193,0.294744547497193,0.0,-10607.856264423974,-10607.856264423974,1061.0803709898946,1061.0803709898946,1061.0803709898946,0.0,0.0,289.0803709898946,0.0,772
767.656729308788,0.0,-7676.567293087881,0.0,8503.687099919827,4.129973461617965,-0.0,0.20613499866482018,0.36094485086520944,0.0,799.2,0.0,0.0,1.0,888.0,-0.0,118,-30.686672546697498,0.0,118,-21.507897713440588,0.0,120,-12.73811195341844,0.0,118,-27.769557909891972,0.0,118,-56.11530138542812,0.0,180,-14.662294624972244,0.0,0.0,0.213297229593995,0.213297229593995,0.0,-7676.567293087881,-7676.567293087881,772.0,772.0,767.870026538382,0.0,4.129973461617965,0.0,0.0,772
767.656729308788,0.0,-7676.567293087881,0.0,8499.09824051803,4.129973461617965,-0.0,0.2060237616783756,0.36094485086520944,0.0,799.2,0.0,0.0,1.0,888.0,-0.0,118,-47.3366638717743,0.0,118,-8.86587156867291,0.0,120,-19.05976496270637,0.0,118,-58.54238159908775,0.0,118,-1.8633404347692095,0.0,180,-2.325105083366259,0.0,0.0,0.213297229593995,0.213297229593995,0.0,-7676.567293087881,-7676.567293087881,772.0,772.0,767.870026538382,0.0,4.129973461617965,0.0,0.0,772
767.656729308788,0.0,-7676.567293087881,0.0,8494.509381116231,4.129973461617965,-0.0,0.20591252469193105,0.36094485086520944,0.0,799.2,0.0,0.0,1.0,888.0,-0.0,118,-57.1533784601618,0.0,118,-10.200203527420658,0.0,120,-49.40901865604141,0.0,118,-52.39313920769936,0.0,118,-54.1044104502435,0.0,180,-17.265124529107535,0.0,0.0,0.213297229593995,0.213297229593995,0.0,-7676.567293087881,-7676.567293087881,772.0,772.0,767.870026538382,0.0,4.129973461617965,0.0,0.0,772
767.656729308788,0.0,-7676.567293087881,0.0,8489.920521714434,4.129973461617965,-0.0,0.20580128770548647,0.36094485086520944,0.0,799.2,0.0,0.0,1.0,888.0,-0.0,118,-39.283403557758795,0.0,118,-5.215626965884854,0.0,120,-48.8420467015638,0.0,118,-3.7571890396340657,0.0,118,-47.70475086260069,0.0,180,-47.671834283013496,0.0,0.0,0.213297229593995,0.213297229593995,0.0,-7676.567293087881,-7676.567293087881,772.0,772.0,767.870026538382,0.0,4.129973461617965,0.0,0.0,772
767.656729308788,0.0,-7676.567293087881,0.0,8485.331662312636,4.129973461617965,-0.0,0.2056900507190419,0.36094485086520944,0.0,799.2,0.0,0.0,1.0,888.0,-0.0,118,-51.82368815352326,0.0,118,-13.077361659840195,0.0,120,-59.3902205916691,0.0,118,-5.857329193511158,0.0,118,-55.38044374496141,0.0,180,-19.098610752797104,0.0,0.0,0.213297229593995,0.213297229593995,0.0,-7676.567293087881,-7676.567293087881,772.0,772.0,767.870026538382,0.0,4.129973461617965,0.0,0.0,772
767.656729308788,0.0,-7676.567293087881,0.0,8480.742802910838,4.129973461617965,-0.0,0.20557881373259734,0.36094485086520944,0.0,799.2,0.0,0.0,1.0,888.0,-0.0,118,-46.56114133398735,0.0,118,-48.55686756669614,0.0,120,-32.43771425073061,0.0,118,-21.07898510217774,0.0,118,-23.388592929237777,0.0,180,-56.446806419823865,0.0,0.0,0.213297229593995,0.213297229593995,0.0,-7676.567293087881,-7676.567293087881,772.0,772.0,767.870026538382,0.0,4.129973461617965,0.0,0.0,772
307.6582507715934,0.0,-3076.582507715934,0.0,8476.15394350904,464.2562648575337,-0.0,0.20546757674615276,0.36094485086520944,0.0,799.2,0.0,0.0,1.0,888.0,-0.0,118,-31.549498368212628,0.0,118,-43.12138452902024,0.0,120,-15.774448151405094,0.0,118,-28.87600850124685,0.0,118,-40.259089617422035,0.0,180,-58.615757494669204,0.0,0.0,0.0854843708729073,0.0854843708729073,0.0,-3076.582507715934,-3076.582507715934,772.0,772.0,307.7437351424663,0.0,464.2562648575337,0.0,0.0,772
307.6582507715934,0.0,-3076.582507715934,0.0,7960.313649222891,464.2562648575337,-0.0,0.19296326689508378,0.36094485086520944,0.0,799.2,0.0,0.0,1.0,888.0,-0.0,118,-49.8301487644526,0.0,118,-45.41221503089601,0.0,120,-27.119764092811007,0.0,118,-17.947260887221955,0.0,118,-30.744273224515602,0.0,180,-11.498961749724458,0.0,0.0,0.0854843708729073,0.0854843708729073,0.0,-3076.582507715934,-3076.582507715934,772.0,772.0,307.7437351424663,0.0,464.2562648575337,0.0,0.0,772
307.6582507715934,0.0,-3076.582507715934,0.0,7444.473354936743,464.2562648575337,-0.0,0.1804589570440148,0.36094485086520944,0.0,799.2,0.0,0.0,1.0,888.0,-0.0,118,-58.087605383452534,0.0,118,-2.3990804708236,0.0,120,-6.516045183967876,0.0,118,-9.77065156899325,0.0,118,-13.377380804802977,0.0,180,-46.515394601721745,0.0,0.0,0.0854843708729073,0.0854843708729073,0.0,-3076.582507715934,-3076.582507715934,772.0,772.0,307.7437351424663,0.0,464.2562648575337,0.0,0.0,772
307.6582507715934,0.0,-3076.582507715934,0.0,6928.633060650594,464.2562648575337,-0.0,0.16795464719294584,0.36094485086520944,0.0,799.2,0.0,0.0,1.0,888.0,-0.0,118,-20.703467357343023,0.0,118,-49.827190905684525,0.0,120,-57.550754230986286,0.0,118,-58.51398454926347,0.0,118,-26.112939604403604,0.0,180,-34.096163650514875,0.0,0.0,0.0854843708729073,0.0854843708729073,0.0,-3076.582507715934,-3076.582507715934,772.0,772.0,307.7437351424663,0.0,464.2562648575337,0.0,0.0,772
307.6582507715934,0.0,-3076.582507715934,0.0,6412.792766364446,464.2562648575337,-0.0,0.15545033734187685,0.36094485086520944,0.0,799.2,0.0,0.0,1.0,888.0,-0.0,118,-43.47038451228717,0.0,118,-10.314415372397814,0.0,120,-8.833061330272487,0.0,118,-50.51617989473736,0.0,118,-31.72045934814994,0.0,180,-40.069751208320255,0.0,0.0,0.0854843708729073,0.0854843708729073,0.0,-3076.582507715934,-3076.582507715934,772.0,772.0,307.7437351424663,0.0,464.2562648575337,0.0,0.0,772
307.6582507715934,0.0,-3076.582507715934,0.0,5896.952472078297,464.2562648575337,-0.0,0.14294602749080787,0.36094485086520944,0.0,799.2,0.0,0.0,1.0,888.0,-0.0,118,-51.78391978250087,0.0,118,-27.783547661856776,0.0,120,-6.570949698073944,0.0,118,-32.39520400677415,0.0,118,-0.06026829411693635,0.0,180,-54.89046099730797,0.0,0.0,0.0854843708729073,0.0854843708729073,0.0,-3076.582507715934,-3076.582507715934,772.0,772.0,307.7437351424663,0.0,464.2562648575337,0.0,0.0,772
0.0,0.0,-0.0,0.0,5381.112177792149,772.0,-0.0,0.1304417176397389,0.36094485086520944,0.0,799.2,0.0,0.0,1.0,888.0,-0.0,118,-17.131111598049966,0.0,118,-45.410531167755764,0.0,120,-7.698524401983303,0.0,118,-49.40181347000802,0.0,118,-49.14361841324583,0.0,180,-48.07382661082304,0.0,0.0,0.0,0.0,0.0,0.0,0.0,772.0,772.0,0.0,0.0,772.0,0.0,0.0,772
0.0,0.0,-0.0,0.0,4523.334400014372,772.0,-0.0,0.10964861707062205,0.36094485086520944,0.0,799.2,0.0,0.0,1.0,888.0,-0.0,118,-1.233844912966795,0.0,118,-58.17290658054375,0.0,120,-32.66593589764936,0.0,118,-55.44126802126573,0.0,118,-27.80251573843125,0.0,180,-2.292307017861508,0.0,0.0,0.0,0.0,0.0,0.0,0.0,772.0,772.0,0.0,0.0,772.0,0.0,0.0,772
0.0,0.0,-0.0,0.0,3665.5566222365937,772.0,-0.0,0.0888555165015052,0.36094485086520944,0.0,799.2,0.0,0.0,1.0,888.0,-0.0,118,-3.9587404810955173,0.0,118,-51.98793565003355,0.0,120,-22.065577578336992,0.0,118,-24.315673715170746,0.0,118,-38.76990752121576,0.0,180,-0.057805683537786035,0.0,0.0,0.0,0.0,0.0,0.0,0.0,772.0,772.0,0.0,0.0,772.0,0.0,0.0,772
0.0,0.0,-0.0,0.0,2807.778844458816,772.0,-0.0,0.06806241593238833,0.36094485086520944,0.0,799.2,0.0,0.0,1.0,888.0,-0.0,118,-10.361411960914179,0.0,118,-29.410086691249244,0.0,120,-11.153407886494044,0.0,118,-58.94058617114087,0.0,118,-25.91071815835822,0.0,180,-29.382307490237906,0.0,0.0,0.0,0.0,0.0,0.0,0.0,772.0,772.0,0.0,0.0,772.0,0.0,0.0,772
0.0,0.0,-0.0,0.0,1950.001066681038,772.0,-0.0,0.047269315363271475,0.36094485086520944,0.0,799.2,0.0,0.0,1.0,888.0,-0.0,118,-44.28757409495415,0.0,118,-47.60726102203163,0.0,120,-17.36314778020533,0.0,118,-40.924114204526255,0.0,118,-7.7485717380507495,0.0,180,-28.072212139668864,0.0,0.0,0.0,0.0,0.0,0.0,0.0,772.0,772.0,0.0,0.0,772.0,0.0,0.0,772
0.0,0.0,-0.0,0.0,1092.2232889032603,772.0,-0.0,0.02647621479415461,0.36094485086520944,0.0,799.2,0.0,0.0,1.0,888.0,-0.0,118,-25.871956536872446,0.0,118,-57.78944734142391,0.0,120,-54.64620355938048,0.0,118,-44.96478674655119,0.0,118,-12.430557414873029,0.0,180,-42.1629802081371,0.0,0.0,0.0,0.0,0.0,0.0,0.0,772.0,772.0,0.0,0.0,772.0,0.0,0.0,772
0.0,0.0,-0.0,0.0,234.44551112548254,211.00096001293429,-0.0,0.005683114225037756,0.36094485086520944,202.48971482365712,799.2,0.0,560.9990399870658,1.0,888.0,-498167.1475085144,118,-16.970793464482167,0.0,118,-43.22523783741405,0.0,120,-30.042390381556864,0.0,118,-3.850162564977402,0.0,118,-39.682511308978,0.0,180,-58.669854210519155,0.0,0.0,0.0,0.0,0.0,-498167.1475085144,-498167.1475085144,772.0,772.0,0.0,0.0,772.0,0.0,0.0,772
0.0,0.0,-0.0,0.0,0.0,0.0,-0.0,0.0,0.36094485086520944,278.6494248679417,799.2,0.0,772.0,1.0,888.0,-685536.0,118,-47.82086792066653,0.0,118,-13.327320204049087,0.0,120,-28.873402538894215,0.0,118,-57.7126909656763,0.0,118,-47.6058208034628,0.0,180,-0.6542310621160219,0.0,0.0,0.0,0.0,0.0,-685536.0,-685536.0,772.0,772.0,0.0,0.0,772.0,0.0,0.0,772
0.0,0.0,-0.0,0.0,0.0,0.0,-0.0,0.0,0.36094485086520944,278.6494248679417,799.2,0.0,772.0,1.0,888.0,-685536.0,118,-34.97609120917193,0.0,118,-37.91320015879749,0.0,120,-51.435590422231606,0.0,118,-21.78383613204572,0.0,118,-41.89376315674279,0.0,180,-26.84590727739439,0.0,0.0,0.0,0.0,0.0,-685536.0,-685536.0,772.0,772.0,0.0,0.0,772.0,0.0,0.0,772
0.0,0.0,-0.0,0.0,0.0,0.0,-0.0,0.0,0.36094485086520944,278.6494248679417,799.2,0.0,772.0,1.0,888.0,-685536.0,118,-3.86175887077558,0.0,118,-26.23848014698699,0.0,120,-17.658174291926798,0.0,118,-9.559048412526995,0.0,118,-58.36547340483672,0.0,180,-44.10370806561802,0.0,0.0,0.0,0.0,0.0,-685536.0,-685536.0,772.0,772.0,0.0,0.0,772.0,0.0,0.0,772
0.0,0.0,-0.0,0.0,0.0,0.0,-0.0,0.0,0.36094485086520944,278.6494248679417,799.2,0.0,772.0,1.0,888.0,-685536.0,118,-26.667354046031374,0.0,118,-1.32383026520285,0.0,120,-0.5983407600649926,0.0,118,-56.56333769044328,0.0,118,-26.038294411793114,0.0,180,-42.077492196381684,0.0,0.0,0.0,0.0,0.0,-685536.0,-685536.0,772.0,772.0,0.0,0.0,772.0,0.0,0.0,772
0.0,0.0,-0.0,0.0,0.0,0.0,-0.0,0.0,0.36094485086520944,278.6494248679417,799.2,0.0,772.0,1.0,888.0,-685536.0,118,-32.40575055769601,0.0,118,-49.143741951615226,0.0,120,-1.631205650029226,0.0,118,-55.471339559668024,0.0,118,-59.74639067439584,0.0,180,-41.7770373932509,0.0,0.0,0.0,0.0,0.0,-685536.0,-685536.0,772.0,772.0,0.0,0.0,772.0,0.0,0.0,772
0.0,0.0,-0.0,0.0,0.0,0.0,-0.0,0.0,0.36094485086520944,278.6494248679417,799.2,0.0,772.0,1.0,888.0,-685536.0,118,-28.016110448638134,0.0,118,-46.887738510580625,0.0,120,-37.08651220353946,0.0,118,-41.52780576190715,0.0,118,-35.43431062654097,0.0,180,-59.9326612865672,0.0,0.0,0.0,0.0,0.0,-685536.0,-685536.0,772.0,772.0,0.0,0.0,772.0,0.0,0.0,772
0.0,0.0,-0.0,0.0,0.0,0.0,-0.0,0.0,0.36094485086520944,278.6494248679417,799.2,0.0,772.0,1.0,888.0,-685536.0,118,-53.159278185655985,0.0,118,-36.58758439897786,0.0,120,-50.344433112584625,0.0,118,-5.43229108472703,0.0,118,-20.282399585577977,0.0,180,-3.920227525046185,0.0,0.0,0.0,0.0,0.0,-685536.0,-685536.0,772.0,772.0,0.0,0.0,772.0,0.0,0.0,772
0.0,0.0,-0.0,0.0,0.0,0.0,-0.0,0.0,0.36094485086520944,278.6494248679417,799.2,0.0,772.0,1.0,888.0,-685536.0,118,-1.2118606346006255,0.0,118,-53.485903280332856,0.0,120,-54.25177163433362,0.0,118,-11.259630104611713,0.0,118,-49.19266561546241,0.0,180,-52.156146966090745,0.0,0.0,0.0,0.0,0.0,-685536.0,-685536.0,772.0,772.0,0.0,0.0,772.0,0.0,0.0,772
0.0,0.0,-0.0,0.0,0.0,0.0,-0.0,0.0,0.36094485086520944,278.6494248679417,799.2,0.0,772.0,1.0,888.0,-685536.0,118,-44.80655103860338,0.0,118,-7.134875227883262,0.0,120,-7.4292554009707334,0.0,118,-24.839689490562222,0.0,118,-48.51828447542799,0.0,180,-13.273557270645387,0.0,0.0,0.0,0.0,0.0,-685536.0,-685536.0,772.0,772.0,0.0,0.0,772.0,0.0,0.0,772
0.0,0.0,-0.0,0.0,0.0,0.0,-0.0,0.0,0.36094485086520944,278.6494248679417,799.2,0.0,772.0,1.0,888.0,-685536.0,118,-15.14503064324452,0.0,118,-14.907399205164115,0.0,120,-56.09525262496125,0.0,118,-22.448319170355436,0.0,118,-54.818889983107354,0.0,180,-29.532574766771983,0.0,0.0,0.0,0.0,0.0,-685536.0,-685536.0,772.0,772.0,0.0,0.0,772.0,0.0,0.0,772
0.0,0.0,-0.0,0.0,0.0,0.0,-0.0,0.0,0.36094485086520944,278.6494248679417,799.2,0.0,772.0,1.0,888.0,-685536.0,118,-26.352793008515498,0.0,118,-22.376295048350393,0.0,120,-30.986975051696383,0.0,118,-2.7868233435030487,0.0,118,-53.15441019997002,0.0,180,-2.022619612558645,0.0,0.0,0.0,0.0,0.0,-685536.0,-685536.0,772.0,772.0,0.0,0.0,772.0,0.0,0.0,772
0.0,0.0,-0.0,0.0,0.0,0.0,-0.0,0.0,0.36094485086520944,278.6494248679417,799.2,0.0,772.0,1.0,888.0,-685536.0,118,-47.71539022809691,0.0,118,-23.42390630268084,0.0,120,-50.863867811576554,0.0,118,-6.924612055176538,0.0,118,-22.263880507542265,0.0,180,-23.18276054502758,0.0,0.0,0.0,0.0,0.0,-685536.0,-685536.0,772.0,772.0,0.0,0.0,772.0,0.0,0.0,772
0.0,0.0,-0.0,0.0,0.0,0.0,-0.0,0.0,0.36094485086520944,278.6494248679417,799.2,0.0,772.0,1.0,888.0,-685536.0,118,-43.09838768000235,0.0,118,-39.89385348883256,0.0,120,-17.405430820504865,0.0,118,-38.08398114429852,0.0,118,-41.341192655159304,0.0,180,-45.354312397916324,0.0,0.0,0.0,0.0,0.0,-685536.0,-685536.0,772.0,772.0,0.0,0.0,772.0,0.0,0.0,772
0.0,0.0,-0.0,0.0,0.0,0.0,-0.0,0.0,0.36094485086520944,278.6494248679417,799.2,0.0,772.0,1.0,888.0,-685536.0,118,-6.914324875735671,0.0,118,-49.08182474464649,0.0,120,-35.55526548043009,0.0,118,-10.666170546051665,0.0,118,-30.05557618036597,0.0,180,-29.016708599658052,0.0,0.0,0.0,0.0,0.0,-685536.0,-685536.0,772.0,772.0,0.0,0.0,772.0,0.0,0.0,772
0.0,0.0,-0.0,0.0,0.0,0.0,-0.0,0.0,0.36094485086520944,278.6494248679417,799.2,0.0,772.0,1.0,888.0,-685536.0,118,-27.243832721485504,0.0,118,-10.81284355025658,0.0,120,-44.43856553667429,0.0,118,-57.67240424288071,0.0,118,-34.89279149786058,0.0,180,-17.907069354403227,0.0,0.0,0.0,0.0,0.0,-685536.0,-685536.0,772.0,772.0,0.0,0.0,772.0,0.0,0.0,772
0.0,0.0,-0.0,0.0,0.0,0.0,-0.0,0.0,0.36094485086520944,278.6494248679417,799.2,0.0,772.0,1.0,888.0,-685536.0,118,-36.26121523636367,0.0,118,-48.60027101478587,0.0,120,-59.65403349692485,0.0,118,-0.808852266008584,0.0,118,-53.309797403738195,0.0,180,-42.38001412462404,0.0,0.0,0.0,0.0,0.0,-685536.0,-685536.0,772.0,772.0,0.0,0.0,772.0,0.0,0.0,772
0.0,0.0,-0.0,0.0,0.0,0.0,-0.0,0.0,0.36094485086520944,278.6494248679417,799.2,0.0,772.0,1.0,888.0,-685536.0,118,-8.574401150415481,0.0,118,-4.731302028439284,0.0,120,-32.441655733195724,0.0,118,-31.9221982434004,0.0,118,-19.574457418972994,0.0,180,-12.180667829627303,0.0,0.0,0.0,0.0,0.0,-685536.0,-685536.0,772.0,772.0,0.0,0.0,772.0,0.0,0.0,772
0.0,0.0,-0.0,0.0,0.0,0.0,-0.0,0.0,0.36094485086520944,278.6494248679417,799.2,0.0,772.0,1.0,888.0,-685536.0,118,-44.0566905725377,0.0,118,-3.7703602818990722,0.0,120,-30.042506504954854,0.0,118,-5.560466505243829,0.0,118,-1.6711800770233087,0.0,180,-31.870930375805465,0.0,0.0,0.0,0.0,0.0,-685536.0,-685536.0,772.0,772.0,0.0,0.0,772.0,0.0,0.0,772
0.0,0.0,-0.0,0.0,0.0,0.0,-0.0,0.0,0.36094485086520944,278.6494248679417,799.2,0.0,772.0,1.0,888.0,-685536.0,118,-36.26017699851007,0.0,118,-59.55979737867298,0.0,120,-28.55025837234589,0.0,118,-56.72538977658362,0.0,118,-47.23423661988047,0.0,180,-33.477461381184824,0.0,0.0,0.0,0.0,0.0,-685536.0,-685536.0,772.0,772.0,0.0,0.0,772.0,0.0,0.0,772
0.0,0.0,-0.0,0.0,0.0,0.0,-0.0,0.0,0.36094485086520944,278.6494248679417,799.2,0.0,772.0,1.0,888.0,-685536.0,118,-25.43858373988344,0.0,118,-42.80572197484182,0.0,120,-44.48721697407824,0.0,118,-6.1977812972571344,0.0,118,-2.6373681273984673,0.0,180,-38.1713492172402,0.0,0.0,0.0,0.0,0.0,-685536.0,-685536.0,772.0,772.0,0.0,0.0,772.0,0.0,0.0,772
0.0,0.0,-0.0,0.0,0.0,0.0,-0.0,0.0,0.36094485086520944,278.6494248679417,799.2,0.0,772.0,1.0,888.0,-685536.0,118,-19.983932561787864,0.0,118,-34.096384935182485,0.0,120,-13.30320836513364,0.0,118,-14.729287216415468,0.0,118,-40.172616629897654,0.0,180,-28.603468744591268,0.0,0.0,0.0,0.0,0.0,-685536.0,-685536.0,772.0,772.0,0.0,0.0,772.0,0.0,0.0,772
0.0,0.0,-0.0,0.0,0.0,0.0,-0.0,0.0,0.36094485086520944,278.6494248679417,799.2,0.0,772.0,1.0,888.0,-685536.0,118,-15.876889282654577,0.0,118,-7.570785516795175,0.0,120,-10.7645676255041,0.0,118,-14.117814780412264,0.0,118,-35.73348733141272,0.0,180,-24.340578375357158,0.0,0.0,0.0,0.0,0.0,-685536.0,-685536.0,772.0,772.0,0.0,0.0,772.0,0.0,0.0,772
0.0,0.0,-0.0,0.0,0.0,0.0,-0.0,0.0,0.36094485086520944,278.6494248679417,799.2,0.0,772.0,1.0,888.0,-685536.0,118,-33.275280017982446,0.0,118,-17.15391402558808,0.0,120,-17.174473813267774,0.0,118,-17.47500061325698,0.0,118,-26.490598389591064,0.0,180,-15.724742148463678,0.0,0.0,0.0,0.0,0.0,-685536.0,-685536.0,772.0,772.0,0.0,0.0,772.0,0.0,0.0,772
0.0,0.0,-0.0,0.0,0.0,0.0,-0.0,0.0,0.36094485086520944,278.6494248679417,799.2,0.0,772.0,1.0,888.0,-685536.0,118,-51.09872093776391,0.0,118,-58.80761593354032,0.0,120,-0.5344465621851979,0.0,118,-54.80716393645978,0.0,118,-17.945773911470816,0.0,180,-46.45508861067141,0.0,0.0,0.0,0.0,0.0,-685536.0,-685536.0,772.0,772.0,0.0,0.0,772.0,0.0,0.0,772
0.0,0.0,-0.0,0.0,0.0,0.0,-0.0,0.0,0.36094485086520944,278.6494248679417,799.2,0.0,772.0,1.0,888.0,-685536.0,118,-56.051914714563466,0.0,118,-33.65143742681922,0.0,120,-4.5373782407781516,0.0,118,-40.29622610250015,0.0,118,-32.93889195143263,0.0,180,-5.368164971396212,0.0,0.0,0.0,0.0,0.0,-685536.0,-685536.0,772.0,772.0,0.0,0.0,772.0,0.0,0.0,772
0.0,0.0,-0.0,0.0,0.0,0.0,-0.0,0.0,0.36094485086520944,278.6494248679417,799.2,0.0,772.0,1.0,888.0,-685536.0,118,-3.1105496495241924,0.0,118,-57.200987312410746,0.0,120,-29.441709480305185,0.0,118,-4.962495533024813,0.0,118,-1.818883872840884,0.0,180,-34.29202095993142,0.0,0.0,0.0,0.0,0.0,-685536.0,-685536.0,772.0,772.0,0.0,0.0,772.0,0.0,0.0,772
0.0,0.0,-0.0,0.0,0.0,0.0,-0.0,0.0,0.36094485086520944,278.6494248679417,799.2,0.0,772.0,1.0,888.0,-685536.0,118,-23.574675270482405,0.0,118,-10.287125520067619,0.0,120,-6.372429340500629,0.0,118,-12.452302324250075,0.0,118,-7.349124880850404,0.0,180,-4.326027461235915,0.0,0.0,0.0,0.0,0.0,-685536.0,-685536.0,772.0,772.0,0.0,0.0,772.0,0.0,0.0,772
0.0,0.0,-0.0,0.0,0.0,0.0,-0.0,0.0,0.36094485086520944,278.6494248679417,799.2,0.0,772.0,1.0,888.0,-685536.0,118,-34.45446528886175,0.0,118,-11.871065711504137,0.0,120,-17.620919121107807,0.0,118,-14.200381060016902,0.0,118,-59.878387793154225,0.0,180,-21.102640684125266,0.0,0.0,0.0,0.0,0.0,-685536.0,-685536.0,772.0,772.0,0.0,0.0,772.0,0.0,0.0,772
0.0,0.0,-0.0,0.0,0.0,0.0,-0.0,0.0,0.36094485086520944,278.6494248679417,799.2,0.0,772.0,1.0,888.0,-685536.0,118,-29.62024995358615,0.0,118,-24.882177388136984,0.0,120,-10.359781421219349,0.0,118,-11.529048223726308,0.0,118,-38.888837511087914,0.0,180,-29.344836721416446,0.0,0.0,0.0,0.0,0.0,-685536.0,-685536.0,772.0,772.0,0.0,0.0,772.0,0.0,0.0,772
0.0,0.0,-0.0,0.0,0.0,0.0,-0.0,0.0,0.36094485086520944,278.6494248679417,799.2,0.0,772.0,1.0,888.0,-685536.0,118,-33.637471760424084,0.0,118,-53.25907348836277,0.0,120,-29.64457009236429,0.0,118,-33.85531384178488,0.0,118,-44.49877034483599,0.0,180,-6.517695935393862,0.0,0.0,0.0,0.0,0.0,-685536.0,-685536.0,772.0,772.0,0.0,0.0,772.0,0.0,0.0,772
0.0,0.0,-0.0,0.0,0.0,0.0,-0.0,0.0,0.36094485086520944,278.6494248679417,799.2,0.0,772.0,1.0,888.0,-685536.0,118,-44.5061033742095,0.0,118,-32.16615890420138,0.0,120,-9.641802394203026,0.0,118,-40.691981765173324,0.0,118,-30.83494154132269,0.0,180,-54.451259134369934,0.0,0.0,0.0,0.0,0.0,-685536.0,-685536.0,772.0,772.0,0.0,0.0,772.0,0.0,0.0,772
0.0,0.0,-0.0,0.0,0.0,0.0,-0.0,0.0,0.36094485086520944,278.6494248679417,799.2,0.0,772.0,1.0,888.0,-685536.0,118,-1.3936296643061152,0.0,118,-7.027317308736471,0.0,120,-46.75031899065854,0.0,118,-53.487277166734145,0.0,118,-12.2494981678509,0.0,180,-44.492666888930614,0.0,0.0,0.0,0.0,0.0,-685536.0,-685536.0,772.0,772.0,0.0,0.0,772.0,0.0,0.0,772
0.0,0.0,-0.0,0.0,0.0,0.0,-0.0,0.0,0.36094485086520944,278.6494248679417,799.2,0.0,772.0,1.0,888.0,-685536.0,118,-47.24465346917723,0.0,118,-18.24845235264236,0.0,120,-55.36504302193791,0.0,118,-11.623859571164946,0.0,118,-33.10721658283577,0.0,180,-21.770613969095784,0.0,0.0,0.0,0.0,0.0,-685536.0,-685536.0,772.0,772.0,0.0,0.0,772.0,0.0,0.0,772
0.0,0.0,-0.0,0.0,0.0,0.0,-0.0,0.0,0.36094485086520944,278.6494248679417,799.2,0.0,772.0,1.0,888.0,-685536.0,118,-10.889186650697598,0.0,118,-17.661364643518546,0.0,120,-1.8581963159413184,0.0,118,-20.65198881224753,0.0,118,-40.04742009020714,0.0,180,-35.321054925179475,0.0,0.0,0.0,0.0,0.0,-685536.0,-685536.0,772.0,772.0,0.0,0.0,772.0,0.0,0.0,772
0.0,0.0,-0.0,0.0,0.0,0.0,-0.0,0.0,0.36094485086520944,278.6494248679417,799.2,0.0,772.0,1.0,888.0,-685536.0,118,-34.44464106625384,0.0,118,-23.482767794935356,0.0,120,-4.776840613166009,0.0,118,-4.509530755792193,0.0,118,-32.57679500206671,0.0,180,-49.55650216471614,0.0,0.0,0.0,0.0,0.0,-685536.0,-685536.0,772.0,772.0,0.0,0.0,772.0,0.0,0.0,772
0.0,0.0,-0.0,0.0,0.0,0.0,-0.0,0.0,0.36094485086520944,278.6494248679417,799.2,0.0,772.0,1.0,888.0,-685536.0,118,-23.96532422531386,0.0,118,-43.4770623650138,0.0,120,-35.518561482635356,0.0,118,-47.65712951969863,0.0,118,-24.340971761854842,0.0,180,-52.19369008663602,0.0,0.0,0.0,0.0,0.0,-685536.0,-685536.0,772.0,772.0,0.0,0.0,772.0,0.0,0.0,772
0.0,0.0,-0.0,0.0,0.0,0.0,-0.0,0.0,0.36094485086520944,278.6494248679417,799.2,0.0,772.0,1.0,888.0,-685536.0,118,-20.08288476728828,0.0,118,-59.670638678212335,0.0,120,-20.6881160308516,0.0,118,-52.98870385919721,0.0,118,-57.34229444639481,0.0,180,-31.34912098527725,0.0,0.0,0.0,0.0,0.0,-685536.0,-685536.0,772.0,772.0,0.0,0.0,772.0,0.0,0.0,772
0.0,0.0,-0.0,0.0,0.0,0.0,-0.0,0.0,0.36094485086520944,278.6494248679417,799.2,0.0,772.0,1.0,888.0,-685536.0,118,-40.801502299589245,0.0,118,-55.41385430592672,0.0,120,-23.851950960034923,0.0,118,-35.911619091744946,0.0,118,-11.468209568105765,0.0,180,-53.06079687131828,0.0,0.0,0.0,0.0,0.0,-685536.0,-685536.0,772.0,772.0,0.0,0.0,772.0,0.0,0.0,772
0.0,0.0,-0.0,0.0,0.0,0.0,-0.0,0.0,0.36094485086520944,279.3713145696721,799.2,0.0,774.0,1.0,888.0,-687312.0,118,-46.410046930686136,0.0,118,-7.978729709317092,0.0,120,-16.154354287539984,0.0,118,-35.2567231374657,0.0,120,-6.207563557791995,0.0,180,-58.55104603324603,0.0,0.0,0.0,0.0,0.0,-687312.0,-687312.0,774.0,774.0,0.0,0.0,774.0,0.0,0.0,774
0.0,0.0,-0.0,0.0,0.0,0.0,-0.0,0.0,0.36094485086520944,279.3713145696721,799.2,0.0,774.0,1.0,888.0,-687312.0,118,-39.76390205972089,0.0,118,-24.799494091637996,0.0,120,-4.3702746146588645,0.0,118,-45.222542373038976,0.0,120,-4.564734846738663,0.0,180,-33.25738935067734,0.0,0.0,0.0,0.0,0.0,-687312.0,-687312.0,774.0,774.0,0.0,0.0,774.0,0.0,0.0,774
0.0,0.0,-0.0,0.0,0.0,0.0,-0.0,0.0,0.36094485086520944,279.3713145696721,799.2,0.0,774.0,1.0,888.0,-687312.0,118,-45.95088102368776,0.0,118,-29.954920125636143,0.0,120,-36.79474934818125,0.0,118,-42.955769552045815,0.0,120,-0.386293640101838,0.0,180,-12.773801142733012,0.0,0.0,0.0,0.0,0.0,-687312.0,-687312.0,774.0,774.0,0.0,0.0,774.0,0.0,0.0,774
0.0,0.0,-0.0,0.0,0.0,0.0,-0.0,0.0,0.36094485086520944,279.3713145696721,799.2,0.0,774.0,1.0,888.0,-687312.0,118,-32.45570272193086,0.0,118,-56.939484862193154,0.0,120,-7.96149059381764,0.0,118,-43.819762936959776,0.0,120,-4.057439983149001,0.0,180,-42.821136419057055,0.0,0.0,0.0,0.0,0.0,-687312.0,-687312.0,774.0,774.0,0.0,0.0,774.0,0.0,0.0,774
0.0,0.0,-0.0,0.0,0.0,0.0,-0.0,0.0,0.36094485086520944,279.3713145696721,799.2,0.0,774.0,1.0,888.0,-687312.0,118,-9.382890399457098,0.0,118,-14.957996269793314,0.0,120,-22.688526862953356,0.0,118,-34.133593577202966,0.0,120,-37.69308067202584,0.0,180,-32.832067934297186,0.0,0.0,0.0,0.0,0.0,-687312.0,-687312.0,774.0,774.0,0.0,0.0,774.0,0.0,0.0,774
0.0,0.0,-0.0,0.0,0.0,0.0,-0.0,0.0,0.36094485086520944,279.3713145696721,799.2,0.0,774.0,1.0,888.0,-687312.0,118,-19.634293469968767,0.0,118,-29.45921776138244,0.0,120,-0.23395545756316194,0.0,118,-58.01929017248844,0.0,120,-12.845947371387762,0.0,180,-14.043590409310633,0.0,0.0,0.0,0.0,0.0,-687312.0,-687312.0,774.0,774.0,0.0,0.0,774.0,0.0,0.0,774
0.0,0.0,-0.0,0.0,0.0,0.0,-0.0,0.0,0.36094485086520944,279.3713145696721,799.2,0.0,774.0,1.0,888.0,-687312.0,118,-39.098834398573146,0.0,118,-47.81219254176461,0.0,120,-33.74627294397393,0.0,118,-37.09376969492432,0.0,120,-3.16854192399862,0.0,180,-42.38223569743029,0.0,0.0,0.0,0.0,0.0,-687312.0,-687312.0,774.0,774.0,0.0,0.0,774.0,0.0,0.0,774
0.0,0.0,-0.0,0.0,0.0,0.0,-0.0,0.0,0.36094485086520944,279.3713145696721,799.2,0.0,774.0,1.0,888.0,-687312.0,118,-47.03998735142652,0.0,118,-38.97059614721588,0.0,120,-30.911454812848383,0.0,118,-34.58820866706409,0.0,120,-29.16221856350869,0.0,180,-14.368267665627059,0.0,0.0,0.0,0.0,0.0,-687312.0,-687312.0,774.0,774.0,0.0,0.0,774.0,0.0,0.0,774
0.0,0.0,-0.0,0.0,0.0,0.0,-0.0,0.0,0.36094485086520944,279.3713145696721,799.2,0.0,774.0,1.0,888.0,-687312.0,118,-13.998699453664738,0.0,118,-2.9990724589535533,0.0,120,-10.76732463278817,0.0,118,-16.029135169994795,0.0,120,-16.632590195090806,0.0,180,-8.07280230076133,0.0,0.0,0.0,0.0,0.0,-687312.0,-687312.0,774.0,774.0,0.0,0.0,774.0,0.0,0.0,774
0.0,0.0,-0.0,0.0,0.0,0.0,-0.0,0.0,0.36094485086520944,279.3713145696721,799.2,0.0,774.0,1.0,888.0,-687312.0,118,-14.176196808511785,0.0,118,-25.305448724901648,0.0,120,-40.213783681959505,0.0,118,-48.40672016277359,0.0,120,-19.190341913334375,0.0,180,-21.197702281550296,0.0,0.0,0.0,0.0,0.0,-687312.0,-687312.0,774.0,774.0,0.0,0.0,774.0,0.0,0.0,774
0.0,0.0,-0.0,0.0,0.0,0.0,-0.0,0.0,0.36094485086520944,280.09320427140256,799.2,0.0,776.0,1.0,888.0,-689088.0,120,-0.19645960522080674,0.0,118,-22.41849315960405,0.0,120,-58.05102844496371,0.0,118,-16.027815378864467,0.0,120,-52.908972101027274,0.0,180,-6.194133652622094,0.0,0.0,0.0,0.0,0.0,-689088.0,-689088.0,776.0,776.0,0.0,0.0,776.0,0.0,0.0,776
0.0,0.0,-0.0,0.0,0.0,0.0,-0.0,0.0,0.36094485086520944,280.09320427140256,799.2,0.0,776.0,1.0,888.0,-689088.0,120,-47.23971154709429,0.0,118,-11.949933558896763,0.0,120,-31.526174597455565,0.0,118,-53.84245602739195,0.0,120,-50.88025126977107,0.0,180,-43.85767719597837,0.0,0.0,0.0,0.0,0.0,-689088.0,-689088.0,776.0,776.0,0.0,0.0,776.0,0.0,0.0,776
0.0,0.0,-0.0,0.0,0.0,0.0,-0.0,0.0,0.36094485086520944,280.09320427140256,799.2,0.0,776.0,1.0,888.0,-689088.0,120,-2.3035340196760656,0.0,118,-57.77182583292699,0.0,120,-49.003537287939764,0.0,118,-49.400932338622454,0.0,120,-35.87244765595023,0.0,180,-1.291210815097723,0.0,0.0,0.0,0.0,0.0,-689088.0,-689088.0,776.0,776.0,0.0,0.0,776.0,0.0,0.0,776
0.0,0.0,-0.0,0.0,0.0,0.0,-0.0,0.0,0.36094485086520944,280.09320427140256,799.2,0.0,776.0,1.0,888.0,-689088.0,120,-39.490010300809644,0.0,118,-16.690157513017116,0.0,120,-38.68310497459935,0.0,118,-59.546494125338896,0.0,120,-20.83871712124952,0.0,180,-29.6515634060888,0.0,0.0,0.0,0.0,0.0,-689088.0,-689088.0,776.0,776.0,0.0,0.0,776.0,0.0,0.0,776
0.0,0.0,-0.0,0.0,0.0,0.0,-0.0,0.0,0.36094485086520944,280.09320427140256,799.2,0.0,776.0,1.0,888.0,-689088.0,120,-50.87586816140107,0.0,118,-1.663935833878507,0.0,120,-45.162562126244836,0.0,118,-7.195984549109746,0.0,120,-55.55496970131747,0.0,180,-50.38987463750645,0.0,0.0,0.0,0.0,0.0,-689088.0,-689088.0,776.0,776.0,0.0,0.0,776.0,0.0,0.0,776
0.0,0.0,-0.0,0.0,0.0,0.0,-0.0,0.0,0.36094485086520944,280.09320427140256,799.2,0.0,776.0,1.0,888.0,-689088.0,120,-7.159232371477884,0.0,118,-48.16992335791875,0.0,120,-2.7238379502194388,0.0,118,-51.05647461053956,0.0,120,-3.5946416982297036,0.0,180,-56.22349822147284,0.0,0.0,0.0,0.0,0.0,-689088.0,-689088.0,776.0,776.0,0.0,0.0,776.0,0.0,0.0,776
0.0,0.0,-0.0,0.0,0.0,0.0,-0.0,0.0,0.36094485086520944,280.09320427140256,799.2,0.0,776.0,1.0,888.0,-689088.0,120,-40.7548147602469,0.0,118,-5.951965825853637,0.0,120,-40.422649528823726,0.0,118,-0.4003519445791426,0.0,120,-2.820185896968208,0.0,180,-14.189951042604566,0.0,0.0,0.0,0.0,0.0,-689088.0,-689088.0,776.0,776.0,0.0,0.0,776.0,0.0,0.0,776
0.0,0.0,-0.0,0.0,0.0,0.0,-0.0,0.0,0.36094485086520944,280.09320427140256,799.2,0.0,776.0,1.0,888.0,-689088.0,120,-34.10609102142102,0.0,118,-28.557112925785642,0.0,120,-15.977584246029188,0.0,118,-19.754819626482433,0.0,120,-2.8428440410790956,0.0,180,-57.38825252090508,0.0,0.0,0.0,0.0,0.0,-689088.0,-689088.0,776.0,776.0,0.0,0.0,776.0,0.0,0.0,776
0.0,0.0,-0.0,0.0,0.0,0.0,-0.0,0.0,0.36094485086520944,280.09320427140256,799.2,0.0,776.0,1.0,888.0,-689088.0,120,-0.15980614105125523,0.0,118,-30.321539161521954,0.0,120,-13.919093362796232,0.0,118,-42.25352828348311,0.0,120,-15.80419553637076,0.0,180,-55.41595818349946,0.0,0.0,0.0,0.0,0.0,-689088.0,-689088.0,776.0,776.0,0.0,0.0,776.0,0.0,0.0,776
0.0,0.0,-0.0,0.0,0.0,0.0,-0.0,0.0,0.36094485086520944,280.09320427140256,799.2,0.0,776.0,1.0,888.0,-689088.0,120,-15.50166067352697,0.0,118,-58.99362695724998,0.0,120,-38.64475868007788,0.0,118,-18.648217139915857,0.0,120,-55.369869973721585,0.0,180,-52.285948830562475,0.0,0.0,0.0,0.0,0.0,-689088.0,-689088.0,776.0,776.0,0.0,0.0,776.0,0.0,0.0,776
0.0,0.0,-0.0,0.0,0.0,0.0,-0.0,0.0,0.36094485086520944,280.09320427140256,799.2,0.0,776.0,1.0,888.0,-689088.0,120,-18.1089982815866,0.0,118,-49.54629599034193,0.0,120,-7.732738298699684,0.0,118,-6.5464191393364635,0.0,120,-39.932722889660475,0.0,180,-26.82065076811534,0.0,0.0,0.0,0.0,0.0,-689088.0,-689088.0,776.0,776.0,0.0,0.0,776.0,0.0,0.0,776
0.0,0.0,-0.0,0.0,0.0,0.0,-0.0,0.0,0.36094485086520944,280.09320427140256,799.2,0.0,776.0,1.0,888.0,-689088.0,120,-19.94007292853069,0.0,118,-48.273409746545695,0.0,120,-58.27525127067828,0.0,118,-41.97897871670881,0.0,120,-47.1210136895097,0.0,180,-48.56377669698287,0.0,0.0,0.0,0.0,0.0,-689088.0,-689088.0,776.0,776.0,0.0,0.0,776.0,0.0,0.0,776
0.0,0.0,-0.0,0.0,0.0,0.0,-0.0,0.0,0.36094485086520944,280.09320427140256,799.2,0.0,776.0,1.0,888.0,-689088.0,120,-56.155792575780225,0.0,118,-47.60312364914917,0.0,120,-35.94410620080047,0.0,118,-1.8470990484269434,0.0,120,-20.882066926454183,0.0,180,-4.957711726543927,0.0,0.0,0.0,0.0,0.0,-689088.0,-689088.0,776.0,776.0,0.0,0.0,776.0,0.0,0.0,776
0.0,0.0,-0.0,0.0,0.0,0.0,-0.0,0.0,0.36094485086520944,280.09320427140256,799.2,0.0,776.0,1.0,888.0,-689088.0,120,-57.903323284000386,0.0,118,-23.990654233066483,0.0,120,-12.991783680699589,0.0,118,-39.99674025406854,0.0,120,-48.97278409701999,0.0,180,-27.684552392168662,0.0,0.0,0.0,0.0,0.0,-689088.0,-689088.0,776.0,776.0,0.0,0.0,776.0,0.0,0.0,776
0.0,0.0,-0.0,0.0,0.0,0.0,-0.0,0.0,0.36094485086520944,280.09320427140256,799.2,0.0,776.0,1.0,888.0,-689088.0,120,-23.661225094874585,0.0,118,-44.32063932598101,0.0,120,-39.84194780326803,0.0,118,-2.3622117595482828,0.0,120,-34.1340592173112,0.0,180,-6.3782218648625655,0.0,0.0,0.0,0.0,0.0,-689088.0,-689088.0,776.0,776.0,0.0,0.0,776.0,0.0,0.0,776
0.0,0.0,-0.0,0.0,0.0,0.0,-0.0,0.0,0.36094485086520944,280.09320427140256,799.2,0.0,776.0,1.0,888.0,-689088.0,120,-12.814068494093645,0.0,118,-59.47181050074545,0.0,120,-0.5772509574503903,0.0,118,-44.76176717142971,0.0,120,-34.11778636472966,0.0,180,-24.460053970200086,0.0,0.0,0.0,0.0,0.0,-689088.0,-689088.0,776.0,776.0,0.0,0.0,776.0,0.0,0.0,776
0.0,0.0,-0.0,0.0,0.0,0.0,-0.0,0.0,0.36094485086520944,280.09320427140256,799.2,0.0,776.0,1.0,888.0,-689088.0,120,-40.2058870550148,0.0,118,-58.744486003199185,0.0,120,-38.200019788949284,0.0,118,-57.57324090589993,0.0,120,-13.071463113145684,0.0,180,-10.39252585469427,0.0,0.0,0.0,0.0,0.0,-689088.0,-689088.0,776.0,776.0,0.0,0.0,776.0,0.0,0.0,776
0.0,0.0,-0.0,0.0,0.0,0.0,-0.0,0.0,0.36094485086520944,280.09320427140256,799.2,0.0,776.0,1.0,888.0,-689088.0,120,-43.33514459998143,0.0,118,-1.3922645962118874,0.0,120,-55.92503331784159,0.0,118,-28.492874612781204,0.0,120,-5.705613242882199,0.0,180,-12.636429236523373,0.0,0.0,0.0,0.0,0.0,-689088.0,-689088.0,776.0,776.0,0.0,0.0,776.0,0.0,0.0,776
0.0,0.0,-0.0,0.0,0.0,0.0,-0.0,0.0,0.36094485086520944,257.71462351775955,799.2,0.0,714.0,1.0,888.0,-634032.0,120,-47.763728786005494,0.0,118,-57.224382600207974,0.0,120,-8.065759724425147,0.0,118,-42.823605287648824,0.0,120,-7.993301761136157,0.0,118,-16.686064612962014,0.0,0.0,0.0,0.0,0.0,-634032.0,-634032.0,714.0,714.0,0.0,0.0,714.0,0.0,0.0,714
0.0,0.0,-0.0,0.0,0.0,0.0,-0.0,0.0,0.36094485086520944,257.71462351775955,799.2,0.0,714.0,1.0,888.0,-634032.0,120,-47.49531671533895,0.0,118,-17.00420950333808,0.0,120,-14.380664355577972,0.0,118,-7.2010527397966495,0.0,120,-51.05971504420214,0.0,118,-3.466971438576938,0.0,0.0,0.0,0.0,0.0,-634032.0,-634032.0,714.0,714.0,0.0,0.0,714.0,0.0,0.0,714
0.0,0.0,-0.0,0.0,0.0,0.0,-0.0,0.0,0.36094485086520944,257.71462351775955,799.2,0.0,714.0,1.0,888.0,-634032.0,120,-44.4716796698044,0.0,118,-49.000891407048464,0.0,120,-40.42212692494104,0.0,118,-39.15150973276014,0.0,120,-42.357745753780435,0.0,118,-42.250719934073075,0.0,0.0,0.0,0.0,0.0,-634032.0,-634032.0,714.0,714.0,0.0,0.0,714.0,0.0,0.0,714
0.0,0.0,-0.0,0.0,0.0,0.0,-0.0,0.0,0.36094485086520944,257.71462351775955,799.2,0.0,714.0,1.0,888.0,-634032.0,120,-6.627601989079254,0.0,118,-17.303361512068253,0.0,120,-20.820891206089918,0.0,118,-46.038888846129446,0.0,120,-57.07525306540378,0.0,118,-33.25429376835972,0.0,0.0,0.0,0.0,0.0,-634032.0,-634032.0,714.0,714.0,0.0,0.0,714.0,0.0,0.0,714
0.0,0.0,-0.0,0.0,0.0,0.0,-0.0,0.0,0.36094485086520944,257.71462351775955,799.2,0.0,714.0,1.0,888.0,-634032.0,120,-21.416256521057747,0.0,118,-56.635012426369116,0.0,120,-56.383350149684695,0.0,118,-55.63723702666966,0.0,120,-0.01490616277778578,0.0,118,-47.808256344082096,0.0,0.0,0.0,0.0,0.0,-634032.0,-634032.0,714.0,714.0,0.0,0.0,714.0,0.0,0.0,714
0.0,0.0,-0.0,0.0,0.0,0.0,-0.0,0.0,0.36094485086520944,280.09320427140256,799.2,0.0,776.0,1.0,888.0,-689088.0,120,-40.36939044396558,0.0,118,-50.830820071711365,0.0,120,-54.67653938842367,0.0,118,-12.175674686928131,0.0,120,-53.92531310811834,0.0,180,-11.643034678707842,0.0,0.0,0.0,0.0,0.0,-689088.0,-689088.0,776.0,776.0,0.0,0.0,776.0,0.0,0.0,776
0.0,0.0,-0.0,0.0,0.0,0.0,-0.0,0.0,0.36094485086520944,257.71462351775955,799.2,0.0,714.0,1.0,888.0,-634032.0,120,-3.9930847091791044,0.0,118,-12.296801101957175,0.0,120,-27.68568095705797,0.0,118,-50.935705529176836,0.0,120,-21.21382268573344,0.0,118,-26.536298181324888,0.0,0.0,0.0,0.0,0.0,-634032.0,-634032.0,714.0,714.0,0.0,0.0,714.0,0.0,0.0,714
0.0,0.0,-0.0,0.0,0.0,0.0,-0.0,0.0,0.36094485086520944,257.71462351775955,799.2,0.0,714.0,1.0,888.0,-634032.0,120,-34.731161290641424,0.0,118,-24.9232147243389,0.0,120,-9.705763979292644,0.0,118,-3.7916821303717696,0.0,120,-44.99846644002549,0.0,118,-8.901673310871116,0.0,0.0,0.0,0.0,0.0,-634032.0,-634032.0,714.0,714.0,0.0,0.0,714.0,0.0,0.0,714
0.0,0.0,-0.0,0.0,0.0,0.0,-0.0,0.0,0.36094485086520944,257.71462351775955,799.2,0.0,714.0,1.0,888.0,-634032.0,120,-15.570563206868705,0.0,118,-59.87038267676121,0.0,120,-48.21677921571222,0.0,118,-4.996689546112638,0.0,120,-23.49930292123037,0.0,118,-58.12572683228284,0.0,0.0,0.0,0.0,0.0,-634032.0,-634032.0,714.0,714.0,0.0,0.0,714.0,0.0,0.0,714
0.0,0.0,-0.0,0.0,0.0,0.0,-0.0,0.0,0.36094485086520944,257.71462351775955,799.2,0.0,714.0,1.0,888.0,-634032.0,120,-40.08763298242064,0.0,118,-17.928025270104065,0.0,120,-33.382645718802145,0.0,118,-4.283698462721935,0.0,120,-36.685935618698394,0.0,118,-57.24807954964047,0.0,0.0,0.0,0.0,0.0,-634032.0,-634032.0,714.0,714.0,0.0,0.0,714.0,0.0,0.0,714
0.0,0.0,-0.0,0.0,0.0,0.0,-0.0,0.0,0.36094485086520944,257.71462351775955,799.2,0.0,714.0,1.0,888.0,-634032.0,120,-3.059222907600574,0.0,118,-30.952634304890314,0.0,120,-50.619520742274354,0.0,118,-20.27425387148542,0.0,120,-42.916783744830575,0.0,118,-32.57681133403689,0.0,0.0,0.0,0.0,0.0,-634032.0,-634032.0,714.0,714.0,0.0,0.0,714.0,0.0,0.0,714
0.0,0.0,-0.0,0.0,0.0,0.0,-0.0,0.0,0.36094485086520944,257.71462351775955,799.2,0.0,714.0,1.0,888.0,-634032.0,120,-30.097285257487442,0.0,118,-56.271704514149576,0.0,120,-42.23634788774895,0.0,118,-21.93343744069283,0.0,120,-58.84509817405927,0.0,118,-34.50845083634329,0.0,0.0,0.0,0.0,0.0,-634032.0,-634032.0,714.0,714.0,0.0,0.0,714.0,0.0,0.0,714
0.0,0.0,-0.0,0.0,0.0,0.0,-0.0,0.0,0.36094485086520944,256.9927338160291,799.2,0.0,712.0,1.0,888.0,-632256.0,118,-19.6061096111853,0.0,118,-52.810613596849706,0.0,120,-19.37718761125345,0.0,118,-24.733328990936187,0.0,120,-59.81509750256575,0.0,118,-32.110564288010146,0.0,0.0,0.0,0.0,0.0,-632256.0,-632256.0,712.0,712.0,0.0,0.0,712.0,0.0,0.0,712
0.0,0.0,-0.0,0.0,0.0,0.0,-0.0,0.0,0.36094485086520944,256.9927338160291,799.2,0.0,712.0,1.0,888.0,-632256.0,118,-44.85141114355211,0.0,118,-48.835348269124744,0.0,120,-41.637691358292145,0.0,118,-41.93285671917463,0.0,120,-29.48347874181469,0.0,118,-36.47725090312454,0.0,0.0,0.0,0.0,0.0,-632256.0,-632256.0,712.0,712.0,0.0,0.0,712.0,0.0,0.0,712
0.0,0.0,-0.0,0.0,0.0,0.0,-0.0,0.0,0.36094485086520944,256.9927338160291,799.2,0.0,712.0,1.0,888.0,-632256.0,118,-13.392293990165523,0.0,118,-56.15462778775841,0.0,120,-47.19455471826528,0.0,118,-47.94514832375477,0.0,120,-52.946689996044995,0.0,118,-27.091891017932078,0.0,0.0,0.0,0.0,0.0,-632256.0,-632256.0,712.0,712.0,0.0,0.0,712.0,0.0,0.0,712
0.0,0.0,-0.0,0.0,0.0,0.0,-0.0,0.0,0.36094485086520944,256.9927338160291,799.2,0.0,712.0,1.0,888.0,-632256.0,118,-26.083422330590246,0.0,118,-20.391036099280544,0.0,120,-4.826986742367336,0.0,118,-9.351620734313567,0.0,120,-22.348249256180917,0.0,118,-6.335020169469336,0.0,0.0,0.0,0.0,0.0,-632256.0,-632256.0,712.0,712.0,0.0,0.0,712.0,0.0,0.0,712
0.0,0.0,-0.0,0.0,0.0,0.0,-0.0,0.0,0.36094485086520944,256.9927338160291,799.2,0.0,712.0,1.0,888.0,-632256.0,118,-13.45495751954984,0.0,118,-17.364611100514423,0.0,120,-19.510032728870378,0.0,118,-14.202590818657725,0.0,120,-46.46401828578685,0.0,118,-51.2490571185171,0.0,0.0,0.0,0.0,0.0,-632256.0,-632256.0,712.0,712.0,0.0,0.0,712.0,0.0,0.0,712
230.5406436562966,0.0,-2305.406436562966,0.0,0.0,0.0,-0.0,0.0,0.36094485086520944,173.75715457890522,799.2,0.0,481.39529948244854,1.0,888.0,-427479.0259404143,118,-48.00586368870495,0.0,118,-22.39045450170247,0.0,120,-38.845498439405816,0.0,118,-41.28377438079392,0.0,120,-44.266774100641115,0.0,118,-13.678036127373904,0.0,0.0,0.0640568612548754,0.0640568612548754,0.0,-429784.43237697723,-429784.43237697723,712.0,712.0,230.60470051755146,0.0,481.39529948244854,0.0,0.0,712
230.5406436562966,0.0,-2305.406436562966,0.0,0.0,0.0,-0.0,0.0,0.36094485086520944,173.75715457890522,799.2,0.0,481.39529948244854,1.0,888.0,-427479.0259404143,118,-12.594435556074053,0.0,118,-23.10614742241667,0.0,120,-36.57210943332771,0.0,118,-39.60827187856641,0.0,120,-48.636976983511474,0.0,118,-49.942516231071984,0.0,0.0,0.0640568612548754,0.0640568612548754,0.0,-429784.43237697723,-429784.43237697723,712.0,712.0,230.60470051755146,0.0,481.39529948244854,0.0,0.0,712
230.5406436562966,0.0,-2305.406436562966,0.0,0.0,0.0,-0.0,0.0,0.36094485086520944,173.75715457890522,799.2,0.0,481.39529948244854,1.0,888.0,-427479.0259404143,118,-41.628435275796356,0.0,118,-30.052833057400097,0.0,120,-21.85871573001188,0.0,118,-9.703890884226814,0.0,120,-38.899002341268876,0.0,118,-7.518590657152253,0.0,0.0,0.0640568612548754,0.0640568612548754,0.0,-429784.43237697723,-429784.43237697723,712.0,712.0,230.60470051755146,0.0,481.39529948244854,0.0,0.0,712
230.5406436562966,0.0,-2305.406436562966,0.0,0.0,0.0,-0.0,0.0,0.36094485086520944,173.75715457890522,799.2,0.0,481.39529948244854,1.0,888.0,-427479.0259404143,118,-1.4180107427294097,0.0,118,-31.991390378939435,0.0,120,-29.42023046171164,0.0,118,-19.544406716950032,0.0,120,-33.67020659984963,0.0,118,-21.1149261141776,0.0,0.0,0.0640568612548754,0.0640568612548754,0.0,-429784.43237697723,-429784.43237697723,712.0,712.0,230.60470051755146,0.0,481.39529948244854,0.0,0.0,712
230.5406436562966,0.0,-2305.406436562966,0.0,0.0,0.0,-0.0,0.0,0.36094485086520944,173.75715457890522,799.2,0.0,481.39529948244854,1.0,888.0,-427479.0259404143,118,-42.93004798466979,0.0,118,-54.32639993781174,0.0,120,-2.8709321945432875,0.0,118,-34.044604347216094,0.0,120,-19.33745715237701,0.0,118,-54.66639178191827,0.0,0.0,0.0640568612548754,0.0640568612548754,0.0,-429784.43237697723,-429784.43237697723,712.0,712.0,230.60470051755146,0.0,481.39529948244854,0.0,0.0,712
230.5406436562966,0.0,-2305.406436562966,0.0,0.0,0.0,-0.0,0.0,0.36094485086520944,173.75715457890522,799.2,0.0,481.39529948244854,1.0,888.0,-427479.0259404143,118,-16.225529138164564,0.0,118,-53.675694941334115,0.0,120,-40.34365708881674,0.0,118,-35.13664322762307,0.0,120,-38.841242175166,0.0,118,-23.684107008599543,0.0,0.0,0.0640568612548754,0.0640568612548754,0.0,-429784.43237697723,-429784.43237697723,712.0,712.0,230.60470051755146,0.0,481.39529948244854,0.0,0.0,712
633.9455249258199,0.0,-6339.455249258199,0.0,0.0,0.0,-0.0,0.0,0.36094485086520944,28.10978226735974,799.2,0.0,77.87833016589286,1.0,888.0,-69155.95718731286,118,-23.476027313900868,0.0,118,-10.637082450419213,0.0,120,-2.4974287517119187,0.0,118,-56.961964746787665,0.0,120,-41.052782113518234,0.0,118,-41.174514284400914,0.0,0.0,0.176144908287252,0.176144908287252,0.0,-75495.41243657106,-75495.41243657106,712.0,712.0,634.1216698341071,0.0,77.87833016589286,0.0,0.0,712
633.9455249258199,0.0,-6339.455249258199,0.0,0.0,0.0,-0.0,0.0,0.36094485086520944,28.10978226735974,799.2,0.0,77.87833016589286,1.0,888.0,-69155.95718731286,118,-37.74307310540373,0.0,118,-45.08914759275642,0.0,120,-52.378364353193334,0.0,118,-15.496660333579129,0.0,120,-57.67526061141702,0.0,118,-47.97826082428699,0.0,0.0,0.176144908287252,0.176144908287252,0.0,-75495.41243657106,-75495.41243657106,712.0,712.0,634.1216698341071,0.0,77.87833016589286,0.0,0.0,712
633.9455249258199,0.0,-6339.455249258199,0.0,0.0,0.0,-0.0,0.0,0.36094485086520944,28.10978226735974,799.2,0.0,77.87833016589286,1.0,888.0,-69155.95718731286,118,-6.607687148711969,0.0,118,-13.04736450326093,0.0,120,-42.08140960251071,0.0,118,-23.565891169188188,0.0,120,-52.57621393778403,0.0,118,-22.435145459628462,0.0,0.0,0.176144908287252,0.176144908287252,0.0,-75495.41243657106,-75495.41243657106,712.0,712.0,634.1216698341071,0.0,77.87833016589286,0.0,0.0,712
633.9455249258199,0.0,-6339.455249258199,0.0,0.0,0.0,-0.0,0.0,0.36094485086520944,28.10978226735974,799.2,0.0,77.87833016589286,1.0,888.0,-69155.95718731286,118,-13.382376556488689,0.0,118,-24.786708227860494,0.0,120,-48.17564724335811,0.0,118,-13.73283820604512,0.0,120,-19.613636298805602,0.0,118,-26.531301091254484,0.0,0.0,0.176144908287252,0.176144908287252,0.0,-75495.41243657106,-75495.41243657106,712.0,712.0,634.1216698341071,0.0,77.87833016589286,0.0,0.0,712
633.9455249258199,0.0,-6339.455249258199,0.0,0.0,0.0,-0.0,0.0,0.36094485086520944,50.488363021002726,799.2,0.0,139.87833016589286,1.0,888.0,-124211.95718731286,118,-20.277605321444234,0.0,180,-20.69260210003523,0.0,120,-34.05734494733727,0.0,118,-47.66658764995757,0.0,120,-55.91006238257488,0.0,118,-14.999405676826951,0.0,0.0,0.176144908287252,0.176144908287252,0.0,-130551.41243657106,-130551.41243657106,774.0,774.0,634.1216698341071,0.0,139.87833016589286,0.0,0.0,774
633.9455249258199,0.0,-6339.455249258199,0.0,0.0,0.0,-0.0,0.0,0.36094485086520944,50.488363021002726,799.2,0.0,139.87833016589286,1.0,888.0,-124211.95718731286,118,-6.179974966398413,0.0,180,-5.112354336420967,0.0,120,-54.26614921354651,0.0,118,-0.37248041906833285,0.0,120,-35.88213997818188,0.0,118,-43.18968233415324,0.0,0.0,0.176144908287252,0.176144908287252,0.0,-130551.41243657106,-130551.41243657106,774.0,774.0,634.1216698341071,0.0,139.87833016589286,0.0,0.0,774
1081.9161522984705,0.0,-10819.161522984705,308.2167680673781,0.0,0.0,-0.0,0.0,0.36094485086520944,0.0,799.2,0.0,0.0,1.0,888.0,-0.0,118,-39.71048004973421,0.0,180,-33.91713378061771,0.0,120,-40.173624889269284,0.0,118,-21.846618205215623,0.0,120,-30.641800124646203,0.0,118,-59.08688500957219,0.0,0.0,0.300615768907605,0.300615768907605,0.0,-10819.161522984705,-10819.161522984705,1082.216768067378,1082.216768067378,1082.216768067378,0.0,0.0,308.2167680673781,0.0,774
1081.9161522984705,0.0,-10819.161522984705,308.2167680673781,277.3950912606403,0.0,-0.0,0.006724240449437382,0.36094485086520944,0.0,799.2,0.0,0.0,1.0,888.0,-0.0,118,-33.06724037719008,0.0,180,-52.78824661664911,0.0,120,-23.616664623646635,0.0,118,-7.440564541753525,0.0,120,-32.304854217056324,0.0,118,-43.85953383798918,0.0,0.0,0.300615768907605,0.300615768907605,0.0,-10819.161522984705,-10819.161522984705,1082.216768067378,1082.216768067378,1082.216768067378,0.0,0.0,308.2167680673781,0.0,774
1081.9161522984705,0.0,-10819.161522984705,308.2167680673781,554.7901825212806,0.0,-0.0,0.013448480898874763,0.36094485086520944,0.0,799.2,0.0,0.0,1.0,888.0,-0.0,118,-30.46316155683272,0.0,180,-14.309645072424633,0.0,120,-22.503180938949498,0.0,118,-57.399437340898224,0.0,120,-33.46218328176732,0.0,118,-24.211398845717405,0.0,0.0,0.300615768907605,0.300615768907605,0.0,-10819.161522984705,-10819.161522984705,1082.216768067378,1082.216768067378,1082.216768067378,0.0,0.0,308.2167680673781,0.0,774
1081.9161522984705,0.0,-10819.161522984705,308.2167680673781,832.1852737819208,0.0,-0.0,0.020172721348312144,0.36094485086520944,0.0,799.2,0.0,0.0,1.0,888.0,-0.0,118,-15.576410900440935,0.0,180,-30.47675490273201,0.0,120,-24.34258100518496,0.0,118,-43.37737752863073,0.0,120,-17.657145062418518,0.0,118,-29.647876084011124,0.0,0.0,0.300615768907605,0.300615768907605,0.0,-10819.161522984705,-10819.161522984705,1082.216768067378,1082.216768067378,1082.216768067378,0.0,0.0,308.2167680673781,0.0,774
1081.9161522984705,0.0,-10819.161522984705,310.2167680673781,1109.5803650425612,0.0,-0.0,0.026896961797749527,0.36094485086520944,0.0,799.2,0.0,0.0,1.0,888.0,-0.0,118,-10.293937227090948,0.0,180,-6.7039918903733975,0.0,120,-8.926847513472858,0.0,118,-37.33825407630027,0.0,118,-40.529251241341115,0.0,118,-3.6855677736154036,0.0,0.0,0.300615768907605,0.300615768907605,0.0,-10819.161522984705,-10819.161522984705,1082.216768067378,1082.216768067378,1082.216768067378,0.0,0.0,310.2167680673781,0.0,772
1081.9161522984705,0.0,-10819.161522984705,310.2167680673781,1388.7754563032015,0.0,-0.0,0.03366483543750034,0.36094485086520944,0.0,799.2,0.0,0.0,1.0,888.0,-0.0,118,-4.51160104578298,0.0,180,-48.66411384221849,0.0,120,-40.707716932662684,0.0,118,-0.6404270674016321,0.0,118,-57.50274680802651,0.0,118,-40.99473456300571,0.0,0.0,0.300615768907605,0.300615768907605,0.0,-10819.161522984705,-10819.161522984705,1082.216768067378,1082.216768067378,1082.216768067378,0.0,0.0,310.2167680673781,0.0,772
1395.2231530421247,0.0,-13952.231530421248,623.6108227151012,1667.9705475638418,0.0,-0.0,0.040432709077251154,0.36094485086520944,0.0,799.2,0.0,0.0,1.0,888.0,-0.0,118,-22.790949368727,0.0,180,-16.18416854249535,0.0,120,-1.2765766775581322,0.0,118,-7.146781326937381,0.0,118,-5.473246669754419,0.0,118,-21.938451879485964,0.0,0.0,0.387669672976417,0.387669672976417,0.0,-13952.231530421248,-13952.231530421248,1395.6108227151012,1395.6108227151012,1395.6108227151012,0.0,0.0,623.6108227151012,0.0,772
1395.2231530421247,0.0,-13952.231530421248,623.6108227151012,2229.220288007433,0.0,-0.0,0.05403777393177303,0.36094485086520944,0.0,799.2,0.0,0.0,1.0,888.0,-0.0,118,-37.292837915904514,0.0,180,-35.95870297127449,0.0,120,-2.899571655357125,0.0,118,-14.426784196721297,0.0,118,-54.222230552514695,0.0,118,-31.395625950686963,0.0,0.0,0.387669672976417,0.387669672976417,0.0,-13952.231530421248,-13952.231530421248,1395.6108227151012,1395.6108227151012,1395.6108227151012,0.0,0.0,623.6108227151012,0.0,772
1395.2231530421247,0.0,-13952.231530421248,623.6108227151012,2790.470028451024,0.0,-0.0,0.06764283878629491,0.36094485086520944,0.0,799.2,0.0,0.0,1.0,888.0,-0.0,118,-9.40154151000241,0.0,180,-11.925822719368771,0.0,120,-15.23543670404358,0.0,118,-17.219053209751422,0.0,118,-17.90738529189355,0.0,118,-51.11695710787401,0.0,0.0,0.387669672976417,0.387669672976417,0.0,-13952.231530421248,-13952.231530421248,1395.6108227151012,1395.6108227151012,1395.6108227151012,0.0,0.0,623.6108227151012,0.0,772
1395.2231530421247,0.0,-13952.231530421248,623.6108227151012,3351.7197688946153,0.0,-0.0,0.0812479036408168,0.36094485086520944,0.0,799.2,0.0,0.0,1.0,888.0,-0.0,118,-55.984011685234755,0.0,180,-51.03344449808934,0.0,120,-56.44228009669818,0.0,118,-0.5749582864369063,0.0,118,-25.214996715227887,0.0,118,-55.96786041373625,0.0,0.0,0.387669672976417,0.387669672976417,0.0,-13952.231530421248,-13952.231530421248,1395.6108227151012,1395.6108227151012,1395.6108227151012,0.0,0.0,623.6108227151012,0.0,772
1395.2231530421247,0.0,-13952.231530421248,623.6108227151012,3912.9695093382065,0.0,-0.0,0.09485296849533868,0.36094485086520944,0.0,799.2,0.0,0.0,1.0,888.0,-0.0,118,-0.5651385287638644,0.0,180,-19.84788820833229,0.0,120,-23.037854124730302,0.0,118,-7.556270417741127,0.0,118,-8.043594574448063,0.0,118,-37.34423928443782,0.0,0.0,0.387669672976417,0.387669672976417,0.0,-13952.231530421248,-13952.231530421248,1395.6108227151012,1395.6108227151012,1395.6108227151012,0.0,0.0,623.6108227151012,0.0,772
1395.2231530421247,0.0,-13952.231530421248,623.6108227151012,4474.219249781798,0.0,-0.0,0.10845803334986057,0.36094485086520944,0.0,799.2,0.0,0.0,1.0,888.0,-0.0,118,-3.3235501759445962,0.0,180,-17.620646347738468,0.0,120,-23.42680053833536,0.0,118,-29.736868478483643,0.0,118,-7.288521071409617,0.0,118,-39.071392972965484,0.0,0.0,0.387669672976417,0.387669672976417,0.0,-13952.231530421248,-13952.231530421248,1395.6108227151012,1395.6108227151012,1395.6108227151012,0.0,0.0,623.6108227151012,0.0,772
1611.1775659493305,0.0,-16111.775659493305,839.6252396270047,5035.468990225389,0.0,-0.0,0.12206309820438244,0.36094485086520944,0.0,799.2,0.0,0.0,1.0,888.0,-0.0,118,-56.695659556823315,0.0,180,-36.08918706452857,0.0,120,-48.34938399395676,0.0,118,-3.3367334623823153,0.0,118,-10.449332875576772,0.0,118,-39.60746071312871,0.0,0.0,0.447673677674168,0.447673677674168,0.0,-16111.775659493305,-16111.775659493305,1611.6252396270047,1611.6252396270047,1611.6252396270047,0.0,0.0,839.6252396270047,0.0,772
1611.1775659493305,0.0,-16111.775659493305,839.6252396270047,5791.131705889693,0.0,-0.0,0.14038086214068535,0.36094485086520944,0.0,799.2,0.0,0.0,1.0,888.0,-0.0,118,-26.730542902955893,0.0,180,-14.20650500647737,0.0,120,-40.234118143799144,0.0,118,-53.06281910298348,0.0,118,-6.720259145160476,0.0,118,-10.465244362488445,0.0,0.0,0.447673677674168,0.447673677674168,0.0,-16111.775659493305,-16111.775659493305,1611.6252396270047,1611.6252396270047,1611.6252396270047,0.0,0.0,839.6252396270047,0.0,772
1611.1775659493305,0.0,-16111.775659493305,839.6252396270047,6546.794421553997,0.0,-0.0,0.1586986260769883,0.36094485086520944,0.0,799.2,0.0,0.0,1.0,888.0,-0.0,118,-12.168691923895786,0.0,180,-57.8230913893779,0.0,120,-38.64957389768439,0.0,118,-13.570079382640138,0.0,118,-57.52110472137335,0.0,118,-54.532914151647226,0.0,0.0,0.447673677674168,0.447673677674168,0.0,-16111.775659493305,-16111.775659493305,1611.6252396270047,1611.6252396270047,1611.6252396270047,0.0,0.0,839.6252396270047,0.0,772
1611.1775659493305,0.0,-16111.775659493305,839.6252396270047,7302.457137218302,0.0,-0.0,0.1770163900132912,0.36094485086520944,0.0,799.2,0.0,0.0,1.0,888.0,-0.0,118,-31.910658001895033,0.0,180,-41.83112493793228,0.0,120,-17.19769648849499,0.0,118,-28.02152428413774,0.0,118,-27.73381931570118,0.0,118,-25.335663114112275,0.0,0.0,0.447673677674168,0.447673677674168,0.0,-16111.775659493305,-16111.775659493305,1611.6252396270047,1611.6252396270047,1611.6252396270047,0.0,0.0,839.6252396270047,0.0,772
1611.1775659493305,0.0,-16111.775659493305,839.6252396270047,8058.119852882606,0.0,-0.0,0.1953341539495941,0.36094485086520944,0.0,799.2,0.0,0.0,1.0,888.0,-0.0,118,-15.448896694151856,0.0,180,-45.34277246067472,0.0,120,-49.61285437386001,0.0,118,-39.099064838750266,0.0,118,-43.380557608474156,0.0,118,-45.28771971105695,0.0,0.0,0.447673677674168,0.447673677674168,0.0,-16111.775659493305,-16111.775659493305,1611.6252396270047,1611.6252396270047,1611.6252396270047,0.0,0.0,839.6252396270047,0.0,772
1611.1775659493305,0.0,-16111.775659493305,839.6252396270047,8813.78256854691,0.0,-0.0,0.21365191788589705,0.36094485086520944,0.0,799.2,0.0,0.0,1.0,888.0,-0.0,118,-37.50779111370404,0.0,180,-8.23138120018595,0.0,120,-20.375002283523212,0.0,118,-21.785022876127933,0.0,118,-36.055741502288036,0.0,118,-53.30146098509499,0.0,0.0,0.447673677674168,0.447673677674168,0.0,-16111.775659493305,-16111.775659493305,1611.6252396270047,1611.6252396270047,1611.6252396270047,0.0,0.0,839.6252396270047,0.0,772
1690.1446583503807,0.0,-16901.446583503806,918.6142734263324,9569.445284211215,0.0,-0.0,0.23196968182219996,0.36094485086520944,0.0,799.2,0.0,0.0,1.0,888.0,-0.0,118,-38.54239365282064,0.0,180,-50.45041199146551,0.0,120,-42.0821467136176,0.0,118,-5.118438933370292,0.0,118,-55.26025729114378,0.0,118,-37.477720705018136,0.0,0.0,0.469615075951759,0.469615075951759,0.0,-16901.446583503806,-16901.446583503806,1690.6142734263324,1690.6142734263324,1690.6142734263324,0.0,0.0,918.6142734263324,0.0,772
1690.1446583503807,0.0,-16901.446583503806,918.6142734263324,10396.198130294913,0.0,-0.0,0.25201071753072296,0.36094485086520944,0.0,799.2,0.0,0.0,1.0,888.0,-0.0,118,-18.376430146969998,0.0,180,-52.59875019714082,0.0,120,-14.1177355714749,0.0,118,-2.2317141693153797,0.0,118,-46.621434170893515,0.0,118,-45.608575315385686,0.0,0.0,0.469615075951759,0.469615075951759,0.0,-16901.446583503806,-16901.446583503806,1690.6142734263324,1690.6142734263324,1690.6142734263324,0.0,0.0,918.6142734263324,0.0,772
1690.1446583503807,0.0,-16901.446583503806,918.6142734263324,11222.950976378612,0.0,-0.0,0.2720517532392459,0.36094485086520944,0.0,799.2,0.0,0.0,1.0,888.0,-0.0,118,-2.9809446183443034,0.0,180,-5.352231365190403,0.0,120,-14.774692517583123,0.0,118,-31.818896358704635,0.0,118,-18.634469259046966,0.0,118,-40.471465229210445,0.0,0.0,0.469615075951759,0.469615075951759,0.0,-16901.446583503806,-16901.446583503806,1690.6142734263324,1690.6142734263324,1690.6142734263324,0.0,0.0,918.6142734263324,0.0,772
1690.1446583503807,0.0,-16901.446583503806,918.6142734263324,12049.70382246231,0.0,-0.0,0.2920927889477689,0.36094485086520944,0.0,799.2,0.0,0.0,1.0,888.0,-0.0,118,-59.361177766094954,0.0,180,-14.534123746844909,0.0,120,-49.1359216154957,0.0,118,-46.199348197872226,0.0,118,-16.619026298351372,0.0,118,-33.73881730116791,0.0,0.0,0.469615075951759,0.469615075951759,0.0,-16901.446583503806,-16901.446583503806,1690.6142734263324,1690.6142734263324,1690.6142734263324,0.0,0.0,918.6142734263324,0.0,772
1690.1446583503807,0.0,-16901.446583503806,918.6142734263324,12876.456668546009,0.0,-0.0,0.31213382465629186,0.36094485086520944,0.0,799.2,0.0,0.0,1.0,888.0,-0.0,118,-27.702010299898,0.0,180,-46.73429651290739,0.0,120,-51.91866266356598,0.0,118,-47.78425167342671,0.0,118,-42.42906218919995,0.0,118,-32.401883029544564,0.0,0.0,0.469615075951759,0.469615075951759,0.0,-16901.446583503806,-16901.446583503806,1690.6142734263324,1690.6142734263324,1690.6142734263324,0.0,0.0,918.6142734263324,0.0,772
1690.1446583503807,0.0,-16901.446583503806,918.6142734263324,13703.209514629707,0.0,-0.0,0.33217486036481486,0.36094485086520944,0.0,799.2,0.0,0.0,1.0,888.0,-0.0,118,-16.710281799937782,0.0,180,-35.629687695188046,0.0,120,-6.860022627960203,0.0,118,-33.79013463585415,0.0,118,-39.53319883244405,0.0,118,-42.137115181598624,0.0,0.0,0.469615075951759,0.469615075951759,0.0,-16901.446583503806,-16901.446583503806,1690.6142734263324,1690.6142734263324,1690.6142734263324,0.0,0.0,918.6142734263324,0.0,772
1575.5012259064379,0.0,-15755.012259064379,803.9389867360867,14529.962360713405,0.0,-0.0,0.3522158960733378,0.36094485086520944,0.0,799.2,0.0,0.0,1.0,888.0,-0.0,118,-15.090135795786859,0.0,180,-29.37064401657398,0.0,120,-13.629506275643152,0.0,118,-53.05258492015396,0.0,118,-3.4970430971325905,0.0,118,-35.73644487732519,0.0,0.0,0.437760829648913,0.437760829648913,0.0,-15755.012259064379,-15755.012259064379,1575.9389867360867,1575.9389867360867,1575.9389867360867,0.0,0.0,803.9389867360867,0.0,772
1575.5012259064379,0.0,-15755.012259064379,803.9389867360867,15253.507448775883,0.0,-0.0,0.3697551074776594,0.36094485086520944,0.0,799.2,0.0,0.0,1.0,888.0,-0.0,118,-45.034048305659695,0.0,180,-46.73160762426807,0.0,120,-33.00092366909058,0.0,118,-49.21038727753008,0.0,118,-50.962083843167036,0.0,118,-15.73598520488352,0.0,0.0,0.437760829648913,0.437760829648913,0.0,-15755.012259064379,-15755.012259064379,1575.9389867360867,1575.9389867360867,1575.9389867360867,0.0,0.0,803.9389867360867,0.0,772
1575.5012259064379,0.0,-15755.012259064379,803.9389867360867,15977.05253683836,0.0,-0.0,0.38729431888198096,0.36094485086520944,0.0,799.2,0.0,0.0,1.0,888.0,-0.0,118,-6.584690026064022,0.0,180,-20.23821849163568,0.0,120,-27.936297140410936,0.0,118,-21.31825871233753,0.0,118,-10.684093908490313,0.0,118,-54.23054230838709,0.0,0.0,0.437760829648913,0.437760829648913,0.0,-15755.012259064379,-15755.012259064379,1575.9389867360867,1575.9389867360867,1575.9389867360867,0.0,0.0,803.9389867360867,0.0,772
1575.5012259064379,0.0,-15755.012259064379,801.9389867360867,16700.597624900838,0.0,-0.0,0.40483353028630253,0.36094485086520944,0.0,799.2,0.0,0.0,1.0,888.0,-0.0,118,-22.026740352605668,0.0,180,-36.98875218509307,0.0,120,-50.55544515691156,0.0,118,-6.890734587647631,0.0,120,-28.46781049430662,0.0,118,-50.45350405586649,0.0,0.0,0.437760829648913,0.437760829648913,0.0,-15755.012259064379,-15755.012259064379,1575.9389867360867,1575.9389867360867,1575.9389867360867,0.0,0.0,801.9389867360867,0.0,774
1575.5012259064379,0.0,-15755.012259064379,801.9389867360867,17422.342712963316,0.0,-0.0,0.4223291085003107,0.36094485086520944,0.0,799.2,0.0,0.0,1.0,888.0,-0.0,118,-12.61008392020319,0.0,180,-33.35556291123604,0.0,120,-35.74266950626246,0.0,118,-57.15748907815261,0.0,120,-19.824267821947213,0.0,118,-47.40167557435498,0.0,0.0,0.437760829648913,0.437760829648913,0.0,-15755.012259064379,-15755.012259064379,1575.9389867360867,1575.9389867360867,1575.9389867360867,0.0,0.0,801.9389867360867,0.0,774
1575.5012259064379,0.0,-15755.012259064379,801.9389867360867,18144.087801025795,0.0,-0.0,0.43982468671431885,0.36094485086520944,0.0,799.2,0.0,0.0,1.0,888.0,-0.0,118,-13.754804755665976,0.0,180,-44.45385473646182,0.0,120,-24.669497135116266,0.0,118,-10.786854025428227,0.0,120,-8.720848318869063,0.0,118,-39.499545925413756,0.0,0.0,0.437760829648913,0.437760829648913,0.0,-15755.012259064379,-15755.012259064379,1575.9389867360867,1575.9389867360867,1575.9389867360867,0.0,0.0,801.9389867360867,0.0,774
1193.1017413764744,0.0,-11931.017413764745,419.4332506127557,18865.832889088273,0.0,-0.0,0.457320264928327,0.36094485086520944,0.0,799.2,0.0,0.0,1.0,888.0,-0.0,118,-59.13015421953505,0.0,180,-5.657902709380775,0.0,120,-22.83055265581323,0.0,118,-44.564451126678705,0.0,120,-11.890116931030368,0.0,118,-41.57332768137172,0.0,0.0,0.331509236281321,0.331509236281321,0.0,-11931.017413764745,-11931.017413764745,1193.4332506127557,1193.4332506127557,1193.4332506127557,0.0,0.0,419.4332506127557,0.0,774
1193.1017413764744,0.0,-11931.017413764745,419.4332506127557,19243.322814639752,0.0,-0.0,0.4664708703522108,0.36094485086520944,0.0,799.2,0.0,0.0,1.0,888.0,-0.0,118,-41.37799105340252,0.0,180,-42.08435399162452,0.0,120,-52.27468366134266,0.0,118,-16.303703475662413,0.0,120,-19.96181702495249,0.0,118,-38.99816885255634,0.0,0.0,0.331509236281321,0.331509236281321,0.0,-11931.017413764745,-11931.017413764745,1193.4332506127557,1193.4332506127557,1193.4332506127557,0.0,0.0,419.4332506127557,0.0,774
1193.1017413764744,0.0,-11931.017413764745,419.4332506127557,19620.81274019123,0.0,-0.0,0.47562147577609465,0.36094485086520944,0.0,799.2,0.0,0.0,1.0,888.0,-0.0,118,-6.702707735034146,0.0,180,-28.97219206751643,0.0,120,-28.127500335971888,0.0,118,-59.358356625651474,0.0,120,-44.78419058083977,0.0,118,-25.681793336848358,0.0,0.0,0.331509236281321,0.331509236281321,0.0,-11931.017413764745,-11931.017413764745,1193.4332506127557,1193.4332506127557,1193.4332506127557,0.0,0.0,419.4332506127557,0.0,774
1193.1017413764744,0.0,-11931.017413764745,419.4332506127557,19998.30266574271,0.0,-0.0,0.48477208119997844,0.36094485086520944,0.0,799.2,0.0,0.0,1.0,888.0,-0.0,118,-24.503074262080258,0.0,180,-57.4244819663522,0.0,120,-13.563405663860514,0.0,118,-58.168226892826524,0.0,120,-56.60573128420534,0.0,118,-18.369533518052126,0.0,0.0,0.331509236281321,0.331509236281321,0.0,-11931.017413764745,-11931.017413764745,1193.4332506127557,1193.4332506127557,1193.4332506127557,0.0,0.0,419.4332506127557,0.0,774
1193.1017413764744,0.0,-11931.017413764745,419.4332506127557,20375.79259129419,0.0,-0.0,0.49392268662386224,0.36094485086520944,0.0,799.2,0.0,0.0,1.0,888.0,-0.0,118,-35.288526937965884,0.0,180,-52.70617829240187,0.0,120,-56.505069355025,0.0,118,-13.526631816256309,0.0,120,-41.404327390535855,0.0,118,-10.765409096710775,0.0,0.0,0.331509236281321,0.331509236281321,0.0,-11931.017413764745,-11931.017413764745,1193.4332506127557,1193.4332506127557,1193.4332506127557,0.0,0.0,419.4332506127557,0.0,774
1193.1017413764744,0.0,-11931.017413764745,419.4332506127557,20753.28251684567,0.0,-0.0,0.5030732920477461,0.36094485086520944,0.0,799.2,0.0,0.0,1.0,888.0,-0.0,118,-21.929352332578876,0.0,180,-14.293812976912134,0.0,120,-6.350872627561284,0.0,118,-10.403944407575136,0.0,120,-33.28951349583063,0.0,118,-26.698122795772335,0.0,0.0,0.331509236281321,0.331509236281321,0.0,-11931.017413764745,-11931.017413764745,1193.4332506127557,1193.4332506127557,1193.4332506127557,0.0,0.0,419.4332506127557,0.0,774
572.5645524516766,0.0,-5725.645524516766,0.0,21130.77244239715,201.27635764767,-0.0,0.5122238974716299,0.36094485086520944,0.0,799.2,0.0,0.0,1.0,888.0,-0.0,118,-31.85533185980693,0.0,180,-34.0492943186218,0.0,120,-38.31489843216692,0.0,118,-28.989723655701635,0.0,120,-15.573637884524825,0.0,118,-3.4768951254623626,0.0,0.0,0.159089900653425,0.159089900653425,0.0,-5725.645524516766,-5725.645524516766,774.0,774.0,572.72364235233,0.0,201.27635764767,0.0,0.0,774
572.5645524516766,0.0,-5725.645524516766,0.0,20907.132045010847,201.27635764767,-0.0,0.5068027063488921,0.36094485086520944,0.0,799.2,0.0,0.0,1.0,888.0,-0.0,118,-36.374417531235494,0.0,180,-42.30011295618014,0.0,120,-14.772040961218716,0.0,118,-19.943106372619855,0.0,120,-30.41083415505254,0.0,118,-40.78213624630425,0.0,0.0,0.159089900653425,0.159089900653425,0.0,-5725.645524516766,-5725.645524516766,774.0,774.0,572.72364235233,0.0,201.27635764767,0.0,0.0,774
572.5645524516766,0.0,-5725.645524516766,0.0,20683.491647624545,201.27635764767,-0.0,0.5013815152261544,0.36094485086520944,0.0,799.2,0.0,0.0,1.0,888.0,-0.0,118,-7.24035342219679,0.0,180,-11.190065772688396,0.0,120,-37.59848377722084,0.0,118,-11.494173886743923,0.0,120,-38.879986670603536,0.0,118,-28.79707499023821,0.0,0.0,0.159089900653425,0.159089900653425,0.0,-5725.645524516766,-5725.645524516766,774.0,774.0,572.72364235233,0.0,201.27635764767,0.0,0.0,774
572.5645524516766,0.0,-5725.645524516766,0.0,20459.851250238244,201.27635764767,-0.0,0.49596032410341656,0.36094485086520944,0.0,799.2,0.0,0.0,1.0,888.0,-0.0,118,-49.045803814373905,0.0,180,-45.23176110675632,0.0,120,-10.544350567651167,0.0,118,-51.12028765978667,0.0,120,-16.987233844179915,0.0,118,-53.649837514883764,0.0,0.0,0.159089900653425,0.159089900653425,0.0,-5725.645524516766,-5725.645524516766,774.0,774.0,572.72364235233,0.0,201.27635764767,0.0,0.0,774
572.5645524516766,0.0,-5725.645524516766,0.0,20236.210852851942,201.27635764767,-0.0,0.4905391329806788,0.36094485086520944,0.0,799.2,0.0,0.0,1.0,888.0,-0.0,118,-5.442878205641395,0.0,180,-32.618631894639435,0.0,120,-59.28767265062784,0.0,118,-40.53732496074331,0.0,120,-37.910240842062066,0.0,118,-30.320087220351713,0.0,0.0,0.159089900653425,0.159089900653425,0.0,-5725.645524516766,-5725.645524516766,774.0,774.0,572.72364235233,0.0,201.27635764767,0.0,0.0,774
572.5645524516766,0.0,-5725.645524516766,0.0,20012.57045546564,201.27635764767,-0.0,0.485117941857941,0.36094485086520944,0.0,799.2,0.0,0.0,1.0,888.0,-0.0,118,-59.39349019044644,0.0,180,-15.195290487943165,0.0,120,-1.438456953914895,0.0,118,-51.22247849603645,0.0,120,-37.893839788586206,0.0,118,-37.366796690394395,0.0,0.0,0.159089900653425,0.159089900653425,0.0,-5725.645524516766,-5725.645524516766,774.0,774.0,572.72364235233,0.0,201.27635764767,0.0,0.0,774
0.0,0.0,-0.0,0.0,19788.93005807934,774.0,-0.0,0.47969675073520324,0.36094485086520944,0.0,799.2,0.0,0.0,1.0,888.0,-0.0,118,-1.8258010829599458,0.0,180,-13.668824642460251,0.0,120,-1.0021818350641087,0.0,118,-20.199356631481173,0.0,120,-24.12604537621784,0.0,118,-39.18879009118519,0.0,0.0,0.0,0.0,0.0,0.0,0.0,774.0,774.0,0.0,0.0,774.0,0.0,0.0,774
0.0,0.0,-0.0,0.0,18928.93005807934,774.0,-0.0,0.45884978202989696,0.36094485086520944,0.0,799.2,0.0,0.0,1.0,888.0,-0.0,118,-27.925293676046163,0.0,180,-35.17819488934367,0.0,120,-4.133268500538934,0.0,118,-29.65901777758072,0.0,120,-37.78483177765409,0.0,118,-2.833537306782008,0.0,0.0,0.0,0.0,0.0,0.0,0.0,774.0,774.0,0.0,0.0,774.0,0.0,0.0,774
0.0,0.0,-0.0,0.0,18068.93005807934,776.0,-0.0,0.4380028133245907,0.36094485086520944,0.0,799.2,0.0,0.0,1.0,888.0,-0.0,118,-17.848905418585172,0.0,180,-4.487619621556869,0.0,120,-32.7871159092442,0.0,120,-49.534412971887775,0.0,120,-47.034928471276096,0.0,118,-53.331489240310766,0.0,0.0,0.0,0.0,0.0,0.0,0.0,776.0,776.0,0.0,0.0,776.0,0.0,0.0,776
0.0,0.0,-0.0,0.0,17206.707835857116,776.0,-0.0,0.41710197648309494,0.36094485086520944,0.0,799.2,0.0,0.0,1.0,888.0,-0.0,118,-35.3773136029899,0.0,180,-41.09926312001923,0.0,120,-27.641394191519048,0.0,120,-26.3800911582122,0.0,120,-8.116995202227546,0.0,118,-44.327138094136444,0.0,0.0,0.0,0.0,0.0,0.0,0.0,776.0,776.0,0.0,0.0,776.0,0.0,0.0,776
0.0,0.0,-0.0,0.0,16344.485613634894,776.0,-0.0,0.39620113964159925,0.36094485086520944,0.0,799.2,0.0,0.0,1.0,888.0,-0.0,118,-43.58218061336372,0.0,180,-37.46278376510093,0.0,120,-31.81680746043446,0.0,120,-54.848230255654904,0.0,120,-10.555583937310741,0.0,118,-47.71330326067418,0.0,0.0,0.0,0.0,0.0,0.0,0.0,776.0,776.0,0.0,0.0,776.0,0.0,0.0,776
0.0,0.0,-0.0,0.0,15482.26339141267,776.0,-0.0,0.3753003028001035,0.36094485086520944,0.0,799.2,0.0,0.0,1.0,888.0,-0.0,118,-2.0700106715756283,0.0,180,-18.571839694400904,0.0,120,-52.656532527616314,0.0,120,-58.68632094287369,0.0,120,-50.316810528760065,0.0,118,-4.235299530804253,0.0,0.0,0.0,0.0,0.0,0.0,0.0,776.0,776.0,0.0,0.0,776.0,0.0,0.0,776
0.0,0.0,-0.0,0.0,14620.041169190448,776.0,-0.0,0.35439946595860783,0.36094485086520944,0.0,799.2,0.0,0.0,1.0,888.0,-0.0,118,-47.54629710491565,0.0,180,-11.270352699907985,0.0,120,-14.335139539583261,0.0,120,-23.854809563373735,0.0,120,-59.236940236238276,0.0,118,-2.41003699157178,0.0,0.0,0.0,0.0,0.0,0.0,0.0,776.0,776.0,0.0,0.0,776.0,0.0,0.0,776
0.0,0.0,-0.0,0.0,13757.818946968226,776.0,-0.0,0.3334986291171121,0.36094485086520944,0.0,799.2,0.0,0.0,1.0,888.0,-0.0,118,-19.131404034930778,0.0,180,-52.465990795976495,0.0,120,-57.16776152056843,0.0,120,-39.86378310711096,0.0,120,-43.47875254010865,0.0,118,-17.136713563843358,0.0,0.0,0.0,0.0,0.0,0.0,0.0,776.0,776.0,0.0,0.0,776.0,0.0,0.0,776
0.0,0.0,-0.0,0.0,12895.596724746003,776.0,-0.0,0.3125977922756164,0.36094485086520944,0.0,799.2,0.0,0.0,1.0,888.0,-0.0,118,-13.797402192586109,0.0,180,-29.618394153288783,0.0,120,-49.31218888993319,0.0,120,-54.20122828472786,0.0,120,-4.374028370130536,0.0,118,-41.741591325437675,0.0,0.0,0.0,0.0,0.0,0.0,0.0,776.0,776.0,0.0,0.0,776.0,0.0,0.0,776
0.0,0.0,-0.0,0.0,12033.37450252378,776.0,-0.0,0.29169695543412066,0.36094485086520944,0.0,799.2,0.0,0.0,1.0,888.0,-0.0,118,-11.257692154690535,0.0,180,-0.9001518446610124,0.0,120,-35.39754675144193,0.0,120,-19.61676708192448,0.0,120,-57.51370283471055,0.0,118,-49.16708866927096,0.0,0.0,0.0,0.0,0.0,0.0,0.0,776.0,776.0,0.0,0.0,776.0,0.0,0.0,776
0.0,0.0,-0.0,0.0,11171.152280301558,776.0,-0.0,0.270796118592625,0.36094485086520944,0.0,799.2,0.0,0.0,1.0,888.0,-0.0,118,-36.17010915750553,0.0,180,-6.423903082646643,0.0,120,-7.6677923585187,0.0,120,-24.612191957969813,0.0,120,-23.809133426328774,0.0,118,-13.541979854221928,0.0,0.0,0.0,0.0,0.0,0.0,0.0,776.0,776.0,0.0,0.0,776.0,0.0,0.0,776
0.0,0.0,-0.0,0.0,10308.930058079335,776.0,-0.0,0.24989528175112927,0.36094485086520944,0.0,799.2,0.0,0.0,1.0,888.0,-0.0,118,-3.797866973213435,0.0,180,-53.46793917338878,0.0,120,-3.58820271723453,0.0,120,-46.72071444011684,0.0,120,-5.786170358660021,0.0,118,-45.051533835271236,0.0,0.0,0.0,0.0,0.0,0.0,0.0,776.0,776.0,0.0,0.0,776.0,0.0,0.0,776
0.0,0.0,-0.0,0.0,9446.707835857113,776.0,-0.0,0.22899444490963355,0.36094485086520944,0.0,799.2,0.0,0.0,1.0,888.0,-0.0,118,-8.955484473738867,0.0,180,-59.32762862945019,0.0,120,-36.75740316029003,0.0,120,-34.70220050066064,0.0,120,-46.96152202345403,0.0,118,-8.772178639801131,0.0,0.0,0.0,0.0,0.0,0.0,0.0,776.0,776.0,0.0,0.0,776.0,0.0,0.0,776
0.0,0.0,-0.0,0.0,8584.48561363489,776.0,-0.0,0.20809360806813784,0.36094485086520944,0.0,799.2,0.0,0.0,1.0,888.0,-0.0,118,-42.70124528761853,0.0,180,-41.01772367588348,0.0,120,-3.2490038209703687,0.0,120,-25.217654211875093,0.0,120,-50.63355544600853,0.0,118,-30.296008309909674,0.0,0.0,0.0,0.0,0.0,0.0,0.0,776.0,776.0,0.0,0.0,776.0,0.0,0.0,776
0.0,0.0,-0.0,0.0,7722.263391412667,776.0,-0.0,0.18719277122664213,0.36094485086520944,0.0,799.2,0.0,0.0,1.0,888.0,-0.0,118,-3.226611000428743,0.0,180,-58.91420284087321,0.0,120,-56.651769843612975,0.0,120,-13.292398503331942,0.0,120,-30.68362172020846,0.0,118,-54.71952164123822,0.0,0.0,0.0,0.0,0.0,0.0,0.0,776.0,776.0,0.0,0.0,776.0,0.0,0.0,776
0.0,0.0,-0.0,0.0,6860.041169190445,776.0,-0.0,0.16629193438514642,0.36094485086520944,0.0,799.2,0.0,0.0,1.0,888.0,-0.0,118,-41.505174753073874,0.0,180,-50.28183328628853,0.0,120,-22.21976338362587,0.0,120,-44.33304024289537,0.0,120,-18.598983671204554,0.0,118,-56.90836448687672,0.0,0.0,0.0,0.0,0.0,0.0,0.0,776.0,776.0,0.0,0.0,776.0,0.0,0.0,776
0.0,0.0,-0.0,0.0,5997.818946968222,776.0,-0.0,0.1453910975436507,0.36094485086520944,0.0,799.2,0.0,0.0,1.0,888.0,-0.0,118,-35.98776654109854,0.0,180,-51.02920586038559,0.0,120,-25.929902206346554,0.0,120,-3.389527241923027,0.0,120,-19.304954108918018,0.0,118,-30.794581694854603,0.0,0.0,0.0,0.0,0.0,0.0,0.0,776.0,776.0,0.0,0.0,776.0,0.0,0.0,776
0.0,0.0,-0.0,0.0,5135.596724745999,776.0,-0.0,0.12449026070215498,0.36094485086520944,0.0,799.2,0.0,0.0,1.0,888.0,-0.0,118,-32.27645081167459,0.0,180,-34.38093533501532,0.0,120,-0.41100611323092284,0.0,120,-18.519076662295213,0.0,120,-53.36873920979264,0.0,118,-49.73204848972598,0.0,0.0,0.0,0.0,0.0,0.0,0.0,776.0,776.0,0.0,0.0,776.0,0.0,0.0,776
0.0,0.0,-0.0,0.0,4273.374502523777,776.0,-0.0,0.10358942386065927,0.36094485086520944,0.0,799.2,0.0,0.0,1.0,888.0,-0.0,118,-57.22308900552305,0.0,180,-33.60642311463054,0.0,120,-37.13111267547045,0.0,120,-4.929214174772207,0.0,120,-59.87986926453769,0.0,118,-1.778665557767909,0.0,0.0,0.0,0.0,0.0,0.0,0.0,776.0,776.0,0.0,0.0,776.0,0.0,0.0,776
0.0,0.0,-0.0,0.0,3411.1522803015546,776.0,-0.0,0.08268858701916357,0.36094485086520944,0.0,799.2,0.0,0.0,1.0,888.0,-0.0,118,-17.55597134378607,0.0,180,-38.80354400442695,0.0,120,-18.860109289254467,0.0,120,-44.96682549518511,0.0,120,-49.59357048150407,0.0,118,-7.313722074968625,0.0,0.0,0.0,0.0,0.0,0.0,0.0,776.0,776.0,0.0,0.0,776.0,0.0,0.0,776
0.0,0.0,-0.0,0.0,2548.9300580793324,776.0,-0.0,0.06178775017766786,0.36094485086520944,0.0,799.2,0.0,0.0,1.0,888.0,-0.0,118,-40.98240868490563,0.0,180,-38.86638531139585,0.0,120,-1.178851545130506,0.0,120,-55.47178055226881,0.0,120,-38.91012155408583,0.0,118,-47.05941415069344,0.0,0.0,0.0,0.0,0.0,0.0,0.0,776.0,776.0,0.0,0.0,776.0,0.0,0.0,776
0.0,0.0,-0.0,0.0,1686.7078358571102,776.0,-0.0,0.04088691333617216,0.36094485086520944,0.0,799.2,0.0,0.0,1.0,888.0,-0.0,118,-53.02983000376087,0.0,180,-47.45731305884638,0.0,120,-49.99903049082781,0.0,120,-11.238710431005751,0.0,120,-2.836097676571212,0.0,118,-37.46598435837474,0.0,0.0,0.0,0.0,0.0,0.0,0.0,776.0,776.0,0.0,0.0,776.0,0.0,0.0,776
0.0,0.0,-0.0,0.0,824.4856136348881,742.0370522713993,-0.0,0.01998607649467646,0.36094485086520944,12.258751102842698,799.2,0.0,33.96294772860074,1.0,888.0,-30159.097582997456,118,-29.44002971003871,0.0,180,-5.374359191294229,0.0,120,-54.39678879304876,0.0,120,-49.030670873705,0.0,120,-9.182813076866776,0.0,118,-53.27552425933897,0.0,0.0,0.0,0.0,0.0,-30159.097582997456,-30159.097582997456,776.0,776.0,0.0,0.0,776.0,0.0,0.0,776
0.0,0.0,-0.0,0.0,0.0,0.0,-0.0,0.0,0.36094485086520944,280.09320427140256,799.2,0.0,776.0,1.0,888.0,-689088.0,118,-55.637500867024414,0.0,180,-33.775602344204046,0.0,120,-37.80854130022898,0.0,120,-9.517103710794924,0.0,120,-32.38277582697391,0.0,118,-23.384481089390853,0.0,0.0,0.0,0.0,0.0,-689088.0,-689088.0,776.0,776.0,0.0,0.0,776.0,0.0,0.0,776
0.0,0.0,-0.0,0.0,0.0,0.0,-0.0,0.0,0.36094485086520944,280.09320427140256,799.2,0.0,776.0,1.0,888.0,-689088.0,118,-37.27337374154964,0.0,180,-0.5739736889696556,0.0,120,-12.1460897838184,0.0,120,-45.22680990640367,0.0,120,-22.604191592733546,0.0,118,-50.02100892687769,0.0,0.0,0.0,0.0,0.0,-689088.0,-689088.0,776.0,776.0,0.0,0.0,776.0,0.0,0.0,776
0.0,0.0,-0.0,0.0,0.0,0.0,-0.0,0.0,0.36094485086520944,280.09320427140256,799.2,0.0,776.0,1.0,888.0,-689088.0,118,-24.346394440688307,0.0,180,-51.9904228367681,0.0,120,-51.06287021600292,0.0,120,-23.27378006709289,0.0,120,-12.927522512317589,0.0,118,-12.076318308162143,0.0,0.0,0.0,0.0,0.0,-689088.0,-689088.0,776.0,776.0,0.0,0.0,776.0,0.0,0.0,776
0.0,0.0,-0.0,0.0,0.0,0.0,-0.0,0.0,0.36094485086520944,280.09320427140256,799.2,0.0,776.0,1.0,888.0,-689088.0,118,-49.44054176008352,0.0,180,-58.204890910708684,0.0,120,-8.942886469899474,0.0,120,-17.98987251887271,0.0,120,-2.4388678580434076,0.0,118,-48.489829829129924,0.0,0.0,0.0,0.0,0.0,-689088.0,-689088.0,776.0,776.0,0.0,0.0,776.0,0.0,0.0,776
0.0,0.0,-0.0,0.0,0.0,0.0,-0.0,0.0,0.36094485086520944,280.09320427140256,799.2,0.0,776.0,1.0,888.0,-689088.0,118,-53.97326449957741,0.0,180,-31.289148936309463,0.0,120,-13.907753834948164,0.0,120,-58.78033543050267,0.0,120,-1.1048998362188622,0.0,118,-24.547206026302717,0.0,0.0,0.0,0.0,0.0,-689088.0,-689088.0,776.0,776.0,0.0,0.0,776.0,0.0,0.0,776
0.0,0.0,-0.0,0.0,0.0,0.0,-0.0,0.0,0.36094485086520944,280.09320427140256,799.2,0.0,776.0,1.0,888.0,-689088.0,118,-22.92546602435484,0.0,180,-4.982589471297578,0.0,120,-3.9385806863289208,0.0,120,-19.413026344740658,0.0,120,-56.75625175182641,0.0,118,-5.592898262601064,0.0,0.0,0.0,0.0,0.0,-689088.0,-689088.0,776.0,776.0,0.0,0.0,776.0,0.0,0.0,776
0.0,0.0,-0.0,0.0,0.0,0.0,-0.0,0.0,0.36094485086520944,280.09320427140256,799.2,0.0,776.0,1.0,888.0,-689088.0,118,-27.315595526570334,0.0,180,-19.433583890161138,0.0,120,-48.193910567612086,0.0,120,-33.36514611958486,0.0,120,-41.77822126264269,0.0,118,-13.680431893410262,0.0,0.0,0.0,0.0,0.0,-689088.0,-689088.0,776.0,776.0,0.0,0.0,776.0,0.0,0.0,776
0.0,0.0,-0.0,0.0,0.0,0.0,-0.0,0.0,0.36094485086520944,280.09320427140256,799.2,0.0,776.0,1.0,888.0,-689088.0,118,-46.31439137550957,0.0,180,-21.46641708378636,0.0,120,-8.411041391464009,0.0,120,-49.88329425886876,0.0,120,-31.46763321593477,0.0,118,-53.36869449620891,0.0,0.0,0.0,0.0,0.0,-689088.0,-689088.0,776.0,776.0,0.0,0.0,776.0,0.0,0.0,776
0.0,0.0,-0.0,0.0,0.0,0.0,-0.0,0.0,0.36094485086520944,280.09320427140256,799.2,0.0,776.0,1.0,888.0,-689088.0,118,-46.62900236499881,0.0,180,-49.731438091431585,0.0,120,-36.05364239827472,0.0,120,-34.740647146452694,0.0,120,-8.81161082339895,0.0,118,-35.675034990663946,0.0,0.0,0.0,0.0,0.0,-689088.0,-689088.0,776.0,776.0,0.0,0.0,776.0,0.0,0.0,776
0.0,0.0,-0.0,0.0,0.0,0.0,-0.0,0.0,0.36094485086520944,280.09320427140256,799.2,0.0,776.0,1.0,888.0,-689088.0,118,-32.474500711230796,0.0,180,-23.046857295473636,0.0,120,-10.622236652856254,0.0,120,-48.28462262885425,0.0,120,-24.897131091288067,0.0,118,-22.484302910900784,0.0,0.0,0.0,0.0,0.0,-689088.0,-689088.0,776.0,776.0,0.0,0.0,776.0,0.0,0.0,776
0.0,0.0,-0.0,0.0,0.0,0.0,-0.0,0.0,0.36094485086520944,280.09320427140256,799.2,0.0,776.0,1.0,888.0,-689088.0,118,-32.207902090687476,0.0,180,-46.929083689508545,0.0,120,-5.328780762943257,0.0,120,-57.645596046633955,0.0,120,-35.26665752858538,0.0,118,-40.95901630400707,0.0,0.0,0.0,0.0,0.0,-689088.0,-689088.0,776.0,776.0,0.0,0.0,776.0,0.0,0.0,776
0.0,0.0,-0.0,0.0,0.0,0.0,-0.0,0.0,0.36094485086520944,280.09320427140256,799.2,0.0,776.0,1.0,888.0,-689088.0,118,-33.08319056520841,0.0,180,-25.41185334760894,0.0,120,-54.56512577276171,0.0,120,-57.80022059631782,0.0,120,-5.530375416640618,0.0,118,-42.11330238655067,0.0,0.0,0.0,0.0,0.0,-689088.0,-689088.0,776.0,776.0,0.0,0.0,776.0,0.0,0.0,776
0.0,0.0,-0.0,0.0,0.0,0.0,-0.0,0.0,0.36094485086520944,301.7498953233151,799.2,0.0,836.0,1.0,888.0,-742368.0,118,-13.850908293230242,0.0,180,-39.297591209989776,0.0,120,-32.50397868102563,0.0,180,-19.376579093133337,0.0,120,-25.625366219823917,0.0,118,-58.267018181093256,0.0,0.0,0.0,0.0,0.0,-742368.0,-742368.0,836.0,836.0,0.0,0.0,836.0,0.0,0.0,836
0.0,0.0,-0.0,0.0,0.0,0.0,-0.0,0.0,0.36094485086520944,301.7498953233151,799.2,0.0,836.0,1.0,888.0,-742368.0,118,-40.1230771341668,0.0,180,-56.88042354669388,0.0,120,-27.762923309360094,0.0,180,-40.73318059396448,0.0,120,-34.20879958698757,0.0,118,-49.33026728899364,0.0,0.0,0.0,0.0,0.0,-742368.0,-742368.0,836.0,836.0,0.0,0.0,836.0,0.0,0.0,836
0.0,0.0,-0.0,0.0,0.0,0.0,-0.0,0.0,0.36094485086520944,352.2821744444444,799.2,0.0,976.0,1.0,888.0,-866688.0,258,-11.126671098617404,0.0,180,-13.586395156517476,0.0,120,-32.556619355443374,0.0,180,-38.80488733162467,0.0,120,-36.02455285191826,0.0,118,-42.97504224903057,0.0,0.0,0.0,0.0,0.0,-866688.0,-866688.0,976.0,976.0,0.0,0.0,976.0,0.0,0.0,976
0.0,0.0,-0.0,0.0,0.0,0.0,-0.0,0.0,0.36094485086520944,352.2821744444444,799.2,0.0,976.0,1.0,888.0,-866688.0,258,-10.087743523708737,0.0,180,-40.808363401896045,0.0,120,-3.89738745395094,0.0,180,-7.189037934777939,0.0,120,-24.23626484186089,0.0,118,-3.892966157950022,0.0,0.0,0.0,0.0,0.0,-866688.0,-866688.0,976.0,976.0,0.0,0.0,976.0,0.0,0.0,976
0.0,0.0,-0.0,0.0,0.0,0.0,-0.0,0.0,0.36094485086520944,352.2821744444444,799.2,0.0,976.0,1.0,888.0,-866688.0,258,-34.72299905940681,0.0,180,-31.737525648623382,0.0,120,-22.928265092634977,0.0,180,-25.37769490157531,0.0,120,-55.076239054764535,0.0,118,-29.648621776967165,0.0,0.0,0.0,0.0,0.0,-866688.0,-866688.0,976.0,976.0,0.0,0.0,976.0,0.0,0.0,976
0.0,0.0,-0.0,0.0,0.0,0.0,-0.0,0.0,0.36094485086520944,330.62548339253186,799.2,0.0,916.0,1.0,888.0,-813408.0,258,-4.459737065423457,0.0,180,-26.53433461508732,0.0,120,-55.81705532340103,0.0,120,-54.646181193011415,0.0,120,-40.65943356315907,0.0,118,-19.319701118815836,0.0,0.0,0.0,0.0,0.0,-813408.0,-813408.0,916.0,916.0,0.0,0.0,916.0,0.0,0.0,916
0.0,0.0,-0.0,0.0,0.0,0.0,-0.0,0.0,0.36094485086520944,329.9035936908014,799.2,0.0,914.0,1.0,888.0,-811632.0,258,-14.223287413603202,0.0,180,-39.67513564624855,0.0,120,-0.8975573859237906,0.0,118,-56.64474008699812,0.0,120,-37.161615604286325,0.0,118,-33.78271438556181,0.0,0.0,0.0,0.0,0.0,-811632.0,-811632.0,914.0,914.0,0.0,0.0,914.0,0.0,0.0,914
0.0,0.0,-0.0,0.0,0.0,0.0,-0.0,0.0,0.36094485086520944,329.9035936908014,799.2,0.0,914.0,1.0,888.0,-811632.0,258,-54.75461096789696,0.0,180,-21.551507673223426,0.0,120,-51.13647889121742,0.0,118,-57.78746839073552,0.0,120,-27.940139828904517,0.0,118,-14.781757115136696,0.0,0.0,0.0,0.0,0.0,-811632.0,-811632.0,914.0,914.0,0.0,0.0,914.0,0.0,0.0,914
0.0,0.0,-0.0,0.0,0.0,0.0,-0.0,0.0,0.36094485086520944,307.52501293715846,799.2,0.0,852.0,1.0,888.0,-756576.0,258,-43.97126728260563,0.0,118,-43.91591086338706,0.0,120,-31.363354715881336,0.0,118,-1.2539318365523089,0.0,120,-11.538460465367145,0.0,118,-23.809438603564857,0.0,0.0,0.0,0.0,0.0,-756576.0,-756576.0,852.0,852.0,0.0,0.0,852.0,0.0,0.0,852
0.0,0.0,-0.0,0.0,0.0,0.0,-0.0,0.0,0.36094485086520944,307.52501293715846,799.2,0.0,852.0,1.0,888.0,-756576.0,258,-1.6580208066832802,0.0,118,-8.777148693877617,0.0,120,-3.9337821789084293,0.0,118,-15.986959989619208,0.0,120,-45.04062179260142,0.0,118,-36.28211813514986,0.0,0.0,0.0,0.0,0.0,-756576.0,-756576.0,852.0,852.0,0.0,0.0,852.0,0.0,0.0,852
0.0,0.0,-0.0,0.0,0.0,0.0,-0.0,0.0,0.36094485086520944,307.52501293715846,799.2,0.0,852.0,1.0,888.0,-756576.0,258,-47.36370312294129,0.0,118,-1.9219141456207822,0.0,120,-37.56824751697388,0.0,118,-13.827679769778896,0.0,120,-49.85289436109939,0.0,118,-46.661082559800974,0.0,0.0,0.0,0.0,0.0,-756576.0,-756576.0,852.0,852.0,0.0,0.0,852.0,0.0,0.0,852
0.0,0.0,-0.0,0.0,0.0,0.0,-0.0,0.0,0.36094485086520944,307.52501293715846,799.2,0.0,852.0,1.0,888.0,-756576.0,258,-55.03314434142117,0.0,118,-26.99462322911662,0.0,120,-35.93046576418714,0.0,118,-0.7062960404717789,0.0,120,-29.761955999288265,0.0,118,-50.6556269593886,0.0,0.0,0.0,0.0,0.0,-756576.0,-756576.0,852.0,852.0,0.0,0.0,852.0,0.0,0.0,852
0.0,0.0,-0.0,0.0,0.0,0.0,-0.0,0.0,0.36094485086520944,308.24690263888886,799.2,0.0,854.0,1.0,888.0,-758352.0,258,-0.6190892473424814,0.0,120,-33.20323352259902,0.0,120,-14.428680382614798,0.0,118,-16.64153881109714,0.0,120,-26.505906332287907,0.0,118,-14.429795417500221,0.0,0.0,0.0,0.0,0.0,-758352.0,-758352.0,854.0,854.0,0.0,0.0,854.0,0.0,0.0,854
0.0,0.0,-0.0,0.0,0.0,0.0,-0.0,0.0,0.36094485086520944,307.52501293715846,799.2,0.0,852.0,1.0,888.0,-756576.0,258,-25.972293199293215,0.0,118,-1.6591152582073487,0.0,120,-30.09775308698828,0.0,118,-26.8422837613812,0.0,120,-48.442712544371815,0.0,118,-18.809555353525052,0.0,0.0,0.0,0.0,0.0,-756576.0,-756576.0,852.0,852.0,0.0,0.0,852.0,0.0,0.0,852
0.0,0.0,-0.0,0.0,0.0,0.0,-0.0,0.0,0.36094485086520944,257.71462351775955,799.2,0.0,714.0,1.0,888.0,-634032.0,120,-33.56130626510417,0.0,118,-6.601276578961346,0.0,120,-54.529503363273555,0.0,118,-34.181529302214635,0.0,120,-20.44008044816487,0.0,118,-3.4346454983796826,0.0,0.0,0.0,0.0,0.0,-634032.0,-634032.0,714.0,714.0,0.0,0.0,714.0,0.0,0.0,714
0.0,0.0,-0.0,0.0,0.0,0.0,-0.0,0.0,0.36094485086520944,257.71462351775955,799.2,0.0,714.0,1.0,888.0,-634032.0,120,-31.066122400783904,0.0,118,-26.834050754560536,0.0,120,-54.44941738717781,0.0,118,-2.9352526453416705,0.0,120,-4.645674922757863,0.0,118,-57.66620825773824,0.0,0.0,0.0,0.0,0.0,-634032.0,-634032.0,714.0,714.0,0.0,0.0,714.0,0.0,0.0,714
0.0,0.0,-0.0,0.0,0.0,0.0,-0.0,0.0,0.36094485086520944,258.43651321948994,799.2,0.0,716.0,1.0,888.0,-635808.0,120,-14.470694647252591,0.0,120,-5.652607260586427,0.0,120,-31.87146100619747,0.0,118,-5.320351881791425,0.0,120,-59.665635353479125,0.0,118,-36.23379548146678,0.0,0.0,0.0,0.0,0.0,-635808.0,-635808.0,716.0,716.0,0.0,0.0,716.0,0.0,0.0,716
0.0,0.0,-0.0,0.0,0.0,0.0,-0.0,0.0,0.36094485086520944,258.43651321948994,799.2,0.0,716.0,1.0,888.0,-635808.0,120,-31.483124030599722,0.0,120,-55.40007765169817,0.0,120,-18.04467424636238,0.0,118,-10.277035730549652,0.0,120,-0.47502905375956583,0.0,118,-58.29631347748304,0.0,0.0,0.0,0.0,0.0,-635808.0,-635808.0,716.0,716.0,0.0,0.0,716.0,0.0,0.0,716
0.0,0.0,-0.0,0.0,0.0,0.0,-0.0,0.0,0.36094485086520944,258.43651321948994,799.2,0.0,716.0,1.0,888.0,-635808.0,120,-39.29944482624549,0.0,120,-0.021347383049630242,0.0,120,-24.52942627830711,0.0,118,-57.7861006091167,0.0,120,-9.51858504110863,0.0,118,-44.963960737100486,0.0,0.0,0.0,0.0,0.0,-635808.0,-635808.0,716.0,716.0,0.0,0.0,716.0,0.0,0.0,716
0.0,0.0,-0.0,0.0,0.0,0.0,-0.0,0.0,0.36094485086520944,258.43651321948994,799.2,0.0,716.0,1.0,888.0,-635808.0,120,-35.95878079681061,0.0,120,-33.147234045754104,0.0,120,-46.44495327830895,0.0,118,-23.817727254511986,0.0,120,-15.518865344158305,0.0,118,-37.774925919910864,0.0,0.0,0.0,0.0,0.0,-635808.0,-635808.0,716.0,716.0,0.0,0.0,716.0,0.0,0.0,716
0.0,0.0,-0.0,0.0,0.0,0.0,-0.0,0.0,0.36094485086520944,257.71462351775955,799.2,0.0,714.0,1.0,888.0,-634032.0,118,-16.33200479074113,0.0,120,-13.980031869280001,0.0,120,-42.09215308612275,0.0,118,-30.36780917706116,0.0,120,-33.205991167306195,0.0,118,-21.5443931370575,0.0,0.0,0.0,0.0,0.0,-634032.0,-634032.0,714.0,714.0,0.0,0.0,714.0,0.0,0.0,714
0.0,0.0,-0.0,0.0,0.0,0.0,-0.0,0.0,0.36094485086520944,257.71462351775955,799.2,0.0,714.0,1.0,888.0,-634032.0,120,-12.348589481314868,0.0,118,-8.357223439160247,0.0,120,-57.472001889811956,0.0,118,-34.24456254258832,0.0,120,-1.6922067536493413,0.0,118,-42.43914135902099,0.0,0.0,0.0,0.0,0.0,-634032.0,-634032.0,714.0,714.0,0.0,0.0,714.0,0.0,0.0,714
0.0,0.0,-0.0,0.0,0.0,0.0,-0.0,0.0,0.36094485086520944,257.71462351775955,799.2,0.0,714.0,1.0,888.0,-634032.0,120,-26.906029994162893,0.0,118,-55.697845423615924,0.0,120,-13.282355149162635,0.0,118,-9.598523502618516,0.0,120,-8.1378823121555,0.0,118,-38.27545894565485,0.0,0.0,0.0,0.0,0.0,-634032.0,-634032.0,714.0,714.0,0.0,0.0,714.0,0.0,0.0,714
0.0,0.0,-0.0,0.0,0.0,0.0,-0.0,0.0,0.36094485086520944,257.71462351775955,799.2,0.0,714.0,1.0,888.0,-634032.0,118,-0.6727884215682312,0.0,120,-2.42760852934506,0.0,120,-32.81992855244097,0.0,118,-35.90511325558872,0.0,120,-32.47043767689634,0.0,118,-27.46402358132617,0.0,0.0,0.0,0.0,0.0,-634032.0,-634032.0,714.0,714.0,0.0,0.0,714.0,0.0,0.0,714
0.0,0.0,-0.0,0.0,0.0,0.0,-0.0,0.0,0.36094485086520944,258.43651321948994,799.2,0.0,716.0,1.0,888.0,-635808.0,120,-56.42088168600431,0.0,120,-41.60814697661421,0.0,120,-10.403395434629994,0.0,118,-29.590066598022975,0.0,120,-42.78921282564306,0.0,118,-56.387152366300334,0.0,0.0,0.0,0.0,0.0,-635808.0,-635808.0,716.0,716.0,0.0,0.0,716.0,0.0,0.0,716
0.0,0.0,-0.0,0.0,0.0,0.0,-0.0,0.0,0.36094485086520944,257.71462351775955,799.2,0.0,714.0,1.0,888.0,-634032.0,118,-53.63882930923358,0.0,120,-39.40674609704021,0.0,120,-36.03501200120997,0.0,118,-21.021337197989432,0.0,120,-17.46779291714898,0.0,118,-21.810398818811585,0.0,0.0,0.0,0.0,0.0,-634032.0,-634032.0,714.0,714.0,0.0,0.0,714.0,0.0,0.0,714
0.0,0.0,-0.0,0.0,0.0,0.0,-0.0,0.0,0.36094485086520944,257.71462351775955,799.2,0.0,714.0,1.0,888.0,-634032.0,118,-19.494487739407354,0.0,120,-35.09531395358815,0.0,120,-1.702151377299581,0.0,118,-49.76941883490714,0.0,120,-58.4351515391102,0.0,118,-21.434435753544193,0.0,0.0,0.0,0.0,0.0,-634032.0,-634032.0,714.0,714.0,0.0,0.0,714.0,0.0,0.0,714
0.0,0.0,-0.0,0.0,0.0,0.0,-0.0,0.0,0.36094485086520944,257.71462351775955,799.2,0.0,714.0,1.0,888.0,-634032.0,118,-2.123331515116831,0.0,120,-25.424919835317844,0.0,120,-20.731406539399106,0.0,118,-27.358106723819432,0.0,120,-17.927861785352377,0.0,118,-30.310418844102852,0.0,0.0,0.0,0.0,0.0,-634032.0,-634032.0,714.0,714.0,0.0,0.0,714.0,0.0,0.0,714
0.0,0.0,-0.0,0.0,0.0,0.0,-0.0,0.0,0.36094485086520944,257.71462351775955,799.2,0.0,714.0,1.0,888.0,-634032.0,118,-27.94274365012376,0.0,120,-9.566248045101272,0.0,120,-4.165592805214118,0.0,118,-28.87118278788322,0.0,120,-35.54546182077855,0.0,118,-49.256888188218845,0.0,0.0,0.0,0.0,0.0,-634032.0,-634032.0,714.0,714.0,0.0,0.0,714.0,0.0,0.0,714
0.0,0.0,-0.0,0.0,0.0,0.0,-0.0,0.0,0.36094485086520944,257.71462351775955,799.2,0.0,714.0,1.0,888.0,-634032.0,118,-33.9492080779583,0.0,120,-37.883991054294725,0.0,120,-27.475891436651466,0.0,118,-11.552023859285846,0.0,120,-51.91123621337223,0.0,118,-49.98982160113486,0.0,0.0,0.0,0.0,0.0,-634032.0,-634032.0,714.0,714.0,0.0,0.0,714.0,0.0,0.0,714
0.0,0.0,-0.0,0.0,0.0,0.0,-0.0,0.0,0.36094485086520944,257.71462351775955,799.2,0.0,714.0,1.0,888.0,-634032.0,118,-5.951196680065385,0.0,120,-12.075060973625638,0.0,120,-8.10933806191921,0.0,118,-51.313647241584405,0.0,120,-58.994247001480694,0.0,118,-44.89767818424237,0.0,0.0,0.0,0.0,0.0,-634032.0,-634032.0,714.0,714.0,0.0,0.0,714.0,0.0,0.0,714
0.0,0.0,-0.0,0.0,0.0,0.0,-0.0,0.0,0.36094485086520944,257.71462351775955,799.2,0.0,714.0,1.0,888.0,-634032.0,118,-42.73895384119919,0.0,120,-54.517120390763935,0.0,120,-22.755987968262925,0.0,118,-51.44472483737225,0.0,120,-27.374808651053833,0.0,118,-41.80888403091507,0.0,0.0,0.0,0.0,0.0,-634032.0,-634032.0,714.0,714.0,0.0,0.0,714.0,0.0,0.0,714
0.0,0.0,-0.0,0.0,0.0,0.0,-0.0,0.0,0.36094485086520944,257.71462351775955,799.2,0.0,714.0,1.0,888.0,-634032.0,118,-11.449662396786419,0.0,120,-59.738514332023904,0.0,120,-23.58431142819466,0.0,118,-58.30972705882349,0.0,120,-49.187062842906954,0.0,118,-22.47928009817014,0.0,0.0,0.0,0.0,0.0,-634032.0,-634032.0,714.0,714.0,0.0,0.0,714.0,0.0,0.0,714
0.0,0.0,-0.0,0.0,0.0,0.0,-0.0,0.0,0.36094485086520944,257.71462351775955,799.2,0.0,714.0,1.0,888.0,-634032.0,118,-14.042169358904665,0.0,120,-6.9108131520861305,0.0,120,-48.83171670567941,0.0,118,-23.324278912132645,0.0,120,-33.36370965256548,0.0,118,-51.46870434844541,0.0,0.0,0.0,0.0,0.0,-634032.0,-634032.0,714.0,714.0,0.0,0.0,714.0,0.0,0.0,714
0.0,0.0,-0.0,0.0,0.0,0.0,-0.0,0.0,0.36094485086520944,257.71462351775955,799.2,0.0,714.0,1.0,888.0,-634032.0,118,-41.11566653256493,0.0,120,-28.847230276007878,0.0,120,-36.403701989351156,0.0,118,-5.1316986142608485,0.0,120,-19.061702633160472,0.0,118,-47.00180160303251,0.0,0.0,0.0,0.0,0.0,-634032.0,-634032.0,714.0,714.0,0.0,0.0,714.0,0.0,0.0,714
0.0,0.0,-0.0,0.0,0.0,0.0,-0.0,0.0,0.36094485086520944,257.71462351775955,799.2,0.0,714.0,1.0,888.0,-634032.0,118,-24.81836635109332,0.0,120,-10.784802404350696,0.0,120,-19.225599187407745,0.0,118,-18.928986725675433,0.0,120,-11.055961046865983,0.0,118,-14.902624621567625,0.0,0.0,0.0,0.0,0.0,-634032.0,-634032.0,714.0,714.0,0.0,0.0,714.0,0.0,0.0,714
0.0,0.0,-0.0,0.0,0.0,0.0,-0.0,0.0,0.36094485086520944,257.71462351775955,799.2,0.0,714.0,1.0,888.0,-634032.0,118,-43.538461547563784,0.0,120,-25.6653072656291,0.0,120,-5.500480780672261,0.0,118,-22.545658643670606,0.0,120,-34.242568631729945,0.0,118,-39.89308552964671,0.0,0.0,0.0,0.0,0.0,-634032.0,-634032.0,714.0,714.0,0.0,0.0,714.0,0.0,0.0,714
0.0,0.0,-0.0,0.0,0.0,0.0,-0.0,0.0,0.36094485086520944,257.71462351775955,799.2,0.0,714.0,1.0,888.0,-634032.0,118,-17.37140878870655,0.0,120,-53.698622288082206,0.0,120,-9.373809224427415,0.0,118,-9.857328733618687,0.0,120,-0.915737377664414,0.0,118,-39.991543098484385,0.0,0.0,0.0,0.0,0.0,-634032.0,-634032.0,714.0,714.0,0.0,0.0,714.0,0.0,0.0,714
0.0,0.0,-0.0,0.0,0.0,0.0,-0.0,0.0,0.36094485086520944,258.43651321948994,799.2,0.0,716.0,1.0,888.0,-635808.0,118,-57.72374367139843,0.0,120,-5.711190286495105,0.0,120,-12.261202964125562,0.0,120,-19.203391708104697,0.0,120,-1.5623676461094171,0.0,118,-22.728752794998446,0.0,0.0,0.0,0.0,0.0,-635808.0,-635808.0,716.0,716.0,0.0,0.0,716.0,0.0,0.0,716
0.0,0.0,-0.0,0.0,0.0,0.0,-0.0,0.0,0.36094485086520944,258.43651321948994,799.2,0.0,716.0,1.0,888.0,-635808.0,118,-6.309598148128179,0.0,120,-42.540890572236485,0.0,120,-30.761759642630693,0.0,120,-22.393827670584653,0.0,120,-32.09168310464247,0.0,118,-57.12501135996503,0.0,0.0,0.0,0.0,0.0,-635808.0,-635808.0,716.0,716.0,0.0,0.0,716.0,0.0,0.0,716
0.0,0.0,-0.0,0.0,0.0,0.0,-0.0,0.0,0.36094485086520944,258.43651321948994,799.2,0.0,716.0,1.0,888.0,-635808.0,118,-32.16558072854721,0.0,120,-50.1104595847001,0.0,120,-36.73067153363598,0.0,120,-52.39970926842945,0.0,120,-50.73050037949741,0.0,118,-40.68979408694656,0.0,0.0,0.0,0.0,0.0,-635808.0,-635808.0,716.0,716.0,0.0,0.0,716.0,0.0,0.0,716
0.0,0.0,-0.0,0.0,0.0,0.0,-0.0,0.0,0.36094485086520944,258.43651321948994,799.2,0.0,716.0,1.0,888.0,-635808.0,118,-16.716233844406403,0.0,120,-41.82098017380717,0.0,120,-9.913172708923996,0.0,120,-15.803522215787677,0.0,120,-57.3449207760649,0.0,118,-52.30352669029831,0.0,0.0,0.0,0.0,0.0,-635808.0,-635808.0,716.0,716.0,0.0,0.0,716.0,0.0,0.0,716
0.0,0.0,-0.0,0.0,0.0,0.0,-0.0,0.0,0.36094485086520944,258.43651321948994,799.2,0.0,716.0,1.0,888.0,-635808.0,118,-13.974918071260268,0.0,120,-8.611461645708857,0.0,120,-29.0765296357415,0.0,120,-20.497346681914276,0.0,120,-32.007289167546006,0.0,118,-9.75649234021195,0.0,0.0,0.0,0.0,0.0,-635808.0,-635808.0,716.0,716.0,0.0,0.0,716.0,0.0,0.0,716
0.0,0.0,-0.0,0.0,0.0,0.0,-0.0,0.0,0.36094485086520944,258.43651321948994,799.2,0.0,716.0,1.0,888.0,-635808.0,118,-11.058000754384775,0.0,120,-35.03690221963021,0.0,120,-47.96531002971955,0.0,120,-32.928384254903406,0.0,120,-11.603705735249521,0.0,118,-51.08956807499427,0.0,0.0,0.0,0.0,0.0,-635808.0,-635808.0,716.0,716.0,0.0,0.0,716.0,0.0,0.0,716
0.0,0.0,-0.0,0.0,0.0,0.0,-0.0,0.0,0.36094485086520944,258.43651321948994,799.2,0.0,716.0,1.0,888.0,-635808.0,118,-22.12887402663706,0.0,120,-0.902123394986496,0.0,120,-40.47759303156045,0.0,120,-33.95197532601782,0.0,120,-18.186245688680703,0.0,118,-43.59382009365521,0.0,0.0,0.0,0.0,0.0,-635808.0,-635808.0,716.0,716.0,0.0,0.0,716.0,0.0,0.0,716
0.0,0.0,-0.0,0.0,0.0,0.0,-0.0,0.0,0.36094485086520944,258.43651321948994,799.2,0.0,716.0,1.0,888.0,-635808.0,118,-5.668190204632846,0.0,120,-43.83897594634993,0.0,120,-57.036575621715436,0.0,120,-9.499294813654156,0.0,120,-40.799432628908846,0.0,118,-51.221172739461295,0.0,0.0,0.0,0.0,0.0,-635808.0,-635808.0,716.0,716.0,0.0,0.0,716.0,0.0,0.0,716
0.0,0.0,-0.0,0.0,0.0,0.0,-0.0,0.0,0.36094485086520944,258.43651321948994,799.2,0.0,716.0,1.0,888.0,-635808.0,118,-28.72514968346653,0.0,120,-35.14997527639808,0.0,120,-23.908284576632482,0.0,120,-57.90674820016145,0.0,120,-51.076535689871555,0.0,118,-27.695596796760803,0.0,0.0,0.0,0.0,0.0,-635808.0,-635808.0,716.0,716.0,0.0,0.0,716.0,0.0,0.0,716
0.0,0.0,-0.0,0.0,0.0,0.0,-0.0,0.0,0.36094485086520944,259.1584029212204,799.2,0.0,718.0,1.0,888.0,-637584.0,120,-15.380156869767328,0.0,120,-58.502609835515834,0.0,120,-0.9557660691131997,0.0,120,-2.4231319846577493,0.0,120,-29.783998071476116,0.0,118,-46.851474608674884,0.0,0.0,0.0,0.0,0.0,-637584.0,-637584.0,718.0,718.0,0.0,0.0,718.0,0.0,0.0,718
0.0,0.0,-0.0,0.0,0.0,0.0,-0.0,0.0,0.36094485086520944,259.1584029212204,799.2,0.0,718.0,1.0,888.0,-637584.0,120,-50.294496445923166,0.0,120,-34.99837985075693,0.0,120,-22.275656325354696,0.0,120,-23.35730545563472,0.0,120,-34.553728155805246,0.0,118,-37.27190172911858,0.0,0.0,0.0,0.0,0.0,-637584.0,-637584.0,718.0,718.0,0.0,0.0,718.0,0.0,0.0,718
0.0,0.0,-0.0,0.0,0.0,0.0,-0.0,0.0,0.36094485086520944,259.1584029212204,799.2,0.0,718.0,1.0,888.0,-637584.0,120,-53.920906224203435,0.0,120,-49.84371199212972,0.0,120,-49.62032778051751,0.0,120,-10.166082270310984,0.0,120,-54.19445097575373,0.0,118,-1.0395654403075882,0.0,0.0,0.0,0.0,0.0,-637584.0,-637584.0,718.0,718.0,0.0,0.0,718.0,0.0,0.0,718
0.0,0.0,-0.0,0.0,0.0,0.0,-0.0,0.0,0.36094485086520944,259.1584029212204,799.2,0.0,718.0,1.0,888.0,-637584.0,120,-21.937474559540668,0.0,120,-36.111397967292326,0.0,120,-41.25877926983274,0.0,120,-31.076589885513542,0.0,120,-18.982708218004277,0.0,118,-38.6389336315543,0.0,0.0,0.0,0.0,0.0,-637584.0,-637584.0,718.0,718.0,0.0,0.0,718.0,0.0,0.0,718
0.0,0.0,-0.0,0.0,0.0,0.0,-0.0,0.0,0.36094485086520944,259.1584029212204,799.2,0.0,718.0,1.0,888.0,-637584.0,120,-53.92147482720871,0.0,120,-21.605240486746823,0.0,120,-21.73716948852518,0.0,120,-32.19901532502631,0.0,120,-15.81349134729259,0.0,118,-24.92718146422909,0.0,0.0,0.0,0.0,0.0,-637584.0,-637584.0,718.0,718.0,0.0,0.0,718.0,0.0,0.0,718
0.0,0.0,-0.0,0.0,0.0,0.0,-0.0,0.0,0.36094485086520944,258.43651321948994,799.2,0.0,716.0,1.0,888.0,-635808.0,120,-30.926924931608603,0.0,120,-50.51385283071164,0.0,120,-52.978692945889804,0.0,120,-37.08816462595332,0.0,118,-0.9583085013687187,0.0,118,-26.357518515138807,0.0,0.0,0.0,0.0,0.0,-635808.0,-635808.0,716.0,716.0,0.0,0.0,716.0,0.0,0.0,716
0.0,0.0,-0.0,0.0,0.0,0.0,-0.0,0.0,0.36094485086520944,258.43651321948994,799.2,0.0,716.0,1.0,888.0,-635808.0,120,-22.188255668777536,0.0,120,-38.99655484644412,0.0,120,-12.196629295800738,0.0,120,-0.8795749820357268,0.0,118,-42.54196716549651,0.0,118,-31.298788728335772,0.0,0.0,0.0,0.0,0.0,-635808.0,-635808.0,716.0,716.0,0.0,0.0,716.0,0.0,0.0,716
0.0,0.0,-0.0,0.0,0.0,0.0,-0.0,0.0,0.36094485086520944,280.09320427140256,799.2,0.0,776.0,1.0,888.0,-689088.0,120,-22.21392876674785,0.0,180,-39.38605003092896,0.0,120,-18.21350373890707,0.0,120,-52.06665178719268,0.0,118,-31.853935394641198,0.0,118,-44.04399531633025,0.0,0.0,0.0,0.0,0.0,-689088.0,-689088.0,776.0,776.0,0.0,0.0,776.0,0.0,0.0,776
363.8774698805462,0.0,-3638.774698805462,0.0,0.0,0.0,-0.0,0.0,0.36094485086520944,148.71701178535736,799.2,0.0,412.0214249597204,1.0,888.0,-365875.02536423167,120,-13.24850034206442,0.0,180,-9.339638628003078,0.0,120,-50.05821014303742,0.0,120,-2.4481330519180067,0.0,118,-25.591623109637492,0.0,118,-43.207488242078774,0.0,0.0,0.101105159733411,0.101105159733411,0.0,-369513.80006303714,-369513.80006303714,776.0,776.0,363.9785750402796,0.0,412.0214249597204,0.0,0.0,776
363.8774698805462,0.0,-3638.774698805462,0.0,0.0,0.0,-0.0,0.0,0.36094485086520944,148.71701178535736,799.2,0.0,412.0214249597204,1.0,888.0,-365875.02536423167,120,-39.90001931035685,0.0,180,-7.202198671116338,0.0,120,-54.40640008596304,0.0,120,-0.6528301384219448,0.0,118,-38.15127559151312,0.0,118,-29.047087079483255,0.0,0.0,0.101105159733411,0.101105159733411,0.0,-369513.80006303714,-369513.80006303714,776.0,776.0,363.9785750402796,0.0,412.0214249597204,0.0,0.0,776
363.8774698805462,0.0,-3638.774698805462,0.0,0.0,0.0,-0.0,0.0,0.36094485086520944,148.71701178535736,799.2,0.0,412.0214249597204,1.0,888.0,-365875.02536423167,120,-38.854168599144565,0.0,180,-52.6327330599025,0.0,120,-24.0634306801706,0.0,120,-46.84694577790883,0.0,118,-23.734332217931296,0.0,118,-7.703197272929875,0.0,0.0,0.101105159733411,0.101105159733411,0.0,-369513.80006303714,-369513.80006303714,776.0,776.0,363.9785750402796,0.0,412.0214249597204,0.0,0.0,776
363.8774698805462,0.0,-3638.774698805462,0.0,0.0,0.0,-0.0,0.0,0.36094485086520944,148.71701178535736,799.2,0.0,412.0214249597204,1.0,888.0,-365875.02536423167,120,-34.91934078151602,0.0,180,-18.029027621275155,0.0,120,-8.764417830135379,0.0,120,-12.978452494027783,0.0,118,-5.632071345043239,0.0,118,-4.704683340254556,0.0,0.0,0.101105159733411,0.101105159733411,0.0,-369513.80006303714,-369513.80006303714,776.0,776.0,363.9785750402796,0.0,412.0214249597204,0.0,0.0,776
363.8774698805462,0.0,-3638.774698805462,0.0,0.0,0.0,-0.0,0.0,0.36094485086520944,148.71701178535736,799.2,0.0,412.0214249597204,1.0,888.0,-365875.02536423167,120,-8.14985674845786,0.0,180,-47.71347339908757,0.0,120,-49.397864065621796,0.0,120,-57.96537846274105,0.0,118,-42.61089078987972,0.0,118,-49.15843216478465,0.0,0.0,0.101105159733411,0.101105159733411,0.0,-369513.80006303714,-369513.80006303714,776.0,776.0,363.9785750402796,0.0,412.0214249597204,0.0,0.0,776
363.8774698805462,0.0,-3638.774698805462,0.0,0.0,0.0,-0.0,0.0,0.36094485086520944,148.71701178535736,799.2,0.0,412.0214249597204,1.0,888.0,-365875.02536423167,120,-11.838500406722247,0.0,180,-51.323017872694166,0.0,120,-42.74913769513125,0.0,120,-6.876786998887548,0.0,118,-13.684406251802903,0.0,118,-59.27748634873415,0.0,0.0,0.101105159733411,0.101105159733411,0.0,-369513.80006303714,-369513.80006303714,776.0,776.0,363.9785750402796,0.0,412.0214249597204,0.0,0.0,776
994.2737953104614,0.0,-9942.737953104614,218.55005921579914,0.0,0.0,-0.0,0.0,0.36094485086520944,0.0,799.2,0.0,0.0,1.0,888.0,-0.0,120,-40.19519036137127,0.0,180,-7.095351529660972,0.0,120,-10.750004876623027,0.0,120,-57.36573593727957,0.0,118,-50.61056642266912,0.0,118,-17.90895264532707,0.0,0.0,0.276263905337722,0.276263905337722,0.0,-9942.737953104614,-9942.737953104614,994.5500592157991,994.5500592157991,994.5500592157991,0.0,0.0,218.55005921579914,0.0,776
994.2737953104614,0.0,-9942.737953104614,218.55005921579914,196.69505329421924,0.0,-0.0,0.004768018163387371,0.36094485086520944,0.0,799.2,0.0,0.0,1.0,888.0,-0.0,120,-48.4984186588313,0.0,180,-44.257546783212426,0.0,120,-25.105546566750846,0.0,120,-24.293592776160093,0.0,118,-48.52152964809784,0.0,118,-9.475682979347093,0.0,0.0,0.276263905337722,0.276263905337722,0.0,-9942.737953104614,-9942.737953104614,994.5500592157991,994.5500592157991,994.5500592157991,0.0,0.0,218.55005921579914,0.0,776
994.2737953104614,0.0,-9942.737953104614,218.55005921579914,393.39010658843847,0.0,-0.0,0.009536036326774742,0.36094485086520944,0.0,799.2,0.0,0.0,1.0,888.0,-0.0,120,-49.53471040038773,0.0,180,-34.42446711836528,0.0,120,-17.763539193624226,0.0,120,-21.481783473808083,0.0,118,-59.228294542636945,0.0,118,-54.75827355468157,0.0,0.0,0.276263905337722,0.276263905337722,0.0,-9942.737953104614,-9942.737953104614,994.5500592157991,994.5500592157991,994.5500592157991,0.0,0.0,218.55005921579914,0.0,776
994.2737953104614,0.0,-9942.737953104614,220.55005921579914,590.0851598826578,0.0,-0.0,0.014304054490162116,0.36094485086520944,0.0,799.2,0.0,0.0,1.0,888.0,-0.0,118,-37.13411288862212,0.0,180,-3.39576006311342,0.0,120,-54.97776017869496,0.0,120,-21.710729529947226,0.0,118,-38.25322407192304,0.0,118,-1.9043492701151865,0.0,0.0,0.276263905337722,0.276263905337722,0.0,-9942.737953104614,-9942.737953104614,994.5500592157991,994.5500592157991,994.5500592157991,0.0,0.0,220.55005921579914,0.0,774
994.2737953104614,0.0,-9942.737953104614,158.55005921579914,788.580213176877,0.0,-0.0,0.01911570584386292,0.36094485086520944,0.0,799.2,0.0,0.0,1.0,888.0,-0.0,118,-42.000172944340406,0.0,180,-36.89213415374505,0.0,120,-14.23790288248484,0.0,120,-28.735709472240696,0.0,118,-18.853258582646482,0.0,180,-40.217414765573736,0.0,0.0,0.276263905337722,0.276263905337722,0.0,-9942.737953104614,-9942.737953104614,994.5500592157991,994.5500592157991,994.5500592157991,0.0,0.0,158.55005921579914,0.0,836
994.2737953104614,0.0,-9942.737953104614,158.55005921579914,931.2752664710963,0.0,-0.0,0.02257472829784734,0.36094485086520944,0.0,799.2,0.0,0.0,1.0,888.0,-0.0,118,-5.513978395483137,0.0,180,-13.482754951289298,0.0,120,-46.04732246533584,0.0,120,-54.19329206579794,0.0,118,-49.651649827280174,0.0,180,-8.44873658274249,0.0,0.0,0.276263905337722,0.276263905337722,0.0,-9942.737953104614,-9942.737953104614,994.5500592157991,994.5500592157991,994.5500592157991,0.0,0.0,158.55005921579914,0.0,836
1688.3107742973446,0.0,-16883.107742973447,852.7798798195167,1073.9703197653155,0.0,-0.0,0.026033750751831758,0.36094485086520944,0.0,799.2,0.0,0.0,1.0,888.0,-0.0,118,-44.51105697792557,0.0,180,-57.73683621147828,0.0,120,-54.94795551722341,0.0,120,-41.101326717934285,0.0,118,-7.375448476896147,0.0,180,-20.24547934355302,0.0,0.0,0.469105522172088,0.469105522172088,0.0,-16883.107742973447,-16883.107742973447,1688.7798798195167,1688.7798798195167,1688.7798798195167,0.0,0.0,852.7798798195167,0.0,836
1688.3107742973446,0.0,-16883.107742973447,852.7798798195167,1841.4722116028806,0.0,-0.0,0.044638504147646973,0.36094485086520944,0.0,799.2,0.0,0.0,1.0,888.0,-0.0,118,-8.691631229025745,0.0,180,-11.139893664817839,0.0,120,-12.046105968647623,0.0,120,-8.642821229741145,0.0,118,-20.19621930852511,0.0,180,-56.0000823681475,0.0,0.0,0.469105522172088,0.469105522172088,0.0,-16883.107742973447,-16883.107742973447,1688.7798798195167,1688.7798798195167,1688.7798798195167,0.0,0.0,852.7798798195167,0.0,836
1688.3107742973446,0.0,-16883.107742973447,852.7798798195167,2608.9741034404456,0.0,-0.0,0.06324325754346219,0.36094485086520944,0.0,799.2,0.0,0.0,1.0,888.0,-0.0,118,-2.8465464412610197,0.0,180,-2.260258002052906,0.0,120,-19.326825190889135,0.0,120,-48.536451370778614,0.0,118,-42.13646053085054,0.0,180,-3.469999255057443,0.0,0.0,0.469105522172088,0.469105522172088,0.0,-16883.107742973447,-16883.107742973447,1688.7798798195167,1688.7798798195167,1688.7798798195167,0.0,0.0,852.7798798195167,0.0,836
1688.3107742973446,0.0,-16883.107742973447,852.7798798195167,3376.4759952780105,0.0,-0.0,0.08184801093927739,0.36094485086520944,0.0,799.2,0.0,0.0,1.0,888.0,-0.0,118,-52.10948880916872,0.0,180,-45.00532200167423,0.0,120,-23.76157224723887,0.0,120,-33.742216447798505,0.0,118,-23.32936213393414,0.0,180,-33.41338117561977,0.0,0.0,0.469105522172088,0.469105522172088,0.0,-16883.107742973447,-16883.107742973447,1688.7798798195167,1688.7798798195167,1688.7798798195167,0.0,0.0,852.7798798195167,0.0,836
1688.3107742973446,0.0,-16883.107742973447,854.7798798195167,4143.977887115576,0.0,-0.0,0.10045276433509262,0.36094485086520944,0.0,799.2,0.0,0.0,1.0,888.0,-0.0,118,-12.438338107064869,0.0,180,-6.538396343531215,0.0,118,-13.486276699192512,0.0,120,-13.68312967186066,0.0,118,-51.127838359237636,0.0,180,-47.38658065211685,0.0,0.0,0.469105522172088,0.469105522172088,0.0,-16883.107742973447,-16883.107742973447,1688.7798798195167,1688.7798798195167,1688.7798798195167,0.0,0.0,854.7798798195167,0.0,834
1688.3107742973446,0.0,-16883.107742973447,854.7798798195167,4913.279778953141,0.0,-0.0,0.11910115092122128,0.36094485086520944,0.0,799.2,0.0,0.0,1.0,888.0,-0.0,118,-48.603294425976756,0.0,180,-28.525865899924053,0.0,118,-23.396697392434827,0.0,120,-29.72512892568194,0.0,118,-58.736815481679464,0.0,180,-24.91862945666376,0.0,0.0,0.469105522172088,0.469105522172088,0.0,-16883.107742973447,-16883.107742973447,1688.7798798195167,1688.7798798195167,1688.7798798195167,0.0,0.0,854.7798798195167,0.0,834
2198.4051120482795,0.0,-21984.051120482796,1365.015949812116,5682.581670790707,0.0,-0.0,0.13774953750734995,0.36094485086520944,0.0,799.2,0.0,0.0,1.0,888.0,-0.0,118,-5.723147656083409,0.0,180,-17.353549448247833,0.0,118,-2.080602072334372,0.0,120,-59.787831326724465,0.0,118,-2.571849849220167,0.0,180,-23.462275773176575,0.0,0.0,0.610837763836699,0.610837763836699,0.0,-21984.051120482796,-21984.051120482796,2199.015949812116,2199.015949812116,2199.015949812116,0.0,0.0,1365.015949812116,0.0,834
2198.4051120482795,0.0,-21984.051120482796,1365.015949812116,6911.096025621611,0.0,-0.0,0.16752953786686087,0.36094485086520944,0.0,799.2,0.0,0.0,1.0,888.0,-0.0,118,-16.82750995415301,0.0,180,-10.056691112460959,0.0,118,-48.29293617172008,0.0,120,-1.1522536077553025,0.0,118,-37.71475909427085,0.0,180,-2.8543303915854623,0.0,0.0,0.610837763836699,0.610837763836699,0.0,-21984.051120482796,-21984.051120482796,2199.015949812116,2199.015949812116,2199.015949812116,0.0,0.0,1365.015949812116,0.0,834
2198.4051120482795,0.0,-21984.051120482796,1365.015949812116,8139.6103804525155,0.0,-0.0,0.1973095382263718,0.36094485086520944,0.0,799.2,0.0,0.0,1.0,888.0,-0.0,118,-54.90547470198754,0.0,180,-57.58327068003919,0.0,118,-9.648111715363656,0.0,120,-32.05445647542316,0.0,118,-12.720212189467441,0.0,180,-1.7798395856797433,0.0,0.0,0.610837763836699,0.610837763836699,0.0,-21984.051120482796,-21984.051120482796,2199.015949812116,2199.015949812116,2199.015949812116,0.0,0.0,1365.015949812116,0.0,834
2198.4051120482795,0.0,-21984.051120482796,1365.015949812116,9368.12473528342,0.0,-0.0,0.2270895385858827,0.36094485086520944,0.0,799.2,0.0,0.0,1.0,888.0,-0.0,118,-40.649596213305344,0.0,180,-52.188664912866784,0.0,118,-11.881136383172858,0.0,120,-33.620366416291,0.0,118,-27.233298834366558,0.0,180,-41.546284046167735,0.0,0.0,0.610837763836699,0.610837763836699,0.0,-21984.051120482796,-21984.051120482796,2199.015949812116,2199.015949812116,2199.015949812116,0.0,0.0,1365.015949812116,0.0,834
2198.4051120482795,0.0,-21984.051120482796,1365.015949812116,10596.639090114324,0.0,-0.0,0.25686953894539366,0.36094485086520944,0.0,799.2,0.0,0.0,1.0,888.0,-0.0,118,-5.156586296482109,0.0,180,-22.708831519648015,0.0,118,-19.329184104867814,0.0,120,-3.100320582714573,0.0,118,-17.00739858807813,0.0,180,-54.41532487622955,0.0,0.0,0.610837763836699,0.610837763836699,0.0,-21984.051120482796,-21984.051120482796,2199.015949812116,2199.015949812116,2199.015949812116,0.0,0.0,1365.015949812116,0.0,834
2198.4051120482795,0.0,-21984.051120482796,1303.015949812116,11825.153444945228,0.0,-0.0,0.28664953930490455,0.36094485086520944,0.0,799.2,0.0,0.0,1.0,888.0,-0.0,180,-32.46376553214714,0.0,180,-18.951182403257857,0.0,118,-13.416448040997963,0.0,120,-42.51317375993465,0.0,118,-20.99930788027651,0.0,180,-39.316526065440364,0.0,0.0,0.610837763836699,0.610837763836699,0.0,-21984.051120482796,-21984.051120482796,2199.015949812116,2199.015949812116,2199.015949812116,0.0,0.0,1303.015949812116,0.0,896
2514.2612091157807,0.0,-25142.612091157807,1618.9598090627428,12997.867799776133,0.0,-0.0,0.3150769107646991,0.36094485086520944,0.0,799.2,0.0,0.0,1.0,888.0,-0.0,180,-23.229604944742018,0.0,180,-50.297210610323795,0.0,118,-38.21633580884871,0.0,120,-5.392701361836334,0.0,118,-19.95111317471259,0.0,180,-46.08803430805724,0.0,0.0,0.698599946961873,0.698599946961873,0.0,-25142.612091157807,-25142.612091157807,2514.959809062743,2514.959809062743,2514.959809062743,0.0,0.0,1618.9598090627428,0.0,896
2514.2612091157807,0.0,-25142.612091157807,1618.9598090627428,14454.931627932601,0.0,-0.0,0.350397101494015,0.36094485086520944,0.0,799.2,0.0,0.0,1.0,888.0,-0.0,180,-39.85321623130265,0.0,180,-52.27228462724936,0.0,118,-55.70888091080807,0.0,120,-34.507920257835714,0.0,118,-38.49457627454948,0.0,180,-59.187678635624394,0.0,0.0,0.698599946961873,0.698599946961873,0.0,-25142.612091157807,-25142.612091157807,2514.959809062743,2514.959809062743,2514.959809062743,0.0,0.0,1618.9598090627428,0.0,896
2514.2612091157807,0.0,-25142.612091157807,1618.9598090627428,15911.99545608907,0.0,-0.0,0.3857172922233309,0.36094485086520944,0.0,799.2,0.0,0.0,1.0,888.0,-0.0,180,-48.203621193215966,0.0,180,-22.990495921452776,0.0,118,-7.824816519472466,0.0,120,-47.79662836198771,0.0,118,-22.683954564254222,0.0,180,-30.688318262225003,0.0,0.0,0.698599946961873,0.698599946961873,0.0,-25142.612091157807,-25142.612091157807,2514.959809062743,2514.959809062743,2514.959809062743,0.0,0.0,1618.9598090627428,0.0,896
2514.2612091157807,0.0,-25142.612091157807,1618.9598090627428,17369.059284245537,0.0,-0.0,0.42103748295264676,0.36094485086520944,0.0,799.2,0.0,0.0,1.0,888.0,-0.0,180,-0.059269560623036455,0.0,180,-41.60986101224024,0.0,118,-36.747399426596104,0.0,120,-34.493303605691125,0.0,118,-0.16242772107271541,0.0,180,-50.888964944300724,0.0,0.0,0.698599946961873,0.698599946961873,0.0,-25142.612091157807,-25142.612091157807,2514.959809062743,2514.959809062743,2514.959809062743,0.0,0.0,1618.9598090627428,0.0,896
2514.2612091157807,0.0,-25142.612091157807,1618.9598090627428,18826.123112402005,0.0,-0.0,0.45635767368196267,0.36094485086520944,0.0,799.2,0.0,0.0,1.0,888.0,-0.0,180,-13.030803431844618,0.0,180,-15.003484609640177,0.0,118,-41.99640594884883,0.0,120,-2.7759141046824487,0.0,118,-23.240639415828475,0.0,180,-28.684745242564645,0.0,0.0,0.698599946961873,0.698599946961873,0.0,-25142.612091157807,-25142.612091157807,2514.959809062743,2514.959809062743,2514.959809062743,0.0,0.0,1618.9598090627428,0.0,896
2514.2612091157807,0.0,-25142.612091157807,1618.9598090627428,20283.186940558473,0.0,-0.0,0.49167786441127853,0.36094485086520944,0.0,799.2,0.0,0.0,1.0,888.0,-0.0,180,-45.28172032670503,0.0,180,-38.15931007003517,0.0,118,-1.8019870134784566,0.0,120,-16.14305170006758,0.0,118,-50.289654835283315,0.0,180,-2.641156186172897,0.0,0.0,0.698599946961873,0.698599946961873,0.0,-25142.612091157807,-25142.612091157807,2514.959809062743,2514.959809062743,2514.959809062743,0.0,0.0,1618.9598090627428,0.0,896
2545.145671250384,0.0,-25451.45671250384,1649.852852598328,21740.25076871494,0.0,-0.0,0.5269980551405944,0.36094485086520944,0.0,799.2,0.0,0.0,1.0,888.0,-0.0,180,-12.413670049376142,0.0,180,-9.13545823493872,0.0,118,-6.5018232131881675,0.0,120,-21.33218520719016,0.0,118,-43.63363450945516,0.0,180,-18.85889510523573,0.0,0.0,0.70718134794398,0.70718134794398,0.0,-25451.45671250384,-25451.45671250384,2545.852852598328,2545.852852598328,2545.852852598328,0.0,0.0,1649.852852598328,0.0,896
2545.145671250384,0.0,-25451.45671250384,1649.852852598328,23225.118336053434,0.0,-0.0,0.562992226893885,0.36094485086520944,0.0,799.2,0.0,0.0,1.0,888.0,-0.0,180,-30.321696639403942,0.0,180,-29.13829119793875,0.0,118,-32.53127004261768,0.0,120,-57.03180764334802,0.0,118,-46.033545625895,0.0,180,-0.3539984221985115,0.0,0.0,0.70718134794398,0.70718134794398,0.0,-25451.45671250384,-25451.45671250384,2545.852852598328,2545.852852598328,2545.852852598328,0.0,0.0,1649.852852598328,0.0,896
2545.145671250384,0.0,-25451.45671250384,1649.852852598328,24709.985903391927,0.0,-0.0,0.5989863986471754,0.36094485086520944,0.0,799.2,0.0,0.0,1.0,888.0,-0.0,180,-24.23339973194244,0.0,180,-34.293510951165054,0.0,118,-31.27303163407204,0.0,120,-39.741184107416224,0.0,118,-32.85201351030471,0.0,180,-23.74693964757304,0.0,0.0,0.70718134794398,0.70718134794398,0.0,-25451.45671250384,-25451.45671250384,2545.852852598328,2545.852852598328,2545.852852598328,0.0,0.0,1649.852852598328,0.0,896
2545.145671250384,0.0,-25451.45671250384,1649.852852598328,26194.85347073042,0.0,-0.0,0.634980570400466,0.36094485086520944,0.0,799.2,0.0,0.0,1.0,888.0,-0.0,180,-46.232523966742214,0.0,180,-21.470229579065197,0.0,118,-23.59194075033094,0.0,120,-13.093476010130003,0.0,118,-37.81314334626206,0.0,180,-0.7241378825727263,0.0,0.0,0.70718134794398,0.70718134794398,0.0,-25451.45671250384,-25451.45671250384,2545.852852598328,2545.852852598328,2545.852852598328,0.0,0.0,1649.852852598328,0.0,896
2545.145671250384,0.0,-25451.45671250384,1649.852852598328,27679.721038068914,0.0,-0.0,0.6709747421537564,0.36094485086520944,0.0,799.2,0.0,0.0,1.0,888.0,-0.0,180,-34.72031574972675,0.0,180,-5.782778862106266,0.0,118,-49.212172425220814,0.0,120,-24.326315556518,0.0,118,-28.67981229269003,0.0,180,-18.248883687786886,0.0,0.0,0.70718134794398,0.70718134794398,0.0,-25451.45671250384,-25451.45671250384,2545.852852598328,2545.852852598328,2545.852852598328,0.0,0.0,1649.852852598328,0.0,896
2545.145671250384,0.0,-25451.45671250384,1649.852852598328,29164.588605407407,0.0,-0.0,0.706968913907047,0.36094485086520944,0.0,799.2,0.0,0.0,1.0,888.0,-0.0,180,-49.47656056647175,0.0,180,-12.909597515689518,0.0,118,-48.19273083187105,0.0,120,-4.824864533549851,0.0,118,-55.58802823014921,0.0,180,-43.77879466668047,0.0,0.0,0.70718134794398,0.70718134794398,0.0,-25451.45671250384,-25451.45671250384,2545.852852598328,2545.852852598328,2545.852852598328,0.0,0.0,1649.852852598328,0.0,896
2243.489596272243,0.0,-22434.895962722432,1348.1129609836275,30649.4561727459,0.0,-0.0,0.7429630856603374,0.36094485086520944,0.0,799.2,0.0,0.0,1.0,888.0,-0.0,180,-23.26769780647829,0.0,180,-44.45792328997614,0.0,118,-24.621383904698117,0.0,120,-18.348929971152145,0.0,118,-43.87293168839794,0.0,180,-2.4262307275905792,0.0,0.0,0.623364711384341,0.623364711384341,0.0,-22434.895962722432,-22434.895962722432,2244.1129609836275,2244.1129609836275,2244.1129609836275,0.0,0.0,1348.1129609836275,0.0,896
2243.489596272243,0.0,-22434.895962722432,1348.1129609836275,31862.757837631165,0.0,-0.0,0.7723743203556387,0.36094485086520944,0.0,799.2,0.0,0.0,1.0,888.0,-0.0,180,-37.594471771471646,0.0,180,-37.31645361901106,0.0,118,-0.5800948858451838,0.0,120,-50.7859838398368,0.0,118,-19.63942984314295,0.0,180,-7.714257532011846,0.0,0.0,0.623364711384341,0.623364711384341,0.0,-22434.895962722432,-22434.895962722432,2244.1129609836275,2244.1129609836275,2244.1129609836275,0.0,0.0,1348.1129609836275,0.0,896
2243.489596272243,0.0,-22434.895962722432,1348.1129609836275,33076.05950251643,0.0,-0.0,0.8017855550509401,0.36094485086520944,0.0,799.2,0.0,0.0,1.0,888.0,-0.0,180,-13.215214786901448,0.0,180,-22.794449900651642,0.0,118,-33.01867021280083,0.0,120,-38.48553073518588,0.0,118,-13.458747794232579,0.0,180,-46.18889613773577,0.0,0.0,0.623364711384341,0.623364711384341,0.0,-22434.895962722432,-22434.895962722432,2244.1129609836275,2244.1129609836275,2244.1129609836275,0.0,0.0,1348.1129609836275,0.0,896
2243.489596272243,0.0,-22434.895962722432,1348.1129609836275,34289.361167401694,0.0,-0.0,0.8311967897462413,0.36094485086520944,0.0,799.2,0.0,0.0,1.0,888.0,-0.0,180,-31.267800485752318,0.0,180,-20.651977643117597,0.0,118,-50.46530593427571,0.0,120,-39.402705759848736,0.0,118,-33.58639131397809,0.0,180,-10.15781787219934,0.0,0.0,0.623364711384341,0.623364711384341,0.0,-22434.895962722432,-22434.895962722432,2244.1129609836275,2244.1129609836275,2244.1129609836275,0.0,0.0,1348.1129609836275,0.0,896
2243.489596272243,0.0,-22434.895962722432,1348.1129609836275,35502.66283228696,0.0,-0.0,0.8606080244415426,0.36094485086520944,0.0,799.2,0.0,0.0,1.0,888.0,-0.0,180,-2.2323850682138424,0.0,180,-4.973641417688128,0.0,118,-7.802702626913078,0.0,120,-20.100817894097148,0.0,118,-1.4693282660560825,0.0,180,-17.828272357965204,0.0,0.0,0.623364711384341,0.623364711384341,0.0,-22434.895962722432,-22434.895962722432,2244.1129609836275,2244.1129609836275,2244.1129609836275,0.0,0.0,1348.1129609836275,0.0,896
2243.489596272243,0.0,-22434.895962722432,1348.1129609836275,36715.96449717222,0.0,-0.0,0.890019259136844,0.36094485086520944,0.0,799.2,0.0,0.0,1.0,888.0,-0.0,180,-47.890603675169935,0.0,180,-38.92042251534589,0.0,118,-0.9578750076763698,0.0,120,-45.206821640818816,0.0,118,-53.628556664062785,0.0,180,-7.671330934954761,0.0,0.0,0.623364711384341,0.623364711384341,0.0,-22434.895962722432,-22434.895962722432,2244.1129609836275,2244.1129609836275,2244.1129609836275,0.0,0.0,1348.1129609836275,0.0,896
1663.7981198327404,0.0,-16637.981198327405,768.2604143922938,37929.26616205749,0.0,-0.0,0.9194304938321453,0.36094485086520944,0.0,799.2,0.0,0.0,1.0,888.0,-0.0,180,-44.631836801907184,0.0,180,-56.984230247311885,0.0,118,-21.7834189737313,0.0,120,-53.98183203531438,0.0,118,-27.62089890380991,0.0,180,-1.3867968452485058,0.0,0.0,0.462294559553415,0.462294559553415,0.0,-16637.981198327405,-16637.981198327405,1664.2604143922938,1664.2604143922938,1664.2604143922938,0.0,0.0,768.2604143922938,0.0,896
1663.7981198327404,0.0,-16637.981198327405,768.2604143922938,38620.700535010554,0.0,-0.0,0.9361913202678728,0.36094485086520944,0.0,799.2,0.0,0.0,1.0,888.0,-0.0,180,-9.162358489212393,0.0,180,-6.739887631697501,0.0,118,-3.816602635803019,0.0,120,-26.903822558043746,0.0,118,-21.294906744637526,0.0,180,-32.657743586638986,0.0,0.0,0.462294559553415,0.462294559553415,0.0,-16637.981198327405,-16637.981198327405,1664.2604143922938,1664.2604143922938,1664.2604143922938,0.0,0.0,768.2604143922938,0.0,896
1663.7981198327404,0.0,-16637.981198327405,770.2604143922938,39312.13490796362,0.0,-0.0,0.9529521467036002,0.36094485086520944,0.0,799.2,0.0,0.0,1.0,888.0,-0.0,180,-16.734258353344305,0.0,180,-2.960753180246065,0.0,118,-12.479161453466194,0.0,118,-32.14786957229072,0.0,118,-53.711057255051976,0.0,180,-41.60299379061397,0.0,0.0,0.462294559553415,0.462294559553415,0.0,-16637.981198327405,-16637.981198327405,1664.2604143922938,1664.2604143922938,1664.2604143922938,0.0,0.0,770.2604143922938,0.0,894
1663.7981198327404,0.0,-16637.981198327405,770.2604143922938,40005.36928091668,0.0,-0.0,0.969756606329641,0.36094485086520944,0.0,799.2,0.0,0.0,1.0,888.0,-0.0,180,-10.686401731661892,0.0,180,-25.78102422224982,0.0,118,-11.152223181993497,0.0,118,-23.359345534896914,0.0,118,-20.744565645060558,0.0,180,-12.000037756712034,0.0,0.0,0.462294559553415,0.462294559553415,0.0,-16637.981198327405,-16637.981198327405,1664.2604143922938,1664.2604143922938,1664.2604143922938,0.0,0.0,770.2604143922938,0.0,894
1663.7981198327404,0.0,-16637.981198327405,615.9959401447284,40698.603653869744,0.0,-0.0,0.9865610659556818,0.36094485086520944,0.0,799.2,154.26447424756543,0.0,1.0,888.0,123288.1678186543,180,-31.945532235848205,0.0,180,-48.57973354919907,0.0,118,-14.809419565235496,0.0,118,-22.656316070653947,0.0,118,-2.4883205342881842,0.0,180,-24.79830920718412,0.0,0.0,0.462294559553415,0.462294559553415,0.0,106650.18662032689,106650.18662032689,1664.2604143922938,1664.2604143922938,1664.2604143922938,0.0,0.0,770.2604143922938,0.0,894
1663.7981198327404,0.0,-16637.981198327405,0.0,41253.0,0.0,-0.0,1.0,0.36094485086520944,0.0,799.2,708.2604143922938,0.0,1.0,888.0,566041.7231823212,180,-20.91237021800676,0.0,180,-53.14688058001847,0.0,118,-55.74203426239413,0.0,118,-30.057070307027608,0.0,180,-34.61800329311749,0.0,180,-17.277037378364405,0.0,0.0,0.462294559553415,0.462294559553415,0.0,549403.7419839938,549403.7419839938,1664.2604143922938,1664.2604143922938,1664.2604143922938,0.0,0.0,708.2604143922938,0.0,956
849.5680662510216,0.0,-8495.680662510216,0.0,41253.0,106.19587704815842,-0.0,1.0,0.36094485086520944,0.0,799.2,0.0,0.0,1.0,888.0,-0.0,180,-7.792425365047166,0.0,180,-6.745445128408063,0.0,118,-42.31300262351631,0.0,118,-38.23668450535617,0.0,180,-48.09220215525812,0.0,180,-43.32829576145367,0.0,0.0,0.236056700819956,0.236056700819956,0.0,-8495.680662510216,-8495.680662510216,956.0,956.0,849.8041229518416,0.0,106.19587704815842,0.0,0.0,956
849.5680662510216,0.0,-8495.680662510216,0.0,41135.004581057605,106.19587704815842,-0.0,0.9971397130162074,0.36094485086520944,0.0,799.2,0.0,0.0,1.0,888.0,-0.0,180,-42.899527027577804,0.0,180,-27.552605697385715,0.0,118,-52.42176858994658,0.0,118,-35.65849338330999,0.0,180,-54.24744551628957,0.0,180,-40.27060359302754,0.0,0.0,0.236056700819956,0.236056700819956,0.0,-8495.680662510216,-8495.680662510216,956.0,956.0,849.8041229518416,0.0,106.19587704815842,0.0,0.0,956
849.5680662510216,0.0,-8495.680662510216,0.0,41017.00916211521,44.19587704815842,-0.0,0.9942794260324148,0.36094485086520944,0.0,799.2,0.0,0.0,1.0,888.0,-0.0,118,-10.117900762616522,0.0,180,-50.868094465630946,0.0,118,-21.87378777996595,0.0,118,-31.70036199042624,0.0,180,-52.469705152612065,0.0,180,-54.27486813524845,0.0,0.0,0.236056700819956,0.236056700819956,0.0,-8495.680662510216,-8495.680662510216,894.0,894.0,849.8041229518416,0.0,44.19587704815842,0.0,0.0,894
849.5680662510216,0.0,-8495.680662510216,0.0,40967.9026320617,44.19587704815842,-0.0,0.9930890512704942,0.36094485086520944,0.0,799.2,0.0,0.0,1.0,888.0,-0.0,118,-11.47498097147021,0.0,180,-21.066540760091478,0.0,118,-54.61380212142141,0.0,118,-4.637354148386925,0.0,180,-53.78908364424484,0.0,180,-26.44475294746845,0.0,0.0,0.236056700819956,0.236056700819956,0.0,-8495.680662510216,-8495.680662510216,894.0,894.0,849.8041229518416,0.0,44.19587704815842,0.0,0.0,894
849.5680662510216,0.0,-8495.680662510216,0.0,40918.796102008186,44.19587704815842,-0.0,0.9918986765085736,0.36094485086520944,0.0,799.2,0.0,0.0,1.0,888.0,-0.0,118,-59.503394149987834,0.0,180,-55.07571670671556,0.0,118,-53.483073598927945,0.0,118,-37.64663082645621,0.0,180,-2.4133296452865016,0.0,180,-39.6197335920669,0.0,0.0,0.236056700819956,0.236056700819956,0.0,-8495.680662510216,-8495.680662510216,894.0,894.0,849.8041229518416,0.0,44.19587704815842,0.0,0.0,894
849.5680662510216,0.0,-8495.680662510216,0.0,40869.689571954674,44.19587704815842,-0.0,0.9907083017466529,0.36094485086520944,0.0,799.2,0.0,0.0,1.0,888.0,-0.0,118,-27.682618068434614,0.0,180,-9.519228191126052,0.0,118,-13.062388172763026,0.0,118,-22.552121195351095,0.0,180,-26.294250319318028,0.0,180,-54.00891440861765,0.0,0.0,0.236056700819956,0.236056700819956,0.0,-8495.680662510216,-8495.680662510216,894.0,894.0,849.8041229518416,0.0,44.19587704815842,0.0,0.0,894
0.0,0.0,-0.0,0.0,40820.58304190116,894.0,-0.0,0.9895179269847323,0.36094485086520944,0.0,799.2,0.0,0.0,1.0,888.0,-0.0,118,-19.883107611805688,0.0,180,-49.668108699662376,0.0,118,-20.715676471316186,0.0,118,-52.38172026960545,0.0,180,-8.83433871191351,0.0,180,-35.936632621237095,0.0,0.0,0.0,0.0,0.0,0.0,0.0,894.0,894.0,0.0,0.0,894.0,0.0,0.0,894
0.0,0.0,-0.0,0.0,39827.249708567826,832.0,-0.0,0.9654388701080606,0.36094485086520944,0.0,799.2,0.0,0.0,1.0,888.0,-0.0,118,-47.5036581309022,0.0,180,-6.768501267793101,0.0,118,-49.400193711784226,0.0,118,-30.28318233486221,0.0,118,-11.534914416908382,0.0,180,-33.88007882695733,0.0,0.0,0.0,0.0,0.0,0.0,0.0,832.0,832.0,0.0,0.0,832.0,0.0,0.0,832
0.0,0.0,-0.0,0.0,38902.80526412338,832.0,-0.0,0.9430297254532611,0.36094485086520944,0.0,799.2,0.0,0.0,1.0,888.0,-0.0,118,-42.527464568539976,0.0,180,-26.06666093680065,0.0,118,-17.705312149844367,0.0,118,-8.550117493214483,0.0,118,-37.295974177475244,0.0,180,-31.90504402733257,0.0,0.0,0.0,0.0,0.0,0.0,0.0,832.0,832.0,0.0,0.0,832.0,0.0,0.0,832
0.0,0.0,-0.0,0.0,37978.360819678936,832.0,-0.0,0.9206205807984615,0.36094485086520944,0.0,799.2,0.0,0.0,1.0,888.0,-0.0,118,-43.551011277248726,0.0,180,-22.844055447341802,0.0,118,-46.77133950723208,0.0,118,-48.213492055190805,0.0,118,-24.13867150938197,0.0,180,-36.77604893357417,0.0,0.0,0.0,0.0,0.0,0.0,0.0,832.0,832.0,0.0,0.0,832.0,0.0,0.0,832
0.0,0.0,-0.0,0.0,37053.91637523449,832.0,-0.0,0.8982114361436621,0.36094485086520944,0.0,799.2,0.0,0.0,1.0,888.0,-0.0,118,-11.93487771997292,0.0,180,-46.29434975246422,0.0,118,-21.11754911662071,0.0,118,-52.09115884393066,0.0,118,-38.24567978744966,0.0,180,-58.92723925034916,0.0,0.0,0.0,0.0,0.0,0.0,0.0,832.0,832.0,0.0,0.0,832.0,0.0,0.0,832
0.0,0.0,-0.0,0.0,36129.471930790045,832.0,-0.0,0.8758022914888625,0.36094485086520944,0.0,799.2,0.0,0.0,1.0,888.0,-0.0,118,-14.738114887733754,0.0,180,-50.04797431677713,0.0,118,-57.488126953353095,0.0,118,-52.88501580063598,0.0,118,-16.926956475812133,0.0,180,-3.119592936646718,0.0,0.0,0.0,0.0,0.0,0.0,0.0,832.0,832.0,0.0,0.0,832.0,0.0,0.0,832
0.0,0.0,-0.0,0.0,35205.0274863456,832.0,-0.0,0.853393146834063,0.36094485086520944,0.0,799.2,0.0,0.0,1.0,888.0,-0.0,118,-38.7561762605278,0.0,180,-22.64610217894946,0.0,118,-17.24292076326923,0.0,118,-59.515042039069776,0.0,118,-32.09605500813497,0.0,180,-20.034820324654042,0.0,0.0,0.0,0.0,0.0,0.0,0.0,832.0,832.0,0.0,0.0,832.0,0.0,0.0,832
0.0,0.0,-0.0,0.0,34280.583041901155,832.0,-0.0,0.8309840021792634,0.36094485086520944,0.0,799.2,0.0,0.0,1.0,888.0,-0.0,118,-26.84986673140345,0.0,180,-38.17228896212428,0.0,118,-8.627477844329075,0.0,118,-41.30561966403139,0.0,118,-27.35620854005684,0.0,180,-53.44489082098801,0.0,0.0,0.0,0.0,0.0,0.0,0.0,832.0,832.0,0.0,0.0,832.0,0.0,0.0,832
0.0,0.0,-0.0,0.0,33356.13859745671,832.0,-0.0,0.8085748575244639,0.36094485086520944,0.0,799.2,0.0,0.0,1.0,888.0,-0.0,118,-23.35090340065898,0.0,180,-47.900227929438074,0.0,118,-44.89319376443827,0.0,118,-21.674652775738174,0.0,118,-8.85520880315876,0.0,180,-23.947572302718097,0.0,0.0,0.0,0.0,0.0,0.0,0.0,832.0,832.0,0.0,0.0,832.0,0.0,0.0,832
0.0,0.0,-0.0,0.0,32431.694153012264,832.0,-0.0,0.7861657128696644,0.36094485086520944,0.0,799.2,0.0,0.0,1.0,888.0,-0.0,118,-19.178759122390442,0.0,180,-59.90939627103316,0.0,118,-12.937138834891318,0.0,118,-1.385310890316891,0.0,118,-46.304615532569414,0.0,180,-36.34300275847541,0.0,0.0,0.0,0.0,0.0,0.0,0.0,832.0,832.0,0.0,0.0,832.0,0.0,0.0,832
0.0,0.0,-0.0,0.0,31507.24970856782,834.0,-0.0,0.7637565682148648,0.36094485086520944,0.0,799.2,0.0,0.0,1.0,888.0,-0.0,118,-51.38788508163964,0.0,180,-46.2295823898773,0.0,118,-15.417751254721386,0.0,120,-5.214530802752191,0.0,118,-1.9227825596536463,0.0,180,-22.845808452729184,0.0,0.0,0.0,0.0,0.0,0.0,0.0,834.0,834.0,0.0,0.0,834.0,0.0,0.0,834
0.0,0.0,-0.0,0.0,30580.58304190115,834.0,-0.0,0.7412935554238759,0.36094485086520944,0.0,799.2,0.0,0.0,1.0,888.0,-0.0,118,-29.487124784305546,0.0,180,-46.104000285784416,0.0,118,-41.74255306251692,0.0,120,-59.73796332592837,0.0,118,-2.1145068453978255,0.0,180,-56.02423725970841,0.0,0.0,0.0,0.0,0.0,0.0,0.0,834.0,834.0,0.0,0.0,834.0,0.0,0.0,834
0.0,0.0,-0.0,0.0,29653.916375234483,836.0,-0.0,0.7188305426328869,0.36094485086520944,0.0,799.2,0.0,0.0,1.0,888.0,-0.0,118,-7.581987656222237,0.0,180,-54.56557122214844,0.0,120,-40.29071757328582,0.0,120,-59.40277241308589,0.0,118,-44.05703644685574,0.0,180,-12.071983232347103,0.0,0.0,0.0,0.0,0.0,0.0,0.0,836.0,836.0,0.0,0.0,836.0,0.0,0.0,836
0.0,0.0,-0.0,0.0,28725.027486345592,836.0,-0.0,0.6963136617057085,0.36094485086520944,0.0,799.2,0.0,0.0,1.0,888.0,-0.0,118,-55.676157099128964,0.0,180,-5.919201874999711,0.0,120,-37.30398024364007,0.0,120,-24.833229936065877,0.0,118,-13.449409365482497,0.0,180,-54.86030832645122,0.0,0.0,0.0,0.0,0.0,0.0,0.0,836.0,836.0,0.0,0.0,836.0,0.0,0.0,836
0.0,0.0,-0.0,0.0,27796.138597456702,836.0,-0.0,0.6737967807785301,0.36094485086520944,0.0,799.2,0.0,0.0,1.0,888.0,-0.0,118,-9.622039140188622,0.0,180,-46.098909564234454,0.0,120,-11.035902865276984,0.0,120,-19.931412212470068,0.0,118,-10.793355333324747,0.0,180,-13.363868968457737,0.0,0.0,0.0,0.0,0.0,0.0,0.0,836.0,836.0,0.0,0.0,836.0,0.0,0.0,836
0.0,0.0,-0.0,0.0,26867.24970856781,836.0,-0.0,0.6512798998513517,0.36094485086520944,0.0,799.2,0.0,0.0,1.0,888.0,-0.0,118,-17.30179634320733,0.0,180,-41.163490284490884,0.0,120,-4.434593893872911,0.0,120,-33.693968785914976,0.0,118,-57.55540354340848,0.0,180,-23.05135425311451,0.0,0.0,0.0,0.0,0.0,0.0,0.0,836.0,836.0,0.0,0.0,836.0,0.0,0.0,836
0.0,0.0,-0.0,0.0,25938.36081967892,836.0,-0.0,0.6287630189241733,0.36094485086520944,0.0,799.2,0.0,0.0,1.0,888.0,-0.0,118,-29.08241385638493,0.0,180,-21.423212520061952,0.0,120,-44.97963609141362,0.0,120,-49.96490056458307,0.0,118,-4.782610627150636,0.0,180,-12.157728880909076,0.0,0.0,0.0,0.0,0.0,0.0,0.0,836.0,836.0,0.0,0.0,836.0,0.0,0.0,836
0.0,0.0,-0.0,0.0,25009.47193079003,836.0,-0.0,0.6062461379969949,0.36094485086520944,0.0,799.2,0.0,0.0,1.0,888.0,-0.0,118,-59.33204405323539,0.0,180,-48.93432772331312,0.0,120,-26.279494954279425,0.0,120,-25.219090575224076,0.0,118,-28.05599995967727,0.0,180,-21.977546799824964,0.0,0.0,0.0,0.0,0.0,0.0,0.0,836.0,836.0,0.0,0.0,836.0,0.0,0.0,836
0.0,0.0,-0.0,0.0,24080.58304190114,834.0,-0.0,0.5837292570698165,0.36094485086520944,0.0,799.2,0.0,0.0,1.0,888.0,-0.0,118,-26.767520475271944,0.0,180,-51.055465685039266,0.0,118,-58.71822573054665,0.0,120,-41.08063889269841,0.0,118,-12.168796800443332,0.0,180,-22.563311041828253,0.0,0.0,0.0,0.0,0.0,0.0,0.0,834.0,834.0,0.0,0.0,834.0,0.0,0.0,834
0.0,0.0,-0.0,0.0,23153.916375234472,834.0,-0.0,0.5612662442788275,0.36094485086520944,0.0,799.2,0.0,0.0,1.0,888.0,-0.0,118,-55.584969229208696,0.0,180,-54.686912727573564,0.0,118,-20.401953407310472,0.0,120,-18.54024024523383,0.0,118,-4.888514987071408,0.0,180,-47.15804375419463,0.0,0.0,0.0,0.0,0.0,0.0,0.0,834.0,834.0,0.0,0.0,834.0,0.0,0.0,834
0.0,0.0,-0.0,0.0,22227.249708567804,834.0,-0.0,0.5388032314878386,0.36094485086520944,0.0,799.2,0.0,0.0,1.0,888.0,-0.0,118,-59.71230528907183,0.0,180,-53.294178469265205,0.0,118,-57.56223771638177,0.0,120,-42.262619393281646,0.0,118,-9.464603175737214,0.0,180,-55.77599754395226,0.0,0.0,0.0,0.0,0.0,0.0,0.0,834.0,834.0,0.0,0.0,834.0,0.0,0.0,834
0.0,0.0,-0.0,0.0,21300.583041901136,834.0,-0.0,0.5163402186968495,0.36094485086520944,0.0,799.2,0.0,0.0,1.0,888.0,-0.0,118,-6.584995601171699,0.0,180,-26.257779000620857,0.0,118,-27.091090830314265,0.0,120,-52.87105822497664,0.0,118,-28.4616325551182,0.0,180,-35.60104379022992,0.0,0.0,0.0,0.0,0.0,0.0,0.0,834.0,834.0,0.0,0.0,834.0,0.0,0.0,834
0.0,0.0,-0.0,0.0,20373.91637523447,834.0,-0.0,0.49387720590586065,0.36094485086520944,0.0,799.2,0.0,0.0,1.0,888.0,-0.0,118,-27.795375829145822,0.0,180,-43.447857689378324,0.0,118,-5.959500900069978,0.0,120,-14.526431446113154,0.0,118,-39.89862613380988,0.0,180,-25.666467427788252,0.0,0.0,0.0,0.0,0.0,0.0,0.0,834.0,834.0,0.0,0.0,834.0,0.0,0.0,834
0.0,0.0,-0.0,0.0,19447.2497085678,836.0,-0.0,0.47141419311487165,0.36094485086520944,0.0,799.2,0.0,0.0,1.0,888.0,-0.0,118,-19.34364214973388,0.0,180,-4.674256357237883,0.0,120,-56.14918001997202,0.0,120,-5.538249801387865,0.0,118,-4.965764756511277,0.0,180,-30.468246180762183,0.0,0.0,0.0,0.0,0.0,0.0,0.0,836.0,836.0,0.0,0.0,836.0,0.0,0.0,836
0.0,0.0,-0.0,0.0,18518.36081967891,836.0,-0.0,0.44889731218769324,0.36094485086520944,0.0,799.2,0.0,0.0,1.0,888.0,-0.0,118,-5.337091219348993,0.0,180,-52.39635761984694,0.0,120,-20.443552975078955,0.0,120,-39.16652075525592,0.0,118,-48.84196375986832,0.0,180,-41.796939855098444,0.0,0.0,0.0,0.0,0.0,0.0,0.0,836.0,836.0,0.0,0.0,836.0,0.0,0.0,836
0.0,0.0,-0.0,0.0,17589.47193079002,836.0,-0.0,0.42638043126051484,0.36094485086520944,0.0,799.2,0.0,0.0,1.0,888.0,-0.0,118,-1.6639183474275532,0.0,180,-21.741739403133085,0.0,120,-11.052737334633385,0.0,120,-27.44331257998697,0.0,118,-11.273435620341017,0.0,180,-26.933722443308056,0.0,0.0,0.0,0.0,0.0,0.0,0.0,836.0,836.0,0.0,0.0,836.0,0.0,0.0,836
0.0,0.0,-0.0,0.0,16660.58304190113,836.0,-0.0,0.4038635503333365,0.36094485086520944,0.0,799.2,0.0,0.0,1.0,888.0,-0.0,118,-34.42139591523453,0.0,180,-8.194274636043078,0.0,120,-41.94778334834866,0.0,120,-53.727276682623554,0.0,118,-48.45818594954231,0.0,180,-16.764353801593114,0.0,0.0,0.0,0.0,0.0,0.0,0.0,836.0,836.0,0.0,0.0,836.0,0.0,0.0,836
0.0,0.0,-0.0,0.0,15731.69415301224,836.0,-0.0,0.3813466694061581,0.36094485086520944,0.0,799.2,0.0,0.0,1.0,888.0,-0.0,118,-25.752494538007088,0.0,180,-40.417818144568784,0.0,120,-5.729817910211241,0.0,120,-16.349038587776953,0.0,118,-6.210963810637342,0.0,180,-51.145097044549374,0.0,0.0,0.0,0.0,0.0,0.0,0.0,836.0,836.0,0.0,0.0,836.0,0.0,0.0,836
0.0,0.0,-0.0,0.0,14802.805264123352,896.0,-0.0,0.3588297884789797,0.36094485086520944,0.0,799.2,0.0,0.0,1.0,888.0,-0.0,118,-35.689595847390564,0.0,180,-10.88235027149419,0.0,180,-52.395050448765694,0.0,120,-54.855708601949,0.0,118,-48.12814621191021,0.0,180,-18.37100951818867,0.0,0.0,0.0,0.0,0.0,0.0,0.0,896.0,896.0,0.0,0.0,896.0,0.0,0.0,896
0.0,0.0,-0.0,0.0,13807.249708567797,896.0,-0.0,0.33469686346611877,0.36094485086520944,0.0,799.2,0.0,0.0,1.0,888.0,-0.0,118,-28.0412271856602,0.0,180,-48.47426259974928,0.0,180,-39.47096737824528,0.0,120,-0.5484451515948718,0.0,118,-24.091399811219404,0.0,180,-14.875244051400422,0.0,0.0,0.0,0.0,0.0,0.0,0.0,896.0,896.0,0.0,0.0,896.0,0.0,0.0,896
0.0,0.0,-0.0,0.0,12811.694153012242,896.0,-0.0,0.31056393845325775,0.36094485086520944,0.0,799.2,0.0,0.0,1.0,888.0,-0.0,118,-56.2950300045878,0.0,180,-42.457974348857405,0.0,180,-27.08162910370065,0.0,120,-32.572357972660875,0.0,118,-44.54888667576065,0.0,180,-7.214636060110873,0.0,0.0,0.0,0.0,0.0,0.0,0.0,896.0,896.0,0.0,0.0,896.0,0.0,0.0,896
0.0,0.0,-0.0,0.0,11816.138597456687,834.0,-0.0,0.28643101344039673,0.36094485086520944,0.0,799.2,0.0,0.0,1.0,888.0,-0.0,118,-51.7556145485772,0.0,180,-47.14951130947268,0.0,118,-22.425230450773366,0.0,120,-17.453477043289674,0.0,118,-13.932856048546366,0.0,180,-37.527862914614,0.0,0.0,0.0,0.0,0.0,0.0,0.0,834.0,834.0,0.0,0.0,834.0,0.0,0.0,834
0.0,0.0,-0.0,0.0,10889.471930790021,834.0,-0.0,0.26396800064940784,0.36094485086520944,0.0,799.2,0.0,0.0,1.0,888.0,-0.0,118,-54.44936651522198,0.0,180,-31.852026072846552,0.0,118,-25.97101100742291,0.0,120,-17.3254532861784,0.0,118,-11.207467107228908,0.0,180,-8.219456950175685,0.0,0.0,0.0,0.0,0.0,0.0,0.0,834.0,834.0,0.0,0.0,834.0,0.0,0.0,834
0.0,0.0,-0.0,0.0,9962.805264123355,834.0,-0.0,0.24150498785841892,0.36094485086520944,0.0,799.2,0.0,0.0,1.0,888.0,-0.0,118,-27.36202785467695,0.0,180,-5.741961561797833,0.0,118,-8.333260707178107,0.0,120,-54.830629147106066,0.0,118,-36.91649611410709,0.0,180,-42.394345600586746,0.0,0.0,0.0,0.0,0.0,0.0,0.0,834.0,834.0,0.0,0.0,834.0,0.0,0.0,834
0.0,0.0,-0.0,0.0,9036.13859745669,834.0,-0.0,0.21904197506742998,0.36094485086520944,0.0,799.2,0.0,0.0,1.0,888.0,-0.0,118,-28.87699906780704,0.0,180,-51.95918803094719,0.0,118,-48.066512551434926,0.0,120,-46.01707992194143,0.0,118,-58.943254918083966,0.0,180,-7.061807052716624,0.0,0.0,0.0,0.0,0.0,0.0,0.0,834.0,834.0,0.0,0.0,834.0,0.0,0.0,834
0.0,0.0,-0.0,0.0,8109.471930790022,834.0,-0.0,0.19657896227644103,0.36094485086520944,0.0,799.2,0.0,0.0,1.0,888.0,-0.0,118,-18.649735227019498,0.0,180,-48.52624806794586,0.0,118,-35.00618441477668,0.0,120,-6.312495475030189,0.0,118,-5.591927732652531,0.0,180,-41.01870006522037,0.0,0.0,0.0,0.0,0.0,0.0,0.0,834.0,834.0,0.0,0.0,834.0,0.0,0.0,834
0.0,0.0,-0.0,0.0,7182.805264123355,836.0,-0.0,0.1741159494854521,0.36094485086520944,0.0,799.2,0.0,0.0,1.0,888.0,-0.0,118,-17.727292040037206,0.0,180,-6.630775196479637,0.0,118,-10.896959542845032,0.0,120,-9.476437280908158,0.0,120,-31.822257436140557,0.0,180,-30.726110560954666,0.0,0.0,0.0,0.0,0.0,0.0,0.0,836.0,836.0,0.0,0.0,836.0,0.0,0.0,836
0.0,0.0,-0.0,0.0,6253.916375234467,836.0,-0.0,0.15159906855827374,0.36094485086520944,0.0,799.2,0.0,0.0,1.0,888.0,-0.0,118,-17.80062049738126,0.0,180,-51.884476629627905,0.0,118,-29.52107850323912,0.0,120,-24.192681921673767,0.0,120,-32.823141771433214,0.0,180,-3.9949999460354735,0.0,0.0,0.0,0.0,0.0,0.0,0.0,836.0,836.0,0.0,0.0,836.0,0.0,0.0,836
0.0,0.0,-0.0,0.0,5325.027486345578,836.0,-0.0,0.12908218763109539,0.36094485086520944,0.0,799.2,0.0,0.0,1.0,888.0,-0.0,118,-50.58843009228301,0.0,180,-34.02975324847324,0.0,118,-57.63216406182036,0.0,120,-32.61469248119984,0.0,120,-33.6274667044284,0.0,180,-7.046005299685428,0.0,0.0,0.0,0.0,0.0,0.0,0.0,836.0,836.0,0.0,0.0,836.0,0.0,0.0,836
0.0,0.0,-0.0,0.0,4396.138597456689,836.0,-0.0,0.10656530670391703,0.36094485086520944,0.0,799.2,0.0,0.0,1.0,888.0,-0.0,118,-18.000464340686744,0.0,180,-1.1285034544823591,0.0,118,-23.260525710312557,0.0,120,-42.95304270782779,0.0,120,-28.346608551393413,0.0,180,-1.5307046724193007,0.0,0.0,0.0,0.0,0.0,0.0,0.0,836.0,836.0,0.0,0.0,836.0,0.0,0.0,836
0.0,0.0,-0.0,0.0,3467.2497085678006,836.0,-0.0,0.08404842577673867,0.36094485086520944,0.0,799.2,0.0,0.0,1.0,888.0,-0.0,118,-30.005182764111478,0.0,180,-42.157673735102215,0.0,118,-9.853938592711573,0.0,120,-45.06611555686631,0.0,120,-20.994920337327393,0.0,180,-25.53170243899786,0.0,0.0,0.0,0.0,0.0,0.0,0.0,836.0,836.0,0.0,0.0,836.0,0.0,0.0,836
0.0,0.0,-0.0,0.0,2538.360819678912,834.0,-0.0,0.06153154484956032,0.36094485086520944,0.0,799.2,0.0,0.0,1.0,888.0,-0.0,118,-36.041658871272645,0.0,180,-8.627277666458728,0.0,118,-6.842379974861295,0.0,118,-26.104647989647308,0.0,120,-46.2434628446164,0.0,180,-40.26342765392508,0.0,0.0,0.0,0.0,0.0,0.0,0.0,834.0,834.0,0.0,0.0,834.0,0.0,0.0,834
0.0,0.0,-0.0,0.0,1611.6941530122454,834.0,-0.0,0.03906853205857139,0.36094485086520944,0.0,799.2,0.0,0.0,1.0,888.0,-0.0,118,-35.474586978693736,0.0,180,-41.55458825386531,0.0,118,-23.1445271568757,0.0,118,-37.24060078394045,0.0,120,-14.148757747546796,0.0,180,-51.654298660066495,0.0,0.0,0.0,0.0,0.0,0.0,0.0,834.0,834.0,0.0,0.0,834.0,0.0,0.0,834
0.0,0.0,-0.0,0.0,685.0274863455787,616.5247377110209,-0.0,0.01660551926758245,0.36094485086520944,78.49657611376789,799.2,0.0,217.47526228897914,1.0,888.0,-193118.03291261347,118,-38.91985606607389,0.0,180,-37.372892098714196,0.0,118,-16.61858861932507,0.0,118,-51.30068739107567,0.0,120,-28.558332750306022,0.0,180,-19.8287393606387,0.0,0.0,0.0,0.0,0.0,-193118.03291261347,-193118.03291261347,834.0,834.0,0.0,0.0,834.0,0.0,0.0,834
0.0,0.0,-0.0,0.0,0.0,0.0,-0.0,0.0,0.36094485086520944,278.6494248679417,799.2,0.0,772.0,1.0,888.0,-685536.0,118,-4.723183587862945,0.0,180,-58.92584862901281,0.0,118,-3.986359736779206,0.0,118,-28.08200387564932,0.0,120,-16.99417766186428,0.0,118,-48.450687431152055,0.0,0.0,0.0,0.0,0.0,-685536.0,-685536.0,772.0,772.0,0.0,0.0,772.0,0.0,0.0,772
0.0,0.0,-0.0,0.0,0.0,0.0,-0.0,0.0,0.36094485086520944,278.6494248679417,799.2,0.0,772.0,1.0,888.0,-685536.0,118,-13.432081362799536,0.0,180,-17.600823423083778,0.0,118,-16.57004533243019,0.0,118,-28.91398317308578,0.0,120,-23.882259104911093,0.0,118,-37.76700744194785,0.0,0.0,0.0,0.0,0.0,-685536.0,-685536.0,772.0,772.0,0.0,0.0,772.0,0.0,0.0,772
0.0,0.0,-0.0,0.0,0.0,0.0,-0.0,0.0,0.36094485086520944,279.3713145696721,799.2,0.0,774.0,1.0,888.0,-687312.0,118,-21.01806466897829,0.0,180,-43.69677112797567,0.0,118,-22.30526865903584,0.0,120,-0.3676297853738575,0.0,120,-37.26423075873316,0.0,118,-34.51436968600676,0.0,0.0,0.0,0.0,0.0,-687312.0,-687312.0,774.0,774.0,0.0,0.0,774.0,0.0,0.0,774
0.0,0.0,-0.0,0.0,0.0,0.0,-0.0,0.0,0.36094485086520944,279.3713145696721,799.2,0.0,774.0,1.0,888.0,-687312.0,118,-37.58991571371916,0.0,180,-1.2829569141877206,0.0,118,-28.51460076459229,0.0,120,-32.48063468243117,0.0,120,-41.376577308433205,0.0,118,-7.836192445268404,0.0,0.0,0.0,0.0,0.0,-687312.0,-687312.0,774.0,774.0,0.0,0.0,774.0,0.0,0.0,774
0.0,0.0,-0.0,0.0,0.0,0.0,-0.0,0.0,0.36094485086520944,279.3713145696721,799.2,0.0,774.0,1.0,888.0,-687312.0,118,-48.48597828485657,0.0,180,-10.797532794603772,0.0,118,-34.89493152592024,0.0,120,-22.35302066981746,0.0,120,-30.139140243354387,0.0,118,-13.400798217703285,0.0,0.0,0.0,0.0,0.0,-687312.0,-687312.0,774.0,774.0,0.0,0.0,774.0,0.0,0.0,774
0.0,0.0,-0.0,0.0,0.0,0.0,-0.0,0.0,0.36094485086520944,280.09320427140256,799.2,0.0,776.0,1.0,888.0,-689088.0,120,-31.43430577217695,0.0,180,-24.277656332251198,0.0,118,-43.75328172061171,0.0,120,-5.162742735588477,0.0,120,-10.920444639078578,0.0,118,-39.901387293071906,0.0,0.0,0.0,0.0,0.0,-689088.0,-689088.0,776.0,776.0,0.0,0.0,776.0,0.0,0.0,776
0.0,0.0,-0.0,0.0,0.0,0.0,-0.0,0.0,0.36094485086520944,280.09320427140256,799.2,0.0,776.0,1.0,888.0,-689088.0,120,-3.177605271901376,0.0,180,-18.7756006226164,0.0,118,-0.11288737960772899,0.0,120,-1.641979075225093,0.0,120,-1.0760398956002981,0.0,118,-53.81143551441855,0.0,0.0,0.0,0.0,0.0,-689088.0,-689088.0,776.0,776.0,0.0,0.0,776.0,0.0,0.0,776
0.0,0.0,-0.0,0.0,0.0,0.0,-0.0,0.0,0.36094485086520944,280.09320427140256,799.2,0.0,776.0,1.0,888.0,-689088.0,120,-40.8384688223925,0.0,180,-9.076062420206817,0.0,118,-27.21952348121284,0.0,120,-43.114000913615484,0.0,120,-0.17322246925989493,0.0,118,-54.21235817380834,0.0,0.0,0.0,0.0,0.0,-689088.0,-689088.0,776.0,776.0,0.0,0.0,776.0,0.0,0.0,776
0.0,0.0,-0.0,0.0,0.0,0.0,-0.0,0.0,0.36094485086520944,280.09320427140256,799.2,0.0,776.0,1.0,888.0,-689088.0,120,-38.74538633888442,0.0,180,-24.14959238589397,0.0,118,-45.52843262174294,0.0,120,-6.749066662635621,0.0,120,-25.14216332622936,0.0,118,-47.40464656606887,0.0,0.0,0.0,0.0,0.0,-689088.0,-689088.0,776.0,776.0,0.0,0.0,776.0,0.0,0.0,776
0.0,0.0,-0.0,0.0,0.0,0.0,-0.0,0.0,0.36094485086520944,280.09320427140256,799.2,0.0,776.0,1.0,888.0,-689088.0,120,-16.39461791098914,0.0,180,-53.08764987486492,0.0,118,-13.958511760292824,0.0,120,-27.984349566594734,0.0,120,-7.4125133248390185,0.0,118,-26.10120991989064,0.0,0.0,0.0,0.0,0.0,-689088.0,-689088.0,776.0,776.0,0.0,0.0,776.0,0.0,0.0,776
0.0,0.0,-0.0,0.0,0.0,0.0,-0.0,0.0,0.36094485086520944,280.09320427140256,799.2,0.0,776.0,1.0,888.0,-689088.0,120,-57.056899676135316,0.0,180,-23.21147170924841,0.0,118,-31.925456900004946,0.0,120,-15.205080823111581,0.0,120,-40.620896478821436,0.0,118,-12.523569218912545,0.0,0.0,0.0,0.0,0.0,-689088.0,-689088.0,776.0,776.0,0.0,0.0,776.0,0.0,0.0,776
0.0,0.0,-0.0,0.0,0.0,0.0,-0.0,0.0,0.36094485086520944,280.09320427140256,799.2,0.0,776.0,1.0,888.0,-689088.0,120,-44.07083655522782,0.0,180,-36.875315941619824,0.0,118,-57.17806111580057,0.0,120,-23.55966286141903,0.0,120,-31.099138859224503,0.0,118,-13.144006093107723,0.0,0.0,0.0,0.0,0.0,-689088.0,-689088.0,776.0,776.0,0.0,0.0,776.0,0.0,0.0,776
0.0,0.0,-0.0,0.0,0.0,0.0,-0.0,0.0,0.36094485086520944,280.09320427140256,799.2,0.0,776.0,1.0,888.0,-689088.0,120,-14.439888768443955,0.0,180,-38.15151191540035,0.0,118,-2.8555013489955505,0.0,120,-0.8538097604095785,0.0,120,-8.769841857069615,0.0,118,-21.33861396220479,0.0,0.0,0.0,0.0,0.0,-689088.0,-689088.0,776.0,776.0,0.0,0.0,776.0,0.0,0.0,776
0.0,0.0,-0.0,0.0,0.0,0.0,-0.0,0.0,0.36094485086520944,280.09320427140256,799.2,0.0,776.0,1.0,888.0,-689088.0,120,-37.706273170443815,0.0,180,-48.129187893069464,0.0,118,-10.772335689345553,0.0,120,-27.67745943012316,0.0,120,-44.67817738848765,0.0,118,-45.22482758796508,0.0,0.0,0.0,0.0,0.0,-689088.0,-689088.0,776.0,776.0,0.0,0.0,776.0,0.0,0.0,776
0.0,0.0,-0.0,0.0,0.0,0.0,-0.0,0.0,0.36094485086520944,280.09320427140256,799.2,0.0,776.0,1.0,888.0,-689088.0,120,-10.312510043159032,0.0,180,-2.594973055387919,0.0,118,-40.82826144407449,0.0,120,-17.551008120345795,0.0,120,-15.122219598615718,0.0,118,-33.16028878293755,0.0,0.0,0.0,0.0,0.0,-689088.0,-689088.0,776.0,776.0,0.0,0.0,776.0,0.0,0.0,776
0.0,0.0,-0.0,0.0,0.0,0.0,-0.0,0.0,0.36094485086520944,280.09320427140256,799.2,0.0,776.0,1.0,888.0,-689088.0,120,-41.59309032949004,0.0,180,-32.98788202459171,0.0,118,-6.906790713726714,0.0,120,-17.41187893923664,0.0,120,-13.072048381832566,0.0,118,-16.0104402228615,0.0,0.0,0.0,0.0,0.0,-689088.0,-689088.0,776.0,776.0,0.0,0.0,776.0,0.0,0.0,776
0.0,0.0,-0.0,0.0,0.0,0.0,-0.0,0.0,0.36094485086520944,280.09320427140256,799.2,0.0,776.0,1.0,888.0,-689088.0,120,-1.636147189916335,0.0,180,-46.24481695257136,0.0,118,-9.644938197043086,0.0,120,-51.508927695352035,0.0,120,-3.8754232104107755,0.0,118,-37.58756951499038,0.0,0.0,0.0,0.0,0.0,-689088.0,-689088.0,776.0,776.0,0.0,0.0,776.0,0.0,0.0,776
0.0,0.0,-0.0,0.0,0.0,0.0,-0.0,0.0,0.36094485086520944,280.09320427140256,799.2,0.0,776.0,1.0,888.0,-689088.0,120,-2.102632905974511,0.0,180,-23.943622260031137,0.0,118,-27.819845707164067,0.0,120,-52.34316917926201,0.0,120,-23.519858682630048,0.0,118,-27.68108380817987,0.0,0.0,0.0,0.0,0.0,-689088.0,-689088.0,776.0,776.0,0.0,0.0,776.0,0.0,0.0,776
0.0,0.0,-0.0,0.0,0.0,0.0,-0.0,0.0,0.36094485086520944,280.09320427140256,799.2,0.0,776.0,1.0,888.0,-689088.0,120,-40.179524036597435,0.0,180,-53.90182403299679,0.0,118,-39.881478226141134,0.0,120,-35.81545443354285,0.0,120,-16.224381762477947,0.0,118,-0.9615304829663818,0.0,0.0,0.0,0.0,0.0,-689088.0,-689088.0,776.0,776.0,0.0,0.0,776.0,0.0,0.0,776
0.0,0.0,-0.0,0.0,0.0,0.0,-0.0,0.0,0.36094485086520944,280.09320427140256,799.2,0.0,776.0,1.0,888.0,-689088.0,120,-28.800432267388288,0.0,180,-6.632032955955827,0.0,118,-41.70578493446347,0.0,120,-45.86380336835576,0.0,120,-3.9967655900106136,0.0,118,-10.215408293388812,0.0,0.0,0.0,0.0,0.0,-689088.0,-689088.0,776.0,776.0,0.0,0.0,776.0,0.0,0.0,776
0.0,0.0,-0.0,0.0,0.0,0.0,-0.0,0.0,0.36094485086520944,280.09320427140256,799.2,0.0,776.0,1.0,888.0,-689088.0,120,-43.82246395266623,0.0,180,-28.49445308560043,0.0,118,-30.65858318129483,0.0,120,-16.59554691671523,0.0,120,-23.110318756960687,0.0,118,-7.7655971292256964,0.0,0.0,0.0,0.0,0.0,-689088.0,-689088.0,776.0,776.0,0.0,0.0,776.0,0.0,0.0,776
0.0,0.0,-0.0,0.0,0.0,0.0,-0.0,0.0,0.36094485086520944,280.09320427140256,799.2,0.0,776.0,1.0,888.0,-689088.0,120,-50.72984697428482,0.0,180,-10.639568107622978,0.0,118,-0.6139937100239856,0.0,120,-27.839426699756878,0.0,120,-46.65454342572697,0.0,118,-25.50560964597896,0.0,0.0,0.0,0.0,0.0,-689088.0,-689088.0,776.0,776.0,0.0,0.0,776.0,0.0,0.0,776
0.0,0.0,-0.0,0.0,0.0,0.0,-0.0,0.0,0.36094485086520944,280.09320427140256,799.2,0.0,776.0,1.0,888.0,-689088.0,120,-34.233018094597554,0.0,180,-59.79916212762748,0.0,118,-14.644852449457675,0.0,120,-44.51215740428366,0.0,120,-33.94988864237853,0.0,118,-28.59364006308462,0.0,0.0,0.0,0.0,0.0,-689088.0,-689088.0,776.0,776.0,0.0,0.0,776.0,0.0,0.0,776
0.0,0.0,-0.0,0.0,0.0,0.0,-0.0,0.0,0.36094485086520944,280.09320427140256,799.2,0.0,776.0,1.0,888.0,-689088.0,120,-44.04033731175789,0.0,180,-44.43580258998971,0.0,118,-53.692130332913706,0.0,120,-24.30128595774005,0.0,120,-12.19332481280329,0.0,118,-52.047666642388386,0.0,0.0,0.0,0.0,0.0,-689088.0,-689088.0,776.0,776.0,0.0,0.0,776.0,0.0,0.0,776
0.0,0.0,-0.0,0.0,0.0,0.0,-0.0,0.0,0.36094485086520944,280.09320427140256,799.2,0.0,776.0,1.0,888.0,-689088.0,120,-16.366540013825233,0.0,180,-30.649137945478802,0.0,118,-11.803818621915907,0.0,120,-36.760732125419594,0.0,120,-26.099772005550392,0.0,118,-39.56930573189016,0.0,0.0,0.0,0.0,0.0,-689088.0,-689088.0,776.0,776.0,0.0,0.0,776.0,0.0,0.0,776
0.0,0.0,-0.0,0.0,0.0,0.0,-0.0,0.0,0.36094485086520944,280.09320427140256,799.2,0.0,776.0,1.0,888.0,-689088.0,120,-21.26072682116042,0.0,180,-40.328846541606126,0.0,118,-26.966865648826563,0.0,120,-32.07769941459524,0.0,120,-34.24874379239037,0.0,118,-52.19447963640103,0.0,0.0,0.0,0.0,0.0,-689088.0,-689088.0,776.0,776.0,0.0,0.0,776.0,0.0,0.0,776
0.0,0.0,-0.0,0.0,0.0,0.0,-0.0,0.0,0.36094485086520944,280.09320427140256,799.2,0.0,776.0,1.0,888.0,-689088.0,120,-4.786290414039063,0.0,180,-26.480278653605836,0.0,118,-31.671091969070915,0.0,120,-27.75332546271671,0.0,120,-25.27038829169159,0.0,118,-51.95848876661143,0.0,0.0,0.0,0.0,0.0,-689088.0,-689088.0,776.0,776.0,0.0,0.0,776.0,0.0,0.0,776
0.0,0.0,-0.0,0.0,0.0,0.0,-0.0,0.0,0.36094485086520944,280.09320427140256,799.2,0.0,776.0,1.0,888.0,-689088.0,120,-38.083702163659,0.0,180,-44.59360130260887,0.0,118,-36.66627271368158,0.0,120,-57.02605508129525,0.0,120,-20.448022403403552,0.0,118,-45.33282771655238,0.0,0.0,0.0,0.0,0.0,-689088.0,-689088.0,776.0,776.0,0.0,0.0,776.0,0.0,0.0,776
0.0,0.0,-0.0,0.0,0.0,0.0,-0.0,0.0,0.36094485086520944,280.09320427140256,799.2,0.0,776.0,1.0,888.0,-689088.0,120,-58.1302983624718,0.0,180,-33.01502511384709,0.0,118,-33.063078867810916,0.0,120,-23.38103497697706,0.0,120,-33.1914099376937,0.0,118,-51.73862204992435,0.0,0.0,0.0,0.0,0.0,-689088.0,-689088.0,776.0,776.0,0.0,0.0,776.0,0.0,0.0,776
0.0,0.0,-0.0,0.0,0.0,0.0,-0.0,0.0,0.36094485086520944,280.09320427140256,799.2,0.0,776.0,1.0,888.0,-689088.0,120,-32.20077473850446,0.0,180,-44.82096367319715,0.0,118,-27.582091420409895,0.0,120,-31.20371960441293,0.0,120,-36.3844455220132,0.0,118,-9.293014940618704,0.0,0.0,0.0,0.0,0.0,-689088.0,-689088.0,776.0,776.0,0.0,0.0,776.0,0.0,0.0,776
0.0,0.0,-0.0,0.0,0.0,0.0,-0.0,0.0,0.36094485086520944,280.09320427140256,799.2,0.0,776.0,1.0,888.0,-689088.0,120,-49.53652935790879,0.0,180,-47.54424459990519,0.0,118,-4.413318847948711,0.0,120,-32.358933104713955,0.0,120,-27.332265852335652,0.0,118,-47.234415853593056,0.0,0.0,0.0,0.0,0.0,-689088.0,-689088.0,776.0,776.0,0.0,0.0,776.0,0.0,0.0,776
0.0,0.0,-0.0,0.0,0.0,0.0,-0.0,0.0,0.36094485086520944,280.09320427140256,799.2,0.0,776.0,1.0,888.0,-689088.0,120,-57.935577738527215,0.0,180,-10.694712785006214,0.0,118,-46.54728137895165,0.0,120,-15.187107259509167,0.0,120,-6.703362288075687,0.0,118,-11.995312599482837,0.0,0.0,0.0,0.0,0.0,-689088.0,-689088.0,776.0,776.0,0.0,0.0,776.0,0.0,0.0,776
0.0,0.0,-0.0,0.0,0.0,0.0,-0.0,0.0,0.36094485086520944,280.09320427140256,799.2,0.0,776.0,1.0,888.0,-689088.0,120,-10.246562419138971,0.0,180,-45.49069596977797,0.0,118,-58.620745716918194,0.0,120,-45.86356802289988,0.0,120,-21.36467518553745,0.0,118,-14.783142647506883,0.0,0.0,0.0,0.0,0.0,-689088.0,-689088.0,776.0,776.0,0.0,0.0,776.0,0.0,0.0,776
0.0,0.0,-0.0,0.0,0.0,0.0,-0.0,0.0,0.36094485086520944,280.09320427140256,799.2,0.0,776.0,1.0,888.0,-689088.0,120,-43.95835799173068,0.0,180,-29.012002348742104,0.0,118,-49.54214544515605,0.0,120,-7.5071256866252,0.0,120,-52.79480496802718,0.0,118,-23.870723394043836,0.0,0.0,0.0,0.0,0.0,-689088.0,-689088.0,776.0,776.0,0.0,0.0,776.0,0.0,0.0,776
0.0,0.0,-0.0,0.0,0.0,0.0,-0.0,0.0,0.36094485086520944,280.09320427140256,799.2,0.0,776.0,1.0,888.0,-689088.0,120,-42.96887759475344,0.0,180,-13.830668061093906,0.0,118,-42.14541321678695,0.0,120,-25.160269935829596,0.0,120,-4.786172321429152,0.0,118,-13.647735205926102,0.0,0.0,0.0,0.0,0.0,-689088.0,-689088.0,776.0,776.0,0.0,0.0,776.0,0.0,0.0,776
0.0,0.0,-0.0,0.0,0.0,0.0,-0.0,0.0,0.36094485086520944,280.09320427140256,799.2,0.0,776.0,1.0,888.0,-689088.0,120,-44.06780117683267,0.0,180,-24.91489588472167,0.0,118,-54.37383353185325,0.0,120,-15.116390634124135,0.0,120,-44.76955159531536,0.0,118,-53.02376074032349,0.0,0.0,0.0,0.0,0.0,-689088.0,-689088.0,776.0,776.0,0.0,0.0,776.0,0.0,0.0,776
0.0,0.0,-0.0,0.0,0.0,0.0,-0.0,0.0,0.36094485086520944,280.09320427140256,799.2,0.0,776.0,1.0,888.0,-689088.0,120,-7.451521834449517,0.0,180,-41.74701162113235,0.0,118,-45.4415124915899,0.0,120,-2.201573228542344,0.0,120,-33.21935021116538,0.0,118,-33.56071544184796,0.0,0.0,0.0,0.0,0.0,-689088.0,-689088.0,776.0,776.0,0.0,0.0,776.0,0.0,0.0,776
0.0,0.0,-0.0,0.0,0.0,0.0,-0.0,0.0,0.36094485086520944,280.09320427140256,799.2,0.0,776.0,1.0,888.0,-689088.0,120,-42.89597992118725,0.0,180,-45.821756511232316,0.0,118,-36.607142884153156,0.0,120,-5.125046821439594,0.0,120,-52.434748396656325,0.0,118,-4.505294068079384,0.0,0.0,0.0,0.0,0.0,-689088.0,-689088.0,776.0,776.0,0.0,0.0,776.0,0.0,0.0,776
0.0,0.0,-0.0,0.0,0.0,0.0,-0.0,0.0,0.36094485086520944,280.09320427140256,799.2,0.0,776.0,1.0,888.0,-689088.0,120,-47.34291688586035,0.0,180,-29.920324214492673,0.0,118,-18.175034571407167,0.0,120,-24.97806532756615,0.0,120,-40.4589347798177,0.0,118,-50.32399248548526,0.0,0.0,0.0,0.0,0.0,-689088.0,-689088.0,776.0,776.0,0.0,0.0,776.0,0.0,0.0,776
0.0,0.0,-0.0,0.0,0.0,0.0,-0.0,0.0,0.36094485086520944,280.09320427140256,799.2,0.0,776.0,1.0,888.0,-689088.0,120,-46.7064497521134,0.0,180,-56.89226854373346,0.0,118,-26.67807306261436,0.0,120,-37.451966288017346,0.0,120,-31.98319249714815,0.0,118,-40.71071856933191,0.0,0.0,0.0,0.0,0.0,-689088.0,-689088.0,776.0,776.0,0.0,0.0,776.0,0.0,0.0,776
0.0,0.0,-0.0,0.0,0.0,0.0,-0.0,0.0,0.36094485086520944,280.09320427140256,799.2,0.0,776.0,1.0,888.0,-689088.0,120,-22.864525390845703,0.0,180,-28.265804216613017,0.0,118,-29.648216584154223,0.0,120,-28.75738828083106,0.0,120,-40.72764638139758,0.0,118,-57.66763819188371,0.0,0.0,0.0,0.0,0.0,-689088.0,-689088.0,776.0,776.0,0.0,0.0,776.0,0.0,0.0,776
0.0,0.0,-0.0,0.0,0.0,0.0,-0.0,0.0,0.36094485086520944,280.09320427140256,799.2,0.0,776.0,1.0,888.0,-689088.0,120,-51.80386770503589,0.0,180,-28.32183722323157,0.0,118,-59.20182500964708,0.0,120,-17.332682951715277,0.0,120,-55.526042911605025,0.0,118,-27.252146332068385,0.0,0.0,0.0,0.0,0.0,-689088.0,-689088.0,776.0,776.0,0.0,0.0,776.0,0.0,0.0,776
0.0,0.0,-0.0,0.0,0.0,0.0,-0.0,0.0,0.36094485086520944,280.09320427140256,799.2,0.0,776.0,1.0,888.0,-689088.0,120,-30.645055781447617,0.0,180,-54.3793441533403,0.0,118,-2.0984333962675095,0.0,120,-10.756468594596953,0.0,120,-12.342108279522295,0.0,118,-55.28109757227943,0.0,0.0,0.0,0.0,0.0,-689088.0,-689088.0,776.0,776.0,0.0,0.0,776.0,0.0,0.0,776
0.0,0.0,-0.0,0.0,0.0,0.0,-0.0,0.0,0.36094485086520944,280.09320427140256,799.2,0.0,776.0,1.0,888.0,-689088.0,120,-5.6457791545883325,0.0,180,-19.686845891555286,0.0,118,-11.88573268881646,0.0,120,-15.303560826193472,0.0,120,-2.1195694953078914,0.0,118,-40.77954308724733,0.0,0.0,0.0,0.0,0.0,-689088.0,-689088.0,776.0,776.0,0.0,0.0,776.0,0.0,0.0,776
0.0,0.0,-0.0,0.0,0.0,0.0,-0.0,0.0,0.36094485086520944,280.09320427140256,799.2,0.0,776.0,1.0,888.0,-689088.0,120,-26.71471793922208,0.0,180,-9.660252969189404,0.0,118,-11.96200612153881,0.0,120,-38.65545203268522,0.0,120,-25.614187229366074,0.0,118,-9.008940416876266,0.0,0.0,0.0,0.0,0.0,-689088.0,-689088.0,776.0,776.0,0.0,0.0,776.0,0.0,0.0,776
0.0,0.0,-0.0,0.0,0.0,0.0,-0.0,0.0,0.36094485086520944,280.09320427140256,799.2,0.0,776.0,1.0,888.0,-689088.0,120,-1.067387099893562,0.0,180,-46.05521539831998,0.0,118,-57.71792483967979,0.0,120,-33.676507467603784,0.0,120,-10.920316770566128,0.0,118,-22.05063678492644,0.0,0.0,0.0,0.0,0.0,-689088.0,-689088.0,776.0,776.0,0.0,0.0,776.0,0.0,0.0,776
409.5428440935237,0.0,-4095.4284409352367,0.0,0.0,0.0,-0.0,0.0,0.36094485086520944,132.22975030549472,799.2,0.0,366.3433623960308,1.0,888.0,-325312.9058076753,120,-14.19025498325855,0.0,180,-47.01083651812958,0.0,118,-45.105179918878356,0.0,120,-29.921501881179264,0.0,120,-17.67819259769689,0.0,118,-48.57546887762849,0.0,0.0,0.113793510445547,0.113793510445547,0.0,-329408.33424861054,-329408.33424861054,776.0,776.0,409.6566376039692,0.0,366.3433623960308,0.0,0.0,776
409.5428440935237,0.0,-4095.4284409352367,0.0,0.0,0.0,-0.0,0.0,0.36094485086520944,132.22975030549472,799.2,0.0,366.3433623960308,1.0,888.0,-325312.9058076753,120,-21.82440438061522,0.0,180,-46.21830284817935,0.0,118,-22.61939246303921,0.0,120,-7.080213067594087,0.0,120,-34.66317540696739,0.0,118,-59.59626140469153,0.0,0.0,0.113793510445547,0.113793510445547,0.0,-329408.33424861054,-329408.33424861054,776.0,776.0,409.6566376039692,0.0,366.3433623960308,0.0,0.0,776
409.5428440935237,0.0,-4095.4284409352367,0.0,0.0,0.0,-0.0,0.0,0.36094485086520944,132.22975030549472,799.2,0.0,366.3433623960308,1.0,888.0,-325312.9058076753,120,-52.54539429941576,0.0,180,-8.071210092498015,0.0,118,-55.4091913523352,0.0,120,-56.23507713095688,0.0,120,-22.83306884901536,0.0,118,-46.38002980007813,0.0,0.0,0.113793510445547,0.113793510445547,0.0,-329408.33424861054,-329408.33424861054,776.0,776.0,409.6566376039692,0.0,366.3433623960308,0.0,0.0,776
409.5428440935237,0.0,-4095.4284409352367,0.0,0.0,0.0,-0.0,0.0,0.36094485086520944,132.22975030549472,799.2,0.0,366.3433623960308,1.0,888.0,-325312.9058076753,120,-11.643613044625766,0.0,180,-36.29999702681452,0.0,118,-14.366103734638742,0.0,120,-41.661152389812386,0.0,120,-55.005657999302684,0.0,118,-23.503177838015976,0.0,0.0,0.113793510445547,0.113793510445547,0.0,-329408.33424861054,-329408.33424861054,776.0,776.0,409.6566376039692,0.0,366.3433623960308,0.0,0.0,776
409.5428440935237,0.0,-4095.4284409352367,0.0,0.0,0.0,-0.0,0.0,0.36094485086520944,132.22975030549472,799.2,0.0,366.3433623960308,1.0,888.0,-325312.9058076753,120,-23.7617407099962,0.0,180,-11.0830190777646,0.0,118,-27.654650566228067,0.0,120,-6.054040352029444,0.0,120,-28.660161316311903,0.0,118,-47.002530810428915,0.0,0.0,0.113793510445547,0.113793510445547,0.0,-329408.33424861054,-329408.33424861054,776.0,776.0,409.6566376039692,0.0,366.3433623960308,0.0,0.0,776
409.5428440935237,0.0,-4095.4284409352367,0.0,0.0,0.0,-0.0,0.0,0.36094485086520944,132.22975030549472,799.2,0.0,366.3433623960308,1.0,888.0,-325312.9058076753,120,-6.529075339155089,0.0,180,-22.559638966302437,0.0,118,-10.7878876007534,0.0,120,-32.18996821329015,0.0,120,-37.2938012757974,0.0,118,-45.93605236762075,0.0,0.0,0.113793510445547,0.113793510445547,0.0,-329408.33424861054,-329408.33424861054,776.0,776.0,409.6566376039692,0.0,366.3433623960308,0.0,0.0,776
963.5687764272542,0.0,-9635.687764272541,187.83650879080722,0.0,0.0,-0.0,0.0,0.36094485086520944,0.0,799.2,0.0,0.0,1.0,888.0,-0.0,120,-5.820178814768071,0.0,180,-4.434580552081213,0.0,118,-7.437791328945417,0.0,120,-38.6836785877664,0.0,120,-7.372429605191055,0.0,118,-20.90440003491336,0.0,0.0,0.267732363553002,0.267732363553002,0.0,-9635.687764272541,-9635.687764272541,963.8365087908072,963.8365087908072,963.8365087908072,0.0,0.0,187.83650879080722,0.0,776
963.5687764272542,0.0,-9635.687764272541,189.83650879080722,169.0528579117265,0.0,-0.0,0.004097953067939944,0.36094485086520944,0.0,799.2,0.0,0.0,1.0,888.0,-0.0,118,-44.789282146690816,0.0,180,-56.788627813650464,0.0,118,-27.438579816344838,0.0,120,-4.977783768426911,0.0,120,-49.99867427099703,0.0,118,-56.10795294282647,0.0,0.0,0.267732363553002,0.267732363553002,0.0,-9635.687764272541,-9635.687764272541,963.8365087908072,963.8365087908072,963.8365087908072,0.0,0.0,189.83650879080722,0.0,774
963.5687764272542,0.0,-9635.687764272541,129.83650879080722,339.90571582345297,0.0,-0.0,0.008239539326193318,0.36094485086520944,0.0,799.2,0.0,0.0,1.0,888.0,-0.0,180,-7.661841486049996,0.0,180,-12.300712256348259,0.0,118,-46.99113739498399,0.0,120,-22.925698356782355,0.0,118,-53.293359045257525,0.0,118,-51.036746232479814,0.0,0.0,0.267732363553002,0.267732363553002,0.0,-9635.687764272541,-9635.687764272541,963.8365087908072,963.8365087908072,963.8365087908072,0.0,0.0,129.83650879080722,0.0,834
963.5687764272542,0.0,-9635.687764272541,129.83650879080722,456.7585737351795,0.0,-0.0,0.011072129875043742,0.36094485086520944,0.0,799.2,0.0,0.0,1.0,888.0,-0.0,180,-12.649123503414275,0.0,180,-25.02786547912369,0.0,118,-22.247477669398855,0.0,120,-13.385678509778554,0.0,118,-9.328770292660568,0.0,118,-38.183838102952606,0.0,0.0,0.267732363553002,0.267732363553002,0.0,-9635.687764272541,-9635.687764272541,963.8365087908072,963.8365087908072,963.8365087908072,0.0,0.0,129.83650879080722,0.0,834
963.5687764272542,0.0,-9635.687764272541,129.83650879080722,573.611431646906,0.0,-0.0,0.013904720423894165,0.36094485086520944,0.0,799.2,0.0,0.0,1.0,888.0,-0.0,180,-49.82149247510412,0.0,180,-41.336654369796896,0.0,118,-26.94366298981858,0.0,120,-47.33718700376772,0.0,118,-52.11138794969159,0.0,118,-32.6034812523419,0.0,0.0,0.267732363553002,0.267732363553002,0.0,-9635.687764272541,-9635.687764272541,963.8365087908072,963.8365087908072,963.8365087908072,0.0,0.0,129.83650879080722,0.0,834
963.5687764272542,0.0,-9635.687764272541,129.83650879080722,690.4642895586325,0.0,-0.0,0.016737310972744588,0.36094485086520944,0.0,799.2,0.0,0.0,1.0,888.0,-0.0,180,-8.28935947974675,0.0,180,-33.89989121594118,0.0,118,-14.800590957277448,0.0,120,-1.0498356550307175,0.0,118,-55.680791824168224,0.0,118,-8.91351943372605,0.0,0.0,0.267732363553002,0.267732363553002,0.0,-9635.687764272541,-9635.687764272541,963.8365087908072,963.8365087908072,963.8365087908072,0.0,0.0,129.83650879080722,0.0,834
1470.2979103777552,0.0,-14702.979103777552,634.7064399444064,807.3171474703589,0.0,-0.0,0.01956990152159501,0.36094485086520944,0.0,799.2,0.0,0.0,1.0,888.0,-0.0,180,-39.89322131867646,0.0,180,-22.941556624775156,0.0,120,-38.233750575856064,0.0,120,-43.2555447072745,0.0,118,-55.608108963175404,0.0,118,-53.69460429819665,0.0,0.0,0.408529566651224,0.408529566651224,0.0,-14702.979103777552,-14702.979103777552,1470.7064399444064,1470.7064399444064,1470.7064399444064,0.0,0.0,634.7064399444064,0.0,836
1470.2979103777552,0.0,-14702.979103777552,634.7064399444064,1378.5529434203247,0.0,-0.0,0.033417034965222525,0.36094485086520944,0.0,799.2,0.0,0.0,1.0,888.0,-0.0,180,-35.47232788309369,0.0,180,-11.702451373893371,0.0,120,-59.24068200304201,0.0,120,-30.945191517788864,0.0,118,-14.884481803927553,0.0,118,-2.748038166808171,0.0,0.0,0.408529566651224,0.408529566651224,0.0,-14702.979103777552,-14702.979103777552,1470.7064399444064,1470.7064399444064,1470.7064399444064,0.0,0.0,634.7064399444064,0.0,836
1470.2979103777552,0.0,-14702.979103777552,634.7064399444064,1949.7887393702904,0.0,-0.0,0.04726416840885003,0.36094485086520944,0.0,799.2,0.0,0.0,1.0,888.0,-0.0,180,-56.889859909050706,0.0,180,-5.093559219688308,0.0,120,-11.299229810861249,0.0,120,-13.650841011173725,0.0,118,-32.98112704204895,0.0,118,-19.908599612986947,0.0,0.0,0.408529566651224,0.408529566651224,0.0,-14702.979103777552,-14702.979103777552,1470.7064399444064,1470.7064399444064,1470.7064399444064,0.0,0.0,634.7064399444064,0.0,836
1470.2979103777552,0.0,-14702.979103777552,634.7064399444064,2521.0245353202563,0.0,-0.0,0.06111130185247755,0.36094485086520944,0.0,799.2,0.0,0.0,1.0,888.0,-0.0,180,-26.34296816065553,0.0,180,-21.317381653547788,0.0,120,-36.05856412832954,0.0,120,-34.51690040617615,0.0,118,-47.12481956224107,0.0,118,-32.2907266130594,0.0,0.0,0.408529566651224,0.408529566651224,0.0,-14702.979103777552,-14702.979103777552,1470.7064399444064,1470.7064399444064,1470.7064399444064,0.0,0.0,634.7064399444064,0.0,836
1470.2979103777552,0.0,-14702.979103777552,634.7064399444064,3092.260331270222,0.0,-0.0,0.07495843529610506,0.36094485086520944,0.0,799.2,0.0,0.0,1.0,888.0,-0.0,180,-5.128331771382149,0.0,180,-22.504186795175155,0.0,120,-58.69840247328091,0.0,120,-58.09615460378352,0.0,118,-17.01880883003572,0.0,118,-24.654458503711986,0.0,0.0,0.408529566651224,0.408529566651224,0.0,-14702.979103777552,-14702.979103777552,1470.7064399444064,1470.7064399444064,1470.7064399444064,0.0,0.0,634.7064399444064,0.0,836
1470.2979103777552,0.0,-14702.979103777552,634.7064399444064,3663.496127220188,0.0,-0.0,0.08880556873973258,0.36094485086520944,0.0,799.2,0.0,0.0,1.0,888.0,-0.0,180,-58.61617671080868,0.0,180,-47.722549328834134,0.0,120,-25.962523993110814,0.0,120,-42.55747502639784,0.0,118,-38.93470326255218,0.0,118,-54.56101018612854,0.0,0.0,0.408529566651224,0.408529566651224,0.0,-14702.979103777552,-14702.979103777552,1470.7064399444064,1470.7064399444064,1470.7064399444064,0.0,0.0,634.7064399444064,0.0,836
1894.9432041159503,0.0,-18949.432041159504,1059.4697234835846,4234.731923170154,0.0,-0.0,0.10265270218336009,0.36094485086520944,0.0,799.2,0.0,0.0,1.0,888.0,-0.0,180,-37.735541516452486,0.0,180,-31.29672142661565,0.0,120,-52.46378601443524,0.0,120,-37.957680982509046,0.0,118,-6.712045823466395,0.0,118,-58.392839173809946,0.0,0.0,0.526519367634329,0.526519367634329,0.0,-18949.432041159504,-18949.432041159504,1895.4697234835846,1895.4697234835846,1895.4697234835846,0.0,0.0,1059.4697234835846,0.0,836
1894.9432041159503,0.0,-18949.432041159504,1059.4697234835846,5188.25467430538,0.0,-0.0,0.12576672422139917,0.36094485086520944,0.0,799.2,0.0,0.0,1.0,888.0,-0.0,180,-50.84447088720472,0.0,180,-23.347352177252073,0.0,120,-36.3672472248666,0.0,120,-43.87194629237183,0.0,118,-51.2496369530703,0.0,118,-20.08770158651813,0.0,0.0,0.526519367634329,0.526519367634329,0.0,-18949.432041159504,-18949.432041159504,1895.4697234835846,1895.4697234835846,1895.4697234835846,0.0,0.0,1059.4697234835846,0.0,836
1894.9432041159503,0.0,-18949.432041159504,1059.4697234835846,6141.777425440606,0.0,-0.0,0.14888074625943823,0.36094485086520944,0.0,799.2,0.0,0.0,1.0,888.0,-0.0,180,-32.00350112209464,0.0,180,-3.296566736290114,0.0,120,-55.200279567888245,0.0,120,-54.55731516395392,0.0,118,-19.349575449191605,0.0,118,-49.433054180819425,0.0,0.0,0.526519367634329,0.526519367634329,0.0,-18949.432041159504,-18949.432041159504,1895.4697234835846,1895.4697234835846,1895.4697234835846,0.0,0.0,1059.4697234835846,0.0,836
1894.9432041159503,0.0,-18949.432041159504,1063.4697234835846,7095.300176575832,0.0,-0.0,0.1719947682974773,0.36094485086520944,0.0,799.2,0.0,0.0,1.0,888.0,-0.0,180,-46.60029165141376,0.0,180,-33.00587621927888,0.0,118,-11.859986951658964,0.0,118,-6.4808579537226985,0.0,118,-26.05981301234706,0.0,118,-10.287829268227334,0.0,0.0,0.526519367634329,0.526519367634329,0.0,-18949.432041159504,-18949.432041159504,1895.4697234835846,1895.4697234835846,1895.4697234835846,0.0,0.0,1063.4697234835846,0.0,832
1894.9432041159503,0.0,-18949.432041159504,1063.4697234835846,8052.422927711058,0.0,-0.0,0.19519605671614326,0.36094485086520944,0.0,799.2,0.0,0.0,1.0,888.0,-0.0,180,-33.61763032923642,0.0,180,-43.311375040214486,0.0,118,-38.49649290924705,0.0,118,-17.22214069758961,0.0,118,-2.0249531175188595,0.0,118,-26.32034528717235,0.0,0.0,0.526519367634329,0.526519367634329,0.0,-18949.432041159504,-18949.432041159504,1895.4697234835846,1895.4697234835846,1895.4697234835846,0.0,0.0,1063.4697234835846,0.0,832
1894.9432041159503,0.0,-18949.432041159504,1063.4697234835846,9009.545678846283,0.0,-0.0,0.21839734513480918,0.36094485086520944,0.0,799.2,0.0,0.0,1.0,888.0,-0.0,180,-55.62178029002327,0.0,180,-22.188905795476405,0.0,118,-35.07756435996251,0.0,118,-36.98759507336908,0.0,118,-36.897479465141124,0.0,118,-9.138549519627915,0.0,0.0,0.526519367634329,0.526519367634329,0.0,-18949.432041159504,-18949.432041159504,1895.4697234835846,1895.4697234835846,1895.4697234835846,0.0,0.0,1063.4697234835846,0.0,832
2130.9739211809997,0.0,-21309.739211809996,1299.5660228540146,9966.66842998151,0.0,-0.0,0.24159863355347513,0.36094485086520944,0.0,799.2,0.0,0.0,1.0,888.0,-0.0,180,-52.744978538281444,0.0,180,-50.02357034506323,0.0,118,-19.791905340243027,0.0,118,-43.202143087736246,0.0,118,-35.50810940733109,0.0,118,-38.39645926291009,0.0,0.0,0.592101673015004,0.592101673015004,0.0,-21309.739211809996,-21309.739211809996,2131.5660228540146,2131.5660228540146,2131.5660228540146,0.0,0.0,1299.5660228540146,0.0,832
2130.9739211809997,0.0,-21309.739211809996,1299.5660228540146,11136.277850550123,0.0,-0.0,0.26995073935350455,0.36094485086520944,0.0,799.2,0.0,0.0,1.0,888.0,-0.0,180,-38.19480835633552,0.0,180,-17.463008191594753,0.0,118,-15.59870754497609,0.0,118,-3.8245806268128346,0.0,118,-5.426265782310356,0.0,118,-10.16152907896829,0.0,0.0,0.592101673015004,0.592101673015004,0.0,-21309.739211809996,-21309.739211809996,2131.5660228540146,2131.5660228540146,2131.5660228540146,0.0,0.0,1299.5660228540146,0.0,832
2130.9739211809997,0.0,-21309.739211809996,1299.5660228540146,12305.887271118736,0.0,-0.0,0.29830284515353395,0.36094485086520944,0.0,799.2,0.0,0.0,1.0,888.0,-0.0,180,-18.072587456619566,0.0,180,-44.01852660130177,0.0,118,-14.199397914274778,0.0,118,-2.155059433997193,0.0,118,-3.149286540363523,0.0,118,-2.6914168219595913,0.0,0.0,0.592101673015004,0.592101673015004,0.0,-21309.739211809996,-21309.739211809996,2131.5660228540146,2131.5660228540146,2131.5660228540146,0.0,0.0,1299.5660228540146,0.0,832
2130.9739211809997,0.0,-21309.739211809996,1299.5660228540146,13475.496691687349,0.0,-0.0,0.32665495095356334,0.36094485086520944,0.0,799.2,0.0,0.0,1.0,888.0,-0.0,180,-35.41668525039037,0.0,180,-29.614811553415112,0.0,118,-13.505431202716165,0.0,118,-48.881842083538366,0.0,118,-12.73578462517283,0.0,118,-18.81749722624431,0.0,0.0,0.592101673015004,0.592101673015004,0.0,-21309.739211809996,-21309.739211809996,2131.5660228540146,2131.5660228540146,2131.5660228540146,0.0,0.0,1299.5660228540146,0.0,832
2130.9739211809997,0.0,-21309.739211809996,1299.5660228540146,14645.106112255962,0.0,-0.0,0.3550070567535928,0.36094485086520944,0.0,799.2,0.0,0.0,1.0,888.0,-0.0,180,-26.785420588785414,0.0,180,-14.636825858768532,0.0,118,-6.607885978511707,0.0,118,-22.01845158084643,0.0,118,-55.27458839674615,0.0,118,-23.609922763024148,0.0,0.0,0.592101673015004,0.592101673015004,0.0,-21309.739211809996,-21309.739211809996,2131.5660228540146,2131.5660228540146,2131.5660228540146,0.0,0.0,1299.5660228540146,0.0,832
2130.9739211809997,0.0,-21309.739211809996,1299.5660228540146,15814.715532824575,0.0,-0.0,0.3833591625536222,0.36094485086520944,0.0,799.2,0.0,0.0,1.0,888.0,-0.0,180,-58.39763020048594,0.0,180,-40.37058902435521,0.0,118,-28.558592050186416,0.0,118,-26.385494088341247,0.0,118,-40.16558471374631,0.0,118,-55.85180421944111,0.0,0.0,0.592101673015004,0.592101673015004,0.0,-21309.739211809996,-21309.739211809996,2131.5660228540146,2131.5660228540146,2131.5660228540146,0.0,0.0,1299.5660228540146,0.0,832
2083.443570571668,0.0,-20834.435705716678,1252.022465701029,16984.32495339319,0.0,-0.0,0.41171126835365157,0.36094485086520944,0.0,799.2,0.0,0.0,1.0,888.0,-0.0,180,-52.62131079249865,0.0,180,-22.604596696560197,0.0,118,-26.337094736304486,0.0,118,-50.636393832852335,0.0,118,-53.89447056321708,0.0,118,-23.96904528200567,0.0,0.0,0.578895129361397,0.578895129361397,0.0,-20834.435705716678,-20834.435705716678,2084.022465701029,2084.022465701029,2084.022465701029,0.0,0.0,1252.022465701029,0.0,832
2083.443570571668,0.0,-20834.435705716678,1252.022465701029,18111.145172524113,0.0,-0.0,0.43902613561496406,0.36094485086520944,0.0,799.2,0.0,0.0,1.0,888.0,-0.0,180,-29.601702023863737,0.0,180,-3.748535363453902,0.0,118,-0.30366341847203104,0.0,118,-44.306244333826726,0.0,118,-16.29652100832159,0.0,118,-19.623009707368,0.0,0.0,0.578895129361397,0.578895129361397,0.0,-20834.435705716678,-20834.435705716678,2084.022465701029,2084.022465701029,2084.022465701029,0.0,0.0,1252.022465701029,0.0,832
2083.443570571668,0.0,-20834.435705716678,1252.022465701029,19237.965391655038,0.0,-0.0,0.46634100287627656,0.36094485086520944,0.0,799.2,0.0,0.0,1.0,888.0,-0.0,180,-1.9203540074017877,0.0,180,-26.89539218139584,0.0,118,-4.850653591698329,0.0,118,-41.14982556114448,0.0,118,-48.86128412905727,0.0,118,-14.257962377315055,0.0,0.0,0.578895129361397,0.578895129361397,0.0,-20834.435705716678,-20834.435705716678,2084.022465701029,2084.022465701029,2084.022465701029,0.0,0.0,1252.022465701029,0.0,832
2083.443570571668,0.0,-20834.435705716678,1190.022465701029,20364.785610785962,0.0,-0.0,0.4936558701375891,0.36094485086520944,0.0,799.2,0.0,0.0,1.0,888.0,-0.0,180,-33.44254382597475,0.0,180,-27.487980142485316,0.0,180,-13.395963872254228,0.0,118,-35.8178821483423,0.0,118,-18.2138774235849,0.0,118,-5.294864988995068,0.0,0.0,0.578895129361397,0.578895129361397,0.0,-20834.435705716678,-20834.435705716678,2084.022465701029,2084.022465701029,2084.022465701029,0.0,0.0,1190.022465701029,0.0,894
2083.443570571668,0.0,-20834.435705716678,1190.022465701029,21435.805829916888,0.0,-0.0,0.5196181084991852,0.36094485086520944,0.0,799.2,0.0,0.0,1.0,888.0,-0.0,180,-36.2182081981439,0.0,180,-6.045587826167196,0.0,180,-45.16934263649116,0.0,118,-23.34052138301861,0.0,118,-6.586342872353324,0.0,118,-57.08179142166866,0.0,0.0,0.578895129361397,0.578895129361397,0.0,-20834.435705716678,-20834.435705716678,2084.022465701029,2084.022465701029,2084.022465701029,0.0,0.0,1190.022465701029,0.0,894
2083.443570571668,0.0,-20834.435705716678,1126.022465701029,22506.826049047813,0.0,-0.0,0.5455803468607814,0.36094485086520944,0.0,799.2,0.0,0.0,1.0,888.0,-0.0,180,-23.722269070993033,0.0,180,-32.38485202700908,0.0,180,-59.844681588550415,0.0,118,-1.784736537615661,0.0,120,-24.410405421411777,0.0,180,-26.54838168452316,0.0,0.0,0.578895129361397,0.578895129361397,0.0,-20834.435705716678,-20834.435705716678,2084.022465701029,2084.022465701029,2084.022465701029,0.0,0.0,1126.022465701029,0.0,958
1755.4188195691052,0.0,-17554.18819569105,859.9065713944924,23520.24626817874,0.0,-0.0,0.5701463231323477,0.36094485086520944,0.0,799.2,0.0,0.0,1.0,888.0,-0.0,180,-19.790908136620523,0.0,180,-39.66120870901039,0.0,180,-53.60963418991688,0.0,118,-35.96766950701258,0.0,120,-2.1883189262583813,0.0,118,-16.034643852878926,0.0,0.0,0.487751825387359,0.487751825387359,0.0,-17554.18819569105,-17554.18819569105,1755.9065713944924,1755.9065713944924,1755.9065713944924,0.0,0.0,859.9065713944924,0.0,896
1755.4188195691052,0.0,-17554.18819569105,859.9065713944924,24294.16218243378,0.0,-0.0,0.5889065566730609,0.36094485086520944,0.0,799.2,0.0,0.0,1.0,888.0,-0.0,180,-27.335546329725293,0.0,180,-21.489023439138276,0.0,180,-49.85084481387371,0.0,118,-14.041632958421042,0.0,120,-47.92737000696212,0.0,118,-24.184311393624075,0.0,0.0,0.487751825387359,0.487751825387359,0.0,-17554.18819569105,-17554.18819569105,1755.9065713944924,1755.9065713944924,1755.9065713944924,0.0,0.0,859.9065713944924,0.0,896
1755.4188195691052,0.0,-17554.18819569105,836.9065713944924,25068.078096688823,0.0,-0.0,0.6076667902137741,0.36094485086520944,0.0,799.2,0.0,0.0,1.0,888.0,-0.0,203,-11.75348904554178,0.0,180,-59.72670478161442,0.0,180,-25.956567822293998,0.0,118,-41.76687078425316,0.0,120,-7.88780695629044,0.0,118,-0.9147680653387091,0.0,0.0,0.487751825387359,0.487751825387359,0.0,-17554.18819569105,-17554.18819569105,1755.9065713944924,1755.9065713944924,1755.9065713944924,0.0,0.0,836.9065713944924,0.0,919
1755.4188195691052,0.0,-17554.18819569105,836.9065713944924,25821.294010943868,0.0,-0.0,0.625925242065883,0.36094485086520944,0.0,799.2,0.0,0.0,1.0,888.0,-0.0,203,-47.07993160405704,0.0,180,-5.082419488195626,0.0,180,-30.581958927670406,0.0,118,-13.428271679805825,0.0,120,-59.60011071989441,0.0,118,-45.98345133298722,0.0,0.0,0.487751825387359,0.487751825387359,0.0,-17554.18819569105,-17554.18819569105,1755.9065713944924,1755.9065713944924,1755.9065713944924,0.0,0.0,836.9065713944924,0.0,919
1755.4188195691052,0.0,-17554.18819569105,836.9065713944924,26574.509925198912,0.0,-0.0,0.6441836939179917,0.36094485086520944,0.0,799.2,0.0,0.0,1.0,888.0,-0.0,203,-52.58596462471307,0.0,180,-59.476500977798445,0.0,180,-49.20849752754249,0.0,118,-20.22258451405126,0.0,120,-11.15157454254551,0.0,118,-58.60353325153314,0.0,0.0,0.487751825387359,0.487751825387359,0.0,-17554.18819569105,-17554.18819569105,1755.9065713944924,1755.9065713944924,1755.9065713944924,0.0,0.0,836.9065713944924,0.0,919
1755.4188195691052,0.0,-17554.18819569105,836.9065713944924,27327.725839453957,0.0,-0.0,0.6624421457701005,0.36094485086520944,0.0,799.2,0.0,0.0,1.0,888.0,-0.0,203,-55.99554462272033,0.0,180,-26.787734615934433,0.0,180,-57.61882859519382,0.0,118,-48.03942178274129,0.0,120,-4.732794776748679,0.0,118,-8.516287172348942,0.0,0.0,0.487751825387359,0.487751825387359,0.0,-17554.18819569105,-17554.18819569105,1755.9065713944924,1755.9065713944924,1755.9065713944924,0.0,0.0,836.9065713944924,0.0,919
1200.3021518617386,0.0,-12003.021518617386,281.6356617677852,28080.941753709,0.0,-0.0,0.6807005976222094,0.36094485086520944,0.0,799.2,0.0,0.0,1.0,888.0,-0.0,203,-4.458682672320675,0.0,180,-32.59518042541008,0.0,180,-46.50999236419268,0.0,118,-11.151920886090448,0.0,120,-26.58521785339558,0.0,118,-50.30633593698129,0.0,0.0,0.333509906046607,0.333509906046607,0.0,-12003.021518617386,-12003.021518617386,1200.6356617677852,1200.6356617677852,1200.6356617677852,0.0,0.0,281.6356617677852,0.0,919
1200.3021518617386,0.0,-12003.021518617386,281.6356617677852,28334.413849300006,0.0,-0.0,0.6868449288366908,0.36094485086520944,0.0,799.2,0.0,0.0,1.0,888.0,-0.0,203,-7.3990300268271625,0.0,180,-8.656113792835994,0.0,180,-39.76577182842383,0.0,118,-32.08845284219711,0.0,120,-59.486187228780075,0.0,118,-47.742795167045706,0.0,0.0,0.333509906046607,0.333509906046607,0.0,-12003.021518617386,-12003.021518617386,1200.6356617677852,1200.6356617677852,1200.6356617677852,0.0,0.0,281.6356617677852,0.0,919
1200.3021518617386,0.0,-12003.021518617386,281.6356617677852,28587.88594489101,0.0,-0.0,0.6929892600511723,0.36094485086520944,0.0,799.2,0.0,0.0,1.0,888.0,-0.0,203,-25.243286412504418,0.0,180,-29.419531966592135,0.0,180,-55.42537596727489,0.0,118,-0.7974344288107571,0.0,120,-17.667748966728418,0.0,118,-54.77563659701578,0.0,0.0,0.333509906046607,0.333509906046607,0.0,-12003.021518617386,-12003.021518617386,1200.6356617677852,1200.6356617677852,1200.6356617677852,0.0,0.0,281.6356617677852,0.0,919
1200.3021518617386,0.0,-12003.021518617386,281.6356617677852,28841.358040482017,0.0,-0.0,0.6991335912656538,0.36094485086520944,0.0,799.2,0.0,0.0,1.0,888.0,-0.0,203,-45.983976039244496,0.0,180,-8.309611723753623,0.0,180,-57.38619327714924,0.0,118,-30.429287228702222,0.0,120,-51.86237339215811,0.0,118,-16.675102524937987,0.0,0.0,0.333509906046607,0.333509906046607,0.0,-12003.021518617386,-12003.021518617386,1200.6356617677852,1200.6356617677852,1200.6356617677852,0.0,0.0,281.6356617677852,0.0,919
1200.3021518617386,0.0,-12003.021518617386,304.6356617677852,29094.830136073022,0.0,-0.0,0.7052779224801353,0.36094485086520944,0.0,799.2,0.0,0.0,1.0,888.0,-0.0,180,-35.20773384754817,0.0,180,-51.32238382450851,0.0,180,-54.80558932936628,0.0,118,-56.157799026472865,0.0,120,-1.7852480979254004,0.0,118,-38.62982907138623,0.0,0.0,0.333509906046607,0.333509906046607,0.0,-12003.021518617386,-12003.021518617386,1200.6356617677852,1200.6356617677852,1200.6356617677852,0.0,0.0,304.6356617677852,0.0,896
1200.3021518617386,0.0,-12003.021518617386,281.6356617677852,29369.002231664028,0.0,-0.0,0.7119240353832212,0.36094485086520944,0.0,799.2,0.0,0.0,1.0,888.0,-0.0,203,-53.04713877611704,0.0,180,-24.96519929338603,0.0,180,-45.76166591435983,0.0,118,-27.04295514653156,0.0,120,-49.37715137269552,0.0,118,-35.6308770380904,0.0,0.0,0.333509906046607,0.333509906046607,0.0,-12003.021518617386,-12003.021518617386,1200.6356617677852,1200.6356617677852,1200.6356617677852,0.0,0.0,281.6356617677852,0.0,919
569.9958663679181,0.0,-5699.958663679181,0.0,29622.474327255033,325.8457574535968,-0.0,0.7180683665977028,0.36094485086520944,0.0,799.2,0.0,0.0,1.0,888.0,-0.0,180,-43.65144487684218,0.0,180,-26.558183401593144,0.0,180,-33.13020471800589,0.0,118,-1.6857806861018654,0.0,120,-4.7485796500118465,0.0,118,-50.304404652723875,0.0,0.0,0.158376178485112,0.158376178485112,0.0,-5699.958663679181,-5699.958663679181,896.0,896.0,570.1542425464032,0.0,325.8457574535968,0.0,0.0,896
569.9958663679181,0.0,-5699.958663679181,0.0,29260.423485639927,325.8457574535968,-0.0,0.709292014778075,0.36094485086520944,0.0,799.2,0.0,0.0,1.0,888.0,-0.0,180,-20.785344907416043,0.0,180,-58.95776361462742,0.0,180,-57.22215299481215,0.0,118,-1.9915327961672857,0.0,120,-12.888145389906633,0.0,118,-32.28740455570011,0.0,0.0,0.158376178485112,0.158376178485112,0.0,-5699.958663679181,-5699.958663679181,896.0,896.0,570.1542425464032,0.0,325.8457574535968,0.0,0.0,896
569.9958663679181,0.0,-5699.958663679181,0.0,28898.37264402482,325.8457574535968,-0.0,0.7005156629584471,0.36094485086520944,0.0,799.2,0.0,0.0,1.0,888.0,-0.0,180,-40.18455665441178,0.0,180,-30.199709005377713,0.0,180,-40.11244377722175,0.0,118,-41.72191840762902,0.0,120,-12.948753633157192,0.0,118,-17.510841445924832,0.0,0.0,0.158376178485112,0.158376178485112,0.0,-5699.958663679181,-5699.958663679181,896.0,896.0,570.1542425464032,0.0,325.8457574535968,0.0,0.0,896
569.9958663679181,0.0,-5699.958663679181,0.0,28536.321802409715,325.8457574535968,-0.0,0.6917393111388194,0.36094485086520944,0.0,799.2,0.0,0.0,1.0,888.0,-0.0,180,-56.334250146389934,0.0,180,-11.52282144451117,0.0,180,-18.86276031281026,0.0,118,-55.87858733777578,0.0,120,-41.94274385019366,0.0,118,-9.331742923693195,0.0,0.0,0.158376178485112,0.158376178485112,0.0,-5699.958663679181,-5699.958663679181,896.0,896.0,570.1542425464032,0.0,325.8457574535968,0.0,0.0,896
569.9958663679181,0.0,-5699.958663679181,0.0,28174.27096079461,325.8457574535968,-0.0,0.6829629593191916,0.36094485086520944,0.0,799.2,0.0,0.0,1.0,888.0,-0.0,180,-50.214500978987296,0.0,180,-45.22256186663373,0.0,180,-27.24556834984924,0.0,118,-48.26098987135758,0.0,120,-51.90614445611969,0.0,118,-17.396813137253506,0.0,0.0,0.158376178485112,0.158376178485112,0.0,-5699.958663679181,-5699.958663679181,896.0,896.0,570.1542425464032,0.0,325.8457574535968,0.0,0.0,896
569.9958663679181,0.0,-5699.958663679181,0.0,27812.220119179503,325.8457574535968,-0.0,0.6741866074995637,0.36094485086520944,0.0,799.2,0.0,0.0,1.0,888.0,-0.0,180,-18.843301681186016,0.0,180,-42.70367641747199,0.0,180,-55.569156566704024,0.0,118,-9.85437339374431,0.0,120,-40.51450204572594,0.0,118,-36.891870549922174,0.0,0.0,0.158376178485112,0.158376178485112,0.0,-5699.958663679181,-5699.958663679181,896.0,896.0,570.1542425464032,0.0,325.8457574535968,0.0,0.0,896
0.0,0.0,-0.0,0.0,27450.169277564397,896.0,-0.0,0.665410255679936,0.36094485086520944,0.0,799.2,0.0,0.0,1.0,888.0,-0.0,180,-36.46892244253985,0.0,180,-48.40894576863018,0.0,180,-7.545273306063156,0.0,118,-1.5455615447367665,0.0,120,-4.570233059680417,0.0,118,-29.607205837209495,0.0,0.0,0.0,0.0,0.0,0.0,0.0,896.0,896.0,0.0,0.0,896.0,0.0,0.0,896
0.0,0.0,-0.0,0.0,26454.613722008842,896.0,-0.0,0.6412773306670749,0.36094485086520944,0.0,799.2,0.0,0.0,1.0,888.0,-0.0,180,-59.46141096482032,0.0,180,-6.956439119161453,0.0,180,-53.59000358076864,0.0,118,-0.2520202792366888,0.0,120,-29.66860993057181,0.0,118,-18.76938614690429,0.0,0.0,0.0,0.0,0.0,0.0,0.0,896.0,896.0,0.0,0.0,896.0,0.0,0.0,896
0.0,0.0,-0.0,0.0,25459.058166453287,898.0,-0.0,0.6171444056542139,0.36094485086520944,0.0,799.2,0.0,0.0,1.0,888.0,-0.0,180,-43.29808327734529,0.0,180,-36.793571541193636,0.0,180,-21.634149185571125,0.0,120,-52.00817957847158,0.0,120,-54.073501976606046,0.0,118,-36.125363568902245,0.0,0.0,0.0,0.0,0.0,0.0,0.0,898.0,898.0,0.0,0.0,898.0,0.0,0.0,898
0.0,0.0,-0.0,0.0,24461.28038867551,898.0,-0.0,0.5929576125051635,0.36094485086520944,0.0,799.2,0.0,0.0,1.0,888.0,-0.0,180,-19.861952171465404,0.0,180,-53.078753433096644,0.0,180,-23.7847319873229,0.0,120,-1.6838776469876593,0.0,120,-39.15944130197658,0.0,118,-47.64556043089063,0.0,0.0,0.0,0.0,0.0,0.0,0.0,898.0,898.0,0.0,0.0,898.0,0.0,0.0,898
0.0,0.0,-0.0,0.0,23463.502610897733,834.0,-0.0,0.5687708193561131,0.36094485086520944,0.0,799.2,0.0,0.0,1.0,888.0,-0.0,118,-25.062067881568897,0.0,180,-51.66914895531047,0.0,180,-51.62489458999755,0.0,120,-12.248223200953117,0.0,118,-38.877846941180266,0.0,118,-50.329775952668044,0.0,0.0,0.0,0.0,0.0,0.0,0.0,834.0,834.0,0.0,0.0,834.0,0.0,0.0,834
0.0,0.0,-0.0,0.0,22536.835944231065,834.0,-0.0,0.5463078065651241,0.36094485086520944,0.0,799.2,0.0,0.0,1.0,888.0,-0.0,118,-46.30554629788126,0.0,180,-55.25677038080811,0.0,180,-19.05404298647763,0.0,120,-56.869762919831786,0.0,118,-16.193775870733077,0.0,118,-57.621577021301135,0.0,0.0,0.0,0.0,0.0,0.0,0.0,834.0,834.0,0.0,0.0,834.0,0.0,0.0,834
0.0,0.0,-0.0,0.0,21610.169277564397,896.0,-0.0,0.5238447937741352,0.36094485086520944,0.0,799.2,0.0,0.0,1.0,888.0,-0.0,180,-36.614977856811514,0.0,180,-35.50725575900092,0.0,180,-14.167714475452872,0.0,120,-11.884889609360322,0.0,118,-55.78056287511937,0.0,118,-38.24930827245729,0.0,0.0,0.0,0.0,0.0,0.0,0.0,896.0,896.0,0.0,0.0,896.0,0.0,0.0,896
0.0,0.0,-0.0,0.0,20614.613722008842,896.0,-0.0,0.49971186876127416,0.36094485086520944,0.0,799.2,0.0,0.0,1.0,888.0,-0.0,180,-1.9891177919409486,0.0,180,-1.6904602620736209,0.0,180,-47.40063642719508,0.0,120,-49.03866617153261,0.0,118,-2.8686985650150842,0.0,118,-3.040728677753195,0.0,0.0,0.0,0.0,0.0,0.0,0.0,896.0,896.0,0.0,0.0,896.0,0.0,0.0,896
0.0,0.0,-0.0,0.0,19619.058166453287,834.0,-0.0,0.47557894374841314,0.36094485086520944,0.0,799.2,0.0,0.0,1.0,888.0,-0.0,118,-40.930303918888924,0.0,180,-41.88725378769853,0.0,180,-52.106616540297686,0.0,120,-10.023779701009312,0.0,118,-35.41811746558334,0.0,118,-23.583282734453498,0.0,0.0,0.0,0.0,0.0,0.0,0.0,834.0,834.0,0.0,0.0,834.0,0.0,0.0,834
0.0,0.0,-0.0,0.0,18692.39149978662,834.0,-0.0,0.4531159309574242,0.36094485086520944,0.0,799.2,0.0,0.0,1.0,888.0,-0.0,118,-9.56132087383481,0.0,180,-4.6863013937270654,0.0,180,-27.04722492150508,0.0,120,-39.432248408896776,0.0,118,-54.439778618406905,0.0,118,-36.37598002507313,0.0,0.0,0.0,0.0,0.0,0.0,0.0,834.0,834.0,0.0,0.0,834.0,0.0,0.0,834
0.0,0.0,-0.0,0.0,17765.72483311995,834.0,-0.0,0.4306529181664352,0.36094485086520944,0.0,799.2,0.0,0.0,1.0,888.0,-0.0,118,-17.95486928105055,0.0,180,-7.312155252089618,0.0,180,-6.0885677799626485,0.0,120,-32.81971506177517,0.0,118,-15.141713107024222,0.0,118,-52.79192055182146,0.0,0.0,0.0,0.0,0.0,0.0,0.0,834.0,834.0,0.0,0.0,834.0,0.0,0.0,834
0.0,0.0,-0.0,0.0,16839.058166453284,834.0,-0.0,0.40818990537544625,0.36094485086520944,0.0,799.2,0.0,0.0,1.0,888.0,-0.0,118,-9.995771733544974,0.0,180,-34.12341286191183,0.0,180,-53.75395767827628,0.0,120,-1.0008078889689065,0.0,118,-45.11240543439414,0.0,118,-3.6963432026317067,0.0,0.0,0.0,0.0,0.0,0.0,0.0,834.0,834.0,0.0,0.0,834.0,0.0,0.0,834
0.0,0.0,-0.0,0.0,15912.391499786618,834.0,-0.0,0.3857268925844573,0.36094485086520944,0.0,799.2,0.0,0.0,1.0,888.0,-0.0,118,-34.78095922674239,0.0,180,-36.88453090476967,0.0,180,-35.844705381301594,0.0,120,-3.6011873364155234,0.0,118,-21.119985202472897,0.0,118,-51.32474429358514,0.0,0.0,0.0,0.0,0.0,0.0,0.0,834.0,834.0,0.0,0.0,834.0,0.0,0.0,834
0.0,0.0,-0.0,0.0,14985.724833119952,834.0,-0.0,0.3632638797934684,0.36094485086520944,0.0,799.2,0.0,0.0,1.0,888.0,-0.0,118,-4.938264156301308,0.0,180,-42.978975046416174,0.0,180,-0.4424042288387864,0.0,120,-27.107021541444233,0.0,118,-33.48850736725286,0.0,118,-15.620806662132436,0.0,0.0,0.0,0.0,0.0,0.0,0.0,834.0,834.0,0.0,0.0,834.0,0.0,0.0,834
0.0,0.0,-0.0,0.0,14059.058166453286,834.0,-0.0,0.34080086700247947,0.36094485086520944,0.0,799.2,0.0,0.0,1.0,888.0,-0.0,118,-41.599891295065405,0.0,180,-23.292329302882376,0.0,180,-55.89473558302976,0.0,120,-19.016895938037617,0.0,118,-59.26576967509422,0.0,118,-36.72425977450737,0.0,0.0,0.0,0.0,0.0,0.0,0.0,834.0,834.0,0.0,0.0,834.0,0.0,0.0,834
0.0,0.0,-0.0,0.0,13132.39149978662,834.0,-0.0,0.3183378542114905,0.36094485086520944,0.0,799.2,0.0,0.0,1.0,888.0,-0.0,118,-16.698428772722767,0.0,180,-27.30490467847182,0.0,180,-4.341321056516727,0.0,120,-26.357701157908988,0.0,118,-23.689570061735992,0.0,118,-6.534389846139623,0.0,0.0,0.0,0.0,0.0,0.0,0.0,834.0,834.0,0.0,0.0,834.0,0.0,0.0,834
0.0,0.0,-0.0,0.0,12205.724833119953,834.0,-0.0,0.29587484142050163,0.36094485086520944,0.0,799.2,0.0,0.0,1.0,888.0,-0.0,118,-13.061516032108472,0.0,180,-52.37852235563721,0.0,180,-53.49856242963,0.0,120,-23.061421998686992,0.0,118,-31.002037143198066,0.0,118,-32.48951034594937,0.0,0.0,0.0,0.0,0.0,0.0,0.0,834.0,834.0,0.0,0.0,834.0,0.0,0.0,834
0.0,0.0,-0.0,0.0,11279.058166453287,834.0,-0.0,0.2734118286295127,0.36094485086520944,0.0,799.2,0.0,0.0,1.0,888.0,-0.0,118,-26.531256056559226,0.0,180,-5.9210015650906715,0.0,180,-35.06489495537112,0.0,120,-30.616004150762606,0.0,118,-56.645776466675066,0.0,118,-33.69431203115656,0.0,0.0,0.0,0.0,0.0,0.0,0.0,834.0,834.0,0.0,0.0,834.0,0.0,0.0,834
0.0,0.0,-0.0,0.0,10352.391499786621,834.0,-0.0,0.2509488158385238,0.36094485086520944,0.0,799.2,0.0,0.0,1.0,888.0,-0.0,118,-54.222513701325255,0.0,180,-23.730669744568328,0.0,180,-7.474269516699228,0.0,120,-6.339231891181532,0.0,118,-49.244712224714505,0.0,118,-22.472971424473023,0.0,0.0,0.0,0.0,0.0,0.0,0.0,834.0,834.0,0.0,0.0,834.0,0.0,0.0,834
0.0,0.0,-0.0,0.0,9425.724833119955,834.0,-0.0,0.22848580304753485,0.36094485086520944,0.0,799.2,0.0,0.0,1.0,888.0,-0.0,118,-25.89854153072817,0.0,180,-40.48992439038162,0.0,180,-34.22564772726013,0.0,120,-52.3592906983978,0.0,118,-22.247151929261474,0.0,118,-45.82756323346891,0.0,0.0,0.0,0.0,0.0,0.0,0.0,834.0,834.0,0.0,0.0,834.0,0.0,0.0,834
0.0,0.0,-0.0,0.0,8499.05816645329,834.0,-0.0,0.20602279025654593,0.36094485086520944,0.0,799.2,0.0,0.0,1.0,888.0,-0.0,118,-6.757856349217379,0.0,180,-26.955237213130733,0.0,180,-5.310643135536795,0.0,120,-48.530415451743956,0.0,118,-47.060915569636805,0.0,118,-34.596476357448324,0.0,0.0,0.0,0.0,0.0,0.0,0.0,834.0,834.0,0.0,0.0,834.0,0.0,0.0,834
0.0,0.0,-0.0,0.0,7572.391499786622,834.0,-0.0,0.183559777465557,0.36094485086520944,0.0,799.2,0.0,0.0,1.0,888.0,-0.0,118,-58.253566198851544,0.0,180,-8.348634691588659,0.0,180,-51.20778042104379,0.0,120,-15.32625450328535,0.0,118,-6.017109950962305,0.0,118,-25.18047184389454,0.0,0.0,0.0,0.0,0.0,0.0,0.0,834.0,834.0,0.0,0.0,834.0,0.0,0.0,834
0.0,0.0,-0.0,0.0,6645.724833119955,834.0,-0.0,0.16109676467456804,0.36094485086520944,0.0,799.2,0.0,0.0,1.0,888.0,-0.0,118,-53.79209562833688,0.0,180,-42.765635012863214,0.0,180,-14.342826954983437,0.0,120,-4.329842011841261,0.0,118,-59.241083466635196,0.0,118,-29.894707510862794,0.0,0.0,0.0,0.0,0.0,0.0,0.0,834.0,834.0,0.0,0.0,834.0,0.0,0.0,834
0.0,0.0,-0.0,0.0,5719.058166453288,772.0,-0.0,0.1386337518835791,0.36094485086520944,0.0,799.2,0.0,0.0,1.0,888.0,-0.0,118,-3.3584750139730524,0.0,180,-22.33685293894547,0.0,118,-0.9558263160942371,0.0,120,-7.865213802503462,0.0,118,-35.29546576281148,0.0,118,-48.32763485600663,0.0,0.0,0.0,0.0,0.0,0.0,0.0,772.0,772.0,0.0,0.0,772.0,0.0,0.0,772
0.0,0.0,-0.0,0.0,4861.280388675511,774.0,-0.0,0.11784065131446224,0.36094485086520944,0.0,799.2,0.0,0.0,1.0,888.0,-0.0,118,-0.5368105745133112,0.0,180,-58.86814186092126,0.0,118,-57.56323425968919,0.0,120,-44.50604859105375,0.0,120,-25.58394470640708,0.0,118,-37.105507714871315,0.0,0.0,0.0,0.0,0.0,0.0,0.0,774.0,774.0,0.0,0.0,774.0,0.0,0.0,774
0.0,0.0,-0.0,0.0,4001.280388675511,772.0,-0.0,0.09699368260915596,0.36094485086520944,0.0,799.2,0.0,0.0,1.0,888.0,-0.0,118,-0.16328376617811058,0.0,180,-17.8622400762708,0.0,118,-7.4059027999968645,0.0,120,-24.944814866430928,0.0,118,-41.53860965619441,0.0,118,-13.187081027205332,0.0,0.0,0.0,0.0,0.0,0.0,0.0,772.0,772.0,0.0,0.0,772.0,0.0,0.0,772
0.0,0.0,-0.0,0.0,3143.502610897733,772.0,-0.0,0.0762005820400391,0.36094485086520944,0.0,799.2,0.0,0.0,1.0,888.0,-0.0,118,-11.779741802204617,0.0,180,-57.21229782729177,0.0,118,-57.03568976585379,0.0,120,-14.3649885530533,0.0,118,-36.40170774841746,0.0,118,-36.73378753777756,0.0,0.0,0.0,0.0,0.0,0.0,0.0,772.0,772.0,0.0,0.0,772.0,0.0,0.0,772
0.0,0.0,-0.0,0.0,2285.7248331199553,772.0,-0.0,0.05540748147092224,0.36094485086520944,0.0,799.2,0.0,0.0,1.0,888.0,-0.0,118,-43.83884397178238,0.0,180,-32.35968031540256,0.0,118,-43.42764947882031,0.0,120,-29.750392675727635,0.0,118,-47.57624851231084,0.0,118,-17.835754459781356,0.0,0.0,0.0,0.0,0.0,0.0,0.0,772.0,772.0,0.0,0.0,772.0,0.0,0.0,772
0.0,0.0,-0.0,0.0,1427.9470553421775,772.0,-0.0,0.03461438090180538,0.36094485086520944,0.0,799.2,0.0,0.0,1.0,888.0,-0.0,118,-22.3748124714064,0.0,180,-56.97727613557651,0.0,118,-6.4492571165365575,0.0,120,-45.69192324238789,0.0,118,-19.901250584337692,0.0,118,-34.97569825316617,0.0,0.0,0.0,0.0,0.0,0.0,0.0,772.0,772.0,0.0,0.0,772.0,0.0,0.0,772
0.0,0.0,-0.0,0.0,570.1692775643997,513.1523498079598,-0.0,0.013821280332688526,0.36094485086520944,93.42972649537585,799.2,0.0,258.8476501920402,1.0,888.0,-229856.71337053168,118,-16.01263099125998,0.0,180,-37.06106574714511,0.0,118,-45.5930493831363,0.0,120,-56.56922724374178,0.0,118,-44.604018167264144,0.0,118,-25.46065678358097,0.0,0.0,0.0,0.0,0.0,-229856.71337053168,-229856.71337053168,772.0,772.0,0.0,0.0,772.0,0.0,0.0,772
0.0,0.0,-0.0,0.0,0.0,0.0,-0.0,0.0,0.36094485086520944,278.6494248679417,799.2,0.0,772.0,1.0,888.0,-685536.0,118,-2.527833537935529,0.0,180,-23.85558986164348,0.0,118,-45.34460285137636,0.0,120,-39.9753475548173,0.0,118,-39.74048096558214,0.0,118,-34.42118113214586,0.0,0.0,0.0,0.0,0.0,-685536.0,-685536.0,772.0,772.0,0.0,0.0,772.0,0.0,0.0,772
0.0,0.0,-0.0,0.0,0.0,0.0,-0.0,0.0,0.36094485086520944,277.92753516621127,799.2,0.0,770.0,1.0,888.0,-683760.0,118,-20.741382959010572,0.0,180,-31.920634607639265,0.0,118,-6.113921719632371,0.0,118,-11.031259040077593,0.0,118,-11.0814761367239,0.0,118,-3.7597915231377854,0.0,0.0,0.0,0.0,0.0,-683760.0,-683760.0,770.0,770.0,0.0,0.0,770.0,0.0,0.0,770
0.0,0.0,-0.0,0.0,0.0,0.0,-0.0,0.0,0.36094485086520944,277.92753516621127,799.2,0.0,770.0,1.0,888.0,-683760.0,118,-16.3138912178255,0.0,180,-13.124478893978226,0.0,118,-25.414230555778254,0.0,118,-33.072074001498144,0.0,118,-20.706556445411653,0.0,118,-50.226077449929775,0.0,0.0,0.0,0.0,0.0,-683760.0,-683760.0,770.0,770.0,0.0,0.0,770.0,0.0,0.0,770
0.0,0.0,-0.0,0.0,0.0,0.0,-0.0,0.0,0.36094485086520944,277.92753516621127,799.2,0.0,770.0,1.0,888.0,-683760.0,118,-47.21499270996941,0.0,180,-51.06907214983282,0.0,118,-33.941942682296485,0.0,118,-22.94380111667277,0.0,118,-0.8314936718136234,0.0,118,-35.95768299578813,0.0,0.0,0.0,0.0,0.0,-683760.0,-683760.0,770.0,770.0,0.0,0.0,770.0,0.0,0.0,770
0.0,0.0,-0.0,0.0,0.0,0.0,-0.0,0.0,0.36094485086520944,277.92753516621127,799.2,0.0,770.0,1.0,888.0,-683760.0,118,-7.048100121192114,0.0,180,-27.71533741869962,0.0,118,-6.5381035166223,0.0,118,-24.161062414128843,0.0,118,-20.849256036925517,0.0,118,-5.7129617404434345,0.0,0.0,0.0,0.0,0.0,-683760.0,-683760.0,770.0,770.0,0.0,0.0,770.0,0.0,0.0,770
0.0,0.0,-0.0,0.0,0.0,0.0,-0.0,0.0,0.36094485086520944,277.92753516621127,799.2,0.0,770.0,1.0,888.0,-683760.0,118,-33.186764276976234,0.0,180,-47.093144936284055,0.0,118,-30.94991514154109,0.0,118,-13.275842538245008,0.0,118,-58.582838884637795,0.0,118,-1.7679684448925381,0.0,0.0,0.0,0.0,0.0,-683760.0,-683760.0,770.0,770.0,0.0,0.0,770.0,0.0,0.0,770
0.0,0.0,-0.0,0.0,0.0,0.0,-0.0,0.0,0.36094485086520944,277.92753516621127,799.2,0.0,770.0,1.0,888.0,-683760.0,118,-8.121214077843703,0.0,180,-1.9013420516315893,0.0,118,-38.6457612951921,0.0,118,-1.1504278161820336,0.0,118,-8.57745429584094,0.0,118,-45.2919790731268,0.0,0.0,0.0,0.0,0.0,-683760.0,-683760.0,770.0,770.0,0.0,0.0,770.0,0.0,0.0,770
0.0,0.0,-0.0,0.0,0.0,0.0,-0.0,0.0,0.36094485086520944,300.3061159198543,799.2,0.0,832.0,1.0,888.0,-738816.0,180,-56.91798567449111,0.0,180,-54.2232760916895,0.0,118,-10.116230466881104,0.0,118,-54.74071491382459,0.0,118,-11.825700678964711,0.0,118,-16.602379037870133,0.0,0.0,0.0,0.0,0.0,-738816.0,-738816.0,832.0,832.0,0.0,0.0,832.0,0.0,0.0,832
0.0,0.0,-0.0,0.0,0.0,0.0,-0.0,0.0,0.36094485086520944,300.3061159198543,799.2,0.0,832.0,1.0,888.0,-738816.0,180,-38.78108339372254,0.0,180,-21.742346910942842,0.0,118,-27.303712026705035,0.0,118,-3.31530259064732,0.0,118,-21.702150217764636,0.0,118,-52.070136255785265,0.0,0.0,0.0,0.0,0.0,-738816.0,-738816.0,832.0,832.0,0.0,0.0,832.0,0.0,0.0,832
0.0,0.0,-0.0,0.0,0.0,0.0,-0.0,0.0,0.36094485086520944,300.3061159198543,799.2,0.0,832.0,1.0,888.0,-738816.0,180,-57.57028372744623,0.0,180,-26.07821183939953,0.0,118,-11.13571815271726,0.0,118,-19.11810294016691,0.0,118,-50.52431133401602,0.0,118,-22.72695786000306,0.0,0.0,0.0,0.0,0.0,-738816.0,-738816.0,832.0,832.0,0.0,0.0,832.0,0.0,0.0,832
0.0,0.0,-0.0,0.0,0.0,0.0,-0.0,0.0,0.36094485086520944,300.3061159198543,799.2,0.0,832.0,1.0,888.0,-738816.0,180,-47.79335404771099,0.0,180,-15.387414994549022,0.0,118,-50.20934413367659,0.0,118,-38.01621319607731,0.0,118,-19.07652807450279,0.0,118,-27.430476448609703,0.0,0.0,0.0,0.0,0.0,-738816.0,-738816.0,832.0,832.0,0.0,0.0,832.0,0.0,0.0,832
0.0,0.0,-0.0,0.0,0.0,0.0,-0.0,0.0,0.36094485086520944,277.92753516621127,799.2,0.0,770.0,1.0,888.0,-683760.0,118,-32.79380641442271,0.0,180,-33.3857873041772,0.0,118,-50.548639806899246,0.0,118,-2.4035538658916655,0.0,118,-10.032998800252352,0.0,118,-36.51173833389575,0.0,0.0,0.0,0.0,0.0,-683760.0,-683760.0,770.0,770.0,0.0,0.0,770.0,0.0,0.0,770
0.0,0.0,-0.0,0.0,0.0,0.0,-0.0,0.0,0.36094485086520944,300.3061159198543,799.2,0.0,832.0,1.0,888.0,-738816.0,180,-37.34312378119844,0.0,180,-17.03835337348717,0.0,118,-29.306034173103942,0.0,118,-56.547506100751725,0.0,118,-19.254894484387243,0.0,118,-36.39285275601285,0.0,0.0,0.0,0.0,0.0,-738816.0,-738816.0,832.0,832.0,0.0,0.0,832.0,0.0,0.0,832
0.0,0.0,-0.0,0.0,0.0,0.0,-0.0,0.0,0.36094485086520944,300.3061159198543,799.2,0.0,832.0,1.0,888.0,-738816.0,180,-38.323639499395185,0.0,180,-3.1556060889324944,0.0,118,-37.94376506152749,0.0,118,-21.905168837887928,0.0,118,-29.67960767286715,0.0,118,-57.79062077452838,0.0,0.0,0.0,0.0,0.0,-738816.0,-738816.0,832.0,832.0,0.0,0.0,832.0,0.0,0.0,832
0.0,0.0,-0.0,0.0,0.0,0.0,-0.0,0.0,0.36094485086520944,300.3061159198543,799.2,0.0,832.0,1.0,888.0,-738816.0,180,-6.08641778933483,0.0,180,-58.736569846396144,0.0,118,-6.273721884190932,0.0,118,-8.533662480580972,0.0,118,-6.105087519661245,0.0,118,-41.185757574940624,0.0,0.0,0.0,0.0,0.0,-738816.0,-738816.0,832.0,832.0,0.0,0.0,832.0,0.0,0.0,832
0.0,0.0,-0.0,0.0,0.0,0.0,-0.0,0.0,0.36094485086520944,300.3061159198543,799.2,0.0,832.0,1.0,888.0,-738816.0,180,-51.52369310542021,0.0,180,-31.08191085575478,0.0,118,-45.694169336010845,0.0,118,-38.76929339697458,0.0,118,-9.14049707930852,0.0,118,-9.64956254705429,0.0,0.0,0.0,0.0,0.0,-738816.0,-738816.0,832.0,832.0,0.0,0.0,832.0,0.0,0.0,832
0.0,0.0,-0.0,0.0,0.0,0.0,-0.0,0.0,0.36094485086520944,300.3061159198543,799.2,0.0,832.0,1.0,888.0,-738816.0,180,-40.40499385706163,0.0,180,-34.92896776923897,0.0,118,-54.1963096166761,0.0,118,-48.65221956153402,0.0,118,-44.8208824047604,0.0,118,-58.49913709384066,0.0,0.0,0.0,0.0,0.0,-738816.0,-738816.0,832.0,832.0,0.0,0.0,832.0,0.0,0.0,832
0.0,0.0,-0.0,0.0,0.0,0.0,-0.0,0.0,0.36094485086520944,301.02800562158467,799.2,0.0,834.0,1.0,888.0,-740592.0,180,-2.3882829363796687,0.0,180,-51.37121131673211,0.0,118,-49.59666557731584,0.0,118,-21.27982341759853,0.0,120,-19.96828251566834,0.0,118,-19.808833773701522,0.0,0.0,0.0,0.0,0.0,-740592.0,-740592.0,834.0,834.0,0.0,0.0,834.0,0.0,0.0,834
0.0,0.0,-0.0,0.0,0.0,0.0,-0.0,0.0,0.36094485086520944,301.02800562158467,799.2,0.0,834.0,1.0,888.0,-740592.0,180,-37.421723248435576,0.0,180,-53.805663167066655,0.0,118,-10.78755949738833,0.0,118,-58.46679092453637,0.0,120,-1.6296318068276427,0.0,118,-34.670000576830766,0.0,0.0,0.0,0.0,0.0,-740592.0,-740592.0,834.0,834.0,0.0,0.0,834.0,0.0,0.0,834
0.0,0.0,-0.0,0.0,0.0,0.0,-0.0,0.0,0.36094485086520944,278.6494248679417,799.2,0.0,772.0,1.0,888.0,-685536.0,118,-11.77477419916113,0.0,180,-58.23192686557094,0.0,118,-25.017061573835612,0.0,118,-15.008238161839342,0.0,120,-0.13238599624890268,0.0,118,-31.321300663474013,0.0,0.0,0.0,0.0,0.0,-685536.0,-685536.0,772.0,772.0,0.0,0.0,772.0,0.0,0.0,772
0.0,0.0,-0.0,0.0,0.0,0.0,-0.0,0.0,0.36094485086520944,278.6494248679417,799.2,0.0,772.0,1.0,888.0,-685536.0,118,-50.82482119297648,0.0,180,-11.711526544078254,0.0,118,-7.673161990361985,0.0,118,-31.892558896988835,0.0,120,-10.568912312651639,0.0,118,-15.851821043445291,0.0,0.0,0.0,0.0,0.0,-685536.0,-685536.0,772.0,772.0,0.0,0.0,772.0,0.0,0.0,772
0.0,0.0,-0.0,0.0,0.0,0.0,-0.0,0.0,0.36094485086520944,278.6494248679417,799.2,0.0,772.0,1.0,888.0,-685536.0,118,-5.474229885026638,0.0,180,-59.49321705396741,0.0,118,-45.43888849071078,0.0,118,-22.44041930295355,0.0,120,-33.98058295457433,0.0,118,-54.80221156747177,0.0,0.0,0.0,0.0,0.0,-685536.0,-685536.0,772.0,772.0,0.0,0.0,772.0,0.0,0.0,772
0.0,0.0,-0.0,0.0,0.0,0.0,-0.0,0.0,0.36094485086520944,278.6494248679417,799.2,0.0,772.0,1.0,888.0,-685536.0,118,-20.97435829512142,0.0,180,-36.40068660838273,0.0,118,-1.8683441929919753,0.0,118,-8.623989364754646,0.0,120,-3.3592862201482454,0.0,118,-3.5332548163157584,0.0,0.0,0.0,0.0,0.0,-685536.0,-685536.0,772.0,772.0,0.0,0.0,772.0,0.0,0.0,772
0.0,0.0,-0.0,0.0,0.0,0.0,-0.0,0.0,0.36094485086520944,278.6494248679417,799.2,0.0,772.0,1.0,888.0,-685536.0,118,-29.339517050059634,0.0,180,-39.78274646097018,0.0,118,-34.18655731292938,0.0,118,-46.390179656241806,0.0,120,-6.567511592968418,0.0,118,-34.97754957130791,0.0,0.0,0.0,0.0,0.0,-685536.0,-685536.0,772.0,772.0,0.0,0.0,772.0,0.0,0.0,772
0.0,0.0,-0.0,0.0,0.0,0.0,-0.0,0.0,0.36094485086520944,278.6494248679417,799.2,0.0,772.0,1.0,888.0,-685536.0,118,-57.63670976860302,0.0,180,-10.59929772362382,0.0,118,-52.91814679370376,0.0,118,-16.208818717964895,0.0,120,-48.027367850341726,0.0,118,-57.91355547566362,0.0,0.0,0.0,0.0,0.0,-685536.0,-685536.0,772.0,772.0,0.0,0.0,772.0,0.0,0.0,772
0.0,0.0,-0.0,0.0,0.0,0.0,-0.0,0.0,0.36094485086520944,278.6494248679417,799.2,0.0,772.0,1.0,888.0,-685536.0,118,-58.18552902795248,0.0,180,-41.945410960897426,0.0,118,-50.33105340870186,0.0,118,-13.658779107548785,0.0,120,-32.86636644306396,0.0,118,-46.78007387499332,0.0,0.0,0.0,0.0,0.0,-685536.0,-685536.0,772.0,772.0,0.0,0.0,772.0,0.0,0.0,772
0.0,0.0,-0.0,0.0,0.0,0.0,-0.0,0.0,0.36094485086520944,278.6494248679417,799.2,0.0,772.0,1.0,888.0,-685536.0,118,-8.213640021667732,0.0,180,-14.472098172000386,0.0,118,-49.44376083306523,0.0,118,-56.57829164423301,0.0,120,-47.889387454459914,0.0,118,-42.514474788446336,0.0,0.0,0.0,0.0,0.0,-685536.0,-685536.0,772.0,772.0,0.0,0.0,772.0,0.0,0.0,772
0.0,0.0,-0.0,0.0,0.0,0.0,-0.0,0.0,0.36094485086520944,278.6494248679417,799.2,0.0,772.0,1.0,888.0,-685536.0,118,-7.684285547634371,0.0,180,-30.278472169755084,0.0,118,-8.420722317829128,0.0,118,-17.01365503796097,0.0,120,-24.23996148530432,0.0,118,-31.99195064889924,0.0,0.0,0.0,0.0,0.0,-685536.0,-685536.0,772.0,772.0,0.0,0.0,772.0,0.0,0.0,772
0.0,0.0,-0.0,0.0,0.0,0.0,-0.0,0.0,0.36094485086520944,278.6494248679417,799.2,0.0,772.0,1.0,888.0,-685536.0,118,-48.6416500699456,0.0,180,-51.04070948716831,0.0,118,-56.98305417864979,0.0,118,-9.472921559807247,0.0,120,-50.037648593288274,0.0,118,-24.79718257909798,0.0,0.0,0.0,0.0,0.0,-685536.0,-685536.0,772.0,772.0,0.0,0.0,772.0,0.0,0.0,772
0.0,0.0,-0.0,0.0,0.0,0.0,-0.0,0.0,0.36094485086520944,278.6494248679417,799.2,0.0,772.0,1.0,888.0,-685536.0,118,-25.424438063542105,0.0,180,-48.23184284181277,0.0,118,-4.721886543904121,0.0,118,-42.65339272992683,0.0,120,-11.530184855752662,0.0,118,-19.919799848867335,0.0,0.0,0.0,0.0,0.0,-685536.0,-685536.0,772.0,772.0,0.0,0.0,772.0,0.0,0.0,772
0.0,0.0,-0.0,0.0,0.0,0.0,-0.0,0.0,0.36094485086520944,278.6494248679417,799.2,0.0,772.0,1.0,888.0,-685536.0,118,-15.788855711806885,0.0,180,-9.555031349349377,0.0,118,-7.338110246233446,0.0,118,-0.44784358604501584,0.0,120,-22.668075889421534,0.0,118,-37.263507875591884,0.0,0.0,0.0,0.0,0.0,-685536.0,-685536.0,772.0,772.0,0.0,0.0,772.0,0.0,0.0,772
0.0,0.0,-0.0,0.0,0.0,0.0,-0.0,0.0,0.36094485086520944,278.6494248679417,799.2,0.0,772.0,1.0,888.0,-685536.0,118,-29.59577026460539,0.0,180,-33.23250214232831,0.0,118,-48.558107576480786,0.0,118,-54.515240782167126,0.0,120,-39.576087786043,0.0,118,-36.63665012223206,0.0,0.0,0.0,0.0,0.0,-685536.0,-685536.0,772.0,772.0,0.0,0.0,772.0,0.0,0.0,772
0.0,0.0,-0.0,0.0,0.0,0.0,-0.0,0.0,0.36094485086520944,301.02800562158467,799.2,0.0,834.0,1.0,888.0,-740592.0,180,-2.0419394829593696,0.0,180,-38.910607363936606,0.0,118,-21.317079976213677,0.0,118,-39.25334717818667,0.0,120,-22.716054572027645,0.0,118,-37.843232749061734,0.0,0.0,0.0,0.0,0.0,-740592.0,-740592.0,834.0,834.0,0.0,0.0,834.0,0.0,0.0,834
0.0,0.0,-0.0,0.0,0.0,0.0,-0.0,0.0,0.36094485086520944,301.02800562158467,799.2,0.0,834.0,1.0,888.0,-740592.0,180,-34.980042211954945,0.0,180,-36.903267694956725,0.0,118,-13.205537583641727,0.0,118,-11.919882086021552,0.0,120,-43.574169665797896,0.0,118,-49.91654033331344,0.0,0.0,0.0,0.0,0.0,-740592.0,-740592.0,834.0,834.0,0.0,0.0,834.0,0.0,0.0,834
0.0,0.0,-0.0,0.0,0.0,0.0,-0.0,0.0,0.36094485086520944,301.02800562158467,799.2,0.0,834.0,1.0,888.0,-740592.0,180,-31.4453651878605,0.0,180,-22.252249509686067,0.0,118,-0.16852389366751597,0.0,118,-37.22367645201237,0.0,120,-51.353843958394044,0.0,118,-10.318267749023402,0.0,0.0,0.0,0.0,0.0,-740592.0,-740592.0,834.0,834.0,0.0,0.0,834.0,0.0,0.0,834
0.0,0.0,-0.0,0.0,0.0,0.0,-0.0,0.0,0.36094485086520944,301.02800562158467,799.2,0.0,834.0,1.0,888.0,-740592.0,180,-17.283271319793368,0.0,180,-21.326545916709275,0.0,118,-11.013728739036202,0.0,118,-33.06133395311743,0.0,120,-6.530345817723797,0.0,118,-0.3095037252724331,0.0,0.0,0.0,0.0,0.0,-740592.0,-740592.0,834.0,834.0,0.0,0.0,834.0,0.0,0.0,834
0.0,0.0,-0.0,0.0,0.0,0.0,-0.0,0.0,0.36094485086520944,301.02800562158467,799.2,0.0,834.0,1.0,888.0,-740592.0,180,-59.52005515394132,0.0,180,-47.951061190808105,0.0,118,-7.92100333247822,0.0,118,-59.86102826507066,0.0,120,-16.643447877186905,0.0,118,-31.460632094746146,0.0,0.0,0.0,0.0,0.0,-740592.0,-740592.0,834.0,834.0,0.0,0.0,834.0,0.0,0.0,834
0.0,0.0,-0.0,0.0,0.0,0.0,-0.0,0.0,0.36094485086520944,301.02800562158467,799.2,0.0,834.0,1.0,888.0,-740592.0,180,-1.365907165883582,0.0,180,-14.776596313197066,0.0,118,-13.466118433773431,0.0,118,-38.796747761033636,0.0,120,-17.271224659267826,0.0,118,-19.150324218262373,0.0,0.0,0.0,0.0,0.0,-740592.0,-740592.0,834.0,834.0,0.0,0.0,834.0,0.0,0.0,834
0.0,0.0,-0.0,0.0,0.0,0.0,-0.0,0.0,0.36094485086520944,301.02800562158467,799.2,0.0,834.0,1.0,888.0,-740592.0,180,-2.5411002556160356,0.0,180,-26.149199635856483,0.0,118,-33.52773932090906,0.0,118,-28.47567208564272,0.0,120,-7.96432642503575,0.0,118,-25.02860512214049,0.0,0.0,0.0,0.0,0.0,-740592.0,-740592.0,834.0,834.0,0.0,0.0,834.0,0.0,0.0,834
0.0,0.0,-0.0,0.0,0.0,0.0,-0.0,0.0,0.36094485086520944,301.02800562158467,799.2,0.0,834.0,1.0,888.0,-740592.0,180,-55.860513208837816,0.0,180,-8.338853695502804,0.0,118,-15.510704963470243,0.0,118,-50.15791904936384,0.0,120,-57.22584782190777,0.0,118,-20.661615195793004,0.0,0.0,0.0,0.0,0.0,-740592.0,-740592.0,834.0,834.0,0.0,0.0,834.0,0.0,0.0,834
0.0,0.0,-0.0,0.0,0.0,0.0,-0.0,0.0,0.36094485086520944,301.02800562158467,799.2,0.0,834.0,1.0,888.0,-740592.0,180,-25.426729363980108,0.0,180,-11.244557691155997,0.0,118,-37.84165173425106,0.0,118,-0.5055202652001256,0.0,120,-3.1503248083362134,0.0,118,-31.76957332517755,0.0,0.0,0.0,0.0,0.0,-740592.0,-740592.0,834.0,834.0,0.0,0.0,834.0,0.0,0.0,834
0.0,0.0,-0.0,0.0,0.0,0.0,-0.0,0.0,0.36094485086520944,301.02800562158467,799.2,0.0,834.0,1.0,888.0,-740592.0,180,-44.4508461950968,0.0,180,-1.6129540347972648,0.0,118,-41.46768857576666,0.0,118,-29.975635991489195,0.0,120,-19.254608504212364,0.0,118,-24.656782597062662,0.0,0.0,0.0,0.0,0.0,-740592.0,-740592.0,834.0,834.0,0.0,0.0,834.0,0.0,0.0,834
0.0,0.0,-0.0,0.0,0.0,0.0,-0.0,0.0,0.36094485086520944,301.02800562158467,799.2,0.0,834.0,1.0,888.0,-740592.0,180,-2.3625017319720154,0.0,180,-49.06092742297203,0.0,118,-50.5625173223469,0.0,118,-28.49989279533867,0.0,120,-24.765442791819893,0.0,118,-36.86027111642972,0.0,0.0,0.0,0.0,0.0,-740592.0,-740592.0,834.0,834.0,0.0,0.0,834.0,0.0,0.0,834
0.0,0.0,-0.0,0.0,0.0,0.0,-0.0,0.0,0.36094485086520944,301.02800562158467,799.2,0.0,834.0,1.0,888.0,-740592.0,180,-28.78572337558663,0.0,180,-55.53074363023094,0.0,118,-23.56891062614831,0.0,118,-16.464515894805835,0.0,120,-13.514266317067996,0.0,118,-18.819238034172983,0.0,0.0,0.0,0.0,0.0,-740592.0,-740592.0,834.0,834.0,0.0,0.0,834.0,0.0,0.0,834
0.0,0.0,-0.0,0.0,0.0,0.0,-0.0,0.0,0.36094485086520944,301.02800562158467,799.2,0.0,834.0,1.0,888.0,-740592.0,180,-54.52274768239895,0.0,180,-55.625553322002744,0.0,118,-17.437377186159544,0.0,118,-36.85924021637925,0.0,120,-54.50761545952215,0.0,118,-14.883297181273322,0.0,0.0,0.0,0.0,0.0,-740592.0,-740592.0,834.0,834.0,0.0,0.0,834.0,0.0,0.0,834
0.0,0.0,-0.0,0.0,0.0,0.0,-0.0,0.0,0.36094485086520944,301.02800562158467,799.2,0.0,834.0,1.0,888.0,-740592.0,180,-49.70808524982873,0.0,180,-37.02174219873627,0.0,118,-28.82131564365529,0.0,118,-57.16276582310123,0.0,120,-3.8616388887007314,0.0,118,-23.239677377489237,0.0,0.0,0.0,0.0,0.0,-740592.0,-740592.0,834.0,834.0,0.0,0.0,834.0,0.0,0.0,834
0.0,0.0,-0.0,0.0,0.0,0.0,-0.0,0.0,0.36094485086520944,301.02800562158467,799.2,0.0,834.0,1.0,888.0,-740592.0,180,-52.935165443585674,0.0,180,-46.26045193221933,0.0,118,-27.31200657325417,0.0,118,-22.424294773188826,0.0,120,-20.69440369967487,0.0,118,-12.435990593394362,0.0,0.0,0.0,0.0,0.0,-740592.0,-740592.0,834.0,834.0,0.0,0.0,834.0,0.0,0.0,834
0.0,0.0,-0.0,0.0,0.0,0.0,-0.0,0.0,0.36094485086520944,301.02800562158467,799.2,0.0,834.0,1.0,888.0,-740592.0,180,-43.65391173804586,0.0,180,-26.44340759975153,0.0,118,-45.00244251528796,0.0,118,-38.5195015843299,0.0,120,-48.93519667305127,0.0,118,-29.140602749731087,0.0,0.0,0.0,0.0,0.0,-740592.0,-740592.0,834.0,834.0,0.0,0.0,834.0,0.0,0.0,834
0.0,0.0,-0.0,0.0,0.0,0.0,-0.0,0.0,0.36094485086520944,301.02800562158467,799.2,0.0,834.0,1.0,888.0,-740592.0,180,-48.71568919130675,0.0,180,-34.449068480794416,0.0,118,-59.10356287553302,0.0,118,-0.6304185090446435,0.0,120,-41.34524062530435,0.0,118,-59.82430185135936,0.0,0.0,0.0,0.0,0.0,-740592.0,-740592.0,834.0,834.0,0.0,0.0,834.0,0.0,0.0,834
0.0,0.0,-0.0,0.0,0.0,0.0,-0.0,0.0,0.36094485086520944,301.02800562158467,799.2,0.0,834.0,1.0,888.0,-740592.0,180,-29.709166659214567,0.0,180,-42.957758433568635,0.0,118,-35.54240904411901,0.0,118,-22.359527456037288,0.0,120,-35.90247790353714,0.0,118,-5.638033522102866,0.0,0.0,0.0,0.0,0.0,-740592.0,-740592.0,834.0,834.0,0.0,0.0,834.0,0.0,0.0,834
0.0,0.0,-0.0,0.0,0.0,0.0,-0.0,0.0,0.36094485086520944,301.02800562158467,799.2,0.0,834.0,1.0,888.0,-740592.0,180,-38.485998779885314,0.0,180,-42.10209592146647,0.0,118,-29.692891628702323,0.0,118,-15.88685904549578,0.0,120,-47.48148981754542,0.0,118,-28.926365382793293,0.0,0.0,0.0,0.0,0.0,-740592.0,-740592.0,834.0,834.0,0.0,0.0,834.0,0.0,0.0,834
0.0,0.0,-0.0,0.0,0.0,0.0,-0.0,0.0,0.36094485086520944,301.02800562158467,799.2,0.0,834.0,1.0,888.0,-740592.0,180,-11.429301104683894,0.0,180,-41.866226649147166,0.0,118,-38.59545245535187,0.0,118,-56.10327119096563,0.0,120,-14.559830956267456,0.0,118,-53.435583153831224,0.0,0.0,0.0,0.0,0.0,-740592.0,-740592.0,834.0,834.0,0.0,0.0,834.0,0.0,0.0,834
0.0,0.0,-0.0,0.0,0.0,0.0,-0.0,0.0,0.36094485086520944,301.7498953233151,799.2,0.0,836.0,1.0,888.0,-742368.0,180,-12.524021642003696,0.0,180,-40.21966162527291,0.0,120,-28.19355250886264,0.0,118,-39.61397924493119,0.0,120,-56.99003223498218,0.0,118,-6.2187994207473345,0.0,0.0,0.0,0.0,0.0,-742368.0,-742368.0,836.0,836.0,0.0,0.0,836.0,0.0,0.0,836
0.0,0.0,-0.0,0.0,0.0,0.0,-0.0,0.0,0.36094485086520944,301.7498953233151,799.2,0.0,836.0,1.0,888.0,-742368.0,180,-38.98386449633924,0.0,180,-43.91267330397145,0.0,120,-12.120335701608415,0.0,118,-6.362270303633741,0.0,120,-14.20655445212394,0.0,118,-43.5012746910332,0.0,0.0,0.0,0.0,0.0,-742368.0,-742368.0,836.0,836.0,0.0,0.0,836.0,0.0,0.0,836
0.0,0.0,-0.0,0.0,0.0,0.0,-0.0,0.0,0.36094485086520944,301.7498953233151,799.2,0.0,836.0,1.0,888.0,-742368.0,180,-48.25697573509036,0.0,180,-8.94268372730604,0.0,120,-48.429194780775184,0.0,118,-34.34240169164056,0.0,120,-30.068739193550634,0.0,118,-1.5925603245770947,0.0,0.0,0.0,0.0,0.0,-742368.0,-742368.0,836.0,836.0,0.0,0.0,836.0,0.0,0.0,836
0.0,0.0,-0.0,0.0,0.0,0.0,-0.0,0.0,0.36094485086520944,301.7498953233151,799.2,0.0,836.0,1.0,888.0,-742368.0,180,-10.016296564722202,0.0,180,-14.973447263517631,0.0,120,-40.696940398486824,0.0,118,-49.08444201694301,0.0,120,-8.701528134757767,0.0,118,-23.320613896406133,0.0,0.0,0.0,0.0,0.0,-742368.0,-742368.0,836.0,836.0,0.0,0.0,836.0,0.0,0.0,836
0.0,0.0,-0.0,0.0,0.0,0.0,-0.0,0.0,0.36094485086520944,279.3713145696721,799.2,0.0,774.0,1.0,888.0,-687312.0,118,-34.37949507019567,0.0,180,-50.0733995913012,0.0,120,-49.198783165193895,0.0,118,-57.292162389935,0.0,120,-4.531958708172496,0.0,118,-10.734581877408807,0.0,0.0,0.0,0.0,0.0,-687312.0,-687312.0,774.0,774.0,0.0,0.0,774.0,0.0,0.0,774
0.0,0.0,-0.0,0.0,0.0,0.0,-0.0,0.0,0.36094485086520944,279.3713145696721,799.2,0.0,774.0,1.0,888.0,-687312.0,118,-35.602760883409765,0.0,180,-52.008680558108246,0.0,120,-55.353373313981194,0.0,118,-1.000737089138355,0.0,120,-24.50335581885289,0.0,118,-39.8109633095916,0.0,0.0,0.0,0.0,0.0,-687312.0,-687312.0,774.0,774.0,0.0,0.0,774.0,0.0,0.0,774
0.0,0.0,-0.0,0.0,0.0,0.0,-0.0,0.0,0.36094485086520944,279.3713145696721,799.2,0.0,774.0,1.0,888.0,-687312.0,118,-10.659812254782132,0.0,180,-8.353490813422217,0.0,120,-15.8193384470344,0.0,118,-26.92951884158161,0.0,120,-22.37350913865622,0.0,118,-58.59446777038114,0.0,0.0,0.0,0.0,0.0,-687312.0,-687312.0,774.0,774.0,0.0,0.0,774.0,0.0,0.0,774
0.0,0.0,-0.0,0.0,0.0,0.0,-0.0,0.0,0.36094485086520944,279.3713145696721,799.2,0.0,774.0,1.0,888.0,-687312.0,118,-29.15157853448648,0.0,180,-26.46365867283762,0.0,120,-47.34221538611832,0.0,118,-20.402316779502673,0.0,120,-3.219758019664256,0.0,118,-18.324568230946458,0.0,0.0,0.0,0.0,0.0,-687312.0,-687312.0,774.0,774.0,0.0,0.0,774.0,0.0,0.0,774
395.65148641226733,0.0,-3956.5148641226733,0.0,0.0,0.0,-0.0,0.0,0.36094485086520944,136.523267799006,799.2,0.0,378.238579859916,1.0,888.0,-335875.8589156054,118,-55.56895092445287,0.0,180,-37.01845056922373,0.0,120,-50.531093445226546,0.0,118,-41.9884071778995,0.0,120,-13.896947168997063,0.0,118,-26.17463799853643,0.0,0.0,0.10993372781669,0.10993372781669,0.0,-339832.3737797281,-339832.3737797281,774.0,774.0,395.761420140084,0.0,378.238579859916,0.0,0.0,774
395.65148641226733,0.0,-3956.5148641226733,0.0,0.0,0.0,-0.0,0.0,0.36094485086520944,136.523267799006,799.2,0.0,378.238579859916,1.0,888.0,-335875.8589156054,118,-55.28743125478109,0.0,180,-10.891511682247913,0.0,120,-55.71708764390516,0.0,118,-36.202657546453466,0.0,120,-23.673141591008637,0.0,118,-7.5976970486566575,0.0,0.0,0.10993372781669,0.10993372781669,0.0,-339832.3737797281,-339832.3737797281,774.0,774.0,395.761420140084,0.0,378.238579859916,0.0,0.0,774
395.65148641226733,0.0,-3956.5148641226733,0.0,0.0,0.0,-0.0,0.0,0.36094485086520944,136.523267799006,799.2,0.0,378.238579859916,1.0,888.0,-335875.8589156054,118,-46.34805315947622,0.0,180,-50.97479637598794,0.0,120,-6.676888196932507,0.0,118,-46.82495421795868,0.0,120,-40.70250216746866,0.0,118,-40.50197447096596,0.0,0.0,0.10993372781669,0.10993372781669,0.0,-339832.3737797281,-339832.3737797281,774.0,774.0,395.761420140084,0.0,378.238579859916,0.0,0.0,774
395.65148641226733,0.0,-3956.5148641226733,0.0,0.0,0.0,-0.0,0.0,0.36094485086520944,136.523267799006,799.2,0.0,378.238579859916,1.0,888.0,-335875.8589156054,118,-15.85037130290371,0.0,180,-33.77050450829473,0.0,120,-10.612471214744147,0.0,118,-35.203599230970276,0.0,120,-16.982291228834942,0.0,118,-5.26243077630173,0.0,0.0,0.10993372781669,0.10993372781669,0.0,-339832.3737797281,-339832.3737797281,774.0,774.0,395.761420140084,0.0,378.238579859916,0.0,0.0,774
395.65148641226733,0.0,-3956.5148641226733,0.0,0.0,0.0,-0.0,0.0,0.36094485086520944,158.90184855264897,799.2,0.0,440.238579859916,1.0,888.0,-390931.8589156054,180,-39.70305218866851,0.0,180,-47.42092686670651,0.0,120,-2.350486484232066,0.0,118,-35.51701972804626,0.0,120,-39.33246575213873,0.0,118,-12.402700220625196,0.0,0.0,0.10993372781669,0.10993372781669,0.0,-394888.3737797281,-394888.3737797281,836.0,836.0,395.761420140084,0.0,440.238579859916,0.0,0.0,836
395.65148641226733,0.0,-3956.5148641226733,0.0,0.0,0.0,-0.0,0.0,0.36094485086520944,158.90184855264897,799.2,0.0,440.238579859916,1.0,888.0,-390931.8589156054,180,-16.22695643867709,0.0,180,-50.14419824363257,0.0,120,-4.165280707705554,0.0,118,-22.373985197097475,0.0,120,-31.253567539178235,0.0,118,-53.03391881895751,0.0,0.0,0.10993372781669,0.10993372781669,0.0,-394888.3737797281,-394888.3737797281,836.0,836.0,395.761420140084,0.0,440.238579859916,0.0,0.0,836
1008.7214347169811,0.0,-10087.214347169811,173.00171297058398,0.0,0.0,-0.0,0.0,0.36094485086520944,0.0,799.2,0.0,0.0,1.0,888.0,-0.0,180,-13.155117178604602,0.0,180,-16.092092850814485,0.0,120,-43.90548744834332,0.0,118,-56.87559945824937,0.0,120,-9.098937082479917,0.0,118,-9.467715502663355,0.0,0.0,0.28027825360294,0.28027825360294,0.0,-10087.214347169811,-10087.214347169811,1009.001712970584,1009.001712970584,1009.001712970584,0.0,0.0,173.00171297058398,0.0,836
1008.7214347169811,0.0,-10087.214347169811,235.00171297058398,155.70154167352558,0.0,-0.0,0.0037743083332975923,0.36094485086520944,0.0,799.2,0.0,0.0,1.0,888.0,-0.0,180,-14.505604574430153,0.0,118,-40.010589993436824,0.0,120,-7.597536193041163,0.0,118,-43.53496275295944,0.0,120,-56.130321583259274,0.0,118,-57.215742757906476,0.0,0.0,0.28027825360294,0.28027825360294,0.0,-10087.214347169811,-10087.214347169811,1009.001712970584,1009.001712970584,1009.001712970584,0.0,0.0,235.00171297058398,0.0,774
1008.7214347169811,0.0,-10087.214347169811,235.00171297058398,367.2030833470512,0.0,-0.0,0.00890124556631157,0.36094485086520944,0.0,799.2,0.0,0.0,1.0,888.0,-0.0,180,-20.78937968907493,0.0,118,-36.85864642414322,0.0,120,-14.470722011472095,0.0,118,-37.656469315536626,0.0,120,-34.07437920868142,0.0,118,-54.61870207754881,0.0,0.0,0.28027825360294,0.28027825360294,0.0,-10087.214347169811,-10087.214347169811,1009.001712970584,1009.001712970584,1009.001712970584,0.0,0.0,235.00171297058398,0.0,774
1008.7214347169811,0.0,-10087.214347169811,235.00171297058398,578.7046250205767,0.0,-0.0,0.014028182799325545,0.36094485086520944,0.0,799.2,0.0,0.0,1.0,888.0,-0.0,180,-44.38870485545138,0.0,118,-36.114704951359855,0.0,120,-44.37156695623834,0.0,118,-1.1587942830975728,0.0,120,-10.305995239166684,0.0,118,-1.5752034611053567,0.0,0.0,0.28027825360294,0.28027825360294,0.0,-10087.214347169811,-10087.214347169811,1009.001712970584,1009.001712970584,1009.001712970584,0.0,0.0,235.00171297058398,0.0,774
1008.7214347169811,0.0,-10087.214347169811,173.00171297058398,790.2061666941023,0.0,-0.0,0.01915512003233952,0.36094485086520944,0.0,799.2,0.0,0.0,1.0,888.0,-0.0,180,-4.921467998519602,0.0,118,-22.602262733857785,0.0,120,-46.08615949188048,0.0,118,-24.54113446699436,0.0,120,-36.05085301754888,0.0,180,-41.70429505412173,0.0,0.0,0.28027825360294,0.28027825360294,0.0,-10087.214347169811,-10087.214347169811,1009.001712970584,1009.001712970584,1009.001712970584,0.0,0.0,173.00171297058398,0.0,836
1008.7214347169811,0.0,-10087.214347169811,173.00171297058398,945.907708367628,0.0,-0.0,0.022929428365637116,0.36094485086520944,0.0,799.2,0.0,0.0,1.0,888.0,-0.0,180,-55.70570180449982,0.0,118,-28.75429496029688,0.0,120,-44.14697626224472,0.0,118,-15.370702126602938,0.0,120,-35.30190563859732,0.0,180,-38.93305471067766,0.0,0.0,0.28027825360294,0.28027825360294,0.0,-10087.214347169811,-10087.214347169811,1009.001712970584,1009.001712970584,1009.001712970584,0.0,0.0,173.00171297058398,0.0,836
1649.6084899729628,0.0,-16496.084899729627,814.0668418734833,1101.6092500411535,0.0,-0.0,0.026703736698934707,0.36094485086520944,0.0,799.2,0.0,0.0,1.0,888.0,-0.0,180,-30.399261756305208,0.0,118,-56.80617514271235,0.0,120,-16.702399594886785,0.0,118,-16.23374280374844,0.0,120,-12.543173492059982,0.0,180,-12.4334312886299,0.0,0.0,0.458351900520412,0.458351900520412,0.0,-16496.084899729627,-16496.084899729627,1650.0668418734833,1650.0668418734833,1650.0668418734833,0.0,0.0,814.0668418734833,0.0,836
1649.6084899729628,0.0,-16496.084899729627,876.0668418734833,1834.2694077272886,0.0,-0.0,0.044463903418594734,0.36094485086520944,0.0,799.2,0.0,0.0,1.0,888.0,-0.0,180,-30.182192976102023,0.0,118,-41.733908893784914,0.0,120,-6.382289828749297,0.0,118,-36.11443578621331,0.0,120,-5.103779486453474,0.0,118,-37.22803012319524,0.0,0.0,0.458351900520412,0.458351900520412,0.0,-16496.084899729627,-16496.084899729627,1650.0668418734833,1650.0668418734833,1650.0668418734833,0.0,0.0,876.0668418734833,0.0,774
1649.6084899729628,0.0,-16496.084899729627,876.0668418734833,2622.7295654134236,0.0,-0.0,0.06357669903797114,0.36094485086520944,0.0,799.2,0.0,0.0,1.0,888.0,-0.0,180,-49.77567140026326,0.0,118,-37.84915130818727,0.0,120,-13.150418352035725,0.0,118,-15.258673914331965,0.0,120,-30.78626162868043,0.0,118,-59.22249436607834,0.0,0.0,0.458351900520412,0.458351900520412,0.0,-16496.084899729627,-16496.084899729627,1650.0668418734833,1650.0668418734833,1650.0668418734833,0.0,0.0,876.0668418734833,0.0,774
1649.6084899729628,0.0,-16496.084899729627,876.0668418734833,3411.1897230995587,0.0,-0.0,0.08268949465734755,0.36094485086520944,0.0,799.2,0.0,0.0,1.0,888.0,-0.0,180,-25.095482350803834,0.0,118,-43.37926075216805,0.0,120,-10.668171362641095,0.0,118,-38.15661336880159,0.0,120,-28.547965739739325,0.0,118,-1.6615241972122874,0.0,0.0,0.458351900520412,0.458351900520412,0.0,-16496.084899729627,-16496.084899729627,1650.0668418734833,1650.0668418734833,1650.0668418734833,0.0,0.0,876.0668418734833,0.0,774
1649.6084899729628,0.0,-16496.084899729627,876.0668418734833,4199.649880785693,0.0,-0.0,0.10180229027672395,0.36094485086520944,0.0,799.2,0.0,0.0,1.0,888.0,-0.0,180,-10.483167352338631,0.0,118,-16.083945972902864,0.0,120,-6.062481182844661,0.0,118,-28.161830090363342,0.0,120,-9.226078690943664,0.0,118,-13.570393739097117,0.0,0.0,0.458351900520412,0.458351900520412,0.0,-16496.084899729627,-16496.084899729627,1650.0668418734833,1650.0668418734833,1650.0668418734833,0.0,0.0,876.0668418734833,0.0,774
1649.6084899729628,0.0,-16496.084899729627,876.0668418734833,4988.110038471828,0.0,-0.0,0.12091508589610037,0.36094485086520944,0.0,799.2,0.0,0.0,1.0,888.0,-0.0,180,-31.476425662165667,0.0,118,-27.75473021215237,0.0,120,-9.470502210813738,0.0,118,-51.933719312442435,0.0,120,-8.223241506730508,0.0,118,-51.65637521682786,0.0,0.0,0.458351900520412,0.458351900520412,0.0,-16496.084899729627,-16496.084899729627,1650.0668418734833,1650.0668418734833,1650.0668418734833,0.0,0.0,876.0668418734833,0.0,774
2119.57238955455,0.0,-21195.723895545503,1348.1613232554546,5776.570196157963,0.0,-0.0,0.14002788151547677,0.36094485086520944,0.0,799.2,0.0,0.0,1.0,888.0,-0.0,180,-59.199403263367074,0.0,118,-15.551421455039407,0.0,120,-13.818285106175558,0.0,118,-48.9989026439144,0.0,118,-51.20834559712406,0.0,118,-5.039030996279741,0.0,0.0,0.588933700904293,0.588933700904293,0.0,-21195.723895545503,-21195.723895545503,2120.1613232554546,2120.1613232554546,2120.1613232554546,0.0,0.0,1348.1613232554546,0.0,772
2119.57238955455,0.0,-21195.723895545503,1348.1613232554546,6989.915387087873,0.0,-0.0,0.1694401713108834,0.36094485086520944,0.0,799.2,0.0,0.0,1.0,888.0,-0.0,180,-15.214321893693704,0.0,118,-1.1332551601999308,0.0,120,-43.8719217438854,0.0,118,-42.9238320166891,0.0,118,-31.02562697790967,0.0,118,-58.42044495060508,0.0,0.0,0.588933700904293,0.588933700904293,0.0,-21195.723895545503,-21195.723895545503,2120.1613232554546,2120.1613232554546,2120.1613232554546,0.0,0.0,1348.1613232554546,0.0,772
2119.57238955455,0.0,-21195.723895545503,1348.1613232554546,8203.260578017782,0.0,-0.0,0.19885246110629,0.36094485086520944,0.0,799.2,0.0,0.0,1.0,888.0,-0.0,180,-18.719792983252546,0.0,118,-48.591707674044386,0.0,120,-57.79398408177141,0.0,118,-36.197970977414016,0.0,118,-53.84757708558768,0.0,118,-48.91162516192816,0.0,0.0,0.588933700904293,0.588933700904293,0.0,-21195.723895545503,-21195.723895545503,2120.1613232554546,2120.1613232554546,2120.1613232554546,0.0,0.0,1348.1613232554546,0.0,772
2119.57238955455,0.0,-21195.723895545503,1348.1613232554546,9416.605768947691,0.0,-0.0,0.22826475090169662,0.36094485086520944,0.0,799.2,0.0,0.0,1.0,888.0,-0.0,180,-22.8768257052899,0.0,118,-56.976910236744715,0.0,120,-12.983427303044444,0.0,118,-58.05558055651748,0.0,118,-28.651900920485502,0.0,118,-49.507530420267415,0.0,0.0,0.588933700904293,0.588933700904293,0.0,-21195.723895545503,-21195.723895545503,2120.1613232554546,2120.1613232554546,2120.1613232554546,0.0,0.0,1348.1613232554546,0.0,772
2119.57238955455,0.0,-21195.723895545503,1348.1613232554546,10629.9509598776,0.0,-0.0,0.25767704069710323,0.36094485086520944,0.0,799.2,0.0,0.0,1.0,888.0,-0.0,180,-33.879273738891364,0.0,118,-28.808523938235755,0.0,120,-58.129635988577675,0.0,118,-26.738223992680588,0.0,118,-6.350328398420357,0.0,118,-40.535227117059655,0.0,0.0,0.588933700904293,0.588933700904293,0.0,-21195.723895545503,-21195.723895545503,2120.1613232554546,2120.1613232554546,2120.1613232554546,0.0,0.0,1348.1613232554546,0.0,772
2119.57238955455,0.0,-21195.723895545503,1348.1613232554546,11843.29615080751,0.0,-0.0,0.28708933049250984,0.36094485086520944,0.0,799.2,0.0,0.0,1.0,888.0,-0.0,180,-17.54381886824074,0.0,118,-6.152002132619769,0.0,120,-36.3423463857629,0.0,118,-39.76271943268592,0.0,118,-29.916422880999246,0.0,118,-42.7318828937878,0.0,0.0,0.588933700904293,0.588933700904293,0.0,-21195.723895545503,-21195.723895545503,2120.1613232554546,2120.1613232554546,2120.1613232554546,0.0,0.0,1348.1613232554546,0.0,772
2355.2771808934613,0.0,-23552.771808934613,1583.9316063396668,13056.641341737419,0.0,-0.0,0.3165016202879165,0.36094485086520944,0.0,799.2,0.0,0.0,1.0,888.0,-0.0,180,-59.35991074666499,0.0,118,-53.359070421182764,0.0,120,-24.230544137962738,0.0,118,-9.265893847149849,0.0,118,-59.19538526482561,0.0,118,-54.95207138058724,0.0,0.0,0.654425446205463,0.654425446205463,0.0,-23552.771808934613,-23552.771808934613,2355.931606339667,2355.931606339667,2355.931606339667,0.0,0.0,1583.9316063396668,0.0,772
2355.2771808934613,0.0,-23552.771808934613,1583.9316063396668,14482.17978744312,0.0,-0.0,0.35105761489935566,0.36094485086520944,0.0,799.2,0.0,0.0,1.0,888.0,-0.0,180,-45.13099774565538,0.0,118,-25.63446615561442,0.0,120,-36.07898944483261,0.0,118,-21.245305605272787,0.0,118,-57.6781907260707,0.0,118,-29.92057007023917,0.0,0.0,0.654425446205463,0.654425446205463,0.0,-23552.771808934613,-23552.771808934613,2355.931606339667,2355.931606339667,2355.931606339667,0.0,0.0,1583.9316063396668,0.0,772
2355.2771808934613,0.0,-23552.771808934613,1583.9316063396668,15907.71823314882,0.0,-0.0,0.3856136095107949,0.36094485086520944,0.0,799.2,0.0,0.0,1.0,888.0,-0.0,180,-43.288136756224375,0.0,118,-1.925949567999532,0.0,120,-25.610087035711555,0.0,118,-45.04697861857062,0.0,118,-11.049614191305144,0.0,118,-58.189524525516276,0.0,0.0,0.654425446205463,0.654425446205463,0.0,-23552.771808934613,-23552.771808934613,2355.931606339667,2355.931606339667,2355.931606339667,0.0,0.0,1583.9316063396668,0.0,772
2355.2771808934613,0.0,-23552.771808934613,1583.9316063396668,17333.25667885452,0.0,-0.0,0.420169604122234,0.36094485086520944,0.0,799.2,0.0,0.0,1.0,888.0,-0.0,180,-51.13135436710934,0.0,118,-5.594315643570205,0.0,120,-52.17719314433727,0.0,118,-40.269860829089495,0.0,118,-54.56283128785293,0.0,118,-15.92636526785646,0.0,0.0,0.654425446205463,0.654425446205463,0.0,-23552.771808934613,-23552.771808934613,2355.931606339667,2355.931606339667,2355.931606339667,0.0,0.0,1583.9316063396668,0.0,772
2355.2771808934613,0.0,-23552.771808934613,1583.9316063396668,18758.79512456022,0.0,-0.0,0.4547255987336732,0.36094485086520944,0.0,799.2,0.0,0.0,1.0,888.0,-0.0,180,-19.377572335893895,0.0,118,-10.915177128736374,0.0,120,-18.63648593068521,0.0,118,-18.023196327612794,0.0,118,-39.69194902317048,0.0,118,-49.84601075586355,0.0,0.0,0.654425446205463,0.654425446205463,0.0,-23552.771808934613,-23552.771808934613,2355.931606339667,2355.931606339667,2355.931606339667,0.0,0.0,1583.9316063396668,0.0,772
2355.2771808934613,0.0,-23552.771808934613,1583.9316063396668,20184.33357026592,0.0,-0.0,0.48928159334511234,0.36094485086520944,0.0,799.2,0.0,0.0,1.0,888.0,-0.0,180,-37.648939880881606,0.0,118,-31.314301300407227,0.0,120,-18.988559982863627,0.0,118,-38.82236557402649,0.0,118,-7.265629441374582,0.0,118,-58.04916114533184,0.0,0.0,0.654425446205463,0.654425446205463,0.0,-23552.771808934613,-23552.771808934613,2355.931606339667,2355.931606339667,2355.931606339667,0.0,0.0,1583.9316063396668,0.0,772
2327.136194079284,0.0,-23271.36194079284,1555.7828004127318,21609.87201597162,0.0,-0.0,0.5238375879565516,0.36094485086520944,0.0,799.2,0.0,0.0,1.0,888.0,-0.0,180,-10.871624611332798,0.0,118,-19.945021787211196,0.0,120,-3.3491628858773304,0.0,118,-35.23589338051618,0.0,118,-5.347785821574935,0.0,118,-31.92882044673653,0.0,0.0,0.646606333447981,0.646606333447981,0.0,-23271.36194079284,-23271.36194079284,2327.782800412732,2327.782800412732,2327.782800412732,0.0,0.0,1555.7828004127318,0.0,772
2327.136194079284,0.0,-23271.36194079284,1555.7828004127318,23010.07653634308,0.0,-0.0,0.5577794714649378,0.36094485086520944,0.0,799.2,0.0,0.0,1.0,888.0,-0.0,180,-13.573975459470356,0.0,118,-39.35158691578104,0.0,120,-15.459835901486292,0.0,118,-53.00909162854078,0.0,118,-15.870523549671613,0.0,118,-35.629531939977085,0.0,0.0,0.646606333447981,0.646606333447981,0.0,-23271.36194079284,-23271.36194079284,2327.782800412732,2327.782800412732,2327.782800412732,0.0,0.0,1555.7828004127318,0.0,772
2327.136194079284,0.0,-23271.36194079284,1555.7828004127318,24410.28105671454,0.0,-0.0,0.5917213549733241,0.36094485086520944,0.0,799.2,0.0,0.0,1.0,888.0,-0.0,180,-36.670488960492484,0.0,118,-19.40980200490943,0.0,120,-23.47597406744345,0.0,118,-17.20075819902235,0.0,118,-52.63137081649454,0.0,118,-31.361992195862893,0.0,0.0,0.646606333447981,0.646606333447981,0.0,-23271.36194079284,-23271.36194079284,2327.782800412732,2327.782800412732,2327.782800412732,0.0,0.0,1555.7828004127318,0.0,772
2327.136194079284,0.0,-23271.36194079284,1555.7828004127318,25810.485577085998,0.0,-0.0,0.6256632384817103,0.36094485086520944,0.0,799.2,0.0,0.0,1.0,888.0,-0.0,180,-35.7723214102772,0.0,118,-19.421163605370666,0.0,120,-39.763920033212095,0.0,118,-5.923447071167207,0.0,118,-20.44049722713173,0.0,118,-55.73787524759965,0.0,0.0,0.646606333447981,0.646606333447981,0.0,-23271.36194079284,-23271.36194079284,2327.782800412732,2327.782800412732,2327.782800412732,0.0,0.0,1555.7828004127318,0.0,772
2327.136194079284,0.0,-23271.36194079284,1555.7828004127318,27210.690097457456,0.0,-0.0,0.6596051219900967,0.36094485086520944,0.0,799.2,0.0,0.0,1.0,888.0,-0.0,180,-23.144523459536764,0.0,118,-21.09546922673061,0.0,120,-7.944676413485315,0.0,118,-1.146375305970968,0.0,118,-47.91268868595747,0.0,118,-23.673502692093894,0.0,0.0,0.646606333447981,0.646606333447981,0.0,-23271.36194079284,-23271.36194079284,2327.782800412732,2327.782800412732,2327.782800412732,0.0,0.0,1555.7828004127318,0.0,772
2327.136194079284,0.0,-23271.36194079284,1555.7828004127318,28610.894617828915,0.0,-0.0,0.6935470054984829,0.36094485086520944,0.0,799.2,0.0,0.0,1.0,888.0,-0.0,180,-35.6111161758748,0.0,118,-35.414567193417525,0.0,120,-15.757289221328737,0.0,118,-13.907696965118866,0.0,118,-21.817306390688522,0.0,118,-47.17941228456903,0.0,0.0,0.646606333447981,0.646606333447981,0.0,-23271.36194079284,-23271.36194079284,2327.782800412732,2327.782800412732,2327.782800412732,0.0,0.0,1555.7828004127318,0.0,772
2054.1557583518525,0.0,-20541.557583518523,1282.7265157173297,30011.099138200374,0.0,-0.0,0.7274888890068691,0.36094485086520944,0.0,799.2,0.0,0.0,1.0,888.0,-0.0,180,-44.63723756024832,0.0,118,-17.62555923679012,0.0,120,-21.391417083161535,0.0,118,-59.037740411389144,0.0,118,-57.17847117478033,0.0,118,-48.44225791140189,0.0,0.0,0.570757365477036,0.570757365477036,0.0,-20541.557583518523,-20541.557583518523,2054.7265157173297,2054.7265157173297,2054.7265157173297,0.0,0.0,1282.7265157173297,0.0,772
2054.1557583518525,0.0,-20541.557583518523,1282.7265157173297,31165.553002345972,0.0,-0.0,0.7554736140970589,0.36094485086520944,0.0,799.2,0.0,0.0,1.0,888.0,-0.0,180,-40.20925033314057,0.0,118,-53.22861067294936,0.0,120,-47.55728044469072,0.0,118,-38.04059670840457,0.0,118,-54.5352739582183,0.0,118,-21.52878706903348,0.0,0.0,0.570757365477036,0.570757365477036,0.0,-20541.557583518523,-20541.557583518523,2054.7265157173297,2054.7265157173297,2054.7265157173297,0.0,0.0,1282.7265157173297,0.0,772
2054.1557583518525,0.0,-20541.557583518523,1282.7265157173297,32320.00686649157,0.0,-0.0,0.7834583391872487,0.36094485086520944,0.0,799.2,0.0,0.0,1.0,888.0,-0.0,180,-57.90571968511832,0.0,118,-14.993715121916578,0.0,120,-41.14621788835264,0.0,118,-43.418138728127445,0.0,118,-6.216429382510002,0.0,118,-50.28635328015384,0.0,0.0,0.570757365477036,0.570757365477036,0.0,-20541.557583518523,-20541.557583518523,2054.7265157173297,2054.7265157173297,2054.7265157173297,0.0,0.0,1282.7265157173297,0.0,772
2054.1557583518525,0.0,-20541.557583518523,1220.7265157173297,33474.46073063717,0.0,-0.0,0.8114430642774385,0.36094485086520944,0.0,799.2,0.0,0.0,1.0,888.0,-0.0,180,-56.71082360613412,0.0,118,-38.8651941792373,0.0,120,-6.125561782319389,0.0,118,-19.73052633213018,0.0,118,-53.98988664720277,0.0,180,-5.824001315153991,0.0,0.0,0.570757365477036,0.570757365477036,0.0,-20541.557583518523,-20541.557583518523,2054.7265157173297,2054.7265157173297,2054.7265157173297,0.0,0.0,1220.7265157173297,0.0,834
2054.1557583518525,0.0,-20541.557583518523,1220.7265157173297,34573.11459478277,0.0,-0.0,0.8380751604679119,0.36094485086520944,0.0,799.2,0.0,0.0,1.0,888.0,-0.0,180,-25.88068067101746,0.0,118,-50.45031398959271,0.0,120,-20.895080486859023,0.0,118,-41.78307696798701,0.0,118,-59.42639877312095,0.0,180,-1.950529626367481,0.0,0.0,0.570757365477036,0.570757365477036,0.0,-20541.557583518523,-20541.557583518523,2054.7265157173297,2054.7265157173297,2054.7265157173297,0.0,0.0,1220.7265157173297,0.0,834
2054.1557583518525,0.0,-20541.557583518523,1220.7265157173297,35671.76845892837,0.0,-0.0,0.8647072566583852,0.36094485086520944,0.0,799.2,0.0,0.0,1.0,888.0,-0.0,180,-47.615621932761684,0.0,118,-34.78599055267976,0.0,120,-4.055216219750211,0.0,118,-9.350160814822761,0.0,118,-52.11825290997831,0.0,180,-31.080115532150547,0.0,0.0,0.570757365477036,0.570757365477036,0.0,-20541.557583518523,-20541.557583518523,2054.7265157173297,2054.7265157173297,2054.7265157173297,0.0,0.0,1220.7265157173297,0.0,834
1497.7122674138466,0.0,-14977.122674138465,664.1284141955675,36770.422323073966,0.0,-0.0,0.8913393528488587,0.36094485086520944,0.0,799.2,0.0,0.0,1.0,888.0,-0.0,180,-25.20323946139056,0.0,118,-11.302850773126742,0.0,120,-20.10863524217278,0.0,118,-3.597260700267777,0.0,118,-49.09457231340268,0.0,180,-52.50310990190924,0.0,0.0,0.416146781720991,0.416146781720991,0.0,-14977.122674138465,-14977.122674138465,1498.1284141955675,1498.1284141955675,1498.1284141955675,0.0,0.0,664.1284141955675,0.0,834
1497.7122674138466,0.0,-14977.122674138465,666.1284141955675,37368.13789584998,0.0,-0.0,0.905828373593435,0.36094485086520944,0.0,799.2,0.0,0.0,1.0,888.0,-0.0,180,-42.84747336790827,0.0,118,-23.790254427472547,0.0,118,-28.496605895392264,0.0,118,-35.73342031789759,0.0,118,-24.449524057156395,0.0,180,-43.96430960710881,0.0,0.0,0.416146781720991,0.416146781720991,0.0,-14977.122674138465,-14977.122674138465,1498.1284141955675,1498.1284141955675,1498.1284141955675,0.0,0.0,666.1284141955675,0.0,832
1497.7122674138466,0.0,-14977.122674138465,666.1284141955675,37967.65346862599,0.0,-0.0,0.920361027528325,0.36094485086520944,0.0,799.2,0.0,0.0,1.0,888.0,-0.0,180,-44.91873239315733,0.0,118,-12.366931459407303,0.0,118,-25.315326079479522,0.0,118,-44.028867783456214,0.0,118,-30.414327447217737,0.0,180,-56.08098405641139,0.0,0.0,0.416146781720991,0.416146781720991,0.0,-14977.122674138465,-14977.122674138465,1498.1284141955675,1498.1284141955675,1498.1284141955675,0.0,0.0,666.1284141955675,0.0,832
1497.7122674138466,0.0,-14977.122674138465,666.1284141955675,38567.169041402005,0.0,-0.0,0.9348936814632149,0.36094485086520944,0.0,799.2,0.0,0.0,1.0,888.0,-0.0,180,-24.82008853590648,0.0,118,-12.528124176497837,0.0,118,-49.162966474494965,0.0,118,-56.45873691298444,0.0,118,-3.0210465337231684,0.0,180,-54.65021608813598,0.0,0.0,0.416146781720991,0.416146781720991,0.0,-14977.122674138465,-14977.122674138465,1498.1284141955675,1498.1284141955675,1498.1284141955675,0.0,0.0,666.1284141955675,0.0,832
1497.7122674138466,0.0,-14977.122674138465,664.1284141955675,39166.68461417802,0.0,-0.0,0.9494263353981048,0.36094485086520944,0.0,799.2,0.0,0.0,1.0,888.0,-0.0,180,-49.11334453282792,0.0,118,-59.950102182722745,0.0,120,-33.81254839990262,0.0,118,-19.584252109919042,0.0,118,-14.11353577866416,0.0,180,-55.36832515032545,0.0,0.0,0.416146781720991,0.416146781720991,0.0,-14977.122674138465,-14977.122674138465,1498.1284141955675,1498.1284141955675,1498.1284141955675,0.0,0.0,664.1284141955675,0.0,834
1497.7122674138466,0.0,-14977.122674138465,664.1284141955675,39764.40018695403,0.0,-0.0,0.9639153561426812,0.36094485086520944,0.0,799.2,0.0,0.0,1.0,888.0,-0.0,180,-44.107642147638195,0.0,118,-23.66872647293087,0.0,120,-5.776081936519892,0.0,118,-56.356456119166566,0.0,118,-11.729906437850826,0.0,180,-52.10971478946017,0.0,0.0,0.416146781720991,0.416146781720991,0.0,-14977.122674138465,-14977.122674138465,1498.1284141955675,1498.1284141955675,1498.1284141955675,0.0,0.0,664.1284141955675,0.0,834
740.2137755676017,0.0,-7402.137755676017,0.0,40362.11575973004,93.58055236361042,-0.0,0.9784043768872577,0.36094485086520944,0.0,799.2,0.0,0.0,1.0,888.0,-0.0,180,-20.289469728122917,0.0,118,-31.18484358459237,0.0,120,-11.657433655340892,0.0,118,-34.49942410477629,0.0,118,-13.374963629569585,0.0,180,-49.2762270262296,0.0,0.0,0.205672068787886,0.205672068787886,0.0,-7402.137755676017,-7402.137755676017,834.0,834.0,740.4194476363896,0.0,93.58055236361042,0.0,0.0,834
740.2137755676017,0.0,-7402.137755676017,0.0,40258.13736821492,93.58055236361042,-0.0,0.9758838719175555,0.36094485086520944,0.0,799.2,0.0,0.0,1.0,888.0,-0.0,180,-28.49050961595313,0.0,118,-10.059159628243282,0.0,120,-20.02594740466798,0.0,118,-39.91867173684287,0.0,118,-45.10670935461303,0.0,180,-17.101181545902893,0.0,0.0,0.205672068787886,0.205672068787886,0.0,-7402.137755676017,-7402.137755676017,834.0,834.0,740.4194476363896,0.0,93.58055236361042,0.0,0.0,834
740.2137755676017,0.0,-7402.137755676017,0.0,40154.1589766998,93.58055236361042,-0.0,0.9733633669478535,0.36094485086520944,0.0,799.2,0.0,0.0,1.0,888.0,-0.0,180,-56.2720263020071,0.0,118,-26.834869490641243,0.0,120,-5.888630924460441,0.0,118,-59.81185874938769,0.0,118,-39.354302811657234,0.0,180,-0.853250120119089,0.0,0.0,0.205672068787886,0.205672068787886,0.0,-7402.137755676017,-7402.137755676017,834.0,834.0,740.4194476363896,0.0,93.58055236361042,0.0,0.0,834
740.2137755676017,0.0,-7402.137755676017,0.0,40050.18058518468,93.58055236361042,-0.0,0.9708428619781514,0.36094485086520944,0.0,799.2,0.0,0.0,1.0,888.0,-0.0,180,-41.79454271506009,0.0,118,-57.176438589207386,0.0,120,-46.08488135163186,0.0,118,-51.03769163226211,0.0,118,-3.8370974237262967,0.0,180,-23.061646614926428,0.0,0.0,0.205672068787886,0.205672068787886,0.0,-7402.137755676017,-7402.137755676017,834.0,834.0,740.4194476363896,0.0,93.58055236361042,0.0,0.0,834
740.2137755676017,0.0,-7402.137755676017,0.0,39946.20219366956,93.58055236361042,-0.0,0.9683223570084494,0.36094485086520944,0.0,799.2,0.0,0.0,1.0,888.0,-0.0,180,-43.792984929624886,0.0,118,-31.611288673524307,0.0,120,-34.84406364051241,0.0,118,-41.682245212718755,0.0,118,-17.735752184315544,0.0,180,-11.68855588454067,0.0,0.0,0.205672068787886,0.205672068787886,0.0,-7402.137755676017,-7402.137755676017,834.0,834.0,740.4194476363896,0.0,93.58055236361042,0.0,0.0,834
740.2137755676017,0.0,-7402.137755676017,0.0,39842.22380215444,93.58055236361042,-0.0,0.9658018520387472,0.36094485086520944,0.0,799.2,0.0,0.0,1.0,888.0,-0.0,180,-52.84361381210161,0.0,118,-56.987102036059206,0.0,120,-52.769507953846805,0.0,118,-51.927355005182505,0.0,118,-31.221298945126758,0.0,180,-2.5103370147512027,0.0,0.0,0.205672068787886,0.205672068787886,0.0,-7402.137755676017,-7402.137755676017,834.0,834.0,740.4194476363896,0.0,93.58055236361042,0.0,0.0,834
0.0,0.0,-0.0,0.0,39738.24541063932,834.0,-0.0,0.9632813470690451,0.36094485086520944,0.0,799.2,0.0,0.0,1.0,888.0,-0.0,180,-30.539359016018103,0.0,118,-53.04799483571213,0.0,120,-17.034811402799725,0.0,118,-47.99111999046805,0.0,118,-6.507954535550957,0.0,180,-28.68087197473375,0.0,0.0,0.0,0.0,0.0,0.0,0.0,834.0,834.0,0.0,0.0,834.0,0.0,0.0,834
0.0,0.0,-0.0,0.0,38811.578743972656,834.0,-0.0,0.9408183342780563,0.36094485086520944,0.0,799.2,0.0,0.0,1.0,888.0,-0.0,180,-49.74624964850561,0.0,118,-5.87053451910174,0.0,120,-6.412582094959028,0.0,118,-21.301035897146793,0.0,118,-47.57903176301579,0.0,180,-29.820417593020164,0.0,0.0,0.0,0.0,0.0,0.0,0.0,834.0,834.0,0.0,0.0,834.0,0.0,0.0,834
0.0,0.0,-0.0,0.0,37884.91207730599,834.0,-0.0,0.9183553214870674,0.36094485086520944,0.0,799.2,0.0,0.0,1.0,888.0,-0.0,180,-34.58034251968467,0.0,118,-7.238949181504044,0.0,120,-46.35531224950002,0.0,118,-37.27274357755078,0.0,118,-17.008148157526165,0.0,180,-56.53979230393011,0.0,0.0,0.0,0.0,0.0,0.0,0.0,834.0,834.0,0.0,0.0,834.0,0.0,0.0,834
0.0,0.0,-0.0,0.0,36958.24541063933,834.0,-0.0,0.8958923086960785,0.36094485086520944,0.0,799.2,0.0,0.0,1.0,888.0,-0.0,180,-8.240454048646193,0.0,118,-35.10072595751917,0.0,120,-0.36760751208223974,0.0,118,-57.54811821530553,0.0,118,-19.022486398938995,0.0,180,-55.26425162901973,0.0,0.0,0.0,0.0,0.0,0.0,0.0,834.0,834.0,0.0,0.0,834.0,0.0,0.0,834
0.0,0.0,-0.0,0.0,36031.57874397266,834.0,-0.0,0.8734292959050897,0.36094485086520944,0.0,799.2,0.0,0.0,1.0,888.0,-0.0,180,-27.171544911156815,0.0,118,-52.22519495013397,0.0,120,-58.35682798205629,0.0,118,-46.57139536281262,0.0,118,-19.942875536322703,0.0,180,-27.423933412713094,0.0,0.0,0.0,0.0,0.0,0.0,0.0,834.0,834.0,0.0,0.0,834.0,0.0,0.0,834
0.0,0.0,-0.0,0.0,35104.912077306,834.0,-0.0,0.8509662831141007,0.36094485086520944,0.0,799.2,0.0,0.0,1.0,888.0,-0.0,180,-30.162905813139172,0.0,118,-34.37163654153296,0.0,120,-26.330892246218994,0.0,118,-59.391888214408425,0.0,118,-16.488705097296833,0.0,180,-21.54327690252018,0.0,0.0,0.0,0.0,0.0,0.0,0.0,834.0,834.0,0.0,0.0,834.0,0.0,0.0,834
0.0,0.0,-0.0,0.0,34178.245410639334,834.0,-0.0,0.8285032703231119,0.36094485086520944,0.0,799.2,0.0,0.0,1.0,888.0,-0.0,180,-42.710406571496826,0.0,118,-54.24612032903237,0.0,120,-28.167093971128068,0.0,118,-25.573784068338984,0.0,118,-38.43840978010271,0.0,180,-17.415748951827236,0.0,0.0,0.0,0.0,0.0,0.0,0.0,834.0,834.0,0.0,0.0,834.0,0.0,0.0,834
0.0,0.0,-0.0,0.0,33251.57874397267,834.0,-0.0,0.806040257532123,0.36094485086520944,0.0,799.2,0.0,0.0,1.0,888.0,-0.0,180,-12.748683759453439,0.0,118,-23.683870494188575,0.0,120,-38.471228073065234,0.0,118,-41.54721340197541,0.0,118,-32.07433147420598,0.0,180,-56.14810308602981,0.0,0.0,0.0,0.0,0.0,0.0,0.0,834.0,834.0,0.0,0.0,834.0,0.0,0.0,834
0.0,0.0,-0.0,0.0,32324.912077306002,834.0,-0.0,0.783577244741134,0.36094485086520944,0.0,799.2,0.0,0.0,1.0,888.0,-0.0,180,-41.214686588961115,0.0,118,-26.12568361165066,0.0,120,-32.51290370617114,0.0,118,-26.739659392361652,0.0,118,-28.975792044373527,0.0,180,-53.4012255988532,0.0,0.0,0.0,0.0,0.0,0.0,0.0,834.0,834.0,0.0,0.0,834.0,0.0,0.0,834
0.0,0.0,-0.0,0.0,31398.245410639334,834.0,-0.0,0.761114231950145,0.36094485086520944,0.0,799.2,0.0,0.0,1.0,888.0,-0.0,180,-41.46169207896798,0.0,118,-15.598416921701496,0.0,120,-30.781449484856402,0.0,118,-33.647873519842406,0.0,118,-39.79873630419426,0.0,180,-12.87875211023019,0.0,0.0,0.0,0.0,0.0,0.0,0.0,834.0,834.0,0.0,0.0,834.0,0.0,0.0,834
0.0,0.0,-0.0,0.0,30471.578743972666,834.0,-0.0,0.7386512191591561,0.36094485086520944,0.0,799.2,0.0,0.0,1.0,888.0,-0.0,180,-55.42738802368436,0.0,118,-27.46402061293082,0.0,120,-20.54309728084448,0.0,118,-59.425309173463425,0.0,118,-43.01225391652118,0.0,180,-5.651065168798974,0.0,0.0,0.0,0.0,0.0,0.0,0.0,834.0,834.0,0.0,0.0,834.0,0.0,0.0,834
0.0,0.0,-0.0,0.0,29544.912077306,834.0,-0.0,0.7161882063681672,0.36094485086520944,0.0,799.2,0.0,0.0,1.0,888.0,-0.0,180,-30.58777671027705,0.0,118,-59.063445613729705,0.0,120,-39.25895752110153,0.0,118,-53.70248276270555,0.0,118,-33.042194357324846,0.0,180,-7.818834914178126,0.0,0.0,0.0,0.0,0.0,0.0,0.0,834.0,834.0,0.0,0.0,834.0,0.0,0.0,834
0.0,0.0,-0.0,0.0,28618.24541063933,832.0,-0.0,0.6937251935771782,0.36094485086520944,0.0,799.2,0.0,0.0,1.0,888.0,-0.0,180,-37.03828391338614,0.0,118,-27.22832265366058,0.0,118,-49.11405862132286,0.0,118,-18.22286180778899,0.0,118,-22.290472353464367,0.0,180,-57.91395036421259,0.0,0.0,0.0,0.0,0.0,0.0,0.0,832.0,832.0,0.0,0.0,832.0,0.0,0.0,832
0.0,0.0,-0.0,0.0,27693.800966194885,894.0,-0.0,0.6713160489223786,0.36094485086520944,0.0,799.2,0.0,0.0,1.0,888.0,-0.0,180,-5.346881752559631,0.0,118,-46.07211541108299,0.0,118,-52.16855288439998,0.0,180,-51.283657598447334,0.0,118,-14.176251074107714,0.0,180,-11.636870669039283,0.0,0.0,0.0,0.0,0.0,0.0,0.0,894.0,894.0,0.0,0.0,894.0,0.0,0.0,894
0.0,0.0,-0.0,0.0,26700.467632861553,894.0,-0.0,0.6472369920457071,0.36094485086520944,0.0,799.2,0.0,0.0,1.0,888.0,-0.0,180,-14.764358961048325,0.0,118,-25.0916860356376,0.0,118,-15.653194702005667,0.0,180,-55.39206060471925,0.0,118,-42.130346411396594,0.0,180,-29.56088947820404,0.0,0.0,0.0,0.0,0.0,0.0,0.0,894.0,894.0,0.0,0.0,894.0,0.0,0.0,894
0.0,0.0,-0.0,0.0,25707.13429952822,894.0,-0.0,0.6231579351690355,0.36094485086520944,0.0,799.2,0.0,0.0,1.0,888.0,-0.0,180,-17.73521440127942,0.0,118,-10.540689967653357,0.0,118,-12.908410433838819,0.0,180,-15.507202515828824,0.0,118,-47.44889624008954,0.0,180,-57.60717374277356,0.0,0.0,0.0,0.0,0.0,0.0,0.0,894.0,894.0,0.0,0.0,894.0,0.0,0.0,894
0.0,0.0,-0.0,0.0,24713.80096619489,894.0,-0.0,0.599078878292364,0.36094485086520944,0.0,799.2,0.0,0.0,1.0,888.0,-0.0,180,-40.10411487586451,0.0,118,-26.2445452733227,0.0,118,-42.442476560032816,0.0,180,-10.960882240769045,0.0,118,-8.459686960163102,0.0,180,-33.133453440170484,0.0,0.0,0.0,0.0,0.0,0.0,0.0,894.0,894.0,0.0,0.0,894.0,0.0,0.0,894
0.0,0.0,-0.0,0.0,23720.467632861557,894.0,-0.0,0.5749998214156924,0.36094485086520944,0.0,799.2,0.0,0.0,1.0,888.0,-0.0,180,-36.47103895784087,0.0,118,-1.0263550648196662,0.0,118,-0.03329996687809311,0.0,180,-24.052045354753343,0.0,118,-14.406219850603573,0.0,180,-24.863639311915353,0.0,0.0,0.0,0.0,0.0,0.0,0.0,894.0,894.0,0.0,0.0,894.0,0.0,0.0,894
0.0,0.0,-0.0,0.0,22727.134299528225,894.0,-0.0,0.5509207645390208,0.36094485086520944,0.0,799.2,0.0,0.0,1.0,888.0,-0.0,180,-53.09428406818944,0.0,118,-55.35667056948944,0.0,118,-1.5290809426259733,0.0,180,-45.513936315665795,0.0,118,-12.042549510626209,0.0,180,-39.26557615853814,0.0,0.0,0.0,0.0,0.0,0.0,0.0,894.0,894.0,0.0,0.0,894.0,0.0,0.0,894
0.0,0.0,-0.0,0.0,21733.800966194893,956.0,-0.0,0.5268417076623493,0.36094485086520944,0.0,799.2,0.0,0.0,1.0,888.0,-0.0,180,-24.960786312989015,0.0,118,-15.526587541013797,0.0,118,-8.639771533354546,0.0,180,-42.32267364100519,0.0,180,-46.50919479640763,0.0,180,-42.184905889152965,0.0,0.0,0.0,0.0,0.0,0.0,0.0,956.0,956.0,0.0,0.0,956.0,0.0,0.0,956
0.0,0.0,-0.0,0.0,20671.57874397267,956.0,-0.0,0.5010927385638055,0.36094485086520944,0.0,799.2,0.0,0.0,1.0,888.0,-0.0,180,-38.77537598516608,0.0,118,-38.759074925716206,0.0,118,-17.051089086515397,0.0,180,-28.029788918847455,0.0,180,-41.15153922804651,0.0,180,-15.472079365957807,0.0,0.0,0.0,0.0,0.0,0.0,0.0,956.0,956.0,0.0,0.0,956.0,0.0,0.0,956
0.0,0.0,-0.0,0.0,19609.356521750447,956.0,-0.0,0.47534376946526186,0.36094485086520944,0.0,799.2,0.0,0.0,1.0,888.0,-0.0,180,-28.551255000879898,0.0,118,-22.13511591993396,0.0,118,-55.69579464144668,0.0,180,-14.424792601096911,0.0,180,-30.650799655520082,0.0,180,-58.23923461901106,0.0,0.0,0.0,0.0,0.0,0.0,0.0,956.0,956.0,0.0,0.0,956.0,0.0,0.0,956
0.0,0.0,-0.0,0.0,18547.134299528225,956.0,-0.0,0.4495948003667182,0.36094485086520944,0.0,799.2,0.0,0.0,1.0,888.0,-0.0,180,-20.647324930954895,0.0,118,-10.313243362314278,0.0,118,-30.170063119228825,0.0,180,-37.3462734668684,0.0,180,-32.34235900498173,0.0,180,-28.34070910692446,0.0,0.0,0.0,0.0,0.0,0.0,0.0,956.0,956.0,0.0,0.0,956.0,0.0,0.0,956
0.0,0.0,-0.0,0.0,17484.912077306002,956.0,-0.0,0.4238458312681745,0.36094485086520944,0.0,799.2,0.0,0.0,1.0,888.0,-0.0,180,-46.85758000776937,0.0,118,-3.4248970054187255,0.0,118,-28.179115467387554,0.0,180,-34.07733542946528,0.0,180,-34.08809834026394,0.0,180,-25.502134440669806,0.0,0.0,0.0,0.0,0.0,0.0,0.0,956.0,956.0,0.0,0.0,956.0,0.0,0.0,956
0.0,0.0,-0.0,0.0,16422.68985508378,956.0,-0.0,0.3980968621696308,0.36094485086520944,0.0,799.2,0.0,0.0,1.0,888.0,-0.0,180,-40.53007498197457,0.0,118,-9.616117153777173,0.0,118,-16.46963973352552,0.0,180,-55.83096257737596,0.0,180,-3.194888763423478,0.0,180,-55.2832127008167,0.0,0.0,0.0,0.0,0.0,0.0,0.0,956.0,956.0,0.0,0.0,956.0,0.0,0.0,956
0.0,0.0,-0.0,0.0,15360.467632861557,956.0,-0.0,0.3723478930710871,0.36094485086520944,0.0,799.2,0.0,0.0,1.0,888.0,-0.0,180,-22.5496679098761,0.0,118,-40.380711961694566,0.0,118,-56.04486355696312,0.0,180,-40.50740118987235,0.0,180,-32.174314074449775,0.0,180,-2.925177897080151,0.0,0.0,0.0,0.0,0.0,0.0,0.0,956.0,956.0,0.0,0.0,956.0,0.0,0.0,956
0.0,0.0,-0.0,0.0,14298.245410639334,956.0,-0.0,0.34659892397254344,0.36094485086520944,0.0,799.2,0.0,0.0,1.0,888.0,-0.0,180,-59.577203198220694,0.0,118,-2.1167565938061528,0.0,118,-17.641695060540464,0.0,180,-1.6541673000943424,0.0,180,-44.319223563199245,0.0,180,-26.981917963088335,0.0,0.0,0.0,0.0,0.0,0.0,0.0,956.0,956.0,0.0,0.0,956.0,0.0,0.0,956
0.0,0.0,-0.0,0.0,13236.023188417112,956.0,-0.0,0.32084995487399975,0.36094485086520944,0.0,799.2,0.0,0.0,1.0,888.0,-0.0,180,-38.53415916963438,0.0,118,-32.39465275216656,0.0,118,-35.03546209067054,0.0,180,-56.9246569251476,0.0,180,-41.62582572668526,0.0,180,-0.03178705551304617,0.0,0.0,0.0,0.0,0.0,0.0,0.0,956.0,956.0,0.0,0.0,956.0,0.0,0.0,956
0.0,0.0,-0.0,0.0,12173.800966194889,956.0,-0.0,0.29510098577545607,0.36094485086520944,0.0,799.2,0.0,0.0,1.0,888.0,-0.0,180,-49.426425177313064,0.0,118,-6.943802073225804,0.0,118,-59.69407334196646,0.0,180,-27.0244896481984,0.0,180,-14.487259642768828,0.0,180,-55.627128748691554,0.0,0.0,0.0,0.0,0.0,0.0,0.0,956.0,956.0,0.0,0.0,956.0,0.0,0.0,956
0.0,0.0,-0.0,0.0,11111.578743972666,956.0,-0.0,0.2693520166769124,0.36094485086520944,0.0,799.2,0.0,0.0,1.0,888.0,-0.0,180,-29.459492606735736,0.0,118,-50.451117187277454,0.0,118,-16.481818509022105,0.0,180,-18.430854291788506,0.0,180,-4.322263024399964,0.0,180,-19.997974350386464,0.0,0.0,0.0,0.0,0.0,0.0,0.0,956.0,956.0,0.0,0.0,956.0,0.0,0.0,956
0.0,0.0,-0.0,0.0,10049.356521750444,956.0,-0.0,0.2436030475783687,0.36094485086520944,0.0,799.2,0.0,0.0,1.0,888.0,-0.0,180,-13.142606464089372,0.0,118,-1.0153001362665481,0.0,118,-46.22312402142316,0.0,180,-10.197584373270317,0.0,180,-19.431302020114614,0.0,180,-47.939378509171895,0.0,0.0,0.0,0.0,0.0,0.0,0.0,956.0,956.0,0.0,0.0,956.0,0.0,0.0,956
0.0,0.0,-0.0,0.0,8987.134299528221,956.0,-0.0,0.21785407847982502,0.36094485086520944,0.0,799.2,0.0,0.0,1.0,888.0,-0.0,180,-38.96797220276336,0.0,118,-36.16848148479686,0.0,118,-22.236189658052265,0.0,180,-38.95391810283111,0.0,180,-35.54981545301509,0.0,180,-56.48971694273607,0.0,0.0,0.0,0.0,0.0,0.0,0.0,956.0,956.0,0.0,0.0,956.0,0.0,0.0,956
0.0,0.0,-0.0,0.0,7924.9120773059985,894.0,-0.0,0.19210510938128134,0.36094485086520944,0.0,799.2,0.0,0.0,1.0,888.0,-0.0,180,-54.98460373587752,0.0,118,-46.477812788668025,0.0,118,-48.671335296249424,0.0,118,-18.855984093591147,0.0,180,-10.815288138052932,0.0,180,-39.96968860290256,0.0,0.0,0.0,0.0,0.0,0.0,0.0,894.0,894.0,0.0,0.0,894.0,0.0,0.0,894
0.0,0.0,-0.0,0.0,6931.5787439726655,894.0,-0.0,0.16802605250460972,0.36094485086520944,0.0,799.2,0.0,0.0,1.0,888.0,-0.0,180,-20.78469681251044,0.0,118,-49.487051761059504,0.0,118,-27.135229726949504,0.0,118,-35.54304783264343,0.0,180,-58.35953569140963,0.0,180,-25.48989378122628,0.0,0.0,0.0,0.0,0.0,0.0,0.0,894.0,894.0,0.0,0.0,894.0,0.0,0.0,894
0.0,0.0,-0.0,0.0,5938.2454106393325,894.0,-0.0,0.14394699562793814,0.36094485086520944,0.0,799.2,0.0,0.0,1.0,888.0,-0.0,180,-21.013037448868516,0.0,118,-24.510620597510293,0.0,118,-5.495488664221462,0.0,118,-30.281602182855124,0.0,180,-52.33226703517077,0.0,180,-10.667465824908437,0.0,0.0,0.0,0.0,0.0,0.0,0.0,894.0,894.0,0.0,0.0,894.0,0.0,0.0,894
0.0,0.0,-0.0,0.0,4944.912077305999,894.0,-0.0,0.11986793875126656,0.36094485086520944,0.0,799.2,0.0,0.0,1.0,888.0,-0.0,180,-26.426914966409218,0.0,118,-33.444469751109985,0.0,118,-15.2530028771121,0.0,118,-40.19695540743418,0.0,180,-50.81105820675761,0.0,180,-10.553215087677758,0.0,0.0,0.0,0.0,0.0,0.0,0.0,894.0,894.0,0.0,0.0,894.0,0.0,0.0,894
0.0,0.0,-0.0,0.0,3951.5787439726664,894.0,-0.0,0.09578888187459497,0.36094485086520944,0.0,799.2,0.0,0.0,1.0,888.0,-0.0,180,-15.27271589508645,0.0,118,-17.794227733712333,0.0,118,-36.01328283212067,0.0,118,-20.996904496012576,0.0,180,-41.081941963667006,0.0,180,-42.918474929807175,0.0,0.0,0.0,0.0,0.0,0.0,0.0,894.0,894.0,0.0,0.0,894.0,0.0,0.0,894
0.0,0.0,-0.0,0.0,2958.2454106393334,894.0,-0.0,0.07170982499792339,0.36094485086520944,0.0,799.2,0.0,0.0,1.0,888.0,-0.0,180,-12.835589817018537,0.0,118,-51.37446670083491,0.0,118,-34.89414020912559,0.0,118,-46.86890111393065,0.0,180,-37.446284926659615,0.0,180,-10.675332231319379,0.0,0.0,0.0,0.0,0.0,0.0,0.0,894.0,894.0,0.0,0.0,894.0,0.0,0.0,894
0.0,0.0,-0.0,0.0,1964.9120773060001,894.0,-0.0,0.04763076812125179,0.36094485086520944,0.0,799.2,0.0,0.0,1.0,888.0,-0.0,180,-52.62906141548022,0.0,118,-36.51060338641222,0.0,118,-42.93615580071751,0.0,118,-4.669027599174638,0.0,180,-23.296977140337155,0.0,180,-7.568049704784681,0.0,0.0,0.0,0.0,0.0,0.0,0.0,894.0,894.0,0.0,0.0,894.0,0.0,0.0,894
0.0,0.0,-0.0,0.0,971.5787439726669,832.0,-0.0,0.023551711244580196,0.36094485086520944,0.0,799.2,0.0,0.0,1.0,888.0,-0.0,180,-55.52150003908507,0.0,118,-44.52141665562356,0.0,118,-20.077316738525795,0.0,118,-50.798242965192074,0.0,118,-36.68083568760757,0.0,180,-27.16136494917547,0.0,0.0,0.0,0.0,0.0,0.0,0.0,832.0,832.0,0.0,0.0,832.0,0.0,0.0,832
0.0,0.0,-0.0,0.0,47.134299528222414,42.420869575400175,-0.0,0.0011425665897806805,0.36094485086520944,284.99452147738896,799.2,0.0,789.5791304245998,1.0,888.0,-701146.2678170446,180,-26.885273727481557,0.0,118,-37.74349645579455,0.0,118,-33.203879708034876,0.0,118,-49.18362789014163,0.0,118,-15.631807798520772,0.0,180,-6.103911088002403,0.0,0.0,0.0,0.0,0.0,-701146.2678170446,-701146.2678170446,832.0,832.0,0.0,0.0,832.0,0.0,0.0,832
0.0,0.0,-0.0,0.0,0.0,0.0,-0.0,0.0,0.36094485086520944,300.3061159198543,799.2,0.0,832.0,1.0,888.0,-738816.0,180,-3.3858315963542784,0.0,118,-52.47156611758373,0.0,118,-57.80694402926883,0.0,118,-44.28475190260151,0.0,118,-35.567571228582054,0.0,180,-19.408250332429187,0.0,0.0,0.0,0.0,0.0,-738816.0,-738816.0,832.0,832.0,0.0,0.0,832.0,0.0,0.0,832
0.0,0.0,-0.0,0.0,0.0,0.0,-0.0,0.0,0.36094485086520944,300.3061159198543,799.2,0.0,832.0,1.0,888.0,-738816.0,180,-15.073666565532376,0.0,118,-7.2358314010616915,0.0,118,-43.204299539747005,0.0,118,-32.05029436145,0.0,118,-22.61549670079255,0.0,180,-0.22557371420273364,0.0,0.0,0.0,0.0,0.0,-738816.0,-738816.0,832.0,832.0,0.0,0.0,832.0,0.0,0.0,832
0.0,0.0,-0.0,0.0,0.0,0.0,-0.0,0.0,0.36094485086520944,300.3061159198543,799.2,0.0,832.0,1.0,888.0,-738816.0,180,-50.11042479028531,0.0,118,-38.902737555340565,0.0,118,-36.00646266715113,0.0,118,-53.40193083173949,0.0,118,-50.83034393285695,0.0,180,-58.51625036608308,0.0,0.0,0.0,0.0,0.0,-738816.0,-738816.0,832.0,832.0,0.0,0.0,832.0,0.0,0.0,832
0.0,0.0,-0.0,0.0,0.0,0.0,-0.0,0.0,0.36094485086520944,300.3061159198543,799.2,0.0,832.0,1.0,888.0,-738816.0,180,-12.083120378488712,0.0,118,-6.9965876472481785,0.0,118,-52.6988156910512,0.0,118,-26.056946093090545,0.0,118,-20.43934780770816,0.0,180,-21.60153119706656,0.0,0.0,0.0,0.0,0.0,-738816.0,-738816.0,832.0,832.0,0.0,0.0,832.0,0.0,0.0,832
0.0,0.0,-0.0,0.0,0.0,0.0,-0.0,0.0,0.36094485086520944,300.3061159198543,799.2,0.0,832.0,1.0,888.0,-738816.0,180,-29.133237334472916,0.0,118,-1.698837892209275,0.0,118,-0.7804759644426063,0.0,118,-49.57686575267012,0.0,118,-2.7534725063730114,0.0,180,-19.56573661551644,0.0,0.0,0.0,0.0,0.0,-738816.0,-738816.0,832.0,832.0,0.0,0.0,832.0,0.0,0.0,832
0.0,0.0,-0.0,0.0,0.0,0.0,-0.0,0.0,0.36094485086520944,255.5489544125683,799.2,0.0,708.0,1.0,888.0,-628704.0,118,-14.11192212293249,0.0,118,-49.70687568246415,0.0,118,-41.57183074596321,0.0,118,-14.919373023765672,0.0,118,-37.045179431182305,0.0,118,-25.622179727943426,0.0,0.0,0.0,0.0,0.0,-628704.0,-628704.0,708.0,708.0,0.0,0.0,708.0,0.0,0.0,708
0.0,0.0,-0.0,0.0,0.0,0.0,-0.0,0.0,0.36094485086520944,255.5489544125683,799.2,0.0,708.0,1.0,888.0,-628704.0,118,-28.56271840067228,0.0,118,-30.38593253187374,0.0,118,-35.322288658522645,0.0,118,-26.17675080641481,0.0,118,-3.5542077868977096,0.0,118,-14.515398977795634,0.0,0.0,0.0,0.0,0.0,-628704.0,-628704.0,708.0,708.0,0.0,0.0,708.0,0.0,0.0,708
0.0,0.0,-0.0,0.0,0.0,0.0,-0.0,0.0,0.36094485086520944,255.5489544125683,799.2,0.0,708.0,1.0,888.0,-628704.0,118,-35.15009770348213,0.0,118,-1.561463689974425,0.0,118,-49.24553283306979,0.0,118,-47.451732767204135,0.0,118,-10.88401933873656,0.0,118,-18.57795457056208,0.0,0.0,0.0,0.0,0.0,-628704.0,-628704.0,708.0,708.0,0.0,0.0,708.0,0.0,0.0,708
0.0,0.0,-0.0,0.0,0.0,0.0,-0.0,0.0,0.36094485086520944,255.5489544125683,799.2,0.0,708.0,1.0,888.0,-628704.0,118,-33.95120671616851,0.0,118,-43.47151060496743,0.0,118,-32.29332807639155,0.0,118,-55.955382143171576,0.0,118,-30.989259613642876,0.0,118,-35.39979794930075,0.0,0.0,0.0,0.0,0.0,-628704.0,-628704.0,708.0,708.0,0.0,0.0,708.0,0.0,0.0,708
0.0,0.0,-0.0,0.0,0.0,0.0,-0.0,0.0,0.36094485086520944,255.5489544125683,799.2,0.0,708.0,1.0,888.0,-628704.0,118,-32.2711602264359,0.0,118,-45.75510074290342,0.0,118,-36.37725690985332,0.0,118,-12.657371553063602,0.0,118,-23.669692556652617,0.0,118,-38.064870492021505,0.0,0.0,0.0,0.0,0.0,-628704.0,-628704.0,708.0,708.0,0.0,0.0,708.0,0.0,0.0,708
0.0,0.0,-0.0,0.0,0.0,0.0,-0.0,0.0,0.36094485086520944,255.5489544125683,799.2,0.0,708.0,1.0,888.0,-628704.0,118,-47.69259382034601,0.0,118,-14.916705469254083,0.0,118,-14.468548586179327,0.0,118,-9.942368891841857,0.0,118,-11.785046124286344,0.0,118,-36.631531662322665,0.0,0.0,0.0,0.0,0.0,-628704.0,-628704.0,708.0,708.0,0.0,0.0,708.0,0.0,0.0,708
0.0,0.0,-0.0,0.0,0.0,0.0,-0.0,0.0,0.36094485086520944,256.2708441142987,799.2,0.0,710.0,1.0,888.0,-630480.0,118,-39.794589503580355,0.0,118,-7.411789352972269,0.0,120,-48.54661830622059,0.0,118,-38.28220862824657,0.0,118,-21.913451923555463,0.0,118,-45.56132384683151,0.0,0.0,0.0,0.0,0.0,-630480.0,-630480.0,710.0,710.0,0.0,0.0,710.0,0.0,0.0,710
0.0,0.0,-0.0,0.0,0.0,0.0,-0.0,0.0,0.36094485086520944,256.2708441142987,799.2,0.0,710.0,1.0,888.0,-630480.0,118,-42.74888941489949,0.0,118,-51.506660322347756,0.0,120,-15.200809858771136,0.0,118,-23.53015745985169,0.0,118,-31.043153666865084,0.0,118,-59.932013696813826,0.0,0.0,0.0,0.0,0.0,-630480.0,-630480.0,710.0,710.0,0.0,0.0,710.0,0.0,0.0,710
0.0,0.0,-0.0,0.0,0.0,0.0,-0.0,0.0,0.36094485086520944,256.2708441142987,799.2,0.0,710.0,1.0,888.0,-630480.0,118,-59.130001682229725,0.0,118,-45.70887244635446,0.0,120,-38.86722272322286,0.0,118,-50.735708130610185,0.0,118,-12.22314441045927,0.0,118,-40.27590248754302,0.0,0.0,0.0,0.0,0.0,-630480.0,-630480.0,710.0,710.0,0.0,0.0,710.0,0.0,0.0,710
0.0,0.0,-0.0,0.0,0.0,0.0,-0.0,0.0,0.36094485086520944,256.2708441142987,799.2,0.0,710.0,1.0,888.0,-630480.0,118,-43.505067564295636,0.0,118,-44.79308727207914,0.0,120,-10.153431285243194,0.0,118,-43.91387668982989,0.0,118,-20.099599530139706,0.0,118,-58.272099338503,0.0,0.0,0.0,0.0,0.0,-630480.0,-630480.0,710.0,710.0,0.0,0.0,710.0,0.0,0.0,710
0.0,0.0,-0.0,0.0,0.0,0.0,-0.0,0.0,0.36094485086520944,256.2708441142987,799.2,0.0,710.0,1.0,888.0,-630480.0,118,-50.71928275062555,0.0,118,-19.79211377099372,0.0,120,-53.29941349777498,0.0,118,-21.22853891520978,0.0,118,-42.749458428248744,0.0,118,-37.98802040272261,0.0,0.0,0.0,0.0,0.0,-630480.0,-630480.0,710.0,710.0,0.0,0.0,710.0,0.0,0.0,710
0.0,0.0,-0.0,0.0,0.0,0.0,-0.0,0.0,0.36094485086520944,256.2708441142987,799.2,0.0,710.0,1.0,888.0,-630480.0,118,-19.186699238980875,0.0,118,-1.8930140579519739,0.0,120,-19.895452993242365,0.0,118,-49.35163187237423,0.0,118,-50.35603092369289,0.0,118,-53.23999076876821,0.0,0.0,0.0,0.0,0.0,-630480.0,-630480.0,710.0,710.0,0.0,0.0,710.0,0.0,0.0,710
0.0,0.0,-0.0,0.0,0.0,0.0,-0.0,0.0,0.36094485086520944,256.2708441142987,799.2,0.0,710.0,1.0,888.0,-630480.0,118,-8.195812506587973,0.0,118,-48.06393068292733,0.0,120,-56.08959155099865,0.0,118,-50.90818619248785,0.0,118,-15.805987609771021,0.0,118,-53.18174790408204,0.0,0.0,0.0,0.0,0.0,-630480.0,-630480.0,710.0,710.0,0.0,0.0,710.0,0.0,0.0,710
0.0,0.0,-0.0,0.0,0.0,0.0,-0.0,0.0,0.36094485086520944,256.2708441142987,799.2,0.0,710.0,1.0,888.0,-630480.0,118,-42.35420295352175,0.0,118,-30.174997493428076,0.0,120,-26.803842440123873,0.0,118,-57.63375749785425,0.0,118,-20.901669189800224,0.0,118,-44.80011168377636,0.0,0.0,0.0,0.0,0.0,-630480.0,-630480.0,710.0,710.0,0.0,0.0,710.0,0.0,0.0,710
0.0,0.0,-0.0,0.0,0.0,0.0,-0.0,0.0,0.36094485086520944,256.2708441142987,799.2,0.0,710.0,1.0,888.0,-630480.0,118,-9.665408944521495,0.0,118,-15.14872205369276,0.0,120,-36.699280562959956,0.0,118,-45.612551168852754,0.0,118,-34.92498134565691,0.0,118,-29.73719001855674,0.0,0.0,0.0,0.0,0.0,-630480.0,-630480.0,710.0,710.0,0.0,0.0,710.0,0.0,0.0,710
0.0,0.0,-0.0,0.0,0.0,0.0,-0.0,0.0,0.36094485086520944,256.2708441142987,799.2,0.0,710.0,1.0,888.0,-630480.0,118,-0.03331135394291085,0.0,118,-30.337559812504264,0.0,120,-49.518395551251,0.0,118,-36.3580045068005,0.0,118,-3.2069368745568005,0.0,118,-36.172579929683934,0.0,0.0,0.0,0.0,0.0,-630480.0,-630480.0,710.0,710.0,0.0,0.0,710.0,0.0,0.0,710
0.0,0.0,-0.0,0.0,0.0,0.0,-0.0,0.0,0.36094485086520944,256.2708441142987,799.2,0.0,710.0,1.0,888.0,-630480.0,118,-25.849676870984087,0.0,118,-36.841304404586225,0.0,120,-43.688435666281876,0.0,118,-43.98127568710351,0.0,118,-41.0603963736603,0.0,118,-19.721820095680105,0.0,0.0,0.0,0.0,0.0,-630480.0,-630480.0,710.0,710.0,0.0,0.0,710.0,0.0,0.0,710
0.0,0.0,-0.0,0.0,0.0,0.0,-0.0,0.0,0.36094485086520944,256.2708441142987,799.2,0.0,710.0,1.0,888.0,-630480.0,118,-45.41005043218169,0.0,118,-28.9988983644646,0.0,120,-27.92907261106241,0.0,118,-49.264798733545376,0.0,118,-50.87315299698578,0.0,118,-34.705621667006206,0.0,0.0,0.0,0.0,0.0,-630480.0,-630480.0,710.0,710.0,0.0,0.0,710.0,0.0,0.0,710
0.0,0.0,-0.0,0.0,0.0,0.0,-0.0,0.0,0.36094485086520944,256.2708441142987,799.2,0.0,710.0,1.0,888.0,-630480.0,118,-58.140266988110305,0.0,118,-1.809519155278907,0.0,120,-47.10697117183537,0.0,118,-37.152228851054794,0.0,118,-26.34984408534025,0.0,118,-26.86628439494563,0.0,0.0,0.0,0.0,0.0,-630480.0,-630480.0,710.0,710.0,0.0,0.0,710.0,0.0,0.0,710
0.0,0.0,-0.0,0.0,0.0,0.0,-0.0,0.0,0.36094485086520944,256.2708441142987,799.2,0.0,710.0,1.0,888.0,-630480.0,118,-9.734575572066749,0.0,118,-9.97298748797581,0.0,120,-9.218536521715972,0.0,118,-35.50913100344034,0.0,118,-58.5516634272921,0.0,118,-59.86706757728173,0.0,0.0,0.0,0.0,0.0,-630480.0,-630480.0,710.0,710.0,0.0,0.0,710.0,0.0,0.0,710
0.0,0.0,-0.0,0.0,0.0,0.0,-0.0,0.0,0.36094485086520944,256.2708441142987,799.2,0.0,710.0,1.0,888.0,-630480.0,118,-59.80929351423335,0.0,118,-55.388149271749704,0.0,120,-43.087448519022324,0.0,118,-11.953462898256696,0.0,118,-12.683176003273624,0.0,118,-10.97804245270572,0.0,0.0,0.0,0.0,0.0,-630480.0,-630480.0,710.0,710.0,0.0,0.0,710.0,0.0,0.0,710
0.0,0.0,-0.0,0.0,0.0,0.0,-0.0,0.0,0.36094485086520944,256.2708441142987,799.2,0.0,710.0,1.0,888.0,-630480.0,118,-15.937948972078456,0.0,118,-40.94731076650102,0.0,120,-30.530717339022623,0.0,118,-10.34040766181681,0.0,118,-12.834025893172246,0.0,118,-1.1661880226717503,0.0,0.0,0.0,0.0,0.0,-630480.0,-630480.0,710.0,710.0,0.0,0.0,710.0,0.0,0.0,710
0.0,0.0,-0.0,0.0,0.0,0.0,-0.0,0.0,0.36094485086520944,256.2708441142987,799.2,0.0,710.0,1.0,888.0,-630480.0,118,-18.34034022677709,0.0,118,-40.70214844343764,0.0,120,-23.27466844902941,0.0,118,-31.235530149426623,0.0,118,-19.820328138787797,0.0,118,-24.441017186832603,0.0,0.0,0.0,0.0,0.0,-630480.0,-630480.0,710.0,710.0,0.0,0.0,710.0,0.0,0.0,710
0.0,0.0,-0.0,0.0,0.0,0.0,-0.0,0.0,0.36094485086520944,256.2708441142987,799.2,0.0,710.0,1.0,888.0,-630480.0,118,-59.83165417324179,0.0,118,-26.144517519090346,0.0,120,-25.182414145131325,0.0,118,-52.11009262098504,0.0,118,-54.34358053699506,0.0,118,-34.72041989257303,0.0,0.0,0.0,0.0,0.0,-630480.0,-630480.0,710.0,710.0,0.0,0.0,710.0,0.0,0.0,710
0.0,0.0,-0.0,0.0,0.0,0.0,-0.0,0.0,0.36094485086520944,256.2708441142987,799.2,0.0,710.0,1.0,888.0,-630480.0,118,-3.654203504233542,0.0,118,-11.66353783053002,0.0,120,-14.09308925602328,0.0,118,-45.451073650117216,0.0,118,-13.424649513990678,0.0,118,-57.891629220416405,0.0,0.0,0.0,0.0,0.0,-630480.0,-630480.0,710.0,710.0,0.0,0.0,710.0,0.0,0.0,710
0.0,0.0,-0.0,0.0,0.0,0.0,-0.0,0.0,0.36094485086520944,256.2708441142987,799.2,0.0,710.0,1.0,888.0,-630480.0,118,-35.89991426383186,0.0,118,-23.27325208227293,0.0,120,-37.700328803871685,0.0,118,-23.50243229300052,0.0,118,-27.372391455296487,0.0,118,-45.214103109514184,0.0,0.0,0.0,0.0,0.0,-630480.0,-630480.0,710.0,710.0,0.0,0.0,710.0,0.0,0.0,710
0.0,0.0,-0.0,0.0,0.0,0.0,-0.0,0.0,0.36094485086520944,256.2708441142987,799.2,0.0,710.0,1.0,888.0,-630480.0,118,-2.85921477434518,0.0,118,-22.450900436873297,0.0,120,-51.37903568240656,0.0,118,-20.130926623504067,0.0,118,-16.58102375530445,0.0,118,-16.40691971255933,0.0,0.0,0.0,0.0,0.0,-630480.0,-630480.0,710.0,710.0,0.0,0.0,710.0,0.0,0.0,710
0.0,0.0,-0.0,0.0,0.0,0.0,-0.0,0.0,0.36094485086520944,256.2708441142987,799.2,0.0,710.0,1.0,888.0,-630480.0,118,-0.5152217506563872,0.0,118,-2.2482951501156534,0.0,120,-34.20634129629552,0.0,118,-38.30017863270581,0.0,118,-44.750961188984896,0.0,118,-6.103726455156185,0.0,0.0,0.0,0.0,0.0,-630480.0,-630480.0,710.0,710.0,0.0,0.0,710.0,0.0,0.0,710
0.0,0.0,-0.0,0.0,0.0,0.0,-0.0,0.0,0.36094485086520944,256.2708441142987,799.2,0.0,710.0,1.0,888.0,-630480.0,118,-55.17990406986877,0.0,118,-35.501552281126656,0.0,120,-31.060399554192642,0.0,118,-58.21169952333123,0.0,118,-25.838683179884143,0.0,118,-44.22173537849196,0.0,0.0,0.0,0.0,0.0,-630480.0,-630480.0,710.0,710.0,0.0,0.0,710.0,0.0,0.0,710
0.0,0.0,-0.0,0.0,0.0,0.0,-0.0,0.0,0.36094485086520944,256.2708441142987,799.2,0.0,710.0,1.0,888.0,-630480.0,118,-2.8776830671940434,0.0,118,-56.329117146903734,0.0,120,-4.060406434731463,0.0,118,-23.08585192826633,0.0,118,-36.1235249615831,0.0,118,-42.28007908705701,0.0,0.0,0.0,0.0,0.0,-630480.0,-630480.0,710.0,710.0,0.0,0.0,710.0,0.0,0.0,710
0.0,0.0,-0.0,0.0,0.0,0.0,-0.0,0.0,0.36094485086520944,256.2708441142987,799.2,0.0,710.0,1.0,888.0,-630480.0,118,-24.214274169766213,0.0,118,-12.20355127144602,0.0,120,-39.87822167163558,0.0,118,-29.351404287979985,0.0,118,-28.71530030343405,0.0,118,-14.662142158585468,0.0,0.0,0.0,0.0,0.0,-630480.0,-630480.0,710.0,710.0,0.0,0.0,710.0,0.0,0.0,710
0.0,0.0,-0.0,0.0,0.0,0.0,-0.0,0.0,0.36094485086520944,256.2708441142987,799.2,0.0,710.0,1.0,888.0,-630480.0,118,-53.245994793632164,0.0,118,-45.21084849015944,0.0,120,-14.496466810646814,0.0,118,-52.11680555163907,0.0,118,-12.484612908904406,0.0,118,-30.532678757403012,0.0,0.0,0.0,0.0,0.0,-630480.0,-630480.0,710.0,710.0,0.0,0.0,710.0,0.0,0.0,710
0.0,0.0,-0.0,0.0,0.0,0.0,-0.0,0.0,0.36094485086520944,256.2708441142987,799.2,0.0,710.0,1.0,888.0,-630480.0,118,-0.390355588271738,0.0,118,-55.22942841307476,0.0,120,-38.52845310078431,0.0,118,-29.067869850470043,0.0,118,-40.69793004014814,0.0,118,-3.861092393782146,0.0,0.0,0.0,0.0,0.0,-630480.0,-630480.0,710.0,710.0,0.0,0.0,710.0,0.0,0.0,710
0.0,0.0,-0.0,0.0,0.0,0.0,-0.0,0.0,0.36094485086520944,256.2708441142987,799.2,0.0,710.0,1.0,888.0,-630480.0,118,-56.936075092065956,0.0,118,-39.395864376669564,0.0,120,-29.880066833670686,0.0,118,-45.55777433946774,0.0,118,-55.9638946883204,0.0,118,-4.551576537370803,0.0,0.0,0.0,0.0,0.0,-630480.0,-630480.0,710.0,710.0,0.0,0.0,710.0,0.0,0.0,710
0.0,0.0,-0.0,0.0,0.0,0.0,-0.0,0.0,0.36094485086520944,256.2708441142987,799.2,0.0,710.0,1.0,888.0,-630480.0,118,-49.29029770619613,0.0,118,-13.339359375452254,0.0,120,-1.6851998004505253,0.0,118,-5.571654727447603,0.0,118,-14.391011592660693,0.0,118,-41.89427516229029,0.0,0.0,0.0,0.0,0.0,-630480.0,-630480.0,710.0,710.0,0.0,0.0,710.0,0.0,0.0,710
0.0,0.0,-0.0,0.0,0.0,0.0,-0.0,0.0,0.36094485086520944,256.2708441142987,799.2,0.0,710.0,1.0,888.0,-630480.0,118,-4.36273645822796,0.0,118,-20.671418933188953,0.0,120,-8.660682399147435,0.0,118,-26.346666366100543,0.0,118,-38.278246749592235,0.0,118,-29.878114542479043,0.0,0.0,0.0,0.0,0.0,-630480.0,-630480.0,710.0,710.0,0.0,0.0,710.0,0.0,0.0,710
0.0,0.0,-0.0,0.0,0.0,0.0,-0.0,0.0,0.36094485086520944,256.9927338160291,799.2,0.0,712.0,1.0,888.0,-632256.0,118,-46.19914967947382,0.0,118,-53.47126074314668,0.0,120,-49.62225693659455,0.0,118,-2.1363556389955707,0.0,120,-26.88282506233672,0.0,118,-7.078088913526555,0.0,0.0,0.0,0.0,0.0,-632256.0,-632256.0,712.0,712.0,0.0,0.0,712.0,0.0,0.0,712
0.0,0.0,-0.0,0.0,0.0,0.0,-0.0,0.0,0.36094485086520944,256.9927338160291,799.2,0.0,712.0,1.0,888.0,-632256.0,118,-6.791053998226615,0.0,118,-51.821295613170605,0.0,120,-19.018565264578182,0.0,118,-10.168902829283958,0.0,120,-35.99344143937877,0.0,118,-41.57502781649526,0.0,0.0,0.0,0.0,0.0,-632256.0,-632256.0,712.0,712.0,0.0,0.0,712.0,0.0,0.0,712
0.0,0.0,-0.0,0.0,0.0,0.0,-0.0,0.0,0.36094485086520944,256.9927338160291,799.2,0.0,712.0,1.0,888.0,-632256.0,118,-26.11631065766892,0.0,118,-58.95394296285026,0.0,120,-44.97127356767773,0.0,118,-30.328143231521207,0.0,120,-58.73805331349023,0.0,118,-14.255599722810867,0.0,0.0,0.0,0.0,0.0,-632256.0,-632256.0,712.0,712.0,0.0,0.0,712.0,0.0,0.0,712
0.0,0.0,-0.0,0.0,0.0,0.0,-0.0,0.0,0.36094485086520944,256.9927338160291,799.2,0.0,712.0,1.0,888.0,-632256.0,118,-38.96669119017541,0.0,118,-6.402497653597226,0.0,120,-29.357671680146286,0.0,118,-51.440333406200494,0.0,120,-13.763742390937068,0.0,118,-37.4051401042191,0.0,0.0,0.0,0.0,0.0,-632256.0,-632256.0,712.0,712.0,0.0,0.0,712.0,0.0,0.0,712
0.0,0.0,-0.0,0.0,0.0,0.0,-0.0,0.0,0.36094485086520944,256.9927338160291,799.2,0.0,712.0,1.0,888.0,-632256.0,118,-47.18060691877467,0.0,118,-24.93238977282235,0.0,120,-42.01438304741365,0.0,118,-3.5569535856127743,0.0,120,-53.68782922949627,0.0,118,-36.71280863092343,0.0,0.0,0.0,0.0,0.0,-632256.0,-632256.0,712.0,712.0,0.0,0.0,712.0,0.0,0.0,712
0.0,0.0,-0.0,0.0,0.0,0.0,-0.0,0.0,0.36094485086520944,256.9927338160291,799.2,0.0,712.0,1.0,888.0,-632256.0,118,-27.71876560059234,0.0,118,-39.68707052122461,0.0,120,-1.4584060285264133,0.0,118,-35.346380640073136,0.0,120,-24.310751744852347,0.0,118,-33.894237694394555,0.0,0.0,0.0,0.0,0.0,-632256.0,-632256.0,712.0,712.0,0.0,0.0,712.0,0.0,0.0,712
0.0,0.0,-0.0,0.0,0.0,0.0,-0.0,0.0,0.36094485086520944,256.9927338160291,799.2,0.0,712.0,1.0,888.0,-632256.0,118,-45.048208568713385,0.0,118,-5.821037290928217,0.0,120,-2.339550032693394,0.0,118,-47.128002481044156,0.0,120,-59.983501281867966,0.0,118,-16.91342297746735,0.0,0.0,0.0,0.0,0.0,-632256.0,-632256.0,712.0,712.0,0.0,0.0,712.0,0.0,0.0,712
0.0,0.0,-0.0,0.0,0.0,0.0,-0.0,0.0,0.36094485086520944,256.9927338160291,799.2,0.0,712.0,1.0,888.0,-632256.0,118,-37.38362321953031,0.0,118,-22.764989800033305,0.0,120,-8.01096060297375,0.0,118,-24.464483794511494,0.0,120,-39.50457854615603,0.0,118,-28.283864957149266,0.0,0.0,0.0,0.0,0.0,-632256.0,-632256.0,712.0,712.0,0.0,0.0,712.0,0.0,0.0,712
392.7023011868669,0.0,-3927.023011868669,0.0,0.0,0.0,-0.0,0.0,0.36094485086520944,115.20947604144017,799.2,0.0,319.1885845310584,1.0,888.0,-283439.46306357987,118,-18.391629416551492,0.0,118,-39.85955975000019,0.0,120,-12.018280804229724,0.0,118,-27.18918775909429,0.0,120,-40.66689961272109,0.0,118,-58.02115933106283,0.0,0.0,0.109114282074706,0.109114282074706,0.0,-287366.4860754485,-287366.4860754485,712.0,712.0,392.8114154689416,0.0,319.1885845310584,0.0,0.0,712
392.7023011868669,0.0,-3927.023011868669,0.0,0.0,0.0,-0.0,0.0,0.36094485086520944,115.20947604144017,799.2,0.0,319.1885845310584,1.0,888.0,-283439.46306357987,118,-25.450189984287277,0.0,118,-19.285589365771273,0.0,120,-40.58066736061188,0.0,118,-9.100530090417852,0.0,120,-22.43910067074451,0.0,118,-32.869450894480174,0.0,0.0,0.109114282074706,0.109114282074706,0.0,-287366.4860754485,-287366.4860754485,712.0,712.0,392.8114154689416,0.0,319.1885845310584,0.0,0.0,712
392.7023011868669,0.0,-3927.023011868669,0.0,0.0,0.0,-0.0,0.0,0.36094485086520944,115.20947604144017,799.2,0.0,319.1885845310584,1.0,888.0,-283439.46306357987,118,-14.091886046689133,0.0,118,-47.68591857376341,0.0,120,-47.070325858970556,0.0,118,-12.89890172514146,0.0,120,-46.024127439191695,0.0,118,-18.3473221436738,0.0,0.0,0.109114282074706,0.109114282074706,0.0,-287366.4860754485,-287366.4860754485,712.0,712.0,392.8114154689416,0.0,319.1885845310584,0.0,0.0,712
392.7023011868669,0.0,-3927.023011868669,0.0,0.0,0.0,-0.0,0.0,0.36094485086520944,115.20947604144017,799.2,0.0,319.1885845310584,1.0,888.0,-283439.46306357987,118,-17.642794617090036,0.0,118,-8.401237831090302,0.0,120,-52.9175116006189,0.0,118,-27.06969841978409,0.0,120,-42.08869729925278,0.0,118,-8.627966275339578,0.0,0.0,0.109114282074706,0.109114282074706,0.0,-287366.4860754485,-287366.4860754485,712.0,712.0,392.8114154689416,0.0,319.1885845310584,0.0,0.0,712
392.7023011868669,0.0,-3927.023011868669,0.0,0.0,0.0,-0.0,0.0,0.36094485086520944,115.20947604144017,799.2,0.0,319.1885845310584,1.0,888.0,-283439.46306357987,118,-43.56659848708061,0.0,118,-4.227255980977009,0.0,120,-23.846052390705385,0.0,118,-37.89853271964524,0.0,120,-31.49319991754875,0.0,118,-17.330677280562284,0.0,0.0,0.109114282074706,0.109114282074706,0.0,-287366.4860754485,-287366.4860754485,712.0,712.0,392.8114154689416,0.0,319.1885845310584,0.0,0.0,712
392.7023011868669,0.0,-3927.023011868669,0.0,0.0,0.0,-0.0,0.0,0.36094485086520944,115.20947604144017,799.2,0.0,319.1885845310584,1.0,888.0,-283439.46306357987,118,-42.573645044493986,0.0,118,-18.82534111777364,0.0,120,-57.194319704642524,0.0,118,-6.104329623767848,0.0,120,-28.533135031236633,0.0,118,-37.547403073872324,0.0,0.0,0.109114282074706,0.109114282074706,0.0,-287366.4860754485,-287366.4860754485,712.0,712.0,392.8114154689416,0.0,319.1885845310584,0.0,0.0,712
1020.3596097119968,0.0,-10203.596097119967,310.643121690244,0.0,0.0,-0.0,0.0,0.36094485086520944,0.0,799.2,0.0,0.0,1.0,888.0,-0.0,118,-56.209931795040205,0.0,118,-56.94404654545765,0.0,120,-47.06195923718513,0.0,118,-38.68131038998695,0.0,118,-59.34704974988845,0.0,118,-48.676942552553406,0.0,0.0,0.28351197824729,0.28351197824729,0.0,-10203.596097119967,-10203.596097119967,1020.643121690244,1020.643121690244,1020.643121690244,0.0,0.0,310.643121690244,0.0,710
1020.3596097119968,0.0,-10203.596097119967,310.643121690244,279.5788095212196,0.0,-0.0,0.006777175224134478,0.36094485086520944,0.0,799.2,0.0,0.0,1.0,888.0,-0.0,118,-31.1311617182768,0.0,118,-13.599394714215048,0.0,120,-31.989955371174478,0.0,118,-13.718855980630838,0.0,118,-46.254528641182546,0.0,118,-36.601805400920625,0.0,0.0,0.28351197824729,0.28351197824729,0.0,-10203.596097119967,-10203.596097119967,1020.643121690244,1020.643121690244,1020.643121690244,0.0,0.0,310.643121690244,0.0,710
1020.3596097119968,0.0,-10203.596097119967,310.643121690244,559.1576190424393,0.0,-0.0,0.013554350448268956,0.36094485086520944,0.0,799.2,0.0,0.0,1.0,888.0,-0.0,118,-28.878392073391616,0.0,118,-52.65349184787822,0.0,120,-43.680478165604214,0.0,118,-59.57345157580598,0.0,118,-14.748587770022954,0.0,118,-27.1596972526125,0.0,0.0,0.28351197824729,0.28351197824729,0.0,-10203.596097119967,-10203.596097119967,1020.643121690244,1020.643121690244,1020.643121690244,0.0,0.0,310.643121690244,0.0,710
1020.3596097119968,0.0,-10203.596097119967,310.643121690244,838.7364285636588,0.0,-0.0,0.020331525672403435,0.36094485086520944,0.0,799.2,0.0,0.0,1.0,888.0,-0.0,118,-47.58595958635609,0.0,118,-50.716114028434276,0.0,120,-56.24592905187445,0.0,118,-40.33582311903955,0.0,118,-30.514392289652566,0.0,118,-6.421394652654461,0.0,0.0,0.28351197824729,0.28351197824729,0.0,-10203.596097119967,-10203.596097119967,1020.643121690244,1020.643121690244,1020.643121690244,0.0,0.0,310.643121690244,0.0,710
1020.3596097119968,0.0,-10203.596097119967,248.64312169024402,1118.3152380848785,0.0,-0.0,0.027108700896537913,0.36094485086520944,0.0,799.2,0.0,0.0,1.0,888.0,-0.0,118,-21.38616556696434,0.0,180,-39.59061549434135,0.0,120,-14.760705579346428,0.0,118,-30.11819452519616,0.0,118,-34.5895505606768,0.0,118,-7.800453555447479,0.0,0.0,0.28351197824729,0.28351197824729,0.0,-10203.596097119967,-10203.596097119967,1020.643121690244,1020.643121690244,1020.643121690244,0.0,0.0,248.64312169024402,0.0,772
1020.3596097119968,0.0,-10203.596097119967,248.64312169024402,1342.0940476060982,0.0,-0.0,0.03253324722095601,0.36094485086520944,0.0,799.2,0.0,0.0,1.0,888.0,-0.0,118,-11.665289585131601,0.0,180,-16.964399038343206,0.0,120,-1.764806462410804,0.0,118,-21.485510471260454,0.0,118,-15.544843445108816,0.0,118,-42.39135252061668,0.0,0.0,0.28351197824729,0.28351197824729,0.0,-10203.596097119967,-10203.596097119967,1020.643121690244,1020.643121690244,1020.643121690244,0.0,0.0,248.64312169024402,0.0,772
1663.8181988291487,0.0,-16638.181988291486,892.2804989677509,1565.8728571273177,0.0,-0.0,0.0379577935453741,0.36094485086520944,0.0,799.2,0.0,0.0,1.0,888.0,-0.0,118,-22.61441964090008,0.0,180,-9.676767132048079,0.0,120,-36.977250715717496,0.0,118,-53.92151869017196,0.0,118,-9.548914393306994,0.0,118,-15.15721871857091,0.0,0.0,0.462300138602153,0.462300138602153,0.0,-16638.181988291486,-16638.181988291486,1664.2804989677509,1664.2804989677509,1664.2804989677509,0.0,0.0,892.2804989677509,0.0,772
1663.8181988291487,0.0,-16638.181988291486,892.2804989677509,2368.9253061982936,0.0,-0.0,0.05742431595758596,0.36094485086520944,0.0,799.2,0.0,0.0,1.0,888.0,-0.0,118,-40.41527988163178,0.0,180,-7.54521610019065,0.0,120,-36.40614233088521,0.0,118,-9.531117023271996,0.0,118,-43.45911136172715,0.0,118,-52.489299122270765,0.0,0.0,0.462300138602153,0.462300138602153,0.0,-16638.181988291486,-16638.181988291486,1664.2804989677509,1664.2804989677509,1664.2804989677509,0.0,0.0,892.2804989677509,0.0,772
1663.8181988291487,0.0,-16638.181988291486,892.2804989677509,3171.9777552692694,0.0,-0.0,0.07689083836979782,0.36094485086520944,0.0,799.2,0.0,0.0,1.0,888.0,-0.0,118,-31.915929274033147,0.0,180,-14.431156560929317,0.0,120,-39.31793141485664,0.0,118,-54.4020995998625,0.0,118,-11.020077662372339,0.0,118,-15.520557465804881,0.0,0.0,0.462300138602153,0.462300138602153,0.0,-16638.181988291486,-16638.181988291486,1664.2804989677509,1664.2804989677509,1664.2804989677509,0.0,0.0,892.2804989677509,0.0,772
1663.8181988291487,0.0,-16638.181988291486,894.2804989677509,3975.0302043402453,0.0,-0.0,0.09635736078200968,0.36094485086520944,0.0,799.2,0.0,0.0,1.0,888.0,-0.0,118,-1.220732449897346,0.0,180,-30.905805666315448,0.0,118,-0.9657821023019619,0.0,118,-47.44730893204119,0.0,118,-41.1445956242403,0.0,118,-17.099474157756767,0.0,0.0,0.462300138602153,0.462300138602153,0.0,-16638.181988291486,-16638.181988291486,1664.2804989677509,1664.2804989677509,1664.2804989677509,0.0,0.0,894.2804989677509,0.0,770
1663.8181988291487,0.0,-16638.181988291486,894.2804989677509,4779.882653411221,0.0,-0.0,0.11586751638453498,0.36094485086520944,0.0,799.2,0.0,0.0,1.0,888.0,-0.0,118,-28.527711488068405,0.0,180,-22.6716871136721,0.0,118,-26.44452878480226,0.0,118,-4.258412708214907,0.0,118,-50.91132972359516,0.0,118,-29.166278707669846,0.0,0.0,0.462300138602153,0.462300138602153,0.0,-16638.181988291486,-16638.181988291486,1664.2804989677509,1664.2804989677509,1664.2804989677509,0.0,0.0,894.2804989677509,0.0,770
1663.8181988291487,0.0,-16638.181988291486,894.2804989677509,5584.735102482197,0.0,-0.0,0.13537767198706027,0.36094485086520944,0.0,799.2,0.0,0.0,1.0,888.0,-0.0,118,-45.77531119424986,0.0,180,-58.652733733053665,0.0,118,-5.471880300624505,0.0,118,-53.779592794770316,0.0,118,-4.745781416572399,0.0,118,-5.785375316080643,0.0,0.0,0.462300138602153,0.462300138602153,0.0,-16638.181988291486,-16638.181988291486,1664.2804989677509,1664.2804989677509,1664.2804989677509,0.0,0.0,894.2804989677509,0.0,770
2097.1910673308785,0.0,-20971.910673308783,1327.773782270398,6389.587551553173,0.0,-0.0,0.15488782758958558,0.36094485086520944,0.0,799.2,0.0,0.0,1.0,888.0,-0.0,118,-28.171044728912754,0.0,180,-45.50505340177344,0.0,118,-34.15702172903609,0.0,118,-25.086360096876785,0.0,118,-32.32772106645498,0.0,118,-49.751976299147344,0.0,0.0,0.582714939519555,0.582714939519555,0.0,-20971.910673308783,-20971.910673308783,2097.773782270398,2097.773782270398,2097.773782270398,0.0,0.0,1327.773782270398,0.0,770
2097.1910673308785,0.0,-20971.910673308783,1327.773782270398,7584.583955596532,0.0,-0.0,0.18385533065708026,0.36094485086520944,0.0,799.2,0.0,0.0,1.0,888.0,-0.0,118,-54.630726576879496,0.0,180,-14.472534284055795,0.0,118,-43.518921798386174,0.0,118,-15.514794085717291,0.0,118,-29.809686196978006,0.0,118,-48.61429290547554,0.0,0.0,0.582714939519555,0.582714939519555,0.0,-20971.910673308783,-20971.910673308783,2097.773782270398,2097.773782270398,2097.773782270398,0.0,0.0,1327.773782270398,0.0,770
2097.1910673308785,0.0,-20971.910673308783,1327.773782270398,8779.580359639891,0.0,-0.0,0.21282283372457497,0.36094485086520944,0.0,799.2,0.0,0.0,1.0,888.0,-0.0,118,-42.40961249866346,0.0,180,-16.91947388706174,0.0,118,-31.21500519112243,0.0,118,-38.14924249816117,0.0,118,-4.755756083966705,0.0,118,-58.50885120494306,0.0,0.0,0.582714939519555,0.582714939519555,0.0,-20971.910673308783,-20971.910673308783,2097.773782270398,2097.773782270398,2097.773782270398,0.0,0.0,1327.773782270398,0.0,770
2097.1910673308785,0.0,-20971.910673308783,1327.773782270398,9974.57676368325,0.0,-0.0,0.24179033679206965,0.36094485086520944,0.0,799.2,0.0,0.0,1.0,888.0,-0.0,118,-27.691651938924707,0.0,180,-7.118366496639926,0.0,118,-16.67544675276288,0.0,118,-0.11311394674946351,0.0,118,-4.82560047021358,0.0,118,-56.27226971888809,0.0,0.0,0.582714939519555,0.582714939519555,0.0,-20971.910673308783,-20971.910673308783,2097.773782270398,2097.773782270398,2097.773782270398,0.0,0.0,1327.773782270398,0.0,770
2097.1910673308785,0.0,-20971.910673308783,1327.773782270398,11169.573167726609,0.0,-0.0,0.27075783985956436,0.36094485086520944,0.0,799.2,0.0,0.0,1.0,888.0,-0.0,118,-35.381970835741775,0.0,180,-22.704187098006233,0.0,118,-56.134014050292734,0.0,118,-57.85420368267462,0.0,118,-44.48856866514894,0.0,118,-2.975345281018582,0.0,0.0,0.582714939519555,0.582714939519555,0.0,-20971.910673308783,-20971.910673308783,2097.773782270398,2097.773782270398,2097.773782270398,0.0,0.0,1327.773782270398,0.0,770
2097.1910673308785,0.0,-20971.910673308783,1327.773782270398,12364.569571769967,0.0,-0.0,0.29972534292705905,0.36094485086520944,0.0,799.2,0.0,0.0,1.0,888.0,-0.0,118,-41.305247629714486,0.0,180,-37.656404886890215,0.0,118,-38.52894628197456,0.0,118,-14.294692100054139,0.0,118,-49.775257625429965,0.0,118,-33.664367733249364,0.0,0.0,0.582714939519555,0.582714939519555,0.0,-20971.910673308783,-20971.910673308783,2097.773782270398,2097.773782270398,2097.773782270398,0.0,0.0,1327.773782270398,0.0,770
2303.503103474177,0.0,-23035.03103474177,1534.143143236187,13559.565975813326,0.0,-0.0,0.32869284599455373,0.36094485086520944,0.0,799.2,0.0,0.0,1.0,888.0,-0.0,118,-32.35535722485439,0.0,180,-19.197388184982923,0.0,118,-4.9550007705168575,0.0,118,-58.66916639135362,0.0,118,-7.760083931523216,0.0,118,-28.072318273194487,0.0,0.0,0.640039762010052,0.640039762010052,0.0,-23035.03103474177,-23035.03103474177,2304.143143236187,2304.143143236187,2304.143143236187,0.0,0.0,1534.143143236187,0.0,770
2303.503103474177,0.0,-23035.03103474177,1534.143143236187,14940.294804725894,0.0,-0.0,0.3621626258629892,0.36094485086520944,0.0,799.2,0.0,0.0,1.0,888.0,-0.0,118,-1.6425729270839007,0.0,180,-42.13146605390657,0.0,118,-40.094510128431146,0.0,118,-47.787193724549844,0.0,118,-44.99833807489044,0.0,118,-51.868500700990104,0.0,0.0,0.640039762010052,0.640039762010052,0.0,-23035.03103474177,-23035.03103474177,2304.143143236187,2304.143143236187,2304.143143236187,0.0,0.0,1534.143143236187,0.0,770
2303.503103474177,0.0,-23035.03103474177,1534.143143236187,16321.023633638462,0.0,-0.0,0.39563240573142466,0.36094485086520944,0.0,799.2,0.0,0.0,1.0,888.0,-0.0,118,-45.22325296631288,0.0,180,-46.771278810166436,0.0,118,-53.53770592944109,0.0,118,-27.077629485058395,0.0,118,-6.352529285218827,0.0,118,-6.101879118873539,0.0,0.0,0.640039762010052,0.640039762010052,0.0,-23035.03103474177,-23035.03103474177,2304.143143236187,2304.143143236187,2304.143143236187,0.0,0.0,1534.143143236187,0.0,770
2303.503103474177,0.0,-23035.03103474177,1534.143143236187,17701.75246255103,0.0,-0.0,0.42910218559986013,0.36094485086520944,0.0,799.2,0.0,0.0,1.0,888.0,-0.0,118,-2.642101270859527,0.0,180,-42.116005075751026,0.0,118,-59.15231077669571,0.0,118,-4.02806301187047,0.0,118,-54.68350172371879,0.0,118,-11.218584378971176,0.0,0.0,0.640039762010052,0.640039762010052,0.0,-23035.03103474177,-23035.03103474177,2304.143143236187,2304.143143236187,2304.143143236187,0.0,0.0,1534.143143236187,0.0,770
2303.503103474177,0.0,-23035.03103474177,1534.143143236187,19082.4812914636,0.0,-0.0,0.4625719654682956,0.36094485086520944,0.0,799.2,0.0,0.0,1.0,888.0,-0.0,118,-15.643656694106156,0.0,180,-4.319731169334682,0.0,118,-50.18002131136643,0.0,118,-39.458999297404326,0.0,118,-31.13151177095523,0.0,118,-52.03808917226725,0.0,0.0,0.640039762010052,0.640039762010052,0.0,-23035.03103474177,-23035.03103474177,2304.143143236187,2304.143143236187,2304.143143236187,0.0,0.0,1534.143143236187,0.0,770
2303.503103474177,0.0,-23035.03103474177,1534.143143236187,20463.210120376167,0.0,-0.0,0.49604174533673107,0.36094485086520944,0.0,799.2,0.0,0.0,1.0,888.0,-0.0,118,-24.679103674808278,0.0,180,-35.75912976214935,0.0,118,-13.570891401938328,0.0,118,-39.4160377579531,0.0,118,-53.42992995679565,0.0,118,-46.85961245399736,0.0,0.0,0.640039762010052,0.640039762010052,0.0,-23035.03103474177,-23035.03103474177,2304.143143236187,2304.143143236187,2304.143143236187,0.0,0.0,1534.143143236187,0.0,770
2216.8448601614305,0.0,-22168.448601614306,1447.460821500736,21843.938949288735,0.0,-0.0,0.5295115252051665,0.36094485086520944,0.0,799.2,0.0,0.0,1.0,888.0,-0.0,118,-55.63680306117543,0.0,180,-44.695892340352934,0.0,118,-2.4293045870984487,0.0,118,-54.21096556919608,0.0,118,-40.307972596536636,0.0,118,-29.866617529813773,0.0,0.0,0.61596133930576,0.61596133930576,0.0,-22168.448601614306,-22168.448601614306,2217.460821500736,2217.460821500736,2217.460821500736,0.0,0.0,1447.460821500736,0.0,770
2216.8448601614305,0.0,-22168.448601614306,1447.460821500736,23146.6536886394,0.0,-0.0,0.5610901919530555,0.36094485086520944,0.0,799.2,0.0,0.0,1.0,888.0,-0.0,118,-57.39042222115516,0.0,180,-15.898246889020609,0.0,118,-0.41960414608853025,0.0,118,-1.7817745624607673,0.0,118,-40.94284565295004,0.0,118,-24.041716195181632,0.0,0.0,0.61596133930576,0.61596133930576,0.0,-22168.448601614306,-22168.448601614306,2217.460821500736,2217.460821500736,2217.460821500736,0.0,0.0,1447.460821500736,0.0,770
2216.8448601614305,0.0,-22168.448601614306,1447.460821500736,24449.368427990063,0.0,-0.0,0.5926688587009444,0.36094485086520944,0.0,799.2,0.0,0.0,1.0,888.0,-0.0,118,-29.891078414356027,0.0,180,-54.193713957528715,0.0,118,-9.572773780812502,0.0,118,-27.02077568994811,0.0,118,-9.608963083032837,0.0,118,-11.849373283323839,0.0,0.0,0.61596133930576,0.61596133930576,0.0,-22168.448601614306,-22168.448601614306,2217.460821500736,2217.460821500736,2217.460821500736,0.0,0.0,1447.460821500736,0.0,770
2216.8448601614305,0.0,-22168.448601614306,1447.460821500736,25752.083167340727,0.0,-0.0,0.6242475254488334,0.36094485086520944,0.0,799.2,0.0,0.0,1.0,888.0,-0.0,118,-5.294674834526909,0.0,180,-3.93434545332771,0.0,118,-6.360107143461649,0.0,118,-59.56578500387953,0.0,118,-37.78892563794415,0.0,118,-26.669168915139423,0.0,0.0,0.61596133930576,0.61596133930576,0.0,-22168.448601614306,-22168.448601614306,2217.460821500736,2217.460821500736,2217.460821500736,0.0,0.0,1447.460821500736,0.0,770
2216.8448601614305,0.0,-22168.448601614306,1447.460821500736,27054.79790669139,0.0,-0.0,0.6558261921967224,0.36094485086520944,0.0,799.2,0.0,0.0,1.0,888.0,-0.0,118,-2.1802183818317578,0.0,180,-38.16518812476924,0.0,118,-46.72548163825067,0.0,118,-34.48847157108294,0.0,118,-32.209016508628714,0.0,118,-32.55988081416392,0.0,0.0,0.61596133930576,0.61596133930576,0.0,-22168.448601614306,-22168.448601614306,2217.460821500736,2217.460821500736,2217.460821500736,0.0,0.0,1447.460821500736,0.0,770
2216.8448601614305,0.0,-22168.448601614306,1447.460821500736,28357.512646042054,0.0,-0.0,0.6874048589446115,0.36094485086520944,0.0,799.2,0.0,0.0,1.0,888.0,-0.0,118,-30.05738610720536,0.0,180,-44.23803781791884,0.0,118,-38.970757582313084,0.0,118,-51.185514398075675,0.0,118,-22.308252697022656,0.0,118,-23.35374991828511,0.0,0.0,0.61596133930576,0.61596133930576,0.0,-22168.448601614306,-22168.448601614306,2217.460821500736,2217.460821500736,2217.460821500736,0.0,0.0,1447.460821500736,0.0,770
1993.5245010708252,0.0,-19935.24501070825,1224.0784117407532,29660.227385392718,0.0,-0.0,0.7189835256925003,0.36094485086520944,0.0,799.2,0.0,0.0,1.0,888.0,-0.0,118,-16.675538065683003,0.0,180,-34.38308094950508,0.0,118,-3.524664850288315,0.0,118,-1.4749508731926486,0.0,118,-6.623406443416194,0.0,118,-26.007406278854553,0.0,0.0,0.553910669927987,0.553910669927987,0.0,-19935.24501070825,-19935.24501070825,1994.0784117407532,1994.0784117407532,1994.0784117407532,0.0,0.0,1224.0784117407532,0.0,770
1993.5245010708252,0.0,-19935.24501070825,1224.0784117407532,30761.897955959397,0.0,-0.0,0.7456887488415241,0.36094485086520944,0.0,799.2,0.0,0.0,1.0,888.0,-0.0,118,-39.86729978645194,0.0,180,-12.479032886728858,0.0,118,-54.30030729678292,0.0,118,-14.060642473945649,0.0,118,-53.23769472054401,0.0,118,-12.085789063694678,0.0,0.0,0.553910669927987,0.553910669927987,0.0,-19935.24501070825,-19935.24501070825,1994.0784117407532,1994.0784117407532,1994.0784117407532,0.0,0.0,1224.0784117407532,0.0,770
1993.5245010708252,0.0,-19935.24501070825,1224.0784117407532,31863.568526526076,0.0,-0.0,0.772393971990548,0.36094485086520944,0.0,799.2,0.0,0.0,1.0,888.0,-0.0,118,-23.84897048183079,0.0,180,-47.1305554376204,0.0,118,-12.261846820230133,0.0,118,-35.519983300946386,0.0,118,-44.16624810043324,0.0,118,-57.14189402832812,0.0,0.0,0.553910669927987,0.553910669927987,0.0,-19935.24501070825,-19935.24501070825,1994.0784117407532,1994.0784117407532,1994.0784117407532,0.0,0.0,1224.0784117407532,0.0,770
1993.5245010708252,0.0,-19935.24501070825,1224.0784117407532,32965.23909709275,0.0,-0.0,0.7990991951395717,0.36094485086520944,0.0,799.2,0.0,0.0,1.0,888.0,-0.0,118,-53.24091108630248,0.0,180,-49.429940527346766,0.0,118,-51.34112165937958,0.0,118,-50.27645226858339,0.0,118,-1.7875911532594668,0.0,118,-32.02780900947184,0.0,0.0,0.553910669927987,0.553910669927987,0.0,-19935.24501070825,-19935.24501070825,1994.0784117407532,1994.0784117407532,1994.0784117407532,0.0,0.0,1224.0784117407532,0.0,770
1993.5245010708252,0.0,-19935.24501070825,1224.0784117407532,34066.90966765943,0.0,-0.0,0.8258044182885954,0.36094485086520944,0.0,799.2,0.0,0.0,1.0,888.0,-0.0,118,-12.394148437023153,0.0,180,-38.90325631662108,0.0,118,-14.162287545948145,0.0,118,-25.472040231249224,0.0,118,-37.5633702343749,0.0,118,-24.353657979262245,0.0,0.0,0.553910669927987,0.553910669927987,0.0,-19935.24501070825,-19935.24501070825,1994.0784117407532,1994.0784117407532,1994.0784117407532,0.0,0.0,1224.0784117407532,0.0,770
1993.5245010708252,0.0,-19935.24501070825,1224.0784117407532,35168.5802382261,0.0,-0.0,0.8525096414376191,0.36094485086520944,0.0,799.2,0.0,0.0,1.0,888.0,-0.0,118,-44.74761079009048,0.0,180,-52.34966836518032,0.0,118,-38.907214773004156,0.0,118,-4.730899252042056,0.0,118,-36.59108242246917,0.0,118,-51.788981130073715,0.0,0.0,0.553910669927987,0.553910669927987,0.0,-19935.24501070825,-19935.24501070825,1994.0784117407532,1994.0784117407532,1994.0784117407532,0.0,0.0,1224.0784117407532,0.0,770
1514.047823169927,0.0,-15140.47823169927,744.4685088668343,36270.25080879278,0.0,-0.0,0.8792148645866429,0.36094485086520944,0.0,799.2,0.0,0.0,1.0,888.0,-0.0,118,-0.6152303486974553,0.0,180,-27.703822311856648,0.0,118,-31.850007225067152,0.0,118,-2.786779516517035,0.0,118,-28.264422222283248,0.0,118,-34.201030742990206,0.0,0.0,0.420685696907454,0.420685696907454,0.0,-15140.47823169927,-15140.47823169927,1514.4685088668343,1514.4685088668343,1514.4685088668343,0.0,0.0,744.4685088668343,0.0,770
1514.047823169927,0.0,-15140.47823169927,744.4685088668343,36940.27246677293,0.0,-0.0,0.8954566326515145,0.36094485086520944,0.0,799.2,0.0,0.0,1.0,888.0,-0.0,118,-57.905857954901826,0.0,180,-0.37730778963873446,0.0,118,-21.814214999484307,0.0,118,-24.795840580696364,0.0,118,-19.773282693372757,0.0,118,-22.252416633144932,0.0,0.0,0.420685696907454,0.420685696907454,0.0,-15140.47823169927,-15140.47823169927,1514.4685088668343,1514.4685088668343,1514.4685088668343,0.0,0.0,744.4685088668343,0.0,770
1514.047823169927,0.0,-15140.47823169927,744.4685088668343,37610.294124753076,0.0,-0.0,0.9116984007163861,0.36094485086520944,0.0,799.2,0.0,0.0,1.0,888.0,-0.0,118,-58.63838963065959,0.0,180,-58.83782737402213,0.0,118,-51.278215740542265,0.0,118,-41.2897663741073,0.0,118,-9.352849131569801,0.0,118,-29.424290359877944,0.0,0.0,0.420685696907454,0.420685696907454,0.0,-15140.47823169927,-15140.47823169927,1514.4685088668343,1514.4685088668343,1514.4685088668343,0.0,0.0,744.4685088668343,0.0,770
1514.047823169927,0.0,-15140.47823169927,744.4685088668343,38280.315782733225,0.0,-0.0,0.9279401687812577,0.36094485086520944,0.0,799.2,0.0,0.0,1.0,888.0,-0.0,118,-3.3146912262485606,0.0,180,-7.090422850062669,0.0,118,-17.698889010858533,0.0,118,-30.250412992034402,0.0,118,-21.35136640775559,0.0,118,-50.10800419943625,0.0,0.0,0.420685696907454,0.420685696907454,0.0,-15140.47823169927,-15140.47823169927,1514.4685088668343,1514.4685088668343,1514.4685088668343,0.0,0.0,744.4685088668343,0.0,770
1514.047823169927,0.0,-15140.47823169927,744.4685088668343,38950.337440713374,0.0,-0.0,0.9441819368461294,0.36094485086520944,0.0,799.2,0.0,0.0,1.0,888.0,-0.0,118,-55.39776688143049,0.0,180,-50.043149675365214,0.0,118,-37.00913063533534,0.0,118,-9.38648314582923,0.0,118,-1.8328152520165997,0.0,118,-16.075089453603624,0.0,0.0,0.420685696907454,0.420685696907454,0.0,-15140.47823169927,-15140.47823169927,1514.4685088668343,1514.4685088668343,1514.4685088668343,0.0,0.0,744.4685088668343,0.0,770
1514.047823169927,0.0,-15140.47823169927,744.4685088668343,39620.35909869352,0.0,-0.0,0.9604237049110009,0.36094485086520944,0.0,799.2,0.0,0.0,1.0,888.0,-0.0,118,-3.186113267270192,0.0,180,-37.43316346403214,0.0,118,-2.3244862099667585,0.0,118,-1.5725886879820283,0.0,118,-54.11808551592144,0.0,118,-0.20621591898038583,0.0,0.0,0.420685696907454,0.420685696907454,0.0,-15140.47823169927,-15140.47823169927,1514.4685088668343,1514.4685088668343,1514.4685088668343,0.0,0.0,744.4685088668343,0.0,770
744.9878560234754,0.0,-7449.878560234754,0.0,40290.38075667367,24.805145405803955,-0.0,0.9766654729758726,0.36094485086520944,0.0,799.2,0.0,0.0,1.0,888.0,-0.0,118,-46.46652061444902,0.0,180,-22.227314192678612,0.0,118,-40.6988522630478,0.0,118,-54.14844380992713,0.0,118,-38.06734548444085,0.0,118,-20.465284834792648,0.0,0.0,0.20699857072061,0.20699857072061,0.0,-7449.878560234754,-7449.878560234754,770.0,770.0,745.194854594196,0.0,24.805145405803955,0.0,0.0,770
744.9878560234754,0.0,-7449.878560234754,0.0,40262.81948400056,24.805145405803955,-0.0,0.9759973695004135,0.36094485086520944,0.0,799.2,0.0,0.0,1.0,888.0,-0.0,118,-20.7547627153872,0.0,180,-0.09166194780986903,0.0,118,-26.482836480250135,0.0,118,-38.54142514796502,0.0,118,-52.90023706364583,0.0,118,-52.417312685037,0.0,0.0,0.20699857072061,0.20699857072061,0.0,-7449.878560234754,-7449.878560234754,770.0,770.0,745.194854594196,0.0,24.805145405803955,0.0,0.0,770
744.9878560234754,0.0,-7449.878560234754,0.0,40235.25821132745,24.805145405803955,-0.0,0.9753292660249545,0.36094485086520944,0.0,799.2,0.0,0.0,1.0,888.0,-0.0,118,-51.495051654548924,0.0,180,-30.490629204606524,0.0,118,-44.833309563708426,0.0,118,-19.633321667250446,0.0,118,-31.53011606984702,0.0,118,-13.935282839119157,0.0,0.0,0.20699857072061,0.20699857072061,0.0,-7449.878560234754,-7449.878560234754,770.0,770.0,745.194854594196,0.0,24.805145405803955,0.0,0.0,770
744.9878560234754,0.0,-7449.878560234754,0.0,40207.696938654335,24.805145405803955,-0.0,0.9746611625494954,0.36094485086520944,0.0,799.2,0.0,0.0,1.0,888.0,-0.0,118,-4.0478594422313225,0.0,180,-17.366482802155062,0.0,118,-1.0971888007335995,0.0,118,-8.546721546393758,0.0,118,-6.51456978390412,0.0,118,-14.641567785003494,0.0,0.0,0.20699857072061,0.20699857072061,0.0,-7449.878560234754,-7449.878560234754,770.0,770.0,745.194854594196,0.0,24.805145405803955,0.0,0.0,770
744.9878560234754,0.0,-7449.878560234754,0.0,40180.13566598122,24.805145405803955,-0.0,0.9739930590740363,0.36094485086520944,0.0,799.2,0.0,0.0,1.0,888.0,-0.0,118,-24.482260843469273,0.0,180,-52.168138625094095,0.0,118,-39.99842605831275,0.0,118,-18.58854094368944,0.0,118,-42.464260176580275,0.0,118,-1.7007728627880137,0.0,0.0,0.20699857072061,0.20699857072061,0.0,-7449.878560234754,-7449.878560234754,770.0,770.0,745.194854594196,0.0,24.805145405803955,0.0,0.0,770
744.9878560234754,0.0,-7449.878560234754,0.0,40152.57439330811,24.805145405803955,-0.0,0.9733249555985773,0.36094485086520944,0.0,799.2,0.0,0.0,1.0,888.0,-0.0,118,-38.88364831466264,0.0,180,-20.39140318410766,0.0,118,-5.6211530567145696,0.0,118,-53.378795646332435,0.0,118,-58.99393956348715,0.0,118,-59.684197840032745,0.0,0.0,0.20699857072061,0.20699857072061,0.0,-7449.878560234754,-7449.878560234754,770.0,770.0,745.194854594196,0.0,24.805145405803955,0.0,0.0,770
0.0,0.0,-0.0,0.0,40125.013120635,770.0,-0.0,0.9726568521231183,0.36094485086520944,0.0,799.2,0.0,0.0,1.0,888.0,-0.0,118,-5.73588916872998,0.0,180,-7.419161306369844,0.0,118,-17.432564435756785,0.0,118,-4.338035359096219,0.0,118,-6.807756339643165,0.0,118,-56.988591021240836,0.0,0.0,0.0,0.0,0.0,0.0,0.0,770.0,770.0,0.0,0.0,770.0,0.0,0.0,770
0.0,0.0,-0.0,0.0,39269.45756507944,770.0,-0.0,0.9519176196901908,0.36094485086520944,0.0,799.2,0.0,0.0,1.0,888.0,-0.0,118,-10.364068006139311,0.0,180,-8.778196405585241,0.0,118,-16.87247703316044,0.0,118,-12.166614902893462,0.0,118,-0.050268981670404944,0.0,118,-17.177387339839697,0.0,0.0,0.0,0.0,0.0,0.0,0.0,770.0,770.0,0.0,0.0,770.0,0.0,0.0,770
0.0,0.0,-0.0,0.0,38413.90200952389,772.0,-0.0,0.9311783872572634,0.36094485086520944,0.0,799.2,0.0,0.0,1.0,888.0,-0.0,118,-6.4336224120295,0.0,180,-32.15294763001896,0.0,118,-34.750408142314285,0.0,118,-55.10389005759873,0.0,120,-25.994510416421196,0.0,118,-15.99639237074755,0.0,0.0,0.0,0.0,0.0,0.0,0.0,772.0,772.0,0.0,0.0,772.0,0.0,0.0,772
0.0,0.0,-0.0,0.0,37556.12423174611,772.0,-0.0,0.9103852866881464,0.36094485086520944,0.0,799.2,0.0,0.0,1.0,888.0,-0.0,118,-30.237392624754982,0.0,180,-28.552637321722955,0.0,118,-28.811408054516114,0.0,118,-13.877542481078082,0.0,120,-57.61503799897854,0.0,118,-59.25950767130841,0.0,0.0,0.0,0.0,0.0,0.0,0.0,772.0,772.0,0.0,0.0,772.0,0.0,0.0,772
0.0,0.0,-0.0,0.0,36698.34645396833,772.0,-0.0,0.8895921861190296,0.36094485086520944,0.0,799.2,0.0,0.0,1.0,888.0,-0.0,118,-18.008542347567765,0.0,180,-57.13758382712472,0.0,118,-41.534810831722034,0.0,118,-51.273806755015116,0.0,120,-35.22047377169664,0.0,118,-12.949562451976933,0.0,0.0,0.0,0.0,0.0,0.0,0.0,772.0,772.0,0.0,0.0,772.0,0.0,0.0,772
0.0,0.0,-0.0,0.0,35840.568676190545,772.0,-0.0,0.8687990855499126,0.36094485086520944,0.0,799.2,0.0,0.0,1.0,888.0,-0.0,118,-32.49281917575658,0.0,180,-55.35709747645399,0.0,118,-26.771702607635795,0.0,118,-3.8644825969503893,0.0,120,-36.96002212555229,0.0,118,-32.04304231673598,0.0,0.0,0.0,0.0,0.0,0.0,0.0,772.0,772.0,0.0,0.0,772.0,0.0,0.0,772
0.0,0.0,-0.0,0.0,34982.790898412764,832.0,-0.0,0.8480059849807957,0.36094485086520944,0.0,799.2,0.0,0.0,1.0,888.0,-0.0,118,-23.01854801002923,0.0,180,-56.99606675416824,0.0,118,-15.576260579472322,0.0,118,-46.00468262887201,0.0,180,-1.4141633514293739,0.0,118,-7.343733452322514,0.0,0.0,0.0,0.0,0.0,0.0,0.0,832.0,832.0,0.0,0.0,832.0,0.0,0.0,832
0.0,0.0,-0.0,0.0,34058.34645396832,832.0,-0.0,0.8255968403259961,0.36094485086520944,0.0,799.2,0.0,0.0,1.0,888.0,-0.0,118,-56.34705304260894,0.0,180,-54.38275942333002,0.0,118,-51.93684623820849,0.0,118,-2.4324406546970834,0.0,180,-29.708051313432257,0.0,118,-59.990245111323105,0.0,0.0,0.0,0.0,0.0,0.0,0.0,832.0,832.0,0.0,0.0,832.0,0.0,0.0,832
0.0,0.0,-0.0,0.0,33133.902009523874,832.0,-0.0,0.8031876956711966,0.36094485086520944,0.0,799.2,0.0,0.0,1.0,888.0,-0.0,118,-50.59585239168765,0.0,180,-29.541502232546982,0.0,118,-44.74671995513826,0.0,118,-26.942834297640083,0.0,180,-31.761242652726345,0.0,118,-36.402070849347346,0.0,0.0,0.0,0.0,0.0,0.0,0.0,832.0,832.0,0.0,0.0,832.0,0.0,0.0,832
0.0,0.0,-0.0,0.0,32209.45756507943,832.0,-0.0,0.780778551016397,0.36094485086520944,0.0,799.2,0.0,0.0,1.0,888.0,-0.0,118,-27.883498741527205,0.0,180,-37.19581815146367,0.0,118,-16.4076812810003,0.0,118,-8.386175622439167,0.0,180,-58.71929640627761,0.0,118,-18.815338958551052,0.0,0.0,0.0,0.0,0.0,0.0,0.0,832.0,832.0,0.0,0.0,832.0,0.0,0.0,832
0.0,0.0,-0.0,0.0,31285.013120634983,772.0,-0.0,0.7583694063615976,0.36094485086520944,0.0,799.2,0.0,0.0,1.0,888.0,-0.0,118,-27.001334103943663,0.0,180,-22.02765132574426,0.0,118,-8.101279377181982,0.0,118,-56.270121796866285,0.0,120,-7.6370668948745575,0.0,118,-11.353296238191932,0.0,0.0,0.0,0.0,0.0,0.0,0.0,772.0,772.0,0.0,0.0,772.0,0.0,0.0,772
0.0,0.0,-0.0,0.0,30427.235342857206,772.0,-0.0,0.7375763057924807,0.36094485086520944,0.0,799.2,0.0,0.0,1.0,888.0,-0.0,118,-55.07938958558474,0.0,180,-40.63945653764557,0.0,118,-8.60430754786506,0.0,118,-7.679418297320275,0.0,120,-42.879719029700134,0.0,118,-7.392876007028589,0.0,0.0,0.0,0.0,0.0,0.0,0.0,772.0,772.0,0.0,0.0,772.0,0.0,0.0,772
0.0,0.0,-0.0,0.0,29569.45756507943,772.0,-0.0,0.7167832052233638,0.36094485086520944,0.0,799.2,0.0,0.0,1.0,888.0,-0.0,118,-50.81628118746193,0.0,180,-13.548022040588808,0.0,118,-10.85498798616846,0.0,118,-40.33744678221859,0.0,120,-53.74197250447428,0.0,118,-48.393247991757924,0.0,0.0,0.0,0.0,0.0,0.0,0.0,772.0,772.0,0.0,0.0,772.0,0.0,0.0,772
0.0,0.0,-0.0,0.0,28711.67978730165,772.0,-0.0,0.695990104654247,0.36094485086520944,0.0,799.2,0.0,0.0,1.0,888.0,-0.0,118,-49.31338847919184,0.0,180,-19.477395980915585,0.0,118,-50.41185180252121,0.0,118,-19.88686222676755,0.0,120,-26.18758721025774,0.0,118,-40.673610127878405,0.0,0.0,0.0,0.0,0.0,0.0,0.0,772.0,772.0,0.0,0.0,772.0,0.0,0.0,772
0.0,0.0,-0.0,0.0,27853.902009523874,857.0,-0.0,0.6751970040851302,0.36094485086520944,0.0,799.2,0.0,0.0,1.0,888.0,-0.0,118,-42.104763727728574,0.0,180,-32.0440291385016,0.0,118,-27.028474873501942,0.0,203,-50.39969017022274,0.0,120,-28.901833905579423,0.0,118,-17.845244816881735,0.0,0.0,0.0,0.0,0.0,0.0,0.0,857.0,857.0,0.0,0.0,857.0,0.0,0.0,857
0.0,0.0,-0.0,0.0,26901.67978730165,857.0,-0.0,0.6521145077279629,0.36094485086520944,0.0,799.2,0.0,0.0,1.0,888.0,-0.0,118,-7.902782192023228,0.0,180,-55.5431922956169,0.0,118,-53.86971739303586,0.0,203,-41.458686479266724,0.0,120,-50.96859356963548,0.0,118,-17.57586193716371,0.0,0.0,0.0,0.0,0.0,0.0,0.0,857.0,857.0,0.0,0.0,857.0,0.0,0.0,857
0.0,0.0,-0.0,0.0,25949.45756507943,857.0,-0.0,0.6290320113707956,0.36094485086520944,0.0,799.2,0.0,0.0,1.0,888.0,-0.0,118,-59.340317561461546,0.0,180,-24.446482163025493,0.0,118,-34.79871047261597,0.0,203,-52.25892990577551,0.0,120,-34.35040757687128,0.0,118,-25.10980332330095,0.0,0.0,0.0,0.0,0.0,0.0,0.0,857.0,857.0,0.0,0.0,857.0,0.0,0.0,857
0.0,0.0,-0.0,0.0,24997.235342857206,857.0,-0.0,0.6059495150136283,0.36094485086520944,0.0,799.2,0.0,0.0,1.0,888.0,-0.0,118,-5.035182014020448,0.0,180,-4.9976008322175485,0.0,118,-59.41498497124233,0.0,203,-40.989083392104675,0.0,120,-20.205886283666743,0.0,118,-39.459128744369366,0.0,0.0,0.0,0.0,0.0,0.0,0.0,857.0,857.0,0.0,0.0,857.0,0.0,0.0,857
0.0,0.0,-0.0,0.0,24045.013120634983,857.0,-0.0,0.582867018656461,0.36094485086520944,0.0,799.2,0.0,0.0,1.0,888.0,-0.0,118,-0.9168655423933503,0.0,180,-50.34966304059457,0.0,118,-9.495359771395895,0.0,203,-33.5669953170305,0.0,120,-49.508346978069234,0.0,118,-44.13982012923562,0.0,0.0,0.0,0.0,0.0,0.0,0.0,857.0,857.0,0.0,0.0,857.0,0.0,0.0,857
0.0,0.0,-0.0,0.0,23092.79089841276,857.0,-0.0,0.5597845222992937,0.36094485086520944,0.0,799.2,0.0,0.0,1.0,888.0,-0.0,118,-12.490173773678277,0.0,180,-30.992413524249255,0.0,118,-9.992880269140151,0.0,203,-36.31060432922718,0.0,120,-46.490009977626755,0.0,118,-54.601570361518505,0.0,0.0,0.0,0.0,0.0,0.0,0.0,857.0,857.0,0.0,0.0,857.0,0.0,0.0,857
0.0,0.0,-0.0,0.0,22140.568676190538,857.0,-0.0,0.5367020259421263,0.36094485086520944,0.0,799.2,0.0,0.0,1.0,888.0,-0.0,118,-17.39791740368808,0.0,180,-47.14158006671492,0.0,118,-52.507787436845234,0.0,203,-4.762265658505502,0.0,120,-51.78107345559095,0.0,118,-36.99776833276688,0.0,0.0,0.0,0.0,0.0,0.0,0.0,857.0,857.0,0.0,0.0,857.0,0.0,0.0,857
0.0,0.0,-0.0,0.0,21188.346453968315,857.0,-0.0,0.513619529584959,0.36094485086520944,0.0,799.2,0.0,0.0,1.0,888.0,-0.0,118,-49.8671473003963,0.0,180,-34.724207368418014,0.0,118,-35.59558066608118,0.0,203,-52.48688902740075,0.0,120,-24.846435479676742,0.0,118,-32.905619871766746,0.0,0.0,0.0,0.0,0.0,0.0,0.0,857.0,857.0,0.0,0.0,857.0,0.0,0.0,857
0.0,0.0,-0.0,0.0,20236.124231746093,772.0,-0.0,0.49053703322779174,0.36094485086520944,0.0,799.2,0.0,0.0,1.0,888.0,-0.0,118,-18.123094978093565,0.0,180,-58.45549710148797,0.0,118,-3.7271432028879303,0.0,118,-53.86549481496954,0.0,120,-21.14342779751074,0.0,118,-54.49529394992422,0.0,0.0,0.0,0.0,0.0,0.0,0.0,772.0,772.0,0.0,0.0,772.0,0.0,0.0,772
0.0,0.0,-0.0,0.0,19378.346453968315,772.0,-0.0,0.4697439326586749,0.36094485086520944,0.0,799.2,0.0,0.0,1.0,888.0,-0.0,118,-9.9871854632449,0.0,180,-58.79574055212966,0.0,118,-53.81992409689874,0.0,118,-21.880449204620643,0.0,120,-59.18945345692677,0.0,118,-40.136133330393605,0.0,0.0,0.0,0.0,0.0,0.0,0.0,772.0,772.0,0.0,0.0,772.0,0.0,0.0,772
0.0,0.0,-0.0,0.0,18520.568676190538,772.0,-0.0,0.44895083208955805,0.36094485086520944,0.0,799.2,0.0,0.0,1.0,888.0,-0.0,118,-28.182994116226553,0.0,180,-5.188603862938354,0.0,118,-6.757807475729656,0.0,118,-44.6162948434545,0.0,120,-42.751794283645985,0.0,118,-44.57868139898741,0.0,0.0,0.0,0.0,0.0,0.0,0.0,772.0,772.0,0.0,0.0,772.0,0.0,0.0,772
0.0,0.0,-0.0,0.0,17662.79089841276,772.0,-0.0,0.4281577315204412,0.36094485086520944,0.0,799.2,0.0,0.0,1.0,888.0,-0.0,118,-27.28510155283527,0.0,180,-54.431873922347606,0.0,118,-50.74641422551621,0.0,118,-0.3802418157234366,0.0,120,-33.26460167008035,0.0,118,-56.456561483336216,0.0,0.0,0.0,0.0,0.0,0.0,0.0,772.0,772.0,0.0,0.0,772.0,0.0,0.0,772
0.0,0.0,-0.0,0.0,16805.013120634983,772.0,-0.0,0.40736463095132436,0.36094485086520944,0.0,799.2,0.0,0.0,1.0,888.0,-0.0,118,-19.058787339968063,0.0,180,-9.685111370365721,0.0,118,-51.24278418707456,0.0,118,-9.21071841462011,0.0,120,-25.79588161272087,0.0,118,-33.09182279076309,0.0,0.0,0.0,0.0,0.0,0.0,0.0,772.0,772.0,0.0,0.0,772.0,0.0,0.0,772
0.0,0.0,-0.0,0.0,15947.235342857206,772.0,-0.0,0.3865715303822075,0.36094485086520944,0.0,799.2,0.0,0.0,1.0,888.0,-0.0,118,-8.255293385154188,0.0,180,-46.653091954630995,0.0,118,-40.90604003941071,0.0,118,-37.28839853450926,0.0,120,-19.97351144347621,0.0,118,-51.77912194901285,0.0,0.0,0.0,0.0,0.0,0.0,0.0,772.0,772.0,0.0,0.0,772.0,0.0,0.0,772
0.0,0.0,-0.0,0.0,15089.457565079429,772.0,-0.0,0.36577842981309067,0.36094485086520944,0.0,799.2,0.0,0.0,1.0,888.0,-0.0,118,-33.1108818659663,0.0,180,-7.257682705996635,0.0,118,-54.42255134798556,0.0,118,-53.30047410850575,0.0,120,-43.9798749143292,0.0,118,-48.07551436784591,0.0,0.0,0.0,0.0,0.0,0.0,0.0,772.0,772.0,0.0,0.0,772.0,0.0,0.0,772
0.0,0.0,-0.0,0.0,14231.679787301651,772.0,-0.0,0.3449853292439738,0.36094485086520944,0.0,799.2,0.0,0.0,1.0,888.0,-0.0,118,-25.513682483355844,0.0,180,-29.22282548021483,0.0,118,-47.630076565493326,0.0,118,-37.728328105958035,0.0,120,-39.41587054325859,0.0,118,-42.14561200204141,0.0,0.0,0.0,0.0,0.0,0.0,0.0,772.0,772.0,0.0,0.0,772.0,0.0,0.0,772
0.0,0.0,-0.0,0.0,13373.902009523874,772.0,-0.0,0.324192228674857,0.36094485086520944,0.0,799.2,0.0,0.0,1.0,888.0,-0.0,118,-39.61199156694867,0.0,180,-46.4955211836275,0.0,118,-6.818973736441228,0.0,118,-21.93594084386333,0.0,120,-27.014395160104595,0.0,118,-27.07240711872584,0.0,0.0,0.0,0.0,0.0,0.0,0.0,772.0,772.0,0.0,0.0,772.0,0.0,0.0,772
0.0,0.0,-0.0,0.0,12516.124231746096,772.0,-0.0,0.3033991281057401,0.36094485086520944,0.0,799.2,0.0,0.0,1.0,888.0,-0.0,118,-44.111021092128546,0.0,180,-48.62590300607173,0.0,118,-23.349182268887716,0.0,118,-57.11111768333964,0.0,120,-52.89467532859633,0.0,118,-9.578522126455562,0.0,0.0,0.0,0.0,0.0,0.0,0.0,772.0,772.0,0.0,0.0,772.0,0.0,0.0,772
0.0,0.0,-0.0,0.0,11658.34645396832,774.0,-0.0,0.2826060275366232,0.36094485086520944,0.0,799.2,0.0,0.0,1.0,888.0,-0.0,118,-20.010705677675062,0.0,180,-30.965735695887552,0.0,118,-29.26841747363082,0.0,120,-11.915763034599857,0.0,120,-3.6739465052657994,0.0,118,-53.19509403005755,0.0,0.0,0.0,0.0,0.0,0.0,0.0,774.0,774.0,0.0,0.0,774.0,0.0,0.0,774
0.0,0.0,-0.0,0.0,10798.34645396832,774.0,-0.0,0.26175905883131695,0.36094485086520944,0.0,799.2,0.0,0.0,1.0,888.0,-0.0,118,-25.390194909389724,0.0,180,-2.5952007285802847,0.0,118,-14.974742898329943,0.0,120,-21.89153462689315,0.0,120,-6.359219413274988,0.0,118,-36.96874656737502,0.0,0.0,0.0,0.0,0.0,0.0,0.0,774.0,774.0,0.0,0.0,774.0,0.0,0.0,774
0.0,0.0,-0.0,0.0,9938.34645396832,774.0,-0.0,0.2409120901260107,0.36094485086520944,0.0,799.2,0.0,0.0,1.0,888.0,-0.0,118,-51.59062457850957,0.0,180,-10.71848618031083,0.0,118,-5.68989396333629,0.0,120,-58.59387509150396,0.0,120,-6.78527665617646,0.0,118,-7.425011459016364,0.0,0.0,0.0,0.0,0.0,0.0,0.0,774.0,774.0,0.0,0.0,774.0,0.0,0.0,774
0.0,0.0,-0.0,0.0,9078.34645396832,774.0,-0.0,0.22006512142070442,0.36094485086520944,0.0,799.2,0.0,0.0,1.0,888.0,-0.0,118,-58.762871067451655,0.0,180,-27.66327199106521,0.0,118,-46.10900423734742,0.0,120,-29.16472731146986,0.0,120,-17.066560336732557,0.0,118,-30.06585379172869,0.0,0.0,0.0,0.0,0.0,0.0,0.0,774.0,774.0,0.0,0.0,774.0,0.0,0.0,774
0.0,0.0,-0.0,0.0,8218.34645396832,774.0,-0.0,0.19921815271539814,0.36094485086520944,0.0,799.2,0.0,0.0,1.0,888.0,-0.0,118,-28.44410773922845,0.0,180,-14.657452011640455,0.0,118,-3.2101927104547268,0.0,120,-16.332148671385216,0.0,120,-40.54178066107317,0.0,118,-1.9315014257977903,0.0,0.0,0.0,0.0,0.0,0.0,0.0,774.0,774.0,0.0,0.0,774.0,0.0,0.0,774
0.0,0.0,-0.0,0.0,7358.346453968319,776.0,-0.0,0.17837118401009186,0.36094485086520944,0.0,799.2,0.0,0.0,1.0,888.0,-0.0,118,-48.59134036328409,0.0,180,-58.22929720069613,0.0,120,-28.13442797741901,0.0,120,-6.125183894683919,0.0,120,-4.000110360327596,0.0,118,-58.02195090851819,0.0,0.0,0.0,0.0,0.0,0.0,0.0,776.0,776.0,0.0,0.0,776.0,0.0,0.0,776
0.0,0.0,-0.0,0.0,6496.1242317460965,776.0,-0.0,0.15747034716859615,0.36094485086520944,0.0,799.2,0.0,0.0,1.0,888.0,-0.0,118,-35.73662927092472,0.0,180,-18.467980958692788,0.0,120,-11.860730836722785,0.0,120,-32.65942484295098,0.0,120,-18.94372039205027,0.0,118,-44.48216680486424,0.0,0.0,0.0,0.0,0.0,0.0,0.0,776.0,776.0,0.0,0.0,776.0,0.0,0.0,776
0.0,0.0,-0.0,0.0,5633.902009523874,776.0,-0.0,0.13656951032710044,0.36094485086520944,0.0,799.2,0.0,0.0,1.0,888.0,-0.0,118,-26.38901641168083,0.0,180,-58.56610106975153,0.0,120,-16.60326347979906,0.0,120,-6.477393236433768,0.0,120,-13.772237881535245,0.0,118,-12.334604336900764,0.0,0.0,0.0,0.0,0.0,0.0,0.0,776.0,776.0,0.0,0.0,776.0,0.0,0.0,776
0.0,0.0,-0.0,0.0,4771.679787301651,776.0,-0.0,0.11566867348560471,0.36094485086520944,0.0,799.2,0.0,0.0,1.0,888.0,-0.0,118,-44.19390118569773,0.0,180,-56.71903861754933,0.0,120,-31.932131680864526,0.0,120,-43.87630810716455,0.0,120,-52.73147931968587,0.0,118,-7.983394861226536,0.0,0.0,0.0,0.0,0.0,0.0,0.0,776.0,776.0,0.0,0.0,776.0,0.0,0.0,776
0.0,0.0,-0.0,0.0,3909.457565079429,776.0,-0.0,0.09476783664410901,0.36094485086520944,0.0,799.2,0.0,0.0,1.0,888.0,-0.0,118,-18.668818902525572,0.0,180,-31.63929154257508,0.0,120,-9.824482907726537,0.0,120,-48.38333788942104,0.0,120,-36.520354417344265,0.0,118,-15.21714575756879,0.0,0.0,0.0,0.0,0.0,0.0,0.0,776.0,776.0,0.0,0.0,776.0,0.0,0.0,776
0.0,0.0,-0.0,0.0,3047.235342857207,776.0,-0.0,0.07386699980261331,0.36094485086520944,0.0,799.2,0.0,0.0,1.0,888.0,-0.0,118,-29.111293809300662,0.0,180,-20.519177189591385,0.0,120,-17.286434809873363,0.0,120,-41.46126157419316,0.0,120,-15.362099800824158,0.0,118,-53.48818979130733,0.0,0.0,0.0,0.0,0.0,0.0,0.0,776.0,776.0,0.0,0.0,776.0,0.0,0.0,776
0.0,0.0,-0.0,0.0,2185.0131206349847,776.0,-0.0,0.052966162961117606,0.36094485086520944,0.0,799.2,0.0,0.0,1.0,888.0,-0.0,118,-33.84753851888054,0.0,180,-29.693095246548868,0.0,120,-9.446583296881041,0.0,120,-44.61647212451862,0.0,120,-1.5535945109018567,0.0,118,-34.39963991486194,0.0,0.0,0.0,0.0,0.0,0.0,0.0,776.0,776.0,0.0,0.0,776.0,0.0,0.0,776
0.0,0.0,-0.0,0.0,1322.7908984127625,776.0,-0.0,0.03206532611962191,0.36094485086520944,0.0,799.2,0.0,0.0,1.0,888.0,-0.0,118,-52.31787953583792,0.0,180,-16.794218103359608,0.0,120,-27.69373737115871,0.0,120,-3.793151308893843,0.0,120,-13.394236579193299,0.0,118,-29.85097978639534,0.0,0.0,0.0,0.0,0.0,0.0,0.0,776.0,776.0,0.0,0.0,776.0,0.0,0.0,776
0.0,0.0,-0.0,0.0,460.5686761905404,414.51180857148637,-0.0,0.011164489278126206,0.36094485086520944,130.47730134469913,799.2,0.0,361.48819142851363,1.0,888.0,-321001.5139885201,118,-59.37063099571054,0.0,180,-58.12663476980945,0.0,120,-9.848254907428252,0.0,120,-48.940100703546335,0.0,120,-47.66499390215245,0.0,118,-11.02234174527785,0.0,0.0,0.0,0.0,0.0,-321001.5139885201,-321001.5139885201,776.0,776.0,0.0,0.0,776.0,0.0,0.0,776
0.0,0.0,-0.0,0.0,0.0,0.0,-0.0,0.0,0.36094485086520944,280.09320427140256,799.2,0.0,776.0,1.0,888.0,-689088.0,118,-34.67545772205971,0.0,180,-39.56972266076386,0.0,120,-2.03044142311539,0.0,120,-19.550090424195595,0.0,120,-58.38007251353051,0.0,118,-44.5071492672307,0.0,0.0,0.0,0.0,0.0,-689088.0,-689088.0,776.0,776.0,0.0,0.0,776.0,0.0,0.0,776
0.0,0.0,-0.0,0.0,0.0,0.0,-0.0,0.0,0.36094485086520944,280.09320427140256,799.2,0.0,776.0,1.0,888.0,-689088.0,118,-48.62649464772924,0.0,180,-56.216491720750405,0.0,120,-40.66383372343044,0.0,120,-12.753248434990594,0.0,120,-25.296736542199177,0.0,118,-12.396725029420075,0.0,0.0,0.0,0.0,0.0,-689088.0,-689088.0,776.0,776.0,0.0,0.0,776.0,0.0,0.0,776
0.0,0.0,-0.0,0.0,0.0,0.0,-0.0,0.0,0.36094485086520944,280.09320427140256,799.2,0.0,776.0,1.0,888.0,-689088.0,118,-17.438265930071463,0.0,180,-26.509950221065978,0.0,120,-30.812706231790607,0.0,120,-26.440947987827304,0.0,120,-15.787113407450304,0.0,118,-28.25266853012741,0.0,0.0,0.0,0.0,0.0,-689088.0,-689088.0,776.0,776.0,0.0,0.0,776.0,0.0,0.0,776
0.0,0.0,-0.0,0.0,0.0,0.0,-0.0,0.0,0.36094485086520944,279.3713145696721,799.2,0.0,774.0,1.0,888.0,-687312.0,118,-15.160182479497822,0.0,180,-6.668738536129424,0.0,120,-37.33336683997073,0.0,120,-6.118570340359852,0.0,118,-5.745157475837937,0.0,118,-7.623761027474858,0.0,0.0,0.0,0.0,0.0,-687312.0,-687312.0,774.0,774.0,0.0,0.0,774.0,0.0,0.0,774
0.0,0.0,-0.0,0.0,0.0,0.0,-0.0,0.0,0.36094485086520944,279.3713145696721,799.2,0.0,774.0,1.0,888.0,-687312.0,118,-36.13372934691202,0.0,180,-23.000200426065096,0.0,120,-39.405676956343335,0.0,120,-30.095438396233966,0.0,118,-23.697926280166737,0.0,118,-54.482268161361084,0.0,0.0,0.0,0.0,0.0,-687312.0,-687312.0,774.0,774.0,0.0,0.0,774.0,0.0,0.0,774
0.0,0.0,-0.0,0.0,0.0,0.0,-0.0,0.0,0.36094485086520944,279.3713145696721,799.2,0.0,774.0,1.0,888.0,-687312.0,118,-12.79296031199225,0.0,180,-30.700570403739018,0.0,120,-50.831307788553175,0.0,120,-46.734299268731306,0.0,118,-59.63361636158347,0.0,118,-21.755471695270497,0.0,0.0,0.0,0.0,0.0,-687312.0,-687312.0,774.0,774.0,0.0,0.0,774.0,0.0,0.0,774
0.0,0.0,-0.0,0.0,0.0,0.0,-0.0,0.0,0.36094485086520944,279.3713145696721,799.2,0.0,774.0,1.0,888.0,-687312.0,118,-37.61870821691202,0.0,180,-43.62058603991432,0.0,120,-15.100255752331528,0.0,120,-8.65091543027826,0.0,118,-22.162843026623975,0.0,118,-51.340758085629176,0.0,0.0,0.0,0.0,0.0,-687312.0,-687312.0,774.0,774.0,0.0,0.0,774.0,0.0,0.0,774
0.0,0.0,-0.0,0.0,0.0,0.0,-0.0,0.0,0.36094485086520944,279.3713145696721,799.2,0.0,774.0,1.0,888.0,-687312.0,118,-35.93056295976463,0.0,180,-0.7786175352521418,0.0,120,-34.21497799032046,0.0,120,-8.12999952075534,0.0,118,-6.250216267664954,0.0,118,-50.766466964629664,0.0,0.0,0.0,0.0,0.0,-687312.0,-687312.0,774.0,774.0,0.0,0.0,774.0,0.0,0.0,774
0.0,0.0,-0.0,0.0,0.0,0.0,-0.0,0.0,0.36094485086520944,279.3713145696721,799.2,0.0,774.0,1.0,888.0,-687312.0,118,-48.398324279224376,0.0,180,-4.22709545529724,0.0,120,-59.2597171701025,0.0,120,-18.15277331041994,0.0,118,-46.95437887976802,0.0,118,-52.44978341278763,0.0,0.0,0.0,0.0,0.0,-687312.0,-687312.0,774.0,774.0,0.0,0.0,774.0,0.0,0.0,774
0.0,0.0,-0.0,0.0,0.0,0.0,-0.0,0.0,0.36094485086520944,279.3713145696721,799.2,0.0,774.0,1.0,888.0,-687312.0,118,-26.471430737424225,0.0,180,-11.225219096143624,0.0,120,-58.08808812496886,0.0,120,-41.60576678887592,0.0,118,-27.330890437345964,0.0,118,-24.319295965074723,0.0,0.0,0.0,0.0,0.0,-687312.0,-687312.0,774.0,774.0,0.0,0.0,774.0,0.0,0.0,774
0.0,0.0,-0.0,0.0,0.0,0.0,-0.0,0.0,0.36094485086520944,279.3713145696721,799.2,0.0,774.0,1.0,888.0,-687312.0,118,-37.5936218207407,0.0,180,-18.051822957087275,0.0,120,-8.063275172273745,0.0,120,-4.606610928726546,0.0,118,-0.29442654433158966,0.0,118,-52.24397591230678,0.0,0.0,0.0,0.0,0.0,-687312.0,-687312.0,774.0,774.0,0.0,0.0,774.0,0.0,0.0,774
0.0,0.0,-0.0,0.0,0.0,0.0,-0.0,0.0,0.36094485086520944,279.3713145696721,799.2,0.0,774.0,1.0,888.0,-687312.0,118,-35.127235723364436,0.0,180,-39.722033491709844,0.0,120,-47.78173602467069,0.0,120,-10.13509690341359,0.0,118,-20.635978590773394,0.0,118,-21.977983528215606,0.0,0.0,0.0,0.0,0.0,-687312.0,-687312.0,774.0,774.0,0.0,0.0,774.0,0.0,0.0,774
0.0,0.0,-0.0,0.0,0.0,0.0,-0.0,0.0,0.36094485086520944,279.3713145696721,799.2,0.0,774.0,1.0,888.0,-687312.0,118,-47.391035966368385,0.0,180,-0.5590598683780601,0.0,120,-37.97286451382032,0.0,120,-26.574845930959466,0.0,118,-27.476623741789638,0.0,118,-9.058729216301863,0.0,0.0,0.0,0.0,0.0,-687312.0,-687312.0,774.0,774.0,0.0,0.0,774.0,0.0,0.0,774
0.0,0.0,-0.0,0.0,0.0,0.0,-0.0,0.0,0.36094485086520944,256.9927338160291,799.2,0.0,712.0,1.0,888.0,-632256.0,118,-23.680170157731688,0.0,118,-22.462899687139025,0.0,120,-14.912596098057445,0.0,120,-12.002141865337562,0.0,118,-11.029862373647836,0.0,118,-44.770806850031825,0.0,0.0,0.0,0.0,0.0,-632256.0,-632256.0,712.0,712.0,0.0,0.0,712.0,0.0,0.0,712
0.0,0.0,-0.0,0.0,0.0,0.0,-0.0,0.0,0.36094485086520944,256.9927338160291,799.2,0.0,712.0,1.0,888.0,-632256.0,118,-10.776383100994833,0.0,118,-51.95200404643175,0.0,120,-28.0878409115882,0.0,120,-48.02473374235564,0.0,118,-11.35461905880107,0.0,118,-25.6705327885567,0.0,0.0,0.0,0.0,0.0,-632256.0,-632256.0,712.0,712.0,0.0,0.0,712.0,0.0,0.0,712
0.0,0.0,-0.0,0.0,0.0,0.0,-0.0,0.0,0.36094485086520944,256.9927338160291,799.2,0.0,712.0,1.0,888.0,-632256.0,118,-49.78727396560258,0.0,118,-14.937488518752938,0.0,120,-4.681533646549713,0.0,120,-52.37210175200679,0.0,118,-15.119167052576666,0.0,118,-46.223734098943396,0.0,0.0,0.0,0.0,0.0,-632256.0,-632256.0,712.0,712.0,0.0,0.0,712.0,0.0,0.0,712
0.0,0.0,-0.0,0.0,0.0,0.0,-0.0,0.0,0.36094485086520944,256.9927338160291,799.2,0.0,712.0,1.0,888.0,-632256.0,118,-51.968565251510476,0.0,118,-32.20702952800465,0.0,120,-11.197874526137358,0.0,120,-30.152188068863104,0.0,118,-58.95772364858342,0.0,118,-6.186353547124175,0.0,0.0,0.0,0.0,0.0,-632256.0,-632256.0,712.0,712.0,0.0,0.0,712.0,0.0,0.0,712
0.0,0.0,-0.0,0.0,0.0,0.0,-0.0,0.0,0.36094485086520944,256.9927338160291,799.2,0.0,712.0,1.0,888.0,-632256.0,118,-45.638919808860436,0.0,118,-18.54796760333099,0.0,120,-27.876838635877736,0.0,120,-6.649646854298538,0.0,118,-59.746561526750796,0.0,118,-1.1848614257120582,0.0,0.0,0.0,0.0,0.0,-632256.0,-632256.0,712.0,712.0,0.0,0.0,712.0,0.0,0.0,712
0.0,0.0,-0.0,0.0,0.0,0.0,-0.0,0.0,0.36094485086520944,256.9927338160291,799.2,0.0,712.0,1.0,888.0,-632256.0,118,-37.27807320347052,0.0,118,-47.173407323269814,0.0,120,-17.117032557484507,0.0,120,-19.07709348992597,0.0,118,-14.569603397761616,0.0,118,-18.14363453915843,0.0,0.0,0.0,0.0,0.0,-632256.0,-632256.0,712.0,712.0,0.0,0.0,712.0,0.0,0.0,712
0.0,0.0,-0.0,0.0,0.0,0.0,-0.0,0.0,0.36094485086520944,256.9927338160291,799.2,0.0,712.0,1.0,888.0,-632256.0,118,-27.912909823522845,0.0,118,-3.5103946549036635,0.0,120,-32.697226265005135,0.0,120,-26.708314300463485,0.0,118,-22.253453824693946,0.0,118,-23.34736015598232,0.0,0.0,0.0,0.0,0.0,-632256.0,-632256.0,712.0,712.0,0.0,0.0,712.0,0.0,0.0,712
0.0,0.0,-0.0,0.0,0.0,0.0,-0.0,0.0,0.36094485086520944,256.9927338160291,799.2,0.0,712.0,1.0,888.0,-632256.0,118,-48.08838543031939,0.0,118,-26.2934917840389,0.0,120,-6.566627896185475,0.0,120,-36.01296068165687,0.0,118,-40.313524295208,0.0,118,-51.20881549727208,0.0,0.0,0.0,0.0,0.0,-632256.0,-632256.0,712.0,712.0,0.0,0.0,712.0,0.0,0.0,712
0.0,0.0,-0.0,0.0,0.0,0.0,-0.0,0.0,0.36094485086520944,256.9927338160291,799.2,0.0,712.0,1.0,888.0,-632256.0,118,-19.700075776332238,0.0,118,-35.17711648372568,0.0,120,-20.810086814040268,0.0,120,-49.467653863341596,0.0,118,-28.330011516957107,0.0,118,-23.479735769338127,0.0,0.0,0.0,0.0,0.0,-632256.0,-632256.0,712.0,712.0,0.0,0.0,712.0,0.0,0.0,712
0.0,0.0,-0.0,0.0,0.0,0.0,-0.0,0.0,0.36094485086520944,256.9927338160291,799.2,0.0,712.0,1.0,888.0,-632256.0,118,-39.5397690930106,0.0,118,-30.66189576786779,0.0,120,-24.854655951053953,0.0,120,-58.56718643947797,0.0,118,-21.8898314897238,0.0,118,-0.03684627073664348,0.0,0.0,0.0,0.0,0.0,-632256.0,-632256.0,712.0,712.0,0.0,0.0,712.0,0.0,0.0,712
0.0,0.0,-0.0,0.0,0.0,0.0,-0.0,0.0,0.36094485086520944,257.71462351775955,799.2,0.0,714.0,1.0,888.0,-634032.0,120,-58.88665909881504,0.0,118,-26.2436553923134,0.0,120,-36.99137572818755,0.0,120,-45.97248972655669,0.0,118,-38.7897017798835,0.0,118,-17.492696261130774,0.0,0.0,0.0,0.0,0.0,-634032.0,-634032.0,714.0,714.0,0.0,0.0,714.0,0.0,0.0,714
0.0,0.0,-0.0,0.0,0.0,0.0,-0.0,0.0,0.36094485086520944,257.71462351775955,799.2,0.0,714.0,1.0,888.0,-634032.0,120,-3.3897179092811824,0.0,118,-48.50158119352323,0.0,120,-25.7274396500617,0.0,120,-49.88088927204547,0.0,118,-14.556920851285653,0.0,118,-29.695066663776014,0.0,0.0,0.0,0.0,0.0,-634032.0,-634032.0,714.0,714.0,0.0,0.0,714.0,0.0,0.0,714
0.0,0.0,-0.0,0.0,0.0,0.0,-0.0,0.0,0.36094485086520944,257.71462351775955,799.2,0.0,714.0,1.0,888.0,-634032.0,120,-8.053104403391645,0.0,118,-26.295107589024497,0.0,120,-17.997233375380965,0.0,120,-0.6191400796791813,0.0,118,-49.66478579605129,0.0,118,-40.86821405309335,0.0,0.0,0.0,0.0,0.0,-634032.0,-634032.0,714.0,714.0,0.0,0.0,714.0,0.0,0.0,714
0.0,0.0,-0.0,0.0,0.0,0.0,-0.0,0.0,0.36094485086520944,257.71462351775955,799.2,0.0,714.0,1.0,888.0,-634032.0,120,-50.13327034490087,0.0,118,-37.34499187698435,0.0,120,-22.316656144611404,0.0,120,-42.944315614993506,0.0,118,-17.052370246584438,0.0,118,-40.87074848999883,0.0,0.0,0.0,0.0,0.0,-634032.0,-634032.0,714.0,714.0,0.0,0.0,714.0,0.0,0.0,714
0.0,0.0,-0.0,0.0,0.0,0.0,-0.0,0.0,0.36094485086520944,257.71462351775955,799.2,0.0,714.0,1.0,888.0,-634032.0,120,-12.705297507113464,0.0,118,-12.408808158595363,0.0,120,-7.028307264234927,0.0,120,-51.820605247270635,0.0,118,-37.51436247991519,0.0,118,-30.516401420396747,0.0,0.0,0.0,0.0,0.0,-634032.0,-634032.0,714.0,714.0,0.0,0.0,714.0,0.0,0.0,714
0.0,0.0,-0.0,0.0,0.0,0.0,-0.0,0.0,0.36094485086520944,257.71462351775955,799.2,0.0,714.0,1.0,888.0,-634032.0,120,-49.66997892069534,0.0,118,-34.920882153327355,0.0,120,-33.28189504197309,0.0,120,-31.13369341055545,0.0,118,-38.89824521332736,0.0,118,-21.352971646696208,0.0,0.0,0.0,0.0,0.0,-634032.0,-634032.0,714.0,714.0,0.0,0.0,714.0,0.0,0.0,714
0.0,0.0,-0.0,0.0,0.0,0.0,-0.0,0.0,0.36094485086520944,257.71462351775955,799.2,0.0,714.0,1.0,888.0,-634032.0,120,-2.435087249779919,0.0,118,-4.829970467662806,0.0,120,-41.69607983066707,0.0,120,-17.13177144603306,0.0,118,-30.750004827914086,0.0,118,-51.64246587022159,0.0,0.0,0.0,0.0,0.0,-634032.0,-634032.0,714.0,714.0,0.0,0.0,714.0,0.0,0.0,714
0.0,0.0,-0.0,0.0,0.0,0.0,-0.0,0.0,0.36094485086520944,257.71462351775955,799.2,0.0,714.0,1.0,888.0,-634032.0,120,-33.524708574150075,0.0,118,-54.7403915332054,0.0,120,-45.117010515804736,0.0,120,-53.60684936787132,0.0,118,-1.1925693352314548,0.0,118,-21.629482437203457,0.0,0.0,0.0,0.0,0.0,-634032.0,-634032.0,714.0,714.0,0.0,0.0,714.0,0.0,0.0,714
0.0,0.0,-0.0,0.0,0.0,0.0,-0.0,0.0,0.36094485086520944,257.71462351775955,799.2,0.0,714.0,1.0,888.0,-634032.0,120,-35.08308213374366,0.0,118,-15.853533607842605,0.0,120,-5.078040380061535,0.0,120,-0.49264112216462985,0.0,118,-26.24479123941784,0.0,118,-35.31338816650403,0.0,0.0,0.0,0.0,0.0,-634032.0,-634032.0,714.0,714.0,0.0,0.0,714.0,0.0,0.0,714
0.0,0.0,-0.0,0.0,0.0,0.0,-0.0,0.0,0.36094485086520944,257.71462351775955,799.2,0.0,714.0,1.0,888.0,-634032.0,120,-54.91227545166452,0.0,118,-16.56919261059786,0.0,120,-0.6975589056697351,0.0,120,-17.048256192040203,0.0,118,-10.51649719799369,0.0,118,-12.434611301860215,0.0,0.0,0.0,0.0,0.0,-634032.0,-634032.0,714.0,714.0,0.0,0.0,714.0,0.0,0.0,714
0.0,0.0,-0.0,0.0,0.0,0.0,-0.0,0.0,0.36094485086520944,258.43651321948994,799.2,0.0,716.0,1.0,888.0,-635808.0,120,-27.68032108673131,0.0,118,-18.20990856060363,0.0,120,-51.097980852048806,0.0,120,-3.629301749880076,0.0,120,-24.440509486497337,0.0,118,-5.4556414072358095,0.0,0.0,0.0,0.0,0.0,-635808.0,-635808.0,716.0,716.0,0.0,0.0,716.0,0.0,0.0,716
0.0,0.0,-0.0,0.0,0.0,0.0,-0.0,0.0,0.36094485086520944,258.43651321948994,799.2,0.0,716.0,1.0,888.0,-635808.0,120,-57.096379167037114,0.0,118,-3.3181238432182014,0.0,120,-7.352892226423,0.0,120,-51.79098258280723,0.0,120,-47.87631835551911,0.0,118,-39.21462497819025,0.0,0.0,0.0,0.0,0.0,-635808.0,-635808.0,716.0,716.0,0.0,0.0,716.0,0.0,0.0,716
0.0,0.0,-0.0,0.0,0.0,0.0,-0.0,0.0,0.36094485086520944,258.43651321948994,799.2,0.0,716.0,1.0,888.0,-635808.0,120,-26.546915323608054,0.0,118,-8.649788462936554,0.0,120,-11.793646256788325,0.0,120,-5.162280740871887,0.0,120,-14.950366766949744,0.0,118,-59.52072554301541,0.0,0.0,0.0,0.0,0.0,-635808.0,-635808.0,716.0,716.0,0.0,0.0,716.0,0.0,0.0,716
0.0,0.0,-0.0,0.0,0.0,0.0,-0.0,0.0,0.36094485086520944,258.43651321948994,799.2,0.0,716.0,1.0,888.0,-635808.0,120,-39.05884963705218,0.0,118,-58.897059041426516,0.0,120,-18.57068877004586,0.0,120,-41.20311054877287,0.0,120,-42.16833463960311,0.0,118,-17.845803905074757,0.0,0.0,0.0,0.0,0.0,-635808.0,-635808.0,716.0,716.0,0.0,0.0,716.0,0.0,0.0,716
0.0,0.0,-0.0,0.0,0.0,0.0,-0.0,0.0,0.36094485086520944,258.43651321948994,799.2,0.0,716.0,1.0,888.0,-635808.0,120,-7.957263401465462,0.0,118,-52.91921996412632,0.0,120,-20.538911277487195,0.0,120,-15.537149265989157,0.0,120,-20.656333454379045,0.0,118,-0.740770865073912,0.0,0.0,0.0,0.0,0.0,-635808.0,-635808.0,716.0,716.0,0.0,0.0,716.0,0.0,0.0,716
0.0,0.0,-0.0,0.0,0.0,0.0,-0.0,0.0,0.36094485086520944,258.43651321948994,799.2,0.0,716.0,1.0,888.0,-635808.0,120,-51.42993712451237,0.0,118,-26.960768316114866,0.0,120,-41.103251995920914,0.0,120,-51.93060201906981,0.0,120,-25.969636072543885,0.0,118,-13.094884813760357,0.0,0.0,0.0,0.0,0.0,-635808.0,-635808.0,716.0,716.0,0.0,0.0,716.0,0.0,0.0,716
0.0,0.0,-0.0,0.0,0.0,0.0,-0.0,0.0,0.36094485086520944,258.43651321948994,799.2,0.0,716.0,1.0,888.0,-635808.0,120,-5.926827587505072,0.0,118,-11.158662537818758,0.0,120,-41.92901154653361,0.0,120,-39.10541903568078,0.0,120,-46.993617792773556,0.0,118,-31.657624666854414,0.0,0.0,0.0,0.0,0.0,-635808.0,-635808.0,716.0,716.0,0.0,0.0,716.0,0.0,0.0,716
0.0,0.0,-0.0,0.0,0.0,0.0,-0.0,0.0,0.36094485086520944,258.43651321948994,799.2,0.0,716.0,1.0,888.0,-635808.0,120,-46.767679538517704,0.0,118,-37.14426501122107,0.0,120,-32.44978200345008,0.0,120,-54.970041434605164,0.0,120,-46.2544441091396,0.0,118,-22.17695530184751,0.0,0.0,0.0,0.0,0.0,-635808.0,-635808.0,716.0,716.0,0.0,0.0,716.0,0.0,0.0,716
0.0,0.0,-0.0,0.0,0.0,0.0,-0.0,0.0,0.36094485086520944,258.43651321948994,799.2,0.0,716.0,1.0,888.0,-635808.0,120,-48.045032386516404,0.0,118,-50.61916909079759,0.0,120,-5.686174806708522,0.0,120,-15.356598921183735,0.0,120,-17.156390533497884,0.0,118,-36.612007166204876,0.0,0.0,0.0,0.0,0.0,-635808.0,-635808.0,716.0,716.0,0.0,0.0,716.0,0.0,0.0,716
0.0,0.0,-0.0,0.0,0.0,0.0,-0.0,0.0,0.36094485086520944,258.43651321948994,799.2,0.0,716.0,1.0,888.0,-635808.0,120,-18.998519754605873,0.0,118,-22.84781318746468,0.0,120,-11.91912334781203,0.0,120,-53.76376055665955,0.0,120,-37.132616980956364,0.0,118,-42.18417112170722,0.0,0.0,0.0,0.0,0.0,-635808.0,-635808.0,716.0,716.0,0.0,0.0,716.0,0.0,0.0,716
0.0,0.0,-0.0,0.0,0.0,0.0,-0.0,0.0,0.36094485086520944,258.43651321948994,799.2,0.0,716.0,1.0,888.0,-635808.0,120,-39.323980920466944,0.0,118,-4.3819422794724865,0.0,120,-2.381148910059281,0.0,120,-42.99708348965441,0.0,120,-24.409567794397635,0.0,118,-44.40279480319662,0.0,0.0,0.0,0.0,0.0,-635808.0,-635808.0,716.0,716.0,0.0,0.0,716.0,0.0,0.0,716
352.44843732796755,0.0,-3524.4843732796753,0.0,0.0,0.0,-0.0,0.0,0.36094485086520944,131.18671740496657,799.2,0.0,363.4536331256785,1.0,888.0,-322746.8262156025,120,-35.55496930512854,0.0,118,-34.15816795409585,0.0,120,-54.45377370047156,0.0,120,-35.16244152058835,0.0,120,-9.55513978639045,0.0,118,-34.64763591856421,0.0,0.0,0.0979295463539782,0.0979295463539782,0.0,-326271.3105888822,-326271.3105888822,716.0,716.0,352.5463668743215,0.0,363.4536331256785,0.0,0.0,716
352.44843732796755,0.0,-3524.4843732796753,0.0,0.0,0.0,-0.0,0.0,0.36094485086520944,131.18671740496657,799.2,0.0,363.4536331256785,1.0,888.0,-322746.8262156025,120,-34.934125046127086,0.0,118,-14.04516352451161,0.0,120,-10.395389987914555,0.0,120,-18.921063672933872,0.0,120,-31.869442782622496,0.0,118,-38.28424596025517,0.0,0.0,0.0979295463539782,0.0979295463539782,0.0,-326271.3105888822,-326271.3105888822,716.0,716.0,352.5463668743215,0.0,363.4536331256785,0.0,0.0,716
352.44843732796755,0.0,-3524.4843732796753,0.0,0.0,0.0,-0.0,0.0,0.36094485086520944,131.18671740496657,799.2,0.0,363.4536331256785,1.0,888.0,-322746.8262156025,120,-41.95407058008467,0.0,118,-44.175584290216925,0.0,120,-44.38033073455643,0.0,120,-29.765817743774747,0.0,120,-17.82418785658424,0.0,118,-36.98247550717329,0.0,0.0,0.0979295463539782,0.0979295463539782,0.0,-326271.3105888822,-326271.3105888822,716.0,716.0,352.5463668743215,0.0,363.4536331256785,0.0,0.0,716
352.44843732796755,0.0,-3524.4843732796753,0.0,0.0,0.0,-0.0,0.0,0.36094485086520944,131.18671740496657,799.2,0.0,363.4536331256785,1.0,888.0,-322746.8262156025,120,-35.38171056425777,0.0,118,-44.27871930715677,0.0,120,-18.07084250263507,0.0,120,-53.311867690441446,0.0,120,-6.152641352173164,0.0,118,-39.68451629672186,0.0,0.0,0.0979295463539782,0.0979295463539782,0.0,-326271.3105888822,-326271.3105888822,716.0,716.0,352.5463668743215,0.0,363.4536331256785,0.0,0.0,716
352.44843732796755,0.0,-3524.4843732796753,0.0,0.0,0.0,-0.0,0.0,0.36094485086520944,131.18671740496657,799.2,0.0,363.4536331256785,1.0,888.0,-322746.8262156025,120,-13.557324102223465,0.0,118,-37.47177327650575,0.0,120,-58.03480735042088,0.0,120,-23.82839799300635,0.0,120,-47.766805346559124,0.0,118,-36.66938153842918,0.0,0.0,0.0979295463539782,0.0979295463539782,0.0,-326271.3105888822,-326271.3105888822,716.0,716.0,352.5463668743215,0.0,363.4536331256785,0.0,0.0,716
352.44843732796755,0.0,-3524.4843732796753,0.0,0.0,0.0,-0.0,0.0,0.36094485086520944,131.18671740496657,799.2,0.0,363.4536331256785,1.0,888.0,-322746.8262156025,120,-18.93676316588969,0.0,118,-32.72382956609812,0.0,120,-18.336352883189853,0.0,120,-33.30823856732449,0.0,120,-36.091940600221186,0.0,118,-38.92680533439692,0.0,0.0,0.0979295463539782,0.0979295463539782,0.0,-326271.3105888822,-326271.3105888822,716.0,716.0,352.5463668743215,0.0,363.4536331256785,0.0,0.0,716
823.4704829762858,0.0,-8234.704829762857,107.69928833415634,0.0,0.0,-0.0,0.0,0.36094485086520944,0.0,799.2,0.0,0.0,1.0,888.0,-0.0,120,-12.440687829850813,0.0,118,-21.133557530731228,0.0,120,-37.304998520477916,0.0,120,-6.303450501719913,0.0,120,-53.67791269673878,0.0,118,-56.66366198542158,0.0,0.0,0.228805357870599,0.228805357870599,0.0,-8234.704829762857,-8234.704829762857,823.6992883341563,823.6992883341563,823.6992883341563,0.0,0.0,107.69928833415634,0.0,716
823.4704829762858,0.0,-8234.704829762857,109.69928833415634,96.9293595007407,0.0,-0.0,0.0023496317722527015,0.36094485086520944,0.0,799.2,0.0,0.0,1.0,888.0,-0.0,120,-33.36698765785419,0.0,118,-29.86966870235551,0.0,120,-22.7878955704035,0.0,120,-25.857930884723096,0.0,118,-34.31199673119599,0.0,118,-54.092833558615,0.0,0.0,0.228805357870599,0.228805357870599,0.0,-8234.704829762857,-8234.704829762857,823.6992883341563,823.6992883341563,823.6992883341563,0.0,0.0,109.69928833415634,0.0,714
823.4704829762858,0.0,-8234.704829762857,47.699288334156336,195.65871900148142,0.0,-0.0,0.004742896734818835,0.36094485086520944,0.0,799.2,0.0,0.0,1.0,888.0,-0.0,120,-46.730119029243525,0.0,118,-54.92941707018344,0.0,120,-33.459634611520656,0.0,120,-4.4067070100732675,0.0,180,-1.8739401668407596,0.0,118,-22.80437055425747,0.0,0.0,0.228805357870599,0.228805357870599,0.0,-8234.704829762857,-8234.704829762857,823.6992883341563,823.6992883341563,823.6992883341563,0.0,0.0,47.699288334156336,0.0,776
823.4704829762858,0.0,-8234.704829762857,47.699288334156336,238.58807850222212,0.0,-0.0,0.005783532797668585,0.36094485086520944,0.0,799.2,0.0,0.0,1.0,888.0,-0.0,120,-55.920903948766636,0.0,118,-46.16415314561884,0.0,120,-56.53261661710122,0.0,120,-38.070851737738934,0.0,180,-51.132115809594694,0.0,118,-5.240855843053243,0.0,0.0,0.228805357870599,0.228805357870599,0.0,-8234.704829762857,-8234.704829762857,823.6992883341563,823.6992883341563,823.6992883341563,0.0,0.0,47.699288334156336,0.0,776
823.4704829762858,0.0,-8234.704829762857,47.699288334156336,281.5174380029628,0.0,-0.0,0.006824168860518334,0.36094485086520944,0.0,799.2,0.0,0.0,1.0,888.0,-0.0,120,-56.53664782069633,0.0,118,-57.68636750307783,0.0,120,-4.558116650302475,0.0,120,-11.49340614821358,0.0,180,-52.70366669547949,0.0,118,-45.25419345579046,0.0,0.0,0.228805357870599,0.228805357870599,0.0,-8234.704829762857,-8234.704829762857,823.6992883341563,823.6992883341563,823.6992883341563,0.0,0.0,47.699288334156336,0.0,776
823.4704829762858,0.0,-8234.704829762857,47.699288334156336,324.4467975037035,0.0,-0.0,0.007864804923368083,0.36094485086520944,0.0,799.2,0.0,0.0,1.0,888.0,-0.0,120,-59.69251121876244,0.0,118,-28.229952834070286,0.0,120,-41.398133153952834,0.0,120,-24.568630387267817,0.0,180,-42.11395097833126,0.0,118,-29.12728716342762,0.0,0.0,0.228805357870599,0.228805357870599,0.0,-8234.704829762857,-8234.704829762857,823.6992883341563,823.6992883341563,823.6992883341563,0.0,0.0,47.699288334156336,0.0,776
1334.7148785042002,0.0,-13347.148785042002,559.0857356529928,367.3761570044442,0.0,-0.0,0.008905440986217832,0.36094485086520944,0.0,799.2,0.0,0.0,1.0,888.0,-0.0,120,-4.608473233720549,0.0,118,-44.988087901874515,0.0,120,-25.741704052275942,0.0,120,-14.740883392746994,0.0,180,-57.49925948305044,0.0,118,-14.24973208473812,0.0,0.0,0.370857148792498,0.370857148792498,0.0,-13347.148785042002,-13347.148785042002,1335.0857356529928,1335.0857356529928,1335.0857356529928,0.0,0.0,559.0857356529928,0.0,776
1334.7148785042002,0.0,-13347.148785042002,559.0857356529928,870.5533190921377,0.0,-0.0,0.021102788138853846,0.36094485086520944,0.0,799.2,0.0,0.0,1.0,888.0,-0.0,120,-37.7670491085795,0.0,118,-15.126413813227163,0.0,120,-24.77687889728196,0.0,120,-36.27176840244118,0.0,180,-29.551398693859838,0.0,118,-2.143293922918448,0.0,0.0,0.370857148792498,0.370857148792498,0.0,-13347.148785042002,-13347.148785042002,1335.0857356529928,1335.0857356529928,1335.0857356529928,0.0,0.0,559.0857356529928,0.0,776
1334.7148785042002,0.0,-13347.148785042002,559.0857356529928,1373.7304811798313,0.0,-0.0,0.03330013529148986,0.36094485086520944,0.0,799.2,0.0,0.0,1.0,888.0,-0.0,120,-47.49350730412264,0.0,118,-27.35989744756318,0.0,120,-51.49913173853603,0.0,120,-56.692519195538345,0.0,180,-50.29144863185696,0.0,118,-4.800277950094111,0.0,0.0,0.370857148792498,0.370857148792498,0.0,-13347.148785042002,-13347.148785042002,1335.0857356529928,1335.0857356529928,1335.0857356529928,0.0,0.0,559.0857356529928,0.0,776
1334.7148785042002,0.0,-13347.148785042002,559.0857356529928,1876.9076432675247,0.0,-0.0,0.045497482444125874,0.36094485086520944,0.0,799.2,0.0,0.0,1.0,888.0,-0.0,120,-26.397007977276576,0.0,118,-4.218192557846303,0.0,120,-30.928625029324355,0.0,120,-22.05694370017438,0.0,180,-25.393541154045256,0.0,118,-27.15894390157963,0.0,0.0,0.370857148792498,0.370857148792498,0.0,-13347.148785042002,-13347.148785042002,1335.0857356529928,1335.0857356529928,1335.0857356529928,0.0,0.0,559.0857356529928,0.0,776
1334.7148785042002,0.0,-13347.148785042002,559.0857356529928,2380.084805355218,0.0,-0.0,0.057694829596761886,0.36094485086520944,0.0,799.2,0.0,0.0,1.0,888.0,-0.0,120,-36.24904053004803,0.0,118,-20.979064764352962,0.0,120,-56.199610660368414,0.0,120,-58.83393453400705,0.0,180,-0.6277454771534652,0.0,118,-22.748140422053638,0.0,0.0,0.370857148792498,0.370857148792498,0.0,-13347.148785042002,-13347.148785042002,1335.0857356529928,1335.0857356529928,1335.0857356529928,0.0,0.0,559.0857356529928,0.0,776
1334.7148785042002,0.0,-13347.148785042002,559.0857356529928,2883.2619674429116,0.0,-0.0,0.0698921767493979,0.36094485086520944,0.0,799.2,0.0,0.0,1.0,888.0,-0.0,120,-11.959930655549107,0.0,118,-0.0033210894287449833,0.0,120,-37.513465922370884,0.0,120,-13.4406663982928,0.0,180,-3.6991033398527473,0.0,118,-1.0149373626437463,0.0,0.0,0.370857148792498,0.370857148792498,0.0,-13347.148785042002,-13347.148785042002,1335.0857356529928,1335.0857356529928,1335.0857356529928,0.0,0.0,559.0857356529928,0.0,776
1760.6572455925482,0.0,-17606.57245592548,985.1464529405873,3386.439129530605,0.0,-0.0,0.08208952390203392,0.36094485086520944,0.0,799.2,0.0,0.0,1.0,888.0,-0.0,120,-45.22901909150532,0.0,118,-16.19314110999511,0.0,120,-29.57553246166751,0.0,120,-36.84694797042556,0.0,180,-15.179563968916774,0.0,118,-17.54818849726653,0.0,0.0,0.489207348039052,0.489207348039052,0.0,-17606.57245592548,-17606.57245592548,1761.1464529405873,1761.1464529405873,1761.1464529405873,0.0,0.0,985.1464529405873,0.0,776
1760.6572455925482,0.0,-17606.57245592548,987.1464529405873,4273.070937177134,0.0,-0.0,0.10358206523591336,0.36094485086520944,0.0,799.2,0.0,0.0,1.0,888.0,-0.0,118,-49.844670974140165,0.0,118,-57.19849667743644,0.0,120,-36.748008202499896,0.0,120,-57.06911424366924,0.0,180,-52.229347550167724,0.0,118,-46.877589339251976,0.0,0.0,0.489207348039052,0.489207348039052,0.0,-17606.57245592548,-17606.57245592548,1761.1464529405873,1761.1464529405873,1761.1464529405873,0.0,0.0,987.1464529405873,0.0,774
1760.6572455925482,0.0,-17606.57245592548,987.1464529405873,5161.502744823662,0.0,-0.0,0.12511823976010622,0.36094485086520944,0.0,799.2,0.0,0.0,1.0,888.0,-0.0,118,-46.86718633690542,0.0,118,-53.142357263704795,0.0,120,-58.39184547223606,0.0,120,-14.157780940790147,0.0,180,-52.78107135957765,0.0,118,-10.57511047777507,0.0,0.0,0.489207348039052,0.489207348039052,0.0,-17606.57245592548,-17606.57245592548,1761.1464529405873,1761.1464529405873,1761.1464529405873,0.0,0.0,987.1464529405873,0.0,774
1760.6572455925482,0.0,-17606.57245592548,987.1464529405873,6049.934552470191,0.0,-0.0,0.14665441428429912,0.36094485086520944,0.0,799.2,0.0,0.0,1.0,888.0,-0.0,118,-55.83240838790776,0.0,118,-23.388865429888114,0.0,120,-41.54026941033976,0.0,120,-51.45802947298789,0.0,180,-16.423013006085483,0.0,118,-17.395979482156363,0.0,0.0,0.489207348039052,0.489207348039052,0.0,-17606.57245592548,-17606.57245592548,1761.1464529405873,1761.1464529405873,1761.1464529405873,0.0,0.0,987.1464529405873,0.0,774
1760.6572455925482,0.0,-17606.57245592548,987.1464529405873,6938.36636011672,0.0,-0.0,0.168190588808492,0.36094485086520944,0.0,799.2,0.0,0.0,1.0,888.0,-0.0,118,-6.766900414210193,0.0,118,-51.283731647170896,0.0,120,-39.95111678316173,0.0,120,-24.528532908381973,0.0,180,-28.50545724530523,0.0,118,-29.527401110648334,0.0,0.0,0.489207348039052,0.489207348039052,0.0,-17606.57245592548,-17606.57245592548,1761.1464529405873,1761.1464529405873,1761.1464529405873,0.0,0.0,987.1464529405873,0.0,774
1760.6572455925482,0.0,-17606.57245592548,987.1464529405873,7826.798167763249,0.0,-0.0,0.18972676333268487,0.36094485086520944,0.0,799.2,0.0,0.0,1.0,888.0,-0.0,118,-36.125876791202195,0.0,118,-12.60285102970603,0.0,120,-29.754379253525265,0.0,120,-14.422705880116016,0.0,180,-53.98992586456384,0.0,118,-42.552589824263016,0.0,0.0,0.489207348039052,0.489207348039052,0.0,-17606.57245592548,-17606.57245592548,1761.1464529405873,1761.1464529405873,1761.1464529405873,0.0,0.0,987.1464529405873,0.0,774
1850.2628917149973,0.0,-18502.628917149974,1076.7769964362296,8715.229975409777,0.0,-0.0,0.21126293785687772,0.36094485086520944,0.0,799.2,0.0,0.0,1.0,888.0,-0.0,118,-39.668130829152325,0.0,118,-56.58867610039991,0.0,120,-40.67319098666424,0.0,120,-37.05684351175911,0.0,180,-0.185690454161751,0.0,118,-6.958617788613546,0.0,0.0,0.514104721232286,0.514104721232286,0.0,-18502.628917149974,-18502.628917149974,1850.7769964362296,1850.7769964362296,1850.7769964362296,0.0,0.0,1076.7769964362296,0.0,774
1850.2628917149973,0.0,-18502.628917149974,1076.7769964362296,9684.329272202383,0.0,-0.0,0.23475454566219145,0.36094485086520944,0.0,799.2,0.0,0.0,1.0,888.0,-0.0,118,-2.4328012613223104,0.0,118,-56.425944503782176,0.0,120,-24.557177928846663,0.0,120,-22.457529218957756,0.0,180,-56.05413484409798,0.0,118,-7.813414032277235,0.0,0.0,0.514104721232286,0.514104721232286,0.0,-18502.628917149974,-18502.628917149974,1850.7769964362296,1850.7769964362296,1850.7769964362296,0.0,0.0,1076.7769964362296,0.0,774
1850.2628917149973,0.0,-18502.628917149974,1076.7769964362296,10653.42856899499,0.0,-0.0,0.2582461534675052,0.36094485086520944,0.0,799.2,0.0,0.0,1.0,888.0,-0.0,118,-37.67908799201671,0.0,118,-5.408560957940742,0.0,120,-57.62758127431104,0.0,120,-27.66683298186543,0.0,180,-6.888201911690328,0.0,118,-45.46790399782553,0.0,0.0,0.514104721232286,0.514104721232286,0.0,-18502.628917149974,-18502.628917149974,1850.7769964362296,1850.7769964362296,1850.7769964362296,0.0,0.0,1076.7769964362296,0.0,774
1850.2628917149973,0.0,-18502.628917149974,1076.7769964362296,11622.527865787597,0.0,-0.0,0.28173776127281885,0.36094485086520944,0.0,799.2,0.0,0.0,1.0,888.0,-0.0,118,-58.680653068671475,0.0,118,-7.901572979608336,0.0,120,-23.813326888622704,0.0,120,-21.974599530267568,0.0,180,-52.32248926407899,0.0,118,-13.960698582827014,0.0,0.0,0.514104721232286,0.514104721232286,0.0,-18502.628917149974,-18502.628917149974,1850.7769964362296,1850.7769964362296,1850.7769964362296,0.0,0.0,1076.7769964362296,0.0,774
1850.2628917149973,0.0,-18502.628917149974,1076.7769964362296,12591.627162580204,0.0,-0.0,0.3052293690781326,0.36094485086520944,0.0,799.2,0.0,0.0,1.0,888.0,-0.0,118,-2.8461530951170233,0.0,118,-19.967624166476103,0.0,120,-58.90051916298233,0.0,120,-3.391676003149884,0.0,180,-9.728717983596164,0.0,118,-47.15881165356153,0.0,0.0,0.514104721232286,0.514104721232286,0.0,-18502.628917149974,-18502.628917149974,1850.7769964362296,1850.7769964362296,1850.7769964362296,0.0,0.0,1076.7769964362296,0.0,774
1850.2628917149973,0.0,-18502.628917149974,1076.7769964362296,13560.72645937281,0.0,-0.0,0.3287209768834463,0.36094485086520944,0.0,799.2,0.0,0.0,1.0,888.0,-0.0,118,-52.16317358304294,0.0,118,-19.778674342255577,0.0,120,-47.307094751032096,0.0,120,-14.09234516710767,0.0,180,-17.21013231718564,0.0,118,-14.10768765367472,0.0,0.0,0.514104721232286,0.514104721232286,0.0,-18502.628917149974,-18502.628917149974,1850.7769964362296,1850.7769964362296,1850.7769964362296,0.0,0.0,1076.7769964362296,0.0,774
1611.4144655072096,0.0,-16114.144655072096,837.8622050086008,14529.825756165417,0.0,-0.0,0.35221258468876004,0.36094485086520944,0.0,799.2,0.0,0.0,1.0,888.0,-0.0,118,-45.83541236882573,0.0,118,-8.58443524913488,0.0,120,-28.97480102776765,0.0,120,-32.90772031539323,0.0,180,-7.216464501046891,0.0,118,-9.143506302428108,0.0,0.0,0.447739501391278,0.447739501391278,0.0,-16114.144655072096,-16114.144655072096,1611.8622050086008,1611.8622050086008,1611.8622050086008,0.0,0.0,837.8622050086008,0.0,774
1611.4144655072096,0.0,-16114.144655072096,899.8622050086008,15283.901740673158,0.0,-0.0,0.37049188521254595,0.36094485086520944,0.0,799.2,0.0,0.0,1.0,888.0,-0.0,118,-22.16468128898776,0.0,118,-54.51020023101973,0.0,120,-46.728446200349595,0.0,120,-27.867369490740227,0.0,118,-37.23361492325567,0.0,118,-51.4581601192934,0.0,0.0,0.447739501391278,0.447739501391278,0.0,-16114.144655072096,-16114.144655072096,1611.8622050086008,1611.8622050086008,1611.8622050086008,0.0,0.0,899.8622050086008,0.0,712
1611.4144655072096,0.0,-16114.144655072096,899.8622050086008,16093.777725180898,0.0,-0.0,0.3901238146360482,0.36094485086520944,0.0,799.2,0.0,0.0,1.0,888.0,-0.0,118,-34.39251126774833,0.0,118,-19.698526565940668,0.0,120,-58.73320688349663,0.0,120,-39.82930074543786,0.0,118,-14.861970682799528,0.0,118,-47.527393031084365,0.0,0.0,0.447739501391278,0.447739501391278,0.0,-16114.144655072096,-16114.144655072096,1611.8622050086008,1611.8622050086008,1611.8622050086008,0.0,0.0,899.8622050086008,0.0,712
1611.4144655072096,0.0,-16114.144655072096,837.8622050086008,16903.65370968864,0.0,-0.0,0.40975574405955056,0.36094485086520944,0.0,799.2,0.0,0.0,1.0,888.0,-0.0,118,-23.1665356303073,0.0,118,-36.18309845756479,0.0,120,-33.65577117554633,0.0,120,-43.98042940651722,0.0,180,-35.131594984440504,0.0,118,-18.830898574525847,0.0,0.0,0.447739501391278,0.447739501391278,0.0,-16114.144655072096,-16114.144655072096,1611.8622050086008,1611.8622050086008,1611.8622050086008,0.0,0.0,837.8622050086008,0.0,774
1611.4144655072096,0.0,-16114.144655072096,837.8622050086008,17657.72969419638,0.0,-0.0,0.42803504458333647,0.36094485086520944,0.0,799.2,0.0,0.0,1.0,888.0,-0.0,118,-7.0035060205818915,0.0,118,-22.884777926355685,0.0,120,-34.2044010680307,0.0,120,-55.57020276305231,0.0,180,-49.95972311183049,0.0,118,-26.566775138219334,0.0,0.0,0.447739501391278,0.447739501391278,0.0,-16114.144655072096,-16114.144655072096,1611.8622050086008,1611.8622050086008,1611.8622050086008,0.0,0.0,837.8622050086008,0.0,774
1611.4144655072096,0.0,-16114.144655072096,837.8622050086008,18411.80567870412,0.0,-0.0,0.4463143451071224,0.36094485086520944,0.0,799.2,0.0,0.0,1.0,888.0,-0.0,118,-1.4066674584121919,0.0,118,-24.56618390755828,0.0,120,-2.9880830289182514,0.0,120,-21.640963950375344,0.0,180,-1.896464829024842,0.0,118,-6.281661845989275,0.0,0.0,0.447739501391278,0.447739501391278,0.0,-16114.144655072096,-16114.144655072096,1611.8622050086008,1611.8622050086008,1611.8622050086008,0.0,0.0,837.8622050086008,0.0,774
1223.0861841076444,0.0,-12230.861841076443,449.4260246700528,19165.88166321186,0.0,-0.0,0.4645936456309083,0.36094485086520944,0.0,799.2,0.0,0.0,1.0,888.0,-0.0,118,-43.6814264664125,0.0,118,-26.42259399241894,0.0,120,-29.84399010821488,0.0,120,-42.74100701647079,0.0,180,-44.866606625716116,0.0,118,-20.64391420731738,0.0,0.0,0.339840562408348,0.339840562408348,0.0,-12230.861841076443,-12230.861841076443,1223.4260246700528,1223.4260246700528,1223.4260246700528,0.0,0.0,449.4260246700528,0.0,774
1223.0861841076444,0.0,-12230.861841076443,449.4260246700528,19570.36508541491,0.0,-0.0,0.47439859126402706,0.36094485086520944,0.0,799.2,0.0,0.0,1.0,888.0,-0.0,118,-50.93452541449456,0.0,118,-27.61530948040017,0.0,120,-28.67323297751089,0.0,120,-11.284204786544052,0.0,180,-35.54760933579934,0.0,118,-2.7623210101677964,0.0,0.0,0.339840562408348,0.339840562408348,0.0,-12230.861841076443,-12230.861841076443,1223.4260246700528,1223.4260246700528,1223.4260246700528,0.0,0.0,449.4260246700528,0.0,774
1223.0861841076444,0.0,-12230.861841076443,449.4260246700528,19974.848507617957,0.0,-0.0,0.48420353689714585,0.36094485086520944,0.0,799.2,0.0,0.0,1.0,888.0,-0.0,118,-41.121867967872156,0.0,118,-0.7849332503627227,0.0,120,-27.34518924277443,0.0,120,-43.95474489644455,0.0,180,-17.222750801716195,0.0,118,-31.828360364924308,0.0,0.0,0.339840562408348,0.339840562408348,0.0,-12230.861841076443,-12230.861841076443,1223.4260246700528,1223.4260246700528,1223.4260246700528,0.0,0.0,449.4260246700528,0.0,774
1223.0861841076444,0.0,-12230.861841076443,449.4260246700528,20379.331929821004,0.0,-0.0,0.4940084825302646,0.36094485086520944,0.0,799.2,0.0,0.0,1.0,888.0,-0.0,118,-35.97389925747524,0.0,118,-32.27665559568293,0.0,120,-48.529811100019856,0.0,120,-20.72461027123979,0.0,180,-41.578624281661796,0.0,118,-58.61363027629187,0.0,0.0,0.339840562408348,0.339840562408348,0.0,-12230.861841076443,-12230.861841076443,1223.4260246700528,1223.4260246700528,1223.4260246700528,0.0,0.0,449.4260246700528,0.0,774
1223.0861841076444,0.0,-12230.861841076443,449.4260246700528,20783.815352024052,0.0,-0.0,0.5038134281633834,0.36094485086520944,0.0,799.2,0.0,0.0,1.0,888.0,-0.0,118,-40.24738372868577,0.0,118,-55.244291342949246,0.0,120,-37.64161186580694,0.0,120,-55.451487351392274,0.0,180,-50.62452384640583,0.0,118,-50.63451427345762,0.0,0.0,0.339840562408348,0.339840562408348,0.0,-12230.861841076443,-12230.861841076443,1223.4260246700528,1223.4260246700528,1223.4260246700528,0.0,0.0,449.4260246700528,0.0,774
1223.0861841076444,0.0,-12230.861841076443,449.4260246700528,21188.2987742271,0.0,-0.0,0.5136183737965021,0.36094485086520944,0.0,799.2,0.0,0.0,1.0,888.0,-0.0,118,-34.43235488646901,0.0,118,-46.65391833896221,0.0,120,-24.11028807692541,0.0,120,-32.96346737282237,0.0,180,-9.84893910250702,0.0,118,-50.09535281835376,0.0,0.0,0.339840562408348,0.339840562408348,0.0,-12230.861841076443,-12230.861841076443,1223.4260246700528,1223.4260246700528,1223.4260246700528,0.0,0.0,449.4260246700528,0.0,774
822.8959946048348,0.0,-8228.959946048348,49.124640338262,21592.782196430147,0.0,-0.0,0.5234233194296208,0.36094485086520944,0.0,799.2,0.0,0.0,1.0,888.0,-0.0,118,-11.328817087107705,0.0,118,-45.470048090018054,0.0,120,-21.638188806878333,0.0,120,-43.17563610264808,0.0,180,-16.88092876006997,0.0,118,-1.7545089047036178,0.0,0.0,0.228645733427295,0.228645733427295,0.0,-8228.959946048348,-8228.959946048348,823.124640338262,823.124640338262,823.124640338262,0.0,0.0,49.124640338262,0.0,774
822.8959946048348,0.0,-8228.959946048348,49.124640338262,21636.99437273458,0.0,-0.0,0.5244950518200999,0.36094485086520944,0.0,799.2,0.0,0.0,1.0,888.0,-0.0,118,-12.264356668951441,0.0,118,-44.79893469390559,0.0,120,-19.898881582734774,0.0,120,-58.31655244021894,0.0,180,-33.57797961544055,0.0,118,-40.07828047655684,0.0,0.0,0.228645733427295,0.228645733427295,0.0,-8228.959946048348,-8228.959946048348,823.124640338262,823.124640338262,823.124640338262,0.0,0.0,49.124640338262,0.0,774
822.8959946048348,0.0,-8228.959946048348,49.124640338262,21681.206549039016,0.0,-0.0,0.525566784210579,0.36094485086520944,0.0,799.2,0.0,0.0,1.0,888.0,-0.0,118,-40.948582656797505,0.0,118,-7.0909879262609765,0.0,120,-15.811105430790462,0.0,120,-2.2610728011556747,0.0,180,-41.20964783875565,0.0,118,-18.561213474946786,0.0,0.0,0.228645733427295,0.228645733427295,0.0,-8228.959946048348,-8228.959946048348,823.124640338262,823.124640338262,823.124640338262,0.0,0.0,49.124640338262,0.0,774
822.8959946048348,0.0,-8228.959946048348,49.124640338262,21725.41872534345,0.0,-0.0,0.5266385166010581,0.36094485086520944,0.0,799.2,0.0,0.0,1.0,888.0,-0.0,118,-47.61436155464714,0.0,118,-0.934845773179529,0.0,120,-56.313991451161385,0.0,120,-56.29833840933931,0.0,180,-20.112834733147746,0.0,118,-2.6037613152809835,0.0,0.0,0.228645733427295,0.228645733427295,0.0,-8228.959946048348,-8228.959946048348,823.124640338262,823.124640338262,823.124640338262,0.0,0.0,49.124640338262,0.0,774
822.8959946048348,0.0,-8228.959946048348,49.124640338262,21769.630901647884,0.0,-0.0,0.5277102489915372,0.36094485086520944,0.0,799.2,0.0,0.0,1.0,888.0,-0.0,118,-0.9209381969184061,0.0,118,-33.06404678551066,0.0,120,-31.686341047297503,0.0,120,-3.7814481949093626,0.0,180,-20.348922437284834,0.0,118,-56.86414823322099,0.0,0.0,0.228645733427295,0.228645733427295,0.0,-8228.959946048348,-8228.959946048348,823.124640338262,823.124640338262,823.124640338262,0.0,0.0,49.124640338262,0.0,774
822.8959946048348,0.0,-8228.959946048348,49.124640338262,21813.84307795232,0.0,-0.0,0.5287819813820163,0.36094485086520944,0.0,799.2,0.0,0.0,1.0,888.0,-0.0,118,-22.970036280275853,0.0,118,-24.6228113377963,0.0,120,-59.18693586431169,0.0,120,-22.799838878699724,0.0,180,-18.018339863138014,0.0,118,-13.780935866689765,0.0,0.0,0.228645733427295,0.228645733427295,0.0,-8228.959946048348,-8228.959946048348,823.124640338262,823.124640338262,823.124640338262,0.0,0.0,49.124640338262,0.0,774
386.32931202035854,0.0,-3863.293120203585,0.0,21858.055254256753,387.5633444642148,-0.0,0.5298537137724955,0.36094485086520944,0.0,799.2,0.0,0.0,1.0,888.0,-0.0,118,-35.978527480491834,0.0,118,-34.96337742241728,0.0,120,-48.31069865860195,0.0,120,-54.23092614092465,0.0,180,-17.791274247549303,0.0,118,-27.897144334657145,0.0,0.0,0.107343515426607,0.107343515426607,0.0,-3863.293120203585,-3863.293120203585,774.0,774.0,386.4366555357852,0.0,387.5633444642148,0.0,0.0,774
386.32931202035854,0.0,-3863.293120203585,0.0,21427.42931596318,387.5633444642148,-0.0,0.5194150562616824,0.36094485086520944,0.0,799.2,0.0,0.0,1.0,888.0,-0.0,118,-17.451428743496248,0.0,118,-14.466591860610327,0.0,120,-57.29991217365699,0.0,120,-6.52514370910583,0.0,180,-25.464015105420568,0.0,118,-0.1893830708804356,0.0,0.0,0.107343515426607,0.107343515426607,0.0,-3863.293120203585,-3863.293120203585,774.0,774.0,386.4366555357852,0.0,387.5633444642148,0.0,0.0,774
386.32931202035854,0.0,-3863.293120203585,0.0,20996.80337766961,387.5633444642148,-0.0,0.5089763987508693,0.36094485086520944,0.0,799.2,0.0,0.0,1.0,888.0,-0.0,118,-18.490578216399754,0.0,118,-8.651582413889496,0.0,120,-31.99862594630644,0.0,120,-7.9819928287634685,0.0,180,-26.26986115493313,0.0,118,-2.129561957654682,0.0,0.0,0.107343515426607,0.107343515426607,0.0,-3863.293120203585,-3863.293120203585,774.0,774.0,386.4366555357852,0.0,387.5633444642148,0.0,0.0,774
386.32931202035854,0.0,-3863.293120203585,0.0,20566.17743937604,325.5633444642148,-0.0,0.49853774124005623,0.36094485086520944,0.0,799.2,0.0,0.0,1.0,888.0,-0.0,118,-52.104757358767614,0.0,118,-4.020280381230723,0.0,120,-59.109867436330816,0.0,120,-2.645044391208804,0.0,118,-34.87743365348459,0.0,118,-24.235706920615847,0.0,0.0,0.107343515426607,0.107343515426607,0.0,-3863.293120203585,-3863.293120203585,712.0,712.0,386.4366555357852,0.0,325.5633444642148,0.0,0.0,712
386.32931202035854,0.0,-3863.293120203585,0.0,20204.440389971354,325.5633444642148,-0.0,0.48976899595111517,0.36094485086520944,0.0,799.2,0.0,0.0,1.0,888.0,-0.0,118,-6.7671722873197515,0.0,118,-28.285491180943076,0.0,120,-38.593613428645824,0.0,120,-0.538407284073521,0.0,118,-29.237994042411536,0.0,118,-25.860592217100475,0.0,0.0,0.107343515426607,0.107343515426607,0.0,-3863.293120203585,-3863.293120203585,712.0,712.0,386.4366555357852,0.0,325.5633444642148,0.0,0.0,712
386.32931202035854,0.0,-3863.293120203585,0.0,19842.70334056667,325.5633444642148,-0.0,0.48100025066217417,0.36094485086520944,0.0,799.2,0.0,0.0,1.0,888.0,-0.0,118,-12.738420488781177,0.0,118,-4.46722174004873,0.0,120,-23.04380633953453,0.0,120,-9.20910799575511,0.0,118,-53.33379327739591,0.0,118,-56.50094210708374,0.0,0.0,0.107343515426607,0.107343515426607,0.0,-3863.293120203585,-3863.293120203585,712.0,712.0,386.4366555357852,0.0,325.5633444642148,0.0,0.0,712
0.0,0.0,-0.0,0.0,19480.966291161985,712.0,-0.0,0.4722315053732331,0.36094485086520944,0.0,799.2,0.0,0.0,1.0,888.0,-0.0,118,-37.110471362684535,0.0,118,-35.046738097594194,0.0,120,-56.32524173050722,0.0,120,-20.905035502230945,0.0,118,-18.07938681721225,0.0,118,-50.83230599540053,0.0,0.0,0.0,0.0,0.0,0.0,0.0,712.0,712.0,0.0,0.0,712.0,0.0,0.0,712
0.0,0.0,-0.0,0.0,18689.855180050876,712.0,-0.0,0.45305444888979896,0.36094485086520944,0.0,799.2,0.0,0.0,1.0,888.0,-0.0,118,-32.38047054653293,0.0,118,-49.9581819967493,0.0,120,-49.06383246409939,0.0,120,-44.590726846643214,0.0,118,-2.4373827518649738,0.0,118,-37.397185090931025,0.0,0.0,0.0,0.0,0.0,0.0,0.0,712.0,712.0,0.0,0.0,712.0,0.0,0.0,712
0.0,0.0,-0.0,0.0,17898.744068939766,712.0,-0.0,0.4338773924063648,0.36094485086520944,0.0,799.2,0.0,0.0,1.0,888.0,-0.0,118,-50.891077943752656,0.0,118,-6.169838562044243,0.0,120,-4.831411354132471,0.0,120,-10.694327804568465,0.0,118,-53.9483557612916,0.0,118,-53.89307138345512,0.0,0.0,0.0,0.0,0.0,0.0,0.0,712.0,712.0,0.0,0.0,712.0,0.0,0.0,712
0.0,0.0,-0.0,0.0,17107.632957828657,712.0,-0.0,0.4147003359229306,0.36094485086520944,0.0,799.2,0.0,0.0,1.0,888.0,-0.0,118,-21.859134835942267,0.0,118,-54.313915088593724,0.0,120,-26.08384991244312,0.0,120,-42.75210801042097,0.0,118,-26.255655647639355,0.0,118,-53.963795140401636,0.0,0.0,0.0,0.0,0.0,0.0,0.0,712.0,712.0,0.0,0.0,712.0,0.0,0.0,712
0.0,0.0,-0.0,0.0,16316.521846717545,712.0,-0.0,0.3955232794394964,0.36094485086520944,0.0,799.2,0.0,0.0,1.0,888.0,-0.0,118,-10.137148235976323,0.0,118,-21.970696520002658,0.0,120,-35.15567327986681,0.0,120,-20.268755239028888,0.0,118,-35.16394123662106,0.0,118,-8.585808206534777,0.0,0.0,0.0,0.0,0.0,0.0,0.0,712.0,712.0,0.0,0.0,712.0,0.0,0.0,712
0.0,0.0,-0.0,0.0,15525.410735606434,712.0,-0.0,0.3763462229560622,0.36094485086520944,0.0,799.2,0.0,0.0,1.0,888.0,-0.0,118,-47.42983043634636,0.0,118,-1.3420232338781135,0.0,120,-38.39059747529321,0.0,120,-8.229376811054085,0.0,118,-30.36636921120094,0.0,118,-49.92622906234833,0.0,0.0,0.0,0.0,0.0,0.0,0.0,712.0,712.0,0.0,0.0,712.0,0.0,0.0,712
0.0,0.0,-0.0,0.0,14734.299624495323,712.0,-0.0,0.357169166472628,0.36094485086520944,0.0,799.2,0.0,0.0,1.0,888.0,-0.0,118,-4.713222982936463,0.0,118,-16.5984013229694,0.0,120,-26.62572762177844,0.0,120,-10.287086007175182,0.0,118,-24.923486680216712,0.0,118,-14.31497690392038,0.0,0.0,0.0,0.0,0.0,0.0,0.0,712.0,712.0,0.0,0.0,712.0,0.0,0.0,712
0.0,0.0,-0.0,0.0,13943.188513384212,712.0,-0.0,0.33799210998919377,0.36094485086520944,0.0,799.2,0.0,0.0,1.0,888.0,-0.0,118,-43.162652371918604,0.0,118,-31.875620765849856,0.0,120,-25.21587115541221,0.0,120,-24.550348060179065,0.0,118,-12.01592462826309,0.0,118,-26.20267873476761,0.0,0.0,0.0,0.0,0.0,0.0,0.0,712.0,712.0,0.0,0.0,712.0,0.0,0.0,712
0.0,0.0,-0.0,0.0,13152.0774022731,712.0,-0.0,0.31881505350575956,0.36094485086520944,0.0,799.2,0.0,0.0,1.0,888.0,-0.0,118,-57.478732357236936,0.0,118,-48.57971205922852,0.0,120,-48.67024397470121,0.0,120,-59.20058764254883,0.0,118,-50.245998099557134,0.0,118,-56.54883670866671,0.0,0.0,0.0,0.0,0.0,0.0,0.0,712.0,712.0,0.0,0.0,712.0,0.0,0.0,712
0.0,0.0,-0.0,0.0,12360.966291161989,712.0,-0.0,0.29963799702232535,0.36094485086520944,0.0,799.2,0.0,0.0,1.0,888.0,-0.0,118,-48.983770817613966,0.0,118,-35.48507943942805,0.0,120,-28.106710449605433,0.0,120,-29.03771129260932,0.0,118,-23.454034565961887,0.0,118,-23.091277939870114,0.0,0.0,0.0,0.0,0.0,0.0,0.0,712.0,712.0,0.0,0.0,712.0,0.0,0.0,712
0.0,0.0,-0.0,0.0,11569.855180050878,712.0,-0.0,0.2804609405388912,0.36094485086520944,0.0,799.2,0.0,0.0,1.0,888.0,-0.0,118,-3.0316493166403413,0.0,118,-52.60759829084036,0.0,120,-15.851384413119922,0.0,120,-9.498661646352733,0.0,118,-26.29708152886009,0.0,118,-41.62391422974245,0.0,0.0,0.0,0.0,0.0,0.0,0.0,712.0,712.0,0.0,0.0,712.0,0.0,0.0,712
0.0,0.0,-0.0,0.0,10778.744068939766,712.0,-0.0,0.261283884055457,0.36094485086520944,0.0,799.2,0.0,0.0,1.0,888.0,-0.0,118,-43.32682636934703,0.0,118,-34.03643577146601,0.0,120,-23.120840184383653,0.0,120,-1.3978946810143067,0.0,118,-23.992451155815115,0.0,118,-48.288871958489146,0.0,0.0,0.0,0.0,0.0,0.0,0.0,712.0,712.0,0.0,0.0,712.0,0.0,0.0,712
0.0,0.0,-0.0,0.0,9987.632957828655,712.0,-0.0,0.24210682757202276,0.36094485086520944,0.0,799.2,0.0,0.0,1.0,888.0,-0.0,118,-0.25498254006582677,0.0,118,-55.29362579924631,0.0,120,-57.788827420307314,0.0,120,-18.39296059824855,0.0,118,-55.53249916660602,0.0,118,-41.02953076444413,0.0,0.0,0.0,0.0,0.0,0.0,0.0,712.0,712.0,0.0,0.0,712.0,0.0,0.0,712
0.0,0.0,-0.0,0.0,9196.521846717544,712.0,-0.0,0.22292977108858855,0.36094485086520944,0.0,799.2,0.0,0.0,1.0,888.0,-0.0,118,-30.12976929795514,0.0,118,-32.7723489420301,0.0,120,-11.851358908711278,0.0,120,-58.96405750687857,0.0,118,-12.706158802923458,0.0,118,-53.28252284659835,0.0,0.0,0.0,0.0,0.0,0.0,0.0,712.0,712.0,0.0,0.0,712.0,0.0,0.0,712
0.0,0.0,-0.0,0.0,8405.410735606432,712.0,-0.0,0.20375271460515434,0.36094485086520944,0.0,799.2,0.0,0.0,1.0,888.0,-0.0,118,-2.5483558860051514,0.0,118,-22.129395924893945,0.0,120,-41.26293341912154,0.0,120,-24.87736749177728,0.0,118,-39.93127256948548,0.0,118,-18.584301239370333,0.0,0.0,0.0,0.0,0.0,0.0,0.0,712.0,712.0,0.0,0.0,712.0,0.0,0.0,712
0.0,0.0,-0.0,0.0,7614.299624495321,712.0,-0.0,0.18457565812172014,0.36094485086520944,0.0,799.2,0.0,0.0,1.0,888.0,-0.0,118,-44.8318143745111,0.0,118,-55.749654518040295,0.0,120,-50.03654914253964,0.0,120,-27.807175473081806,0.0,118,-22.099371783260903,0.0,118,-23.417320299002526,0.0,0.0,0.0,0.0,0.0,0.0,0.0,712.0,712.0,0.0,0.0,712.0,0.0,0.0,712
0.0,0.0,-0.0,0.0,6823.18851338421,712.0,-0.0,0.16539860163828593,0.36094485086520944,0.0,799.2,0.0,0.0,1.0,888.0,-0.0,118,-49.16225640930353,0.0,118,-19.42475633123544,0.0,120,-30.63992325032905,0.0,120,-57.88584188053926,0.0,118,-0.23953104203899622,0.0,118,-10.610699195734794,0.0,0.0,0.0,0.0,0.0,0.0,0.0,712.0,712.0,0.0,0.0,712.0,0.0,0.0,712
0.0,0.0,-0.0,0.0,6032.077402273098,712.0,-0.0,0.14622154515485172,0.36094485086520944,0.0,799.2,0.0,0.0,1.0,888.0,-0.0,118,-9.340392552876542,0.0,118,-26.715626204013972,0.0,120,-14.545797637904363,0.0,120,-54.81963407066658,0.0,118,-54.04204265964615,0.0,118,-15.401536156116354,0.0,0.0,0.0,0.0,0.0,0.0,0.0,712.0,712.0,0.0,0.0,712.0,0.0,0.0,712
0.0,0.0,-0.0,0.0,5240.966291161987,712.0,-0.0,0.12704448867141752,0.36094485086520944,0.0,799.2,0.0,0.0,1.0,888.0,-0.0,118,-0.7860243720006377,0.0,118,-45.85632351090818,0.0,120,-4.362659744558344,0.0,120,-7.32228190829546,0.0,118,-54.69028613448987,0.0,118,-45.934106879140444,0.0,0.0,0.0,0.0,0.0,0.0,0.0,712.0,712.0,0.0,0.0,712.0,0.0,0.0,712
0.0,0.0,-0.0,0.0,4449.855180050876,712.0,-0.0,0.10786743218798332,0.36094485086520944,0.0,799.2,0.0,0.0,1.0,888.0,-0.0,118,-41.57675283264123,0.0,118,-48.04654803770493,0.0,120,-36.00214914422822,0.0,120,-13.350263911251874,0.0,118,-31.559910690596457,0.0,118,-41.47113051016291,0.0,0.0,0.0,0.0,0.0,0.0,0.0,712.0,712.0,0.0,0.0,712.0,0.0,0.0,712
0.0,0.0,-0.0,0.0,3658.7440689397645,712.0,-0.0,0.08869037570454912,0.36094485086520944,0.0,799.2,0.0,0.0,1.0,888.0,-0.0,118,-31.698378913351796,0.0,118,-13.602596271996699,0.0,120,-31.575710139370795,0.0,120,-29.557066016062425,0.0,118,-4.029816841205451,0.0,118,-48.850906577668795,0.0,0.0,0.0,0.0,0.0,0.0,0.0,712.0,712.0,0.0,0.0,712.0,0.0,0.0,712
0.0,0.0,-0.0,0.0,2867.632957828653,712.0,-0.0,0.06951331922111491,0.36094485086520944,0.0,799.2,0.0,0.0,1.0,888.0,-0.0,118,-26.179870869664445,0.0,118,-16.177131266724693,0.0,120,-54.57389694063789,0.0,120,-37.0837277698079,0.0,118,-57.27871954107073,0.0,118,-28.840690373272817,0.0,0.0,0.0,0.0,0.0,0.0,0.0,712.0,712.0,0.0,0.0,712.0,0.0,0.0,712
0.0,0.0,-0.0,0.0,2076.521846717542,712.0,-0.0,0.0503362627376807,0.36094485086520944,0.0,799.2,0.0,0.0,1.0,888.0,-0.0,118,-10.334575258447652,0.0,118,-29.30057992522657,0.0,120,-30.0296726952164,0.0,120,-30.699610504140253,0.0,118,-28.853917398166853,0.0,118,-57.33921275929896,0.0,0.0,0.0,0.0,0.0,0.0,0.0,712.0,712.0,0.0,0.0,712.0,0.0,0.0,712
0.0,0.0,-0.0,0.0,1285.4107356064308,712.0,-0.0,0.031159206254246497,0.36094485086520944,0.0,799.2,0.0,0.0,1.0,888.0,-0.0,118,-18.56039522028985,0.0,118,-29.96162804187,0.0,120,-2.7896323635899645,0.0,120,-26.582356399104267,0.0,118,-23.901748398282244,0.0,118,-16.677525068091047,0.0,0.0,0.0,0.0,0.0,0.0,0.0,712.0,712.0,0.0,0.0,712.0,0.0,0.0,712
0.0,0.0,-0.0,0.0,494.2996244953197,444.8696620457877,-0.0,0.011982149770812297,0.36094485086520944,96.41931999445615,799.2,0.0,267.1303379542123,1.0,888.0,-237211.7401033405,118,-46.1156444402526,0.0,118,-38.346623224022274,0.0,120,-52.4264841101292,0.0,120,-13.98199285817135,0.0,118,-9.240434276916435,0.0,118,-12.224512107869256,0.0,0.0,0.0,0.0,0.0,-237211.7401033405,-237211.7401033405,712.0,712.0,0.0,0.0,712.0,0.0,0.0,712
0.0,0.0,-0.0,0.0,0.0,0.0,-0.0,0.0,0.36094485086520944,256.9927338160291,799.2,0.0,712.0,1.0,888.0,-632256.0,118,-24.112820638296473,0.0,118,-10.142631938690199,0.0,120,-1.2715457712606582,0.0,120,-14.727009143333728,0.0,118,-45.95668255363674,0.0,118,-47.134395814194605,0.0,0.0,0.0,0.0,0.0,-632256.0,-632256.0,712.0,712.0,0.0,0.0,712.0,0.0,0.0,712
0.0,0.0,-0.0,0.0,0.0,0.0,-0.0,0.0,0.36094485086520944,256.9927338160291,799.2,0.0,712.0,1.0,888.0,-632256.0,118,-40.54542494969731,0.0,118,-48.65318780829205,0.0,120,-21.059442494582076,0.0,120,-15.779951888903888,0.0,118,-47.42376794575322,0.0,118,-26.825465092787287,0.0,0.0,0.0,0.0,0.0,-632256.0,-632256.0,712.0,712.0,0.0,0.0,712.0,0.0,0.0,712
0.0,0.0,-0.0,0.0,0.0,0.0,-0.0,0.0,0.36094485086520944,256.9927338160291,799.2,0.0,712.0,1.0,888.0,-632256.0,118,-30.693550371461157,0.0,118,-26.038101440314637,0.0,120,-1.1490884960237757,0.0,120,-9.762989343028824,0.0,118,-27.4361307890591,0.0,118,-36.69380778073663,0.0,0.0,0.0,0.0,0.0,-632256.0,-632256.0,712.0,712.0,0.0,0.0,712.0,0.0,0.0,712
0.0,0.0,-0.0,0.0,0.0,0.0,-0.0,0.0,0.36094485086520944,256.9927338160291,799.2,0.0,712.0,1.0,888.0,-632256.0,118,-6.329715455784026,0.0,118,-10.641724364455591,0.0,120,-17.97737746179957,0.0,120,-47.99926831824474,0.0,118,-31.443026918685987,0.0,118,-31.527984296854754,0.0,0.0,0.0,0.0,0.0,-632256.0,-632256.0,712.0,712.0,0.0,0.0,712.0,0.0,0.0,712
0.0,0.0,-0.0,0.0,0.0,0.0,-0.0,0.0,0.36094485086520944,256.9927338160291,799.2,0.0,712.0,1.0,888.0,-632256.0,118,-52.274382482481364,0.0,118,-2.738371937077795,0.0,120,-5.1231891370337035,0.0,120,-48.396021622752734,0.0,118,-55.216749331777415,0.0,118,-54.183502208234636,0.0,0.0,0.0,0.0,0.0,-632256.0,-632256.0,712.0,712.0,0.0,0.0,712.0,0.0,0.0,712
0.0,0.0,-0.0,0.0,0.0,0.0,-0.0,0.0,0.36094485086520944,256.9927338160291,799.2,0.0,712.0,1.0,888.0,-632256.0,118,-56.946091143549054,0.0,118,-26.959877511832918,0.0,120,-44.03441519665797,0.0,120,-33.46064642519328,0.0,118,-56.839199976400025,0.0,118,-10.8248022527808,0.0,0.0,0.0,0.0,0.0,-632256.0,-632256.0,712.0,712.0,0.0,0.0,712.0,0.0,0.0,712
0.0,0.0,-0.0,0.0,0.0,0.0,-0.0,0.0,0.36094485086520944,256.9927338160291,799.2,0.0,712.0,1.0,888.0,-632256.0,118,-57.0197609156333,0.0,118,-27.49663064238741,0.0,120,-46.952400828045135,0.0,120,-39.70616389447494,0.0,118,-37.20606391245407,0.0,118,-17.118542261890596,0.0,0.0,0.0,0.0,0.0,-632256.0,-632256.0,712.0,712.0,0.0,0.0,712.0,0.0,0.0,712
0.0,0.0,-0.0,0.0,0.0,0.0,-0.0,0.0,0.36094485086520944,256.9927338160291,799.2,0.0,712.0,1.0,888.0,-632256.0,118,-11.626550796696684,0.0,118,-45.84390203005798,0.0,120,-57.08052191492536,0.0,120,-56.407815199176106,0.0,118,-0.8655936691174504,0.0,118,-56.609101397644814,0.0,0.0,0.0,0.0,0.0,-632256.0,-632256.0,712.0,712.0,0.0,0.0,712.0,0.0,0.0,712
0.0,0.0,-0.0,0.0,0.0,0.0,-0.0,0.0,0.36094485086520944,256.9927338160291,799.2,0.0,712.0,1.0,888.0,-632256.0,118,-18.671393430634918,0.0,118,-15.915443750797413,0.0,120,-43.077124722222,0.0,120,-16.485647402009185,0.0,118,-14.012999596667754,0.0,118,-54.51806325604163,0.0,0.0,0.0,0.0,0.0,-632256.0,-632256.0,712.0,712.0,0.0,0.0,712.0,0.0,0.0,712
0.0,0.0,-0.0,0.0,0.0,0.0,-0.0,0.0,0.36094485086520944,256.9927338160291,799.2,0.0,712.0,1.0,888.0,-632256.0,118,-55.56936180691976,0.0,118,-57.13978737334623,0.0,120,-57.6896440508584,0.0,120,-28.89149740451318,0.0,118,-18.580061664470517,0.0,118,-45.50427459460679,0.0,0.0,0.0,0.0,0.0,-632256.0,-632256.0,712.0,712.0,0.0,0.0,712.0,0.0,0.0,712
0.0,0.0,-0.0,0.0,0.0,0.0,-0.0,0.0,0.36094485086520944,256.9927338160291,799.2,0.0,712.0,1.0,888.0,-632256.0,118,-7.9307016655947855,0.0,118,-50.0736047545513,0.0,120,-37.70254265934946,0.0,120,-7.360432861390514,0.0,118,-59.8311180373249,0.0,118,-46.032330041588956,0.0,0.0,0.0,0.0,0.0,-632256.0,-632256.0,712.0,712.0,0.0,0.0,712.0,0.0,0.0,712
0.0,0.0,-0.0,0.0,0.0,0.0,-0.0,0.0,0.36094485086520944,256.9927338160291,799.2,0.0,712.0,1.0,888.0,-632256.0,118,-57.7880177051596,0.0,118,-11.174534025112413,0.0,120,-52.86000398086807,0.0,120,-11.849621986455507,0.0,118,-27.969188126132025,0.0,118,-37.35928106974134,0.0,0.0,0.0,0.0,0.0,-632256.0,-632256.0,712.0,712.0,0.0,0.0,712.0,0.0,0.0,712
0.0,0.0,-0.0,0.0,0.0,0.0,-0.0,0.0,0.36094485086520944,256.9927338160291,799.2,0.0,712.0,1.0,888.0,-632256.0,118,-58.554488307622854,0.0,118,-15.303845104733107,0.0,120,-57.616961615790764,0.0,120,-58.78282955081815,0.0,118,-8.086954357790257,0.0,118,-58.95145380805924,0.0,0.0,0.0,0.0,0.0,-632256.0,-632256.0,712.0,712.0,0.0,0.0,712.0,0.0,0.0,712
0.0,0.0,-0.0,0.0,0.0,0.0,-0.0,0.0,0.36094485086520944,256.9927338160291,799.2,0.0,712.0,1.0,888.0,-632256.0,118,-18.993205127431853,0.0,118,-49.10974841150525,0.0,120,-20.38162977363519,0.0,120,-16.744747142217268,0.0,118,-38.93018413061909,0.0,118,-52.920495922703275,0.0,0.0,0.0,0.0,0.0,-632256.0,-632256.0,712.0,712.0,0.0,0.0,712.0,0.0,0.0,712
0.0,0.0,-0.0,0.0,0.0,0.0,-0.0,0.0,0.36094485086520944,256.9927338160291,799.2,0.0,712.0,1.0,888.0,-632256.0,118,-26.459425089710884,0.0,118,-18.58540165178433,0.0,120,-7.544441300441111,0.0,120,-32.16860430777655,0.0,118,-26.747143865879522,0.0,118,-59.79979743233702,0.0,0.0,0.0,0.0,0.0,-632256.0,-632256.0,712.0,712.0,0.0,0.0,712.0,0.0,0.0,712
0.0,0.0,-0.0,0.0,0.0,0.0,-0.0,0.0,0.36094485086520944,256.9927338160291,799.2,0.0,712.0,1.0,888.0,-632256.0,118,-44.370451999153836,0.0,118,-20.767864984825366,0.0,120,-5.4672760692893725,0.0,120,-16.46040040407678,0.0,118,-32.29671989757487,0.0,118,-54.435805604750406,0.0,0.0,0.0,0.0,0.0,-632256.0,-632256.0,712.0,712.0,0.0,0.0,712.0,0.0,0.0,712
0.0,0.0,-0.0,0.0,0.0,0.0,-0.0,0.0,0.36094485086520944,256.9927338160291,799.2,0.0,712.0,1.0,888.0,-632256.0,118,-10.861078338426795,0.0,118,-31.721651222505287,0.0,120,-0.04024447223994754,0.0,120,-10.156542185887288,0.0,118,-23.056970848926138,0.0,118,-42.82502411464679,0.0,0.0,0.0,0.0,0.0,-632256.0,-632256.0,712.0,712.0,0.0,0.0,712.0,0.0,0.0,712
0.0,0.0,-0.0,0.0,0.0,0.0,-0.0,0.0,0.36094485086520944,256.9927338160291,799.2,0.0,712.0,1.0,888.0,-632256.0,118,-31.59872046428899,0.0,118,-29.58283185143145,0.0,120,-53.262693629913024,0.0,120,-10.111726058500228,0.0,118,-1.9282594558632549,0.0,118,-35.12448438880752,0.0,0.0,0.0,0.0,0.0,-632256.0,-632256.0,712.0,712.0,0.0,0.0,712.0,0.0,0.0,712
0.0,0.0,-0.0,0.0,0.0,0.0,-0.0,0.0,0.36094485086520944,256.9927338160291,799.2,0.0,712.0,1.0,888.0,-632256.0,118,-27.200778081322113,0.0,118,-7.34398723705519,0.0,120,-18.659186926119926,0.0,120,-59.58393859993464,0.0,118,-28.51747829295745,0.0,118,-41.40686687335845,0.0,0.0,0.0,0.0,0.0,-632256.0,-632256.0,712.0,712.0,0.0,0.0,712.0,0.0,0.0,712
0.0,0.0,-0.0,0.0,0.0,0.0,-0.0,0.0,0.36094485086520944,256.9927338160291,799.2,0.0,712.0,1.0,888.0,-632256.0,118,-9.719665247630711,0.0,118,-17.70064702573352,0.0,120,-56.873829714563755,0.0,120,-58.72950320544668,0.0,118,-19.020055746215967,0.0,118,-50.21093068397349,0.0,0.0,0.0,0.0,0.0,-632256.0,-632256.0,712.0,712.0,0.0,0.0,712.0,0.0,0.0,712
0.0,0.0,-0.0,0.0,0.0,0.0,-0.0,0.0,0.36094485086520944,256.9927338160291,799.2,0.0,712.0,1.0,888.0,-632256.0,118,-55.43748419304939,0.0,118,-45.333439501895356,0.0,120,-22.2336594415764,0.0,120,-14.15137938574053,0.0,118,-41.748594462086416,0.0,118,-9.562698907342813,0.0,0.0,0.0,0.0,0.0,-632256.0,-632256.0,712.0,712.0,0.0,0.0,712.0,0.0,0.0,712
0.0,0.0,-0.0,0.0,0.0,0.0,-0.0,0.0,0.36094485086520944,257.71462351775955,799.2,0.0,714.0,1.0,888.0,-634032.0,118,-15.01652773015925,0.0,120,-50.73629737269077,0.0,120,-22.55985937651801,0.0,120,-48.41699723193088,0.0,118,-43.762012906143184,0.0,118,-7.970809183768766,0.0,0.0,0.0,0.0,0.0,-634032.0,-634032.0,714.0,714.0,0.0,0.0,714.0,0.0,0.0,714
0.0,0.0,-0.0,0.0,0.0,0.0,-0.0,0.0,0.36094485086520944,257.71462351775955,799.2,0.0,714.0,1.0,888.0,-634032.0,118,-2.6549243499665165,0.0,120,-33.89819636769436,0.0,120,-39.27392401129559,0.0,120,-19.646147716983847,0.0,118,-6.819594760355767,0.0,118,-3.563019885976586,0.0,0.0,0.0,0.0,0.0,-634032.0,-634032.0,714.0,714.0,0.0,0.0,714.0,0.0,0.0,714
0.0,0.0,-0.0,0.0,0.0,0.0,-0.0,0.0,0.36094485086520944,257.71462351775955,799.2,0.0,714.0,1.0,888.0,-634032.0,118,-57.608098342076,0.0,120,-42.875202431262245,0.0,120,-35.5277441998755,0.0,120,-23.112564710346998,0.0,118,-39.817525858842124,0.0,118,-19.502761191086346,0.0,0.0,0.0,0.0,0.0,-634032.0,-634032.0,714.0,714.0,0.0,0.0,714.0,0.0,0.0,714
0.0,0.0,-0.0,0.0,0.0,0.0,-0.0,0.0,0.36094485086520944,257.71462351775955,799.2,0.0,714.0,1.0,888.0,-634032.0,118,-42.18937326453829,0.0,120,-4.7133325905825885,0.0,120,-46.03796974094376,0.0,120,-3.9535085434853,0.0,118,-2.74344812117695,0.0,118,-9.256720727754043,0.0,0.0,0.0,0.0,0.0,-634032.0,-634032.0,714.0,714.0,0.0,0.0,714.0,0.0,0.0,714
0.0,0.0,-0.0,0.0,0.0,0.0,-0.0,0.0,0.36094485086520944,257.71462351775955,799.2,0.0,714.0,1.0,888.0,-634032.0,118,-4.653334848772124,0.0,120,-40.7892148479251,0.0,120,-27.306019600027152,0.0,120,-38.23159964090144,0.0,118,-21.672346154197964,0.0,118,-34.41264342055444,0.0,0.0,0.0,0.0,0.0,-634032.0,-634032.0,714.0,714.0,0.0,0.0,714.0,0.0,0.0,714
0.0,0.0,-0.0,0.0,0.0,0.0,-0.0,0.0,0.36094485086520944,257.71462351775955,799.2,0.0,714.0,1.0,888.0,-634032.0,118,-55.54069712014167,0.0,120,-1.0545775171000993,0.0,120,-48.31260579147529,0.0,120,-33.22646056662754,0.0,118,-12.181332441895403,0.0,118,-54.44408468382775,0.0,0.0,0.0,0.0,0.0,-634032.0,-634032.0,714.0,714.0,0.0,0.0,714.0,0.0,0.0,714
0.0,0.0,-0.0,0.0,0.0,0.0,-0.0,0.0,0.36094485086520944,257.71462351775955,799.2,0.0,714.0,1.0,888.0,-634032.0,118,-46.9559948141596,0.0,120,-6.881568082557976,0.0,120,-56.22893477121519,0.0,120,-22.924934773727625,0.0,118,-41.36712530784288,0.0,118,-6.397585632750243,0.0,0.0,0.0,0.0,0.0,-634032.0,-634032.0,714.0,714.0,0.0,0.0,714.0,0.0,0.0,714
0.0,0.0,-0.0,0.0,0.0,0.0,-0.0,0.0,0.36094485086520944,257.71462351775955,799.2,0.0,714.0,1.0,888.0,-634032.0,118,-0.8638786538365406,0.0,120,-1.3698897228543405,0.0,120,-52.83634408680302,0.0,120,-41.59772877143469,0.0,118,-54.67430247304135,0.0,118,-14.019683008871295,0.0,0.0,0.0,0.0,0.0,-634032.0,-634032.0,714.0,714.0,0.0,0.0,714.0,0.0,0.0,714
0.0,0.0,-0.0,0.0,0.0,0.0,-0.0,0.0,0.36094485086520944,257.71462351775955,799.2,0.0,714.0,1.0,888.0,-634032.0,118,-42.244063365159604,0.0,120,-39.84789017414759,0.0,120,-14.126551477545252,0.0,120,-56.55140366104823,0.0,118,-6.394837219007949,0.0,118,-46.652727518346325,0.0,0.0,0.0,0.0,0.0,-634032.0,-634032.0,714.0,714.0,0.0,0.0,714.0,0.0,0.0,714
0.0,0.0,-0.0,0.0,0.0,0.0,-0.0,0.0,0.36094485086520944,257.71462351775955,799.2,0.0,714.0,1.0,888.0,-634032.0,118,-1.852087033908636,0.0,120,-47.15698323866182,0.0,120,-18.86632377703906,0.0,120,-17.804331851630344,0.0,118,-35.9889378060252,0.0,118,-9.566306010209772,0.0,0.0,0.0,0.0,0.0,-634032.0,-634032.0,714.0,714.0,0.0,0.0,714.0,0.0,0.0,714
0.0,0.0,-0.0,0.0,0.0,0.0,-0.0,0.0,0.36094485086520944,257.71462351775955,799.2,0.0,714.0,1.0,888.0,-634032.0,118,-58.3965294960544,0.0,120,-47.28142574334025,0.0,120,-52.4605205806148,0.0,120,-49.54384421454629,0.0,118,-20.679380627620944,0.0,118,-58.29739571506939,0.0,0.0,0.0,0.0,0.0,-634032.0,-634032.0,714.0,714.0,0.0,0.0,714.0,0.0,0.0,714
0.0,0.0,-0.0,0.0,0.0,0.0,-0.0,0.0,0.36094485086520944,257.71462351775955,799.2,0.0,714.0,1.0,888.0,-634032.0,118,-2.584831981305964,0.0,120,-25.979989761579823,0.0,120,-46.52068347016786,0.0,120,-6.612821854920763,0.0,118,-3.1971237175533362,0.0,118,-17.82780331894846,0.0,0.0,0.0,0.0,0.0,-634032.0,-634032.0,714.0,714.0,0.0,0.0,714.0,0.0,0.0,714
0.0,0.0,-0.0,0.0,0.0,0.0,-0.0,0.0,0.36094485086520944,257.71462351775955,799.2,0.0,714.0,1.0,888.0,-634032.0,118,-25.596155183861814,0.0,120,-34.28044217372654,0.0,120,-27.927186133558873,0.0,120,-5.252393918131942,0.0,118,-35.71320997404414,0.0,118,-44.858257327716764,0.0,0.0,0.0,0.0,0.0,-634032.0,-634032.0,714.0,714.0,0.0,0.0,714.0,0.0,0.0,714
0.0,0.0,-0.0,0.0,0.0,0.0,-0.0,0.0,0.36094485086520944,257.71462351775955,799.2,0.0,714.0,1.0,888.0,-634032.0,118,-41.57282185497497,0.0,120,-23.230360741975232,0.0,120,-51.3986993184451,0.0,120,-38.96382004513885,0.0,118,-9.53124741660099,0.0,118,-12.461151353886404,0.0,0.0,0.0,0.0,0.0,-634032.0,-634032.0,714.0,714.0,0.0,0.0,714.0,0.0,0.0,714
0.0,0.0,-0.0,0.0,0.0,0.0,-0.0,0.0,0.36094485086520944,257.71462351775955,799.2,0.0,714.0,1.0,888.0,-634032.0,118,-27.135570119195602,0.0,120,-7.792218414138137,0.0,120,-1.5593434698129727,0.0,120,-34.49151448202811,0.0,118,-8.963676540694598,0.0,118,-26.721242704691946,0.0,0.0,0.0,0.0,0.0,-634032.0,-634032.0,714.0,714.0,0.0,0.0,714.0,0.0,0.0,714
0.0,0.0,-0.0,0.0,0.0,0.0,-0.0,0.0,0.36094485086520944,257.71462351775955,799.2,0.0,714.0,1.0,888.0,-634032.0,118,-34.93541851795951,0.0,120,-28.988607736263692,0.0,120,-35.808077399434374,0.0,120,-16.356555038633445,0.0,118,-25.4350646272102,0.0,118,-0.08317298164134179,0.0,0.0,0.0,0.0,0.0,-634032.0,-634032.0,714.0,714.0,0.0,0.0,714.0,0.0,0.0,714
0.0,0.0,-0.0,0.0,0.0,0.0,-0.0,0.0,0.36094485086520944,257.71462351775955,799.2,0.0,714.0,1.0,888.0,-634032.0,118,-4.533141613481622,0.0,120,-24.332620451499317,0.0,120,-23.634163388836853,0.0,120,-7.125936026848452,0.0,118,-58.856853936618776,0.0,118,-27.8874874752989,0.0,0.0,0.0,0.0,0.0,-634032.0,-634032.0,714.0,714.0,0.0,0.0,714.0,0.0,0.0,714
0.0,0.0,-0.0,0.0,0.0,0.0,-0.0,0.0,0.36094485086520944,257.71462351775955,799.2,0.0,714.0,1.0,888.0,-634032.0,118,-41.25706891431181,0.0,120,-16.37627216805435,0.0,120,-8.879897518034568,0.0,120,-41.411064991919226,0.0,118,-56.77336221006046,0.0,118,-23.67504577011181,0.0,0.0,0.0,0.0,0.0,-634032.0,-634032.0,714.0,714.0,0.0,0.0,714.0,0.0,0.0,714
0.0,0.0,-0.0,0.0,0.0,0.0,-0.0,0.0,0.36094485086520944,257.71462351775955,799.2,0.0,714.0,1.0,888.0,-634032.0,118,-46.98440389241747,0.0,120,-17.12847945661978,0.0,120,-3.348357155017012,0.0,120,-6.649927944528957,0.0,118,-54.1242396760485,0.0,118,-27.071794829848002,0.0,0.0,0.0,0.0,0.0,-634032.0,-634032.0,714.0,714.0,0.0,0.0,714.0,0.0,0.0,714
0.0,0.0,-0.0,0.0,0.0,0.0,-0.0,0.0,0.36094485086520944,257.71462351775955,799.2,0.0,714.0,1.0,888.0,-634032.0,118,-52.48194148879968,0.0,120,-9.380506444434655,0.0,120,-52.951665942281466,0.0,120,-40.49166208986146,0.0,118,-2.742387987446089,0.0,118,-17.789617134288743,0.0,0.0,0.0,0.0,0.0,-634032.0,-634032.0,714.0,714.0,0.0,0.0,714.0,0.0,0.0,714
0.0,0.0,-0.0,0.0,0.0,0.0,-0.0,0.0,0.36094485086520944,257.71462351775955,799.2,0.0,714.0,1.0,888.0,-634032.0,118,-5.507054106452691,0.0,120,-15.44612541502866,0.0,120,-50.42080479010958,0.0,120,-17.597905359643082,0.0,118,-14.64341606248908,0.0,118,-11.138763319719605,0.0,0.0,0.0,0.0,0.0,-634032.0,-634032.0,714.0,714.0,0.0,0.0,714.0,0.0,0.0,714
0.0,0.0,-0.0,0.0,0.0,0.0,-0.0,0.0,0.36094485086520944,257.71462351775955,799.2,0.0,714.0,1.0,888.0,-634032.0,118,-46.51540107001343,0.0,120,-33.61812700149682,0.0,120,-42.22833330407836,0.0,120,-48.231403976401914,0.0,118,-54.07714354472776,0.0,118,-18.083986999334847,0.0,0.0,0.0,0.0,0.0,-634032.0,-634032.0,714.0,714.0,0.0,0.0,714.0,0.0,0.0,714
0.0,0.0,-0.0,0.0,0.0,0.0,-0.0,0.0,0.36094485086520944,257.71462351775955,799.2,0.0,714.0,1.0,888.0,-634032.0,118,-36.64070249782596,0.0,120,-28.684870202077313,0.0,120,-5.459883432670136,0.0,120,-33.025133518092275,0.0,118,-2.736490303384378,0.0,118,-10.429828977936486,0.0,0.0,0.0,0.0,0.0,-634032.0,-634032.0,714.0,714.0,0.0,0.0,714.0,0.0,0.0,714
0.0,0.0,-0.0,0.0,0.0,0.0,-0.0,0.0,0.36094485086520944,257.71462351775955,799.2,0.0,714.0,1.0,888.0,-634032.0,118,-41.86357295802642,0.0,120,-12.515890346457967,0.0,120,-24.166851040693,0.0,120,-32.798323042910106,0.0,118,-55.852540199101306,0.0,118,-4.6761343859801086,0.0,0.0,0.0,0.0,0.0,-634032.0,-634032.0,714.0,714.0,0.0,0.0,714.0,0.0,0.0,714
0.0,0.0,-0.0,0.0,0.0,0.0,-0.0,0.0,0.36094485086520944,257.71462351775955,799.2,0.0,714.0,1.0,888.0,-634032.0,118,-20.32899734444651,0.0,120,-49.99275916208502,0.0,120,-5.003912853196855,0.0,120,-49.92699970450787,0.0,118,-46.801182183026974,0.0,118,-42.843871589943596,0.0,0.0,0.0,0.0,0.0,-634032.0,-634032.0,714.0,714.0,0.0,0.0,714.0,0.0,0.0,714
0.0,0.0,-0.0,0.0,0.0,0.0,-0.0,0.0,0.36094485086520944,257.71462351775955,799.2,0.0,714.0,1.0,888.0,-634032.0,118,-14.6922187772713,0.0,120,-3.1707858639014908,0.0,120,-13.758684029831848,0.0,120,-20.013872064471077,0.0,118,-11.866635891366714,0.0,118,-41.539921602442185,0.0,0.0,0.0,0.0,0.0,-634032.0,-634032.0,714.0,714.0,0.0,0.0,714.0,0.0,0.0,714
0.0,0.0,-0.0,0.0,0.0,0.0,-0.0,0.0,0.36094485086520944,257.71462351775955,799.2,0.0,714.0,1.0,888.0,-634032.0,118,-23.404847989143637,0.0,120,-43.46106962453875,0.0,120,-39.93343256001419,0.0,120,-59.148353699480026,0.0,118,-52.94353054713574,0.0,118,-35.123532821563096,0.0,0.0,0.0,0.0,0.0,-634032.0,-634032.0,714.0,714.0,0.0,0.0,714.0,0.0,0.0,714
0.0,0.0,-0.0,0.0,0.0,0.0,-0.0,0.0,0.36094485086520944,257.71462351775955,799.2,0.0,714.0,1.0,888.0,-634032.0,118,-4.163039374277746,0.0,120,-32.66031849295339,0.0,120,-6.519252853692099,0.0,120,-28.899002432446846,0.0,118,-29.148118401441593,0.0,118,-50.059032424947496,0.0,0.0,0.0,0.0,0.0,-634032.0,-634032.0,714.0,714.0,0.0,0.0,714.0,0.0,0.0,714
0.0,0.0,-0.0,0.0,0.0,0.0,-0.0,0.0,0.36094485086520944,257.71462351775955,799.2,0.0,714.0,1.0,888.0,-634032.0,118,-8.127023432803322,0.0,120,-29.96124014292758,0.0,120,-32.16938131168986,0.0,120,-6.394992237637249,0.0,118,-41.63361281832858,0.0,118,-11.18791023707596,0.0,0.0,0.0,0.0,0.0,-634032.0,-634032.0,714.0,714.0,0.0,0.0,714.0,0.0,0.0,714
0.0,0.0,-0.0,0.0,0.0,0.0,-0.0,0.0,0.36094485086520944,257.71462351775955,799.2,0.0,714.0,1.0,888.0,-634032.0,118,-18.125347035689423,0.0,120,-39.46951935520582,0.0,120,-22.35648734726582,0.0,120,-23.209384874330933,0.0,118,-56.71681855081618,0.0,118,-33.69931887964291,0.0,0.0,0.0,0.0,0.0,-634032.0,-634032.0,714.0,714.0,0.0,0.0,714.0,0.0,0.0,714
0.0,0.0,-0.0,0.0,0.0,0.0,-0.0,0.0,0.36094485086520944,257.71462351775955,799.2,0.0,714.0,1.0,888.0,-634032.0,118,-50.32693429483193,0.0,120,-13.843652232195234,0.0,120,-53.56361270376983,0.0,120,-22.529028727528978,0.0,118,-0.8649757353342613,0.0,118,-48.95497841163768,0.0,0.0,0.0,0.0,0.0,-634032.0,-634032.0,714.0,714.0,0.0,0.0,714.0,0.0,0.0,714
0.0,0.0,-0.0,0.0,0.0,0.0,-0.0,0.0,0.36094485086520944,257.71462351775955,799.2,0.0,714.0,1.0,888.0,-634032.0,118,-40.72704028446482,0.0,120,-0.9041977970974613,0.0,120,-11.8178829584319,0.0,120,-11.991441827379262,0.0,118,-56.26800177110218,0.0,118,-32.35266266487949,0.0,0.0,0.0,0.0,0.0,-634032.0,-634032.0,714.0,714.0,0.0,0.0,714.0,0.0,0.0,714
0.0,0.0,-0.0,0.0,0.0,0.0,-0.0,0.0,0.36094485086520944,257.71462351775955,799.2,0.0,714.0,1.0,888.0,-634032.0,118,-6.745695169663504,0.0,120,-56.61419619534315,0.0,120,-13.511832070566431,0.0,120,-8.231156159429107,0.0,118,-46.325658490335975,0.0,118,-29.792412540290073,0.0,0.0,0.0,0.0,0.0,-634032.0,-634032.0,714.0,714.0,0.0,0.0,714.0,0.0,0.0,714
0.0,0.0,-0.0,0.0,0.0,0.0,-0.0,0.0,0.36094485086520944,257.71462351775955,799.2,0.0,714.0,1.0,888.0,-634032.0,118,-47.346565536646864,0.0,120,-9.81737491545049,0.0,120,-10.250075382219277,0.0,120,-23.643725324565537,0.0,118,-11.742202951711443,0.0,118,-38.521588960345014,0.0,0.0,0.0,0.0,0.0,-634032.0,-634032.0,714.0,714.0,0.0,0.0,714.0,0.0,0.0,714
