balancing,balancing,balancing,battery,battery,battery,battery,battery,grid,grid,grid,grid,grid,grid,grid,grid,node,node,node,node,node,node,node,node,node,node,node,node,node,node,node,node,node,node,pv_source,pv_source,pv_source,pv_source,balance,balance,balance,balance,balance,balance,balance,balance,balance,balance
0,0,0,0,0,0,0,0,0,0,0,0,0,0,0,0,0,0,0,1,1,1,2,2,2,3,3,3,4,4,4,5,5,5,0,0,0,0,0,0,0,0,0,0,0,0,0,0
loss_load,overgeneration,reward,charge_amount,current_charge,discharge_amount,reward,soc,co2_per_kwh_current,co2_production,export_price_current,grid_export,grid_import,grid_status_current,import_price_current,reward,load_met,node_current,reward,load_met,node_current,reward,load_met,node_current,reward,load_met,node_current,reward,load_met,node_current,reward,load_met,node_current,reward,curtailment,renewable_current,renewable_used,reward,reward,shaped_reward,overall_provided_to_microgrid,overall_absorbed_from_microgrid,flex_provided_to_microgrid,flex_absorbed_from_microgrid,controllable_provided_to_microgrid,controllable_absorbed_from_microgrid,fixed_provided_to_microgrid,fixed_absorbed_from_microgrid
0.0,0.0,-0.0,0.0,20626.5,720.0,-0.0,0.5,0.47997237932604736,0.0,799.2,0.0,0.0,1.0,888.0,-0.0,120,-57.86478142141532,0.0,120,-46.3091699255926,0.0,120,-59.10983741811011,0.0,120,-33.97874080029189,0.0,120,-59.65614586836184,0.0,120,-6.860849074115281,0.0,0.0,0.0,0.0,0.0,0.0,0.0,720.0,720.0,0.0,0.0,720.0,0.0,0.0,720
0.0,0.0,-0.0,0.0,19826.5,720.0,-0.0,0.4806074709718081,0.47997237932604736,0.0,799.2,0.0,0.0,1.0,888.0,-0.0,120,-56.33584520655961,0.0,120,-38.48736507337121,0.0,120,-1.5820643756219455,0.0,120,-57.25101192361636,0.0,120,-39.15259533062886,0.0,120,-8.019710029412987,0.0,0.0,0.0,0.0,0.0,0.0,0.0,720.0,720.0,0.0,0.0,720.0,0.0,0.0,720
0.0,0.0,-0.0,0.0,19026.5,720.0,-0.0,0.46121494194361623,0.47997237932604736,0.0,799.2,0.0,0.0,1.0,888.0,-0.0,120,-22.346655525695198,0.0,120,-25.56284059211101,0.0,120,-50.47808542909841,0.0,120,-40.689448606729734,0.0,120,-25.43659552072266,0.0,120,-12.867752163010117,0.0,0.0,0.0,0.0,0.0,0.0,0.0,720.0,720.0,0.0,0.0,720.0,0.0,0.0,720
0.0,0.0,-0.0,0.0,18226.5,720.0,-0.0,0.44182241291542435,0.47997237932604736,0.0,799.2,0.0,0.0,1.0,888.0,-0.0,120,-2.495118248837267,0.0,120,-44.99309990124312,0.0,120,-40.843397745801944,0.0,120,-12.779175868713384,0.0,120,-20.32606123412168,0.0,120,-0.9374239639208604,0.0,0.0,0.0,0.0,0.0,0.0,0.0,720.0,720.0,0.0,0.0,720.0,0.0,0.0,720
0.0,0.0,-0.0,0.0,17426.5,720.0,-0.0,0.42242988388723246,0.47997237932604736,0.0,799.2,0.0,0.0,1.0,888.0,-0.0,120,-1.6484337602864008,0.0,120,-0.39173088133482414,0.0,120,-13.321536427884098,0.0,120,-3.5781647372725023,0.0,120,-56.68901676332581,0.0,120,-7.771562867073447,0.0,0.0,0.0,0.0,0.0,0.0,0.0,720.0,720.0,0.0,0.0,720.0,0.0,0.0,720
0.0,0.0,-0.0,0.0,16626.5,720.0,-0.0,0.4030373548590406,0.47997237932604736,0.0,799.2,0.0,0.0,1.0,888.0,-0.0,120,-54.38128888058753,0.0,120,-42.95994469401051,0.0,120,-9.682041567897636,0.0,120,-37.85215171929577,0.0,120,-23.91327071239779,0.0,120,-39.49951119867055,0.0,0.0,0.0,0.0,0.0,0.0,0.0,720.0,720.0,0.0,0.0,720.0,0.0,0.0,720
0.0,0.0,-0.0,0.0,15826.5,720.0,-0.0,0.3836448258308487,0.47997237932604736,0.0,799.2,0.0,0.0,1.0,888.0,-0.0,120,-27.131993388997238,0.0,120,-34.51130981257535,0.0,120,-36.29642780166524,0.0,120,-55.51656848578768,0.0,120,-34.51013158262894,0.0,120,-41.29320521530149,0.0,0.0,0.0,0.0,0.0,0.0,0.0,720.0,720.0,0.0,0.0,720.0,0.0,0.0,720
0.0,0.0,-0.0,0.0,15026.5,720.0,-0.0,0.36425229680265675,0.47997237932604736,0.0,799.2,0.0,0.0,1.0,888.0,-0.0,120,-12.191154703346749,0.0,120,-14.26273901858124,0.0,120,-30.72074148436952,0.0,120,-51.731615296591734,0.0,120,-44.89691421707078,0.0,120,-48.02065441092321,0.0,0.0,0.0,0.0,0.0,0.0,0.0,720.0,720.0,0.0,0.0,720.0,0.0,0.0,720
0.0,0.0,-0.0,0.0,14226.5,720.0,-0.0,0.34485976777446486,0.47997237932604736,0.0,799.2,0.0,0.0,1.0,888.0,-0.0,120,-59.52279508846954,0.0,120,-5.366160857209108,0.0,120,-5.5290250556639675,0.0,120,-15.668766531130709,0.0,120,-48.791168835656244,0.0,120,-19.31649530305875,0.0,0.0,0.0,0.0,0.0,0.0,0.0,720.0,720.0,0.0,0.0,720.0,0.0,0.0,720
0.0,0.0,-0.0,0.0,13426.5,720.0,-0.0,0.325467238746273,0.47997237932604736,0.0,799.2,0.0,0.0,1.0,888.0,-0.0,120,-14.95790437446071,0.0,120,-7.492702030996103,0.0,120,-4.567913941978068,0.0,120,-37.59163272265921,0.0,120,-59.23381932874477,0.0,120,-38.995907271608914,0.0,0.0,0.0,0.0,0.0,0.0,0.0,720.0,720.0,0.0,0.0,720.0,0.0,0.0,720
0.0,0.0,-0.0,0.0,12626.5,720.0,-0.0,0.3060747097180811,0.47997237932604736,0.0,799.2,0.0,0.0,1.0,888.0,-0.0,120,-50.235869165384266,0.0,120,-34.73066060186411,0.0,120,-25.055487479051717,0.0,120,-4.546447910081337,0.0,120,-32.80303968922178,0.0,120,-21.663608856205897,0.0,0.0,0.0,0.0,0.0,0.0,0.0,720.0,720.0,0.0,0.0,720.0,0.0,0.0,720
0.0,0.0,-0.0,0.0,11826.5,720.0,-0.0,0.2866821806898892,0.47997237932604736,0.0,799.2,0.0,0.0,1.0,888.0,-0.0,120,-36.13752122564293,0.0,120,-20.16614405854215,0.0,120,-29.394238672173184,0.0,120,-41.195224234394125,0.0,120,-30.66076039297149,0.0,120,-16.688265003509137,0.0,0.0,0.0,0.0,0.0,0.0,0.0,720.0,720.0,0.0,0.0,720.0,0.0,0.0,720
0.0,0.0,-0.0,0.0,11026.5,720.0,-0.0,0.2672896516616973,0.47997237932604736,0.0,799.2,0.0,0.0,1.0,888.0,-0.0,120,-39.828651481093274,0.0,120,-32.91548694297692,0.0,120,-45.60797643829082,0.0,120,-23.603250294169143,0.0,120,-50.61614925204068,0.0,120,-33.01499226043493,0.0,0.0,0.0,0.0,0.0,0.0,0.0,720.0,720.0,0.0,0.0,720.0,0.0,0.0,720
0.0,0.0,-0.0,0.0,10226.5,720.0,-0.0,0.24789712263350544,0.47997237932604736,0.0,799.2,0.0,0.0,1.0,888.0,-0.0,120,-44.96086547893306,0.0,120,-5.951545720980609,0.0,120,-43.63635924033318,0.0,120,-9.94262868980103,0.0,120,-4.316826408101795,0.0,120,-25.394465409745635,0.0,0.0,0.0,0.0,0.0,0.0,0.0,720.0,720.0,0.0,0.0,720.0,0.0,0.0,720
0.0,0.0,-0.0,0.0,9426.5,720.0,-0.0,0.22850459360531356,0.47997237932604736,0.0,799.2,0.0,0.0,1.0,888.0,-0.0,120,-29.754718904471325,0.0,120,-47.72419091848158,0.0,120,-36.67603209282848,0.0,120,-41.3705436847952,0.0,120,-17.21203770660833,0.0,120,-51.10393480446692,0.0,0.0,0.0,0.0,0.0,0.0,0.0,720.0,720.0,0.0,0.0,720.0,0.0,0.0,720
0.0,0.0,-0.0,0.0,8626.5,720.0,-0.0,0.20911206457712167,0.47997237932604736,0.0,799.2,0.0,0.0,1.0,888.0,-0.0,120,-0.009395071510385211,0.0,120,-52.41974761949796,0.0,120,-59.03147014227739,0.0,120,-58.96481171162161,0.0,120,-31.461565921234154,0.0,120,-4.276803045177957,0.0,0.0,0.0,0.0,0.0,0.0,0.0,720.0,720.0,0.0,0.0,720.0,0.0,0.0,720
0.0,0.0,-0.0,0.0,7826.5,720.0,-0.0,0.18971953554892979,0.47997237932604736,0.0,799.2,0.0,0.0,1.0,888.0,-0.0,120,-49.61435304765166,0.0,120,-20.66878050227336,0.0,120,-40.26598697175384,0.0,120,-53.13525540851424,0.0,120,-1.7324188844110266,0.0,120,-35.83685304381063,0.0,0.0,0.0,0.0,0.0,0.0,0.0,720.0,720.0,0.0,0.0,720.0,0.0,0.0,720
0.0,0.0,-0.0,0.0,7026.5,720.0,-0.0,0.17032700652073787,0.47997237932604736,0.0,799.2,0.0,0.0,1.0,888.0,-0.0,120,-25.09460928302274,0.0,120,-52.06465904697739,0.0,120,-48.48621575492722,0.0,120,-25.68454795263369,0.0,120,-15.985598330342016,0.0,120,-23.508714111447198,0.0,0.0,0.0,0.0,0.0,0.0,0.0,720.0,720.0,0.0,0.0,720.0,0.0,0.0,720
0.0,0.0,-0.0,0.0,6226.5,720.0,-0.0,0.150934477492546,0.47997237932604736,0.0,799.2,0.0,0.0,1.0,888.0,-0.0,120,-19.81277737052241,0.0,120,-23.99881564031439,0.0,120,-15.579386599794567,0.0,120,-58.98538864577043,0.0,120,-10.879753561969226,0.0,120,-59.50844819952376,0.0,0.0,0.0,0.0,0.0,0.0,0.0,720.0,720.0,0.0,0.0,720.0,0.0,0.0,720
0.0,0.0,-0.0,0.0,5426.5,720.0,-0.0,0.1315419484643541,0.47997237932604736,0.0,799.2,0.0,0.0,1.0,888.0,-0.0,120,-51.036941572346976,0.0,120,-44.968482448962156,0.0,120,-7.9230363060221425,0.0,120,-30.253109810090553,0.0,120,-31.012182882622294,0.0,120,-31.10388918907982,0.0,0.0,0.0,0.0,0.0,0.0,0.0,720.0,720.0,0.0,0.0,720.0,0.0,0.0,720
0.0,0.0,-0.0,0.0,4626.5,720.0,-0.0,0.11214941943616222,0.47997237932604736,0.0,799.2,0.0,0.0,1.0,888.0,-0.0,120,-30.05435998925765,0.0,120,-19.62878975097371,0.0,120,-44.630488085833036,0.0,120,-39.320724158315755,0.0,120,-28.300372363315567,0.0,120,-31.935131052046522,0.0,0.0,0.0,0.0,0.0,0.0,0.0,720.0,720.0,0.0,0.0,720.0,0.0,0.0,720
0.0,0.0,-0.0,0.0,3826.5,720.0,-0.0,0.09275689040797033,0.47997237932604736,0.0,799.2,0.0,0.0,1.0,888.0,-0.0,120,-4.11938112042733,0.0,120,-45.15105812633519,0.0,120,-46.66053233853348,0.0,120,-31.19578449773576,0.0,120,-18.926140673205538,0.0,120,-53.28787430231502,0.0,0.0,0.0,0.0,0.0,0.0,0.0,720.0,720.0,0.0,0.0,720.0,0.0,0.0,720
0.0,0.0,-0.0,0.0,3026.5,720.0,-0.0,0.07336436137977843,0.47997237932604736,0.0,799.2,0.0,0.0,1.0,888.0,-0.0,120,-17.238817617985603,0.0,120,-4.824112952590216,0.0,120,-3.844224051289238,0.0,120,-51.4513608990727,0.0,120,-26.20138423389275,0.0,120,-26.062694358447253,0.0,0.0,0.0,0.0,0.0,0.0,0.0,720.0,720.0,0.0,0.0,720.0,0.0,0.0,720
0.0,0.0,-0.0,0.0,2226.5,720.0,-0.0,0.05397183235158655,0.47997237932604736,0.0,799.2,0.0,0.0,1.0,888.0,-0.0,120,-47.6720539895818,0.0,120,-42.5411812162777,0.0,120,-47.395218482399756,0.0,120,-43.99250322364574,0.0,120,-35.6651103049758,0.0,120,-21.466438681877438,0.0,0.0,0.0,0.0,0.0,0.0,0.0,720.0,720.0,0.0,0.0,720.0,0.0,0.0,720
0.0,0.0,-0.0,0.0,1426.5,720.0,-0.0,0.034579303323394664,0.47997237932604736,0.0,799.2,0.0,0.0,1.0,888.0,-0.0,120,-43.03117568921424,0.0,120,-16.599647553036924,0.0,120,-16.965814614337056,0.0,120,-11.074495160041655,0.0,120,-56.06876123775236,0.0,120,-37.63255738461343,0.0,0.0,0.0,0.0,0.0,0.0,0.0,720.0,720.0,0.0,0.0,720.0,0.0,0.0,720
0.0,0.0,-0.0,0.0,626.5,563.85,-0.0,0.015186774295202774,0.47997237932604736,74.94768703176229,799.2,0.0,156.14999999999998,1.0,888.0,-138661.19999999998,120,-12.025477730593552,0.0,120,-21.635770136281895,0.0,120,-36.17442684729193,0.0,120,-19.409530930524426,0.0,120,-30.909156421648987,0.0,120,-1.7299814989146456,0.0,0.0,0.0,0.0,0.0,-138661.19999999998,-138661.19999999998,720.0,720.0,0.0,0.0,720.0,0.0,0.0,720
0.0,0.0,-0.0,0.0,0.0,0.0,-0.0,0.0,0.47997237932604736,345.5801131147541,799.2,0.0,720.0,1.0,888.0,-639360.0,120,-47.06409241252359,0.0,120,-45.3412528731805,0.0,120,-20.431787186493644,0.0,120,-6.956391025602224,0.0,120,-45.835091871733454,0.0,120,-6.317686705636085,0.0,0.0,0.0,0.0,0.0,-639360.0,-639360.0,720.0,720.0,0.0,0.0,720.0,0.0,0.0,720
0.0,0.0,-0.0,0.0,0.0,0.0,-0.0,0.0,0.47997237932604736,345.5801131147541,799.2,0.0,720.0,1.0,888.0,-639360.0,120,-17.252003015457337,0.0,120,-52.090398895318195,0.0,120,-8.869513243742961,0.0,120,-46.902427988423355,0.0,120,-30.287729956285666,0.0,120,-39.92443682420897,0.0,0.0,0.0,0.0,0.0,-639360.0,-639360.0,720.0,720.0,0.0,0.0,720.0,0.0,0.0,720
0.0,0.0,-0.0,0.0,0.0,0.0,-0.0,0.0,0.47997237932604736,345.5801131147541,799.2,0.0,720.0,1.0,888.0,-639360.0,120,-59.28660922656474,0.0,120,-47.46282828555954,0.0,120,-45.886706246729986,0.0,120,-12.834985031832886,0.0,120,-52.48317551932396,0.0,120,-29.065271315188333,0.0,0.0,0.0,0.0,0.0,-639360.0,-639360.0,720.0,720.0,0.0,0.0,720.0,0.0,0.0,720
0.0,0.0,-0.0,0.0,0.0,0.0,-0.0,0.0,0.47997237932604736,345.5801131147541,799.2,0.0,720.0,1.0,888.0,-639360.0,120,-36.82685221704786,0.0,120,-24.85471134927026,0.0,120,-59.75047978155978,0.0,120,-15.527929327658082,0.0,120,-41.07560868213669,0.0,120,-5.573178509476133,0.0,0.0,0.0,0.0,0.0,-639360.0,-639360.0,720.0,720.0,0.0,0.0,720.0,0.0,0.0,720
0.0,0.0,-0.0,0.0,0.0,0.0,-0.0,0.0,0.47997237932604736,345.5801131147541,799.2,0.0,720.0,1.0,888.0,-639360.0,120,-36.948025641465996,0.0,120,-42.649301053319796,0.0,120,-8.643162457330808,0.0,120,-56.36431114052837,0.0,120,-48.48191324584576,0.0,120,-36.230115511618095,0.0,0.0,0.0,0.0,0.0,-639360.0,-639360.0,720.0,720.0,0.0,0.0,720.0,0.0,0.0,720
0.0,0.0,-0.0,0.0,0.0,0.0,-0.0,0.0,0.47997237932604736,345.5801131147541,799.2,0.0,720.0,1.0,888.0,-639360.0,120,-46.57624947925533,0.0,120,-35.951217377001846,0.0,120,-34.49718617034063,0.0,120,-53.83996867227333,0.0,120,-35.85208232353293,0.0,120,-52.66456517126826,0.0,0.0,0.0,0.0,0.0,-639360.0,-639360.0,720.0,720.0,0.0,0.0,720.0,0.0,0.0,720
0.0,0.0,-0.0,0.0,0.0,0.0,-0.0,0.0,0.47997237932604736,345.5801131147541,799.2,0.0,720.0,1.0,888.0,-639360.0,120,-32.431985785168564,0.0,120,-12.989968583585398,0.0,120,-50.24270294725445,0.0,120,-51.36827688998955,0.0,120,-54.81433857879796,0.0,120,-19.355568457930236,0.0,0.0,0.0,0.0,0.0,-639360.0,-639360.0,720.0,720.0,0.0,0.0,720.0,0.0,0.0,720
0.0,0.0,-0.0,0.0,0.0,0.0,-0.0,0.0,0.47997237932604736,345.5801131147541,799.2,0.0,720.0,1.0,888.0,-639360.0,120,-51.720305411076794,0.0,120,-44.72615186269022,0.0,120,-1.0051118717629959,0.0,120,-20.285182784074607,0.0,120,-53.46713541801876,0.0,120,-31.42722419555924,0.0,0.0,0.0,0.0,0.0,-639360.0,-639360.0,720.0,720.0,0.0,0.0,720.0,0.0,0.0,720
0.0,0.0,-0.0,0.0,0.0,0.0,-0.0,0.0,0.47997237932604736,345.5801131147541,799.2,0.0,720.0,1.0,888.0,-639360.0,120,-54.34513309954363,0.0,120,-4.8264467283920265,0.0,120,-19.783758023905882,0.0,120,-32.5838647890757,0.0,120,-18.440212838553155,0.0,120,-17.86210453277185,0.0,0.0,0.0,0.0,0.0,-639360.0,-639360.0,720.0,720.0,0.0,0.0,720.0,0.0,0.0,720
0.0,0.0,-0.0,0.0,0.0,0.0,-0.0,0.0,0.47997237932604736,345.5801131147541,799.2,0.0,720.0,1.0,888.0,-639360.0,120,-29.219459338933444,0.0,120,-36.8525765391582,0.0,120,-21.16097981130504,0.0,120,-5.143867880974772,0.0,120,-53.26635414402985,0.0,120,-12.027000330774316,0.0,0.0,0.0,0.0,0.0,-639360.0,-639360.0,720.0,720.0,0.0,0.0,720.0,0.0,0.0,720
0.0,0.0,-0.0,0.0,0.0,0.0,-0.0,0.0,0.47997237932604736,345.5801131147541,799.2,0.0,720.0,1.0,888.0,-639360.0,120,-8.676532348986443,0.0,120,-2.9988757231684904,0.0,120,-45.5765002186998,0.0,120,-27.77081309604903,0.0,120,-10.568210640060542,0.0,120,-34.463462972249644,0.0,0.0,0.0,0.0,0.0,-639360.0,-639360.0,720.0,720.0,0.0,0.0,720.0,0.0,0.0,720
0.0,0.0,-0.0,0.0,0.0,0.0,-0.0,0.0,0.47997237932604736,345.5801131147541,799.2,0.0,720.0,1.0,888.0,-639360.0,120,-17.29511273643798,0.0,120,-29.602781055310885,0.0,120,-3.613557671213463,0.0,120,-10.224721350082666,0.0,120,-57.484193075618414,0.0,120,-32.671907732793336,0.0,0.0,0.0,0.0,0.0,-639360.0,-639360.0,720.0,720.0,0.0,0.0,720.0,0.0,0.0,720
0.0,0.0,-0.0,0.0,0.0,0.0,-0.0,0.0,0.47997237932604736,345.5801131147541,799.2,0.0,720.0,1.0,888.0,-639360.0,120,-4.967121098935352,0.0,120,-4.631866953861323,0.0,120,-19.401424821322834,0.0,120,-39.561624361656854,0.0,120,-53.966071886882546,0.0,120,-1.5293750163519104,0.0,0.0,0.0,0.0,0.0,-639360.0,-639360.0,720.0,720.0,0.0,0.0,720.0,0.0,0.0,720
0.0,0.0,-0.0,0.0,0.0,0.0,-0.0,0.0,0.47997237932604736,345.5801131147541,799.2,0.0,720.0,1.0,888.0,-639360.0,120,-35.96547887799187,0.0,120,-51.714119695760836,0.0,120,-2.9605140347089587,0.0,120,-0.3005987023562984,0.0,120,-55.139059156727235,0.0,120,-1.1067155398729844,0.0,0.0,0.0,0.0,0.0,-639360.0,-639360.0,720.0,720.0,0.0,0.0,720.0,0.0,0.0,720
0.0,0.0,-0.0,0.0,0.0,0.0,-0.0,0.0,0.47997237932604736,345.5801131147541,799.2,0.0,720.0,1.0,888.0,-639360.0,120,-28.609978924780464,0.0,120,-35.06677248756324,0.0,120,-46.297872425902355,0.0,120,-16.183371701376302,0.0,120,-6.605376175989484,0.0,120,-6.085768217509622,0.0,0.0,0.0,0.0,0.0,-639360.0,-639360.0,720.0,720.0,0.0,0.0,720.0,0.0,0.0,720
0.0,0.0,-0.0,0.0,0.0,0.0,-0.0,0.0,0.47997237932604736,345.5801131147541,799.2,0.0,720.0,1.0,888.0,-639360.0,120,-47.94014490078434,0.0,120,-35.38322978785603,0.0,120,-19.80390673323115,0.0,120,-31.061999994133437,0.0,120,-12.071010513486923,0.0,120,-50.59942238558017,0.0,0.0,0.0,0.0,0.0,-639360.0,-639360.0,720.0,720.0,0.0,0.0,720.0,0.0,0.0,720
0.0,0.0,-0.0,0.0,0.0,0.0,-0.0,0.0,0.47997237932604736,345.5801131147541,799.2,0.0,720.0,1.0,888.0,-639360.0,120,-49.77434634381127,0.0,120,-51.387292773551835,0.0,120,-50.38214443194449,0.0,120,-44.347981901697835,0.0,120,-23.637723437726045,0.0,120,-42.3355641895437,0.0,0.0,0.0,0.0,0.0,-639360.0,-639360.0,720.0,720.0,0.0,0.0,720.0,0.0,0.0,720
0.0,0.0,-0.0,0.0,0.0,0.0,-0.0,0.0,0.47997237932604736,345.5801131147541,799.2,0.0,720.0,1.0,888.0,-639360.0,120,-41.0787916115972,0.0,120,-9.253092897031108,0.0,120,-48.64090901978106,0.0,120,-34.97568210570915,0.0,120,-47.66856843599296,0.0,120,-22.613517813461495,0.0,0.0,0.0,0.0,0.0,-639360.0,-639360.0,720.0,720.0,0.0,0.0,720.0,0.0,0.0,720
0.0,0.0,-0.0,0.0,0.0,0.0,-0.0,0.0,0.47997237932604736,345.5801131147541,799.2,0.0,720.0,1.0,888.0,-639360.0,120,-24.355351995432816,0.0,120,-39.14398546464568,0.0,120,-36.08098062272191,0.0,120,-26.31590656725573,0.0,120,-52.91412223632139,0.0,120,-38.84990748745159,0.0,0.0,0.0,0.0,0.0,-639360.0,-639360.0,720.0,720.0,0.0,0.0,720.0,0.0,0.0,720
0.0,0.0,-0.0,0.0,0.0,0.0,-0.0,0.0,0.47997237932604736,345.5801131147541,799.2,0.0,720.0,1.0,888.0,-639360.0,120,-7.063424063626503,0.0,120,-40.429564709997095,0.0,120,-0.05886507135613561,0.0,120,-52.787071479229276,0.0,120,-2.1089426167873793,0.0,120,-18.11879097013665,0.0,0.0,0.0,0.0,0.0,-639360.0,-639360.0,720.0,720.0,0.0,0.0,720.0,0.0,0.0,720
0.0,0.0,-0.0,0.0,0.0,0.0,-0.0,0.0,0.47997237932604736,345.5801131147541,799.2,0.0,720.0,1.0,888.0,-639360.0,120,-55.816799625562304,0.0,120,-48.11916574594137,0.0,120,-14.608420599339546,0.0,120,-7.087564942689715,0.0,120,-18.53176572086064,0.0,120,-9.820963271199815,0.0,0.0,0.0,0.0,0.0,-639360.0,-639360.0,720.0,720.0,0.0,0.0,720.0,0.0,0.0,720
0.0,0.0,-0.0,0.0,0.0,0.0,-0.0,0.0,0.47997237932604736,345.5801131147541,799.2,0.0,720.0,1.0,888.0,-639360.0,120,-37.51217020693667,0.0,120,-16.759681097935943,0.0,120,-7.412232199472612,0.0,120,-4.079431288243976,0.0,120,-31.549118324442972,0.0,120,-34.40809770917104,0.0,0.0,0.0,0.0,0.0,-639360.0,-639360.0,720.0,720.0,0.0,0.0,720.0,0.0,0.0,720
410.3304861306592,0.0,-4103.304861306592,0.0,0.0,0.0,-0.0,0.0,0.47997237932604736,148.578090592574,799.2,0.0,309.5555015086488,1.0,888.0,-274885.2853396801,120,-28.439250413640064,0.0,120,-59.15291414618876,0.0,120,-48.54020173599788,0.0,120,-56.35679724151197,0.0,120,-51.97773088693642,0.0,120,-23.543649639215847,0.0,0.0,0.114012360692042,0.114012360692042,0.0,-278988.5902009867,-278988.5902009867,720.0,720.0,410.4444984913512,0.0,309.5555015086488,0.0,0.0,720
410.3304861306592,0.0,-4103.304861306592,0.0,0.0,0.0,-0.0,0.0,0.47997237932604736,148.578090592574,799.2,0.0,309.5555015086488,1.0,888.0,-274885.2853396801,120,-26.875123728570113,0.0,120,-58.21791131997756,0.0,120,-45.67500064718886,0.0,120,-1.372874262474344,0.0,120,-23.732271747238304,0.0,120,-56.6831467336983,0.0,0.0,0.114012360692042,0.114012360692042,0.0,-278988.5902009867,-278988.5902009867,720.0,720.0,410.4444984913512,0.0,309.5555015086488,0.0,0.0,720
410.3304861306592,0.0,-4103.304861306592,0.0,0.0,0.0,-0.0,0.0,0.47997237932604736,148.578090592574,799.2,0.0,309.5555015086488,1.0,888.0,-274885.2853396801,120,-45.84613322457843,0.0,120,-37.01942842338266,0.0,120,-49.90376772124236,0.0,120,-40.495802893573526,0.0,120,-55.015043991945376,0.0,120,-7.272114261938317,0.0,0.0,0.114012360692042,0.114012360692042,0.0,-278988.5902009867,-278988.5902009867,720.0,720.0,410.4444984913512,0.0,309.5555015086488,0.0,0.0,720
410.3304861306592,0.0,-4103.304861306592,0.0,0.0,0.0,-0.0,0.0,0.47997237932604736,148.578090592574,799.2,0.0,309.5555015086488,1.0,888.0,-274885.2853396801,120,-17.939297068049516,0.0,120,-59.44628454425512,0.0,120,-38.97320610751214,0.0,120,-50.00978631481194,0.0,120,-19.809410219530548,0.0,120,-15.23092697259713,0.0,0.0,0.114012360692042,0.114012360692042,0.0,-278988.5902009867,-278988.5902009867,720.0,720.0,410.4444984913512,0.0,309.5555015086488,0.0,0.0,720
410.3304861306592,0.0,-4103.304861306592,0.0,0.0,0.0,-0.0,0.0,0.47997237932604736,148.578090592574,799.2,0.0,309.5555015086488,1.0,888.0,-274885.2853396801,120,-38.135193801331184,0.0,120,-43.96686384506683,0.0,120,-39.35084911454859,0.0,120,-50.758812479633306,0.0,120,-55.96197126555462,0.0,120,-8.926740902126912,0.0,0.0,0.114012360692042,0.114012360692042,0.0,-278988.5902009867,-278988.5902009867,720.0,720.0,410.4444984913512,0.0,309.5555015086488,0.0,0.0,720
410.3304861306592,0.0,-4103.304861306592,0.0,0.0,0.0,-0.0,0.0,0.47997237932604736,148.578090592574,799.2,0.0,309.5555015086488,1.0,888.0,-274885.2853396801,120,-4.403713669879887,0.0,120,-35.370707000922835,0.0,120,-43.694248192160465,0.0,120,-53.88762423682779,0.0,120,-30.206141402976098,0.0,120,-56.662590564205516,0.0,0.0,0.114012360692042,0.114012360692042,0.0,-278988.5902009867,-278988.5902009867,720.0,720.0,410.4444984913512,0.0,309.5555015086488,0.0,0.0,720
1139.9273600428755,0.0,-11399.273600428754,420.2440945135738,0.0,0.0,-0.0,0.0,0.47997237932604736,0.0,799.2,0.0,0.0,1.0,888.0,-0.0,120,-58.045213534213474,0.0,120,-0.039463992231432155,0.0,120,-32.053795866241245,0.0,120,-30.285862369012214,0.0,120,-24.56925035642132,0.0,120,-2.760637041750027,0.0,0.0,0.316734470698215,0.316734470698215,0.0,-11399.273600428754,-11399.273600428754,1140.2440945135738,1140.2440945135738,1140.2440945135738,0.0,0.0,420.2440945135738,0.0,720
1139.9273600428755,0.0,-11399.273600428754,420.2440945135738,378.21968506221646,0.0,-0.0,0.009168295277003283,0.47997237932604736,0.0,799.2,0.0,0.0,1.0,888.0,-0.0,120,-41.94488695824005,0.0,120,-21.930497786873758,0.0,120,-14.459401974793977,0.0,120,-53.66762307444669,0.0,120,-54.324894737744756,0.0,120,-42.29666777360482,0.0,0.0,0.316734470698215,0.316734470698215,0.0,-11399.273600428754,-11399.273600428754,1140.2440945135738,1140.2440945135738,1140.2440945135738,0.0,0.0,420.2440945135738,0.0,720
1139.9273600428755,0.0,-11399.273600428754,420.2440945135738,756.4393701244329,0.0,-0.0,0.018336590554006566,0.47997237932604736,0.0,799.2,0.0,0.0,1.0,888.0,-0.0,120,-38.8208827925828,0.0,120,-20.02842133642868,0.0,120,-54.357340007697246,0.0,120,-49.870519083480126,0.0,120,-42.89740053412125,0.0,120,-41.84553656869088,0.0,0.0,0.316734470698215,0.316734470698215,0.0,-11399.273600428754,-11399.273600428754,1140.2440945135738,1140.2440945135738,1140.2440945135738,0.0,0.0,420.2440945135738,0.0,720
1139.9273600428755,0.0,-11399.273600428754,420.2440945135738,1134.6590551866493,0.0,-0.0,0.02750488583100985,0.47997237932604736,0.0,799.2,0.0,0.0,1.0,888.0,-0.0,120,-59.83656590518213,0.0,120,-41.37522426005983,0.0,120,-7.043748404439578,0.0,120,-6.258313770563215,0.0,120,-56.58576838856376,0.0,120,-32.269619284269865,0.0,0.0,0.316734470698215,0.316734470698215,0.0,-11399.273600428754,-11399.273600428754,1140.2440945135738,1140.2440945135738,1140.2440945135738,0.0,0.0,420.2440945135738,0.0,720
1139.9273600428755,0.0,-11399.273600428754,420.2440945135738,1512.8787402488658,0.0,-0.0,0.03667318110801313,0.47997237932604736,0.0,799.2,0.0,0.0,1.0,888.0,-0.0,120,-43.00177619694042,0.0,120,-27.537164593992255,0.0,120,-34.440300654715365,0.0,120,-53.327428938449884,0.0,120,-41.44167240160593,0.0,120,-23.68369245011342,0.0,0.0,0.316734470698215,0.316734470698215,0.0,-11399.273600428754,-11399.273600428754,1140.2440945135738,1140.2440945135738,1140.2440945135738,0.0,0.0,420.2440945135738,0.0,720
1139.9273600428755,0.0,-11399.273600428754,420.2440945135738,1891.0984253110823,0.0,-0.0,0.04584147638501642,0.47997237932604736,0.0,799.2,0.0,0.0,1.0,888.0,-0.0,120,-34.02056304681926,0.0,120,-19.193889563332394,0.0,120,-58.17095951318702,0.0,120,-18.347416591089996,0.0,120,-48.08800584514012,0.0,120,-44.531996737620645,0.0,0.0,0.316734470698215,0.316734470698215,0.0,-11399.273600428754,-11399.273600428754,1140.2440945135738,1140.2440945135738,1140.2440945135738,0.0,0.0,420.2440945135738,0.0,720
1737.7165267915154,0.0,-17377.165267915156,1018.1993599470563,2269.3181103732986,0.0,-0.0,0.0550097716620197,0.47997237932604736,0.0,799.2,0.0,0.0,1.0,888.0,-0.0,120,-32.92171986964796,0.0,120,-47.64339822865005,0.0,120,-44.11868650289874,0.0,120,-23.35535072784332,0.0,120,-0.4707929994949511,0.0,120,-37.65157881110024,0.0,0.0,0.482833155540849,0.482833155540849,0.0,-17377.165267915156,-17377.165267915156,1738.1993599470563,1738.1993599470563,1738.1993599470563,0.0,0.0,1018.1993599470563,0.0,720
1737.7165267915154,0.0,-17377.165267915156,1018.1993599470563,3185.6975343256495,0.0,-0.0,0.07722341488681185,0.47997237932604736,0.0,799.2,0.0,0.0,1.0,888.0,-0.0,120,-5.8734416830443115,0.0,120,-23.760854626735036,0.0,120,-19.221792877125957,0.0,120,-26.610701794445205,0.0,120,-53.901951167361695,0.0,120,-39.47644793861416,0.0,0.0,0.482833155540849,0.482833155540849,0.0,-17377.165267915156,-17377.165267915156,1738.1993599470563,1738.1993599470563,1738.1993599470563,0.0,0.0,1018.1993599470563,0.0,720
1737.7165267915154,0.0,-17377.165267915156,1018.1993599470563,4102.076958278,0.0,-0.0,0.09943705811160401,0.47997237932604736,0.0,799.2,0.0,0.0,1.0,888.0,-0.0,120,-58.74762787251993,0.0,120,-6.9945261318081435,0.0,120,-10.644405164098638,0.0,120,-7.407652407685818,0.0,120,-49.11297696264335,0.0,120,-11.043786606896289,0.0,0.0,0.482833155540849,0.482833155540849,0.0,-17377.165267915156,-17377.165267915156,1738.1993599470563,1738.1993599470563,1738.1993599470563,0.0,0.0,1018.1993599470563,0.0,720
1737.7165267915154,0.0,-17377.165267915156,1018.1993599470563,5018.456382230351,0.0,-0.0,0.12165070133639616,0.47997237932604736,0.0,799.2,0.0,0.0,1.0,888.0,-0.0,120,-54.484098753622696,0.0,120,-4.481895227640438,0.0,120,-26.61287508671699,0.0,120,-42.25895588005331,0.0,120,-31.133940563278358,0.0,120,-44.363715712390274,0.0,0.0,0.482833155540849,0.482833155540849,0.0,-17377.165267915156,-17377.165267915156,1738.1993599470563,1738.1993599470563,1738.1993599470563,0.0,0.0,1018.1993599470563,0.0,720
1737.7165267915154,0.0,-17377.165267915156,1018.1993599470563,5934.835806182701,0.0,-0.0,0.1438643445611883,0.47997237932604736,0.0,799.2,0.0,0.0,1.0,888.0,-0.0,120,-42.47721389147816,0.0,120,-53.9406091297248,0.0,120,-24.845162652432265,0.0,120,-17.810377351031192,0.0,120,-4.23253580075988,0.0,120,-4.141679892922399,0.0,0.0,0.482833155540849,0.482833155540849,0.0,-17377.165267915156,-17377.165267915156,1738.1993599470563,1738.1993599470563,1738.1993599470563,0.0,0.0,1018.1993599470563,0.0,720
1737.7165267915154,0.0,-17377.165267915156,1018.1993599470563,6851.215230135052,0.0,-0.0,0.16607798778598046,0.47997237932604736,0.0,799.2,0.0,0.0,1.0,888.0,-0.0,120,-41.72980733597316,0.0,120,-44.67657590711937,0.0,120,-21.805240861101787,0.0,120,-23.444341392216494,0.0,120,-45.7668252204225,0.0,120,-44.66075681502506,0.0,0.0,0.482833155540849,0.482833155540849,0.0,-17377.165267915156,-17377.165267915156,1738.1993599470563,1738.1993599470563,1738.1993599470563,0.0,0.0,1018.1993599470563,0.0,720
2124.7867591100403,0.0,-21247.867591100403,1405.3771416493873,7767.594654087402,0.0,-0.0,0.1882916310107726,0.47997237932604736,0.0,799.2,0.0,0.0,1.0,888.0,-0.0,120,-15.664041644167089,0.0,120,-46.80084334135885,0.0,120,-13.274949530480013,0.0,120,-47.02872232949904,0.0,120,-57.14032278856099,0.0,120,-14.447486460884276,0.0,0.0,0.590382539347052,0.590382539347052,0.0,-21247.867591100403,-21247.867591100403,2125.3771416493873,2125.3771416493873,2125.3771416493873,0.0,0.0,1405.3771416493873,0.0,720
2124.7867591100403,0.0,-21247.867591100403,1405.3771416493873,9032.43408157185,0.0,-0.0,0.2189521751526398,0.47997237932604736,0.0,799.2,0.0,0.0,1.0,888.0,-0.0,120,-8.550803974898946,0.0,120,-45.90733864583844,0.0,120,-31.556092440063274,0.0,120,-5.588471374251909,0.0,120,-39.124199067005534,0.0,120,-46.897524532093804,0.0,0.0,0.590382539347052,0.590382539347052,0.0,-21247.867591100403,-21247.867591100403,2125.3771416493873,2125.3771416493873,2125.3771416493873,0.0,0.0,1405.3771416493873,0.0,720
2124.7867591100403,0.0,-21247.867591100403,1405.3771416493873,10297.273509056298,0.0,-0.0,0.249612719294507,0.47997237932604736,0.0,799.2,0.0,0.0,1.0,888.0,-0.0,120,-24.290943463330944,0.0,120,-25.609267752929604,0.0,120,-34.711204221092586,0.0,120,-17.62735420441374,0.0,120,-14.273149169526144,0.0,120,-6.053548862209228,0.0,0.0,0.590382539347052,0.590382539347052,0.0,-21247.867591100403,-21247.867591100403,2125.3771416493873,2125.3771416493873,2125.3771416493873,0.0,0.0,1405.3771416493873,0.0,720
2124.7867591100403,0.0,-21247.867591100403,1405.3771416493873,11562.112936540747,0.0,-0.0,0.28027326343637426,0.47997237932604736,0.0,799.2,0.0,0.0,1.0,888.0,-0.0,120,-0.7617547447110451,0.0,120,-22.31063532847432,0.0,120,-3.7284235014278355,0.0,120,-14.251528000952423,0.0,120,-36.52724778022744,0.0,120,-17.440174667835574,0.0,0.0,0.590382539347052,0.590382539347052,0.0,-21247.867591100403,-21247.867591100403,2125.3771416493873,2125.3771416493873,2125.3771416493873,0.0,0.0,1405.3771416493873,0.0,720
2124.7867591100403,0.0,-21247.867591100403,1405.3771416493873,12826.952364025195,0.0,-0.0,0.31093380757824146,0.47997237932604736,0.0,799.2,0.0,0.0,1.0,888.0,-0.0,120,-56.05063346655791,0.0,120,-49.62973156434653,0.0,120,-37.11552239028278,0.0,120,-5.964392334949857,0.0,120,-35.025312526699395,0.0,120,-38.79565308261015,0.0,0.0,0.590382539347052,0.590382539347052,0.0,-21247.867591100403,-21247.867591100403,2125.3771416493873,2125.3771416493873,2125.3771416493873,0.0,0.0,1405.3771416493873,0.0,720
2124.7867591100403,0.0,-21247.867591100403,1405.3771416493873,14091.791791509644,0.0,-0.0,0.3415943517201087,0.47997237932604736,0.0,799.2,0.0,0.0,1.0,888.0,-0.0,120,-5.3265885342337,0.0,120,-36.906261485920176,0.0,120,-34.44736556106667,0.0,120,-11.574737374644428,0.0,120,-1.9253627363445358,0.0,120,-38.99755447713416,0.0,0.0,0.590382539347052,0.590382539347052,0.0,-21247.867591100403,-21247.867591100403,2125.3771416493873,2125.3771416493873,2125.3771416493873,0.0,0.0,1405.3771416493873,0.0,720
2301.605431737177,0.0,-23016.054317371767,1582.244944221683,15356.631218994093,0.0,-0.0,0.3722548958619759,0.47997237932604736,0.0,799.2,0.0,0.0,1.0,888.0,-0.0,120,-19.154024435168285,0.0,120,-28.5330244787706,0.0,120,-0.0007141968093060669,0.0,120,-38.035271157979814,0.0,120,-29.776498034563,0.0,120,-5.045777509870537,0.0,0.0,0.639512484506023,0.639512484506023,0.0,-23016.054317371767,-23016.054317371767,2302.244944221683,2302.244944221683,2302.244944221683,0.0,0.0,1582.244944221683,0.0,720
2301.605431737177,0.0,-23016.054317371767,1582.244944221683,16780.65166879361,0.0,-0.0,0.4067740932488209,0.47997237932604736,0.0,799.2,0.0,0.0,1.0,888.0,-0.0,120,-10.863713982576657,0.0,120,-35.52104325482538,0.0,120,-5.43539569076321,0.0,120,-45.955879951589665,0.0,120,-29.576727269652736,0.0,120,-45.292315802724154,0.0,0.0,0.639512484506023,0.639512484506023,0.0,-23016.054317371767,-23016.054317371767,2302.244944221683,2302.244944221683,2302.244944221683,0.0,0.0,1582.244944221683,0.0,720
2301.605431737177,0.0,-23016.054317371767,1582.244944221683,18204.672118593124,0.0,-0.0,0.44129329063566586,0.47997237932604736,0.0,799.2,0.0,0.0,1.0,888.0,-0.0,120,-13.045819746195287,0.0,120,-33.687171991117886,0.0,120,-22.54530455042309,0.0,120,-39.553639358685835,0.0,120,-59.911796739162796,0.0,120,-42.12596299741043,0.0,0.0,0.639512484506023,0.639512484506023,0.0,-23016.054317371767,-23016.054317371767,2302.244944221683,2302.244944221683,2302.244944221683,0.0,0.0,1582.244944221683,0.0,720
2301.605431737177,0.0,-23016.054317371767,1582.244944221683,19628.69256839264,0.0,-0.0,0.4758124880225108,0.47997237932604736,0.0,799.2,0.0,0.0,1.0,888.0,-0.0,120,-10.954428902458801,0.0,120,-44.65594820863368,0.0,120,-31.880114923091554,0.0,120,-29.423691917447567,0.0,120,-12.174386635811585,0.0,120,-0.5568161761232782,0.0,0.0,0.639512484506023,0.639512484506023,0.0,-23016.054317371767,-23016.054317371767,2302.244944221683,2302.244944221683,2302.244944221683,0.0,0.0,1582.244944221683,0.0,720
2301.605431737177,0.0,-23016.054317371767,1582.244944221683,21052.713018192153,0.0,-0.0,0.5103316854093558,0.47997237932604736,0.0,799.2,0.0,0.0,1.0,888.0,-0.0,120,-20.307266145818872,0.0,120,-4.970091125951857,0.0,120,-34.825754908041695,0.0,120,-44.56575163778066,0.0,120,-43.260970478280264,0.0,120,-27.69235548329948,0.0,0.0,0.639512484506023,0.639512484506023,0.0,-23016.054317371767,-23016.054317371767,2302.244944221683,2302.244944221683,2302.244944221683,0.0,0.0,1582.244944221683,0.0,720
2301.605431737177,0.0,-23016.054317371767,1582.244944221683,22476.733467991668,0.0,-0.0,0.5448508827962008,0.47997237932604736,0.0,799.2,0.0,0.0,1.0,888.0,-0.0,120,-59.96547979390057,0.0,120,-55.28438612136049,0.0,120,-16.936648360353757,0.0,120,-26.43927955885799,0.0,120,-36.24524653278507,0.0,120,-20.077738726550443,0.0,0.0,0.639512484506023,0.639512484506023,0.0,-23016.054317371767,-23016.054317371767,2302.244944221683,2302.244944221683,2302.244944221683,0.0,0.0,1582.244944221683,0.0,720
2273.0455673380816,0.0,-22730.455673380817,1553.6771443226157,23900.753917791182,0.0,-0.0,0.5793700801830457,0.47997237932604736,0.0,799.2,0.0,0.0,1.0,888.0,-0.0,120,-26.017428863333357,0.0,120,-50.909422299631345,0.0,120,-8.67302436096876,0.0,120,-53.27964026577893,0.0,120,-28.735242516657788,0.0,120,-33.48708100611882,0.0,0.0,0.63157698453406,0.63157698453406,0.0,-22730.455673380817,-22730.455673380817,2273.6771443226157,2273.6771443226157,2273.6771443226157,0.0,0.0,1553.6771443226157,0.0,720
2273.0455673380816,0.0,-22730.455673380817,1553.6771443226157,25299.063347681535,0.0,-0.0,0.6132660254449745,0.47997237932604736,0.0,799.2,0.0,0.0,1.0,888.0,-0.0,120,-28.070872991793003,0.0,120,-22.314279069172144,0.0,120,-13.920787658875621,0.0,120,-31.32006938583085,0.0,120,-48.337816035203744,0.0,120,-43.130594330440765,0.0,0.0,0.63157698453406,0.63157698453406,0.0,-22730.455673380817,-22730.455673380817,2273.6771443226157,2273.6771443226157,2273.6771443226157,0.0,0.0,1553.6771443226157,0.0,720
2273.0455673380816,0.0,-22730.455673380817,1553.6771443226157,26697.372777571887,0.0,-0.0,0.6471619707069034,0.47997237932604736,0.0,799.2,0.0,0.0,1.0,888.0,-0.0,120,-25.814630969812267,0.0,120,-58.72254187801739,0.0,120,-50.05812155713312,0.0,120,-7.9172816913003,0.0,120,-2.751803918042832,0.0,120,-15.268830789594842,0.0,0.0,0.63157698453406,0.63157698453406,0.0,-22730.455673380817,-22730.455673380817,2273.6771443226157,2273.6771443226157,2273.6771443226157,0.0,0.0,1553.6771443226157,0.0,720
2273.0455673380816,0.0,-22730.455673380817,1553.6771443226157,28095.68220746224,0.0,-0.0,0.6810579159688324,0.47997237932604736,0.0,799.2,0.0,0.0,1.0,888.0,-0.0,120,-14.822293148976746,0.0,120,-41.29570714742229,0.0,120,-18.73087266031992,0.0,120,-35.875518741885536,0.0,120,-30.13404004986816,0.0,120,-7.292604297544328,0.0,0.0,0.63157698453406,0.63157698453406,0.0,-22730.455673380817,-22730.455673380817,2273.6771443226157,2273.6771443226157,2273.6771443226157,0.0,0.0,1553.6771443226157,0.0,720
2273.0455673380816,0.0,-22730.455673380817,1553.6771443226157,29493.991637352592,0.0,-0.0,0.7149538612307612,0.47997237932604736,0.0,799.2,0.0,0.0,1.0,888.0,-0.0,120,-30.807753497865914,0.0,120,-43.67408394809399,0.0,120,-50.81011951127089,0.0,120,-35.96135298766313,0.0,120,-43.09635915055512,0.0,120,-44.18838658932918,0.0,0.0,0.63157698453406,0.63157698453406,0.0,-22730.455673380817,-22730.455673380817,2273.6771443226157,2273.6771443226157,2273.6771443226157,0.0,0.0,1553.6771443226157,0.0,720
2273.0455673380816,0.0,-22730.455673380817,1553.6771443226157,30892.301067242945,0.0,-0.0,0.7488498064926901,0.47997237932604736,0.0,799.2,0.0,0.0,1.0,888.0,-0.0,120,-26.21033604743866,0.0,120,-53.26899794250351,0.0,120,-10.397155044593458,0.0,120,-3.070171927463574,0.0,120,-49.95258909314449,0.0,120,-32.74333714324381,0.0,0.0,0.63157698453406,0.63157698453406,0.0,-22730.455673380817,-22730.455673380817,2273.6771443226157,2273.6771443226157,2273.6771443226157,0.0,0.0,1553.6771443226157,0.0,720
2017.7818016004708,0.0,-20177.81801600471,1298.3424522816601,32290.610497133297,0.0,-0.0,0.782745751754619,0.47997237932604736,0.0,799.2,0.0,0.0,1.0,888.0,-0.0,120,-25.037836128279753,0.0,120,-9.895967754871268,0.0,120,-40.652499101151015,0.0,120,-1.882032177119548,0.0,120,-8.862930520286302,0.0,120,-44.78539591388382,0.0,0.0,0.56065068118935,0.56065068118935,0.0,-20177.81801600471,-20177.81801600471,2018.3424522816601,2018.3424522816601,2018.3424522816601,0.0,0.0,1298.3424522816601,0.0,720
2017.7818016004708,0.0,-20177.81801600471,1298.3424522816601,33459.11870418679,0.0,-0.0,0.8110711634108256,0.47997237932604736,0.0,799.2,0.0,0.0,1.0,888.0,-0.0,120,-47.44476365055918,0.0,120,-46.37287468099367,0.0,120,-50.01491130882765,0.0,120,-46.25414081202257,0.0,120,-27.6378897114424,0.0,120,-18.87885540001499,0.0,0.0,0.56065068118935,0.56065068118935,0.0,-20177.81801600471,-20177.81801600471,2018.3424522816601,2018.3424522816601,2018.3424522816601,0.0,0.0,1298.3424522816601,0.0,720
2017.7818016004708,0.0,-20177.81801600471,1298.3424522816601,34627.62691124028,0.0,-0.0,0.8393965750670322,0.47997237932604736,0.0,799.2,0.0,0.0,1.0,888.0,-0.0,120,-26.626029206611356,0.0,120,-48.911583675255926,0.0,120,-55.74478728443571,0.0,120,-31.769666715870176,0.0,120,-24.084880271464645,0.0,120,-49.0681459029788,0.0,0.0,0.56065068118935,0.56065068118935,0.0,-20177.81801600471,-20177.81801600471,2018.3424522816601,2018.3424522816601,2018.3424522816601,0.0,0.0,1298.3424522816601,0.0,720
2017.7818016004708,0.0,-20177.81801600471,1298.3424522816601,35796.13511829377,0.0,-0.0,0.8677219867232389,0.47997237932604736,0.0,799.2,0.0,0.0,1.0,888.0,-0.0,120,-46.27515847260075,0.0,120,-27.71207783475879,0.0,120,-24.6292357664118,0.0,120,-39.58990450170934,0.0,120,-29.614077718582113,0.0,120,-19.57980493535367,0.0,0.0,0.56065068118935,0.56065068118935,0.0,-20177.81801600471,-20177.81801600471,2018.3424522816601,2018.3424522816601,2018.3424522816601,0.0,0.0,1298.3424522816601,0.0,720
2017.7818016004708,0.0,-20177.81801600471,1298.3424522816601,36964.643325347264,0.0,-0.0,0.8960473983794455,0.47997237932604736,0.0,799.2,0.0,0.0,1.0,888.0,-0.0,120,-16.52044967514981,0.0,120,-21.386031388337372,0.0,120,-51.63562016491387,0.0,120,-26.320727303300483,0.0,120,-28.600918834832825,0.0,120,-13.456027282750808,0.0,0.0,0.56065068118935,0.56065068118935,0.0,-20177.81801600471,-20177.81801600471,2018.3424522816601,2018.3424522816601,2018.3424522816601,0.0,0.0,1298.3424522816601,0.0,720
2017.7818016004708,0.0,-20177.81801600471,1298.3424522816601,38133.151532400756,0.0,-0.0,0.9243728100356521,0.47997237932604736,0.0,799.2,0.0,0.0,1.0,888.0,-0.0,120,-38.68569966166527,0.0,120,-6.812955209909532,0.0,120,-45.0247871386618,0.0,120,-43.071525271165534,0.0,120,-41.46828017489478,0.0,120,-20.649691483573736,0.0,0.0,0.56065068118935,0.56065068118935,0.0,-20177.81801600471,-20177.81801600471,2018.3424522816601,2018.3424522816601,2018.3424522816601,0.0,0.0,1298.3424522816601,0.0,720
1560.0257313723473,0.0,-15600.257313723472,790.459192259086,39301.65973945425,0.0,-0.0,0.9526982216918587,0.47997237932604736,0.0,799.2,0.0,0.0,1.0,888.0,-0.0,180,-55.37203672909681,0.0,118,-45.238076981311636,0.0,118,-2.8882465005627633,0.0,118,-36.73520982249354,0.0,118,-13.630538130881833,0.0,118,-37.73466924695269,0.0,0.0,0.433460886738635,0.433460886738635,0.0,-15600.257313723472,-15600.257313723472,1560.459192259086,1560.459192259086,1560.459192259086,0.0,0.0,790.459192259086,0.0,770
1560.0257313723473,0.0,-15600.257313723472,705.459192259086,40013.073012487424,0.0,-0.0,0.9699433498772798,0.47997237932604736,0.0,799.2,0.0,0.0,1.0,888.0,-0.0,180,-28.641901730428575,0.0,118,-51.543058286697224,0.0,118,-31.189452551798183,0.0,203,-45.467558862978784,0.0,118,-50.26252173757951,0.0,118,-38.36085210971912,0.0,0.0,0.433460886738635,0.433460886738635,0.0,-15600.257313723472,-15600.257313723472,1560.459192259086,1560.459192259086,1560.459192259086,0.0,0.0,705.459192259086,0.0,855
1560.0257313723473,0.0,-15600.257313723472,672.2374605326654,40647.9862855206,0.0,-0.0,0.9853340674743801,0.47997237932604736,0.0,799.2,31.221731726420558,0.0,1.0,888.0,24952.40799575531,180,-8.171185364871839,0.0,118,-8.925507881892338,0.0,120,-54.67660775951293,0.0,203,-45.03495122401032,0.0,118,-42.460246760532144,0.0,118,-37.770252244021876,0.0,0.0,0.433460886738635,0.433460886738635,0.0,9352.15068203184,9352.15068203184,1560.459192259086,1560.459192259086,1560.459192259086,0.0,0.0,703.459192259086,0.0,857
1560.0257313723473,0.0,-15600.257313723472,0.0,41253.0,0.0,-0.0,1.0,0.47997237932604736,0.0,799.2,494.45919225908597,0.0,1.0,888.0,395171.7864534615,203,-14.996313746341022,0.0,180,-31.193127378870113,0.0,120,-54.91114843370134,0.0,203,-44.08805998917555,0.0,180,-16.373700557210984,0.0,180,-38.675465221915616,0.0,0.0,0.433460886738635,0.433460886738635,0.0,379571.52913973806,379571.52913973806,1560.459192259086,1560.459192259086,1560.459192259086,0.0,0.0,494.45919225908597,0.0,1066
1560.0257313723473,0.0,-15600.257313723472,0.0,41253.0,0.0,-0.0,1.0,0.47997237932604736,0.0,799.2,579.459192259086,0.0,1.0,888.0,463103.7864534615,180,-54.87469708403263,0.0,180,-30.95513752811711,0.0,120,-10.318859048493517,0.0,203,-9.173537184345534,0.0,118,-43.146545638962685,0.0,180,-11.130614966522652,0.0,0.0,0.433460886738635,0.433460886738635,0.0,447503.52913973806,447503.52913973806,1560.459192259086,1560.459192259086,1560.459192259086,0.0,0.0,579.459192259086,0.0,981
1560.0257313723473,0.0,-15600.257313723472,0.0,41253.0,0.0,-0.0,1.0,0.47997237932604736,0.0,799.2,558.459192259086,0.0,1.0,888.0,446320.58645346155,203,-53.58150862127008,0.0,180,-37.66820245641387,0.0,118,-42.396396619353354,0.0,203,-28.456222958284553,0.0,118,-12.62292811093163,0.0,180,-45.72039739207889,0.0,0.0,0.433460886738635,0.433460886738635,0.0,430720.3291397381,430720.3291397381,1560.459192259086,1560.459192259086,1560.459192259086,0.0,0.0,558.459192259086,0.0,1002
885.5646889193731,0.0,-8855.646889193731,0.0,41253.0,95.18925253966563,-0.0,1.0,0.47997237932604736,0.0,799.2,0.0,0.0,1.0,888.0,-0.0,180,-58.89265775201956,0.0,180,-37.92108817812513,0.0,120,-44.743067268614816,0.0,203,-51.642761621305745,0.0,118,-12.352760570704016,0.0,180,-1.0592040807065506,0.0,0.0,0.246058540961204,0.246058540961204,0.0,-8855.646889193731,-8855.646889193731,981.0,981.0,885.8107474603344,0.0,95.18925253966563,0.0,0.0,981
885.5646889193731,0.0,-8855.646889193731,0.0,41147.23416384481,33.18925253966563,-0.0,0.9974361661902119,0.47997237932604736,0.0,799.2,0.0,0.0,1.0,888.0,-0.0,180,-52.78265939499193,0.0,118,-36.875760129320426,0.0,120,-10.589274644558323,0.0,203,-10.267828928984775,0.0,118,-29.518962558833632,0.0,180,-40.60184750713076,0.0,0.0,0.246058540961204,0.246058540961204,0.0,-8855.646889193731,-8855.646889193731,919.0,919.0,885.8107474603344,0.0,33.18925253966563,0.0,0.0,919
885.5646889193731,0.0,-8855.646889193731,0.0,41110.357216578515,33.18925253966563,-0.0,0.996542244602296,0.47997237932604736,0.0,799.2,0.0,0.0,1.0,888.0,-0.0,180,-12.138892059352543,0.0,118,-2.8093742436515456,0.0,120,-3.42450218224579,0.0,203,-8.349298409320147,0.0,118,-23.9376232707807,0.0,180,-31.69827916405439,0.0,0.0,0.246058540961204,0.246058540961204,0.0,-8855.646889193731,-8855.646889193731,919.0,919.0,885.8107474603344,0.0,33.18925253966563,0.0,0.0,919
885.5646889193731,0.0,-8855.646889193731,28.81074746033437,41073.48026931222,0.0,-0.0,0.99564832301438,0.47997237932604736,0.0,799.2,0.0,0.0,1.0,888.0,-0.0,118,-22.866112778979854,0.0,118,-15.446095425495802,0.0,120,-9.474933440348298,0.0,203,-24.645152393006878,0.0,118,-43.428637158071396,0.0,180,-24.43388756028756,0.0,0.0,0.246058540961204,0.246058540961204,0.0,-8855.646889193731,-8855.646889193731,885.8107474603344,885.8107474603344,885.8107474603344,0.0,0.0,28.81074746033437,0.0,857
885.5646889193731,0.0,-8855.646889193731,90.81074746033437,41099.40994202652,0.0,-0.0,0.9962768754278845,0.47997237932604736,0.0,799.2,0.0,0.0,1.0,888.0,-0.0,118,-3.878642820876854,0.0,118,-47.3058614389707,0.0,120,-28.685411291025456,0.0,203,-19.765636438496305,0.0,118,-59.48813146743974,0.0,118,-5.463132758085177,0.0,0.0,0.246058540961204,0.246058540961204,0.0,-8855.646889193731,-8855.646889193731,885.8107474603344,885.8107474603344,885.8107474603344,0.0,0.0,90.81074746033437,0.0,795
885.5646889193731,0.0,-8855.646889193731,79.84487251019648,41181.13961474082,0.0,-0.0,0.9982580567411055,0.47997237932604736,0.0,799.2,33.96587495013789,0.0,1.0,888.0,27145.5272601502,118,-24.52150981153938,0.0,118,-20.878946761938373,0.0,120,-55.36949803524497,0.0,180,-58.479151812107794,0.0,118,-2.4211000313953868,0.0,118,-19.846683725997266,0.0,0.0,0.246058540961204,0.246058540961204,0.0,18289.880370956467,18289.880370956467,885.8107474603344,885.8107474603344,885.8107474603344,0.0,0.0,113.81074746033437,0.0,772
233.0057826798675,0.0,-2330.0578267986753,0.0,41253.0,538.9294755077735,-0.0,1.0,0.47997237932604736,0.0,799.2,0.0,0.0,1.0,888.0,-0.0,118,-44.05794134150427,0.0,118,-10.44078472367682,0.0,120,-50.865851461107376,0.0,180,-21.254822569472207,0.0,118,-35.24154325182501,0.0,118,-39.301574628471,0.0,0.0,0.0647418123589518,0.0647418123589518,0.0,-2330.0578267986753,-2330.0578267986753,772.0,772.0,233.07052449222647,0.0,538.9294755077735,0.0,0.0,772
233.0057826798675,0.0,-2330.0578267986753,0.0,40654.18947165803,538.9294755077735,-0.0,0.9854844368084268,0.47997237932604736,0.0,799.2,0.0,0.0,1.0,888.0,-0.0,118,-6.195031770985693,0.0,118,-1.4846585715681027,0.0,120,-28.895456331763885,0.0,180,-33.434899957681104,0.0,118,-5.9852491676109505,0.0,118,-24.617721856493645,0.0,0.0,0.0647418123589518,0.0647418123589518,0.0,-2330.0578267986753,-2330.0578267986753,772.0,772.0,233.07052449222647,0.0,538.9294755077735,0.0,0.0,772
233.0057826798675,0.0,-2330.0578267986753,0.0,40055.37894331606,538.9294755077735,-0.0,0.9709688736168535,0.47997237932604736,0.0,799.2,0.0,0.0,1.0,888.0,-0.0,118,-26.301282167768758,0.0,118,-43.64816076867683,0.0,120,-49.165825774505166,0.0,180,-18.509195489717214,0.0,118,-25.52337826869316,0.0,118,-53.228224414698765,0.0,0.0,0.0647418123589518,0.0647418123589518,0.0,-2330.0578267986753,-2330.0578267986753,772.0,772.0,233.07052449222647,0.0,538.9294755077735,0.0,0.0,772
233.0057826798675,0.0,-2330.0578267986753,0.0,39456.568414974085,538.9294755077735,-0.0,0.9564533104252803,0.47997237932604736,0.0,799.2,0.0,0.0,1.0,888.0,-0.0,118,-44.636747265895394,0.0,118,-46.99668936219586,0.0,120,-34.15017937867537,0.0,180,-42.121278250160074,0.0,118,-26.20723552579855,0.0,118,-42.81507239842678,0.0,0.0,0.0647418123589518,0.0647418123589518,0.0,-2330.0578267986753,-2330.0578267986753,772.0,772.0,233.07052449222647,0.0,538.9294755077735,0.0,0.0,772
233.0057826798675,0.0,-2330.0578267986753,0.0,38857.75788663211,476.92947550777353,-0.0,0.9419377472337069,0.47997237932604736,0.0,799.2,0.0,0.0,1.0,888.0,-0.0,118,-16.05317862796818,0.0,118,-50.358566508767076,0.0,120,-55.202369998706274,0.0,118,-28.85568242738151,0.0,118,-2.2667696063591714,0.0,118,-39.91482836772034,0.0,0.0,0.0647418123589518,0.0647418123589518,0.0,-2330.0578267986753,-2330.0578267986753,710.0,710.0,233.07052449222647,0.0,476.92947550777353,0.0,0.0,710
233.0057826798675,0.0,-2330.0578267986753,0.0,38327.83624717903,476.92947550777353,-0.0,0.9290920962640058,0.47997237932604736,0.0,799.2,0.0,0.0,1.0,888.0,-0.0,118,-30.59446518325818,0.0,118,-11.004439603279293,0.0,120,-52.85465196614571,0.0,118,-23.62686151127256,0.0,118,-30.713619204210975,0.0,118,-6.286391342299513,0.0,0.0,0.0647418123589518,0.0647418123589518,0.0,-2330.0578267986753,-2330.0578267986753,710.0,710.0,233.07052449222647,0.0,476.92947550777353,0.0,0.0,710
0.0,0.0,-0.0,0.0,37797.91460772595,710.0,-0.0,0.9162464452943047,0.47997237932604736,0.0,799.2,0.0,0.0,1.0,888.0,-0.0,118,-45.25897864800115,0.0,118,-58.52093431373448,0.0,120,-14.355122007315934,0.0,118,-4.579799275673755,0.0,118,-47.12793737840587,0.0,118,-4.992402284070591,0.0,0.0,0.0,0.0,0.0,0.0,0.0,710.0,710.0,0.0,0.0,710.0,0.0,0.0,710
0.0,0.0,-0.0,0.0,37009.02571883706,710.0,-0.0,0.8971232569470599,0.47997237932604736,0.0,799.2,0.0,0.0,1.0,888.0,-0.0,118,-39.70403629518719,0.0,118,-14.174321188699688,0.0,120,-40.79798482056226,0.0,118,-9.98403800041351,0.0,118,-52.35293202571101,0.0,118,-8.471161452052414,0.0,0.0,0.0,0.0,0.0,0.0,0.0,710.0,710.0,0.0,0.0,710.0,0.0,0.0,710
0.0,0.0,-0.0,0.0,36220.13682994817,710.0,-0.0,0.878000068599815,0.47997237932604736,0.0,799.2,0.0,0.0,1.0,888.0,-0.0,118,-57.9195334278215,0.0,118,-31.609879945238582,0.0,120,-20.14092441430182,0.0,118,-34.237914713672154,0.0,118,-16.584737861351925,0.0,118,-40.06600640180652,0.0,0.0,0.0,0.0,0.0,0.0,0.0,710.0,710.0,0.0,0.0,710.0,0.0,0.0,710
0.0,0.0,-0.0,0.0,35431.24794105928,710.0,-0.0,0.8588768802525703,0.47997237932604736,0.0,799.2,0.0,0.0,1.0,888.0,-0.0,118,-11.838292448501678,0.0,118,-14.933335408797618,0.0,120,-38.10511750859206,0.0,118,-6.36702881375562,0.0,118,-38.51715477360274,0.0,118,-8.159333567760594,0.0,0.0,0.0,0.0,0.0,0.0,0.0,710.0,710.0,0.0,0.0,710.0,0.0,0.0,710
0.0,0.0,-0.0,0.0,34642.35905217039,710.0,-0.0,0.8397536919053253,0.47997237932604736,0.0,799.2,0.0,0.0,1.0,888.0,-0.0,118,-9.545375710202478,0.0,118,-26.58415423721884,0.0,120,-31.79104677616429,0.0,118,-6.922196209016591,0.0,118,-9.016563381003388,0.0,118,-33.60996608166392,0.0,0.0,0.0,0.0,0.0,0.0,0.0,710.0,710.0,0.0,0.0,710.0,0.0,0.0,710
0.0,0.0,-0.0,0.0,33853.4701632815,712.0,-0.0,0.8206305035580805,0.47997237932604736,0.0,799.2,0.0,0.0,1.0,888.0,-0.0,118,-59.42224509975348,0.0,120,-30.357815757143822,0.0,120,-39.56594774016985,0.0,118,-9.601883635375545,0.0,118,-9.428127893666051,0.0,118,-19.276766146783558,0.0,0.0,0.0,0.0,0.0,0.0,0.0,712.0,712.0,0.0,0.0,712.0,0.0,0.0,712
0.0,0.0,-0.0,0.0,33062.35905217039,712.0,-0.0,0.8014534470746464,0.47997237932604736,0.0,799.2,0.0,0.0,1.0,888.0,-0.0,118,-13.849524076172806,0.0,120,-11.719213391075572,0.0,120,-42.195692697500405,0.0,118,-7.511021794382591,0.0,118,-2.2071988951702237,0.0,118,-50.68516513848524,0.0,0.0,0.0,0.0,0.0,0.0,0.0,712.0,712.0,0.0,0.0,712.0,0.0,0.0,712
0.0,0.0,-0.0,0.0,32271.24794105928,712.0,-0.0,0.7822763905912122,0.47997237932604736,0.0,799.2,0.0,0.0,1.0,888.0,-0.0,118,-51.89316510691933,0.0,120,-35.94160624724711,0.0,120,-29.814923648709563,0.0,118,-3.578399219364925,0.0,118,-54.547308522436815,0.0,118,-55.3799659766933,0.0,0.0,0.0,0.0,0.0,0.0,0.0,712.0,712.0,0.0,0.0,712.0,0.0,0.0,712
0.0,0.0,-0.0,0.0,31480.13682994817,712.0,-0.0,0.7630993341077781,0.47997237932604736,0.0,799.2,0.0,0.0,1.0,888.0,-0.0,118,-29.292103678876337,0.0,120,-2.0534057840804176,0.0,120,-29.741853287210045,0.0,118,-15.846308478223998,0.0,118,-9.690657443548506,0.0,118,-35.67861668683365,0.0,0.0,0.0,0.0,0.0,0.0,0.0,712.0,712.0,0.0,0.0,712.0,0.0,0.0,712
0.0,0.0,-0.0,0.0,30689.02571883706,712.0,-0.0,0.7439222776243439,0.47997237932604736,0.0,799.2,0.0,0.0,1.0,888.0,-0.0,118,-6.965483990645707,0.0,120,-20.97711935910378,0.0,120,-5.687233154805968,0.0,118,-22.076321869766232,0.0,118,-24.13148946849548,0.0,118,-43.72096925501745,0.0,0.0,0.0,0.0,0.0,0.0,0.0,712.0,712.0,0.0,0.0,712.0,0.0,0.0,712
0.0,0.0,-0.0,0.0,29897.91460772595,712.0,-0.0,0.7247452211409098,0.47997237932604736,0.0,799.2,0.0,0.0,1.0,888.0,-0.0,118,-18.943514236129133,0.0,120,-53.09869570821837,0.0,120,-29.186490212170106,0.0,118,-34.08711336195096,0.0,118,-28.034420717435932,0.0,118,-49.11001496455947,0.0,0.0,0.0,0.0,0.0,0.0,0.0,712.0,712.0,0.0,0.0,712.0,0.0,0.0,712
0.0,0.0,-0.0,0.0,29106.80349661484,712.0,-0.0,0.7055681646574756,0.47997237932604736,0.0,799.2,0.0,0.0,1.0,888.0,-0.0,118,-59.63658104457001,0.0,120,-41.841707160646195,0.0,120,-7.2639920428819815,0.0,118,-8.534583493747771,0.0,118,-37.89209432795629,0.0,118,-5.9948325486981275,0.0,0.0,0.0,0.0,0.0,0.0,0.0,712.0,712.0,0.0,0.0,712.0,0.0,0.0,712
0.0,0.0,-0.0,0.0,28315.69238550373,712.0,-0.0,0.6863911081740415,0.47997237932604736,0.0,799.2,0.0,0.0,1.0,888.0,-0.0,118,-31.558060365084106,0.0,120,-13.031116726248918,0.0,120,-41.25166744418774,0.0,118,-42.471141754855324,0.0,118,-19.56624371305457,0.0,118,-6.657708530719136,0.0,0.0,0.0,0.0,0.0,0.0,0.0,712.0,712.0,0.0,0.0,712.0,0.0,0.0,712
0.0,0.0,-0.0,0.0,27524.58127439262,712.0,-0.0,0.6672140516906073,0.47997237932604736,0.0,799.2,0.0,0.0,1.0,888.0,-0.0,118,-33.96261247613912,0.0,120,-49.63694744327728,0.0,120,-28.852307972118787,0.0,118,-14.946750010946309,0.0,118,-46.43999259414488,0.0,118,-50.99229149077896,0.0,0.0,0.0,0.0,0.0,0.0,0.0,712.0,712.0,0.0,0.0,712.0,0.0,0.0,712
0.0,0.0,-0.0,0.0,26733.470163281512,712.0,-0.0,0.6480369952071731,0.47997237932604736,0.0,799.2,0.0,0.0,1.0,888.0,-0.0,118,-21.68686985812494,0.0,120,-40.330384163232814,0.0,120,-39.42079732084471,0.0,118,-35.28059287290014,0.0,118,-51.016185502826005,0.0,118,-39.58993471661367,0.0,0.0,0.0,0.0,0.0,0.0,0.0,712.0,712.0,0.0,0.0,712.0,0.0,0.0,712
0.0,0.0,-0.0,0.0,25942.359052170403,712.0,-0.0,0.6288599387237389,0.47997237932604736,0.0,799.2,0.0,0.0,1.0,888.0,-0.0,118,-29.779706298187072,0.0,120,-29.400945556350372,0.0,120,-15.811661285069293,0.0,118,-38.90869480970526,0.0,118,-6.063313847961364,0.0,118,-36.71942248105282,0.0,0.0,0.0,0.0,0.0,0.0,0.0,712.0,712.0,0.0,0.0,712.0,0.0,0.0,712
0.0,0.0,-0.0,0.0,25151.247941059293,712.0,-0.0,0.6096828822403048,0.47997237932604736,0.0,799.2,0.0,0.0,1.0,888.0,-0.0,118,-51.59876743201138,0.0,120,-44.918446266387846,0.0,120,-15.230260933324836,0.0,118,-23.373093763350216,0.0,118,-45.370007413510514,0.0,118,-28.88540700848376,0.0,0.0,0.0,0.0,0.0,0.0,0.0,712.0,712.0,0.0,0.0,712.0,0.0,0.0,712
0.0,0.0,-0.0,0.0,24360.136829948184,712.0,-0.0,0.5905058257568706,0.47997237932604736,0.0,799.2,0.0,0.0,1.0,888.0,-0.0,118,-48.10757274048663,0.0,120,-17.80131079211802,0.0,120,-31.30103218578504,0.0,118,-7.507409190517382,0.0,118,-39.625607902417165,0.0,118,-2.749885790282567,0.0,0.0,0.0,0.0,0.0,0.0,0.0,712.0,712.0,0.0,0.0,712.0,0.0,0.0,712
0.0,0.0,-0.0,0.0,23569.025718837074,712.0,-0.0,0.5713287692734365,0.47997237932604736,0.0,799.2,0.0,0.0,1.0,888.0,-0.0,118,-7.761536029097414,0.0,120,-17.21912382085408,0.0,120,-24.02612340919849,0.0,118,-40.33179066468925,0.0,118,-37.95715142333413,0.0,118,-20.34074859869556,0.0,0.0,0.0,0.0,0.0,0.0,0.0,712.0,712.0,0.0,0.0,712.0,0.0,0.0,712
0.0,0.0,-0.0,0.0,22777.914607725965,714.0,-0.0,0.5521517127900023,0.47997237932604736,0.0,799.2,0.0,0.0,1.0,888.0,-0.0,118,-3.2231273179259268,0.0,120,-35.27825055084722,0.0,120,-11.58071085417151,0.0,118,-0.12493669948405062,0.0,120,-9.889884265273022,0.0,118,-8.342579251932067,0.0,0.0,0.0,0.0,0.0,0.0,0.0,714.0,714.0,0.0,0.0,714.0,0.0,0.0,714
0.0,0.0,-0.0,0.0,21984.581274392633,714.0,-0.0,0.5329207881703787,0.47997237932604736,0.0,799.2,0.0,0.0,1.0,888.0,-0.0,118,-4.794581580327835,0.0,120,-42.3304843638834,0.0,120,-18.017228892376625,0.0,118,-40.70006555246121,0.0,120,-13.101593699206425,0.0,118,-55.383608815991956,0.0,0.0,0.0,0.0,0.0,0.0,0.0,714.0,714.0,0.0,0.0,714.0,0.0,0.0,714
0.0,0.0,-0.0,0.0,21191.2479410593,714.0,-0.0,0.5136898635507551,0.47997237932604736,0.0,799.2,0.0,0.0,1.0,888.0,-0.0,118,-29.083337935039832,0.0,120,-10.736347522803538,0.0,120,-49.5021090919312,0.0,118,-11.04654014620045,0.0,120,-46.35187399513243,0.0,118,-44.09312678521639,0.0,0.0,0.0,0.0,0.0,0.0,0.0,714.0,714.0,0.0,0.0,714.0,0.0,0.0,714
0.0,0.0,-0.0,0.0,20397.91460772597,714.0,-0.0,0.4944589389311315,0.47997237932604736,0.0,799.2,0.0,0.0,1.0,888.0,-0.0,118,-37.92458892818927,0.0,120,-5.7944783794695915,0.0,120,-51.60909790173248,0.0,118,-21.907511306081307,0.0,120,-31.2361196080757,0.0,118,-31.317143944312843,0.0,0.0,0.0,0.0,0.0,0.0,0.0,714.0,714.0,0.0,0.0,714.0,0.0,0.0,714
0.0,0.0,-0.0,0.0,19604.581274392636,714.0,-0.0,0.4752280143115079,0.47997237932604736,0.0,799.2,0.0,0.0,1.0,888.0,-0.0,118,-35.444879447161036,0.0,120,-25.56930788224269,0.0,120,-32.02744407398827,0.0,118,-12.294742910170767,0.0,120,-58.66061714837661,0.0,118,-32.710875632726065,0.0,0.0,0.0,0.0,0.0,0.0,0.0,714.0,714.0,0.0,0.0,714.0,0.0,0.0,714
0.0,0.0,-0.0,0.0,18811.247941059304,714.0,-0.0,0.45599708969188435,0.47997237932604736,0.0,799.2,0.0,0.0,1.0,888.0,-0.0,118,-55.60360130562401,0.0,120,-13.932039938398047,0.0,120,-16.335757064711213,0.0,118,-26.717979615812876,0.0,120,-29.96571881121268,0.0,118,-36.81629002137163,0.0,0.0,0.0,0.0,0.0,0.0,0.0,714.0,714.0,0.0,0.0,714.0,0.0,0.0,714
0.0,0.0,-0.0,0.0,18017.914607725972,714.0,-0.0,0.43676616507226074,0.47997237932604736,0.0,799.2,0.0,0.0,1.0,888.0,-0.0,118,-20.930313172374298,0.0,120,-58.05288421571423,0.0,120,-47.2384925449531,0.0,118,-0.22692109842544106,0.0,120,-34.49567671031585,0.0,118,-13.285163003522676,0.0,0.0,0.0,0.0,0.0,0.0,0.0,714.0,714.0,0.0,0.0,714.0,0.0,0.0,714
0.0,0.0,-0.0,0.0,17224.58127439264,714.0,-0.0,0.4175352404526371,0.47997237932604736,0.0,799.2,0.0,0.0,1.0,888.0,-0.0,118,-38.803768249763614,0.0,120,-37.02397260897661,0.0,120,-7.1285832305982115,0.0,118,-19.515223623964562,0.0,120,-57.79237302636076,0.0,118,-28.572859348371495,0.0,0.0,0.0,0.0,0.0,0.0,0.0,714.0,714.0,0.0,0.0,714.0,0.0,0.0,714
0.0,0.0,-0.0,0.0,16431.247941059308,714.0,-0.0,0.39830431583301357,0.47997237932604736,0.0,799.2,0.0,0.0,1.0,888.0,-0.0,118,-46.56260012565771,0.0,120,-44.08496337853153,0.0,120,-10.699197725093565,0.0,118,-3.886380713804134,0.0,120,-1.8900113758950843,0.0,118,-47.98493248579695,0.0,0.0,0.0,0.0,0.0,0.0,0.0,714.0,714.0,0.0,0.0,714.0,0.0,0.0,714
0.0,0.0,-0.0,0.0,15637.914607725974,714.0,-0.0,0.3790733912133899,0.47997237932604736,0.0,799.2,0.0,0.0,1.0,888.0,-0.0,118,-12.34112827465956,0.0,120,-37.07051505540379,0.0,120,-42.74010526128705,0.0,118,-51.76278404854865,0.0,120,-26.170894430324108,0.0,118,-58.97042972693251,0.0,0.0,0.0,0.0,0.0,0.0,0.0,714.0,714.0,0.0,0.0,714.0,0.0,0.0,714
0.0,0.0,-0.0,0.0,14844.58127439264,716.0,-0.0,0.3598424665937663,0.47997237932604736,0.0,799.2,0.0,0.0,1.0,888.0,-0.0,118,-46.757886115501165,0.0,120,-58.25082616912632,0.0,120,-29.420382308705744,0.0,118,-32.89490926797894,0.0,120,-53.14937848372718,0.0,120,-44.044530557551234,0.0,0.0,0.0,0.0,0.0,0.0,0.0,716.0,716.0,0.0,0.0,716.0,0.0,0.0,716
0.0,0.0,-0.0,0.0,14049.025718837085,716.0,-0.0,0.34055767383795327,0.47997237932604736,0.0,799.2,0.0,0.0,1.0,888.0,-0.0,118,-36.09443406121244,0.0,120,-18.83486607059438,0.0,120,-55.79055821018375,0.0,118,-4.553541945029598,0.0,120,-42.52921125178015,0.0,120,-38.981001967006144,0.0,0.0,0.0,0.0,0.0,0.0,0.0,716.0,716.0,0.0,0.0,716.0,0.0,0.0,716
0.0,0.0,-0.0,0.0,13253.47016328153,716.0,-0.0,0.3212728810821402,0.47997237932604736,0.0,799.2,0.0,0.0,1.0,888.0,-0.0,118,-7.258632854135643,0.0,120,-5.806585777035751,0.0,120,-21.816850092116773,0.0,118,-47.11814924631462,0.0,120,-13.264950725425377,0.0,120,-25.897260910011973,0.0,0.0,0.0,0.0,0.0,0.0,0.0,716.0,716.0,0.0,0.0,716.0,0.0,0.0,716
0.0,0.0,-0.0,0.0,12457.914607725976,716.0,-0.0,0.3019880883263272,0.47997237932604736,0.0,799.2,0.0,0.0,1.0,888.0,-0.0,118,-42.34087970185095,0.0,120,-28.069686760675022,0.0,120,-35.47400531707034,0.0,118,-45.39904575340262,0.0,120,-23.196998549910695,0.0,120,-22.390814308328387,0.0,0.0,0.0,0.0,0.0,0.0,0.0,716.0,716.0,0.0,0.0,716.0,0.0,0.0,716
0.0,0.0,-0.0,0.0,11662.359052170421,716.0,-0.0,0.28270329557051416,0.47997237932604736,0.0,799.2,0.0,0.0,1.0,888.0,-0.0,118,-8.751223126194748,0.0,120,-44.43033837592679,0.0,120,-5.35078141355817,0.0,118,-55.89467767956906,0.0,120,-48.91838606936065,0.0,120,-47.96904520860007,0.0,0.0,0.0,0.0,0.0,0.0,0.0,716.0,716.0,0.0,0.0,716.0,0.0,0.0,716
0.0,0.0,-0.0,0.0,10866.803496614866,716.0,-0.0,0.26341850281470114,0.47997237932604736,0.0,799.2,0.0,0.0,1.0,888.0,-0.0,118,-50.09312850414379,0.0,120,-49.96456372018438,0.0,120,-5.002055676347221,0.0,118,-23.627695272998057,0.0,120,-51.75650906151786,0.0,120,-33.579497500300434,0.0,0.0,0.0,0.0,0.0,0.0,0.0,716.0,716.0,0.0,0.0,716.0,0.0,0.0,716
0.0,0.0,-0.0,0.0,10071.247941059311,716.0,-0.0,0.24413371005888812,0.47997237932604736,0.0,799.2,0.0,0.0,1.0,888.0,-0.0,118,-58.434884336877985,0.0,120,-3.18631945179777,0.0,120,-48.29504762075674,0.0,118,-2.329404764830909,0.0,120,-24.577831411188335,0.0,120,-16.785683140628862,0.0,0.0,0.0,0.0,0.0,0.0,0.0,716.0,716.0,0.0,0.0,716.0,0.0,0.0,716
0.0,0.0,-0.0,0.0,9275.692385503757,716.0,-0.0,0.2248489173030751,0.47997237932604736,0.0,799.2,0.0,0.0,1.0,888.0,-0.0,118,-16.86227519649456,0.0,120,-35.52269524533925,0.0,120,-7.9821154976735915,0.0,118,-36.495379337882916,0.0,120,-13.634630823010745,0.0,120,-31.85809259249879,0.0,0.0,0.0,0.0,0.0,0.0,0.0,716.0,716.0,0.0,0.0,716.0,0.0,0.0,716
0.0,0.0,-0.0,0.0,8480.136829948202,716.0,-0.0,0.20556412454726206,0.47997237932604736,0.0,799.2,0.0,0.0,1.0,888.0,-0.0,118,-43.02162067905703,0.0,120,-3.655196534883951,0.0,120,-0.30887835433210054,0.0,118,-48.535588777486026,0.0,120,-23.80615219117123,0.0,120,-27.82463404782796,0.0,0.0,0.0,0.0,0.0,0.0,0.0,716.0,716.0,0.0,0.0,716.0,0.0,0.0,716
0.0,0.0,-0.0,0.0,7684.581274392646,716.0,-0.0,0.186279331791449,0.47997237932604736,0.0,799.2,0.0,0.0,1.0,888.0,-0.0,118,-28.16015596692737,0.0,120,-36.38778607919829,0.0,120,-42.5036960856013,0.0,118,-52.481733952327815,0.0,120,-32.79736725477812,0.0,120,-52.76545598417962,0.0,0.0,0.0,0.0,0.0,0.0,0.0,716.0,716.0,0.0,0.0,716.0,0.0,0.0,716
0.0,0.0,-0.0,0.0,6889.025718837091,718.0,-0.0,0.16699453903563596,0.47997237932604736,0.0,799.2,0.0,0.0,1.0,888.0,-0.0,120,-32.661652045785935,0.0,120,-33.141877761598465,0.0,120,-15.519428816300545,0.0,118,-42.60183810375921,0.0,120,-41.09513281715514,0.0,120,-30.144203960758727,0.0,0.0,0.0,0.0,0.0,0.0,0.0,718.0,718.0,0.0,0.0,718.0,0.0,0.0,718
0.0,0.0,-0.0,0.0,6091.247941059313,718.0,-0.0,0.1476558781436335,0.47997237932604736,0.0,799.2,0.0,0.0,1.0,888.0,-0.0,120,-26.50696385296035,0.0,120,-17.195722927259908,0.0,120,-19.0684840304061,0.0,118,-56.32365026016048,0.0,120,-2.236709846745517,0.0,120,-42.264143517404115,0.0,0.0,0.0,0.0,0.0,0.0,0.0,718.0,718.0,0.0,0.0,718.0,0.0,0.0,718
0.0,0.0,-0.0,0.0,5293.470163281536,718.0,-0.0,0.12831721725163106,0.47997237932604736,0.0,799.2,0.0,0.0,1.0,888.0,-0.0,120,-49.41794206529897,0.0,120,-36.543942952839984,0.0,120,-29.192183720789792,0.0,118,-58.59028569890476,0.0,120,-58.169582234205144,0.0,120,-10.443302111562069,0.0,0.0,0.0,0.0,0.0,0.0,0.0,718.0,718.0,0.0,0.0,718.0,0.0,0.0,718
0.0,0.0,-0.0,0.0,4495.6923855037585,718.0,-0.0,0.1089785563596286,0.47997237932604736,0.0,799.2,0.0,0.0,1.0,888.0,-0.0,120,-57.66134664512482,0.0,120,-54.44166734152655,0.0,120,-2.1654979754100423,0.0,118,-29.82384524676885,0.0,120,-48.96486249652397,0.0,120,-59.87375127347738,0.0,0.0,0.0,0.0,0.0,0.0,0.0,718.0,718.0,0.0,0.0,718.0,0.0,0.0,718
0.0,0.0,-0.0,0.0,3697.9146077259807,718.0,-0.0,0.08963989546762613,0.47997237932604736,0.0,799.2,0.0,0.0,1.0,888.0,-0.0,120,-43.35998903275605,0.0,120,-37.94860620104557,0.0,120,-59.129763758073004,0.0,118,-53.11581771383407,0.0,120,-33.72832578181584,0.0,120,-17.758347316767242,0.0,0.0,0.0,0.0,0.0,0.0,0.0,718.0,718.0,0.0,0.0,718.0,0.0,0.0,718
0.0,0.0,-0.0,0.0,2900.136829948203,718.0,-0.0,0.07030123457562366,0.47997237932604736,0.0,799.2,0.0,0.0,1.0,888.0,-0.0,120,-59.707904083291446,0.0,120,-45.70502094824453,0.0,120,-32.896675073776336,0.0,118,-33.12192808785922,0.0,120,-7.253996707454611,0.0,120,-0.5540125321773148,0.0,0.0,0.0,0.0,0.0,0.0,0.0,718.0,718.0,0.0,0.0,718.0,0.0,0.0,718
0.0,0.0,-0.0,0.0,2102.359052170425,718.0,-0.0,0.05096257368362119,0.47997237932604736,0.0,799.2,0.0,0.0,1.0,888.0,-0.0,120,-41.40318434104515,0.0,120,-17.150429978595405,0.0,120,-26.888929602140887,0.0,118,-42.97284215913774,0.0,120,-54.43962537092932,0.0,120,-33.357019820072,0.0,0.0,0.0,0.0,0.0,0.0,0.0,718.0,718.0,0.0,0.0,718.0,0.0,0.0,718
0.0,0.0,-0.0,0.0,1304.5812743926472,718.0,-0.0,0.031623912791618726,0.47997237932604736,0.0,799.2,0.0,0.0,1.0,888.0,-0.0,120,-37.713761063949335,0.0,120,-27.616975509088824,0.0,120,-28.020349991589896,0.0,118,-18.695978416575564,0.0,120,-59.355982678357094,0.0,120,-18.795894632473416,0.0,0.0,0.0,0.0,0.0,0.0,0.0,718.0,718.0,0.0,0.0,718.0,0.0,0.0,718
0.0,0.0,-0.0,0.0,506.80349661486946,456.1231469533825,-0.0,0.012285251899616257,0.47997237932604736,125.69365624720265,799.2,0.0,261.8768530466175,1.0,888.0,-232546.64550539633,120,-57.09918802747562,0.0,120,-18.396514092806363,0.0,120,-48.93581416978832,0.0,118,-21.859736561146306,0.0,120,-24.21435341312664,0.0,120,-34.13636601661247,0.0,0.0,0.0,0.0,0.0,-232546.64550539633,-232546.64550539633,718.0,718.0,0.0,0.0,718.0,0.0,0.0,718
0.0,0.0,-0.0,0.0,0.0,0.0,-0.0,0.0,0.47997237932604736,344.620168356102,799.2,0.0,718.0,1.0,888.0,-637584.0,120,-29.905694392622646,0.0,120,-43.4156725058651,0.0,120,-6.139874390525641,0.0,118,-36.8275021788408,0.0,120,-46.48389930582291,0.0,120,-13.153607959150818,0.0,0.0,0.0,0.0,0.0,-637584.0,-637584.0,718.0,718.0,0.0,0.0,718.0,0.0,0.0,718
0.0,0.0,-0.0,0.0,0.0,0.0,-0.0,0.0,0.47997237932604736,344.620168356102,799.2,0.0,718.0,1.0,888.0,-637584.0,120,-17.6209241245017,0.0,120,-25.817589486933173,0.0,120,-45.641367684553074,0.0,118,-36.48692349418691,0.0,120,-42.53690843554752,0.0,120,-56.78652241213905,0.0,0.0,0.0,0.0,0.0,-637584.0,-637584.0,718.0,718.0,0.0,0.0,718.0,0.0,0.0,718
0.0,0.0,-0.0,0.0,0.0,0.0,-0.0,0.0,0.47997237932604736,344.620168356102,799.2,0.0,718.0,1.0,888.0,-637584.0,120,-8.943424984760144,0.0,120,-23.30592036080677,0.0,120,-37.77142696501235,0.0,118,-40.2714688139451,0.0,120,-16.29020777955831,0.0,120,-43.9428102054509,0.0,0.0,0.0,0.0,0.0,-637584.0,-637584.0,718.0,718.0,0.0,0.0,718.0,0.0,0.0,718
0.0,0.0,-0.0,0.0,0.0,0.0,-0.0,0.0,0.47997237932604736,344.620168356102,799.2,0.0,718.0,1.0,888.0,-637584.0,120,-6.743687028879018,0.0,120,-5.949196564791615,0.0,120,-10.28970829559299,0.0,118,-1.0359185644218982,0.0,120,-48.54551294952165,0.0,120,-44.92653791497179,0.0,0.0,0.0,0.0,0.0,-637584.0,-637584.0,718.0,718.0,0.0,0.0,718.0,0.0,0.0,718
0.0,0.0,-0.0,0.0,0.0,0.0,-0.0,0.0,0.47997237932604736,344.620168356102,799.2,0.0,718.0,1.0,888.0,-637584.0,120,-49.476625696375194,0.0,120,-7.116911745132675,0.0,120,-39.49811057012517,0.0,118,-43.53524496646452,0.0,120,-42.968630781276396,0.0,120,-54.159804954727726,0.0,0.0,0.0,0.0,0.0,-637584.0,-637584.0,718.0,718.0,0.0,0.0,718.0,0.0,0.0,718
0.0,0.0,-0.0,0.0,0.0,0.0,-0.0,0.0,0.47997237932604736,344.620168356102,799.2,0.0,718.0,1.0,888.0,-637584.0,120,-18.367961644338962,0.0,120,-19.896882175129047,0.0,120,-36.1056593666596,0.0,118,-0.7676768744212148,0.0,120,-38.49095323631708,0.0,120,-6.5373193662111895,0.0,0.0,0.0,0.0,0.0,-637584.0,-637584.0,718.0,718.0,0.0,0.0,718.0,0.0,0.0,718
0.0,0.0,-0.0,0.0,0.0,0.0,-0.0,0.0,0.47997237932604736,344.620168356102,799.2,0.0,718.0,1.0,888.0,-637584.0,120,-12.1901980013314,0.0,120,-53.214164205139355,0.0,120,-24.15125801592047,0.0,118,-6.9950815530059245,0.0,120,-26.555591961816717,0.0,120,-57.64696593082411,0.0,0.0,0.0,0.0,0.0,-637584.0,-637584.0,718.0,718.0,0.0,0.0,718.0,0.0,0.0,718
0.0,0.0,-0.0,0.0,0.0,0.0,-0.0,0.0,0.47997237932604736,344.620168356102,799.2,0.0,718.0,1.0,888.0,-637584.0,120,-24.159697831036127,0.0,120,-11.951446872690681,0.0,120,-17.206974189815366,0.0,118,-35.697340161678625,0.0,120,-50.633277116743244,0.0,120,-22.235132213499217,0.0,0.0,0.0,0.0,0.0,-637584.0,-637584.0,718.0,718.0,0.0,0.0,718.0,0.0,0.0,718
0.0,0.0,-0.0,0.0,0.0,0.0,-0.0,0.0,0.47997237932604736,345.5801131147541,799.2,0.0,720.0,1.0,888.0,-639360.0,120,-28.49707731530411,0.0,120,-5.94988037601053,0.0,120,-0.47935304802547485,0.0,120,-14.220256886951377,0.0,120,-55.27872096920426,0.0,120,-35.21274538743381,0.0,0.0,0.0,0.0,0.0,-639360.0,-639360.0,720.0,720.0,0.0,0.0,720.0,0.0,0.0,720
0.0,0.0,-0.0,0.0,0.0,0.0,-0.0,0.0,0.47997237932604736,345.5801131147541,799.2,0.0,720.0,1.0,888.0,-639360.0,120,-54.93626418291887,0.0,120,-5.065925140206651,0.0,120,-4.888333108332379,0.0,120,-50.788749546303876,0.0,120,-7.090317125561995,0.0,120,-16.65930367053123,0.0,0.0,0.0,0.0,0.0,-639360.0,-639360.0,720.0,720.0,0.0,0.0,720.0,0.0,0.0,720
0.0,0.0,-0.0,0.0,0.0,0.0,-0.0,0.0,0.47997237932604736,345.5801131147541,799.2,0.0,720.0,1.0,888.0,-639360.0,120,-11.164429571638843,0.0,120,-8.341615305651297,0.0,120,-22.184491846748017,0.0,120,-53.37947835096301,0.0,120,-18.41366060302804,0.0,120,-21.17801742989011,0.0,0.0,0.0,0.0,0.0,-639360.0,-639360.0,720.0,720.0,0.0,0.0,720.0,0.0,0.0,720
0.0,0.0,-0.0,0.0,0.0,0.0,-0.0,0.0,0.47997237932604736,345.5801131147541,799.2,0.0,720.0,1.0,888.0,-639360.0,120,-58.327071538523604,0.0,120,-6.7376846305676015,0.0,120,-38.71018784819071,0.0,120,-13.00297009241797,0.0,120,-53.495998246970146,0.0,120,-1.9903137906284485,0.0,0.0,0.0,0.0,0.0,-639360.0,-639360.0,720.0,720.0,0.0,0.0,720.0,0.0,0.0,720
0.0,0.0,-0.0,0.0,0.0,0.0,-0.0,0.0,0.47997237932604736,345.5801131147541,799.2,0.0,720.0,1.0,888.0,-639360.0,120,-52.827490631845514,0.0,120,-51.34895328801303,0.0,120,-3.1193263604423005,0.0,120,-50.90107585329447,0.0,120,-43.09142780198103,0.0,120,-43.419553451314854,0.0,0.0,0.0,0.0,0.0,-639360.0,-639360.0,720.0,720.0,0.0,0.0,720.0,0.0,0.0,720
0.0,0.0,-0.0,0.0,0.0,0.0,-0.0,0.0,0.47997237932604736,345.5801131147541,799.2,0.0,720.0,1.0,888.0,-639360.0,120,-50.74045507131376,0.0,120,-17.12188415983253,0.0,120,-11.659750440323212,0.0,120,-9.79764827001349,0.0,120,-40.531197385568504,0.0,120,-59.39170949354106,0.0,0.0,0.0,0.0,0.0,-639360.0,-639360.0,720.0,720.0,0.0,0.0,720.0,0.0,0.0,720
0.0,0.0,-0.0,0.0,0.0,0.0,-0.0,0.0,0.47997237932604736,345.5801131147541,799.2,0.0,720.0,1.0,888.0,-639360.0,120,-8.58488230760595,0.0,120,-19.79886571964873,0.0,120,-55.348233246105615,0.0,120,-57.43916412973795,0.0,120,-11.793957419488624,0.0,120,-28.944973490206436,0.0,0.0,0.0,0.0,0.0,-639360.0,-639360.0,720.0,720.0,0.0,0.0,720.0,0.0,0.0,720
0.0,0.0,-0.0,0.0,0.0,0.0,-0.0,0.0,0.47997237932604736,345.5801131147541,799.2,0.0,720.0,1.0,888.0,-639360.0,120,-13.201500561537978,0.0,120,-1.6864833274421032,0.0,120,-57.2105402376098,0.0,120,-28.61490455740629,0.0,120,-50.63650164634443,0.0,120,-20.44729605413719,0.0,0.0,0.0,0.0,0.0,-639360.0,-639360.0,720.0,720.0,0.0,0.0,720.0,0.0,0.0,720
0.0,0.0,-0.0,0.0,0.0,0.0,-0.0,0.0,0.47997237932604736,345.5801131147541,799.2,0.0,720.0,1.0,888.0,-639360.0,120,-0.4405256624151477,0.0,120,-51.78342332932564,0.0,120,-47.132939113620274,0.0,120,-43.29000594559916,0.0,120,-50.47672476275482,0.0,120,-16.069236597904876,0.0,0.0,0.0,0.0,0.0,-639360.0,-639360.0,720.0,720.0,0.0,0.0,720.0,0.0,0.0,720
0.0,0.0,-0.0,0.0,0.0,0.0,-0.0,0.0,0.47997237932604736,345.5801131147541,799.2,0.0,720.0,1.0,888.0,-639360.0,120,-52.15528456870811,0.0,120,-6.596769346813776,0.0,120,-5.610533920477905,0.0,120,-35.0672737283757,0.0,120,-43.066087660059644,0.0,120,-52.77395275546023,0.0,0.0,0.0,0.0,0.0,-639360.0,-639360.0,720.0,720.0,0.0,0.0,720.0,0.0,0.0,720
0.0,0.0,-0.0,0.0,0.0,0.0,-0.0,0.0,0.47997237932604736,345.5801131147541,799.2,0.0,720.0,1.0,888.0,-639360.0,120,-30.32799327870729,0.0,120,-27.06712153831331,0.0,120,-50.854187850976544,0.0,120,-47.3738719784292,0.0,120,-6.908014014249106,0.0,120,-54.24158624334265,0.0,0.0,0.0,0.0,0.0,-639360.0,-639360.0,720.0,720.0,0.0,0.0,720.0,0.0,0.0,720
0.0,0.0,-0.0,0.0,0.0,0.0,-0.0,0.0,0.47997237932604736,345.5801131147541,799.2,0.0,720.0,1.0,888.0,-639360.0,120,-29.33867074139914,0.0,120,-53.50534784574513,0.0,120,-5.410458300153385,0.0,120,-8.007761977920138,0.0,120,-9.41995629561106,0.0,120,-43.62683912592347,0.0,0.0,0.0,0.0,0.0,-639360.0,-639360.0,720.0,720.0,0.0,0.0,720.0,0.0,0.0,720
0.0,0.0,-0.0,0.0,0.0,0.0,-0.0,0.0,0.47997237932604736,345.5801131147541,799.2,0.0,720.0,1.0,888.0,-639360.0,120,-46.56009396146246,0.0,120,-3.790149934988847,0.0,120,-22.404581832301297,0.0,120,-33.60271856989824,0.0,120,-57.72610282306222,0.0,120,-40.64629233580512,0.0,0.0,0.0,0.0,0.0,-639360.0,-639360.0,720.0,720.0,0.0,0.0,720.0,0.0,0.0,720
0.0,0.0,-0.0,0.0,0.0,0.0,-0.0,0.0,0.47997237932604736,345.5801131147541,799.2,0.0,720.0,1.0,888.0,-639360.0,120,-18.556165338456655,0.0,120,-18.810957907498217,0.0,120,-4.205162919629544,0.0,120,-0.8042525116336541,0.0,120,-53.80174540857388,0.0,120,-16.86482987422361,0.0,0.0,0.0,0.0,0.0,-639360.0,-639360.0,720.0,720.0,0.0,0.0,720.0,0.0,0.0,720
0.0,0.0,-0.0,0.0,0.0,0.0,-0.0,0.0,0.47997237932604736,345.5801131147541,799.2,0.0,720.0,1.0,888.0,-639360.0,120,-15.720778299771606,0.0,120,-13.249076611207544,0.0,120,-20.190002700473826,0.0,120,-58.75624927092543,0.0,120,-0.44303548929359504,0.0,120,-43.544608304068404,0.0,0.0,0.0,0.0,0.0,-639360.0,-639360.0,720.0,720.0,0.0,0.0,720.0,0.0,0.0,720
0.0,0.0,-0.0,0.0,0.0,0.0,-0.0,0.0,0.47997237932604736,345.5801131147541,799.2,0.0,720.0,1.0,888.0,-639360.0,120,-58.376929830017254,0.0,120,-41.92100895865421,0.0,120,-8.412108359293597,0.0,120,-20.040008536302317,0.0,120,-47.11892486255213,0.0,120,-51.5424306936668,0.0,0.0,0.0,0.0,0.0,-639360.0,-639360.0,720.0,720.0,0.0,0.0,720.0,0.0,0.0,720
0.0,0.0,-0.0,0.0,0.0,0.0,-0.0,0.0,0.47997237932604736,345.5801131147541,799.2,0.0,720.0,1.0,888.0,-639360.0,120,-9.899491798556461,0.0,120,-44.38578102959431,0.0,120,-46.585155067955675,0.0,120,-8.290710119810347,0.0,120,-31.462972703408905,0.0,120,-41.05326956149112,0.0,0.0,0.0,0.0,0.0,-639360.0,-639360.0,720.0,720.0,0.0,0.0,720.0,0.0,0.0,720
0.0,0.0,-0.0,0.0,0.0,0.0,-0.0,0.0,0.47997237932604736,345.5801131147541,799.2,0.0,720.0,1.0,888.0,-639360.0,120,-37.73468355267306,0.0,120,-40.64813721795966,0.0,120,-25.249244132949432,0.0,120,-23.973101373244457,0.0,120,-46.32611271646787,0.0,120,-3.7092330539344287,0.0,0.0,0.0,0.0,0.0,-639360.0,-639360.0,720.0,720.0,0.0,0.0,720.0,0.0,0.0,720
0.0,0.0,-0.0,0.0,0.0,0.0,-0.0,0.0,0.47997237932604736,345.5801131147541,799.2,0.0,720.0,1.0,888.0,-639360.0,120,-44.061265394927865,0.0,120,-17.124539936692237,0.0,120,-40.93090153012364,0.0,120,-21.410023677772145,0.0,120,-5.353448912789824,0.0,120,-1.4345124914883889,0.0,0.0,0.0,0.0,0.0,-639360.0,-639360.0,720.0,720.0,0.0,0.0,720.0,0.0,0.0,720
0.0,0.0,-0.0,0.0,0.0,0.0,-0.0,0.0,0.47997237932604736,345.5801131147541,799.2,0.0,720.0,1.0,888.0,-639360.0,120,-1.9933923041373425,0.0,120,-2.490857229715937,0.0,120,-49.86883720791457,0.0,120,-34.76877655157702,0.0,120,-2.4204732920175975,0.0,120,-54.255026132737854,0.0,0.0,0.0,0.0,0.0,-639360.0,-639360.0,720.0,720.0,0.0,0.0,720.0,0.0,0.0,720
0.0,0.0,-0.0,0.0,0.0,0.0,-0.0,0.0,0.47997237932604736,345.5801131147541,799.2,0.0,720.0,1.0,888.0,-639360.0,120,-42.039870502342254,0.0,120,-56.727335615033574,0.0,120,-7.774048106076005,0.0,120,-15.1999420840855,0.0,120,-49.33326909532721,0.0,120,-49.64738855288202,0.0,0.0,0.0,0.0,0.0,-639360.0,-639360.0,720.0,720.0,0.0,0.0,720.0,0.0,0.0,720
0.0,0.0,-0.0,0.0,0.0,0.0,-0.0,0.0,0.47997237932604736,345.5801131147541,799.2,0.0,720.0,1.0,888.0,-639360.0,120,-21.67942102597075,0.0,120,-44.86692437967375,0.0,120,-34.947472757694854,0.0,120,-13.91601736918934,0.0,120,-39.03072075984046,0.0,120,-58.98355078909452,0.0,0.0,0.0,0.0,0.0,-639360.0,-639360.0,720.0,720.0,0.0,0.0,720.0,0.0,0.0,720
0.0,0.0,-0.0,0.0,0.0,0.0,-0.0,0.0,0.47997237932604736,345.5801131147541,799.2,0.0,720.0,1.0,888.0,-639360.0,120,-39.28861381330459,0.0,120,-38.94442298660203,0.0,120,-16.29973623454374,0.0,120,-14.989766448157315,0.0,120,-48.85971437989661,0.0,120,-23.084110962155805,0.0,0.0,0.0,0.0,0.0,-639360.0,-639360.0,720.0,720.0,0.0,0.0,720.0,0.0,0.0,720
0.0,0.0,-0.0,0.0,0.0,0.0,-0.0,0.0,0.47997237932604736,345.5801131147541,799.2,0.0,720.0,1.0,888.0,-639360.0,120,-29.137936691888456,0.0,120,-49.853001321238466,0.0,120,-25.826410854418853,0.0,120,-13.809653665730774,0.0,120,-22.031693851753605,0.0,120,-38.266313652007355,0.0,0.0,0.0,0.0,0.0,-639360.0,-639360.0,720.0,720.0,0.0,0.0,720.0,0.0,0.0,720
0.0,0.0,-0.0,0.0,0.0,0.0,-0.0,0.0,0.47997237932604736,345.5801131147541,799.2,0.0,720.0,1.0,888.0,-639360.0,120,-54.63697611970184,0.0,120,-53.887231244388204,0.0,120,-30.179207894626416,0.0,120,-27.144582345688587,0.0,120,-0.5912168297618137,0.0,120,-25.632078218578435,0.0,0.0,0.0,0.0,0.0,-639360.0,-639360.0,720.0,720.0,0.0,0.0,720.0,0.0,0.0,720
0.0,0.0,-0.0,0.0,0.0,0.0,-0.0,0.0,0.47997237932604736,345.5801131147541,799.2,0.0,720.0,1.0,888.0,-639360.0,120,-11.692099202125926,0.0,120,-57.60413817323498,0.0,120,-48.180752337766585,0.0,120,-44.39592421750425,0.0,120,-58.11879524967095,0.0,120,-18.212721457744443,0.0,0.0,0.0,0.0,0.0,-639360.0,-639360.0,720.0,720.0,0.0,0.0,720.0,0.0,0.0,720
0.0,0.0,-0.0,0.0,0.0,0.0,-0.0,0.0,0.47997237932604736,345.5801131147541,799.2,0.0,720.0,1.0,888.0,-639360.0,120,-40.99172393734564,0.0,120,-34.773795434180514,0.0,120,-17.055378003576347,0.0,120,-53.15993514809301,0.0,120,-53.685887682784006,0.0,120,-56.3749187690424,0.0,0.0,0.0,0.0,0.0,-639360.0,-639360.0,720.0,720.0,0.0,0.0,720.0,0.0,0.0,720
0.0,0.0,-0.0,0.0,0.0,0.0,-0.0,0.0,0.47997237932604736,345.5801131147541,799.2,0.0,720.0,1.0,888.0,-639360.0,120,-3.6661203617993032,0.0,120,-23.158073256676932,0.0,120,-58.137579620793794,0.0,120,-51.657336086169465,0.0,120,-55.407468092817524,0.0,120,-5.0302326878488675,0.0,0.0,0.0,0.0,0.0,-639360.0,-639360.0,720.0,720.0,0.0,0.0,720.0,0.0,0.0,720
317.8744645181191,0.0,-3178.744645181191,0.0,0.0,0.0,-0.0,0.0,0.47997237932604736,192.96675745420464,799.2,0.0,402.037212485349,1.0,888.0,-357009.0446869899,120,-53.763303454565616,0.0,120,-59.1283177196646,0.0,120,-19.31852599699655,0.0,120,-24.870557804946817,0.0,120,-45.42313149875815,0.0,120,-0.5076293113808106,0.0,0.0,0.0883229965318475,0.0883229965318475,0.0,-360187.7893321711,-360187.7893321711,720.0,720.0,317.962787514651,0.0,402.037212485349,0.0,0.0,720
317.8744645181191,0.0,-3178.744645181191,0.0,0.0,0.0,-0.0,0.0,0.47997237932604736,192.96675745420464,799.2,0.0,402.037212485349,1.0,888.0,-357009.0446869899,120,-59.26215196542159,0.0,120,-54.16613390536425,0.0,120,-47.5972544730216,0.0,120,-1.2928018393171414,0.0,120,-39.324553545477585,0.0,120,-4.547503766584207,0.0,0.0,0.0883229965318475,0.0883229965318475,0.0,-360187.7893321711,-360187.7893321711,720.0,720.0,317.962787514651,0.0,402.037212485349,0.0,0.0,720
317.8744645181191,0.0,-3178.744645181191,0.0,0.0,0.0,-0.0,0.0,0.47997237932604736,192.96675745420464,799.2,0.0,402.037212485349,1.0,888.0,-357009.0446869899,120,-40.2473181909578,0.0,120,-29.963963863475797,0.0,120,-2.4242716341422854,0.0,120,-57.342455309286315,0.0,120,-17.363815534244228,0.0,120,-18.856768418376962,0.0,0.0,0.0883229965318475,0.0883229965318475,0.0,-360187.7893321711,-360187.7893321711,720.0,720.0,317.962787514651,0.0,402.037212485349,0.0,0.0,720
317.8744645181191,0.0,-3178.744645181191,0.0,0.0,0.0,-0.0,0.0,0.47997237932604736,192.96675745420464,799.2,0.0,402.037212485349,1.0,888.0,-357009.0446869899,120,-48.522897753210444,0.0,120,-17.268151811123488,0.0,120,-36.83499980119087,0.0,120,-21.74366908840851,0.0,120,-26.697927220622073,0.0,120,-9.517996677152214,0.0,0.0,0.0883229965318475,0.0883229965318475,0.0,-360187.7893321711,-360187.7893321711,720.0,720.0,317.962787514651,0.0,402.037212485349,0.0,0.0,720
317.8744645181191,0.0,-3178.744645181191,0.0,0.0,0.0,-0.0,0.0,0.47997237932604736,192.96675745420464,799.2,0.0,402.037212485349,1.0,888.0,-357009.0446869899,120,-55.56082129889332,0.0,120,-10.074724920202517,0.0,120,-17.02561462956099,0.0,120,-6.934111725037598,0.0,120,-12.055842502510501,0.0,120,-35.81924408408981,0.0,0.0,0.0883229965318475,0.0883229965318475,0.0,-360187.7893321711,-360187.7893321711,720.0,720.0,317.962787514651,0.0,402.037212485349,0.0,0.0,720
317.8744645181191,0.0,-3178.744645181191,0.0,0.0,0.0,-0.0,0.0,0.47997237932604736,192.96675745420464,799.2,0.0,402.037212485349,1.0,888.0,-357009.0446869899,120,-53.45278310088751,0.0,120,-30.079744673857697,0.0,120,-56.13997059846124,0.0,120,-27.055217957893632,0.0,120,-17.518586614925592,0.0,120,-42.73697177900873,0.0,0.0,0.0883229965318475,0.0883229965318475,0.0,-360187.7893321711,-360187.7893321711,720.0,720.0,317.962787514651,0.0,402.037212485349,0.0,0.0,720
932.5792488517918,0.0,-9325.792488517918,212.8383706214089,0.0,0.0,-0.0,0.0,0.47997237932604736,0.0,799.2,0.0,0.0,1.0,888.0,-0.0,120,-42.99107566388867,0.0,120,-42.83169024801805,0.0,120,-49.73276395568943,0.0,120,-55.127339512657954,0.0,120,-40.42895823083061,0.0,120,-12.497757841962686,0.0,0.0,0.259121769617058,0.259121769617058,0.0,-9325.792488517918,-9325.792488517918,932.8383706214089,932.8383706214089,932.8383706214089,0.0,0.0,212.8383706214089,0.0,720
932.5792488517918,0.0,-9325.792488517918,212.8383706214089,191.554533559268,0.0,-0.0,0.004643408565662328,0.47997237932604736,0.0,799.2,0.0,0.0,1.0,888.0,-0.0,120,-33.83031584462796,0.0,120,-29.083529731767833,0.0,120,-43.06262626070448,0.0,120,-44.17095740235915,0.0,120,-51.36566337000261,0.0,120,-15.273104464604483,0.0,0.0,0.259121769617058,0.259121769617058,0.0,-9325.792488517918,-9325.792488517918,932.8383706214089,932.8383706214089,932.8383706214089,0.0,0.0,212.8383706214089,0.0,720
932.5792488517918,0.0,-9325.792488517918,212.8383706214089,383.109067118536,0.0,-0.0,0.009286817131324655,0.47997237932604736,0.0,799.2,0.0,0.0,1.0,888.0,-0.0,120,-56.939170676859135,0.0,120,-59.90934993232669,0.0,120,-14.932271457789954,0.0,120,-18.93060264041648,0.0,120,-53.521880728665714,0.0,120,-25.873400427971088,0.0,0.0,0.259121769617058,0.259121769617058,0.0,-9325.792488517918,-9325.792488517918,932.8383706214089,932.8383706214089,932.8383706214089,0.0,0.0,212.8383706214089,0.0,720
932.5792488517918,0.0,-9325.792488517918,212.8383706214089,574.663600677804,0.0,-0.0,0.013930225696986981,0.47997237932604736,0.0,799.2,0.0,0.0,1.0,888.0,-0.0,120,-40.260598464792345,0.0,120,-52.89872235967748,0.0,120,-14.84616505155694,0.0,120,-22.008033950899385,0.0,120,-4.196437522786784,0.0,120,-4.8973172733353305,0.0,0.0,0.259121769617058,0.259121769617058,0.0,-9325.792488517918,-9325.792488517918,932.8383706214089,932.8383706214089,932.8383706214089,0.0,0.0,212.8383706214089,0.0,720
932.5792488517918,0.0,-9325.792488517918,212.8383706214089,766.218134237072,0.0,-0.0,0.01857363426264931,0.47997237932604736,0.0,799.2,0.0,0.0,1.0,888.0,-0.0,120,-52.62267533711094,0.0,120,-6.1581196847406865,0.0,120,-5.2772222742444885,0.0,120,-57.64319280215073,0.0,120,-27.89161733197088,0.0,120,-26.772577803121504,0.0,0.0,0.259121769617058,0.259121769617058,0.0,-9325.792488517918,-9325.792488517918,932.8383706214089,932.8383706214089,932.8383706214089,0.0,0.0,212.8383706214089,0.0,720
932.5792488517918,0.0,-9325.792488517918,212.8383706214089,957.7726677963401,0.0,-0.0,0.02321704282831164,0.47997237932604736,0.0,799.2,0.0,0.0,1.0,888.0,-0.0,120,-5.990591502362377,0.0,120,-41.36386956596057,0.0,120,-8.932744181759045,0.0,120,-27.45272157242774,0.0,120,-3.406757203977371,0.0,120,-7.622921336947348,0.0,0.0,0.259121769617058,0.259121769617058,0.0,-9325.792488517918,-9325.792488517918,932.8383706214089,932.8383706214089,932.8383706214089,0.0,0.0,212.8383706214089,0.0,720
1550.2346506811755,0.0,-15502.346506811755,830.6653910675832,1149.3272013556082,0.0,-0.0,0.02786045139397397,0.47997237932604736,0.0,799.2,0.0,0.0,1.0,888.0,-0.0,120,-35.087317917850335,0.0,120,-11.993020585860988,0.0,120,-22.51803805485572,0.0,120,-16.711812193377032,0.0,120,-21.2058192497013,0.0,120,-53.36988579555097,0.0,0.0,0.430740386407662,0.430740386407662,0.0,-15502.346506811755,-15502.346506811755,1550.6653910675832,1550.6653910675832,1550.6653910675832,0.0,0.0,830.6653910675832,0.0,720
1550.2346506811755,0.0,-15502.346506811755,830.6653910675832,1896.926053316433,0.0,-0.0,0.0459827419415905,0.47997237932604736,0.0,799.2,0.0,0.0,1.0,888.0,-0.0,120,-12.105352080412477,0.0,120,-22.46158122558772,0.0,120,-14.944743418747615,0.0,120,-39.06901226556401,0.0,120,-54.738801732527044,0.0,120,-26.379813824183863,0.0,0.0,0.430740386407662,0.430740386407662,0.0,-15502.346506811755,-15502.346506811755,1550.6653910675832,1550.6653910675832,1550.6653910675832,0.0,0.0,830.6653910675832,0.0,720
1550.2346506811755,0.0,-15502.346506811755,830.6653910675832,2644.524905277258,0.0,-0.0,0.06410503248920704,0.47997237932604736,0.0,799.2,0.0,0.0,1.0,888.0,-0.0,120,-34.09481072178318,0.0,120,-46.93562582090906,0.0,120,-39.37832479149358,0.0,120,-23.233053008811492,0.0,120,-43.712126390663144,0.0,120,-42.42576851972897,0.0,0.0,0.430740386407662,0.430740386407662,0.0,-15502.346506811755,-15502.346506811755,1550.6653910675832,1550.6653910675832,1550.6653910675832,0.0,0.0,830.6653910675832,0.0,720
1550.2346506811755,0.0,-15502.346506811755,830.6653910675832,3392.123757238083,0.0,-0.0,0.08222732303682358,0.47997237932604736,0.0,799.2,0.0,0.0,1.0,888.0,-0.0,120,-43.065092012157876,0.0,120,-5.839746494704102,0.0,120,-34.4578293776633,0.0,120,-38.35128840017581,0.0,120,-31.289053493873823,0.0,120,-8.648020233657396,0.0,0.0,0.430740386407662,0.430740386407662,0.0,-15502.346506811755,-15502.346506811755,1550.6653910675832,1550.6653910675832,1550.6653910675832,0.0,0.0,830.6653910675832,0.0,720
1550.2346506811755,0.0,-15502.346506811755,830.6653910675832,4139.722609198908,0.0,-0.0,0.10034961358444011,0.47997237932604736,0.0,799.2,0.0,0.0,1.0,888.0,-0.0,120,-47.493319329117135,0.0,120,-26.523286234922022,0.0,120,-5.233550455025318,0.0,120,-42.98687344713486,0.0,120,-23.31915808909593,0.0,120,-33.49651721866911,0.0,0.0,0.430740386407662,0.430740386407662,0.0,-15502.346506811755,-15502.346506811755,1550.6653910675832,1550.6653910675832,1550.6653910675832,0.0,0.0,830.6653910675832,0.0,720
1550.2346506811755,0.0,-15502.346506811755,830.6653910675832,4887.321461159732,0.0,-0.0,0.11847190413205663,0.47997237932604736,0.0,799.2,0.0,0.0,1.0,888.0,-0.0,120,-35.79453983620355,0.0,120,-33.51302572842023,0.0,120,-7.659554157182131,0.0,120,-10.18802260249975,0.0,120,-15.06129928710304,0.0,120,-35.22173794559962,0.0,0.0,0.430740386407662,0.430740386407662,0.0,-15502.346506811755,-15502.346506811755,1550.6653910675832,1550.6653910675832,1550.6653910675832,0.0,0.0,830.6653910675832,0.0,720
2022.4473169043226,0.0,-20224.473169043227,1303.0092639220788,5634.920313120557,0.0,-0.0,0.13659419467967315,0.47997237932604736,0.0,799.2,0.0,0.0,1.0,888.0,-0.0,120,-23.69292520479328,0.0,120,-28.66263835896062,0.0,120,-5.128771547976124,0.0,120,-51.71651252098321,0.0,120,-46.94144686085869,0.0,120,-4.313208283750711,0.0,0.0,0.561947017756133,0.561947017756133,0.0,-20224.473169043227,-20224.473169043227,2023.0092639220788,2023.0092639220788,2023.0092639220788,0.0,0.0,1303.0092639220788,0.0,720
2022.4473169043226,0.0,-20224.473169043227,1303.0092639220788,6807.6286506504275,0.0,-0.0,0.1650214202761115,0.47997237932604736,0.0,799.2,0.0,0.0,1.0,888.0,-0.0,120,-14.30783099841651,0.0,120,-45.80902722888622,0.0,120,-55.16090656610527,0.0,120,-54.40202737514047,0.0,120,-6.277761848469472,0.0,120,-31.384812738272178,0.0,0.0,0.561947017756133,0.561947017756133,0.0,-20224.473169043227,-20224.473169043227,2023.0092639220788,2023.0092639220788,2023.0092639220788,0.0,0.0,1303.0092639220788,0.0,720
2022.4473169043226,0.0,-20224.473169043227,1303.0092639220788,7980.336988180298,0.0,-0.0,0.19344864587254984,0.47997237932604736,0.0,799.2,0.0,0.0,1.0,888.0,-0.0,120,-25.48266027429619,0.0,120,-24.830782535321326,0.0,120,-22.650226965434257,0.0,120,-8.888420800885598,0.0,120,-49.414858515964,0.0,120,-56.92481187802619,0.0,0.0,0.561947017756133,0.561947017756133,0.0,-20224.473169043227,-20224.473169043227,2023.0092639220788,2023.0092639220788,2023.0092639220788,0.0,0.0,1303.0092639220788,0.0,720
2022.4473169043226,0.0,-20224.473169043227,1303.0092639220788,9153.045325710169,0.0,-0.0,0.22187587146898818,0.47997237932604736,0.0,799.2,0.0,0.0,1.0,888.0,-0.0,120,-35.88660494106403,0.0,120,-56.465609232857354,0.0,120,-0.9077383235907255,0.0,120,-9.465905333367363,0.0,120,-28.58981570703484,0.0,120,-21.840199269187245,0.0,0.0,0.561947017756133,0.561947017756133,0.0,-20224.473169043227,-20224.473169043227,2023.0092639220788,2023.0092639220788,2023.0092639220788,0.0,0.0,1303.0092639220788,0.0,720
2022.4473169043226,0.0,-20224.473169043227,1303.0092639220788,10325.75366324004,0.0,-0.0,0.2503030970654265,0.47997237932604736,0.0,799.2,0.0,0.0,1.0,888.0,-0.0,120,-31.08775762031733,0.0,120,-19.744761196061386,0.0,120,-58.78160834206526,0.0,120,-59.14754211509792,0.0,120,-50.94527780492461,0.0,120,-6.945206491650239,0.0,0.0,0.561947017756133,0.561947017756133,0.0,-20224.473169043227,-20224.473169043227,2023.0092639220788,2023.0092639220788,2023.0092639220788,0.0,0.0,1303.0092639220788,0.0,720
2022.4473169043226,0.0,-20224.473169043227,1303.0092639220788,11498.462000769912,0.0,-0.0,0.27873032266186487,0.47997237932604736,0.0,799.2,0.0,0.0,1.0,888.0,-0.0,120,-23.596910547592525,0.0,120,-40.02161463881706,0.0,120,-38.95042918532945,0.0,120,-24.993614091552722,0.0,120,-28.939414854195242,0.0,120,-23.14269321921853,0.0,0.0,0.561947017756133,0.561947017756133,0.0,-20224.473169043227,-20224.473169043227,2023.0092639220788,2023.0092639220788,2023.0092639220788,0.0,0.0,1303.0092639220788,0.0,720
2240.4940097806557,0.0,-22404.940097806557,1521.116542153476,12671.170338299784,0.0,-0.0,0.30715754825830327,0.47997237932604736,0.0,799.2,0.0,0.0,1.0,888.0,-0.0,120,-0.8681227729530883,0.0,120,-58.35515264779332,0.0,120,-12.092136226896738,0.0,120,-19.731359409459944,0.0,120,-43.395483002702555,0.0,120,-42.26344820757868,0.0,0.0,0.62253237282041,0.62253237282041,0.0,-22404.940097806557,-22404.940097806557,2241.116542153476,2241.116542153476,2241.116542153476,0.0,0.0,1521.116542153476,0.0,720
2240.4940097806557,0.0,-22404.940097806557,1521.116542153476,14040.175226237912,0.0,-0.0,0.34034313204464917,0.47997237932604736,0.0,799.2,0.0,0.0,1.0,888.0,-0.0,120,-56.71177684053751,0.0,120,-8.731047007524857,0.0,120,-41.64266135871234,0.0,120,-29.38069709041893,0.0,120,-35.770141990958166,0.0,120,-33.75289414957703,0.0,0.0,0.62253237282041,0.62253237282041,0.0,-22404.940097806557,-22404.940097806557,2241.116542153476,2241.116542153476,2241.116542153476,0.0,0.0,1521.116542153476,0.0,720
2240.4940097806557,0.0,-22404.940097806557,1521.116542153476,15409.18011417604,0.0,-0.0,0.3735287158309951,0.47997237932604736,0.0,799.2,0.0,0.0,1.0,888.0,-0.0,120,-10.078997924874631,0.0,120,-25.016390984852855,0.0,120,-32.480575892928016,0.0,120,-53.91721300460171,0.0,120,-25.23818231732156,0.0,120,-40.648852678121294,0.0,0.0,0.62253237282041,0.62253237282041,0.0,-22404.940097806557,-22404.940097806557,2241.116542153476,2241.116542153476,2241.116542153476,0.0,0.0,1521.116542153476,0.0,720
2240.4940097806557,0.0,-22404.940097806557,1521.116542153476,16778.18500211417,0.0,-0.0,0.406714299617341,0.47997237932604736,0.0,799.2,0.0,0.0,1.0,888.0,-0.0,120,-32.81974221540453,0.0,120,-32.200649862526696,0.0,120,-17.569628139007673,0.0,120,-55.78762445463843,0.0,120,-7.594633797877957,0.0,120,-26.558072062108458,0.0,0.0,0.62253237282041,0.62253237282041,0.0,-22404.940097806557,-22404.940097806557,2241.116542153476,2241.116542153476,2241.116542153476,0.0,0.0,1521.116542153476,0.0,720
2240.4940097806557,0.0,-22404.940097806557,1521.116542153476,18147.189890052297,0.0,-0.0,0.43989988340368696,0.47997237932604736,0.0,799.2,0.0,0.0,1.0,888.0,-0.0,120,-4.823738921414257,0.0,120,-19.431922602852428,0.0,120,-46.85655395246529,0.0,120,-32.54492606337547,0.0,120,-41.87227479439958,0.0,120,-20.943008255108854,0.0,0.0,0.62253237282041,0.62253237282041,0.0,-22404.940097806557,-22404.940097806557,2241.116542153476,2241.116542153476,2241.116542153476,0.0,0.0,1521.116542153476,0.0,720
2240.4940097806557,0.0,-22404.940097806557,1521.116542153476,19516.194777990426,0.0,-0.0,0.47308546719003286,0.47997237932604736,0.0,799.2,0.0,0.0,1.0,888.0,-0.0,120,-34.4139322083707,0.0,120,-8.013178935021916,0.0,120,-4.877774011173843,0.0,120,-41.032444574308926,0.0,120,-36.66803995825178,0.0,120,-46.21915723804299,0.0,0.0,0.62253237282041,0.62253237282041,0.0,-22404.940097806557,-22404.940097806557,2241.116542153476,2241.116542153476,2241.116542153476,0.0,0.0,1521.116542153476,0.0,720
2219.4981112945206,0.0,-22194.981112945206,1500.1148098528129,20885.199665928554,0.0,-0.0,0.5062710509763788,0.47997237932604736,0.0,799.2,0.0,0.0,1.0,888.0,-0.0,120,-31.030768689628783,0.0,120,-36.00844516488789,0.0,120,-58.74768282529044,0.0,120,-0.9549835067346812,0.0,120,-45.979933158516005,0.0,120,-39.554768718781,0.0,0.0,0.616698558292448,0.616698558292448,0.0,-22194.981112945206,-22194.981112945206,2220.114809852813,2220.114809852813,2220.114809852813,0.0,0.0,1500.1148098528129,0.0,720
2219.4981112945206,0.0,-22194.981112945206,1500.1148098528129,22235.302994796086,0.0,-0.0,0.5389984484715314,0.47997237932604736,0.0,799.2,0.0,0.0,1.0,888.0,-0.0,120,-13.725399742504251,0.0,120,-34.746422163058945,0.0,120,-53.360852441473334,0.0,120,-12.393823320074604,0.0,120,-52.62915350145629,0.0,120,-33.44685487180262,0.0,0.0,0.616698558292448,0.616698558292448,0.0,-22194.981112945206,-22194.981112945206,2220.114809852813,2220.114809852813,2220.114809852813,0.0,0.0,1500.1148098528129,0.0,720
2219.4981112945206,0.0,-22194.981112945206,1500.1148098528129,23585.406323663618,0.0,-0.0,0.5717258459666841,0.47997237932604736,0.0,799.2,0.0,0.0,1.0,888.0,-0.0,120,-35.35181301398046,0.0,120,-46.807439533052055,0.0,120,-15.179212446914308,0.0,120,-7.366018034336985,0.0,120,-26.791235189869994,0.0,120,-41.113013619120665,0.0,0.0,0.616698558292448,0.616698558292448,0.0,-22194.981112945206,-22194.981112945206,2220.114809852813,2220.114809852813,2220.114809852813,0.0,0.0,1500.1148098528129,0.0,720
2219.4981112945206,0.0,-22194.981112945206,1500.1148098528129,24935.50965253115,0.0,-0.0,0.6044532434618367,0.47997237932604736,0.0,799.2,0.0,0.0,1.0,888.0,-0.0,120,-21.35541845945474,0.0,120,-13.515724304049714,0.0,120,-18.827829239598145,0.0,120,-23.301864437005875,0.0,120,-44.461109461900946,0.0,120,-17.842147907689135,0.0,0.0,0.616698558292448,0.616698558292448,0.0,-22194.981112945206,-22194.981112945206,2220.114809852813,2220.114809852813,2220.114809852813,0.0,0.0,1500.1148098528129,0.0,720
2219.4981112945206,0.0,-22194.981112945206,1500.1148098528129,26285.61298139868,0.0,-0.0,0.6371806409569893,0.47997237932604736,0.0,799.2,0.0,0.0,1.0,888.0,-0.0,120,-13.78642640812052,0.0,120,-44.025254944150284,0.0,120,-25.29921384700295,0.0,120,-6.909945663485657,0.0,120,-59.211808906094355,0.0,120,-33.44707720910646,0.0,0.0,0.616698558292448,0.616698558292448,0.0,-22194.981112945206,-22194.981112945206,2220.114809852813,2220.114809852813,2220.114809852813,0.0,0.0,1500.1148098528129,0.0,720
2219.4981112945206,0.0,-22194.981112945206,1500.1148098528129,27635.716310266213,0.0,-0.0,0.669908038452142,0.47997237932604736,0.0,799.2,0.0,0.0,1.0,888.0,-0.0,120,-21.425446533718006,0.0,120,-24.410589813901403,0.0,120,-27.535956437514386,0.0,120,-22.480609097737897,0.0,120,-20.761630662305716,0.0,120,-29.366596531917214,0.0,0.0,0.616698558292448,0.616698558292448,0.0,-22194.981112945206,-22194.981112945206,2220.114809852813,2220.114809852813,2220.114809852813,0.0,0.0,1500.1148098528129,0.0,720
1964.20598526225,0.0,-19642.0598526225,1244.751749637149,28985.819639133744,0.0,-0.0,0.7026354359472946,0.47997237932604736,0.0,799.2,0.0,0.0,1.0,888.0,-0.0,120,-16.225435868597973,0.0,120,-4.055512791586853,0.0,120,-24.868560072674363,0.0,120,-23.844466091411263,0.0,120,-22.19328979802807,0.0,120,-54.374083107611646,0.0,0.0,0.545764374899208,0.545764374899208,0.0,-19642.0598526225,-19642.0598526225,1964.751749637149,1964.751749637149,1964.751749637149,0.0,0.0,1244.751749637149,0.0,720
1964.20598526225,0.0,-19642.0598526225,1244.751749637149,30106.096213807177,0.0,-0.0,0.729791680939742,0.47997237932604736,0.0,799.2,0.0,0.0,1.0,888.0,-0.0,120,-47.69890132073778,0.0,120,-51.525702658543686,0.0,120,-28.145213636408137,0.0,120,-50.30771406074985,0.0,120,-0.9266470634579327,0.0,120,-36.73901548044013,0.0,0.0,0.545764374899208,0.545764374899208,0.0,-19642.0598526225,-19642.0598526225,1964.751749637149,1964.751749637149,1964.751749637149,0.0,0.0,1244.751749637149,0.0,720
1964.20598526225,0.0,-19642.0598526225,1244.751749637149,31226.37278848061,0.0,-0.0,0.7569479259321894,0.47997237932604736,0.0,799.2,0.0,0.0,1.0,888.0,-0.0,120,-33.04206233308821,0.0,120,-39.36951012367436,0.0,120,-33.243319013709495,0.0,120,-43.141303638999105,0.0,120,-59.095656218759,0.0,120,-55.213382143236586,0.0,0.0,0.545764374899208,0.545764374899208,0.0,-19642.0598526225,-19642.0598526225,1964.751749637149,1964.751749637149,1964.751749637149,0.0,0.0,1244.751749637149,0.0,720
1964.20598526225,0.0,-19642.0598526225,1244.751749637149,32346.649363154043,0.0,-0.0,0.7841041709246368,0.47997237932604736,0.0,799.2,0.0,0.0,1.0,888.0,-0.0,120,-34.962655542344834,0.0,120,-57.5876983084507,0.0,120,-31.82935203916637,0.0,120,-31.53558252753161,0.0,120,-33.34372111956472,0.0,120,-31.48046713519734,0.0,0.0,0.545764374899208,0.545764374899208,0.0,-19642.0598526225,-19642.0598526225,1964.751749637149,1964.751749637149,1964.751749637149,0.0,0.0,1244.751749637149,0.0,720
1964.20598526225,0.0,-19642.0598526225,1244.751749637149,33466.92593782748,0.0,-0.0,0.8112604159170843,0.47997237932604736,0.0,799.2,0.0,0.0,1.0,888.0,-0.0,120,-26.062670910966,0.0,120,-46.54202848966469,0.0,120,-49.45904919292904,0.0,120,-33.40379083324995,0.0,120,-15.831217610820937,0.0,120,-21.162296518453026,0.0,0.0,0.545764374899208,0.545764374899208,0.0,-19642.0598526225,-19642.0598526225,1964.751749637149,1964.751749637149,1964.751749637149,0.0,0.0,1244.751749637149,0.0,720
1964.20598526225,0.0,-19642.0598526225,1244.751749637149,34587.20251250092,0.0,-0.0,0.8384166609095318,0.47997237932604736,0.0,799.2,0.0,0.0,1.0,888.0,-0.0,120,-16.59391257363755,0.0,120,-7.407280575424798,0.0,120,-47.990139787359816,0.0,120,-31.789352627735582,0.0,120,-50.38889673225859,0.0,120,-0.9573034180015383,0.0,0.0,0.545764374899208,0.545764374899208,0.0,-19642.0598526225,-19642.0598526225,1964.751749637149,1964.751749637149,1964.751749637149,0.0,0.0,1244.751749637149,0.0,720
1499.6416702098902,0.0,-14996.416702098903,780.0583530857473,35707.47908717435,0.0,-0.0,0.8655729059019793,0.47997237932604736,0.0,799.2,0.0,0.0,1.0,888.0,-0.0,120,-29.385424539402614,0.0,120,-17.89721682956977,0.0,120,-40.531338699842706,0.0,120,-11.200374641711699,0.0,120,-45.30676643486098,0.0,120,-23.683364430246495,0.0,0.0,0.416682875857152,0.416682875857152,0.0,-14996.416702098903,-14996.416702098903,1500.0583530857473,1500.0583530857473,1500.0583530857473,0.0,0.0,780.0583530857473,0.0,720
1499.6416702098902,0.0,-14996.416702098903,641.0583530857473,36409.531604951524,0.0,-0.0,0.8825911231898655,0.47997237932604736,0.0,799.2,0.0,0.0,1.0,888.0,-0.0,180,-47.24799520376584,0.0,203,-2.6221952082402367,0.0,118,-39.47641104050243,0.0,120,-8.999920614769978,0.0,120,-52.59434465183255,0.0,118,-15.904956999643705,0.0,0.0,0.416682875857152,0.416682875857152,0.0,-14996.416702098903,-14996.416702098903,1500.0583530857473,1500.0583530857473,1500.0583530857473,0.0,0.0,641.0583530857473,0.0,859
1499.6416702098902,0.0,-14996.416702098903,664.0583530857473,36986.484122728696,0.0,-0.0,0.8965768337509683,0.47997237932604736,0.0,799.2,0.0,0.0,1.0,888.0,-0.0,180,-19.72305904922517,0.0,180,-5.655183719663945,0.0,118,-6.379302154143522,0.0,120,-46.94088002417656,0.0,120,-15.190854358570721,0.0,118,-49.78344918916826,0.0,0.0,0.416682875857152,0.416682875857152,0.0,-14996.416702098903,-14996.416702098903,1500.0583530857473,1500.0583530857473,1500.0583530857473,0.0,0.0,664.0583530857473,0.0,836
1499.6416702098902,0.0,-14996.416702098903,664.0583530857473,37584.136640505865,0.0,-0.0,0.9110643260006754,0.47997237932604736,0.0,799.2,0.0,0.0,1.0,888.0,-0.0,180,-11.306249940309963,0.0,180,-10.496258098763144,0.0,118,-27.03359888150837,0.0,120,-38.46458269863727,0.0,120,-51.77713480948021,0.0,118,-31.82709643998637,0.0,0.0,0.416682875857152,0.416682875857152,0.0,-14996.416702098903,-14996.416702098903,1500.0583530857473,1500.0583530857473,1500.0583530857473,0.0,0.0,664.0583530857473,0.0,836
1499.6416702098902,0.0,-14996.416702098903,664.0583530857473,38181.789158283034,0.0,-0.0,0.9255518182503826,0.47997237932604736,0.0,799.2,0.0,0.0,1.0,888.0,-0.0,180,-29.806348943654733,0.0,180,-13.62986152018303,0.0,118,-23.264587900880905,0.0,120,-20.59162375763907,0.0,120,-9.167006121036621,0.0,118,-3.480651025092938,0.0,0.0,0.416682875857152,0.416682875857152,0.0,-14996.416702098903,-14996.416702098903,1500.0583530857473,1500.0583530857473,1500.0583530857473,0.0,0.0,664.0583530857473,0.0,836
1499.6416702098902,0.0,-14996.416702098903,643.0583530857473,38779.4416760602,0.0,-0.0,0.9400393105000898,0.47997237932604736,0.0,799.2,0.0,0.0,1.0,888.0,-0.0,180,-52.66376644223594,0.0,203,-47.06955182271178,0.0,118,-6.99445636234022,0.0,118,-36.48749210198664,0.0,120,-54.450304558808824,0.0,118,-22.236379362304138,0.0,0.0,0.416682875857152,0.416682875857152,0.0,-14996.416702098903,-14996.416702098903,1500.0583530857473,1500.0583530857473,1500.0583530857473,0.0,0.0,643.0583530857473,0.0,857
838.0145290064369,0.0,-8380.145290064369,0.0,39358.19419383738,18.752624500368825,-0.0,0.954068654251506,0.47997237932604736,0.0,799.2,0.0,0.0,1.0,888.0,-0.0,180,-16.822690905872665,0.0,203,-19.753416335164275,0.0,118,-1.5891853600646955,0.0,118,-33.22125518965753,0.0,120,-7.363009797672575,0.0,118,-58.834026150428635,0.0,0.0,0.232846493194342,0.232846493194342,0.0,-8380.145290064369,-8380.145290064369,857.0,857.0,838.2473754996312,0.0,18.752624500368825,0.0,0.0,857
838.0145290064369,0.0,-8380.145290064369,0.0,39337.35794439253,18.752624500368825,-0.0,0.9535635697862586,0.47997237932604736,0.0,799.2,0.0,0.0,1.0,888.0,-0.0,180,-23.702689615444704,0.0,203,-22.008957973957493,0.0,118,-42.525711436470125,0.0,118,-30.496836697217116,0.0,120,-58.34406224383041,0.0,118,-5.042832989794553,0.0,0.0,0.232846493194342,0.232846493194342,0.0,-8380.145290064369,-8380.145290064369,857.0,857.0,838.2473754996312,0.0,18.752624500368825,0.0,0.0,857
838.0145290064369,0.0,-8380.145290064369,0.0,39316.521694947674,18.752624500368825,-0.0,0.9530584853210112,0.47997237932604736,0.0,799.2,0.0,0.0,1.0,888.0,-0.0,180,-39.58486558233164,0.0,203,-51.501060940862665,0.0,118,-37.51795458895346,0.0,118,-29.74232837858554,0.0,120,-30.615857602439547,0.0,118,-20.108841163405287,0.0,0.0,0.232846493194342,0.232846493194342,0.0,-8380.145290064369,-8380.145290064369,857.0,857.0,838.2473754996312,0.0,18.752624500368825,0.0,0.0,857
838.0145290064369,0.0,-8380.145290064369,0.0,39295.68544550282,20.752624500368825,-0.0,0.9525534008557638,0.47997237932604736,0.0,799.2,0.0,0.0,1.0,888.0,-0.0,180,-10.342224339036248,0.0,203,-54.45277255729789,0.0,118,-17.013732622452494,0.0,120,-19.283182261587285,0.0,120,-4.79403789201525,0.0,118,-53.49398784626174,0.0,0.0,0.232846493194342,0.232846493194342,0.0,-8380.145290064369,-8380.145290064369,859.0,859.0,838.2473754996312,0.0,20.752624500368825,0.0,0.0,859
838.0145290064369,0.0,-8380.145290064369,0.0,39272.626973835744,20.752624500368825,-0.0,0.9519944482543268,0.47997237932604736,0.0,799.2,0.0,0.0,1.0,888.0,-0.0,180,-49.143774591197584,0.0,203,-42.52366332474636,0.0,118,-23.59021718747889,0.0,120,-46.62404301856652,0.0,120,-22.167453049139468,0.0,118,-49.33021025180351,0.0,0.0,0.232846493194342,0.232846493194342,0.0,-8380.145290064369,-8380.145290064369,859.0,859.0,838.2473754996312,0.0,20.752624500368825,0.0,0.0,859
838.0145290064369,0.0,-8380.145290064369,0.0,39249.568502168666,20.752624500368825,-0.0,0.9514354956528899,0.47997237932604736,0.0,799.2,0.0,0.0,1.0,888.0,-0.0,180,-1.1672360332069442,0.0,203,-12.9981946092603,0.0,118,-44.199105254975265,0.0,120,-26.165670984246102,0.0,120,-36.881919566651625,0.0,118,-13.48046298586388,0.0,0.0,0.232846493194342,0.232846493194342,0.0,-8380.145290064369,-8380.145290064369,859.0,859.0,838.2473754996312,0.0,20.752624500368825,0.0,0.0,859
224.19427773342622,0.0,-2241.9427773342622,0.0,39226.51003050159,634.7434287745667,-0.0,0.950876543051453,0.47997237932604736,0.0,799.2,0.0,0.0,1.0,888.0,-0.0,180,-38.082236365704894,0.0,203,-0.723514890775776,0.0,118,-14.314006991001573,0.0,120,-39.080261085799464,0.0,120,-10.260641619629363,0.0,118,-46.02768769957152,0.0,0.0,0.0622934920070648,0.0622934920070648,0.0,-2241.9427773342622,-2241.9427773342622,859.0,859.0,224.25657122543328,0.0,634.7434287745667,0.0,0.0,859
224.19427773342622,0.0,-2241.9427773342622,0.0,38521.239554085405,634.7434287745667,-0.0,0.9337803203181685,0.47997237932604736,0.0,799.2,0.0,0.0,1.0,888.0,-0.0,180,-46.44240198731973,0.0,203,-37.330827343606174,0.0,118,-25.923352082572407,0.0,120,-28.5328719077593,0.0,120,-5.103344843300852,0.0,118,-45.90398432711363,0.0,0.0,0.0622934920070648,0.0622934920070648,0.0,-2241.9427773342622,-2241.9427773342622,859.0,859.0,224.25657122543328,0.0,634.7434287745667,0.0,0.0,859
224.19427773342622,0.0,-2241.9427773342622,0.0,37815.96907766922,634.7434287745667,-0.0,0.9166840975848841,0.47997237932604736,0.0,799.2,0.0,0.0,1.0,888.0,-0.0,180,-23.23983697401991,0.0,203,-5.7231019244077235,0.0,118,-38.28418934622022,0.0,120,-57.65443823783053,0.0,120,-59.07499075125618,0.0,118,-20.95103127426176,0.0,0.0,0.0622934920070648,0.0622934920070648,0.0,-2241.9427773342622,-2241.9427773342622,859.0,859.0,224.25657122543328,0.0,634.7434287745667,0.0,0.0,859
224.19427773342622,0.0,-2241.9427773342622,0.0,37110.69860125304,634.7434287745667,-0.0,0.8995878748515996,0.47997237932604736,0.0,799.2,0.0,0.0,1.0,888.0,-0.0,180,-23.338935502301325,0.0,203,-28.554537715339862,0.0,118,-3.054806351384094,0.0,120,-23.14672669214418,0.0,120,-32.46794538236727,0.0,118,-41.29528689644317,0.0,0.0,0.0622934920070648,0.0622934920070648,0.0,-2241.9427773342622,-2241.9427773342622,859.0,859.0,224.25657122543328,0.0,634.7434287745667,0.0,0.0,859
224.19427773342622,0.0,-2241.9427773342622,0.0,36405.42812483686,634.7434287745667,-0.0,0.8824916521183152,0.47997237932604736,0.0,799.2,0.0,0.0,1.0,888.0,-0.0,180,-31.288580730197715,0.0,203,-49.26807358265882,0.0,118,-4.163248795810248,0.0,120,-58.198516323286604,0.0,120,-3.21794276018994,0.0,118,-28.15010557702696,0.0,0.0,0.0622934920070648,0.0622934920070648,0.0,-2241.9427773342622,-2241.9427773342622,859.0,859.0,224.25657122543328,0.0,634.7434287745667,0.0,0.0,859
224.19427773342622,0.0,-2241.9427773342622,0.0,35700.157648420674,634.7434287745667,-0.0,0.8653954293850308,0.47997237932604736,0.0,799.2,0.0,0.0,1.0,888.0,-0.0,180,-9.85826723786108,0.0,203,-30.667621700381083,0.0,118,-33.84233894667127,0.0,120,-0.19438391083835826,0.0,120,-32.95788124522684,0.0,118,-52.24919787568714,0.0,0.0,0.0622934920070648,0.0622934920070648,0.0,-2241.9427773342622,-2241.9427773342622,859.0,859.0,224.25657122543328,0.0,634.7434287745667,0.0,0.0,859
0.0,0.0,-0.0,0.0,34994.88717200449,716.0,-0.0,0.8482992066517463,0.47997237932604736,0.0,799.2,0.0,0.0,1.0,888.0,-0.0,120,-41.92813981144496,0.0,120,-28.847235999722937,0.0,118,-27.977729400528506,0.0,120,-5.890865208609721,0.0,120,-13.231046618104191,0.0,118,-27.456409001483337,0.0,0.0,0.0,0.0,0.0,0.0,0.0,716.0,716.0,0.0,0.0,716.0,0.0,0.0,716
0.0,0.0,-0.0,0.0,34199.33161644894,716.0,-0.0,0.8290144138959333,0.47997237932604736,0.0,799.2,0.0,0.0,1.0,888.0,-0.0,120,-45.704618139127554,0.0,120,-14.21684490245432,0.0,118,-31.338235156019355,0.0,120,-16.35466163537975,0.0,120,-11.574607684440553,0.0,118,-42.04736723734685,0.0,0.0,0.0,0.0,0.0,0.0,0.0,716.0,716.0,0.0,0.0,716.0,0.0,0.0,716
0.0,0.0,-0.0,0.0,33403.77606089338,716.0,-0.0,0.8097296211401203,0.47997237932604736,0.0,799.2,0.0,0.0,1.0,888.0,-0.0,120,-57.231064996857825,0.0,120,-54.23509423141709,0.0,118,-12.843265999462542,0.0,120,-49.85361340938441,0.0,120,-8.431910015055095,0.0,118,-45.92180751117285,0.0,0.0,0.0,0.0,0.0,0.0,0.0,716.0,716.0,0.0,0.0,716.0,0.0,0.0,716
0.0,0.0,-0.0,0.0,32608.220505337827,716.0,-0.0,0.7904448283843073,0.47997237932604736,0.0,799.2,0.0,0.0,1.0,888.0,-0.0,120,-49.890248954606626,0.0,120,-7.36772422718591,0.0,118,-1.5913304590686472,0.0,120,-6.03618463632573,0.0,120,-3.1761402552625406,0.0,118,-56.465752997017525,0.0,0.0,0.0,0.0,0.0,0.0,0.0,716.0,716.0,0.0,0.0,716.0,0.0,0.0,716
0.0,0.0,-0.0,0.0,31812.664949782273,716.0,-0.0,0.7711600356284942,0.47997237932604736,0.0,799.2,0.0,0.0,1.0,888.0,-0.0,120,-20.931016316581214,0.0,120,-9.538182215308497,0.0,118,-37.17075406658011,0.0,120,-33.4812750394908,0.0,120,-53.24299079840027,0.0,118,-16.047573845124475,0.0,0.0,0.0,0.0,0.0,0.0,0.0,716.0,716.0,0.0,0.0,716.0,0.0,0.0,716
0.0,0.0,-0.0,0.0,31017.109394226718,716.0,-0.0,0.7518752428726813,0.47997237932604736,0.0,799.2,0.0,0.0,1.0,888.0,-0.0,120,-11.627326709499187,0.0,120,-40.404928154956984,0.0,118,-18.256003022207906,0.0,120,-2.128235965134644,0.0,120,-2.2273622769078805,0.0,118,-34.37332122030163,0.0,0.0,0.0,0.0,0.0,0.0,0.0,716.0,716.0,0.0,0.0,716.0,0.0,0.0,716
0.0,0.0,-0.0,0.0,30221.553838671163,716.0,-0.0,0.7325904501168682,0.47997237932604736,0.0,799.2,0.0,0.0,1.0,888.0,-0.0,120,-9.117341171818751,0.0,120,-57.444422385701984,0.0,118,-13.197334755431946,0.0,120,-25.22881555655602,0.0,120,-48.934962402625494,0.0,118,-7.613014115470367,0.0,0.0,0.0,0.0,0.0,0.0,0.0,716.0,716.0,0.0,0.0,716.0,0.0,0.0,716
0.0,0.0,-0.0,0.0,29425.99828311561,716.0,-0.0,0.7133056573610551,0.47997237932604736,0.0,799.2,0.0,0.0,1.0,888.0,-0.0,120,-7.2302929904584445,0.0,120,-51.809468460905414,0.0,118,-11.79490486289719,0.0,120,-17.962285524810927,0.0,120,-37.385793904626986,0.0,118,-0.540884901875589,0.0,0.0,0.0,0.0,0.0,0.0,0.0,716.0,716.0,0.0,0.0,716.0,0.0,0.0,716
0.0,0.0,-0.0,0.0,28630.442727560054,716.0,-0.0,0.6940208646052421,0.47997237932604736,0.0,799.2,0.0,0.0,1.0,888.0,-0.0,120,-17.697136159355075,0.0,120,-36.29352920431451,0.0,118,-12.49415111655276,0.0,120,-17.05904541041055,0.0,120,-4.69080270829555,0.0,118,-22.674353116582854,0.0,0.0,0.0,0.0,0.0,0.0,0.0,716.0,716.0,0.0,0.0,716.0,0.0,0.0,716
0.0,0.0,-0.0,0.0,27834.8871720045,716.0,-0.0,0.6747360718494291,0.47997237932604736,0.0,799.2,0.0,0.0,1.0,888.0,-0.0,120,-18.093372676553482,0.0,120,-30.89887209219126,0.0,118,-29.77673018951619,0.0,120,-58.18114123103379,0.0,120,-5.4477845405569925,0.0,118,-54.660446405415094,0.0,0.0,0.0,0.0,0.0,0.0,0.0,716.0,716.0,0.0,0.0,716.0,0.0,0.0,716
0.0,0.0,-0.0,0.0,27039.331616448944,716.0,-0.0,0.6554512790936161,0.47997237932604736,0.0,799.2,0.0,0.0,1.0,888.0,-0.0,120,-52.50667603193413,0.0,120,-43.41011576239724,0.0,118,-22.917850057832432,0.0,120,-41.55512493444996,0.0,120,-4.419680901935534,0.0,118,-8.033532745804559,0.0,0.0,0.0,0.0,0.0,0.0,0.0,716.0,716.0,0.0,0.0,716.0,0.0,0.0,716
0.0,0.0,-0.0,0.0,26243.77606089339,716.0,-0.0,0.636166486337803,0.47997237932604736,0.0,799.2,0.0,0.0,1.0,888.0,-0.0,120,-45.68438207228023,0.0,120,-5.4844057911428905,0.0,118,-16.339230826954385,0.0,120,-35.69269472175542,0.0,120,-14.348341431594429,0.0,118,-37.3981075558074,0.0,0.0,0.0,0.0,0.0,0.0,0.0,716.0,716.0,0.0,0.0,716.0,0.0,0.0,716
0.0,0.0,-0.0,0.0,25448.220505337835,716.0,-0.0,0.6168816935819901,0.47997237932604736,0.0,799.2,0.0,0.0,1.0,888.0,-0.0,120,-3.743727892751314,0.0,120,-56.20837489318891,0.0,118,-49.39686041247242,0.0,120,-44.508544305384575,0.0,120,-42.564017187036534,0.0,118,-9.909916164830987,0.0,0.0,0.0,0.0,0.0,0.0,0.0,716.0,716.0,0.0,0.0,716.0,0.0,0.0,716
0.0,0.0,-0.0,0.0,24652.66494978228,716.0,-0.0,0.597596900826177,0.47997237932604736,0.0,799.2,0.0,0.0,1.0,888.0,-0.0,120,-10.29165264387423,0.0,120,-33.854385883803836,0.0,118,-19.003879291612254,0.0,120,-24.409910353624994,0.0,120,-21.927863674222483,0.0,118,-24.114497282660878,0.0,0.0,0.0,0.0,0.0,0.0,0.0,716.0,716.0,0.0,0.0,716.0,0.0,0.0,716
0.0,0.0,-0.0,0.0,23857.109394226725,716.0,-0.0,0.5783121080703639,0.47997237932604736,0.0,799.2,0.0,0.0,1.0,888.0,-0.0,120,-28.652355673009865,0.0,120,-42.31098782884207,0.0,118,-42.390579135335656,0.0,120,-17.976390701797467,0.0,120,-41.2904241845038,0.0,118,-49.923763377438505,0.0,0.0,0.0,0.0,0.0,0.0,0.0,716.0,716.0,0.0,0.0,716.0,0.0,0.0,716
0.0,0.0,-0.0,0.0,23061.55383867117,716.0,-0.0,0.559027315314551,0.47997237932604736,0.0,799.2,0.0,0.0,1.0,888.0,-0.0,120,-40.079387862367774,0.0,120,-27.244448987023837,0.0,118,-59.252587084605445,0.0,120,-51.127251313409566,0.0,120,-33.4672563542851,0.0,118,-55.7041073161881,0.0,0.0,0.0,0.0,0.0,0.0,0.0,716.0,716.0,0.0,0.0,716.0,0.0,0.0,716
0.0,0.0,-0.0,0.0,22265.998283115616,716.0,-0.0,0.5397425225587379,0.47997237932604736,0.0,799.2,0.0,0.0,1.0,888.0,-0.0,120,-11.938313003065751,0.0,120,-20.835231173496098,0.0,118,-53.02518778311596,0.0,120,-56.60649877221918,0.0,120,-34.344456308816994,0.0,118,-28.626916154032063,0.0,0.0,0.0,0.0,0.0,0.0,0.0,716.0,716.0,0.0,0.0,716.0,0.0,0.0,716
0.0,0.0,-0.0,0.0,21470.44272756006,716.0,-0.0,0.5204577298029249,0.47997237932604736,0.0,799.2,0.0,0.0,1.0,888.0,-0.0,120,-4.805674152469472,0.0,120,-15.563182638012398,0.0,118,-30.049742676713063,0.0,120,-43.527240472800116,0.0,120,-52.5823815511517,0.0,118,-44.173819586701654,0.0,0.0,0.0,0.0,0.0,0.0,0.0,716.0,716.0,0.0,0.0,716.0,0.0,0.0,716
0.0,0.0,-0.0,0.0,20674.887172004506,716.0,-0.0,0.5011729370471119,0.47997237932604736,0.0,799.2,0.0,0.0,1.0,888.0,-0.0,120,-10.174864558269242,0.0,120,-41.59581172960983,0.0,118,-29.46228500981625,0.0,120,-33.86659838996581,0.0,120,-5.813560119194506,0.0,118,-58.171592016309496,0.0,0.0,0.0,0.0,0.0,0.0,0.0,716.0,716.0,0.0,0.0,716.0,0.0,0.0,716
0.0,0.0,-0.0,0.0,19879.33161644895,716.0,-0.0,0.48188814429129884,0.47997237932604736,0.0,799.2,0.0,0.0,1.0,888.0,-0.0,120,-4.652709982051631,0.0,120,-49.140448663124666,0.0,118,-10.44427228789843,0.0,120,-47.66029689280962,0.0,120,-53.20543587111671,0.0,118,-54.50047376780942,0.0,0.0,0.0,0.0,0.0,0.0,0.0,716.0,716.0,0.0,0.0,716.0,0.0,0.0,716
0.0,0.0,-0.0,0.0,19083.776060893397,716.0,-0.0,0.4626033515354858,0.47997237932604736,0.0,799.2,0.0,0.0,1.0,888.0,-0.0,120,-16.335068246741464,0.0,120,-26.42390475106327,0.0,118,-14.155381727830513,0.0,120,-12.5899986717026,0.0,120,-6.550388295929414,0.0,118,-58.64926648750897,0.0,0.0,0.0,0.0,0.0,0.0,0.0,716.0,716.0,0.0,0.0,716.0,0.0,0.0,716
0.0,0.0,-0.0,0.0,18288.220505337842,716.0,-0.0,0.4433185587796728,0.47997237932604736,0.0,799.2,0.0,0.0,1.0,888.0,-0.0,120,-12.233670724335363,0.0,120,-6.400596666254379,0.0,118,-18.609358176059207,0.0,120,-2.726048720268679,0.0,120,-39.82170573156337,0.0,118,-21.04354371302361,0.0,0.0,0.0,0.0,0.0,0.0,0.0,716.0,716.0,0.0,0.0,716.0,0.0,0.0,716
0.0,0.0,-0.0,0.0,17492.664949782287,716.0,-0.0,0.4240337660238598,0.47997237932604736,0.0,799.2,0.0,0.0,1.0,888.0,-0.0,120,-8.249863972528724,0.0,120,-25.975705916335404,0.0,118,-37.9498911479032,0.0,120,-29.995516416968037,0.0,120,-5.992506243797296,0.0,118,-0.19834137364418414,0.0,0.0,0.0,0.0,0.0,0.0,0.0,716.0,716.0,0.0,0.0,716.0,0.0,0.0,716
0.0,0.0,-0.0,0.0,16697.109394226733,716.0,-0.0,0.40474897326804676,0.47997237932604736,0.0,799.2,0.0,0.0,1.0,888.0,-0.0,120,-55.848162615089024,0.0,120,-0.46979668986356193,0.0,118,-52.72045528584947,0.0,120,-25.50833808681557,0.0,120,-57.9158726093204,0.0,118,-58.483904135105284,0.0,0.0,0.0,0.0,0.0,0.0,0.0,716.0,716.0,0.0,0.0,716.0,0.0,0.0,716
0.0,0.0,-0.0,0.0,15901.553838671178,716.0,-0.0,0.38546418051223375,0.47997237932604736,0.0,799.2,0.0,0.0,1.0,888.0,-0.0,120,-34.83147760093702,0.0,120,-32.89634624637456,0.0,118,-12.018675751776657,0.0,120,-25.783095325401245,0.0,120,-49.34995040257359,0.0,118,-11.977560647687982,0.0,0.0,0.0,0.0,0.0,0.0,0.0,716.0,716.0,0.0,0.0,716.0,0.0,0.0,716
0.0,0.0,-0.0,0.0,15105.998283115623,716.0,-0.0,0.36617938775642067,0.47997237932604736,0.0,799.2,0.0,0.0,1.0,888.0,-0.0,120,-56.930339924453826,0.0,120,-53.925122420325664,0.0,118,-48.50157441428242,0.0,120,-20.4321461728415,0.0,120,-37.81460870379503,0.0,118,-29.760995004194935,0.0,0.0,0.0,0.0,0.0,0.0,0.0,716.0,716.0,0.0,0.0,716.0,0.0,0.0,716
0.0,0.0,-0.0,0.0,14310.442727560068,716.0,-0.0,0.34689459500060765,0.47997237932604736,0.0,799.2,0.0,0.0,1.0,888.0,-0.0,120,-10.534656138305461,0.0,120,-22.257992773165128,0.0,118,-1.1429788579260025,0.0,120,-40.74488273693166,0.0,120,-4.230811262117751,0.0,118,-15.163412077762262,0.0,0.0,0.0,0.0,0.0,0.0,0.0,716.0,716.0,0.0,0.0,716.0,0.0,0.0,716
0.0,0.0,-0.0,0.0,13514.887172004514,716.0,-0.0,0.32760980224479463,0.47997237932604736,0.0,799.2,0.0,0.0,1.0,888.0,-0.0,120,-58.38093241989367,0.0,120,-53.92744273915848,0.0,118,-42.663689401370746,0.0,120,-22.05784190821117,0.0,120,-50.63631156065402,0.0,118,-41.254895192502254,0.0,0.0,0.0,0.0,0.0,0.0,0.0,716.0,716.0,0.0,0.0,716.0,0.0,0.0,716
0.0,0.0,-0.0,0.0,12719.331616448959,716.0,-0.0,0.3083250094889816,0.47997237932604736,0.0,799.2,0.0,0.0,1.0,888.0,-0.0,120,-9.92485293194184,0.0,120,-49.64966624634674,0.0,118,-53.12870249441057,0.0,120,-53.679070953703246,0.0,120,-34.70546017891199,0.0,118,-45.83747108175313,0.0,0.0,0.0,0.0,0.0,0.0,0.0,716.0,716.0,0.0,0.0,716.0,0.0,0.0,716
0.0,0.0,-0.0,0.0,11923.776060893404,716.0,-0.0,0.2890402167331686,0.47997237932604736,0.0,799.2,0.0,0.0,1.0,888.0,-0.0,120,-35.78551606116799,0.0,120,-21.96420634695309,0.0,118,-1.7411454088219314,0.0,120,-57.204916674006796,0.0,120,-1.7119838932247444,0.0,118,-1.4142732685509651,0.0,0.0,0.0,0.0,0.0,0.0,0.0,716.0,716.0,0.0,0.0,716.0,0.0,0.0,716
0.0,0.0,-0.0,0.0,11128.22050533785,716.0,-0.0,0.2697554239773556,0.47997237932604736,0.0,799.2,0.0,0.0,1.0,888.0,-0.0,120,-35.83423620241263,0.0,120,-46.133399605714494,0.0,118,-52.18161839648449,0.0,120,-23.301637904155964,0.0,120,-30.976999370456735,0.0,118,-26.885348680859888,0.0,0.0,0.0,0.0,0.0,0.0,0.0,716.0,716.0,0.0,0.0,716.0,0.0,0.0,716
0.0,0.0,-0.0,0.0,10332.664949782295,716.0,-0.0,0.25047063122154256,0.47997237932604736,0.0,799.2,0.0,0.0,1.0,888.0,-0.0,120,-48.511709936136405,0.0,120,-52.11947500786017,0.0,118,-19.452958335001117,0.0,120,-14.891137434043472,0.0,120,-57.019928314377744,0.0,118,-35.79382074375276,0.0,0.0,0.0,0.0,0.0,0.0,0.0,716.0,716.0,0.0,0.0,716.0,0.0,0.0,716
0.0,0.0,-0.0,0.0,9537.10939422674,716.0,-0.0,0.23118583846572952,0.47997237932604736,0.0,799.2,0.0,0.0,1.0,888.0,-0.0,120,-12.054432724195488,0.0,120,-52.595031157905424,0.0,118,-12.578351873225337,0.0,120,-47.226923808220974,0.0,120,-0.8090705224118611,0.0,118,-47.34704549517889,0.0,0.0,0.0,0.0,0.0,0.0,0.0,716.0,716.0,0.0,0.0,716.0,0.0,0.0,716
0.0,0.0,-0.0,0.0,8741.553838671185,716.0,-0.0,0.2119010457099165,0.47997237932604736,0.0,799.2,0.0,0.0,1.0,888.0,-0.0,120,-31.547951470207977,0.0,120,-0.4751668109386964,0.0,118,-14.729577284615694,0.0,120,-38.63588754134774,0.0,120,-29.087307906834177,0.0,118,-37.64987962801443,0.0,0.0,0.0,0.0,0.0,0.0,0.0,716.0,716.0,0.0,0.0,716.0,0.0,0.0,716
0.0,0.0,-0.0,0.0,7945.998283115629,716.0,-0.0,0.19261625295410345,0.47997237932604736,0.0,799.2,0.0,0.0,1.0,888.0,-0.0,120,-49.287663586295146,0.0,120,-34.90905262016217,0.0,118,-20.43940998578736,0.0,120,-27.732622735508915,0.0,120,-45.158795638287835,0.0,118,-37.35592083573719,0.0,0.0,0.0,0.0,0.0,0.0,0.0,716.0,716.0,0.0,0.0,716.0,0.0,0.0,716
0.0,0.0,-0.0,0.0,7150.442727560074,716.0,-0.0,0.1733314601982904,0.47997237932604736,0.0,799.2,0.0,0.0,1.0,888.0,-0.0,120,-42.36860167917282,0.0,120,-52.70337881866475,0.0,118,-26.646573524611533,0.0,120,-5.846323327133023,0.0,120,-18.952923694179223,0.0,118,-26.299460606482924,0.0,0.0,0.0,0.0,0.0,0.0,0.0,716.0,716.0,0.0,0.0,716.0,0.0,0.0,716
0.0,0.0,-0.0,0.0,6354.887172004518,716.0,-0.0,0.15404666744247736,0.47997237932604736,0.0,799.2,0.0,0.0,1.0,888.0,-0.0,120,-7.706827502193279,0.0,120,-10.783045875034023,0.0,118,-34.78447913461703,0.0,120,-15.656938395399813,0.0,120,-10.091222795096373,0.0,118,-56.04344021071826,0.0,0.0,0.0,0.0,0.0,0.0,0.0,716.0,716.0,0.0,0.0,716.0,0.0,0.0,716
0.0,0.0,-0.0,0.0,5559.331616448962,716.0,-0.0,0.1347618746866643,0.47997237932604736,0.0,799.2,0.0,0.0,1.0,888.0,-0.0,120,-7.869925115260276,0.0,120,-15.672504389130054,0.0,118,-37.406573039032985,0.0,120,-49.205455575787035,0.0,120,-56.93502633779792,0.0,118,-41.639512295902556,0.0,0.0,0.0,0.0,0.0,0.0,0.0,716.0,716.0,0.0,0.0,716.0,0.0,0.0,716
0.0,0.0,-0.0,0.0,4763.776060893407,718.0,-0.0,0.11547708193085125,0.47997237932604736,0.0,799.2,0.0,0.0,1.0,888.0,-0.0,120,-5.178149909389065,0.0,120,-15.6259317452257,0.0,120,-53.368095088303726,0.0,120,-4.47655874943141,0.0,120,-6.540839161523868,0.0,118,-25.7233217250648,0.0,0.0,0.0,0.0,0.0,0.0,0.0,718.0,718.0,0.0,0.0,718.0,0.0,0.0,718
0.0,0.0,-0.0,0.0,3965.998283115629,718.0,-0.0,0.09613842103884879,0.47997237932604736,0.0,799.2,0.0,0.0,1.0,888.0,-0.0,120,-19.98447966065884,0.0,120,-42.420396312403156,0.0,120,-31.040206986637124,0.0,120,-18.571019388443123,0.0,120,-36.45806934103967,0.0,118,-41.956016986658625,0.0,0.0,0.0,0.0,0.0,0.0,0.0,718.0,718.0,0.0,0.0,718.0,0.0,0.0,718
0.0,0.0,-0.0,0.0,3168.220505337851,718.0,-0.0,0.07679976014684632,0.47997237932604736,0.0,799.2,0.0,0.0,1.0,888.0,-0.0,120,-26.51812215228478,0.0,120,-42.68703116622524,0.0,120,-35.44368868471504,0.0,120,-50.85758612081026,0.0,120,-20.6112550888827,0.0,118,-45.397268658548356,0.0,0.0,0.0,0.0,0.0,0.0,0.0,718.0,718.0,0.0,0.0,718.0,0.0,0.0,718
0.0,0.0,-0.0,0.0,2370.4427275600733,718.0,-0.0,0.05746109925484385,0.47997237932604736,0.0,799.2,0.0,0.0,1.0,888.0,-0.0,120,-30.608546020492348,0.0,120,-17.50574169322134,0.0,120,-48.00505021330068,0.0,120,-42.32765439091813,0.0,120,-6.474277404120247,0.0,118,-49.013901058038996,0.0,0.0,0.0,0.0,0.0,0.0,0.0,718.0,718.0,0.0,0.0,718.0,0.0,0.0,718
0.0,0.0,-0.0,0.0,1572.6649497822955,718.0,-0.0,0.038122438362841383,0.47997237932604736,0.0,799.2,0.0,0.0,1.0,888.0,-0.0,120,-28.621860828218406,0.0,120,-7.486617450810115,0.0,120,-47.58812181653432,0.0,120,-15.009196001455825,0.0,120,-22.524530674103083,0.0,118,-10.771650000164586,0.0,0.0,0.0,0.0,0.0,0.0,0.0,718.0,718.0,0.0,0.0,718.0,0.0,0.0,718
0.0,0.0,-0.0,0.0,774.8871720045178,697.398454804066,-0.0,0.018783777470838914,0.47997237932604736,9.888172665485554,799.2,0.0,20.601545195934023,1.0,888.0,-18294.172133989414,120,-2.8537641731159513,0.0,120,-17.435493909219623,0.0,120,-53.06389420573912,0.0,120,-30.30773089744293,0.0,120,-55.080774397331176,0.0,118,-35.81143660086271,0.0,0.0,0.0,0.0,0.0,-18294.172133989414,-18294.172133989414,718.0,718.0,0.0,0.0,718.0,0.0,0.0,718
0.0,0.0,-0.0,0.0,0.0,0.0,-0.0,0.0,0.47997237932604736,345.5801131147541,799.2,0.0,720.0,1.0,888.0,-639360.0,120,-14.292926160130966,0.0,120,-25.053380016869056,0.0,120,-10.88666621893855,0.0,120,-13.488478946096542,0.0,120,-35.74523253224084,0.0,120,-38.05424160459176,0.0,0.0,0.0,0.0,0.0,-639360.0,-639360.0,720.0,720.0,0.0,0.0,720.0,0.0,0.0,720
0.0,0.0,-0.0,0.0,0.0,0.0,-0.0,0.0,0.47997237932604736,345.5801131147541,799.2,0.0,720.0,1.0,888.0,-639360.0,120,-21.280409955534154,0.0,120,-8.778512682161622,0.0,120,-27.14163273550817,0.0,120,-50.18016161425967,0.0,120,-32.811915206533165,0.0,120,-25.00689635125305,0.0,0.0,0.0,0.0,0.0,-639360.0,-639360.0,720.0,720.0,0.0,0.0,720.0,0.0,0.0,720
0.0,0.0,-0.0,0.0,0.0,0.0,-0.0,0.0,0.47997237932604736,345.5801131147541,799.2,0.0,720.0,1.0,888.0,-639360.0,120,-19.350383666116358,0.0,120,-22.215642901412558,0.0,120,-56.96459959662864,0.0,120,-33.84056362662554,0.0,120,-9.503357603276257,0.0,120,-10.683024476058849,0.0,0.0,0.0,0.0,0.0,-639360.0,-639360.0,720.0,720.0,0.0,0.0,720.0,0.0,0.0,720
0.0,0.0,-0.0,0.0,0.0,0.0,-0.0,0.0,0.47997237932604736,345.5801131147541,799.2,0.0,720.0,1.0,888.0,-639360.0,120,-33.76558056770415,0.0,120,-10.491142320688159,0.0,120,-7.257902520596398,0.0,120,-41.81617991954654,0.0,120,-44.80016034572671,0.0,120,-51.020588798675085,0.0,0.0,0.0,0.0,0.0,-639360.0,-639360.0,720.0,720.0,0.0,0.0,720.0,0.0,0.0,720
0.0,0.0,-0.0,0.0,0.0,0.0,-0.0,0.0,0.47997237932604736,345.5801131147541,799.2,0.0,720.0,1.0,888.0,-639360.0,120,-3.5494895392235204,0.0,120,-51.200575060413826,0.0,120,-32.20946496716563,0.0,120,-50.20112618661538,0.0,120,-54.63930541688794,0.0,120,-15.617153107872213,0.0,0.0,0.0,0.0,0.0,-639360.0,-639360.0,720.0,720.0,0.0,0.0,720.0,0.0,0.0,720
0.0,0.0,-0.0,0.0,0.0,0.0,-0.0,0.0,0.47997237932604736,345.5801131147541,799.2,0.0,720.0,1.0,888.0,-639360.0,120,-21.19791236631491,0.0,120,-22.034387253696142,0.0,120,-33.234777820015665,0.0,120,-55.85160465821786,0.0,120,-8.207669365956605,0.0,120,-14.040935379523196,0.0,0.0,0.0,0.0,0.0,-639360.0,-639360.0,720.0,720.0,0.0,0.0,720.0,0.0,0.0,720
0.0,0.0,-0.0,0.0,0.0,0.0,-0.0,0.0,0.47997237932604736,345.5801131147541,799.2,0.0,720.0,1.0,888.0,-639360.0,120,-4.376421216970714,0.0,120,-35.18651953493916,0.0,120,-48.49582654593855,0.0,120,-49.427846391018726,0.0,120,-17.069395248278767,0.0,120,-50.628576746651035,0.0,0.0,0.0,0.0,0.0,-639360.0,-639360.0,720.0,720.0,0.0,0.0,720.0,0.0,0.0,720
0.0,0.0,-0.0,0.0,0.0,0.0,-0.0,0.0,0.47997237932604736,345.5801131147541,799.2,0.0,720.0,1.0,888.0,-639360.0,120,-17.602933573269397,0.0,120,-41.67305081219153,0.0,120,-22.509948046398073,0.0,120,-17.496378270087845,0.0,120,-12.631797835231762,0.0,120,-3.1231176199272137,0.0,0.0,0.0,0.0,0.0,-639360.0,-639360.0,720.0,720.0,0.0,0.0,720.0,0.0,0.0,720
0.0,0.0,-0.0,0.0,0.0,0.0,-0.0,0.0,0.47997237932604736,345.5801131147541,799.2,0.0,720.0,1.0,888.0,-639360.0,120,-48.684424945558824,0.0,120,-21.564644262325324,0.0,120,-51.86531357414263,0.0,120,-19.430864578288567,0.0,120,-47.12403612140737,0.0,120,-46.83757410664933,0.0,0.0,0.0,0.0,0.0,-639360.0,-639360.0,720.0,720.0,0.0,0.0,720.0,0.0,0.0,720
0.0,0.0,-0.0,0.0,0.0,0.0,-0.0,0.0,0.47997237932604736,345.5801131147541,799.2,0.0,720.0,1.0,888.0,-639360.0,120,-57.484281629986626,0.0,120,-0.06181984119810302,0.0,120,-10.726838673013521,0.0,120,-6.654963865866462,0.0,120,-38.11101727224959,0.0,120,-12.18932663256168,0.0,0.0,0.0,0.0,0.0,-639360.0,-639360.0,720.0,720.0,0.0,0.0,720.0,0.0,0.0,720
0.0,0.0,-0.0,0.0,0.0,0.0,-0.0,0.0,0.47997237932604736,345.5801131147541,799.2,0.0,720.0,1.0,888.0,-639360.0,120,-57.44541839935466,0.0,120,-46.13696461477776,0.0,120,-41.9302179597368,0.0,120,-59.149604534648674,0.0,120,-26.115537681140005,0.0,120,-56.39108978945243,0.0,0.0,0.0,0.0,0.0,-639360.0,-639360.0,720.0,720.0,0.0,0.0,720.0,0.0,0.0,720
0.0,0.0,-0.0,0.0,0.0,0.0,-0.0,0.0,0.47997237932604736,345.5801131147541,799.2,0.0,720.0,1.0,888.0,-639360.0,120,-6.853352161432493,0.0,120,-33.71918834498446,0.0,120,-23.32363343313054,0.0,120,-53.42190775742614,0.0,120,-33.417493050385694,0.0,120,-37.88475057288724,0.0,0.0,0.0,0.0,0.0,-639360.0,-639360.0,720.0,720.0,0.0,0.0,720.0,0.0,0.0,720
0.0,0.0,-0.0,0.0,0.0,0.0,-0.0,0.0,0.47997237932604736,345.5801131147541,799.2,0.0,720.0,1.0,888.0,-639360.0,120,-17.87043204122811,0.0,120,-21.042226093362594,0.0,120,-28.285910997633398,0.0,120,-57.59490616275148,0.0,120,-42.05268275766761,0.0,120,-48.24507567823672,0.0,0.0,0.0,0.0,0.0,-639360.0,-639360.0,720.0,720.0,0.0,0.0,720.0,0.0,0.0,720
0.0,0.0,-0.0,0.0,0.0,0.0,-0.0,0.0,0.47997237932604736,345.5801131147541,799.2,0.0,720.0,1.0,888.0,-639360.0,120,-3.1535023832700304,0.0,120,-19.134335285605623,0.0,120,-27.348172182485516,0.0,120,-14.333144940381285,0.0,120,-7.826307070324445,0.0,120,-24.163285405991864,0.0,0.0,0.0,0.0,0.0,-639360.0,-639360.0,720.0,720.0,0.0,0.0,720.0,0.0,0.0,720
0.0,0.0,-0.0,0.0,0.0,0.0,-0.0,0.0,0.47997237932604736,345.5801131147541,799.2,0.0,720.0,1.0,888.0,-639360.0,120,-38.71482529513799,0.0,120,-34.99789167479125,0.0,120,-0.4895669318260176,0.0,120,-32.93507769263706,0.0,120,-16.127185335631545,0.0,120,-27.35557264004125,0.0,0.0,0.0,0.0,0.0,-639360.0,-639360.0,720.0,720.0,0.0,0.0,720.0,0.0,0.0,720
0.0,0.0,-0.0,0.0,0.0,0.0,-0.0,0.0,0.47997237932604736,345.5801131147541,799.2,0.0,720.0,1.0,888.0,-639360.0,120,-43.25521600136735,0.0,120,-55.374601920948585,0.0,120,-7.989467212526799,0.0,120,-48.62776581648711,0.0,120,-54.19196330530502,0.0,120,-15.127072182986115,0.0,0.0,0.0,0.0,0.0,-639360.0,-639360.0,720.0,720.0,0.0,0.0,720.0,0.0,0.0,720
0.0,0.0,-0.0,0.0,0.0,0.0,-0.0,0.0,0.47997237932604736,345.5801131147541,799.2,0.0,720.0,1.0,888.0,-639360.0,120,-23.90344335824443,0.0,120,-42.252545897317475,0.0,120,-47.99310364212658,0.0,120,-9.147439806587201,0.0,120,-39.976202785878485,0.0,120,-28.79125385302121,0.0,0.0,0.0,0.0,0.0,-639360.0,-639360.0,720.0,720.0,0.0,0.0,720.0,0.0,0.0,720
0.0,0.0,-0.0,0.0,0.0,0.0,-0.0,0.0,0.47997237932604736,345.5801131147541,799.2,0.0,720.0,1.0,888.0,-639360.0,120,-44.733223597951394,0.0,120,-18.176235169281664,0.0,120,-30.401106483126938,0.0,120,-53.67091671130242,0.0,120,-56.61081365906217,0.0,120,-15.576734230553866,0.0,0.0,0.0,0.0,0.0,-639360.0,-639360.0,720.0,720.0,0.0,0.0,720.0,0.0,0.0,720
0.0,0.0,-0.0,0.0,0.0,0.0,-0.0,0.0,0.47997237932604736,345.5801131147541,799.2,0.0,720.0,1.0,888.0,-639360.0,120,-1.5975445214484751,0.0,120,-23.33145414410271,0.0,120,-5.744772527885955,0.0,120,-4.086927116249854,0.0,120,-15.697799590489502,0.0,120,-26.821487282983114,0.0,0.0,0.0,0.0,0.0,-639360.0,-639360.0,720.0,720.0,0.0,0.0,720.0,0.0,0.0,720
0.0,0.0,-0.0,0.0,0.0,0.0,-0.0,0.0,0.47997237932604736,345.5801131147541,799.2,0.0,720.0,1.0,888.0,-639360.0,120,-56.45629817433828,0.0,120,-12.4693625062947,0.0,120,-3.8822531999017107,0.0,120,-30.030705424028987,0.0,120,-52.576537009528224,0.0,120,-37.59537092318813,0.0,0.0,0.0,0.0,0.0,-639360.0,-639360.0,720.0,720.0,0.0,0.0,720.0,0.0,0.0,720
0.0,0.0,-0.0,0.0,0.0,0.0,-0.0,0.0,0.47997237932604736,345.5801131147541,799.2,0.0,720.0,1.0,888.0,-639360.0,120,-50.19457194338255,0.0,120,-12.32383394189153,0.0,120,-59.06489918835814,0.0,120,-8.395344746769279,0.0,120,-18.7946287750946,0.0,120,-49.198829614439035,0.0,0.0,0.0,0.0,0.0,-639360.0,-639360.0,720.0,720.0,0.0,0.0,720.0,0.0,0.0,720
0.0,0.0,-0.0,0.0,0.0,0.0,-0.0,0.0,0.47997237932604736,345.5801131147541,799.2,0.0,720.0,1.0,888.0,-639360.0,120,-38.1540362491272,0.0,120,-17.606067291365,0.0,120,-25.13954473309401,0.0,120,-38.91720553722483,0.0,120,-45.408961465700095,0.0,120,-27.27728779318507,0.0,0.0,0.0,0.0,0.0,-639360.0,-639360.0,720.0,720.0,0.0,0.0,720.0,0.0,0.0,720
0.0,0.0,-0.0,0.0,0.0,0.0,-0.0,0.0,0.47997237932604736,345.5801131147541,799.2,0.0,720.0,1.0,888.0,-639360.0,120,-39.204784304863004,0.0,120,-28.79241300824034,0.0,120,-53.11383085075262,0.0,120,-50.07502037844362,0.0,120,-58.53449185169344,0.0,120,-42.41509895271179,0.0,0.0,0.0,0.0,0.0,-639360.0,-639360.0,720.0,720.0,0.0,0.0,720.0,0.0,0.0,720
0.0,0.0,-0.0,0.0,0.0,0.0,-0.0,0.0,0.47997237932604736,345.5801131147541,799.2,0.0,720.0,1.0,888.0,-639360.0,120,-10.538625546328728,0.0,120,-5.773688879452113,0.0,120,-3.121681468025266,0.0,120,-32.695442490812766,0.0,120,-4.148370751504493,0.0,120,-35.73370937489009,0.0,0.0,0.0,0.0,0.0,-639360.0,-639360.0,720.0,720.0,0.0,0.0,720.0,0.0,0.0,720
0.0,0.0,-0.0,0.0,0.0,0.0,-0.0,0.0,0.47997237932604736,345.5801131147541,799.2,0.0,720.0,1.0,888.0,-639360.0,120,-12.05239987645185,0.0,120,-19.994965382374783,0.0,120,-24.48470418980937,0.0,120,-48.53413242134093,0.0,120,-16.543495762280443,0.0,120,-10.548693772054529,0.0,0.0,0.0,0.0,0.0,-639360.0,-639360.0,720.0,720.0,0.0,0.0,720.0,0.0,0.0,720
0.0,0.0,-0.0,0.0,0.0,0.0,-0.0,0.0,0.47997237932604736,345.5801131147541,799.2,0.0,720.0,1.0,888.0,-639360.0,120,-58.672680050615,0.0,120,-26.61529035713682,0.0,120,-8.328152016969481,0.0,120,-54.76563757168553,0.0,120,-55.95774471826314,0.0,120,-17.510676410802212,0.0,0.0,0.0,0.0,0.0,-639360.0,-639360.0,720.0,720.0,0.0,0.0,720.0,0.0,0.0,720
0.0,0.0,-0.0,0.0,0.0,0.0,-0.0,0.0,0.47997237932604736,345.5801131147541,799.2,0.0,720.0,1.0,888.0,-639360.0,120,-38.53789282629365,0.0,120,-14.66932025181994,0.0,120,-18.24186570742849,0.0,120,-12.59507692843181,0.0,120,-28.88118198616248,0.0,120,-57.10592712346835,0.0,0.0,0.0,0.0,0.0,-639360.0,-639360.0,720.0,720.0,0.0,0.0,720.0,0.0,0.0,720
0.0,0.0,-0.0,0.0,0.0,0.0,-0.0,0.0,0.47997237932604736,345.5801131147541,799.2,0.0,720.0,1.0,888.0,-639360.0,120,-23.786039029750604,0.0,120,-8.704904272554243,0.0,120,-50.137575457514195,0.0,120,-14.036082068178972,0.0,120,-50.86078787562744,0.0,120,-33.50897099940154,0.0,0.0,0.0,0.0,0.0,-639360.0,-639360.0,720.0,720.0,0.0,0.0,720.0,0.0,0.0,720
0.0,0.0,-0.0,0.0,0.0,0.0,-0.0,0.0,0.47997237932604736,345.5801131147541,799.2,0.0,720.0,1.0,888.0,-639360.0,120,-3.688414225915062,0.0,120,-59.68261632894443,0.0,120,-40.00047453264537,0.0,120,-36.26735889907497,0.0,120,-59.33242057726782,0.0,120,-46.96517324930812,0.0,0.0,0.0,0.0,0.0,-639360.0,-639360.0,720.0,720.0,0.0,0.0,720.0,0.0,0.0,720
0.0,0.0,-0.0,0.0,0.0,0.0,-0.0,0.0,0.47997237932604736,345.5801131147541,799.2,0.0,720.0,1.0,888.0,-639360.0,120,-17.793004017398246,0.0,120,-34.68202246998769,0.0,120,-36.16556499022779,0.0,120,-28.319457051864013,0.0,120,-8.181904617110192,0.0,120,-15.182458266207043,0.0,0.0,0.0,0.0,0.0,-639360.0,-639360.0,720.0,720.0,0.0,0.0,720.0,0.0,0.0,720
0.0,0.0,-0.0,0.0,0.0,0.0,-0.0,0.0,0.47997237932604736,345.5801131147541,799.2,0.0,720.0,1.0,888.0,-639360.0,120,-36.737317747623536,0.0,120,-47.31859623673901,0.0,120,-40.1674456152811,0.0,120,-59.042473561597745,0.0,120,-4.478723122740201,0.0,120,-20.333354363039923,0.0,0.0,0.0,0.0,0.0,-639360.0,-639360.0,720.0,720.0,0.0,0.0,720.0,0.0,0.0,720
0.0,0.0,-0.0,0.0,0.0,0.0,-0.0,0.0,0.47997237932604736,345.5801131147541,799.2,0.0,720.0,1.0,888.0,-639360.0,120,-35.30649039076201,0.0,120,-43.22479445588983,0.0,120,-7.334755856623403,0.0,120,-0.11093893891809037,0.0,120,-50.24170370067767,0.0,120,-23.847877586571713,0.0,0.0,0.0,0.0,0.0,-639360.0,-639360.0,720.0,720.0,0.0,0.0,720.0,0.0,0.0,720
0.0,0.0,-0.0,0.0,0.0,0.0,-0.0,0.0,0.47997237932604736,345.5801131147541,799.2,0.0,720.0,1.0,888.0,-639360.0,120,-44.152221054746896,0.0,120,-20.460333433551373,0.0,120,-14.977420891602414,0.0,120,-5.850268151487024,0.0,120,-59.07185574031493,0.0,120,-21.5093521014351,0.0,0.0,0.0,0.0,0.0,-639360.0,-639360.0,720.0,720.0,0.0,0.0,720.0,0.0,0.0,720
0.0,0.0,-0.0,0.0,0.0,0.0,-0.0,0.0,0.47997237932604736,345.5801131147541,799.2,0.0,720.0,1.0,888.0,-639360.0,120,-7.613046000805306,0.0,120,-59.83377343063989,0.0,120,-36.77642013606339,0.0,120,-51.79029729660919,0.0,120,-9.028790522483552,0.0,120,-22.41802911586222,0.0,0.0,0.0,0.0,0.0,-639360.0,-639360.0,720.0,720.0,0.0,0.0,720.0,0.0,0.0,720
0.0,0.0,-0.0,0.0,0.0,0.0,-0.0,0.0,0.47997237932604736,345.5801131147541,799.2,0.0,720.0,1.0,888.0,-639360.0,120,-22.860324293199415,0.0,120,-47.488070732305935,0.0,120,-10.308001727494684,0.0,120,-18.716708558174098,0.0,120,-0.13361736721584805,0.0,120,-57.456487216120586,0.0,0.0,0.0,0.0,0.0,-639360.0,-639360.0,720.0,720.0,0.0,0.0,720.0,0.0,0.0,720
0.0,0.0,-0.0,0.0,0.0,0.0,-0.0,0.0,0.47997237932604736,345.5801131147541,799.2,0.0,720.0,1.0,888.0,-639360.0,120,-14.772906740873218,0.0,120,-54.18846851720224,0.0,120,-45.67738561720085,0.0,120,-34.198373241795785,0.0,120,-6.957738422008886,0.0,120,-21.663974459522592,0.0,0.0,0.0,0.0,0.0,-639360.0,-639360.0,720.0,720.0,0.0,0.0,720.0,0.0,0.0,720
0.0,0.0,-0.0,0.0,0.0,0.0,-0.0,0.0,0.47997237932604736,345.5801131147541,799.2,0.0,720.0,1.0,888.0,-639360.0,120,-7.487389663487239,0.0,120,-29.462468502869346,0.0,120,-14.352216628601415,0.0,120,-19.843631166208084,0.0,120,-23.51951767495166,0.0,120,-38.21776681853473,0.0,0.0,0.0,0.0,0.0,-639360.0,-639360.0,720.0,720.0,0.0,0.0,720.0,0.0,0.0,720
0.0,0.0,-0.0,0.0,0.0,0.0,-0.0,0.0,0.47997237932604736,345.5801131147541,799.2,0.0,720.0,1.0,888.0,-639360.0,120,-5.22302145673919,0.0,120,-44.230622179549364,0.0,120,-53.22865165089845,0.0,120,-49.35224862031667,0.0,120,-10.388445048470519,0.0,120,-52.15825303753159,0.0,0.0,0.0,0.0,0.0,-639360.0,-639360.0,720.0,720.0,0.0,0.0,720.0,0.0,0.0,720
0.0,0.0,-0.0,0.0,0.0,0.0,-0.0,0.0,0.47997237932604736,345.5801131147541,799.2,0.0,720.0,1.0,888.0,-639360.0,120,-4.976738907707765,0.0,120,-3.736925793445447,0.0,120,-50.15840444303725,0.0,120,-40.34978570273946,0.0,120,-42.230803711721975,0.0,120,-48.697757113010496,0.0,0.0,0.0,0.0,0.0,-639360.0,-639360.0,720.0,720.0,0.0,0.0,720.0,0.0,0.0,720
0.0,0.0,-0.0,0.0,0.0,0.0,-0.0,0.0,0.47997237932604736,345.5801131147541,799.2,0.0,720.0,1.0,888.0,-639360.0,120,-2.1698040355525183,0.0,120,-46.93439141296666,0.0,120,-23.19151827340122,0.0,120,-15.87108525522651,0.0,120,-51.053916724247756,0.0,120,-5.510220597755769,0.0,0.0,0.0,0.0,0.0,-639360.0,-639360.0,720.0,720.0,0.0,0.0,720.0,0.0,0.0,720
404.4117800154675,0.0,-4044.117800154675,0.0,0.0,0.0,-0.0,0.0,0.47997237932604736,151.4196953838784,799.2,0.0,315.4758521656896,1.0,888.0,-280142.5567231324,120,-59.33053503322976,0.0,120,-48.592333846298864,0.0,120,-29.93641790573262,0.0,120,-30.569324792613582,0.0,120,-49.87926417938758,0.0,120,-57.15994995754364,0.0,0.0,0.112367818842864,0.112367818842864,0.0,-284186.67452328705,-284186.67452328705,720.0,720.0,404.5241478343104,0.0,315.4758521656896,0.0,0.0,720
404.4117800154675,0.0,-4044.117800154675,0.0,0.0,0.0,-0.0,0.0,0.47997237932604736,151.4196953838784,799.2,0.0,315.4758521656896,1.0,888.0,-280142.5567231324,120,-15.648253076200792,0.0,120,-56.141930962324594,0.0,120,-39.712300501692695,0.0,120,-46.19366882400291,0.0,120,-25.66865919158544,0.0,120,-4.202595501842714,0.0,0.0,0.112367818842864,0.112367818842864,0.0,-284186.67452328705,-284186.67452328705,720.0,720.0,404.5241478343104,0.0,315.4758521656896,0.0,0.0,720
404.4117800154675,0.0,-4044.117800154675,0.0,0.0,0.0,-0.0,0.0,0.47997237932604736,151.4196953838784,799.2,0.0,315.4758521656896,1.0,888.0,-280142.5567231324,120,-17.482067976420154,0.0,120,-2.608340926340298,0.0,120,-4.448261640354612,0.0,120,-38.234958252158314,0.0,120,-54.6863192121364,0.0,120,-15.430985021479575,0.0,0.0,0.112367818842864,0.112367818842864,0.0,-284186.67452328705,-284186.67452328705,720.0,720.0,404.5241478343104,0.0,315.4758521656896,0.0,0.0,720
404.4117800154675,0.0,-4044.117800154675,0.0,0.0,0.0,-0.0,0.0,0.47997237932604736,151.4196953838784,799.2,0.0,315.4758521656896,1.0,888.0,-280142.5567231324,120,-27.585534893980668,0.0,120,-40.61881222186245,0.0,120,-35.095718840773614,0.0,120,-50.30974954605629,0.0,120,-33.440366576161246,0.0,120,-49.54216291807907,0.0,0.0,0.112367818842864,0.112367818842864,0.0,-284186.67452328705,-284186.67452328705,720.0,720.0,404.5241478343104,0.0,315.4758521656896,0.0,0.0,720
404.4117800154675,0.0,-4044.117800154675,0.0,0.0,0.0,-0.0,0.0,0.47997237932604736,151.4196953838784,799.2,0.0,315.4758521656896,1.0,888.0,-280142.5567231324,120,-45.023399591463814,0.0,120,-47.39733821093544,0.0,120,-18.414666027010973,0.0,120,-59.004678507391255,0.0,120,-11.642113378932526,0.0,120,-59.88182077398338,0.0,0.0,0.112367818842864,0.112367818842864,0.0,-284186.67452328705,-284186.67452328705,720.0,720.0,404.5241478343104,0.0,315.4758521656896,0.0,0.0,720
404.4117800154675,0.0,-4044.117800154675,0.0,0.0,0.0,-0.0,0.0,0.47997237932604736,151.4196953838784,799.2,0.0,315.4758521656896,1.0,888.0,-280142.5567231324,120,-32.230111036103835,0.0,120,-31.668785508694274,0.0,120,-41.80402874462505,0.0,120,-30.034115730670734,0.0,120,-13.186617748318026,0.0,120,-11.26487117481194,0.0,0.0,0.112367818842864,0.112367818842864,0.0,-284186.67452328705,-284186.67452328705,720.0,720.0,404.5241478343104,0.0,315.4758521656896,0.0,0.0,720
1134.4984367991776,0.0,-11344.984367991776,414.8136628166267,0.0,0.0,-0.0,0.0,0.47997237932604736,0.0,799.2,0.0,0.0,1.0,888.0,-0.0,120,-17.291565522919775,0.0,120,-26.97256846983217,0.0,120,-28.355919024986306,0.0,120,-44.929867407082526,0.0,120,-42.311766209191646,0.0,120,-10.623798667941497,0.0,0.0,0.315226017449063,0.315226017449063,0.0,-11344.984367991776,-11344.984367991776,1134.8136628166267,1134.8136628166267,1134.8136628166267,0.0,0.0,414.8136628166267,0.0,720
1134.4984367991776,0.0,-11344.984367991776,414.8136628166267,373.33229653496403,0.0,-0.0,0.00904982174714479,0.47997237932604736,0.0,799.2,0.0,0.0,1.0,888.0,-0.0,120,-41.28284407727721,0.0,120,-47.998418263062796,0.0,120,-24.40617170485717,0.0,120,-41.449934885324836,0.0,120,-29.764400108913293,0.0,120,-35.47556578431739,0.0,0.0,0.315226017449063,0.315226017449063,0.0,-11344.984367991776,-11344.984367991776,1134.8136628166267,1134.8136628166267,1134.8136628166267,0.0,0.0,414.8136628166267,0.0,720
1134.4984367991776,0.0,-11344.984367991776,414.8136628166267,746.6645930699281,0.0,-0.0,0.01809964349428958,0.47997237932604736,0.0,799.2,0.0,0.0,1.0,888.0,-0.0,120,-48.89536289310398,0.0,120,-18.001829887324963,0.0,120,-6.487596147686688,0.0,120,-51.61679404202425,0.0,120,-25.32141227490609,0.0,120,-49.23093281114164,0.0,0.0,0.315226017449063,0.315226017449063,0.0,-11344.984367991776,-11344.984367991776,1134.8136628166267,1134.8136628166267,1134.8136628166267,0.0,0.0,414.8136628166267,0.0,720
1134.4984367991776,0.0,-11344.984367991776,414.8136628166267,1119.9968896048922,0.0,-0.0,0.027149465241434374,0.47997237932604736,0.0,799.2,0.0,0.0,1.0,888.0,-0.0,120,-15.652174074082136,0.0,120,-20.305090272439813,0.0,120,-14.57594623638139,0.0,120,-52.36013640311412,0.0,120,-45.341373227300465,0.0,120,-24.695799632321275,0.0,0.0,0.315226017449063,0.315226017449063,0.0,-11344.984367991776,-11344.984367991776,1134.8136628166267,1134.8136628166267,1134.8136628166267,0.0,0.0,414.8136628166267,0.0,720
1134.4984367991776,0.0,-11344.984367991776,414.8136628166267,1493.3291861398561,0.0,-0.0,0.03619928698857916,0.47997237932604736,0.0,799.2,0.0,0.0,1.0,888.0,-0.0,120,-39.009034536749226,0.0,120,-6.416783941616188,0.0,120,-49.40166809733016,0.0,120,-4.548155616828522,0.0,120,-5.799476312065044,0.0,120,-7.679191334316052,0.0,0.0,0.315226017449063,0.315226017449063,0.0,-11344.984367991776,-11344.984367991776,1134.8136628166267,1134.8136628166267,1134.8136628166267,0.0,0.0,414.8136628166267,0.0,720
1134.4984367991776,0.0,-11344.984367991776,414.8136628166267,1866.66148267482,0.0,-0.0,0.04524910873572395,0.47997237932604736,0.0,799.2,0.0,0.0,1.0,888.0,-0.0,120,-30.930873810864078,0.0,120,-48.1699827155815,0.0,120,-26.443878976483983,0.0,120,-18.07057478468844,0.0,120,-7.765585824441155,0.0,120,-5.227532485019415,0.0,0.0,0.315226017449063,0.315226017449063,0.0,-11344.984367991776,-11344.984367991776,1134.8136628166267,1134.8136628166267,1134.8136628166267,0.0,0.0,414.8136628166267,0.0,720
1739.6731985004294,0.0,-17396.731985004295,1020.1565753269092,2239.993779209784,0.0,-0.0,0.05429893048286873,0.47997237932604736,0.0,799.2,0.0,0.0,1.0,888.0,-0.0,120,-15.979063369144498,0.0,120,-44.01462472977059,0.0,120,-51.96722214859603,0.0,120,-36.43950349240829,0.0,120,-41.212026073204406,0.0,120,-14.97504145618147,0.0,0.0,0.483376826479697,0.483376826479697,0.0,-17396.731985004295,-17396.731985004295,1740.1565753269092,1740.1565753269092,1740.1565753269092,0.0,0.0,1020.1565753269092,0.0,720
1739.6731985004294,0.0,-17396.731985004295,1020.1565753269092,3158.134697004002,0.0,-0.0,0.07655527348323764,0.47997237932604736,0.0,799.2,0.0,0.0,1.0,888.0,-0.0,120,-34.36944247910133,0.0,120,-24.48380485558646,0.0,120,-24.98939002817734,0.0,120,-15.537281934172395,0.0,120,-17.787264590644,0.0,120,-48.68628456577832,0.0,0.0,0.483376826479697,0.483376826479697,0.0,-17396.731985004295,-17396.731985004295,1740.1565753269092,1740.1565753269092,1740.1565753269092,0.0,0.0,1020.1565753269092,0.0,720
1739.6731985004294,0.0,-17396.731985004295,1020.1565753269092,4076.2756147982204,0.0,-0.0,0.09881161648360653,0.47997237932604736,0.0,799.2,0.0,0.0,1.0,888.0,-0.0,120,-57.66161535146672,0.0,120,-48.98894790279681,0.0,120,-49.08111475521539,0.0,120,-44.42432474649139,0.0,120,-3.3314310469753194,0.0,120,-3.9070581784265124,0.0,0.0,0.483376826479697,0.483376826479697,0.0,-17396.731985004295,-17396.731985004295,1740.1565753269092,1740.1565753269092,1740.1565753269092,0.0,0.0,1020.1565753269092,0.0,720
1739.6731985004294,0.0,-17396.731985004295,1020.1565753269092,4994.416532592439,0.0,-0.0,0.12106795948397543,0.47997237932604736,0.0,799.2,0.0,0.0,1.0,888.0,-0.0,120,-41.653376118989286,0.0,120,-47.159687559740604,0.0,120,-40.59685451922315,0.0,120,-43.508121172250455,0.0,120,-18.53065677724803,0.0,120,-5.442577803413995,0.0,0.0,0.483376826479697,0.483376826479697,0.0,-17396.731985004295,-17396.731985004295,1740.1565753269092,1740.1565753269092,1740.1565753269092,0.0,0.0,1020.1565753269092,0.0,720
1739.6731985004294,0.0,-17396.731985004295,1020.1565753269092,5912.557450386657,0.0,-0.0,0.14332430248434436,0.47997237932604736,0.0,799.2,0.0,0.0,1.0,888.0,-0.0,120,-5.673135952758839,0.0,120,-52.43399908740722,0.0,120,-57.88375106385238,0.0,120,-27.863948644301068,0.0,120,-33.56740487801319,0.0,120,-45.20970676183392,0.0,0.0,0.483376826479697,0.483376826479697,0.0,-17396.731985004295,-17396.731985004295,1740.1565753269092,1740.1565753269092,1740.1565753269092,0.0,0.0,1020.1565753269092,0.0,720
1739.6731985004294,0.0,-17396.731985004295,1020.1565753269092,6830.698368180876,0.0,-0.0,0.16558064548471327,0.47997237932604736,0.0,799.2,0.0,0.0,1.0,888.0,-0.0,120,-21.931905330529066,0.0,120,-31.32831712893721,0.0,120,-27.333817476581114,0.0,120,-38.87952578938845,0.0,120,-58.50087392777566,0.0,120,-50.565851452400345,0.0,0.0,0.483376826479697,0.483376826479697,0.0,-17396.731985004295,-17396.731985004295,1740.1565753269092,1740.1565753269092,1740.1565753269092,0.0,0.0,1020.1565753269092,0.0,720
2136.231213740622,0.0,-21362.31213740622,1416.8247761784492,7748.839285975095,0.0,-0.0,0.18783698848508218,0.47997237932604736,0.0,799.2,0.0,0.0,1.0,888.0,-0.0,120,-24.247336071670087,0.0,120,-5.417382728157576,0.0,120,-13.274074023820436,0.0,120,-34.71774628808946,0.0,120,-32.058886129850556,0.0,120,-6.811872084470128,0.0,0.0,0.593562437827347,0.593562437827347,0.0,-21362.31213740622,-21362.31213740622,2136.824776178449,2136.824776178449,2136.824776178449,0.0,0.0,1416.8247761784492,0.0,720
2136.231213740622,0.0,-21362.31213740622,1416.8247761784492,9023.981584535699,0.0,-0.0,0.21874728103497199,0.47997237932604736,0.0,799.2,0.0,0.0,1.0,888.0,-0.0,120,-36.371182517494766,0.0,120,-12.645844359866052,0.0,120,-14.082259191921606,0.0,120,-40.18827531082257,0.0,120,-38.17708865642251,0.0,120,-35.357177504760884,0.0,0.0,0.593562437827347,0.593562437827347,0.0,-21362.31213740622,-21362.31213740622,2136.824776178449,2136.824776178449,2136.824776178449,0.0,0.0,1416.8247761784492,0.0,720
2136.231213740622,0.0,-21362.31213740622,1416.8247761784492,10299.123883096303,0.0,-0.0,0.2496575735848618,0.47997237932604736,0.0,799.2,0.0,0.0,1.0,888.0,-0.0,120,-46.39696477858987,0.0,120,-50.842755183245515,0.0,120,-41.30161451038997,0.0,120,-35.50705131658967,0.0,120,-29.000927476100625,0.0,120,-22.913206202752153,0.0,0.0,0.593562437827347,0.593562437827347,0.0,-21362.31213740622,-21362.31213740622,2136.824776178449,2136.824776178449,2136.824776178449,0.0,0.0,1416.8247761784492,0.0,720
2136.231213740622,0.0,-21362.31213740622,1416.8247761784492,11574.266181656907,0.0,-0.0,0.2805678661347516,0.47997237932604736,0.0,799.2,0.0,0.0,1.0,888.0,-0.0,120,-49.15397005750264,0.0,120,-49.24293794444858,0.0,120,-5.426454502274611,0.0,120,-14.299926517130428,0.0,120,-6.169585491752441,0.0,120,-54.96813590702485,0.0,0.0,0.593562437827347,0.593562437827347,0.0,-21362.31213740622,-21362.31213740622,2136.824776178449,2136.824776178449,2136.824776178449,0.0,0.0,1416.8247761784492,0.0,720
2136.231213740622,0.0,-21362.31213740622,1416.8247761784492,12849.408480217511,0.0,-0.0,0.3114781586846414,0.47997237932604736,0.0,799.2,0.0,0.0,1.0,888.0,-0.0,120,-14.503765666484856,0.0,120,-26.230698983742762,0.0,120,-16.81695691163531,0.0,120,-16.093292486054814,0.0,120,-40.18983051319534,0.0,120,-18.916897996691702,0.0,0.0,0.593562437827347,0.593562437827347,0.0,-21362.31213740622,-21362.31213740622,2136.824776178449,2136.824776178449,2136.824776178449,0.0,0.0,1416.8247761784492,0.0,720
2136.231213740622,0.0,-21362.31213740622,1416.8247761784492,14124.550778778115,0.0,-0.0,0.3423884512345312,0.47997237932604736,0.0,799.2,0.0,0.0,1.0,888.0,-0.0,120,-5.946690484796758,0.0,120,-7.938758594390256,0.0,120,-33.40418021966159,0.0,120,-15.32933541944411,0.0,120,-28.068418762686353,0.0,120,-2.5780901610213514,0.0,0.0,0.593562437827347,0.593562437827347,0.0,-21362.31213740622,-21362.31213740622,2136.824776178449,2136.824776178449,2136.824776178449,0.0,0.0,1416.8247761784492,0.0,720
2313.0048266066333,0.0,-23130.048266066333,1593.6475064695414,15399.69307733872,0.0,-0.0,0.373298743784421,0.47997237932604736,0.0,799.2,0.0,0.0,1.0,888.0,-0.0,120,-14.924283402967589,0.0,120,-51.44782658000184,0.0,120,-50.047610666398306,0.0,120,-53.513912586888765,0.0,120,-17.232186310529876,0.0,120,-13.036765485211316,0.0,0.0,0.642679862908206,0.642679862908206,0.0,-23130.048266066333,-23130.048266066333,2313.6475064695414,2313.6475064695414,2313.6475064695414,0.0,0.0,1593.6475064695414,0.0,720
2313.0048266066333,0.0,-23130.048266066333,1593.6475064695414,16833.97583316131,0.0,-0.0,0.4080667062555768,0.47997237932604736,0.0,799.2,0.0,0.0,1.0,888.0,-0.0,120,-45.630836828807226,0.0,120,-44.59540299232764,0.0,120,-6.497514486158473,0.0,120,-54.35893801538243,0.0,120,-54.57260883772482,0.0,120,-10.275547090106912,0.0,0.0,0.642679862908206,0.642679862908206,0.0,-23130.048266066333,-23130.048266066333,2313.6475064695414,2313.6475064695414,2313.6475064695414,0.0,0.0,1593.6475064695414,0.0,720
2313.0048266066333,0.0,-23130.048266066333,1593.6475064695414,18268.258588983896,0.0,-0.0,0.4428346687267325,0.47997237932604736,0.0,799.2,0.0,0.0,1.0,888.0,-0.0,120,-9.08215547783083,0.0,120,-41.095344540169975,0.0,120,-35.66575629311236,0.0,120,-36.373266796958994,0.0,120,-37.818605690979005,0.0,120,-32.557596734060645,0.0,0.0,0.642679862908206,0.642679862908206,0.0,-23130.048266066333,-23130.048266066333,2313.6475064695414,2313.6475064695414,2313.6475064695414,0.0,0.0,1593.6475064695414,0.0,720
2313.0048266066333,0.0,-23130.048266066333,1593.6475064695414,19702.541344806483,0.0,-0.0,0.4776026311978882,0.47997237932604736,0.0,799.2,0.0,0.0,1.0,888.0,-0.0,120,-0.31643236560452426,0.0,120,-7.429840507914762,0.0,120,-10.341468756281538,0.0,120,-10.205228748843309,0.0,120,-35.75706967064658,0.0,120,-21.867620516035878,0.0,0.0,0.642679862908206,0.642679862908206,0.0,-23130.048266066333,-23130.048266066333,2313.6475064695414,2313.6475064695414,2313.6475064695414,0.0,0.0,1593.6475064695414,0.0,720
2313.0048266066333,0.0,-23130.048266066333,1593.6475064695414,21136.82410062907,0.0,-0.0,0.5123705936690439,0.47997237932604736,0.0,799.2,0.0,0.0,1.0,888.0,-0.0,120,-47.3205685222465,0.0,120,-6.695152676568384,0.0,120,-39.974821514115305,0.0,120,-3.5251687290474254,0.0,120,-55.13436508479605,0.0,120,-54.56633161060557,0.0,0.0,0.642679862908206,0.642679862908206,0.0,-23130.048266066333,-23130.048266066333,2313.6475064695414,2313.6475064695414,2313.6475064695414,0.0,0.0,1593.6475064695414,0.0,720
2313.0048266066333,0.0,-23130.048266066333,1593.6475064695414,22571.106856451657,0.0,-0.0,0.5471385561401997,0.47997237932604736,0.0,799.2,0.0,0.0,1.0,888.0,-0.0,120,-27.759749106278846,0.0,120,-7.3999900981972,0.0,120,-53.09785460709067,0.0,120,-57.62932641552562,0.0,120,-16.622963952444522,0.0,120,-3.472549476618376,0.0,0.0,0.642679862908206,0.642679862908206,0.0,-23130.048266066333,-23130.048266066333,2313.6475064695414,2313.6475064695414,2313.6475064695414,0.0,0.0,1593.6475064695414,0.0,720
2279.880208726913,0.0,-22798.802087269134,1560.513684750455,24005.389612274244,0.0,-0.0,0.5819065186113554,0.47997237932604736,0.0,799.2,0.0,0.0,1.0,888.0,-0.0,120,-18.85819823462956,0.0,120,-48.14446233576421,0.0,120,-43.936600103145096,0.0,120,-27.403719362380322,0.0,120,-19.25961413155851,0.0,120,-35.09779877975261,0.0,0.0,0.633476023541793,0.633476023541793,0.0,-22798.802087269134,-22798.802087269134,2280.513684750455,2280.513684750455,2280.513684750455,0.0,0.0,1560.513684750455,0.0,720
2279.880208726913,0.0,-22798.802087269134,1560.513684750455,25409.851928549655,0.0,-0.0,0.6159516139080711,0.47997237932604736,0.0,799.2,0.0,0.0,1.0,888.0,-0.0,120,-49.18127623397971,0.0,120,-1.960868470740933,0.0,120,-20.626137776773277,0.0,120,-59.839925158928885,0.0,120,-50.07527948078114,0.0,120,-40.707354965870294,0.0,0.0,0.633476023541793,0.633476023541793,0.0,-22798.802087269134,-22798.802087269134,2280.513684750455,2280.513684750455,2280.513684750455,0.0,0.0,1560.513684750455,0.0,720
2279.880208726913,0.0,-22798.802087269134,1560.513684750455,26814.314244825066,0.0,-0.0,0.6499967092047867,0.47997237932604736,0.0,799.2,0.0,0.0,1.0,888.0,-0.0,120,-56.576135603802555,0.0,120,-20.93656976391451,0.0,120,-6.384714611047546,0.0,120,-30.369341801876395,0.0,120,-11.205852894341962,0.0,120,-6.462131959258642,0.0,0.0,0.633476023541793,0.633476023541793,0.0,-22798.802087269134,-22798.802087269134,2280.513684750455,2280.513684750455,2280.513684750455,0.0,0.0,1560.513684750455,0.0,720
2279.880208726913,0.0,-22798.802087269134,1560.513684750455,28218.776561100476,0.0,-0.0,0.6840418045015023,0.47997237932604736,0.0,799.2,0.0,0.0,1.0,888.0,-0.0,120,-26.824931837315713,0.0,120,-10.615798778456803,0.0,120,-9.568346715059548,0.0,120,-0.4739568521578086,0.0,120,-4.000689247000652,0.0,120,-22.580334981535422,0.0,0.0,0.633476023541793,0.633476023541793,0.0,-22798.802087269134,-22798.802087269134,2280.513684750455,2280.513684750455,2280.513684750455,0.0,0.0,1560.513684750455,0.0,720
2279.880208726913,0.0,-22798.802087269134,1562.513684750455,29623.238877375887,0.0,-0.0,0.7180868997982179,0.47997237932604736,0.0,799.2,0.0,0.0,1.0,888.0,-0.0,120,-48.01604273760126,0.0,120,-55.21932537314166,0.0,120,-5.532993156607057,0.0,120,-7.025906073945391,0.0,120,-7.063410334796735,0.0,118,-17.46860515676274,0.0,0.0,0.633476023541793,0.633476023541793,0.0,-22798.802087269134,-22798.802087269134,2280.513684750455,2280.513684750455,2280.513684750455,0.0,0.0,1562.513684750455,0.0,718
2279.880208726913,0.0,-22798.802087269134,1562.513684750455,31029.501193651296,0.0,-0.0,0.7521756282852471,0.47997237932604736,0.0,799.2,0.0,0.0,1.0,888.0,-0.0,120,-21.637674741901428,0.0,120,-55.19898956474479,0.0,120,-44.32396017438432,0.0,120,-3.9059220750484847,0.0,120,-47.86506498049402,0.0,118,-35.546407211477664,0.0,0.0,0.633476023541793,0.633476023541793,0.0,-22798.802087269134,-22798.802087269134,2280.513684750455,2280.513684750455,2280.513684750455,0.0,0.0,1562.513684750455,0.0,718
2028.1728933041773,0.0,-20281.728933041773,1312.7364312017332,32435.763509926706,0.0,-0.0,0.7862643567722761,0.47997237932604736,0.0,799.2,0.0,0.0,1.0,888.0,-0.0,120,-10.174026542294975,0.0,118,-9.455873831906938,0.0,120,-4.443112770492794,0.0,120,-4.271722813842976,0.0,120,-30.610989469012818,0.0,118,-38.613896367221315,0.0,0.0,0.563537897556037,0.563537897556037,0.0,-20281.728933041773,-20281.728933041773,2028.7364312017332,2028.7364312017332,2028.7364312017332,0.0,0.0,1312.7364312017332,0.0,716
2028.1728933041773,0.0,-20281.728933041773,1312.7364312017332,33617.22629800827,0.0,-0.0,0.8149037960392763,0.47997237932604736,0.0,799.2,0.0,0.0,1.0,888.0,-0.0,120,-20.865013330578908,0.0,118,-25.96375704602575,0.0,120,-34.91503114737301,0.0,120,-57.22325273999124,0.0,120,-16.289534534258546,0.0,118,-33.48425810411911,0.0,0.0,0.563537897556037,0.563537897556037,0.0,-20281.728933041773,-20281.728933041773,2028.7364312017332,2028.7364312017332,2028.7364312017332,0.0,0.0,1312.7364312017332,0.0,716
2028.1728933041773,0.0,-20281.728933041773,1312.7364312017332,34798.68908608983,0.0,-0.0,0.8435432353062766,0.47997237932604736,0.0,799.2,0.0,0.0,1.0,888.0,-0.0,120,-40.3340817990829,0.0,118,-12.122772996878798,0.0,120,-8.510594788824594,0.0,120,-18.55226450802236,0.0,120,-38.21251298134219,0.0,118,-13.504689930280126,0.0,0.0,0.563537897556037,0.563537897556037,0.0,-20281.728933041773,-20281.728933041773,2028.7364312017332,2028.7364312017332,2028.7364312017332,0.0,0.0,1312.7364312017332,0.0,716
2028.1728933041773,0.0,-20281.728933041773,1314.7364312017332,35980.15187417139,0.0,-0.0,0.8721826745732768,0.47997237932604736,0.0,799.2,0.0,0.0,1.0,888.0,-0.0,120,-53.27280152413347,0.0,118,-24.12177498608987,0.0,118,-36.841331317512086,0.0,120,-1.5302276709506901,0.0,120,-56.38839241108096,0.0,118,-9.494099127079219,0.0,0.0,0.563537897556037,0.563537897556037,0.0,-20281.728933041773,-20281.728933041773,2028.7364312017332,2028.7364312017332,2028.7364312017332,0.0,0.0,1314.7364312017332,0.0,714
2028.1728933041773,0.0,-20281.728933041773,1314.7364312017332,37163.41466225295,0.0,-0.0,0.9008657470305905,0.47997237932604736,0.0,799.2,0.0,0.0,1.0,888.0,-0.0,118,-46.40056996833596,0.0,118,-50.16550071569379,0.0,118,-41.875571673967634,0.0,120,-2.112679835984441,0.0,120,-2.3464472452449936,0.0,120,-39.53836834828232,0.0,0.0,0.563537897556037,0.563537897556037,0.0,-20281.728933041773,-20281.728933041773,2028.7364312017332,2028.7364312017332,2028.7364312017332,0.0,0.0,1314.7364312017332,0.0,714
2028.1728933041773,0.0,-20281.728933041773,1316.7364312017332,38346.67745033451,0.0,-0.0,0.9295488194879041,0.47997237932604736,0.0,799.2,0.0,0.0,1.0,888.0,-0.0,118,-33.22764379546737,0.0,118,-48.938652078247884,0.0,118,-35.819430314538856,0.0,118,-59.15800879692001,0.0,120,-59.2444714017434,0.0,120,-47.14494751527175,0.0,0.0,0.563537897556037,0.563537897556037,0.0,-20281.728933041773,-20281.728933041773,2028.7364312017332,2028.7364312017332,2028.7364312017332,0.0,0.0,1316.7364312017332,0.0,712
1570.751400193913,0.0,-15707.51400193913,801.1878412609299,39531.74023841607,0.0,-0.0,0.9582755251355312,0.47997237932604736,0.0,799.2,0.0,0.0,1.0,888.0,-0.0,118,-45.49329674382595,0.0,118,-30.668286469420345,0.0,180,-11.150833264299472,0.0,118,-55.768052206768594,0.0,118,-22.387721953397257,0.0,118,-49.910527587542916,0.0,0.0,0.436441067016925,0.436441067016925,0.0,-15707.51400193913,-15707.51400193913,1571.1878412609299,1571.1878412609299,1571.1878412609299,0.0,0.0,801.1878412609299,0.0,770
1570.751400193913,0.0,-15707.51400193913,739.1878412609299,40252.809295550906,0.0,-0.0,0.975754715912804,0.47997237932604736,0.0,799.2,0.0,0.0,1.0,888.0,-0.0,118,-16.56408782110812,0.0,180,-39.30843717202981,0.0,180,-52.96919917725107,0.0,118,-23.033319067739622,0.0,118,-57.57745211856613,0.0,118,-15.285419277786739,0.0,0.0,0.436441067016925,0.436441067016925,0.0,-15707.51400193913,-15707.51400193913,1571.1878412609299,1571.1878412609299,1571.1878412609299,0.0,0.0,739.1878412609299,0.0,832
1570.751400193913,0.0,-15707.51400193913,372.1351636825097,40918.07835268574,0.0,-0.0,0.9918812777903605,0.47997237932604736,0.0,799.2,365.0526775784202,0.0,1.0,888.0,291750.0999206734,118,-19.507194022801656,0.0,180,-7.889892749348137,0.0,180,-15.183422603090829,0.0,120,-37.4033436103769,0.0,118,-40.858819367702694,0.0,118,-2.010941649925899,0.0,0.0,0.436441067016925,0.436441067016925,0.0,276042.58591873426,276042.58591873426,1571.1878412609299,1571.1878412609299,1571.1878412609299,0.0,0.0,737.1878412609299,0.0,834
1570.751400193913,0.0,-15707.51400193913,0.0,41253.0,0.0,-0.0,1.0,0.47997237932604736,0.0,799.2,739.1878412609299,0.0,1.0,888.0,590758.9227357352,118,-38.350580269295726,0.0,180,-36.85737354301961,0.0,180,-18.23747972519183,0.0,118,-27.442905510989974,0.0,118,-6.628599760884592,0.0,118,-35.33543681431695,0.0,0.0,0.436441067016925,0.436441067016925,0.0,575051.4087337961,575051.4087337961,1571.1878412609299,1571.1878412609299,1571.1878412609299,0.0,0.0,739.1878412609299,0.0,832
1570.751400193913,0.0,-15707.51400193913,0.0,41253.0,0.0,-0.0,1.0,0.47997237932604736,0.0,799.2,778.1878412609299,0.0,1.0,888.0,621927.7227357352,118,-31.839616107720392,0.0,203,-25.63824364059753,0.0,118,-37.567374416895255,0.0,118,-5.075903791368946,0.0,118,-20.005523122168437,0.0,118,-24.380986635479875,0.0,0.0,0.436441067016925,0.436441067016925,0.0,606220.2087337961,606220.2087337961,1571.1878412609299,1571.1878412609299,1571.1878412609299,0.0,0.0,778.1878412609299,0.0,793
1570.751400193913,0.0,-15707.51400193913,0.0,41253.0,0.0,-0.0,1.0,0.47997237932604736,0.0,799.2,778.1878412609299,0.0,1.0,888.0,621927.7227357352,118,-1.6276831410190873,0.0,203,-22.896218280360955,0.0,118,-14.953144105125384,0.0,118,-50.538349030778654,0.0,118,-0.24325889756693808,0.0,118,-15.110072613193871,0.0,0.0,0.436441067016925,0.436441067016925,0.0,606220.2087337961,606220.2087337961,1571.1878412609299,1571.1878412609299,1571.1878412609299,0.0,0.0,778.1878412609299,0.0,793
898.1078967957545,0.0,-8981.078967957545,0.0,41253.0,0.0,-0.0,1.0,0.47997237932604736,0.0,799.2,105.35744052923485,0.0,1.0,888.0,84201.6664709645,118,-33.42081395743434,0.0,203,-29.692198974555332,0.0,118,-47.275430517582535,0.0,118,-37.656844556759836,0.0,118,-53.87710269805589,0.0,118,-6.9255662457429645,0.0,0.0,0.249543733480343,0.249543733480343,0.0,75220.58750300696,75220.58750300696,898.3574405292349,898.3574405292349,898.3574405292349,0.0,0.0,105.35744052923485,0.0,793
898.1078967957545,0.0,-8981.078967957545,0.0,41253.0,0.0,-0.0,1.0,0.47997237932604736,0.0,799.2,105.35744052923485,0.0,1.0,888.0,84201.6664709645,118,-59.73157666658833,0.0,203,-0.5221623457440305,0.0,118,-52.06134241085638,0.0,118,-28.562362179838246,0.0,118,-48.532439004531604,0.0,118,-41.75871266559049,0.0,0.0,0.249543733480343,0.249543733480343,0.0,75220.58750300696,75220.58750300696,898.3574405292349,898.3574405292349,898.3574405292349,0.0,0.0,105.35744052923485,0.0,793
898.1078967957545,0.0,-8981.078967957545,0.0,41253.0,0.0,-0.0,1.0,0.47997237932604736,0.0,799.2,105.35744052923485,0.0,1.0,888.0,84201.6664709645,118,-36.40513788750281,0.0,203,-47.17948859406786,0.0,118,-42.372892711214,0.0,118,-14.34415074292463,0.0,118,-57.43751655555298,0.0,118,-51.425596794788916,0.0,0.0,0.249543733480343,0.249543733480343,0.0,75220.58750300696,75220.58750300696,898.3574405292349,898.3574405292349,898.3574405292349,0.0,0.0,105.35744052923485,0.0,793
898.1078967957545,0.0,-8981.078967957545,0.0,41253.0,0.0,-0.0,1.0,0.47997237932604736,0.0,799.2,105.35744052923485,0.0,1.0,888.0,84201.6664709645,118,-18.447257841281033,0.0,203,-39.09348695893597,0.0,118,-39.01909674251068,0.0,118,-45.990272694910004,0.0,118,-58.328029675904865,0.0,118,-44.3611184143581,0.0,0.0,0.249543733480343,0.249543733480343,0.0,75220.58750300696,75220.58750300696,898.3574405292349,898.3574405292349,898.3574405292349,0.0,0.0,105.35744052923485,0.0,793
898.1078967957545,0.0,-8981.078967957545,0.0,41253.0,0.0,-0.0,1.0,0.47997237932604736,0.0,799.2,105.35744052923485,0.0,1.0,888.0,84201.6664709645,118,-15.090609396636417,0.0,203,-18.534208896430876,0.0,118,-45.31114853541051,0.0,118,-54.712657829440815,0.0,118,-55.85997125556233,0.0,118,-53.02196967692403,0.0,0.0,0.249543733480343,0.249543733480343,0.0,75220.58750300696,75220.58750300696,898.3574405292349,898.3574405292349,898.3574405292349,0.0,0.0,105.35744052923485,0.0,793
898.1078967957545,0.0,-8981.078967957545,0.0,41253.0,0.0,-0.0,1.0,0.47997237932604736,0.0,799.2,105.35744052923485,0.0,1.0,888.0,84201.6664709645,118,-34.687327238996005,0.0,203,-54.726384318636555,0.0,118,-6.991788422074889,0.0,118,-23.191092270564706,0.0,118,-43.438852882548595,0.0,118,-40.432008994273495,0.0,0.0,0.249543733480343,0.249543733480343,0.0,75220.58750300696,75220.58750300696,898.3574405292349,898.3574405292349,898.3574405292349,0.0,0.0,105.35744052923485,0.0,793
248.72290526779744,0.0,-2487.2290526779743,0.0,41253.0,544.2079858393802,-0.0,1.0,0.47997237932604736,0.0,799.2,0.0,0.0,1.0,888.0,-0.0,118,-8.867229836157355,0.0,203,-13.086230763751432,0.0,118,-25.08934921687076,0.0,118,-36.494712147169516,0.0,118,-10.959509368061015,0.0,118,-29.243440859248466,0.0,0.0,0.0691088928223944,0.0691088928223944,0.0,-2487.2290526779743,-2487.2290526779743,793.0,793.0,248.79201416061983,0.0,544.2079858393802,0.0,0.0,793
248.72290526779744,0.0,-2487.2290526779743,0.0,40648.32446017847,544.2079858393802,-0.0,0.9853422650517166,0.47997237932604736,0.0,799.2,0.0,0.0,1.0,888.0,-0.0,118,-5.1107411607628865,0.0,203,-42.07674875538332,0.0,118,-33.255817726082086,0.0,118,-8.536249760498102,0.0,118,-31.428126645649503,0.0,118,-53.11761273466526,0.0,0.0,0.0691088928223944,0.0691088928223944,0.0,-2487.2290526779743,-2487.2290526779743,793.0,793.0,248.79201416061983,0.0,544.2079858393802,0.0,0.0,793
248.72290526779744,0.0,-2487.2290526779743,0.0,40043.648920356936,544.2079858393802,-0.0,0.9706845301034334,0.47997237932604736,0.0,799.2,0.0,0.0,1.0,888.0,-0.0,118,-27.54808945336404,0.0,203,-22.151633679212868,0.0,118,-3.0035562282116324,0.0,118,-19.41361387441785,0.0,118,-59.39979470396988,0.0,118,-45.37350772575503,0.0,0.0,0.0691088928223944,0.0691088928223944,0.0,-2487.2290526779743,-2487.2290526779743,793.0,793.0,248.79201416061983,0.0,544.2079858393802,0.0,0.0,793
248.72290526779744,0.0,-2487.2290526779743,0.0,39438.973380535404,544.2079858393802,-0.0,0.95602679515515,0.47997237932604736,0.0,799.2,0.0,0.0,1.0,888.0,-0.0,118,-22.13633213082132,0.0,203,-29.4575107430257,0.0,118,-44.65859425163258,0.0,118,-15.335801726234251,0.0,118,-34.93036249449036,0.0,118,-6.661656248888336,0.0,0.0,0.0691088928223944,0.0691088928223944,0.0,-2487.2290526779743,-2487.2290526779743,793.0,793.0,248.79201416061983,0.0,544.2079858393802,0.0,0.0,793
248.72290526779744,0.0,-2487.2290526779743,0.0,38834.29784071387,546.2079858393802,-0.0,0.9413690602068667,0.47997237932604736,0.0,799.2,0.0,0.0,1.0,888.0,-0.0,120,-21.278362911381908,0.0,203,-32.33517647740482,0.0,118,-33.84168453468523,0.0,118,-35.704387216184685,0.0,118,-57.89234307132138,0.0,118,-7.4804683102611325,0.0,0.0,0.0691088928223944,0.0691088928223944,0.0,-2487.2290526779743,-2487.2290526779743,795.0,795.0,248.79201416061983,0.0,546.2079858393802,0.0,0.0,795
248.72290526779744,0.0,-2487.2290526779743,0.0,38227.400078670114,546.2079858393802,-0.0,0.9266574571223939,0.47997237932604736,0.0,799.2,0.0,0.0,1.0,888.0,-0.0,120,-21.346320646782612,0.0,203,-28.801690657790676,0.0,118,-0.7090884573307088,0.0,118,-11.698098401228163,0.0,118,-13.526515069009466,0.0,118,-59.57841247722603,0.0,0.0,0.0691088928223944,0.0691088928223944,0.0,-2487.2290526779743,-2487.2290526779743,795.0,795.0,248.79201416061983,0.0,546.2079858393802,0.0,0.0,795
0.0,0.0,-0.0,0.0,37620.502316626356,797.0,-0.0,0.911945854037921,0.47997237932604736,0.0,799.2,0.0,0.0,1.0,888.0,-0.0,120,-13.014253317464524,0.0,203,-46.02696139633109,0.0,118,-26.700697688296792,0.0,118,-53.47697693318717,0.0,118,-39.843988857641115,0.0,120,-6.01358204879843,0.0,0.0,0.0,0.0,0.0,0.0,0.0,797.0,797.0,0.0,0.0,797.0,0.0,0.0,797
0.0,0.0,-0.0,0.0,36734.9467610708,797.0,-0.0,0.8904794017664365,0.47997237932604736,0.0,799.2,0.0,0.0,1.0,888.0,-0.0,120,-14.775391973826375,0.0,203,-26.416181674965053,0.0,118,-55.53876364386859,0.0,118,-6.247009160347313,0.0,118,-27.299778041282252,0.0,120,-1.6335050593521805,0.0,0.0,0.0,0.0,0.0,0.0,0.0,797.0,797.0,0.0,0.0,797.0,0.0,0.0,797
0.0,0.0,-0.0,0.0,35849.39120551525,797.0,-0.0,0.8690129494949518,0.47997237932604736,0.0,799.2,0.0,0.0,1.0,888.0,-0.0,120,-18.771046834036593,0.0,203,-24.20293964036217,0.0,118,-1.4175732224049398,0.0,118,-34.60699078623175,0.0,118,-32.84794765020964,0.0,120,-42.224880287777836,0.0,0.0,0.0,0.0,0.0,0.0,0.0,797.0,797.0,0.0,0.0,797.0,0.0,0.0,797
0.0,0.0,-0.0,0.0,34963.83564995969,797.0,-0.0,0.8475464972234672,0.47997237932604736,0.0,799.2,0.0,0.0,1.0,888.0,-0.0,120,-5.765347347772137,0.0,203,-49.890333418499765,0.0,118,-55.42177233614397,0.0,118,-23.028002751817993,0.0,118,-49.915873925417216,0.0,120,-20.241425851964216,0.0,0.0,0.0,0.0,0.0,0.0,0.0,797.0,797.0,0.0,0.0,797.0,0.0,0.0,797
0.0,0.0,-0.0,0.0,34078.28009440414,797.0,-0.0,0.8260800449519826,0.47997237932604736,0.0,799.2,0.0,0.0,1.0,888.0,-0.0,120,-53.148195500509566,0.0,203,-51.193014180847264,0.0,118,-48.40909144999846,0.0,118,-42.94734319192605,0.0,118,-47.490418993482535,0.0,120,-1.3517280713066016,0.0,0.0,0.0,0.0,0.0,0.0,0.0,797.0,797.0,0.0,0.0,797.0,0.0,0.0,797
0.0,0.0,-0.0,0.0,33192.72453884858,797.0,-0.0,0.8046135926804979,0.47997237932604736,0.0,799.2,0.0,0.0,1.0,888.0,-0.0,120,-28.938535405052765,0.0,203,-59.441898880463555,0.0,118,-50.258601927233855,0.0,118,-55.4562332283166,0.0,118,-50.1070192861284,0.0,120,-8.354576085855285,0.0,0.0,0.0,0.0,0.0,0.0,0.0,797.0,797.0,0.0,0.0,797.0,0.0,0.0,797
0.0,0.0,-0.0,0.0,32307.168983293028,797.0,-0.0,0.7831471404090133,0.47997237932604736,0.0,799.2,0.0,0.0,1.0,888.0,-0.0,120,-19.694050609773242,0.0,203,-54.851364036166075,0.0,118,-40.612396376501295,0.0,118,-8.506316231992948,0.0,118,-57.89270059242348,0.0,120,-31.9387471962916,0.0,0.0,0.0,0.0,0.0,0.0,0.0,797.0,797.0,0.0,0.0,797.0,0.0,0.0,797
0.0,0.0,-0.0,0.0,31421.613427737473,714.0,-0.0,0.7616806881375288,0.47997237932604736,0.0,799.2,0.0,0.0,1.0,888.0,-0.0,120,-33.43654784360127,0.0,120,-17.05199013809142,0.0,118,-21.6658672328621,0.0,118,-10.272358476135445,0.0,118,-1.3932741239884483,0.0,120,-25.953193029956218,0.0,0.0,0.0,0.0,0.0,0.0,0.0,714.0,714.0,0.0,0.0,714.0,0.0,0.0,714
0.0,0.0,-0.0,0.0,30628.28009440414,714.0,-0.0,0.7424497635179051,0.47997237932604736,0.0,799.2,0.0,0.0,1.0,888.0,-0.0,120,-26.270911333541882,0.0,120,-30.43845961770127,0.0,118,-1.1336350868116152,0.0,118,-27.342833888461268,0.0,118,-18.34909780376589,0.0,120,-24.89405824111431,0.0,0.0,0.0,0.0,0.0,0.0,0.0,714.0,714.0,0.0,0.0,714.0,0.0,0.0,714
0.0,0.0,-0.0,0.0,29834.94676107081,714.0,-0.0,0.7232188388982815,0.47997237932604736,0.0,799.2,0.0,0.0,1.0,888.0,-0.0,120,-37.000403867567684,0.0,120,-56.48862427009627,0.0,118,-30.205087838525422,0.0,118,-30.4385845132691,0.0,118,-35.927709486692706,0.0,120,-53.1991103787309,0.0,0.0,0.0,0.0,0.0,0.0,0.0,714.0,714.0,0.0,0.0,714.0,0.0,0.0,714
0.0,0.0,-0.0,0.0,29041.613427737477,714.0,-0.0,0.7039879142786579,0.47997237932604736,0.0,799.2,0.0,0.0,1.0,888.0,-0.0,120,-34.171735348321704,0.0,120,-3.7888196218377557,0.0,118,-6.645018641595016,0.0,118,-51.29892326904732,0.0,118,-47.271698303681454,0.0,120,-27.930510331239194,0.0,0.0,0.0,0.0,0.0,0.0,0.0,714.0,714.0,0.0,0.0,714.0,0.0,0.0,714
0.0,0.0,-0.0,0.0,28248.280094404145,714.0,-0.0,0.6847569896590343,0.47997237932604736,0.0,799.2,0.0,0.0,1.0,888.0,-0.0,120,-15.002951975325463,0.0,120,-30.832175744665296,0.0,118,-11.399199485329685,0.0,118,-10.68778797883381,0.0,118,-5.641608529732656,0.0,120,-13.247199522215869,0.0,0.0,0.0,0.0,0.0,0.0,0.0,714.0,714.0,0.0,0.0,714.0,0.0,0.0,714
0.0,0.0,-0.0,0.0,27454.946761070812,714.0,-0.0,0.6655260650394108,0.47997237932604736,0.0,799.2,0.0,0.0,1.0,888.0,-0.0,120,-35.604034111370844,0.0,120,-5.602149262777701,0.0,118,-51.395553750549965,0.0,118,-26.992128652078595,0.0,118,-58.60808480121126,0.0,120,-52.58077116056902,0.0,0.0,0.0,0.0,0.0,0.0,0.0,714.0,714.0,0.0,0.0,714.0,0.0,0.0,714
0.0,0.0,-0.0,0.0,26661.61342773748,714.0,-0.0,0.6462951404197872,0.47997237932604736,0.0,799.2,0.0,0.0,1.0,888.0,-0.0,120,-47.3560330501742,0.0,120,-44.33832022068689,0.0,118,-32.898677142810236,0.0,118,-13.774653881640655,0.0,118,-33.78548870365168,0.0,120,-19.475504744388033,0.0,0.0,0.0,0.0,0.0,0.0,0.0,714.0,714.0,0.0,0.0,714.0,0.0,0.0,714
0.0,0.0,-0.0,0.0,25868.28009440415,714.0,-0.0,0.6270642158001636,0.47997237932604736,0.0,799.2,0.0,0.0,1.0,888.0,-0.0,120,-38.05615221108051,0.0,120,-29.065233680985777,0.0,118,-46.90071073265241,0.0,118,-43.05614393297197,0.0,118,-58.54811977777331,0.0,120,-57.649148584507024,0.0,0.0,0.0,0.0,0.0,0.0,0.0,714.0,714.0,0.0,0.0,714.0,0.0,0.0,714
0.0,0.0,-0.0,0.0,25074.946761070816,714.0,-0.0,0.60783329118054,0.47997237932604736,0.0,799.2,0.0,0.0,1.0,888.0,-0.0,120,-49.256238104995724,0.0,120,-48.94681407520443,0.0,118,-22.34392034844874,0.0,118,-21.497077695961163,0.0,118,-10.388645617800542,0.0,120,-10.10573792562144,0.0,0.0,0.0,0.0,0.0,0.0,0.0,714.0,714.0,0.0,0.0,714.0,0.0,0.0,714
0.0,0.0,-0.0,0.0,24281.613427737484,714.0,-0.0,0.5886023665609164,0.47997237932604736,0.0,799.2,0.0,0.0,1.0,888.0,-0.0,120,-18.307143032775105,0.0,120,-4.048404799649208,0.0,118,-0.49394749003367044,0.0,118,-38.932704225915344,0.0,118,-20.787260992857775,0.0,120,-45.69232994499902,0.0,0.0,0.0,0.0,0.0,0.0,0.0,714.0,714.0,0.0,0.0,714.0,0.0,0.0,714
0.0,0.0,-0.0,0.0,23488.280094404152,714.0,-0.0,0.5693714419412929,0.47997237932604736,0.0,799.2,0.0,0.0,1.0,888.0,-0.0,120,-10.714668063115253,0.0,120,-11.409682094524712,0.0,118,-37.22412015244045,0.0,118,-33.58223344314333,0.0,118,-25.449474964016925,0.0,120,-7.563915734687772,0.0,0.0,0.0,0.0,0.0,0.0,0.0,714.0,714.0,0.0,0.0,714.0,0.0,0.0,714
0.0,0.0,-0.0,0.0,22694.94676107082,714.0,-0.0,0.5501405173216692,0.47997237932604736,0.0,799.2,0.0,0.0,1.0,888.0,-0.0,120,-35.40871568844473,0.0,120,-14.820209017056136,0.0,118,-3.2333555249643187,0.0,118,-25.286414939186198,0.0,118,-41.92412389159728,0.0,120,-53.00307902265977,0.0,0.0,0.0,0.0,0.0,0.0,0.0,714.0,714.0,0.0,0.0,714.0,0.0,0.0,714
0.0,0.0,-0.0,0.0,21901.613427737488,714.0,-0.0,0.5309095927020456,0.47997237932604736,0.0,799.2,0.0,0.0,1.0,888.0,-0.0,120,-51.1659568094224,0.0,120,-23.20720307799588,0.0,118,-18.541700467875685,0.0,118,-12.697332069754301,0.0,118,-48.4739723668849,0.0,120,-9.386795497395122,0.0,0.0,0.0,0.0,0.0,0.0,0.0,714.0,714.0,0.0,0.0,714.0,0.0,0.0,714
0.0,0.0,-0.0,0.0,21108.280094404156,714.0,-0.0,0.511678668082422,0.47997237932604736,0.0,799.2,0.0,0.0,1.0,888.0,-0.0,120,-54.76430278362309,0.0,120,-54.92501629299777,0.0,118,-27.73294816278148,0.0,118,-49.54066836095214,0.0,118,-6.391423690252191,0.0,120,-36.86325745779408,0.0,0.0,0.0,0.0,0.0,0.0,0.0,714.0,714.0,0.0,0.0,714.0,0.0,0.0,714
0.0,0.0,-0.0,0.0,20314.946761070823,714.0,-0.0,0.4924477434627984,0.47997237932604736,0.0,799.2,0.0,0.0,1.0,888.0,-0.0,120,-54.59867512884712,0.0,120,-27.51796155482466,0.0,118,-7.607875496526557,0.0,118,-5.339582442708409,0.0,118,-41.153392097931544,0.0,120,-52.38080081718337,0.0,0.0,0.0,0.0,0.0,0.0,0.0,714.0,714.0,0.0,0.0,714.0,0.0,0.0,714
0.0,0.0,-0.0,0.0,19521.61342773749,714.0,-0.0,0.47321681884317485,0.47997237932604736,0.0,799.2,0.0,0.0,1.0,888.0,-0.0,120,-43.60106699565714,0.0,120,-37.538415009615576,0.0,118,-2.5185334882982535,0.0,118,-50.37821088538834,0.0,118,-45.15119529215712,0.0,120,-37.89972562517377,0.0,0.0,0.0,0.0,0.0,0.0,0.0,714.0,714.0,0.0,0.0,714.0,0.0,0.0,714
0.0,0.0,-0.0,0.0,18728.28009440416,714.0,-0.0,0.45398589422355123,0.47997237932604736,0.0,799.2,0.0,0.0,1.0,888.0,-0.0,120,-52.81630953731747,0.0,120,-13.989644588002898,0.0,118,-3.756050211568236,0.0,118,-37.551541408954826,0.0,118,-37.12384089192324,0.0,120,-30.07386741477451,0.0,0.0,0.0,0.0,0.0,0.0,0.0,714.0,714.0,0.0,0.0,714.0,0.0,0.0,714
0.0,0.0,-0.0,0.0,17934.946761070827,714.0,-0.0,0.4347549696039276,0.47997237932604736,0.0,799.2,0.0,0.0,1.0,888.0,-0.0,120,-11.226148292335301,0.0,120,-3.6876427796531175,0.0,118,-19.848843605020946,0.0,118,-53.22581748539718,0.0,118,-2.3854765513796616,0.0,120,-22.218381883738395,0.0,0.0,0.0,0.0,0.0,0.0,0.0,714.0,714.0,0.0,0.0,714.0,0.0,0.0,714
0.0,0.0,-0.0,0.0,17141.613427737495,714.0,-0.0,0.41552404498430406,0.47997237932604736,0.0,799.2,0.0,0.0,1.0,888.0,-0.0,120,-13.902571014622694,0.0,120,-46.5134744099302,0.0,118,-42.3024945386631,0.0,118,-59.7028390177225,0.0,118,-51.00771749124516,0.0,120,-32.82435695980268,0.0,0.0,0.0,0.0,0.0,0.0,0.0,714.0,714.0,0.0,0.0,714.0,0.0,0.0,714
0.0,0.0,-0.0,0.0,16348.280094404161,714.0,-0.0,0.3962931203646804,0.47997237932604736,0.0,799.2,0.0,0.0,1.0,888.0,-0.0,120,-20.219938466556123,0.0,120,-37.270857268722814,0.0,118,-13.38986882241848,0.0,118,-0.5105848725985296,0.0,118,-48.6488496896832,0.0,120,-58.167146056243936,0.0,0.0,0.0,0.0,0.0,0.0,0.0,714.0,714.0,0.0,0.0,714.0,0.0,0.0,714
0.0,0.0,-0.0,0.0,15554.946761070827,714.0,-0.0,0.3770621957450568,0.47997237932604736,0.0,799.2,0.0,0.0,1.0,888.0,-0.0,120,-18.994288039974897,0.0,120,-34.52581661127921,0.0,118,-48.0342182049222,0.0,118,-46.13021626097704,0.0,118,-35.46584725624005,0.0,120,-51.12105013937785,0.0,0.0,0.0,0.0,0.0,0.0,0.0,714.0,714.0,0.0,0.0,714.0,0.0,0.0,714
0.0,0.0,-0.0,0.0,14761.613427737493,714.0,-0.0,0.3578312711254331,0.47997237932604736,0.0,799.2,0.0,0.0,1.0,888.0,-0.0,120,-37.67629099486103,0.0,120,-36.216288092415326,0.0,118,-57.97966139920006,0.0,118,-25.202355849843254,0.0,118,-13.181390206778635,0.0,120,-27.802083546369264,0.0,0.0,0.0,0.0,0.0,0.0,0.0,714.0,714.0,0.0,0.0,714.0,0.0,0.0,714
0.0,0.0,-0.0,0.0,13968.28009440416,714.0,-0.0,0.3386003465058095,0.47997237932604736,0.0,799.2,0.0,0.0,1.0,888.0,-0.0,120,-52.10923858667809,0.0,120,-10.53482671739584,0.0,118,-18.32325138719664,0.0,118,-28.41504321943142,0.0,118,-42.74073976986973,0.0,120,-9.645591782233181,0.0,0.0,0.0,0.0,0.0,0.0,0.0,714.0,714.0,0.0,0.0,714.0,0.0,0.0,714
0.0,0.0,-0.0,0.0,13174.946761070825,714.0,-0.0,0.31936942188618583,0.47997237932604736,0.0,799.2,0.0,0.0,1.0,888.0,-0.0,120,-27.394130553481965,0.0,120,-11.127196309947191,0.0,118,-33.674381505144346,0.0,118,-19.1942442953897,0.0,118,-26.353031202765013,0.0,120,-56.51131315258225,0.0,0.0,0.0,0.0,0.0,0.0,0.0,714.0,714.0,0.0,0.0,714.0,0.0,0.0,714
0.0,0.0,-0.0,0.0,12381.613427737491,714.0,-0.0,0.3001384972665622,0.47997237932604736,0.0,799.2,0.0,0.0,1.0,888.0,-0.0,120,-14.267942952460535,0.0,120,-42.265861122629396,0.0,118,-47.0554250036688,0.0,118,-1.8006124299016535,0.0,118,-33.28663346497196,0.0,120,-44.53624673937183,0.0,0.0,0.0,0.0,0.0,0.0,0.0,714.0,714.0,0.0,0.0,714.0,0.0,0.0,714
0.0,0.0,-0.0,0.0,11588.280094404157,714.0,-0.0,0.2809075726469386,0.47997237932604736,0.0,799.2,0.0,0.0,1.0,888.0,-0.0,120,-24.48365073141471,0.0,120,-45.05005454495921,0.0,118,-0.9516764270743683,0.0,118,-21.25496225203651,0.0,118,-54.00656720100136,0.0,120,-25.363420115286765,0.0,0.0,0.0,0.0,0.0,0.0,0.0,714.0,714.0,0.0,0.0,714.0,0.0,0.0,714
0.0,0.0,-0.0,0.0,10794.946761070823,714.0,-0.0,0.26167664802731494,0.47997237932604736,0.0,799.2,0.0,0.0,1.0,888.0,-0.0,120,-40.95141730310519,0.0,120,-51.572417730296095,0.0,118,-31.006316424867244,0.0,118,-53.14981767327943,0.0,118,-29.08629774976936,0.0,120,-32.948847587617976,0.0,0.0,0.0,0.0,0.0,0.0,0.0,714.0,714.0,0.0,0.0,714.0,0.0,0.0,714
0.0,0.0,-0.0,0.0,10001.61342773749,714.0,-0.0,0.2424457234076913,0.47997237932604736,0.0,799.2,0.0,0.0,1.0,888.0,-0.0,120,-17.45763764712381,0.0,120,-32.78243912135241,0.0,118,-33.86328752010589,0.0,118,-43.42576701953702,0.0,118,-43.23944749298712,0.0,120,-28.69282511299407,0.0,0.0,0.0,0.0,0.0,0.0,0.0,714.0,714.0,0.0,0.0,714.0,0.0,0.0,714
0.0,0.0,-0.0,0.0,9208.280094404156,714.0,-0.0,0.22321479878806766,0.47997237932604736,0.0,799.2,0.0,0.0,1.0,888.0,-0.0,120,-11.504075655032418,0.0,120,-26.058249908231698,0.0,118,-42.37689338257444,0.0,118,-6.270179783846192,0.0,118,-41.95253443084639,0.0,120,-57.851565032977305,0.0,0.0,0.0,0.0,0.0,0.0,0.0,714.0,714.0,0.0,0.0,714.0,0.0,0.0,714
0.0,0.0,-0.0,0.0,8414.946761070822,714.0,-0.0,0.20398387416844402,0.47997237932604736,0.0,799.2,0.0,0.0,1.0,888.0,-0.0,120,-47.73249514796091,0.0,120,-3.7067941191269083,0.0,118,-21.34642148780341,0.0,118,-12.7656892376078,0.0,118,-43.90544548699278,0.0,120,-24.137465905449787,0.0,0.0,0.0,0.0,0.0,0.0,0.0,714.0,714.0,0.0,0.0,714.0,0.0,0.0,714
0.0,0.0,-0.0,0.0,7621.613427737489,714.0,-0.0,0.1847529495488204,0.47997237932604736,0.0,799.2,0.0,0.0,1.0,888.0,-0.0,120,-28.55243095832221,0.0,120,-20.06738095204335,0.0,118,-51.02248200230626,0.0,118,-27.10417771637141,0.0,118,-30.56514285273803,0.0,120,-33.374084624729484,0.0,0.0,0.0,0.0,0.0,0.0,0.0,714.0,714.0,0.0,0.0,714.0,0.0,0.0,714
0.0,0.0,-0.0,0.0,6828.2800944041555,714.0,-0.0,0.1655220249291968,0.47997237932604736,0.0,799.2,0.0,0.0,1.0,888.0,-0.0,120,-1.315882108220543,0.0,120,-43.5743293564987,0.0,118,-36.12597950402784,0.0,118,-6.454010223315823,0.0,118,-37.481069071800555,0.0,120,-43.55077950480023,0.0,0.0,0.0,0.0,0.0,0.0,0.0,714.0,714.0,0.0,0.0,714.0,0.0,0.0,714
0.0,0.0,-0.0,0.0,6034.9467610708225,716.0,-0.0,0.14629110030957318,0.47997237932604736,0.0,799.2,0.0,0.0,1.0,888.0,-0.0,120,-14.47486314578541,0.0,120,-27.056328224845572,0.0,118,-27.488799153726397,0.0,118,-55.78828800044042,0.0,120,-55.1788139500628,0.0,120,-49.56604665070689,0.0,0.0,0.0,0.0,0.0,0.0,0.0,716.0,716.0,0.0,0.0,716.0,0.0,0.0,716
0.0,0.0,-0.0,0.0,5239.391205515267,716.0,-0.0,0.12700630755376013,0.47997237932604736,0.0,799.2,0.0,0.0,1.0,888.0,-0.0,120,-9.429938944239494,0.0,120,-12.760395387657455,0.0,118,-30.288418635197896,0.0,118,-30.966422108073463,0.0,120,-35.94317429440642,0.0,120,-5.420665705789876,0.0,0.0,0.0,0.0,0.0,0.0,0.0,716.0,716.0,0.0,0.0,716.0,0.0,0.0,716
0.0,0.0,-0.0,0.0,4443.835649959711,716.0,-0.0,0.10772151479794709,0.47997237932604736,0.0,799.2,0.0,0.0,1.0,888.0,-0.0,120,-35.66755268497467,0.0,120,-44.146421322434556,0.0,118,-5.9486203959341495,0.0,118,-50.2941495820264,0.0,120,-46.42428481748769,0.0,120,-5.086107574291221,0.0,0.0,0.0,0.0,0.0,0.0,0.0,716.0,716.0,0.0,0.0,716.0,0.0,0.0,716
0.0,0.0,-0.0,0.0,3648.2800944041555,716.0,-0.0,0.08843672204213404,0.47997237932604736,0.0,799.2,0.0,0.0,1.0,888.0,-0.0,120,-28.78761492639732,0.0,120,-20.5424124600136,0.0,118,-12.749282428687819,0.0,118,-13.185211671889157,0.0,120,-45.61649410926258,0.0,120,-39.05957115490354,0.0,0.0,0.0,0.0,0.0,0.0,0.0,716.0,716.0,0.0,0.0,716.0,0.0,0.0,716
0.0,0.0,-0.0,0.0,2852.7245388486,716.0,-0.0,0.069151929286321,0.47997237932604736,0.0,799.2,0.0,0.0,1.0,888.0,-0.0,120,-41.222528036718,0.0,120,-49.2422030678418,0.0,118,-1.2105515335953942,0.0,118,-38.04457849706204,0.0,120,-39.29543130574845,0.0,120,-2.682067068859997,0.0,0.0,0.0,0.0,0.0,0.0,0.0,716.0,716.0,0.0,0.0,716.0,0.0,0.0,716
0.0,0.0,-0.0,0.0,2057.168983293044,716.0,-0.0,0.04986713653050794,0.47997237932604736,0.0,799.2,0.0,0.0,1.0,888.0,-0.0,120,-58.78210073564436,0.0,120,-25.206980220918155,0.0,118,-47.83178319379607,0.0,118,-50.51907133646025,0.0,120,-31.834888273314753,0.0,120,-37.96805976205074,0.0,0.0,0.0,0.0,0.0,0.0,0.0,716.0,716.0,0.0,0.0,716.0,0.0,0.0,716
0.0,0.0,-0.0,0.0,1261.6134277374886,716.0,-0.0,0.030582343774694896,0.47997237932604736,0.0,799.2,0.0,0.0,1.0,888.0,-0.0,120,-55.830397844747026,0.0,120,-46.48327752864124,0.0,118,-1.7977424017923638,0.0,118,-48.992562710601,0.0,120,-48.383420813875105,0.0,120,-7.190260087575138,0.0,0.0,0.0,0.0,0.0,0.0,0.0,716.0,716.0,0.0,0.0,716.0,0.0,0.0,716
0.0,0.0,-0.0,0.0,466.057872181933,419.4520849637397,-0.0,0.011297551018881852,0.47997237932604736,142.33480836413239,799.2,0.0,296.5479150362603,1.0,888.0,-263334.54855219915,120,-37.700445784086746,0.0,120,-34.046966230817446,0.0,118,-53.201919304845056,0.0,118,-44.31297375954573,0.0,120,-18.61624102489194,0.0,120,-17.55652077600933,0.0,0.0,0.0,0.0,0.0,-263334.54855219915,-263334.54855219915,716.0,716.0,0.0,0.0,716.0,0.0,0.0,716
0.0,0.0,-0.0,0.0,0.0,0.0,-0.0,0.0,0.47997237932604736,343.6602235974499,799.2,0.0,716.0,1.0,888.0,-635808.0,120,-7.9452247120491055,0.0,120,-43.63595543634024,0.0,118,-1.9483091454549872,0.0,118,-24.569394240578042,0.0,120,-2.8261060005626026,0.0,120,-3.5406589726759696,0.0,0.0,0.0,0.0,0.0,-635808.0,-635808.0,716.0,716.0,0.0,0.0,716.0,0.0,0.0,716
0.0,0.0,-0.0,0.0,0.0,0.0,-0.0,0.0,0.47997237932604736,343.6602235974499,799.2,0.0,716.0,1.0,888.0,-635808.0,120,-26.608239664323154,0.0,120,-16.566483492674806,0.0,118,-56.94435859886722,0.0,118,-43.901817620170895,0.0,120,-32.53294758193907,0.0,120,-42.367647775818334,0.0,0.0,0.0,0.0,0.0,-635808.0,-635808.0,716.0,716.0,0.0,0.0,716.0,0.0,0.0,716
0.0,0.0,-0.0,0.0,0.0,0.0,-0.0,0.0,0.47997237932604736,343.6602235974499,799.2,0.0,716.0,1.0,888.0,-635808.0,120,-6.481213278185278,0.0,120,-0.7317330375661601,0.0,118,-28.43234715600318,0.0,118,-59.763003406173574,0.0,120,-21.610304246399746,0.0,120,-43.333029622385354,0.0,0.0,0.0,0.0,0.0,-635808.0,-635808.0,716.0,716.0,0.0,0.0,716.0,0.0,0.0,716
0.0,0.0,-0.0,0.0,0.0,0.0,-0.0,0.0,0.47997237932604736,343.6602235974499,799.2,0.0,716.0,1.0,888.0,-635808.0,120,-22.737923090001757,0.0,120,-58.0706201865255,0.0,118,-58.9577711782546,0.0,118,-53.86975948895162,0.0,120,-50.859835953606876,0.0,120,-57.88933007652068,0.0,0.0,0.0,0.0,0.0,-635808.0,-635808.0,716.0,716.0,0.0,0.0,716.0,0.0,0.0,716
0.0,0.0,-0.0,0.0,0.0,0.0,-0.0,0.0,0.47997237932604736,343.6602235974499,799.2,0.0,716.0,1.0,888.0,-635808.0,120,-27.864049427243415,0.0,120,-18.808474033716294,0.0,118,-0.9723908105092804,0.0,118,-57.54511614382359,0.0,120,-56.54274827184145,0.0,120,-48.04758549026365,0.0,0.0,0.0,0.0,0.0,-635808.0,-635808.0,716.0,716.0,0.0,0.0,716.0,0.0,0.0,716
0.0,0.0,-0.0,0.0,0.0,0.0,-0.0,0.0,0.47997237932604736,344.620168356102,799.2,0.0,718.0,1.0,888.0,-637584.0,120,-7.45036250482928,0.0,120,-23.37362189178545,0.0,120,-57.39465406548921,0.0,118,-17.474468209897747,0.0,120,-5.3761757848225455,0.0,120,-8.775720499747063,0.0,0.0,0.0,0.0,0.0,-637584.0,-637584.0,718.0,718.0,0.0,0.0,718.0,0.0,0.0,718
0.0,0.0,-0.0,0.0,0.0,0.0,-0.0,0.0,0.47997237932604736,344.620168356102,799.2,0.0,718.0,1.0,888.0,-637584.0,120,-25.72406007601895,0.0,120,-48.79893900122196,0.0,120,-35.542300839341934,0.0,118,-43.752531344571594,0.0,120,-6.444397137586046,0.0,120,-29.170459134625442,0.0,0.0,0.0,0.0,0.0,-637584.0,-637584.0,718.0,718.0,0.0,0.0,718.0,0.0,0.0,718
0.0,0.0,-0.0,0.0,0.0,0.0,-0.0,0.0,0.47997237932604736,344.620168356102,799.2,0.0,718.0,1.0,888.0,-637584.0,120,-34.275582148858966,0.0,120,-37.57156960736895,0.0,120,-36.32131356127498,0.0,118,-47.57530463318754,0.0,120,-19.12452803279786,0.0,120,-39.85526960812787,0.0,0.0,0.0,0.0,0.0,-637584.0,-637584.0,718.0,718.0,0.0,0.0,718.0,0.0,0.0,718
0.0,0.0,-0.0,0.0,0.0,0.0,-0.0,0.0,0.47997237932604736,344.620168356102,799.2,0.0,718.0,1.0,888.0,-637584.0,120,-18.801463429429287,0.0,120,-6.017738235739982,0.0,120,-29.797987021804218,0.0,118,-37.49503097574512,0.0,120,-37.18803365100257,0.0,120,-10.13386445319603,0.0,0.0,0.0,0.0,0.0,-637584.0,-637584.0,718.0,718.0,0.0,0.0,718.0,0.0,0.0,718
0.0,0.0,-0.0,0.0,0.0,0.0,-0.0,0.0,0.47997237932604736,344.620168356102,799.2,0.0,718.0,1.0,888.0,-637584.0,120,-42.76928655391684,0.0,120,-29.87721522816749,0.0,120,-38.187808459774935,0.0,118,-51.432602623655015,0.0,120,-33.365667415536954,0.0,120,-35.79817553696856,0.0,0.0,0.0,0.0,0.0,-637584.0,-637584.0,718.0,718.0,0.0,0.0,718.0,0.0,0.0,718
0.0,0.0,-0.0,0.0,0.0,0.0,-0.0,0.0,0.47997237932604736,344.620168356102,799.2,0.0,718.0,1.0,888.0,-637584.0,120,-17.663256995244566,0.0,120,-24.35355980832822,0.0,120,-50.51825903098916,0.0,118,-26.974067012322266,0.0,120,-45.978909775610745,0.0,120,-1.7899567818342765,0.0,0.0,0.0,0.0,0.0,-637584.0,-637584.0,718.0,718.0,0.0,0.0,718.0,0.0,0.0,718
0.0,0.0,-0.0,0.0,0.0,0.0,-0.0,0.0,0.47997237932604736,345.5801131147541,799.2,0.0,720.0,1.0,888.0,-639360.0,120,-57.37113453719766,0.0,120,-2.4472406535771762,0.0,120,-27.759501049206026,0.0,120,-45.50834614025046,0.0,120,-44.27059655964752,0.0,120,-40.69928132690116,0.0,0.0,0.0,0.0,0.0,-639360.0,-639360.0,720.0,720.0,0.0,0.0,720.0,0.0,0.0,720
0.0,0.0,-0.0,0.0,0.0,0.0,-0.0,0.0,0.47997237932604736,345.5801131147541,799.2,0.0,720.0,1.0,888.0,-639360.0,120,-19.222725478538173,0.0,120,-25.013228433045743,0.0,120,-58.67622587660095,0.0,120,-22.39003283307077,0.0,120,-29.471936604304673,0.0,120,-24.135654748704056,0.0,0.0,0.0,0.0,0.0,-639360.0,-639360.0,720.0,720.0,0.0,0.0,720.0,0.0,0.0,720
0.0,0.0,-0.0,0.0,0.0,0.0,-0.0,0.0,0.47997237932604736,345.5801131147541,799.2,0.0,720.0,1.0,888.0,-639360.0,120,-42.54175343593845,0.0,120,-1.436769724727418,0.0,120,-41.73578326074702,0.0,120,-16.171575373366316,0.0,120,-26.84492132681048,0.0,120,-44.577499646044814,0.0,0.0,0.0,0.0,0.0,-639360.0,-639360.0,720.0,720.0,0.0,0.0,720.0,0.0,0.0,720
0.0,0.0,-0.0,0.0,0.0,0.0,-0.0,0.0,0.47997237932604736,345.5801131147541,799.2,0.0,720.0,1.0,888.0,-639360.0,120,-31.91532533490278,0.0,120,-56.85856249100661,0.0,120,-12.775589649546076,0.0,120,-47.03369819422332,0.0,120,-19.993814916796246,0.0,120,-3.951518994893146,0.0,0.0,0.0,0.0,0.0,-639360.0,-639360.0,720.0,720.0,0.0,0.0,720.0,0.0,0.0,720
0.0,0.0,-0.0,0.0,0.0,0.0,-0.0,0.0,0.47997237932604736,345.5801131147541,799.2,0.0,720.0,1.0,888.0,-639360.0,120,-54.32162021622126,0.0,120,-39.52864135003569,0.0,120,-52.22237436816501,0.0,120,-4.63056837555563,0.0,120,-11.13605524686804,0.0,120,-6.638480529041166,0.0,0.0,0.0,0.0,0.0,-639360.0,-639360.0,720.0,720.0,0.0,0.0,720.0,0.0,0.0,720
0.0,0.0,-0.0,0.0,0.0,0.0,-0.0,0.0,0.47997237932604736,345.5801131147541,799.2,0.0,720.0,1.0,888.0,-639360.0,120,-20.191962417937653,0.0,120,-43.11960344768679,0.0,120,-26.421729277334755,0.0,120,-3.2654499201306852,0.0,120,-5.1306210571078825,0.0,120,-4.369432286202873,0.0,0.0,0.0,0.0,0.0,-639360.0,-639360.0,720.0,720.0,0.0,0.0,720.0,0.0,0.0,720
0.0,0.0,-0.0,0.0,0.0,0.0,-0.0,0.0,0.47997237932604736,345.5801131147541,799.2,0.0,720.0,1.0,888.0,-639360.0,120,-24.978514297774076,0.0,120,-12.622209486414636,0.0,120,-10.34954125568014,0.0,120,-12.642240372077582,0.0,120,-19.966090380117983,0.0,120,-46.3996235224463,0.0,0.0,0.0,0.0,0.0,-639360.0,-639360.0,720.0,720.0,0.0,0.0,720.0,0.0,0.0,720
0.0,0.0,-0.0,0.0,0.0,0.0,-0.0,0.0,0.47997237932604736,345.5801131147541,799.2,0.0,720.0,1.0,888.0,-639360.0,120,-39.18320625115916,0.0,120,-51.22601741512418,0.0,120,-5.7680356669431365,0.0,120,-44.998871044644915,0.0,120,-0.16057656037855583,0.0,120,-15.645715408418216,0.0,0.0,0.0,0.0,0.0,-639360.0,-639360.0,720.0,720.0,0.0,0.0,720.0,0.0,0.0,720
0.0,0.0,-0.0,0.0,0.0,0.0,-0.0,0.0,0.47997237932604736,345.5801131147541,799.2,0.0,720.0,1.0,888.0,-639360.0,120,-28.76156253914531,0.0,120,-0.5180339629943331,0.0,120,-52.713277872724426,0.0,120,-8.3807594285942,0.0,120,-1.3976829501392474,0.0,120,-8.120415941196104,0.0,0.0,0.0,0.0,0.0,-639360.0,-639360.0,720.0,720.0,0.0,0.0,720.0,0.0,0.0,720
0.0,0.0,-0.0,0.0,0.0,0.0,-0.0,0.0,0.47997237932604736,345.5801131147541,799.2,0.0,720.0,1.0,888.0,-639360.0,120,-45.73237358518975,0.0,120,-25.569192484050262,0.0,120,-53.26118602575851,0.0,120,-36.655317683749466,0.0,120,-23.516494643089096,0.0,120,-21.71404403266877,0.0,0.0,0.0,0.0,0.0,-639360.0,-639360.0,720.0,720.0,0.0,0.0,720.0,0.0,0.0,720
0.0,0.0,-0.0,0.0,0.0,0.0,-0.0,0.0,0.47997237932604736,345.5801131147541,799.2,0.0,720.0,1.0,888.0,-639360.0,120,-21.434776937342658,0.0,120,-19.00340983270845,0.0,120,-50.8543618099342,0.0,120,-33.33893117712207,0.0,120,-18.07551661615311,0.0,120,-19.256851204676295,0.0,0.0,0.0,0.0,0.0,-639360.0,-639360.0,720.0,720.0,0.0,0.0,720.0,0.0,0.0,720
0.0,0.0,-0.0,0.0,0.0,0.0,-0.0,0.0,0.47997237932604736,345.5801131147541,799.2,0.0,720.0,1.0,888.0,-639360.0,120,-54.5056552943069,0.0,120,-54.8877926085718,0.0,120,-36.35887084937409,0.0,120,-0.7420007463939515,0.0,120,-32.279169582256465,0.0,120,-49.82944617685205,0.0,0.0,0.0,0.0,0.0,-639360.0,-639360.0,720.0,720.0,0.0,0.0,720.0,0.0,0.0,720
0.0,0.0,-0.0,0.0,0.0,0.0,-0.0,0.0,0.47997237932604736,345.5801131147541,799.2,0.0,720.0,1.0,888.0,-639360.0,120,-38.42029361269348,0.0,120,-56.4339023648691,0.0,120,-58.860531464796416,0.0,120,-11.378674920407214,0.0,120,-50.57023617661191,0.0,120,-11.225426201817248,0.0,0.0,0.0,0.0,0.0,-639360.0,-639360.0,720.0,720.0,0.0,0.0,720.0,0.0,0.0,720
0.0,0.0,-0.0,0.0,0.0,0.0,-0.0,0.0,0.47997237932604736,345.5801131147541,799.2,0.0,720.0,1.0,888.0,-639360.0,120,-19.517994552665627,0.0,120,-17.217042483197254,0.0,120,-54.66582753616611,0.0,120,-58.68526533808297,0.0,120,-47.70998244520556,0.0,120,-3.5715723645805975,0.0,0.0,0.0,0.0,0.0,-639360.0,-639360.0,720.0,720.0,0.0,0.0,720.0,0.0,0.0,720
0.0,0.0,-0.0,0.0,0.0,0.0,-0.0,0.0,0.47997237932604736,345.5801131147541,799.2,0.0,720.0,1.0,888.0,-639360.0,120,-43.330796222385864,0.0,120,-29.79767668867435,0.0,120,-11.035839213868675,0.0,120,-37.62409798469057,0.0,120,-5.516879234941905,0.0,120,-48.4194411806948,0.0,0.0,0.0,0.0,0.0,-639360.0,-639360.0,720.0,720.0,0.0,0.0,720.0,0.0,0.0,720
0.0,0.0,-0.0,0.0,0.0,0.0,-0.0,0.0,0.47997237932604736,345.5801131147541,799.2,0.0,720.0,1.0,888.0,-639360.0,120,-26.704171759240953,0.0,120,-0.8276665688277229,0.0,120,-20.051573795787306,0.0,120,-29.457251844815556,0.0,120,-21.67234936757309,0.0,120,-14.480816263702515,0.0,0.0,0.0,0.0,0.0,-639360.0,-639360.0,720.0,720.0,0.0,0.0,720.0,0.0,0.0,720
0.0,0.0,-0.0,0.0,0.0,0.0,-0.0,0.0,0.47997237932604736,345.5801131147541,799.2,0.0,720.0,1.0,888.0,-639360.0,120,-13.636948654010776,0.0,120,-6.225313594703805,0.0,120,-4.335815160970499,0.0,120,-17.919607724973922,0.0,120,-21.686139363455165,0.0,120,-28.424102963288576,0.0,0.0,0.0,0.0,0.0,-639360.0,-639360.0,720.0,720.0,0.0,0.0,720.0,0.0,0.0,720
0.0,0.0,-0.0,0.0,0.0,0.0,-0.0,0.0,0.47997237932604736,345.5801131147541,799.2,0.0,720.0,1.0,888.0,-639360.0,120,-23.716389096210165,0.0,120,-31.55874918238291,0.0,120,-42.869191125257785,0.0,120,-34.786553165135594,0.0,120,-40.949735029606856,0.0,120,-3.489994551451703,0.0,0.0,0.0,0.0,0.0,-639360.0,-639360.0,720.0,720.0,0.0,0.0,720.0,0.0,0.0,720
0.0,0.0,-0.0,0.0,0.0,0.0,-0.0,0.0,0.47997237932604736,345.5801131147541,799.2,0.0,720.0,1.0,888.0,-639360.0,120,-40.44089495390823,0.0,120,-11.786856582448719,0.0,120,-46.636889086536655,0.0,120,-31.891110702996627,0.0,120,-43.94641276090555,0.0,120,-18.978919301434843,0.0,0.0,0.0,0.0,0.0,-639360.0,-639360.0,720.0,720.0,0.0,0.0,720.0,0.0,0.0,720
0.0,0.0,-0.0,0.0,0.0,0.0,-0.0,0.0,0.47997237932604736,345.5801131147541,799.2,0.0,720.0,1.0,888.0,-639360.0,120,-37.58164983238688,0.0,120,-18.88674399627432,0.0,120,-41.75206774215948,0.0,120,-46.88033921036354,0.0,120,-8.398752345236144,0.0,120,-15.074898077319144,0.0,0.0,0.0,0.0,0.0,-639360.0,-639360.0,720.0,720.0,0.0,0.0,720.0,0.0,0.0,720
0.0,0.0,-0.0,0.0,0.0,0.0,-0.0,0.0,0.47997237932604736,345.5801131147541,799.2,0.0,720.0,1.0,888.0,-639360.0,120,-24.65771936401122,0.0,120,-45.851492262810346,0.0,120,-31.447097052535362,0.0,120,-27.630598600155277,0.0,120,-30.525493473778468,0.0,120,-40.366126696268005,0.0,0.0,0.0,0.0,0.0,-639360.0,-639360.0,720.0,720.0,0.0,0.0,720.0,0.0,0.0,720
0.0,0.0,-0.0,0.0,0.0,0.0,-0.0,0.0,0.47997237932604736,345.5801131147541,799.2,0.0,720.0,1.0,888.0,-639360.0,120,-50.87982248055066,0.0,120,-39.26260535880763,0.0,120,-46.33617542538762,0.0,120,-14.561549557411633,0.0,120,-55.52716422285351,0.0,120,-48.62519497093191,0.0,0.0,0.0,0.0,0.0,-639360.0,-639360.0,720.0,720.0,0.0,0.0,720.0,0.0,0.0,720
0.0,0.0,-0.0,0.0,0.0,0.0,-0.0,0.0,0.47997237932604736,345.5801131147541,799.2,0.0,720.0,1.0,888.0,-639360.0,120,-27.852984713876975,0.0,120,-24.033681519188686,0.0,120,-22.20431388315712,0.0,120,-31.464873886992482,0.0,120,-55.10806258837894,0.0,120,-50.04929209824142,0.0,0.0,0.0,0.0,0.0,-639360.0,-639360.0,720.0,720.0,0.0,0.0,720.0,0.0,0.0,720
0.0,0.0,-0.0,0.0,0.0,0.0,-0.0,0.0,0.47997237932604736,345.5801131147541,799.2,0.0,720.0,1.0,888.0,-639360.0,120,-13.762073602383191,0.0,120,-17.863906583397565,0.0,120,-54.62658143807612,0.0,120,-20.78347697350355,0.0,120,-44.457313522628695,0.0,120,-45.66066848544705,0.0,0.0,0.0,0.0,0.0,-639360.0,-639360.0,720.0,720.0,0.0,0.0,720.0,0.0,0.0,720
0.0,0.0,-0.0,0.0,0.0,0.0,-0.0,0.0,0.47997237932604736,345.5801131147541,799.2,0.0,720.0,1.0,888.0,-639360.0,120,-13.183436932402072,0.0,120,-26.804481894318734,0.0,120,-58.46473613384938,0.0,120,-52.60368583300611,0.0,120,-49.91479460790332,0.0,120,-35.23851177239808,0.0,0.0,0.0,0.0,0.0,-639360.0,-639360.0,720.0,720.0,0.0,0.0,720.0,0.0,0.0,720
0.0,0.0,-0.0,0.0,0.0,0.0,-0.0,0.0,0.47997237932604736,345.5801131147541,799.2,0.0,720.0,1.0,888.0,-639360.0,120,-25.27982047726251,0.0,120,-19.503822392073918,0.0,120,-53.222812004116626,0.0,120,-54.981766336073804,0.0,120,-0.2832354912809576,0.0,120,-7.563239093483145,0.0,0.0,0.0,0.0,0.0,-639360.0,-639360.0,720.0,720.0,0.0,0.0,720.0,0.0,0.0,720
395.9903421818743,0.0,-3959.9034218187435,0.0,0.0,0.0,-0.0,0.0,0.47997237932604736,155.46287604395346,799.2,0.0,323.8996299375528,1.0,888.0,-287622.87138454686,120,-5.853163596407742,0.0,120,-6.945987566192871,0.0,120,-28.666971797818704,0.0,120,-54.91554094848405,0.0,120,-43.15943291434399,0.0,120,-44.88459597494198,0.0,0.0,0.110027880572902,0.110027880572902,0.0,-291582.7748063656,-291582.7748063656,720.0,720.0,396.1003700624472,0.0,323.8996299375528,0.0,0.0,720
395.9903421818743,0.0,-3959.9034218187435,0.0,0.0,0.0,-0.0,0.0,0.47997237932604736,155.46287604395346,799.2,0.0,323.8996299375528,1.0,888.0,-287622.87138454686,120,-37.635247923963746,0.0,120,-2.3406464463692234,0.0,120,-18.362828466196728,0.0,120,-43.91329751436328,0.0,120,-10.563043107830069,0.0,120,-29.4767631623577,0.0,0.0,0.110027880572902,0.110027880572902,0.0,-291582.7748063656,-291582.7748063656,720.0,720.0,396.1003700624472,0.0,323.8996299375528,0.0,0.0,720
395.9903421818743,0.0,-3959.9034218187435,0.0,0.0,0.0,-0.0,0.0,0.47997237932604736,155.46287604395346,799.2,0.0,323.8996299375528,1.0,888.0,-287622.87138454686,120,-33.79276486188476,0.0,120,-53.61608548002178,0.0,120,-48.558174627340854,0.0,120,-5.389128971984518,0.0,120,-40.256102109454595,0.0,120,-54.03378550793762,0.0,0.0,0.110027880572902,0.110027880572902,0.0,-291582.7748063656,-291582.7748063656,720.0,720.0,396.1003700624472,0.0,323.8996299375528,0.0,0.0,720
395.9903421818743,0.0,-3959.9034218187435,0.0,0.0,0.0,-0.0,0.0,0.47997237932604736,155.46287604395346,799.2,0.0,323.8996299375528,1.0,888.0,-287622.87138454686,120,-3.515475077960757,0.0,120,-26.540644623467173,0.0,120,-36.924801661763496,0.0,120,-32.264580752108316,0.0,120,-52.84355199140613,0.0,120,-22.968469115385865,0.0,0.0,0.110027880572902,0.110027880572902,0.0,-291582.7748063656,-291582.7748063656,720.0,720.0,396.1003700624472,0.0,323.8996299375528,0.0,0.0,720
395.9903421818743,0.0,-3959.9034218187435,0.0,0.0,0.0,-0.0,0.0,0.47997237932604736,155.46287604395346,799.2,0.0,323.8996299375528,1.0,888.0,-287622.87138454686,120,-5.501210472356524,0.0,120,-18.660424083095343,0.0,120,-4.994511887400909,0.0,120,-11.580096850376362,0.0,120,-49.30500893093793,0.0,120,-38.432629003821404,0.0,0.0,0.110027880572902,0.110027880572902,0.0,-291582.7748063656,-291582.7748063656,720.0,720.0,396.1003700624472,0.0,323.8996299375528,0.0,0.0,720
395.9903421818743,0.0,-3959.9034218187435,0.0,0.0,0.0,-0.0,0.0,0.47997237932604736,155.46287604395346,799.2,0.0,323.8996299375528,1.0,888.0,-287622.87138454686,120,-26.566924942534584,0.0,120,-16.239837735793486,0.0,120,-10.275414763454416,0.0,120,-15.60672176757923,0.0,120,-30.079231223226618,0.0,120,-49.79873198298825,0.0,0.0,0.110027880572902,0.110027880572902,0.0,-291582.7748063656,-291582.7748063656,720.0,720.0,396.1003700624472,0.0,323.8996299375528,0.0,0.0,720
1119.4555379311105,0.0,-11194.555379311105,399.76658420450053,0.0,0.0,-0.0,0.0,0.47997237932604736,0.0,799.2,0.0,0.0,1.0,888.0,-0.0,120,-51.033128224546985,0.0,120,-9.714018399313915,0.0,120,-34.45455620999696,0.0,120,-26.182773070626876,0.0,120,-7.947529706325939,0.0,120,-52.14659982794289,0.0,0.0,0.311046273390139,0.311046273390139,0.0,-11194.555379311105,-11194.555379311105,1119.7665842045005,1119.7665842045005,1119.7665842045005,0.0,0.0,399.76658420450053,0.0,720
1119.4555379311105,0.0,-11194.555379311105,399.76658420450053,359.78992578405047,0.0,-0.0,0.008721545724772755,0.47997237932604736,0.0,799.2,0.0,0.0,1.0,888.0,-0.0,120,-27.400253846045704,0.0,120,-21.164810205553216,0.0,120,-59.42224201576354,0.0,120,-0.36336545464975556,0.0,120,-12.390757982531555,0.0,120,-11.001789284989847,0.0,0.0,0.311046273390139,0.311046273390139,0.0,-11194.555379311105,-11194.555379311105,1119.7665842045005,1119.7665842045005,1119.7665842045005,0.0,0.0,399.76658420450053,0.0,720
1119.4555379311105,0.0,-11194.555379311105,399.76658420450053,719.5798515681009,0.0,-0.0,0.01744309144954551,0.47997237932604736,0.0,799.2,0.0,0.0,1.0,888.0,-0.0,120,-6.628014371831227,0.0,120,-34.80463842823638,0.0,120,-30.613359240920918,0.0,120,-46.705818222410166,0.0,120,-37.575256631466786,0.0,120,-36.80165795137521,0.0,0.0,0.311046273390139,0.311046273390139,0.0,-11194.555379311105,-11194.555379311105,1119.7665842045005,1119.7665842045005,1119.7665842045005,0.0,0.0,399.76658420450053,0.0,720
1119.4555379311105,0.0,-11194.555379311105,399.76658420450053,1079.3697773521515,0.0,-0.0,0.026164637174318266,0.47997237932604736,0.0,799.2,0.0,0.0,1.0,888.0,-0.0,120,-29.74590643722121,0.0,120,-30.658704050700795,0.0,120,-32.650407300448414,0.0,120,-5.022155615327318,0.0,120,-59.03553217366666,0.0,120,-21.769667152256574,0.0,0.0,0.311046273390139,0.311046273390139,0.0,-11194.555379311105,-11194.555379311105,1119.7665842045005,1119.7665842045005,1119.7665842045005,0.0,0.0,399.76658420450053,0.0,720
1119.4555379311105,0.0,-11194.555379311105,399.76658420450053,1439.1597031362019,0.0,-0.0,0.03488618289909102,0.47997237932604736,0.0,799.2,0.0,0.0,1.0,888.0,-0.0,120,-16.103273956856853,0.0,120,-5.014293781095005,0.0,120,-37.44961484640253,0.0,120,-58.15451488235142,0.0,120,-6.8915545365722615,0.0,120,-50.70486538739519,0.0,0.0,0.311046273390139,0.311046273390139,0.0,-11194.555379311105,-11194.555379311105,1119.7665842045005,1119.7665842045005,1119.7665842045005,0.0,0.0,399.76658420450053,0.0,720
1119.4555379311105,0.0,-11194.555379311105,399.76658420450053,1798.9496289202523,0.0,-0.0,0.04360772862386377,0.47997237932604736,0.0,799.2,0.0,0.0,1.0,888.0,-0.0,120,-59.55270731919203,0.0,120,-5.963597447035314,0.0,120,-5.371596103532923,0.0,120,-1.0636046495005647,0.0,120,-52.68485567591578,0.0,120,-15.557124069181034,0.0,0.0,0.311046273390139,0.311046273390139,0.0,-11194.555379311105,-11194.555379311105,1119.7665842045005,1119.7665842045005,1119.7665842045005,0.0,0.0,399.76658420450053,0.0,720
1729.7501585130224,0.0,-17297.501585130223,1010.230778173626,2158.739554704303,0.0,-0.0,0.05232927434863653,0.47997237932604736,0.0,799.2,0.0,0.0,1.0,888.0,-0.0,120,-49.806718517453376,0.0,120,-22.550426593143666,0.0,120,-43.610286886442964,0.0,120,-35.54412070938319,0.0,120,-17.33992542533645,0.0,120,-31.424177931349785,0.0,0.0,0.480619660603785,0.480619660603785,0.0,-17297.501585130223,-17297.501585130223,1730.230778173626,1730.230778173626,1730.230778173626,0.0,0.0,1010.230778173626,0.0,720
1729.7501585130224,0.0,-17297.501585130223,1010.230778173626,3067.9472550605665,0.0,-0.0,0.07436907025090457,0.47997237932604736,0.0,799.2,0.0,0.0,1.0,888.0,-0.0,120,-28.68710435267998,0.0,120,-5.3734245463197405,0.0,120,-30.06901133388792,0.0,120,-28.535338997651472,0.0,120,-4.775365716766091,0.0,120,-58.69840999175134,0.0,0.0,0.480619660603785,0.480619660603785,0.0,-17297.501585130223,-17297.501585130223,1730.230778173626,1730.230778173626,1730.230778173626,0.0,0.0,1010.230778173626,0.0,720
1729.7501585130224,0.0,-17297.501585130223,1010.230778173626,3977.15495541683,0.0,-0.0,0.09640886615317262,0.47997237932604736,0.0,799.2,0.0,0.0,1.0,888.0,-0.0,120,-37.37750672531021,0.0,120,-46.97428219026094,0.0,120,-18.119698843705162,0.0,120,-3.3977642659393936,0.0,120,-45.739952122237675,0.0,120,-48.16211733408697,0.0,0.0,0.480619660603785,0.480619660603785,0.0,-17297.501585130223,-17297.501585130223,1730.230778173626,1730.230778173626,1730.230778173626,0.0,0.0,1010.230778173626,0.0,720
1729.7501585130224,0.0,-17297.501585130223,1010.230778173626,4886.362655773093,0.0,-0.0,0.11844866205544065,0.47997237932604736,0.0,799.2,0.0,0.0,1.0,888.0,-0.0,120,-15.338117622170714,0.0,120,-27.0800509215388,0.0,120,-18.771067625258997,0.0,120,-41.991539713501936,0.0,120,-5.580300889316407,0.0,120,-35.56029380361524,0.0,0.0,0.480619660603785,0.480619660603785,0.0,-17297.501585130223,-17297.501585130223,1730.230778173626,1730.230778173626,1730.230778173626,0.0,0.0,1010.230778173626,0.0,720
1729.7501585130224,0.0,-17297.501585130223,1010.230778173626,5795.570356129357,0.0,-0.0,0.1404884579577087,0.47997237932604736,0.0,799.2,0.0,0.0,1.0,888.0,-0.0,120,-9.629231828571685,0.0,120,-9.870321638450331,0.0,120,-51.171978406753674,0.0,120,-50.30108032508217,0.0,120,-17.63080597943259,0.0,120,-51.202671838389556,0.0,0.0,0.480619660603785,0.480619660603785,0.0,-17297.501585130223,-17297.501585130223,1730.230778173626,1730.230778173626,1730.230778173626,0.0,0.0,1010.230778173626,0.0,720
1729.7501585130224,0.0,-17297.501585130223,1010.230778173626,6704.77805648562,0.0,-0.0,0.16252825385997674,0.47997237932604736,0.0,799.2,0.0,0.0,1.0,888.0,-0.0,120,-41.10827183158999,0.0,120,-7.132745166799605,0.0,120,-56.679289167521894,0.0,120,-11.876197432004144,0.0,120,-58.12436452599208,0.0,120,-39.47031487148475,0.0,0.0,0.480619660603785,0.480619660603785,0.0,-17297.501585130223,-17297.501585130223,1730.230778173626,1730.230778173626,1730.230778173626,0.0,0.0,1010.230778173626,0.0,720
2121.1552914923795,0.0,-21211.552914923795,1401.744665010438,7613.985756841884,0.0,-0.0,0.18456804976224478,0.47997237932604736,0.0,799.2,0.0,0.0,1.0,888.0,-0.0,120,-16.24296475886988,0.0,120,-32.441147317932604,0.0,120,-8.58363861056411,0.0,120,-52.97432516307173,0.0,120,-18.7352918570662,0.0,120,-18.510685030673997,0.0,0.0,0.589373518058455,0.589373518058455,0.0,-21211.552914923795,-21211.552914923795,2121.744665010438,2121.744665010438,2121.744665010438,0.0,0.0,1401.744665010438,0.0,720
2121.1552914923795,0.0,-21211.552914923795,1401.744665010438,8875.555955351278,0.0,-0.0,0.2151493456318638,0.47997237932604736,0.0,799.2,0.0,0.0,1.0,888.0,-0.0,120,-39.97576602338128,0.0,120,-34.00573241975619,0.0,120,-47.44040961328411,0.0,120,-53.465908453804985,0.0,120,-51.434458959585584,0.0,120,-0.1516809330497959,0.0,0.0,0.589373518058455,0.589373518058455,0.0,-21211.552914923795,-21211.552914923795,2121.744665010438,2121.744665010438,2121.744665010438,0.0,0.0,1401.744665010438,0.0,720
2121.1552914923795,0.0,-21211.552914923795,1401.744665010438,10137.126153860672,0.0,-0.0,0.24573064150148285,0.47997237932604736,0.0,799.2,0.0,0.0,1.0,888.0,-0.0,120,-25.766956654956093,0.0,120,-36.588465862371244,0.0,120,-53.315260356347345,0.0,120,-52.8460357424729,0.0,120,-47.4966729327306,0.0,120,-37.86503378229492,0.0,0.0,0.589373518058455,0.589373518058455,0.0,-21211.552914923795,-21211.552914923795,2121.744665010438,2121.744665010438,2121.744665010438,0.0,0.0,1401.744665010438,0.0,720
2121.1552914923795,0.0,-21211.552914923795,1401.744665010438,11398.696352370067,0.0,-0.0,0.27631193737110193,0.47997237932604736,0.0,799.2,0.0,0.0,1.0,888.0,-0.0,120,-6.8965748222909795,0.0,120,-46.336049064468654,0.0,120,-1.1215805214116914,0.0,120,-21.43201314823964,0.0,120,-9.09893791456595,0.0,120,-14.873186406108637,0.0,0.0,0.589373518058455,0.589373518058455,0.0,-21211.552914923795,-21211.552914923795,2121.744665010438,2121.744665010438,2121.744665010438,0.0,0.0,1401.744665010438,0.0,720
2121.1552914923795,0.0,-21211.552914923795,1401.744665010438,12660.266550879462,0.0,-0.0,0.30689323324072093,0.47997237932604736,0.0,799.2,0.0,0.0,1.0,888.0,-0.0,120,-22.850107191167464,0.0,120,-35.12290304788133,0.0,120,-24.323740456928565,0.0,120,-36.26806640846891,0.0,120,-40.03701371130876,0.0,120,-35.60794398196192,0.0,0.0,0.589373518058455,0.589373518058455,0.0,-21211.552914923795,-21211.552914923795,2121.744665010438,2121.744665010438,2121.744665010438,0.0,0.0,1401.744665010438,0.0,720
2121.1552914923795,0.0,-21211.552914923795,1403.744665010438,13921.836749388856,0.0,-0.0,0.33747452911034,0.47997237932604736,0.0,799.2,0.0,0.0,1.0,888.0,-0.0,120,-58.44247712849696,0.0,120,-18.67083229307415,0.0,120,-23.954330293297765,0.0,120,-52.805928545335654,0.0,120,-8.902507391888562,0.0,118,-0.8717707226096305,0.0,0.0,0.589373518058455,0.589373518058455,0.0,-21211.552914923795,-21211.552914923795,2121.744665010438,2121.744665010438,2121.744665010438,0.0,0.0,1403.744665010438,0.0,718
2306.165259372496,0.0,-23061.65259372496,1588.8060388277263,15185.20694789825,0.0,-0.0,0.36809945817027245,0.47997237932604736,0.0,799.2,0.0,0.0,1.0,888.0,-0.0,120,-11.135983980838901,0.0,120,-31.49347778406028,0.0,120,-53.754064266369895,0.0,120,-47.99756078612056,0.0,120,-13.420333305681941,0.0,118,-52.62595290479912,0.0,0.0,0.640779455229924,0.640779455229924,0.0,-23061.65259372496,-23061.65259372496,2306.8060388277263,2306.8060388277263,2306.8060388277263,0.0,0.0,1588.8060388277263,0.0,718
2306.165259372496,0.0,-23061.65259372496,1588.8060388277263,16615.132382843203,0.0,-0.0,0.4027617963019224,0.47997237932604736,0.0,799.2,0.0,0.0,1.0,888.0,-0.0,120,-31.350803426198503,0.0,120,-38.745031336293856,0.0,120,-52.295628178213114,0.0,120,-12.029100136566546,0.0,120,-40.298014852591535,0.0,118,-54.03081070776371,0.0,0.0,0.640779455229924,0.640779455229924,0.0,-23061.65259372496,-23061.65259372496,2306.8060388277263,2306.8060388277263,2306.8060388277263,0.0,0.0,1588.8060388277263,0.0,718
2306.165259372496,0.0,-23061.65259372496,1588.8060388277263,18045.057817788158,0.0,-0.0,0.4374241344335723,0.47997237932604736,0.0,799.2,0.0,0.0,1.0,888.0,-0.0,120,-43.84017754950838,0.0,120,-52.02213554943399,0.0,120,-44.985629472721904,0.0,120,-6.047769524409182,0.0,120,-9.14878208573721,0.0,118,-43.35284511775838,0.0,0.0,0.640779455229924,0.640779455229924,0.0,-23061.65259372496,-23061.65259372496,2306.8060388277263,2306.8060388277263,2306.8060388277263,0.0,0.0,1588.8060388277263,0.0,718
2306.165259372496,0.0,-23061.65259372496,1588.8060388277263,19474.983252733113,0.0,-0.0,0.47208647256522224,0.47997237932604736,0.0,799.2,0.0,0.0,1.0,888.0,-0.0,120,-49.507147171259284,0.0,120,-55.90255685858519,0.0,120,-50.36562107473851,0.0,120,-2.5187864260553594,0.0,120,-48.53743053938459,0.0,118,-45.42875282871072,0.0,0.0,0.640779455229924,0.640779455229924,0.0,-23061.65259372496,-23061.65259372496,2306.8060388277263,2306.8060388277263,2306.8060388277263,0.0,0.0,1588.8060388277263,0.0,718
2306.165259372496,0.0,-23061.65259372496,1588.8060388277263,20904.908687678068,0.0,-0.0,0.5067488106968722,0.47997237932604736,0.0,799.2,0.0,0.0,1.0,888.0,-0.0,120,-17.92416968079895,0.0,120,-49.62793668129972,0.0,120,-4.075764173633556,0.0,120,-32.78110913938384,0.0,120,-0.8232902729603842,0.0,118,-1.8518132367021356,0.0,0.0,0.640779455229924,0.640779455229924,0.0,-23061.65259372496,-23061.65259372496,2306.8060388277263,2306.8060388277263,2306.8060388277263,0.0,0.0,1588.8060388277263,0.0,718
2306.165259372496,0.0,-23061.65259372496,1586.8060388277263,22334.834122623022,0.0,-0.0,0.5414111488285221,0.47997237932604736,0.0,799.2,0.0,0.0,1.0,888.0,-0.0,120,-4.110194638127915,0.0,120,-26.07362531482948,0.0,120,-31.534754531411394,0.0,120,-29.59197240537797,0.0,120,-1.2230474976201022,0.0,120,-34.63794745657141,0.0,0.0,0.640779455229924,0.640779455229924,0.0,-23061.65259372496,-23061.65259372496,2306.8060388277263,2306.8060388277263,2306.8060388277263,0.0,0.0,1586.8060388277263,0.0,720
2280.9292263435796,0.0,-22809.292263435796,1561.5629938418688,23762.959557567978,0.0,-0.0,0.5760298537698586,0.47997237932604736,0.0,799.2,0.0,0.0,1.0,888.0,-0.0,120,-49.587678415371045,0.0,120,-2.8428143159147656,0.0,120,-28.195239771849835,0.0,120,-37.21739006635703,0.0,120,-20.272642238602486,0.0,120,-57.77812591545397,0.0,0.0,0.633767498289408,0.633767498289408,0.0,-22809.292263435796,-22809.292263435796,2281.562993841869,2281.562993841869,2281.562993841869,0.0,0.0,1561.5629938418688,0.0,720
2280.9292263435796,0.0,-22809.292263435796,1565.5629938418688,25168.36625202566,0.0,-0.0,0.6100978414182159,0.47997237932604736,0.0,799.2,0.0,0.0,1.0,888.0,-0.0,120,-5.392649941107132,0.0,120,-17.29874666359456,0.0,120,-36.539116194509184,0.0,118,-27.1711508111529,0.0,120,-53.29116989950748,0.0,118,-8.075958543617556,0.0,0.0,0.633767498289408,0.633767498289408,0.0,-22809.292263435796,-22809.292263435796,2281.562993841869,2281.562993841869,2281.562993841869,0.0,0.0,1565.5629938418688,0.0,716
2280.9292263435796,0.0,-22809.292263435796,1565.5629938418688,26577.37294648334,0.0,-0.0,0.6442530954472,0.47997237932604736,0.0,799.2,0.0,0.0,1.0,888.0,-0.0,120,-35.528293974403624,0.0,120,-55.204164025664774,0.0,120,-43.61410196022299,0.0,118,-34.6579437104428,0.0,120,-16.18428677965593,0.0,118,-33.804252700680046,0.0,0.0,0.633767498289408,0.633767498289408,0.0,-22809.292263435796,-22809.292263435796,2281.562993841869,2281.562993841869,2281.562993841869,0.0,0.0,1565.5629938418688,0.0,716
2280.9292263435796,0.0,-22809.292263435796,1565.5629938418688,27986.379640941024,0.0,-0.0,0.6784083494761841,0.47997237932604736,0.0,799.2,0.0,0.0,1.0,888.0,-0.0,120,-20.080374143162544,0.0,120,-26.143787496383247,0.0,120,-49.32984606650702,0.0,118,-47.139903150973225,0.0,120,-48.848382811294066,0.0,118,-8.84789275980644,0.0,0.0,0.633767498289408,0.633767498289408,0.0,-22809.292263435796,-22809.292263435796,2281.562993841869,2281.562993841869,2281.562993841869,0.0,0.0,1565.5629938418688,0.0,716
2280.9292263435796,0.0,-22809.292263435796,1565.5629938418688,29395.386335398707,0.0,-0.0,0.7125636035051682,0.47997237932604736,0.0,799.2,0.0,0.0,1.0,888.0,-0.0,120,-37.0325243584605,0.0,120,-30.012743565241898,0.0,120,-31.424991775130724,0.0,118,-33.2461206107881,0.0,120,-3.4602108597229075,0.0,118,-17.094206796135744,0.0,0.0,0.633767498289408,0.633767498289408,0.0,-22809.292263435796,-22809.292263435796,2281.562993841869,2281.562993841869,2281.562993841869,0.0,0.0,1565.5629938418688,0.0,716
2280.9292263435796,0.0,-22809.292263435796,1565.5629938418688,30804.39302985639,0.0,-0.0,0.7467188575341525,0.47997237932604736,0.0,799.2,0.0,0.0,1.0,888.0,-0.0,120,-50.44789113721607,0.0,120,-4.802675672810526,0.0,120,-11.482490219222104,0.0,118,-34.952201319241524,0.0,120,-37.97685176928053,0.0,118,-5.832689774993107,0.0,0.0,0.633767498289408,0.633767498289408,0.0,-22809.292263435796,-22809.292263435796,2281.562993841869,2281.562993841869,2281.562993841869,0.0,0.0,1565.5629938418688,0.0,716
2023.1648489253578,0.0,-20231.648489253577,1311.7269953129446,32213.399724314073,0.0,-0.0,0.7808741115631366,0.47997237932604736,0.0,799.2,0.0,0.0,1.0,888.0,-0.0,118,-47.44559262844111,0.0,120,-0.6178730523235942,0.0,120,-34.61375209528966,0.0,118,-51.35987010567882,0.0,118,-32.254161050200224,0.0,118,-46.24587271631899,0.0,0.0,0.562146387586929,0.562146387586929,0.0,-20231.648489253577,-20231.648489253577,2023.7269953129446,2023.7269953129446,2023.7269953129446,0.0,0.0,1311.7269953129446,0.0,712
2023.1648489253578,0.0,-20231.648489253577,1251.7269953129446,33393.95402009572,0.0,-0.0,0.8094915283760143,0.47997237932604736,0.0,799.2,0.0,0.0,1.0,888.0,-0.0,180,-32.53467227030232,0.0,118,-10.968946611177149,0.0,120,-36.08280910537643,0.0,118,-15.351346313064953,0.0,118,-24.07905146636772,0.0,118,-46.36652674090223,0.0,0.0,0.562146387586929,0.562146387586929,0.0,-20231.648489253577,-20231.648489253577,2023.7269953129446,2023.7269953129446,2023.7269953129446,0.0,0.0,1251.7269953129446,0.0,772
2023.1648489253578,0.0,-20231.648489253577,1189.7269953129446,34520.50831587737,0.0,-0.0,0.8367999494794892,0.47997237932604736,0.0,799.2,0.0,0.0,1.0,888.0,-0.0,118,-15.769025699394248,0.0,118,-44.92685346412335,0.0,120,-11.185285776083084,0.0,180,-25.6854943506782,0.0,118,-32.268373514155485,0.0,180,-21.59123767123216,0.0,0.0,0.562146387586929,0.562146387586929,0.0,-20231.648489253577,-20231.648489253577,2023.7269953129446,2023.7269953129446,2023.7269953129446,0.0,0.0,1189.7269953129446,0.0,834
2023.1648489253578,0.0,-20231.648489253577,1127.7269953129446,35591.26261165902,0.0,-0.0,0.8627557416832478,0.47997237932604736,0.0,799.2,0.0,0.0,1.0,888.0,-0.0,180,-15.596701904311027,0.0,118,-16.65404423797503,0.0,120,-34.41832063693126,0.0,180,-29.362504945577722,0.0,118,-54.9654575357499,0.0,180,-22.41345564380455,0.0,0.0,0.562146387586929,0.562146387586929,0.0,-20231.648489253577,-20231.648489253577,2023.7269953129446,2023.7269953129446,2023.7269953129446,0.0,0.0,1127.7269953129446,0.0,896
2023.1648489253578,0.0,-20231.648489253577,1127.7269953129446,36606.21690744067,0.0,-0.0,0.8873589049872899,0.47997237932604736,0.0,799.2,0.0,0.0,1.0,888.0,-0.0,180,-16.038803093111365,0.0,118,-49.9350214136597,0.0,120,-18.73761127529268,0.0,180,-48.345964652215244,0.0,118,-11.424329326620255,0.0,180,-39.282792974881026,0.0,0.0,0.562146387586929,0.562146387586929,0.0,-20231.648489253577,-20231.648489253577,2023.7269953129446,2023.7269953129446,2023.7269953129446,0.0,0.0,1127.7269953129446,0.0,896
2023.1648489253578,0.0,-20231.648489253577,1104.7269953129446,37621.17120322232,0.0,-0.0,0.9119620682913321,0.47997237932604736,0.0,799.2,0.0,0.0,1.0,888.0,-0.0,180,-42.21240662160568,0.0,118,-42.060923971012315,0.0,120,-41.396714924069386,0.0,180,-0.8312117042009848,0.0,118,-35.587478346187474,0.0,203,-6.768516527576085,0.0,0.0,0.562146387586929,0.562146387586929,0.0,-20231.648489253577,-20231.648489253577,2023.7269953129446,2023.7269953129446,2023.7269953129446,0.0,0.0,1104.7269953129446,0.0,919
1567.4539764276508,0.0,-15674.539764276507,710.8895012891201,38615.42549900397,0.0,-0.0,0.9360634499067697,0.47997237932604736,0.0,799.2,0.0,0.0,1.0,888.0,-0.0,118,-29.158081264795065,0.0,118,-26.94885933659605,0.0,120,-40.46183553626323,0.0,180,-28.2683533097841,0.0,118,-23.70288174497973,0.0,203,-7.421457732935563,0.0,0.0,0.4355248614692,0.4355248614692,0.0,-15674.539764276507,-15674.539764276507,1567.88950128912,1567.88950128912,1567.88950128912,0.0,0.0,710.8895012891201,0.0,857
1567.4539764276508,0.0,-15674.539764276507,710.8895012891201,39255.22605016418,0.0,-0.0,0.9515726383575541,0.47997237932604736,0.0,799.2,0.0,0.0,1.0,888.0,-0.0,118,-25.916331778399677,0.0,118,-25.062408591521734,0.0,120,-30.900355693392108,0.0,180,-56.3876539610951,0.0,118,-11.669548381523644,0.0,203,-18.117766072275174,0.0,0.0,0.4355248614692,0.4355248614692,0.0,-15674.539764276507,-15674.539764276507,1567.88950128912,1567.88950128912,1567.88950128912,0.0,0.0,710.8895012891201,0.0,857
1567.4539764276508,0.0,-15674.539764276507,710.8895012891201,39895.02660132439,0.0,-0.0,0.9670818268083385,0.47997237932604736,0.0,799.2,0.0,0.0,1.0,888.0,-0.0,118,-29.311740058374998,0.0,118,-9.059357911417719,0.0,120,-46.773494455485235,0.0,180,-0.5404050718415698,0.0,118,-37.42110551564756,0.0,203,-35.7768255264612,0.0,0.0,0.4355248614692,0.4355248614692,0.0,-15674.539764276507,-15674.539764276507,1567.88950128912,1567.88950128912,1567.88950128912,0.0,0.0,710.8895012891201,0.0,857
1567.4539764276508,0.0,-15674.539764276507,710.8895012891201,40534.8271524846,0.0,-0.0,0.982591015259123,0.47997237932604736,0.0,799.2,0.0,0.0,1.0,888.0,-0.0,118,-12.850079940268902,0.0,118,-26.20717933535572,0.0,120,-29.375867795157543,0.0,180,-29.129318149375965,0.0,118,-58.6417855511453,0.0,203,-26.706724282515747,0.0,0.0,0.4355248614692,0.4355248614692,0.0,-15674.539764276507,-15674.539764276507,1567.88950128912,1567.88950128912,1567.88950128912,0.0,0.0,710.8895012891201,0.0,857
1567.4539764276508,0.0,-15674.539764276507,87.08032928354643,41174.62770364481,0.0,-0.0,0.9981002037099074,0.47997237932604736,0.0,799.2,561.8091720055736,0.0,1.0,888.0,448997.89026685443,180,-58.47480053606749,0.0,118,-53.643119297036286,0.0,120,-23.30479779356079,0.0,180,-38.96363965340723,0.0,118,-47.117227403241095,0.0,203,-6.348463581123216,0.0,0.0,0.4355248614692,0.4355248614692,0.0,433323.3505025779,433323.3505025779,1567.88950128912,1567.88950128912,1567.88950128912,0.0,0.0,648.8895012891201,0.0,919
1567.4539764276508,0.0,-15674.539764276507,0.0,41253.0,0.0,-0.0,1.0,0.47997237932604736,0.0,799.2,648.8895012891201,0.0,1.0,888.0,518592.4894302648,180,-4.221513832318928,0.0,118,-9.353819523220801,0.0,120,-15.408462057879952,0.0,180,-15.102528321295054,0.0,118,-20.00237607866767,0.0,203,-29.69389458930423,0.0,0.0,0.4355248614692,0.4355248614692,0.0,502917.9496659883,502917.9496659883,1567.88950128912,1567.88950128912,1567.88950128912,0.0,0.0,648.8895012891201,0.0,919
902.6546513764065,0.0,-9026.546513764064,0.0,41253.0,16.09454155180231,-0.0,1.0,0.47997237932604736,0.0,799.2,0.0,0.0,1.0,888.0,-0.0,180,-47.776559221913935,0.0,118,-19.76153446968575,0.0,120,-33.76331759233819,0.0,180,-52.42187050455834,0.0,118,-38.00143300457269,0.0,203,-8.405486399339079,0.0,0.0,0.250807071791166,0.250807071791166,0.0,-9026.546513764064,-9026.546513764064,919.0,919.0,902.9054584481977,0.0,16.09454155180231,0.0,0.0,919
902.6546513764065,0.0,-9026.546513764064,0.0,41235.11717605355,16.09454155180231,-0.0,0.9995665085218906,0.47997237932604736,0.0,799.2,0.0,0.0,1.0,888.0,-0.0,180,-26.94236229822944,0.0,118,-42.921365700979514,0.0,120,-51.23151458139654,0.0,180,-48.94453260693108,0.0,118,-13.45761255688516,0.0,203,-7.969415856068562,0.0,0.0,0.250807071791166,0.250807071791166,0.0,-9026.546513764064,-9026.546513764064,919.0,919.0,902.9054584481977,0.0,16.09454155180231,0.0,0.0,919
902.6546513764065,0.0,-9026.546513764064,0.0,41217.2343521071,16.09454155180231,-0.0,0.9991330170437811,0.47997237932604736,0.0,799.2,0.0,0.0,1.0,888.0,-0.0,180,-3.4234026106288784,0.0,118,-43.63191722166333,0.0,120,-32.37471009395656,0.0,180,-50.86046488667402,0.0,118,-0.582194160000753,0.0,203,-46.74272060847701,0.0,0.0,0.250807071791166,0.250807071791166,0.0,-9026.546513764064,-9026.546513764064,919.0,919.0,902.9054584481977,0.0,16.09454155180231,0.0,0.0,919
902.6546513764065,0.0,-9026.546513764064,45.90545844819769,41199.35152816065,0.0,-0.0,0.9986995255656717,0.47997237932604736,0.0,799.2,0.0,0.0,1.0,888.0,-0.0,180,-35.86763749321789,0.0,118,-51.2989655626313,0.0,120,-28.213315359725517,0.0,118,-41.752295923613396,0.0,118,-1.357563485423512,0.0,203,-29.919224366900426,0.0,0.0,0.250807071791166,0.250807071791166,0.0,-9026.546513764064,-9026.546513764064,902.9054584481977,902.9054584481977,902.9054584481977,0.0,0.0,45.90545844819769,0.0,857
902.6546513764065,0.0,-9026.546513764064,0.0,41240.66644076403,0.0,-0.0,0.9997010263681193,0.47997237932604736,0.0,799.2,45.90545844819769,0.0,1.0,888.0,36687.6423917996,180,-39.77901933689127,0.0,118,-52.00059833570298,0.0,120,-12.862268711198514,0.0,118,-42.42743262660911,0.0,118,-7.368233630288943,0.0,203,-5.363400832817433,0.0,0.0,0.250807071791166,0.250807071791166,0.0,27661.095878035536,27661.095878035536,902.9054584481977,902.9054584481977,902.9054584481977,0.0,0.0,45.90545844819769,0.0,857
902.6546513764065,0.0,-9026.546513764064,0.0,41240.66644076403,0.0,-0.0,0.9997010263681193,0.47997237932604736,0.0,799.2,45.90545844819769,0.0,1.0,888.0,36687.6423917996,180,-20.511052384618097,0.0,118,-1.14535668978351,0.0,120,-2.2290684358121116,0.0,118,-27.392029021562905,0.0,118,-49.573143486911405,0.0,203,-15.584904917635846,0.0,0.0,0.250807071791166,0.250807071791166,0.0,27661.095878035536,27661.095878035536,902.9054584481977,902.9054584481977,902.9054584481977,0.0,0.0,45.90545844819769,0.0,857
255.94380147323287,0.0,-2559.4380147323286,0.0,41240.66644076403,600.9850832721205,-0.0,0.9997010263681193,0.47997237932604736,0.0,799.2,0.0,0.0,1.0,888.0,-0.0,180,-57.64958544778114,0.0,118,-58.13943292461396,0.0,120,-45.76965027110776,0.0,118,-37.534519591380985,0.0,118,-47.48535772362522,0.0,203,-34.67302583935501,0.0,0.0,0.0711152546466332,0.0711152546466332,0.0,-2559.4380147323286,-2559.4380147323286,857.0,857.0,256.0149167278795,0.0,600.9850832721205,0.0,0.0,857
255.94380147323287,0.0,-2559.4380147323286,0.0,40572.90523712834,602.9850832721205,-0.0,0.9835140532113625,0.47997237932604736,0.0,799.2,0.0,0.0,1.0,888.0,-0.0,180,-23.07871682244984,0.0,120,-29.33000762002966,0.0,120,-47.539041603340394,0.0,118,-23.244659713241766,0.0,118,-39.09478662515984,0.0,203,-41.15314180919585,0.0,0.0,0.0711152546466332,0.0711152546466332,0.0,-2559.4380147323286,-2559.4380147323286,859.0,859.0,256.0149167278795,0.0,602.9850832721205,0.0,0.0,859
255.94380147323287,0.0,-2559.4380147323286,0.0,39902.921811270426,602.9850832721205,-0.0,0.9672732119184162,0.47997237932604736,0.0,799.2,0.0,0.0,1.0,888.0,-0.0,180,-42.729136544041815,0.0,120,-49.95936441299093,0.0,120,-55.54396987450458,0.0,118,-10.77338470894356,0.0,118,-30.556045887535404,0.0,203,-1.672733489457221,0.0,0.0,0.0711152546466332,0.0711152546466332,0.0,-2559.4380147323286,-2559.4380147323286,859.0,859.0,256.0149167278795,0.0,602.9850832721205,0.0,0.0,859
255.94380147323287,0.0,-2559.4380147323286,0.0,39232.93838541251,602.9850832721205,-0.0,0.95103237062547,0.47997237932604736,0.0,799.2,0.0,0.0,1.0,888.0,-0.0,180,-56.52518564856783,0.0,120,-55.9760658138552,0.0,120,-49.207338342442554,0.0,118,-1.7030160902994051,0.0,118,-48.00495651387553,0.0,203,-57.75891017796778,0.0,0.0,0.0711152546466332,0.0711152546466332,0.0,-2559.4380147323286,-2559.4380147323286,859.0,859.0,256.0149167278795,0.0,602.9850832721205,0.0,0.0,859
255.94380147323287,0.0,-2559.4380147323286,0.0,38562.9549595546,602.9850832721205,-0.0,0.9347915293325236,0.47997237932604736,0.0,799.2,0.0,0.0,1.0,888.0,-0.0,180,-58.91395928938938,0.0,120,-36.10356231160629,0.0,120,-50.090657295240526,0.0,118,-9.843767620649253,0.0,118,-43.406187141514025,0.0,203,-28.08585051151259,0.0,0.0,0.0711152546466332,0.0711152546466332,0.0,-2559.4380147323286,-2559.4380147323286,859.0,859.0,256.0149167278795,0.0,602.9850832721205,0.0,0.0,859
255.94380147323287,0.0,-2559.4380147323286,0.0,37892.971533696684,602.9850832721205,-0.0,0.9185506880395773,0.47997237932604736,0.0,799.2,0.0,0.0,1.0,888.0,-0.0,180,-19.67791553770785,0.0,120,-25.580223358364165,0.0,120,-0.09468398204793615,0.0,118,-24.813281018239337,0.0,118,-51.15018926302446,0.0,203,-31.835801503772736,0.0,0.0,0.0711152546466332,0.0711152546466332,0.0,-2559.4380147323286,-2559.4380147323286,859.0,859.0,256.0149167278795,0.0,602.9850832721205,0.0,0.0,859
0.0,0.0,-0.0,0.0,37222.98810783877,859.0,-0.0,0.9023098467466311,0.47997237932604736,0.0,799.2,0.0,0.0,1.0,888.0,-0.0,180,-32.13616406640513,0.0,120,-14.007131435731315,0.0,120,-50.314908571299405,0.0,118,-1.970683120690111,0.0,118,-19.393724738075655,0.0,203,-46.959885899326956,0.0,0.0,0.0,0.0,0.0,0.0,0.0,859.0,859.0,0.0,0.0,859.0,0.0,0.0,859
0.0,0.0,-0.0,0.0,36268.543663394325,859.0,-0.0,0.8791734822532743,0.47997237932604736,0.0,799.2,0.0,0.0,1.0,888.0,-0.0,180,-49.69652555934257,0.0,120,-27.458793454075764,0.0,120,-42.39244939196213,0.0,118,-41.00400152881249,0.0,118,-38.250807696047765,0.0,203,-27.50971820545112,0.0,0.0,0.0,0.0,0.0,0.0,0.0,859.0,859.0,0.0,0.0,859.0,0.0,0.0,859
0.0,0.0,-0.0,0.0,35314.09921894988,859.0,-0.0,0.8560371177599175,0.47997237932604736,0.0,799.2,0.0,0.0,1.0,888.0,-0.0,180,-0.18814102777098052,0.0,120,-25.94109578163855,0.0,120,-15.316341152591681,0.0,118,-23.670933079418354,0.0,118,-0.8052653529486586,0.0,203,-7.135368349999716,0.0,0.0,0.0,0.0,0.0,0.0,0.0,859.0,859.0,0.0,0.0,859.0,0.0,0.0,859
0.0,0.0,-0.0,0.0,34359.654774505434,859.0,-0.0,0.8329007532665609,0.47997237932604736,0.0,799.2,0.0,0.0,1.0,888.0,-0.0,180,-0.9571387994562963,0.0,120,-35.30257972838357,0.0,120,-22.521515383162793,0.0,118,-43.19414889675595,0.0,118,-33.54187357060222,0.0,203,-12.807032333279908,0.0,0.0,0.0,0.0,0.0,0.0,0.0,859.0,859.0,0.0,0.0,859.0,0.0,0.0,859
0.0,0.0,-0.0,0.0,33405.21033006099,859.0,-0.0,0.8097643887732041,0.47997237932604736,0.0,799.2,0.0,0.0,1.0,888.0,-0.0,180,-15.483098648915556,0.0,120,-57.88736797592443,0.0,120,-28.374221314732488,0.0,118,-1.6997123264553804,0.0,118,-32.22775367807772,0.0,203,-38.40756205076746,0.0,0.0,0.0,0.0,0.0,0.0,0.0,859.0,859.0,0.0,0.0,859.0,0.0,0.0,859
0.0,0.0,-0.0,0.0,32450.765885616544,859.0,-0.0,0.7866280242798473,0.47997237932604736,0.0,799.2,0.0,0.0,1.0,888.0,-0.0,180,-49.679090598336415,0.0,120,-42.34544826724802,0.0,120,-52.33946219745906,0.0,118,-15.99141936380989,0.0,118,-8.416766169236947,0.0,203,-56.870543547963365,0.0,0.0,0.0,0.0,0.0,0.0,0.0,859.0,859.0,0.0,0.0,859.0,0.0,0.0,859
0.0,0.0,-0.0,0.0,31496.3214411721,859.0,-0.0,0.7634916597864906,0.47997237932604736,0.0,799.2,0.0,0.0,1.0,888.0,-0.0,180,-24.859210969301195,0.0,120,-10.447366432107806,0.0,120,-7.695549164207627,0.0,118,-35.67403332140899,0.0,118,-42.29237236063298,0.0,203,-37.14752657078444,0.0,0.0,0.0,0.0,0.0,0.0,0.0,859.0,859.0,0.0,0.0,859.0,0.0,0.0,859
0.0,0.0,-0.0,0.0,30541.876996727653,859.0,-0.0,0.7403552952931339,0.47997237932604736,0.0,799.2,0.0,0.0,1.0,888.0,-0.0,180,-22.720805027460244,0.0,120,-58.70226919227097,0.0,120,-49.32179569685504,0.0,118,-39.767778520830085,0.0,118,-8.560001463579955,0.0,203,-17.25522383958101,0.0,0.0,0.0,0.0,0.0,0.0,0.0,859.0,859.0,0.0,0.0,859.0,0.0,0.0,859
0.0,0.0,-0.0,0.0,29587.432552283208,797.0,-0.0,0.7172189307997772,0.47997237932604736,0.0,799.2,0.0,0.0,1.0,888.0,-0.0,118,-13.020132739903314,0.0,120,-6.642668953839204,0.0,120,-54.19345553454498,0.0,118,-38.708600014709816,0.0,118,-8.667236517326728,0.0,203,-57.300353324946556,0.0,0.0,0.0,0.0,0.0,0.0,0.0,797.0,797.0,0.0,0.0,797.0,0.0,0.0,797
0.0,0.0,-0.0,0.0,28701.876996727653,797.0,-0.0,0.6957524785282926,0.47997237932604736,0.0,799.2,0.0,0.0,1.0,888.0,-0.0,118,-58.75171865997295,0.0,120,-35.73149527956172,0.0,120,-9.164998799065124,0.0,118,-16.403521934037848,0.0,118,-36.51497783421257,0.0,203,-13.133808135570375,0.0,0.0,0.0,0.0,0.0,0.0,0.0,797.0,797.0,0.0,0.0,797.0,0.0,0.0,797
0.0,0.0,-0.0,0.0,27816.3214411721,797.0,-0.0,0.674286026256808,0.47997237932604736,0.0,799.2,0.0,0.0,1.0,888.0,-0.0,118,-48.20954887101756,0.0,120,-1.3622237390737446,0.0,120,-11.643603111180061,0.0,118,-39.19785317362078,0.0,118,-37.5623508949551,0.0,203,-29.939607464621904,0.0,0.0,0.0,0.0,0.0,0.0,0.0,797.0,797.0,0.0,0.0,797.0,0.0,0.0,797
0.0,0.0,-0.0,0.0,26930.765885616544,797.0,-0.0,0.6528195739853233,0.47997237932604736,0.0,799.2,0.0,0.0,1.0,888.0,-0.0,118,-15.092962923108113,0.0,120,-53.221094740574756,0.0,120,-17.73542491492948,0.0,118,-32.54384368713707,0.0,118,-6.266749504205988,0.0,203,-1.4625522870457086,0.0,0.0,0.0,0.0,0.0,0.0,0.0,797.0,797.0,0.0,0.0,797.0,0.0,0.0,797
0.0,0.0,-0.0,0.0,26045.21033006099,797.0,-0.0,0.6313531217138387,0.47997237932604736,0.0,799.2,0.0,0.0,1.0,888.0,-0.0,118,-52.01781997618747,0.0,120,-4.319137761834703,0.0,120,-26.08878222066855,0.0,118,-44.407527304146114,0.0,118,-52.44477447422687,0.0,203,-43.14871694233824,0.0,0.0,0.0,0.0,0.0,0.0,0.0,797.0,797.0,0.0,0.0,797.0,0.0,0.0,797
0.0,0.0,-0.0,0.0,25159.654774505434,797.0,-0.0,0.6098866694423541,0.47997237932604736,0.0,799.2,0.0,0.0,1.0,888.0,-0.0,118,-6.287093389414116,0.0,120,-22.23375264565431,0.0,120,-36.95607074237693,0.0,118,-17.805884422364322,0.0,118,-59.31241587894454,0.0,203,-32.54689792404017,0.0,0.0,0.0,0.0,0.0,0.0,0.0,797.0,797.0,0.0,0.0,797.0,0.0,0.0,797
0.0,0.0,-0.0,0.0,24274.09921894988,797.0,-0.0,0.5884202171708695,0.47997237932604736,0.0,799.2,0.0,0.0,1.0,888.0,-0.0,118,-56.099036536867914,0.0,120,-16.41313844254973,0.0,120,-32.81700629463201,0.0,118,-2.975062073045316,0.0,118,-32.09758718171692,0.0,203,-39.071276003554544,0.0,0.0,0.0,0.0,0.0,0.0,0.0,797.0,797.0,0.0,0.0,797.0,0.0,0.0,797
0.0,0.0,-0.0,0.0,23388.543663394325,797.0,-0.0,0.5669537648993849,0.47997237932604736,0.0,799.2,0.0,0.0,1.0,888.0,-0.0,118,-1.481191751718447,0.0,120,-32.45621231626529,0.0,120,-38.80442261214014,0.0,118,-57.669276038329954,0.0,118,-5.980414220675215,0.0,203,-59.2803586470318,0.0,0.0,0.0,0.0,0.0,0.0,0.0,797.0,797.0,0.0,0.0,797.0,0.0,0.0,797
0.0,0.0,-0.0,0.0,22502.98810783877,797.0,-0.0,0.5454873126279003,0.47997237932604736,0.0,799.2,0.0,0.0,1.0,888.0,-0.0,118,-25.50609208270256,0.0,120,-16.855410708791037,0.0,120,-59.47484314037523,0.0,118,-10.763748922590636,0.0,118,-8.129419093351586,0.0,203,-56.63138000549386,0.0,0.0,0.0,0.0,0.0,0.0,0.0,797.0,797.0,0.0,0.0,797.0,0.0,0.0,797
0.0,0.0,-0.0,0.0,21617.432552283215,797.0,-0.0,0.5240208603564157,0.47997237932604736,0.0,799.2,0.0,0.0,1.0,888.0,-0.0,118,-48.18744428805313,0.0,120,-27.48378950392216,0.0,120,-50.11947121736821,0.0,118,-1.9883034556713253,0.0,118,-46.956918159318136,0.0,203,-54.162262113453835,0.0,0.0,0.0,0.0,0.0,0.0,0.0,797.0,797.0,0.0,0.0,797.0,0.0,0.0,797
0.0,0.0,-0.0,0.0,20731.87699672766,797.0,-0.0,0.502554408084931,0.47997237932604736,0.0,799.2,0.0,0.0,1.0,888.0,-0.0,118,-32.09332386972924,0.0,120,-45.8100909954874,0.0,120,-57.800659643656395,0.0,118,-20.6282285416389,0.0,118,-18.52816822153303,0.0,203,-26.662347478868128,0.0,0.0,0.0,0.0,0.0,0.0,0.0,797.0,797.0,0.0,0.0,797.0,0.0,0.0,797
0.0,0.0,-0.0,0.0,19846.321441172106,797.0,-0.0,0.48108795581344643,0.47997237932604736,0.0,799.2,0.0,0.0,1.0,888.0,-0.0,118,-32.44052638791986,0.0,120,-43.028206690496106,0.0,120,-32.983814948512716,0.0,118,-2.50350918948981,0.0,118,-37.76283752177878,0.0,203,-52.29763522257011,0.0,0.0,0.0,0.0,0.0,0.0,0.0,797.0,797.0,0.0,0.0,797.0,0.0,0.0,797
0.0,0.0,-0.0,0.0,18960.76588561655,797.0,-0.0,0.4596215035419618,0.47997237932604736,0.0,799.2,0.0,0.0,1.0,888.0,-0.0,118,-8.415813400694692,0.0,120,-0.49750364691817595,0.0,120,-4.220731640362089,0.0,118,-17.678590219827242,0.0,118,-31.27517740742394,0.0,203,-29.363632557982942,0.0,0.0,0.0,0.0,0.0,0.0,0.0,797.0,797.0,0.0,0.0,797.0,0.0,0.0,797
0.0,0.0,-0.0,0.0,18075.210330060996,797.0,-0.0,0.4381550512704772,0.47997237932604736,0.0,799.2,0.0,0.0,1.0,888.0,-0.0,118,-55.76136919469406,0.0,120,-24.71790444674257,0.0,120,-33.613719489611526,0.0,118,-19.925485400509466,0.0,118,-54.38994981146263,0.0,203,-37.403624218853906,0.0,0.0,0.0,0.0,0.0,0.0,0.0,797.0,797.0,0.0,0.0,797.0,0.0,0.0,797
0.0,0.0,-0.0,0.0,17189.65477450544,778.0,-0.0,0.4166885989989926,0.47997237932604736,0.0,799.2,0.0,0.0,1.0,888.0,-0.0,120,-14.363634140931616,0.0,120,-45.50003885150585,0.0,120,-58.536609820920084,0.0,120,-44.70614167456489,0.0,118,-49.85145442603256,0.0,180,-45.69633406544361,0.0,0.0,0.0,0.0,0.0,0.0,0.0,778.0,778.0,0.0,0.0,778.0,0.0,0.0,778
0.0,0.0,-0.0,0.0,16325.210330060996,778.0,-0.0,0.39573389402130743,0.47997237932604736,0.0,799.2,0.0,0.0,1.0,888.0,-0.0,120,-53.60771811523227,0.0,120,-11.04549311302361,0.0,120,-25.736106959809845,0.0,120,-49.30172604886562,0.0,118,-12.259828855086628,0.0,180,-48.812276199800664,0.0,0.0,0.0,0.0,0.0,0.0,0.0,778.0,778.0,0.0,0.0,778.0,0.0,0.0,778
0.0,0.0,-0.0,0.0,15460.76588561655,778.0,-0.0,0.3747791890436223,0.47997237932604736,0.0,799.2,0.0,0.0,1.0,888.0,-0.0,120,-27.25351682999138,0.0,120,-38.311230140187824,0.0,120,-36.59711005507579,0.0,120,-38.28835345179775,0.0,118,-6.637728695152441,0.0,180,-37.80185487022438,0.0,0.0,0.0,0.0,0.0,0.0,0.0,778.0,778.0,0.0,0.0,778.0,0.0,0.0,778
0.0,0.0,-0.0,0.0,14596.321441172106,778.0,-0.0,0.35382448406593714,0.47997237932604736,0.0,799.2,0.0,0.0,1.0,888.0,-0.0,120,-47.902218072750244,0.0,120,-11.145330624547459,0.0,120,-13.872569266209116,0.0,120,-30.081158129890365,0.0,118,-45.092944991745604,0.0,180,-56.0964855147449,0.0,0.0,0.0,0.0,0.0,0.0,0.0,778.0,778.0,0.0,0.0,778.0,0.0,0.0,778
0.0,0.0,-0.0,0.0,13731.87699672766,778.0,-0.0,0.332869779088252,0.47997237932604736,0.0,799.2,0.0,0.0,1.0,888.0,-0.0,120,-51.79806196054983,0.0,120,-52.41716685957316,0.0,120,-37.29890583728909,0.0,120,-11.620964625297924,0.0,118,-13.749138089942273,0.0,180,-59.77754606099453,0.0,0.0,0.0,0.0,0.0,0.0,0.0,778.0,778.0,0.0,0.0,778.0,0.0,0.0,778
0.0,0.0,-0.0,0.0,12867.432552283215,778.0,-0.0,0.31191507411056685,0.47997237932604736,0.0,799.2,0.0,0.0,1.0,888.0,-0.0,120,-19.380713902473687,0.0,120,-49.555737913835905,0.0,120,-4.759206234754895,0.0,120,-39.98964570905515,0.0,118,-16.422597412985226,0.0,180,-7.901158820813377,0.0,0.0,0.0,0.0,0.0,0.0,0.0,778.0,778.0,0.0,0.0,778.0,0.0,0.0,778
0.0,0.0,-0.0,0.0,12002.98810783877,780.0,-0.0,0.2909603691328817,0.47997237932604736,0.0,799.2,0.0,0.0,1.0,888.0,-0.0,120,-13.25739564402544,0.0,120,-44.80165018821001,0.0,120,-12.52759067105725,0.0,120,-39.705735220940284,0.0,120,-5.137436502209251,0.0,180,-24.052675693304277,0.0,0.0,0.0,0.0,0.0,0.0,0.0,780.0,780.0,0.0,0.0,780.0,0.0,0.0,780
0.0,0.0,-0.0,0.0,11136.321441172104,780.0,-0.0,0.2699517960190072,0.47997237932604736,0.0,799.2,0.0,0.0,1.0,888.0,-0.0,120,-3.3179382196330387,0.0,120,-25.350108607170004,0.0,120,-24.003607616592202,0.0,120,-3.932225557767497,0.0,120,-55.55201171173803,0.0,180,-52.480371272394734,0.0,0.0,0.0,0.0,0.0,0.0,0.0,780.0,780.0,0.0,0.0,780.0,0.0,0.0,780
0.0,0.0,-0.0,0.0,10269.654774505438,780.0,-0.0,0.24894322290513266,0.47997237932604736,0.0,799.2,0.0,0.0,1.0,888.0,-0.0,120,-18.303561309040436,0.0,120,-54.82105302492732,0.0,120,-39.002216235204905,0.0,120,-53.40023626269559,0.0,120,-45.68135304769776,0.0,180,-38.37992591143113,0.0,0.0,0.0,0.0,0.0,0.0,0.0,780.0,780.0,0.0,0.0,780.0,0.0,0.0,780
0.0,0.0,-0.0,0.0,9402.988107838772,780.0,-0.0,0.22793464979125813,0.47997237932604736,0.0,799.2,0.0,0.0,1.0,888.0,-0.0,120,-16.37405453744905,0.0,120,-53.320382208095936,0.0,120,-53.34924811529569,0.0,120,-41.52369830778968,0.0,120,-57.559800429125886,0.0,180,-11.473355315249245,0.0,0.0,0.0,0.0,0.0,0.0,0.0,780.0,780.0,0.0,0.0,780.0,0.0,0.0,780
0.0,0.0,-0.0,0.0,8536.321441172106,780.0,-0.0,0.2069260766773836,0.47997237932604736,0.0,799.2,0.0,0.0,1.0,888.0,-0.0,120,-57.70755528563643,0.0,120,-55.38682815367684,0.0,120,-54.81118748234879,0.0,120,-28.590983667187807,0.0,120,-4.234208395200336,0.0,180,-55.16847684147696,0.0,0.0,0.0,0.0,0.0,0.0,0.0,780.0,780.0,0.0,0.0,780.0,0.0,0.0,780
0.0,0.0,-0.0,0.0,7669.654774505439,780.0,-0.0,0.18591750356350906,0.47997237932604736,0.0,799.2,0.0,0.0,1.0,888.0,-0.0,120,-33.93603930930772,0.0,120,-3.05434214038518,0.0,120,-50.200275017536576,0.0,120,-50.05725981183465,0.0,120,-52.50449506211408,0.0,180,-43.29261925292951,0.0,0.0,0.0,0.0,0.0,0.0,0.0,780.0,780.0,0.0,0.0,780.0,0.0,0.0,780
0.0,0.0,-0.0,0.0,6802.988107838772,780.0,-0.0,0.16490893044963448,0.47997237932604736,0.0,799.2,0.0,0.0,1.0,888.0,-0.0,120,-45.28027802648914,0.0,120,-11.650474144470355,0.0,120,-39.13850517459536,0.0,120,-52.161465060550505,0.0,120,-34.56687194558354,0.0,180,-39.46683797735206,0.0,0.0,0.0,0.0,0.0,0.0,0.0,780.0,780.0,0.0,0.0,780.0,0.0,0.0,780
0.0,0.0,-0.0,0.0,5936.321441172105,780.0,-0.0,0.14390035733575993,0.47997237932604736,0.0,799.2,0.0,0.0,1.0,888.0,-0.0,120,-21.838784908680818,0.0,120,-42.04946412044939,0.0,120,-45.67601617855943,0.0,120,-12.491715533015128,0.0,120,-50.948592797840625,0.0,180,-20.967786846839346,0.0,0.0,0.0,0.0,0.0,0.0,0.0,780.0,780.0,0.0,0.0,780.0,0.0,0.0,780
0.0,0.0,-0.0,0.0,5069.654774505438,720.0,-0.0,0.12289178422188539,0.47997237932604736,0.0,799.2,0.0,0.0,1.0,888.0,-0.0,120,-13.526680367729345,0.0,120,-49.44528984571637,0.0,120,-33.02573866577431,0.0,120,-48.86609800544428,0.0,120,-5.893421067182631,0.0,120,-44.191597993027145,0.0,0.0,0.0,0.0,0.0,0.0,0.0,720.0,720.0,0.0,0.0,720.0,0.0,0.0,720
0.0,0.0,-0.0,0.0,4269.654774505438,720.0,-0.0,0.10349925519369349,0.47997237932604736,0.0,799.2,0.0,0.0,1.0,888.0,-0.0,120,-37.20571486767411,0.0,120,-22.052701095064247,0.0,120,-51.50074289948136,0.0,120,-48.94140258616272,0.0,120,-45.301251408532906,0.0,120,-41.62457121436486,0.0,0.0,0.0,0.0,0.0,0.0,0.0,720.0,720.0,0.0,0.0,720.0,0.0,0.0,720
0.0,0.0,-0.0,0.0,3469.6547745054377,720.0,-0.0,0.0841067261655016,0.47997237932604736,0.0,799.2,0.0,0.0,1.0,888.0,-0.0,120,-19.181440547108487,0.0,120,-59.24711589898777,0.0,120,-19.537897632352006,0.0,120,-2.209970358672444,0.0,120,-58.06737383546458,0.0,120,-21.994528496124467,0.0,0.0,0.0,0.0,0.0,0.0,0.0,720.0,720.0,0.0,0.0,720.0,0.0,0.0,720
0.0,0.0,-0.0,0.0,2669.6547745054377,720.0,-0.0,0.06471419713730972,0.47997237932604736,0.0,799.2,0.0,0.0,1.0,888.0,-0.0,120,-55.46044309604054,0.0,120,-40.90857508780262,0.0,120,-21.637275955971155,0.0,120,-26.272878847021353,0.0,120,-13.174200960338744,0.0,120,-39.94505333200949,0.0,0.0,0.0,0.0,0.0,0.0,0.0,720.0,720.0,0.0,0.0,720.0,0.0,0.0,720
0.0,0.0,-0.0,0.0,1869.6547745054377,720.0,-0.0,0.04532166810911783,0.47997237932604736,0.0,799.2,0.0,0.0,1.0,888.0,-0.0,120,-28.716996175676297,0.0,120,-31.739623755258133,0.0,120,-49.87945098153379,0.0,120,-50.533339910134615,0.0,120,-14.195319659842784,0.0,120,-22.074213162341223,0.0,0.0,0.0,0.0,0.0,0.0,0.0,720.0,720.0,0.0,0.0,720.0,0.0,0.0,720
0.0,0.0,-0.0,0.0,1069.6547745054377,720.0,-0.0,0.025929139080925936,0.47997237932604736,0.0,799.2,0.0,0.0,1.0,888.0,-0.0,120,-22.816544181189023,0.0,120,-18.792735312864927,0.0,120,-55.24590189006893,0.0,120,-8.986709550766886,0.0,120,-7.219223427551165,0.0,120,-30.377993049470525,0.0,0.0,0.0,0.0,0.0,0.0,0.0,720.0,720.0,0.0,0.0,720.0,0.0,0.0,720
0.0,0.0,-0.0,0.0,269.6547745054377,242.6892970548939,-0.0,0.006536610052734048,0.47997237932604736,229.09595377035077,799.2,0.0,477.3107029451061,1.0,888.0,-423851.9042152542,120,-25.726249766402493,0.0,120,-46.357398757598126,0.0,120,-12.994700406410317,0.0,120,-17.25949406450971,0.0,120,-30.871252665111882,0.0,120,-16.586549491857355,0.0,0.0,0.0,0.0,0.0,-423851.9042152542,-423851.9042152542,720.0,720.0,0.0,0.0,720.0,0.0,0.0,720
0.0,0.0,-0.0,0.0,0.0,0.0,-0.0,0.0,0.47997237932604736,345.5801131147541,799.2,0.0,720.0,1.0,888.0,-639360.0,120,-36.68307306052439,0.0,120,-30.930520409269356,0.0,120,-30.865052340867344,0.0,120,-46.69795735913595,0.0,120,-11.589814803841021,0.0,120,-58.611196922587006,0.0,0.0,0.0,0.0,0.0,-639360.0,-639360.0,720.0,720.0,0.0,0.0,720.0,0.0,0.0,720
0.0,0.0,-0.0,0.0,0.0,0.0,-0.0,0.0,0.47997237932604736,345.5801131147541,799.2,0.0,720.0,1.0,888.0,-639360.0,120,-35.45419403946942,0.0,120,-17.404463978205197,0.0,120,-41.03505656547928,0.0,120,-24.711349000802386,0.0,120,-53.05792706253058,0.0,120,-0.5414256255173444,0.0,0.0,0.0,0.0,0.0,-639360.0,-639360.0,720.0,720.0,0.0,0.0,720.0,0.0,0.0,720
0.0,0.0,-0.0,0.0,0.0,0.0,-0.0,0.0,0.47997237932604736,345.5801131147541,799.2,0.0,720.0,1.0,888.0,-639360.0,120,-23.423672640161094,0.0,120,-17.300978049521312,0.0,120,-46.719035268154364,0.0,120,-21.09376188673278,0.0,120,-17.30724719324119,0.0,120,-42.136755621400106,0.0,0.0,0.0,0.0,0.0,-639360.0,-639360.0,720.0,720.0,0.0,0.0,720.0,0.0,0.0,720
0.0,0.0,-0.0,0.0,0.0,0.0,-0.0,0.0,0.47997237932604736,345.5801131147541,799.2,0.0,720.0,1.0,888.0,-639360.0,120,-34.97776140194046,0.0,120,-44.64620707532699,0.0,120,-12.895511957488734,0.0,120,-20.931717814177905,0.0,120,-25.228417940032337,0.0,120,-57.528470168724986,0.0,0.0,0.0,0.0,0.0,-639360.0,-639360.0,720.0,720.0,0.0,0.0,720.0,0.0,0.0,720
0.0,0.0,-0.0,0.0,0.0,0.0,-0.0,0.0,0.47997237932604736,345.5801131147541,799.2,0.0,720.0,1.0,888.0,-639360.0,120,-8.844752968612665,0.0,120,-31.338357761195176,0.0,120,-33.61003193143623,0.0,120,-59.397422648449506,0.0,120,-48.224990135622235,0.0,120,-0.2883526439260753,0.0,0.0,0.0,0.0,0.0,-639360.0,-639360.0,720.0,720.0,0.0,0.0,720.0,0.0,0.0,720
0.0,0.0,-0.0,0.0,0.0,0.0,-0.0,0.0,0.47997237932604736,345.5801131147541,799.2,0.0,720.0,1.0,888.0,-639360.0,120,-24.21523621021724,0.0,120,-19.77506095350279,0.0,120,-53.652587724469754,0.0,120,-59.18275059548641,0.0,120,-32.876155864707776,0.0,120,-29.616922150167355,0.0,0.0,0.0,0.0,0.0,-639360.0,-639360.0,720.0,720.0,0.0,0.0,720.0,0.0,0.0,720
0.0,0.0,-0.0,0.0,0.0,0.0,-0.0,0.0,0.47997237932604736,345.5801131147541,799.2,0.0,720.0,1.0,888.0,-639360.0,120,-28.015170829244248,0.0,120,-25.424615601823394,0.0,120,-17.828541151402597,0.0,120,-55.595443922358804,0.0,120,-38.16971242671702,0.0,120,-5.045243426909947,0.0,0.0,0.0,0.0,0.0,-639360.0,-639360.0,720.0,720.0,0.0,0.0,720.0,0.0,0.0,720
0.0,0.0,-0.0,0.0,0.0,0.0,-0.0,0.0,0.47997237932604736,345.5801131147541,799.2,0.0,720.0,1.0,888.0,-639360.0,120,-8.360239539406308,0.0,120,-0.8017071518451058,0.0,120,-10.223115153908836,0.0,120,-38.071498630150224,0.0,120,-19.426507388575107,0.0,120,-25.663035257024845,0.0,0.0,0.0,0.0,0.0,-639360.0,-639360.0,720.0,720.0,0.0,0.0,720.0,0.0,0.0,720
0.0,0.0,-0.0,0.0,0.0,0.0,-0.0,0.0,0.47997237932604736,345.5801131147541,799.2,0.0,720.0,1.0,888.0,-639360.0,120,-20.723243982925247,0.0,120,-11.019617821414826,0.0,120,-17.694666582007713,0.0,120,-14.217748785115411,0.0,120,-25.395025219559415,0.0,120,-0.5388954954462832,0.0,0.0,0.0,0.0,0.0,-639360.0,-639360.0,720.0,720.0,0.0,0.0,720.0,0.0,0.0,720
0.0,0.0,-0.0,0.0,0.0,0.0,-0.0,0.0,0.47997237932604736,345.5801131147541,799.2,0.0,720.0,1.0,888.0,-639360.0,120,-58.96382184761349,0.0,120,-19.1809129096337,0.0,120,-21.25552483417727,0.0,120,-9.804336622783667,0.0,120,-35.77564799740496,0.0,120,-59.168543401010005,0.0,0.0,0.0,0.0,0.0,-639360.0,-639360.0,720.0,720.0,0.0,0.0,720.0,0.0,0.0,720
0.0,0.0,-0.0,0.0,0.0,0.0,-0.0,0.0,0.47997237932604736,345.5801131147541,799.2,0.0,720.0,1.0,888.0,-639360.0,120,-42.5992949226547,0.0,120,-29.83730075118101,0.0,120,-9.74134006752119,0.0,120,-22.358888011319426,0.0,120,-19.04579825057832,0.0,120,-44.2620281771314,0.0,0.0,0.0,0.0,0.0,-639360.0,-639360.0,720.0,720.0,0.0,0.0,720.0,0.0,0.0,720
0.0,0.0,-0.0,0.0,0.0,0.0,-0.0,0.0,0.47997237932604736,345.5801131147541,799.2,0.0,720.0,1.0,888.0,-639360.0,120,-59.11598344488753,0.0,120,-5.066891564168714,0.0,120,-31.71894322293385,0.0,120,-38.693072430207664,0.0,120,-50.7043151597036,0.0,120,-14.453362974199045,0.0,0.0,0.0,0.0,0.0,-639360.0,-639360.0,720.0,720.0,0.0,0.0,720.0,0.0,0.0,720
0.0,0.0,-0.0,0.0,0.0,0.0,-0.0,0.0,0.47997237932604736,345.5801131147541,799.2,0.0,720.0,1.0,888.0,-639360.0,120,-32.481859284652536,0.0,120,-9.725944231574058,0.0,120,-10.375839073325803,0.0,120,-43.64479845441859,0.0,120,-24.27314848252394,0.0,120,-2.5503955166492243,0.0,0.0,0.0,0.0,0.0,-639360.0,-639360.0,720.0,720.0,0.0,0.0,720.0,0.0,0.0,720
0.0,0.0,-0.0,0.0,0.0,0.0,-0.0,0.0,0.47997237932604736,345.5801131147541,799.2,0.0,720.0,1.0,888.0,-639360.0,120,-29.826033685313778,0.0,120,-16.00397661146289,0.0,120,-51.45468744023136,0.0,120,-17.24251450790871,0.0,120,-7.149134808617495,0.0,120,-11.20004335258133,0.0,0.0,0.0,0.0,0.0,-639360.0,-639360.0,720.0,720.0,0.0,0.0,720.0,0.0,0.0,720
0.0,0.0,-0.0,0.0,0.0,0.0,-0.0,0.0,0.47997237932604736,345.5801131147541,799.2,0.0,720.0,1.0,888.0,-639360.0,120,-55.506372335192594,0.0,120,-16.17699881939654,0.0,120,-19.251328444135865,0.0,120,-29.705451698990778,0.0,120,-13.983206228329898,0.0,120,-39.85334803255692,0.0,0.0,0.0,0.0,0.0,-639360.0,-639360.0,720.0,720.0,0.0,0.0,720.0,0.0,0.0,720
0.0,0.0,-0.0,0.0,0.0,0.0,-0.0,0.0,0.47997237932604736,345.5801131147541,799.2,0.0,720.0,1.0,888.0,-639360.0,120,-43.50874478920021,0.0,120,-43.88803739150471,0.0,120,-23.828096940870726,0.0,120,-40.322501342315974,0.0,120,-0.10827430662334381,0.0,120,-58.62484666558841,0.0,0.0,0.0,0.0,0.0,-639360.0,-639360.0,720.0,720.0,0.0,0.0,720.0,0.0,0.0,720
0.0,0.0,-0.0,0.0,0.0,0.0,-0.0,0.0,0.47997237932604736,345.5801131147541,799.2,0.0,720.0,1.0,888.0,-639360.0,120,-53.73581591337221,0.0,120,-29.807768609692125,0.0,120,-20.950911612345926,0.0,120,-12.474249773954398,0.0,120,-28.504790081779085,0.0,120,-3.1113694107492273,0.0,0.0,0.0,0.0,0.0,-639360.0,-639360.0,720.0,720.0,0.0,0.0,720.0,0.0,0.0,720
0.0,0.0,-0.0,0.0,0.0,0.0,-0.0,0.0,0.47997237932604736,345.5801131147541,799.2,0.0,720.0,1.0,888.0,-639360.0,120,-1.822577669395864,0.0,120,-4.426802250447586,0.0,120,-10.750703376251284,0.0,120,-32.530023915559,0.0,120,-3.8169405977696913,0.0,120,-1.3070597174138499,0.0,0.0,0.0,0.0,0.0,-639360.0,-639360.0,720.0,720.0,0.0,0.0,720.0,0.0,0.0,720
0.0,0.0,-0.0,0.0,0.0,0.0,-0.0,0.0,0.47997237932604736,345.5801131147541,799.2,0.0,720.0,1.0,888.0,-639360.0,120,-31.45006132891878,0.0,120,-51.03927889512237,0.0,120,-58.18444979606832,0.0,120,-25.180350032272997,0.0,120,-28.96837136806059,0.0,120,-53.68326729749328,0.0,0.0,0.0,0.0,0.0,-639360.0,-639360.0,720.0,720.0,0.0,0.0,720.0,0.0,0.0,720
0.0,0.0,-0.0,0.0,0.0,0.0,-0.0,0.0,0.47997237932604736,345.5801131147541,799.2,0.0,720.0,1.0,888.0,-639360.0,120,-10.03850374791221,0.0,120,-10.113059017060797,0.0,120,-12.685200806458536,0.0,120,-29.712190988930775,0.0,120,-32.57793930313065,0.0,120,-5.145958833191551,0.0,0.0,0.0,0.0,0.0,-639360.0,-639360.0,720.0,720.0,0.0,0.0,720.0,0.0,0.0,720
0.0,0.0,-0.0,0.0,0.0,0.0,-0.0,0.0,0.47997237932604736,345.5801131147541,799.2,0.0,720.0,1.0,888.0,-639360.0,120,-59.38887233950067,0.0,120,-31.657266794135268,0.0,120,-52.1661624131496,0.0,120,-0.7427195603366266,0.0,120,-10.885428303278204,0.0,120,-13.463990282492517,0.0,0.0,0.0,0.0,0.0,-639360.0,-639360.0,720.0,720.0,0.0,0.0,720.0,0.0,0.0,720
0.0,0.0,-0.0,0.0,0.0,0.0,-0.0,0.0,0.47997237932604736,345.5801131147541,799.2,0.0,720.0,1.0,888.0,-639360.0,120,-24.037245329461996,0.0,120,-48.55848303117049,0.0,120,-3.722423549304532,0.0,120,-31.846728415689117,0.0,120,-28.49247520051677,0.0,120,-25.82336122795162,0.0,0.0,0.0,0.0,0.0,-639360.0,-639360.0,720.0,720.0,0.0,0.0,720.0,0.0,0.0,720
0.0,0.0,-0.0,0.0,0.0,0.0,-0.0,0.0,0.47997237932604736,345.5801131147541,799.2,0.0,720.0,1.0,888.0,-639360.0,120,-54.06263039839762,0.0,120,-13.925918287932067,0.0,120,-33.9477408367562,0.0,120,-30.088618888737496,0.0,120,-41.92768077907904,0.0,120,-56.90604590636669,0.0,0.0,0.0,0.0,0.0,-639360.0,-639360.0,720.0,720.0,0.0,0.0,720.0,0.0,0.0,720
0.0,0.0,-0.0,0.0,0.0,0.0,-0.0,0.0,0.47997237932604736,345.5801131147541,799.2,0.0,720.0,1.0,888.0,-639360.0,120,-3.09605639961533,0.0,120,-55.64022641509714,0.0,120,-56.5536843381942,0.0,120,-48.05355876279057,0.0,120,-32.1642804035172,0.0,120,-44.85345193814282,0.0,0.0,0.0,0.0,0.0,-639360.0,-639360.0,720.0,720.0,0.0,0.0,720.0,0.0,0.0,720
0.0,0.0,-0.0,0.0,0.0,0.0,-0.0,0.0,0.47997237932604736,345.5801131147541,799.2,0.0,720.0,1.0,888.0,-639360.0,120,-14.249482476344452,0.0,120,-43.031712759024195,0.0,120,-53.3678419840662,0.0,120,-20.788140624288737,0.0,120,-41.617710525428244,0.0,120,-26.961251455824804,0.0,0.0,0.0,0.0,0.0,-639360.0,-639360.0,720.0,720.0,0.0,0.0,720.0,0.0,0.0,720
0.0,0.0,-0.0,0.0,0.0,0.0,-0.0,0.0,0.47997237932604736,345.5801131147541,799.2,0.0,720.0,1.0,888.0,-639360.0,120,-49.15134774846187,0.0,120,-43.335072389367426,0.0,120,-18.570753035629025,0.0,120,-47.112178976811215,0.0,120,-40.67333860301585,0.0,120,-56.18756985923457,0.0,0.0,0.0,0.0,0.0,-639360.0,-639360.0,720.0,720.0,0.0,0.0,720.0,0.0,0.0,720
0.0,0.0,-0.0,0.0,0.0,0.0,-0.0,0.0,0.47997237932604736,345.5801131147541,799.2,0.0,720.0,1.0,888.0,-639360.0,120,-23.37134451572076,0.0,120,-20.104824565340717,0.0,120,-13.914666078323902,0.0,120,-21.707347534848846,0.0,120,-44.031466513236495,0.0,120,-54.925245048298315,0.0,0.0,0.0,0.0,0.0,-639360.0,-639360.0,720.0,720.0,0.0,0.0,720.0,0.0,0.0,720
0.0,0.0,-0.0,0.0,0.0,0.0,-0.0,0.0,0.47997237932604736,345.5801131147541,799.2,0.0,720.0,1.0,888.0,-639360.0,120,-24.563954819627355,0.0,120,-38.69048526408814,0.0,120,-42.25780726517326,0.0,120,-31.214162961313544,0.0,120,-24.314652288808688,0.0,120,-46.77481505714141,0.0,0.0,0.0,0.0,0.0,-639360.0,-639360.0,720.0,720.0,0.0,0.0,720.0,0.0,0.0,720
0.0,0.0,-0.0,0.0,0.0,0.0,-0.0,0.0,0.47997237932604736,345.5801131147541,799.2,0.0,720.0,1.0,888.0,-639360.0,120,-43.94346522863658,0.0,120,-50.48185255247813,0.0,120,-7.3555143105654714,0.0,120,-49.82032308855372,0.0,120,-38.60391326401836,0.0,120,-45.890005195082736,0.0,0.0,0.0,0.0,0.0,-639360.0,-639360.0,720.0,720.0,0.0,0.0,720.0,0.0,0.0,720
0.0,0.0,-0.0,0.0,0.0,0.0,-0.0,0.0,0.47997237932604736,345.5801131147541,799.2,0.0,720.0,1.0,888.0,-639360.0,120,-49.79563769451749,0.0,120,-13.278828282866924,0.0,120,-46.770370652465054,0.0,120,-21.97148099866267,0.0,120,-58.07149690252433,0.0,120,-8.451120019736218,0.0,0.0,0.0,0.0,0.0,-639360.0,-639360.0,720.0,720.0,0.0,0.0,720.0,0.0,0.0,720
0.0,0.0,-0.0,0.0,0.0,0.0,-0.0,0.0,0.47997237932604736,345.5801131147541,799.2,0.0,720.0,1.0,888.0,-639360.0,120,-17.294204576188974,0.0,120,-5.7722915694993215,0.0,120,-34.69850767682362,0.0,120,-37.41351947261419,0.0,120,-35.80381380447797,0.0,120,-0.2066347700018456,0.0,0.0,0.0,0.0,0.0,-639360.0,-639360.0,720.0,720.0,0.0,0.0,720.0,0.0,0.0,720
0.0,0.0,-0.0,0.0,0.0,0.0,-0.0,0.0,0.47997237932604736,345.5801131147541,799.2,0.0,720.0,1.0,888.0,-639360.0,120,-5.9898374185149255,0.0,120,-41.24130426742643,0.0,120,-30.392950068845593,0.0,120,-21.03445792753945,0.0,120,-24.953145913754376,0.0,120,-16.330413350119798,0.0,0.0,0.0,0.0,0.0,-639360.0,-639360.0,720.0,720.0,0.0,0.0,720.0,0.0,0.0,720
0.0,0.0,-0.0,0.0,0.0,0.0,-0.0,0.0,0.47997237932604736,345.5801131147541,799.2,0.0,720.0,1.0,888.0,-639360.0,120,-11.047148834349667,0.0,120,-40.66566825025154,0.0,120,-28.179175237902896,0.0,120,-49.485828374582816,0.0,120,-1.4832139715671744,0.0,120,-57.55223447056548,0.0,0.0,0.0,0.0,0.0,-639360.0,-639360.0,720.0,720.0,0.0,0.0,720.0,0.0,0.0,720
0.0,0.0,-0.0,0.0,0.0,0.0,-0.0,0.0,0.47997237932604736,345.5801131147541,799.2,0.0,720.0,1.0,888.0,-639360.0,120,-29.479621839277243,0.0,120,-9.336783158599095,0.0,120,-6.290594811503871,0.0,120,-37.695565282886875,0.0,120,-38.66229709173243,0.0,120,-51.40248230695202,0.0,0.0,0.0,0.0,0.0,-639360.0,-639360.0,720.0,720.0,0.0,0.0,720.0,0.0,0.0,720
0.0,0.0,-0.0,0.0,0.0,0.0,-0.0,0.0,0.47997237932604736,345.5801131147541,799.2,0.0,720.0,1.0,888.0,-639360.0,120,-18.24867764171835,0.0,120,-42.26462960293553,0.0,120,-40.70999388182004,0.0,120,-56.35661736856378,0.0,120,-35.865766767287255,0.0,120,-34.54454803472488,0.0,0.0,0.0,0.0,0.0,-639360.0,-639360.0,720.0,720.0,0.0,0.0,720.0,0.0,0.0,720
0.0,0.0,-0.0,0.0,0.0,0.0,-0.0,0.0,0.47997237932604736,345.5801131147541,799.2,0.0,720.0,1.0,888.0,-639360.0,120,-22.30970237155212,0.0,120,-39.51902955059551,0.0,120,-33.098957988562866,0.0,120,-58.63466926630694,0.0,120,-21.342018197785826,0.0,120,-39.24188706272487,0.0,0.0,0.0,0.0,0.0,-639360.0,-639360.0,720.0,720.0,0.0,0.0,720.0,0.0,0.0,720
0.0,0.0,-0.0,0.0,0.0,0.0,-0.0,0.0,0.47997237932604736,345.5801131147541,799.2,0.0,720.0,1.0,888.0,-639360.0,120,-49.464910754193625,0.0,120,-58.18801570487128,0.0,120,-37.37117168219203,0.0,120,-42.823937467113005,0.0,120,-24.5463686898535,0.0,120,-39.821651474429935,0.0,0.0,0.0,0.0,0.0,-639360.0,-639360.0,720.0,720.0,0.0,0.0,720.0,0.0,0.0,720
0.0,0.0,-0.0,0.0,0.0,0.0,-0.0,0.0,0.47997237932604736,345.5801131147541,799.2,0.0,720.0,1.0,888.0,-639360.0,120,-55.8063174488346,0.0,120,-48.529712905339515,0.0,120,-15.590569314203329,0.0,120,-5.46264321426321,0.0,120,-58.043987067381536,0.0,120,-38.55614704053818,0.0,0.0,0.0,0.0,0.0,-639360.0,-639360.0,720.0,720.0,0.0,0.0,720.0,0.0,0.0,720
0.0,0.0,-0.0,0.0,0.0,0.0,-0.0,0.0,0.47997237932604736,345.5801131147541,799.2,0.0,720.0,1.0,888.0,-639360.0,120,-17.93291894453429,0.0,120,-37.18843758544165,0.0,120,-32.815033828072096,0.0,120,-6.762034505649366,0.0,120,-28.790497226638376,0.0,120,-42.219179368788545,0.0,0.0,0.0,0.0,0.0,-639360.0,-639360.0,720.0,720.0,0.0,0.0,720.0,0.0,0.0,720
0.0,0.0,-0.0,0.0,0.0,0.0,-0.0,0.0,0.47997237932604736,345.5801131147541,799.2,0.0,720.0,1.0,888.0,-639360.0,120,-1.0450727106093916,0.0,120,-53.95967521094153,0.0,120,-20.72508331756483,0.0,120,-41.55662320666123,0.0,120,-5.237357371349242,0.0,120,-12.427694116687299,0.0,0.0,0.0,0.0,0.0,-639360.0,-639360.0,720.0,720.0,0.0,0.0,720.0,0.0,0.0,720
0.0,0.0,-0.0,0.0,0.0,0.0,-0.0,0.0,0.47997237932604736,345.5801131147541,799.2,0.0,720.0,1.0,888.0,-639360.0,120,-6.917650352791204,0.0,120,-45.77295951922628,0.0,120,-59.74719039295994,0.0,120,-14.377528509604323,0.0,120,-26.869553446064856,0.0,120,-1.9380515742960136,0.0,0.0,0.0,0.0,0.0,-639360.0,-639360.0,720.0,720.0,0.0,0.0,720.0,0.0,0.0,720
272.83265764037293,0.0,-2728.326576403729,0.0,0.0,0.0,-0.0,0.0,0.47997237932604736,214.59158756771456,799.2,0.0,447.09153445253054,1.0,888.0,-397017.28259384714,120,-44.11831805368878,0.0,120,-46.3894751895871,0.0,120,-36.84507012214754,0.0,120,-41.01450980812358,0.0,120,-32.53831532422805,0.0,120,-43.82530374899752,0.0,0.0,0.0758079070965193,0.0758079070965193,0.0,-399745.6091702509,-399745.6091702509,720.0,720.0,272.90846554746946,0.0,447.09153445253054,0.0,0.0,720
272.83265764037293,0.0,-2728.326576403729,0.0,0.0,0.0,-0.0,0.0,0.47997237932604736,214.59158756771456,799.2,0.0,447.09153445253054,1.0,888.0,-397017.28259384714,120,-39.047882557674015,0.0,120,-56.30459821623688,0.0,120,-55.718795220631726,0.0,120,-56.11031884841551,0.0,120,-36.41515707314878,0.0,120,-30.759284331306183,0.0,0.0,0.0758079070965193,0.0758079070965193,0.0,-399745.6091702509,-399745.6091702509,720.0,720.0,272.90846554746946,0.0,447.09153445253054,0.0,0.0,720
272.83265764037293,0.0,-2728.326576403729,0.0,0.0,0.0,-0.0,0.0,0.47997237932604736,214.59158756771456,799.2,0.0,447.09153445253054,1.0,888.0,-397017.28259384714,120,-29.588268616296777,0.0,120,-4.846747656860422,0.0,120,-14.046265330131664,0.0,120,-17.355777687363336,0.0,120,-16.597872785859057,0.0,120,-24.363275321867597,0.0,0.0,0.0758079070965193,0.0758079070965193,0.0,-399745.6091702509,-399745.6091702509,720.0,720.0,272.90846554746946,0.0,447.09153445253054,0.0,0.0,720
272.83265764037293,0.0,-2728.326576403729,0.0,0.0,0.0,-0.0,0.0,0.47997237932604736,214.59158756771456,799.2,0.0,447.09153445253054,1.0,888.0,-397017.28259384714,120,-52.23236937566894,0.0,120,-6.947611089438858,0.0,120,-47.30792252681538,0.0,120,-42.506771548085766,0.0,120,-7.460628280704407,0.0,120,-0.7882831385091982,0.0,0.0,0.0758079070965193,0.0758079070965193,0.0,-399745.6091702509,-399745.6091702509,720.0,720.0,272.90846554746946,0.0,447.09153445253054,0.0,0.0,720
272.83265764037293,0.0,-2728.326576403729,0.0,0.0,0.0,-0.0,0.0,0.47997237932604736,214.59158756771456,799.2,0.0,447.09153445253054,1.0,888.0,-397017.28259384714,120,-19.802771469498893,0.0,120,-53.45729359977889,0.0,120,-59.88588175159521,0.0,120,-42.67138388969985,0.0,120,-47.436694780545636,0.0,120,-48.40274528152065,0.0,0.0,0.0758079070965193,0.0758079070965193,0.0,-399745.6091702509,-399745.6091702509,720.0,720.0,272.90846554746946,0.0,447.09153445253054,0.0,0.0,720
272.83265764037293,0.0,-2728.326576403729,0.0,0.0,0.0,-0.0,0.0,0.47997237932604736,214.59158756771456,799.2,0.0,447.09153445253054,1.0,888.0,-397017.28259384714,120,-35.49917523495571,0.0,120,-40.61591769081054,0.0,120,-41.046569616877335,0.0,120,-0.49379810363435306,0.0,120,-14.203421649514691,0.0,120,-56.17761971367502,0.0,0.0,0.0758079070965193,0.0758079070965193,0.0,-399745.6091702509,-399745.6091702509,720.0,720.0,272.90846554746946,0.0,447.09153445253054,0.0,0.0,720
643.4189070100214,0.0,-6434.189070100214,0.0,0.0,0.0,-0.0,0.0,0.47997237932604736,36.67100132718168,799.2,0.0,76.40231585549407,1.0,888.0,-67845.25647967873,120,-30.070068511321022,0.0,120,-41.60225661475457,0.0,120,-48.329563627134505,0.0,120,-55.03551069763396,0.0,120,-40.38725305527981,0.0,120,-2.427618784472454,0.0,0.0,0.178777134484585,0.178777134484585,0.0,-74279.44554977895,-74279.44554977895,720.0,720.0,643.5976841445059,0.0,76.40231585549407,0.0,0.0,720
643.4189070100214,0.0,-6434.189070100214,0.0,0.0,0.0,-0.0,0.0,0.47997237932604736,36.67100132718168,799.2,0.0,76.40231585549407,1.0,888.0,-67845.25647967873,120,-35.342213206315066,0.0,120,-3.3795152804411233,0.0,120,-16.023983399193497,0.0,120,-52.50366885586159,0.0,120,-12.089477742657921,0.0,120,-4.371189517360817,0.0,0.0,0.178777134484585,0.178777134484585,0.0,-74279.44554977895,-74279.44554977895,720.0,720.0,643.5976841445059,0.0,76.40231585549407,0.0,0.0,720
643.4189070100214,0.0,-6434.189070100214,0.0,0.0,0.0,-0.0,0.0,0.47997237932604736,36.67100132718168,799.2,0.0,76.40231585549407,1.0,888.0,-67845.25647967873,120,-0.28693733686810496,0.0,120,-8.56204277949116,0.0,120,-17.30543739367025,0.0,120,-44.73047387945597,0.0,120,-37.77754914084944,0.0,120,-9.543972914346055,0.0,0.0,0.178777134484585,0.178777134484585,0.0,-74279.44554977895,-74279.44554977895,720.0,720.0,643.5976841445059,0.0,76.40231585549407,0.0,0.0,720
643.4189070100214,0.0,-6434.189070100214,0.0,0.0,0.0,-0.0,0.0,0.47997237932604736,36.67100132718168,799.2,0.0,76.40231585549407,1.0,888.0,-67845.25647967873,120,-25.59438859407737,0.0,120,-34.27829356863057,0.0,120,-34.36050413555127,0.0,120,-45.49635223699606,0.0,120,-29.55441179296504,0.0,120,-16.537457863863853,0.0,0.0,0.178777134484585,0.178777134484585,0.0,-74279.44554977895,-74279.44554977895,720.0,720.0,643.5976841445059,0.0,76.40231585549407,0.0,0.0,720
643.4189070100214,0.0,-6434.189070100214,0.0,0.0,0.0,-0.0,0.0,0.47997237932604736,36.67100132718168,799.2,0.0,76.40231585549407,1.0,888.0,-67845.25647967873,120,-25.973312974959793,0.0,120,-25.392800764744155,0.0,120,-51.42106864309613,0.0,120,-23.60405868527009,0.0,120,-6.899715433688344,0.0,120,-31.45183734889069,0.0,0.0,0.178777134484585,0.178777134484585,0.0,-74279.44554977895,-74279.44554977895,720.0,720.0,643.5976841445059,0.0,76.40231585549407,0.0,0.0,720
643.4189070100214,0.0,-6434.189070100214,0.0,0.0,0.0,-0.0,0.0,0.47997237932604736,36.67100132718168,799.2,0.0,76.40231585549407,1.0,888.0,-67845.25647967873,120,-3.3420016415311626,0.0,120,-59.93833779983857,0.0,120,-51.9815488958997,0.0,120,-51.86570728476648,0.0,120,-5.629871342265926,0.0,120,-13.595822814605345,0.0,0.0,0.178777134484585,0.178777134484585,0.0,-74279.44554977895,-74279.44554977895,720.0,720.0,643.5976841445059,0.0,76.40231585549407,0.0,0.0,720
931.470280612472,0.0,-9314.70280612472,211.72909424976365,0.0,0.0,-0.0,0.0,0.47997237932604736,0.0,799.2,0.0,0.0,1.0,888.0,-0.0,120,-41.846627613584275,0.0,120,-41.195476472349604,0.0,120,-14.97184340866691,0.0,120,-34.72174833260598,0.0,120,-48.65665857173768,0.0,120,-5.188320629654289,0.0,0.0,0.258813637291601,0.258813637291601,0.0,-9314.70280612472,-9314.70280612472,931.7290942497636,931.7290942497636,931.7290942497636,0.0,0.0,211.72909424976365,0.0,720
931.470280612472,0.0,-9314.70280612472,211.72909424976365,190.5561848247873,0.0,-0.0,0.004619207932145233,0.47997237932604736,0.0,799.2,0.0,0.0,1.0,888.0,-0.0,120,-0.0057612314925870045,0.0,120,-12.76363965620529,0.0,120,-58.070319403619564,0.0,120,-52.68763172191025,0.0,120,-20.328829332629564,0.0,120,-12.172868194469228,0.0,0.0,0.258813637291601,0.258813637291601,0.0,-9314.70280612472,-9314.70280612472,931.7290942497636,931.7290942497636,931.7290942497636,0.0,0.0,211.72909424976365,0.0,720
931.470280612472,0.0,-9314.70280612472,211.72909424976365,381.1123696495746,0.0,-0.0,0.009238415864290465,0.47997237932604736,0.0,799.2,0.0,0.0,1.0,888.0,-0.0,120,-14.084520841681305,0.0,120,-58.08420269380939,0.0,120,-9.336618177796176,0.0,120,-45.34368374294479,0.0,120,-13.300051235780533,0.0,120,-35.24875438490256,0.0,0.0,0.258813637291601,0.258813637291601,0.0,-9314.70280612472,-9314.70280612472,931.7290942497636,931.7290942497636,931.7290942497636,0.0,0.0,211.72909424976365,0.0,720
931.470280612472,0.0,-9314.70280612472,211.72909424976365,571.6685544743618,0.0,-0.0,0.013857623796435698,0.47997237932604736,0.0,799.2,0.0,0.0,1.0,888.0,-0.0,120,-12.7837948580033,0.0,120,-49.72137134905326,0.0,120,-16.857938564308036,0.0,120,-55.31204315293359,0.0,120,-13.505785531782559,0.0,120,-43.4492996327514,0.0,0.0,0.258813637291601,0.258813637291601,0.0,-9314.70280612472,-9314.70280612472,931.7290942497636,931.7290942497636,931.7290942497636,0.0,0.0,211.72909424976365,0.0,720
931.470280612472,0.0,-9314.70280612472,211.72909424976365,762.2247392991492,0.0,-0.0,0.01847683172858093,0.47997237932604736,0.0,799.2,0.0,0.0,1.0,888.0,-0.0,120,-43.003161645309206,0.0,120,-58.49260639259837,0.0,120,-3.159649916362899,0.0,120,-39.54103424753338,0.0,120,-10.124773762542603,0.0,120,-51.63262852105411,0.0,0.0,0.258813637291601,0.258813637291601,0.0,-9314.70280612472,-9314.70280612472,931.7290942497636,931.7290942497636,931.7290942497636,0.0,0.0,211.72909424976365,0.0,720
931.470280612472,0.0,-9314.70280612472,211.72909424976365,952.7809241239365,0.0,-0.0,0.023096039660726167,0.47997237932604736,0.0,799.2,0.0,0.0,1.0,888.0,-0.0,120,-5.476056064238808,0.0,120,-31.568218888319464,0.0,120,-34.147303870769825,0.0,120,-6.726961988932465,0.0,120,-16.275392284858718,0.0,120,-47.40318321283083,0.0,0.0,0.258813637291601,0.258813637291601,0.0,-9314.70280612472,-9314.70280612472,931.7290942497636,931.7290942497636,931.7290942497636,0.0,0.0,211.72909424976365,0.0,720
1203.9395661740082,0.0,-12039.395661740082,484.274086753662,1143.3371089487239,0.0,-0.0,0.0277152475928714,0.47997237932604736,0.0,799.2,0.0,0.0,1.0,888.0,-0.0,120,-17.53214743959506,0.0,120,-5.031310197959531,0.0,120,-54.1086531916543,0.0,120,-13.496774950918875,0.0,120,-3.132577288558751,0.0,120,-51.94995599499679,0.0,0.0,0.334520579653795,0.334520579653795,0.0,-12039.395661740082,-12039.395661740082,1204.274086753662,1204.274086753662,1204.274086753662,0.0,0.0,484.274086753662,0.0,720
1203.9395661740082,0.0,-12039.395661740082,484.274086753662,1579.1837870270197,0.0,-0.0,0.038280459288464345,0.47997237932604736,0.0,799.2,0.0,0.0,1.0,888.0,-0.0,120,-41.68502799209575,0.0,120,-8.764577657376993,0.0,120,-16.325084252880433,0.0,120,-14.813924091145838,0.0,120,-51.4347530837655,0.0,120,-36.100508782483715,0.0,0.0,0.334520579653795,0.334520579653795,0.0,-12039.395661740082,-12039.395661740082,1204.274086753662,1204.274086753662,1204.274086753662,0.0,0.0,484.274086753662,0.0,720
1203.9395661740082,0.0,-12039.395661740082,484.274086753662,2015.0304651053154,0.0,-0.0,0.048845670984057295,0.47997237932604736,0.0,799.2,0.0,0.0,1.0,888.0,-0.0,120,-6.286618149175867,0.0,120,-4.631928133536016,0.0,120,-43.71601124156866,0.0,120,-28.47010901095254,0.0,120,-42.3183596190715,0.0,120,-17.874759349421286,0.0,0.0,0.334520579653795,0.334520579653795,0.0,-12039.395661740082,-12039.395661740082,1204.274086753662,1204.274086753662,1204.274086753662,0.0,0.0,484.274086753662,0.0,720
1203.9395661740082,0.0,-12039.395661740082,484.274086753662,2450.877143183611,0.0,-0.0,0.05941088267965024,0.47997237932604736,0.0,799.2,0.0,0.0,1.0,888.0,-0.0,120,-33.58564483079728,0.0,120,-14.728333026897895,0.0,120,-29.91080794310447,0.0,120,-44.387295273461056,0.0,120,-26.6467776985506,0.0,120,-15.652922633358962,0.0,0.0,0.334520579653795,0.334520579653795,0.0,-12039.395661740082,-12039.395661740082,1204.274086753662,1204.274086753662,1204.274086753662,0.0,0.0,484.274086753662,0.0,720
1203.9395661740082,0.0,-12039.395661740082,484.274086753662,2886.7238212619072,0.0,-0.0,0.06997609437524319,0.47997237932604736,0.0,799.2,0.0,0.0,1.0,888.0,-0.0,120,-29.07590414430293,0.0,120,-40.31282262332686,0.0,120,-32.35948753468595,0.0,120,-4.075083200866554,0.0,120,-55.14453965079804,0.0,120,-6.56507596008737,0.0,0.0,0.334520579653795,0.334520579653795,0.0,-12039.395661740082,-12039.395661740082,1204.274086753662,1204.274086753662,1204.274086753662,0.0,0.0,484.274086753662,0.0,720
1203.9395661740082,0.0,-12039.395661740082,484.274086753662,3322.5704993402032,0.0,-0.0,0.08054130607083614,0.47997237932604736,0.0,799.2,0.0,0.0,1.0,888.0,-0.0,120,-34.69181320561057,0.0,120,-51.17117039286266,0.0,120,-9.81855529706668,0.0,120,-4.367899090139304,0.0,120,-24.83031620019968,0.0,120,-49.51324111361207,0.0,0.0,0.334520579653795,0.334520579653795,0.0,-12039.395661740082,-12039.395661740082,1204.274086753662,1204.274086753662,1204.274086753662,0.0,0.0,484.274086753662,0.0,720
1384.4626481746593,0.0,-13844.626481746593,664.8473279879893,3758.4171774184993,0.0,-0.0,0.09110651776642908,0.47997237932604736,0.0,799.2,0.0,0.0,1.0,888.0,-0.0,120,-43.447717429669375,0.0,120,-27.149446905331082,0.0,120,-58.42333789005562,0.0,120,-35.99686390016231,0.0,120,-13.694356722714097,0.0,120,-57.46608560951796,0.0,0.0,0.384679813329997,0.384679813329997,0.0,-13844.626481746593,-13844.626481746593,1384.8473279879893,1384.8473279879893,1384.8473279879893,0.0,0.0,664.8473279879893,0.0,720
1384.4626481746593,0.0,-13844.626481746593,664.8473279879893,4356.77977260769,0.0,-0.0,0.10561122276216735,0.47997237932604736,0.0,799.2,0.0,0.0,1.0,888.0,-0.0,120,-10.396477534466984,0.0,120,-43.60457376106086,0.0,120,-39.311168088435174,0.0,120,-24.23530356940421,0.0,120,-32.829932452012315,0.0,120,-4.473135809230255,0.0,0.0,0.384679813329997,0.384679813329997,0.0,-13844.626481746593,-13844.626481746593,1384.8473279879893,1384.8473279879893,1384.8473279879893,0.0,0.0,664.8473279879893,0.0,720
1384.4626481746593,0.0,-13844.626481746593,664.8473279879893,4955.14236779688,0.0,-0.0,0.1201159277579056,0.47997237932604736,0.0,799.2,0.0,0.0,1.0,888.0,-0.0,120,-1.7407779707807114,0.0,120,-35.07096108257775,0.0,120,-0.8765408028382948,0.0,120,-11.479948826338546,0.0,120,-22.421118407448834,0.0,120,-19.800702438519483,0.0,0.0,0.384679813329997,0.384679813329997,0.0,-13844.626481746593,-13844.626481746593,1384.8473279879893,1384.8473279879893,1384.8473279879893,0.0,0.0,664.8473279879893,0.0,720
1384.4626481746593,0.0,-13844.626481746593,664.8473279879893,5553.50496298607,0.0,-0.0,0.13462063275364386,0.47997237932604736,0.0,799.2,0.0,0.0,1.0,888.0,-0.0,120,-27.383072355995424,0.0,120,-21.76769319762267,0.0,120,-49.22263571897857,0.0,120,-16.02903205485336,0.0,120,-1.5629783487195326,0.0,120,-19.77710037877459,0.0,0.0,0.384679813329997,0.384679813329997,0.0,-13844.626481746593,-13844.626481746593,1384.8473279879893,1384.8473279879893,1384.8473279879893,0.0,0.0,664.8473279879893,0.0,720
1384.4626481746593,0.0,-13844.626481746593,664.8473279879893,6151.86755817526,0.0,-0.0,0.14912533774938208,0.47997237932604736,0.0,799.2,0.0,0.0,1.0,888.0,-0.0,120,-15.705541133795581,0.0,120,-16.367093413239,0.0,120,-52.5353424239952,0.0,120,-7.855879580638751,0.0,120,-42.39804857749063,0.0,120,-2.5305880343044973,0.0,0.0,0.384679813329997,0.384679813329997,0.0,-13844.626481746593,-13844.626481746593,1384.8473279879893,1384.8473279879893,1384.8473279879893,0.0,0.0,664.8473279879893,0.0,720
1384.4626481746593,0.0,-13844.626481746593,664.8473279879893,6750.2301533644495,0.0,-0.0,0.16363004274512033,0.47997237932604736,0.0,799.2,0.0,0.0,1.0,888.0,-0.0,120,-36.11436837977447,0.0,120,-59.68156040962478,0.0,120,-34.022384460191695,0.0,120,-12.535257245550593,0.0,120,-13.24336028993147,0.0,120,-25.02702748939818,0.0,0.0,0.384679813329997,0.384679813329997,0.0,-13844.626481746593,-13844.626481746593,1384.8473279879893,1384.8473279879893,1384.8473279879893,0.0,0.0,664.8473279879893,0.0,720
1416.9476753746962,0.0,-14169.476753746963,697.34138131395,7348.5927485536395,0.0,-0.0,0.17813474774085858,0.47997237932604736,0.0,799.2,0.0,0.0,1.0,888.0,-0.0,120,-21.565325288584404,0.0,120,-5.179032361181751,0.0,120,-5.903007710813917,0.0,120,-56.981495750531245,0.0,120,-38.71624326087386,0.0,120,-23.247034182927514,0.0,0.0,0.393705939253875,0.393705939253875,0.0,-14169.476753746963,-14169.476753746963,1417.34138131395,1417.34138131395,1417.34138131395,0.0,0.0,697.34138131395,0.0,720
1416.9476753746962,0.0,-14169.476753746963,697.34138131395,7976.1999917361945,0.0,-0.0,0.19334836234301006,0.47997237932604736,0.0,799.2,0.0,0.0,1.0,888.0,-0.0,120,-46.412941319139584,0.0,120,-3.0754773544296654,0.0,120,-44.95767460631505,0.0,120,-15.41788581977881,0.0,120,-3.9454766610410497,0.0,120,-54.83520232103837,0.0,0.0,0.393705939253875,0.393705939253875,0.0,-14169.476753746963,-14169.476753746963,1417.34138131395,1417.34138131395,1417.34138131395,0.0,0.0,697.34138131395,0.0,720
1416.9476753746962,0.0,-14169.476753746963,697.34138131395,8603.80723491875,0.0,-0.0,0.20856197694516154,0.47997237932604736,0.0,799.2,0.0,0.0,1.0,888.0,-0.0,120,-16.027353926987196,0.0,120,-27.072235906506233,0.0,120,-42.48782843928332,0.0,120,-42.58088778839267,0.0,120,-31.77253937416639,0.0,120,-17.74812406459754,0.0,0.0,0.393705939253875,0.393705939253875,0.0,-14169.476753746963,-14169.476753746963,1417.34138131395,1417.34138131395,1417.34138131395,0.0,0.0,697.34138131395,0.0,720
1416.9476753746962,0.0,-14169.476753746963,697.34138131395,9231.414478101306,0.0,-0.0,0.22377559154731305,0.47997237932604736,0.0,799.2,0.0,0.0,1.0,888.0,-0.0,120,-6.563778630391893,0.0,120,-16.758179077180277,0.0,120,-1.1078421894200141,0.0,120,-29.630320243165173,0.0,120,-14.174062067742897,0.0,120,-13.927179262935061,0.0,0.0,0.393705939253875,0.393705939253875,0.0,-14169.476753746963,-14169.476753746963,1417.34138131395,1417.34138131395,1417.34138131395,0.0,0.0,697.34138131395,0.0,720
1416.9476753746962,0.0,-14169.476753746963,697.34138131395,9859.021721283862,0.0,-0.0,0.23898920614946456,0.47997237932604736,0.0,799.2,0.0,0.0,1.0,888.0,-0.0,120,-28.82202112788822,0.0,120,-38.58105418687913,0.0,120,-32.59742289800392,0.0,120,-54.444852639100645,0.0,120,-48.59967342934984,0.0,120,-13.178368678208138,0.0,0.0,0.393705939253875,0.393705939253875,0.0,-14169.476753746963,-14169.476753746963,1417.34138131395,1417.34138131395,1417.34138131395,0.0,0.0,697.34138131395,0.0,720
1416.9476753746962,0.0,-14169.476753746963,697.34138131395,10486.628964466418,0.0,-0.0,0.25420282075161604,0.47997237932604736,0.0,799.2,0.0,0.0,1.0,888.0,-0.0,120,-34.46510595570028,0.0,120,-33.717288386520366,0.0,120,-47.892589647383524,0.0,120,-59.20457791723619,0.0,120,-16.18980625350692,0.0,120,-30.60510321069978,0.0,0.0,0.393705939253875,0.393705939253875,0.0,-14169.476753746963,-14169.476753746963,1417.34138131395,1417.34138131395,1417.34138131395,0.0,0.0,697.34138131395,0.0,720
1420.2999442004052,0.0,-14202.999442004053,700.6945815841786,11114.236207648974,0.0,-0.0,0.2694164353537676,0.47997237932604736,0.0,799.2,0.0,0.0,1.0,888.0,-0.0,120,-59.46724775506475,0.0,120,-58.35344599731315,0.0,120,-14.4334127105292,0.0,120,-18.833009008899385,0.0,120,-56.950025427536055,0.0,120,-27.390559423698313,0.0,0.0,0.394637383773383,0.394637383773383,0.0,-14202.999442004053,-14202.999442004053,1420.6945815841786,1420.6945815841786,1420.6945815841786,0.0,0.0,700.6945815841786,0.0,720
1420.2999442004052,0.0,-14202.999442004053,700.6945815841786,11744.861331074735,0.0,-0.0,0.28470320536869403,0.47997237932604736,0.0,799.2,0.0,0.0,1.0,888.0,-0.0,120,-11.64760968836924,0.0,120,-49.73673451751934,0.0,120,-47.90866606740444,0.0,120,-7.166925234778763,0.0,120,-8.182291740386647,0.0,120,-10.863412400453196,0.0,0.0,0.394637383773383,0.394637383773383,0.0,-14202.999442004053,-14202.999442004053,1420.6945815841786,1420.6945815841786,1420.6945815841786,0.0,0.0,700.6945815841786,0.0,720
1420.2999442004052,0.0,-14202.999442004053,700.6945815841786,12375.486454500497,0.0,-0.0,0.2999899753836205,0.47997237932604736,0.0,799.2,0.0,0.0,1.0,888.0,-0.0,120,-4.356644104848977,0.0,120,-9.618872853804866,0.0,120,-7.466507579948223,0.0,120,-9.70217627860585,0.0,120,-31.12709897657931,0.0,120,-15.21998267116784,0.0,0.0,0.394637383773383,0.394637383773383,0.0,-14202.999442004053,-14202.999442004053,1420.6945815841786,1420.6945815841786,1420.6945815841786,0.0,0.0,700.6945815841786,0.0,720
1420.2999442004052,0.0,-14202.999442004053,700.6945815841786,13006.111577926258,0.0,-0.0,0.315276745398547,0.47997237932604736,0.0,799.2,0.0,0.0,1.0,888.0,-0.0,120,-32.70130901987664,0.0,120,-3.3217663932695007,0.0,120,-25.93049057983413,0.0,120,-37.01382538783119,0.0,120,-25.94520908006668,0.0,120,-17.489382420936376,0.0,0.0,0.394637383773383,0.394637383773383,0.0,-14202.999442004053,-14202.999442004053,1420.6945815841786,1420.6945815841786,1420.6945815841786,0.0,0.0,700.6945815841786,0.0,720
1420.2999442004052,0.0,-14202.999442004053,700.6945815841786,13636.73670135202,0.0,-0.0,0.33056351541347345,0.47997237932604736,0.0,799.2,0.0,0.0,1.0,888.0,-0.0,120,-18.662339263769194,0.0,120,-32.56493549776401,0.0,120,-11.711376638010556,0.0,120,-33.769425711124114,0.0,120,-5.258495312531117,0.0,120,-29.453131822754624,0.0,0.0,0.394637383773383,0.394637383773383,0.0,-14202.999442004053,-14202.999442004053,1420.6945815841786,1420.6945815841786,1420.6945815841786,0.0,0.0,700.6945815841786,0.0,720
1420.2999442004052,0.0,-14202.999442004053,702.6945815841786,14267.361824777781,0.0,-0.0,0.3458502854283999,0.47997237932604736,0.0,799.2,0.0,0.0,1.0,888.0,-0.0,118,-23.390954874682645,0.0,120,-50.93978787959666,0.0,120,-24.09062923770295,0.0,120,-9.09569254024259,0.0,120,-19.409299219292336,0.0,120,-1.5151745435311614,0.0,0.0,0.394637383773383,0.394637383773383,0.0,-14202.999442004053,-14202.999442004053,1420.6945815841786,1420.6945815841786,1420.6945815841786,0.0,0.0,702.6945815841786,0.0,718
1270.1987789256966,0.0,-12701.987789256966,554.5517099562401,14899.786948203542,0.0,-0.0,0.3611806886336398,0.47997237932604736,0.0,799.2,0.0,0.0,1.0,888.0,-0.0,118,-20.60461388087369,0.0,118,-0.8345618519986808,0.0,120,-18.278138852511553,0.0,120,-13.256430369011813,0.0,120,-13.464053944209741,0.0,120,-5.004213386558338,0.0,0.0,0.3529310305434,0.3529310305434,0.0,-12701.987789256966,-12701.987789256966,1270.55170995624,1270.55170995624,1270.55170995624,0.0,0.0,554.5517099562401,0.0,716
1270.1987789256966,0.0,-12701.987789256966,554.5517099562401,15398.883487164157,0.0,-0.0,0.37327911878321957,0.47997237932604736,0.0,799.2,0.0,0.0,1.0,888.0,-0.0,118,-13.047143922665555,0.0,118,-34.34643956740277,0.0,120,-0.17689382903805173,0.0,120,-37.788151082893826,0.0,120,-5.128799263013102,0.0,120,-55.06550319953853,0.0,0.0,0.3529310305434,0.3529310305434,0.0,-12701.987789256966,-12701.987789256966,1270.55170995624,1270.55170995624,1270.55170995624,0.0,0.0,554.5517099562401,0.0,716
1270.1987789256966,0.0,-12701.987789256966,554.5517099562401,15897.980026124773,0.0,-0.0,0.3853775489327994,0.47997237932604736,0.0,799.2,0.0,0.0,1.0,888.0,-0.0,118,-31.731181687653166,0.0,118,-1.2395188307061278,0.0,120,-2.3079019150589697,0.0,120,-47.58554265696715,0.0,120,-48.026004886904694,0.0,120,-4.000921703006057,0.0,0.0,0.3529310305434,0.3529310305434,0.0,-12701.987789256966,-12701.987789256966,1270.55170995624,1270.55170995624,1270.55170995624,0.0,0.0,554.5517099562401,0.0,716
1270.1987789256966,0.0,-12701.987789256966,554.5517099562401,16397.07656508539,0.0,-0.0,0.39747597908237925,0.47997237932604736,0.0,799.2,0.0,0.0,1.0,888.0,-0.0,118,-10.629636331367621,0.0,118,-42.959890189368544,0.0,120,-6.432352487807867,0.0,120,-45.76536691145516,0.0,120,-38.08448299352799,0.0,120,-21.913047859173275,0.0,0.0,0.3529310305434,0.3529310305434,0.0,-12701.987789256966,-12701.987789256966,1270.55170995624,1270.55170995624,1270.55170995624,0.0,0.0,554.5517099562401,0.0,716
1270.1987789256966,0.0,-12701.987789256966,556.5517099562401,16896.173104046007,0.0,-0.0,0.40957440923195904,0.47997237932604736,0.0,799.2,0.0,0.0,1.0,888.0,-0.0,118,-30.719780481850215,0.0,118,-9.159507836339218,0.0,118,-8.09333078521025,0.0,120,-34.612026730277,0.0,120,-11.108350539865285,0.0,120,-52.65615841083848,0.0,0.0,0.3529310305434,0.3529310305434,0.0,-12701.987789256966,-12701.987789256966,1270.55170995624,1270.55170995624,1270.55170995624,0.0,0.0,556.5517099562401,0.0,714
1270.1987789256966,0.0,-12701.987789256966,494.5517099562401,17397.069643006624,0.0,-0.0,0.4217164725718523,0.47997237932604736,0.0,799.2,0.0,0.0,1.0,888.0,-0.0,180,-11.979786592511958,0.0,118,-3.112510927806693,0.0,118,-3.5775704740169645,0.0,120,-33.45863827364111,0.0,120,-4.616297180425127,0.0,120,-37.03713871029189,0.0,0.0,0.3529310305434,0.3529310305434,0.0,-12701.987789256966,-12701.987789256966,1270.55170995624,1270.55170995624,1270.55170995624,0.0,0.0,494.5517099562401,0.0,776
759.7085590736957,0.0,-7597.085590736957,0.0,17842.16618196724,14.080352135230783,-0.0,0.43250590701202923,0.47997237932604736,0.0,799.2,0.0,0.0,1.0,888.0,-0.0,180,-22.2643107982041,0.0,118,-11.806804325082004,0.0,118,-7.192061747891461,0.0,120,-56.148182037064025,0.0,118,-40.766093862395095,0.0,120,-25.360626356861097,0.0,0.0,0.211088791073547,0.211088791073547,0.0,-7597.085590736957,-7597.085590736957,774.0,774.0,759.9196478647692,0.0,14.080352135230783,0.0,0.0,774
759.7085590736957,0.0,-7597.085590736957,0.0,17826.52134626143,14.080352135230783,-0.0,0.4321266658488214,0.47997237932604736,0.0,799.2,0.0,0.0,1.0,888.0,-0.0,180,-50.42823853121547,0.0,118,-21.17353518291575,0.0,118,-34.91803670997548,0.0,120,-54.43195454875981,0.0,118,-2.15880356275715,0.0,120,-22.790866877437303,0.0,0.0,0.211088791073547,0.211088791073547,0.0,-7597.085590736957,-7597.085590736957,774.0,774.0,759.9196478647692,0.0,14.080352135230783,0.0,0.0,774
759.7085590736957,0.0,-7597.085590736957,0.0,17810.87651055562,14.080352135230783,-0.0,0.4317474246856136,0.47997237932604736,0.0,799.2,0.0,0.0,1.0,888.0,-0.0,180,-19.074965650472354,0.0,118,-32.21236900494792,0.0,118,-46.723375175060795,0.0,120,-22.372929932628157,0.0,118,-50.238249296526654,0.0,120,-6.194581331111653,0.0,0.0,0.211088791073547,0.211088791073547,0.0,-7597.085590736957,-7597.085590736957,774.0,774.0,759.9196478647692,0.0,14.080352135230783,0.0,0.0,774
759.7085590736957,0.0,-7597.085590736957,47.91964786476922,17795.23167484981,0.0,-0.0,0.43136818352240586,0.47997237932604736,0.0,799.2,0.0,0.0,1.0,888.0,-0.0,118,-5.1879685665646535,0.0,118,-58.46729826677241,0.0,118,-58.744713794434404,0.0,120,-29.32992843915024,0.0,118,-0.705330865417686,0.0,120,-26.49391996024264,0.0,0.0,0.211088791073547,0.211088791073547,0.0,-7597.085590736957,-7597.085590736957,759.9196478647692,759.9196478647692,759.9196478647692,0.0,0.0,47.91964786476922,0.0,712
759.7085590736957,0.0,-7597.085590736957,45.91964786476922,17838.3593579281,0.0,-0.0,0.4324136270799239,0.47997237932604736,0.0,799.2,0.0,0.0,1.0,888.0,-0.0,120,-31.170877200757655,0.0,118,-24.160608613132347,0.0,118,-45.72971025849899,0.0,120,-46.85493945648365,0.0,118,-27.842424561201526,0.0,120,-46.053977475337575,0.0,0.0,0.211088791073547,0.211088791073547,0.0,-7597.085590736957,-7597.085590736957,759.9196478647692,759.9196478647692,759.9196478647692,0.0,0.0,45.91964786476922,0.0,714
759.7085590736957,0.0,-7597.085590736957,45.91964786476922,17879.687041006393,0.0,-0.0,0.4334154374471285,0.47997237932604736,0.0,799.2,0.0,0.0,1.0,888.0,-0.0,120,-32.19532339429907,0.0,118,-49.6072816696434,0.0,118,-16.952794838864538,0.0,120,-7.16796720297153,0.0,118,-55.913974152536014,0.0,120,-16.842435151194913,0.0,0.0,0.211088791073547,0.211088791073547,0.0,-7597.085590736957,-7597.085590736957,759.9196478647692,759.9196478647692,759.9196478647692,0.0,0.0,45.91964786476922,0.0,714
219.12252174622992,0.0,-2191.225217462299,0.0,17921.014724084685,494.8165939743185,-0.0,0.43441724781433316,0.47997237932604736,0.0,799.2,0.0,0.0,1.0,888.0,-0.0,120,-32.56420467789715,0.0,118,-37.390989673820364,0.0,118,-37.4588919738241,0.0,120,-38.92230309900249,0.0,118,-44.581299316543955,0.0,120,-38.71729948591649,0.0,0.0,0.0608842794515782,0.0608842794515782,0.0,-2191.225217462299,-2191.225217462299,714.0,714.0,219.1834060256815,0.0,494.8165939743185,0.0,0.0,714
219.12252174622992,0.0,-2191.225217462299,0.0,17371.218508557664,494.8165939743185,-0.0,0.4210898239778359,0.47997237932604736,0.0,799.2,0.0,0.0,1.0,888.0,-0.0,120,-57.69861727760913,0.0,118,-45.793415687413926,0.0,118,-1.913234146254894,0.0,120,-34.07929804503451,0.0,118,-26.806276335644807,0.0,120,-55.73426200934159,0.0,0.0,0.0608842794515782,0.0608842794515782,0.0,-2191.225217462299,-2191.225217462299,714.0,714.0,219.1834060256815,0.0,494.8165939743185,0.0,0.0,714
219.12252174622992,0.0,-2191.225217462299,0.0,16821.422293030642,494.8165939743185,-0.0,0.40776240014133863,0.47997237932604736,0.0,799.2,0.0,0.0,1.0,888.0,-0.0,120,-17.201349794851115,0.0,118,-22.524381104628194,0.0,118,-48.68182826430539,0.0,120,-33.54749548185405,0.0,118,-13.125818596775638,0.0,120,-4.31361631362538,0.0,0.0,0.0608842794515782,0.0608842794515782,0.0,-2191.225217462299,-2191.225217462299,714.0,714.0,219.1834060256815,0.0,494.8165939743185,0.0,0.0,714
219.12252174622992,0.0,-2191.225217462299,0.0,16271.626077503623,494.8165939743185,-0.0,0.3944349763048414,0.47997237932604736,0.0,799.2,0.0,0.0,1.0,888.0,-0.0,120,-56.19966515898127,0.0,118,-12.766309016248677,0.0,118,-56.36427290178962,0.0,120,-40.26040428545924,0.0,118,-8.860137440341884,0.0,120,-32.662887705098825,0.0,0.0,0.0608842794515782,0.0608842794515782,0.0,-2191.225217462299,-2191.225217462299,714.0,714.0,219.1834060256815,0.0,494.8165939743185,0.0,0.0,714
219.12252174622992,0.0,-2191.225217462299,0.0,15721.829861976603,494.8165939743185,-0.0,0.3811075524683442,0.47997237932604736,0.0,799.2,0.0,0.0,1.0,888.0,-0.0,120,-5.02072541221581,0.0,118,-14.69570974192627,0.0,118,-24.610511738383515,0.0,120,-37.13176726746304,0.0,118,-7.1956788986955615,0.0,120,-26.993083621765503,0.0,0.0,0.0608842794515782,0.0608842794515782,0.0,-2191.225217462299,-2191.225217462299,714.0,714.0,219.1834060256815,0.0,494.8165939743185,0.0,0.0,714
219.12252174622992,0.0,-2191.225217462299,0.0,15172.033646449583,496.8165939743185,-0.0,0.36778012863184695,0.47997237932604736,0.0,799.2,0.0,0.0,1.0,888.0,-0.0,120,-2.8923968550073442,0.0,120,-39.595985854821464,0.0,118,-28.199967023197235,0.0,120,-55.26911978495743,0.0,118,-56.31656117984756,0.0,120,-14.62467101599914,0.0,0.0,0.0608842794515782,0.0608842794515782,0.0,-2191.225217462299,-2191.225217462299,716.0,716.0,219.1834060256815,0.0,496.8165939743185,0.0,0.0,716
0.0,0.0,-0.0,0.0,14620.01520870034,716.0,-0.0,0.35439883665916033,0.47997237932604736,0.0,799.2,0.0,0.0,1.0,888.0,-0.0,120,-22.583236558251226,0.0,120,-22.490439282774556,0.0,118,-36.031453960958096,0.0,120,-4.2499521513398575,0.0,118,-22.90928832595388,0.0,120,-33.50565308578032,0.0,0.0,0.0,0.0,0.0,0.0,0.0,716.0,716.0,0.0,0.0,716.0,0.0,0.0,716
0.0,0.0,-0.0,0.0,13824.459653144786,716.0,-0.0,0.3351140439033473,0.47997237932604736,0.0,799.2,0.0,0.0,1.0,888.0,-0.0,120,-26.64645110297108,0.0,120,-52.1238433864673,0.0,118,-34.51011255369265,0.0,120,-14.377000530406095,0.0,118,-19.385715449723715,0.0,120,-19.99971397500586,0.0,0.0,0.0,0.0,0.0,0.0,0.0,716.0,716.0,0.0,0.0,716.0,0.0,0.0,716
0.0,0.0,-0.0,0.0,13028.904097589231,716.0,-0.0,0.3158292511475343,0.47997237932604736,0.0,799.2,0.0,0.0,1.0,888.0,-0.0,120,-6.979066292550533,0.0,120,-40.934636534137624,0.0,118,-5.508346987322961,0.0,120,-27.228195286493822,0.0,118,-1.7687506815460163,0.0,120,-8.58149829780039,0.0,0.0,0.0,0.0,0.0,0.0,0.0,716.0,716.0,0.0,0.0,716.0,0.0,0.0,716
0.0,0.0,-0.0,0.0,12233.348542033676,716.0,-0.0,0.2965444583917212,0.47997237932604736,0.0,799.2,0.0,0.0,1.0,888.0,-0.0,120,-19.244601379038006,0.0,120,-44.32093540049499,0.0,118,-0.3070055770512736,0.0,120,-7.24525492600538,0.0,118,-19.121732775328717,0.0,120,-54.13027209787001,0.0,0.0,0.0,0.0,0.0,0.0,0.0,716.0,716.0,0.0,0.0,716.0,0.0,0.0,716
0.0,0.0,-0.0,0.0,11437.792986478122,716.0,-0.0,0.2772596656359082,0.47997237932604736,0.0,799.2,0.0,0.0,1.0,888.0,-0.0,120,-7.392780750220633,0.0,120,-57.362227857164875,0.0,118,-47.518158553926796,0.0,120,-43.92596544773697,0.0,118,-31.73101596657657,0.0,120,-35.29920974399359,0.0,0.0,0.0,0.0,0.0,0.0,0.0,716.0,716.0,0.0,0.0,716.0,0.0,0.0,716
0.0,0.0,-0.0,0.0,10642.237430922567,716.0,-0.0,0.2579748728800952,0.47997237932604736,0.0,799.2,0.0,0.0,1.0,888.0,-0.0,120,-46.03629965728691,0.0,120,-0.28709234846419074,0.0,118,-54.3663258208288,0.0,120,-49.45886061979904,0.0,118,-54.48219525931039,0.0,120,-16.685055212257108,0.0,0.0,0.0,0.0,0.0,0.0,0.0,716.0,716.0,0.0,0.0,716.0,0.0,0.0,716
0.0,0.0,-0.0,0.0,9846.681875367012,718.0,-0.0,0.23869008012428217,0.47997237932604736,0.0,799.2,0.0,0.0,1.0,888.0,-0.0,120,-15.151950730872885,0.0,120,-11.237549568790557,0.0,120,-47.14925011862171,0.0,120,-38.36992465761581,0.0,118,-21.20063923711158,0.0,120,-39.07129574413558,0.0,0.0,0.0,0.0,0.0,0.0,0.0,718.0,718.0,0.0,0.0,718.0,0.0,0.0,718
0.0,0.0,-0.0,0.0,9048.904097589235,718.0,-0.0,0.21935141923227972,0.47997237932604736,0.0,799.2,0.0,0.0,1.0,888.0,-0.0,120,-56.48098054674158,0.0,120,-31.981343534188472,0.0,120,-29.995306749406303,0.0,120,-18.217233290749856,0.0,118,-11.795455358668326,0.0,120,-45.82168054680744,0.0,0.0,0.0,0.0,0.0,0.0,0.0,718.0,718.0,0.0,0.0,718.0,0.0,0.0,718
0.0,0.0,-0.0,0.0,8251.126319811458,718.0,-0.0,0.20001275834027726,0.47997237932604736,0.0,799.2,0.0,0.0,1.0,888.0,-0.0,120,-24.589746808550757,0.0,120,-51.52871456978304,0.0,120,-2.474582830685521,0.0,120,-16.30932203627714,0.0,118,-2.600373895204977,0.0,120,-0.5213305539389834,0.0,0.0,0.0,0.0,0.0,0.0,0.0,718.0,718.0,0.0,0.0,718.0,0.0,0.0,718
0.0,0.0,-0.0,0.0,7453.34854203368,718.0,-0.0,0.18067409744827478,0.47997237932604736,0.0,799.2,0.0,0.0,1.0,888.0,-0.0,120,-3.7253146044718166,0.0,120,-12.111789983030564,0.0,120,-18.702165353230946,0.0,120,-28.735336420264233,0.0,118,-27.871616100064173,0.0,120,-17.72045120127356,0.0,0.0,0.0,0.0,0.0,0.0,0.0,718.0,718.0,0.0,0.0,718.0,0.0,0.0,718
0.0,0.0,-0.0,0.0,6655.570764255903,718.0,-0.0,0.16133543655627233,0.47997237932604736,0.0,799.2,0.0,0.0,1.0,888.0,-0.0,120,-54.1163376890147,0.0,120,-45.6836519075612,0.0,120,-47.86953082245952,0.0,120,-52.34259020722536,0.0,118,-3.565257314033221,0.0,120,-41.32334123368469,0.0,0.0,0.0,0.0,0.0,0.0,0.0,718.0,718.0,0.0,0.0,718.0,0.0,0.0,718
0.0,0.0,-0.0,0.0,5857.792986478125,718.0,-0.0,0.14199677566426988,0.47997237932604736,0.0,799.2,0.0,0.0,1.0,888.0,-0.0,120,-48.73452425265852,0.0,120,-22.259437015699813,0.0,120,-59.37937450143488,0.0,120,-11.387820557548293,0.0,118,-13.98364079271884,0.0,120,-20.549335306324334,0.0,0.0,0.0,0.0,0.0,0.0,0.0,718.0,718.0,0.0,0.0,718.0,0.0,0.0,718
0.0,0.0,-0.0,0.0,5060.015208700348,718.0,-0.0,0.12265811477226743,0.47997237932604736,0.0,799.2,0.0,0.0,1.0,888.0,-0.0,120,-16.095658997748796,0.0,120,-54.726509369328454,0.0,120,-20.33252743663011,0.0,120,-4.058710419909106,0.0,118,-54.6097373290742,0.0,120,-15.204158462788795,0.0,0.0,0.0,0.0,0.0,0.0,0.0,718.0,718.0,0.0,0.0,718.0,0.0,0.0,718
0.0,0.0,-0.0,0.0,4262.237430922571,718.0,-0.0,0.10331945388026496,0.47997237932604736,0.0,799.2,0.0,0.0,1.0,888.0,-0.0,120,-17.18409359173996,0.0,120,-46.88561523128806,0.0,120,-47.078888943141116,0.0,120,-4.908523757235141,0.0,118,-12.639264779335225,0.0,120,-48.90306442804656,0.0,0.0,0.0,0.0,0.0,0.0,0.0,718.0,718.0,0.0,0.0,718.0,0.0,0.0,718
0.0,0.0,-0.0,0.0,3464.459653144793,718.0,-0.0,0.0839807929882625,0.47997237932604736,0.0,799.2,0.0,0.0,1.0,888.0,-0.0,120,-8.825555641586169,0.0,120,-38.90452977546215,0.0,120,-15.391265034733884,0.0,120,-4.623610712807555,0.0,118,-39.84968232566219,0.0,120,-43.66527694512395,0.0,0.0,0.0,0.0,0.0,0.0,0.0,718.0,718.0,0.0,0.0,718.0,0.0,0.0,718
0.0,0.0,-0.0,0.0,2666.681875367015,718.0,-0.0,0.06464213209626003,0.47997237932604736,0.0,799.2,0.0,0.0,1.0,888.0,-0.0,120,-56.536857572865614,0.0,120,-3.873919626479434,0.0,120,-42.701969595271464,0.0,120,-14.77437231260128,0.0,118,-3.1239800522162176,0.0,120,-55.603524590008405,0.0,0.0,0.0,0.0,0.0,0.0,0.0,718.0,718.0,0.0,0.0,718.0,0.0,0.0,718
0.0,0.0,-0.0,0.0,1868.9040975892372,718.0,-0.0,0.04530347120425756,0.47997237932604736,0.0,799.2,0.0,0.0,1.0,888.0,-0.0,120,-31.928539816328964,0.0,120,-10.562472691411875,0.0,120,-2.153322028234248,0.0,120,-59.1743707140871,0.0,118,-22.38547767391909,0.0,120,-29.121125666472025,0.0,0.0,0.0,0.0,0.0,0.0,0.0,718.0,718.0,0.0,0.0,718.0,0.0,0.0,718
0.0,0.0,-0.0,0.0,1071.1263198114593,718.0,-0.0,0.02596481031225509,0.47997237932604736,0.0,799.2,0.0,0.0,1.0,888.0,-0.0,120,-1.3467253871085583,0.0,120,-43.23818531753987,0.0,120,-57.20560057522683,0.0,120,-34.1004072009084,0.0,118,-26.748715268113152,0.0,120,-19.66032210978641,0.0,0.0,0.0,0.0,0.0,0.0,0.0,718.0,718.0,0.0,0.0,718.0,0.0,0.0,718
0.0,0.0,-0.0,0.0,273.3485420336816,246.01368783031344,-0.0,0.0066261494202526265,0.47997237932604736,226.54039326141103,799.2,0.0,471.9863121696866,1.0,888.0,-419123.8452066817,120,-46.456724235531844,0.0,120,-16.768612492588346,0.0,120,-10.30183191487366,0.0,120,-12.447685643105347,0.0,118,-22.72452954935051,0.0,120,-51.33079285778923,0.0,0.0,0.0,0.0,0.0,-419123.8452066817,-419123.8452066817,718.0,718.0,0.0,0.0,718.0,0.0,0.0,718
0.0,0.0,-0.0,0.0,0.0,0.0,-0.0,0.0,0.47997237932604736,344.620168356102,799.2,0.0,718.0,1.0,888.0,-637584.0,120,-35.25151854571375,0.0,120,-14.092034052191114,0.0,120,-4.288291759075127,0.0,120,-5.68638162161421,0.0,118,-13.54903062017004,0.0,120,-15.536197093445605,0.0,0.0,0.0,0.0,0.0,-637584.0,-637584.0,718.0,718.0,0.0,0.0,718.0,0.0,0.0,718
0.0,0.0,-0.0,0.0,0.0,0.0,-0.0,0.0,0.47997237932604736,344.620168356102,799.2,0.0,718.0,1.0,888.0,-637584.0,120,-50.63031776378401,0.0,120,-28.946545306082633,0.0,120,-35.6403361614656,0.0,120,-32.82032659641666,0.0,118,-56.11623130306673,0.0,120,-38.193194936470135,0.0,0.0,0.0,0.0,0.0,-637584.0,-637584.0,718.0,718.0,0.0,0.0,718.0,0.0,0.0,718
0.0,0.0,-0.0,0.0,0.0,0.0,-0.0,0.0,0.47997237932604736,344.620168356102,799.2,0.0,718.0,1.0,888.0,-637584.0,120,-38.88839389374489,0.0,120,-21.668123667847453,0.0,120,-29.381078101762952,0.0,120,-52.58432998210819,0.0,118,-14.47105452622392,0.0,120,-2.2442395961605244,0.0,0.0,0.0,0.0,0.0,-637584.0,-637584.0,718.0,718.0,0.0,0.0,718.0,0.0,0.0,718
0.0,0.0,-0.0,0.0,0.0,0.0,-0.0,0.0,0.47997237932604736,344.620168356102,799.2,0.0,718.0,1.0,888.0,-637584.0,120,-57.027849524718214,0.0,120,-49.95680117488054,0.0,120,-46.40770455137074,0.0,120,-44.81238062721266,0.0,118,-48.49533565966468,0.0,120,-2.5090940813933327,0.0,0.0,0.0,0.0,0.0,-637584.0,-637584.0,718.0,718.0,0.0,0.0,718.0,0.0,0.0,718
0.0,0.0,-0.0,0.0,0.0,0.0,-0.0,0.0,0.47997237932604736,344.620168356102,799.2,0.0,718.0,1.0,888.0,-637584.0,120,-58.80879811197341,0.0,120,-5.419953333503676,0.0,120,-38.010445623906925,0.0,120,-6.60162630737311,0.0,118,-58.3158137512857,0.0,120,-36.50143379111539,0.0,0.0,0.0,0.0,0.0,-637584.0,-637584.0,718.0,718.0,0.0,0.0,718.0,0.0,0.0,718
0.0,0.0,-0.0,0.0,0.0,0.0,-0.0,0.0,0.47997237932604736,344.620168356102,799.2,0.0,718.0,1.0,888.0,-637584.0,120,-53.365803645622975,0.0,120,-37.291766887348956,0.0,120,-31.39005042683907,0.0,120,-26.486506997489204,0.0,118,-35.235387570312334,0.0,120,-1.187954733001646,0.0,0.0,0.0,0.0,0.0,-637584.0,-637584.0,718.0,718.0,0.0,0.0,718.0,0.0,0.0,718
0.0,0.0,-0.0,0.0,0.0,0.0,-0.0,0.0,0.47997237932604736,344.620168356102,799.2,0.0,718.0,1.0,888.0,-637584.0,120,-58.71951647248039,0.0,120,-16.789542655919117,0.0,120,-38.468809758804056,0.0,120,-30.692880672580564,0.0,118,-1.1737176864579801,0.0,120,-40.48800285423744,0.0,0.0,0.0,0.0,0.0,-637584.0,-637584.0,718.0,718.0,0.0,0.0,718.0,0.0,0.0,718
0.0,0.0,-0.0,0.0,0.0,0.0,-0.0,0.0,0.47997237932604736,344.620168356102,799.2,0.0,718.0,1.0,888.0,-637584.0,120,-2.513469430470432,0.0,120,-41.188100141069555,0.0,120,-15.03867268109375,0.0,120,-25.33111500515065,0.0,118,-16.98135631340609,0.0,120,-32.233517684751064,0.0,0.0,0.0,0.0,0.0,-637584.0,-637584.0,718.0,718.0,0.0,0.0,718.0,0.0,0.0,718
0.0,0.0,-0.0,0.0,0.0,0.0,-0.0,0.0,0.47997237932604736,345.5801131147541,799.2,0.0,720.0,1.0,888.0,-639360.0,120,-9.469949274094827,0.0,120,-26.279650237781023,0.0,120,-26.780477203857906,0.0,120,-4.392345063193628,0.0,120,-28.495746445375268,0.0,120,-26.86652248689184,0.0,0.0,0.0,0.0,0.0,-639360.0,-639360.0,720.0,720.0,0.0,0.0,720.0,0.0,0.0,720
0.0,0.0,-0.0,0.0,0.0,0.0,-0.0,0.0,0.47997237932604736,345.5801131147541,799.2,0.0,720.0,1.0,888.0,-639360.0,120,-57.43593839550559,0.0,120,-45.39129493968498,0.0,120,-42.24636387285943,0.0,120,-3.905436425989317,0.0,120,-26.78965873892778,0.0,120,-32.67381393083665,0.0,0.0,0.0,0.0,0.0,-639360.0,-639360.0,720.0,720.0,0.0,0.0,720.0,0.0,0.0,720
0.0,0.0,-0.0,0.0,0.0,0.0,-0.0,0.0,0.47997237932604736,345.5801131147541,799.2,0.0,720.0,1.0,888.0,-639360.0,120,-54.19905616843693,0.0,120,-18.008283020507665,0.0,120,-31.214376024325365,0.0,120,-56.21253281771049,0.0,120,-41.44907254932699,0.0,120,-50.34963523873387,0.0,0.0,0.0,0.0,0.0,-639360.0,-639360.0,720.0,720.0,0.0,0.0,720.0,0.0,0.0,720
0.0,0.0,-0.0,0.0,0.0,0.0,-0.0,0.0,0.47997237932604736,345.5801131147541,799.2,0.0,720.0,1.0,888.0,-639360.0,120,-3.344939935766338,0.0,120,-47.35663164218797,0.0,120,-37.72742515543129,0.0,120,-42.90018661113348,0.0,120,-2.4705726036089226,0.0,120,-23.31702861554076,0.0,0.0,0.0,0.0,0.0,-639360.0,-639360.0,720.0,720.0,0.0,0.0,720.0,0.0,0.0,720
0.0,0.0,-0.0,0.0,0.0,0.0,-0.0,0.0,0.47997237932604736,345.5801131147541,799.2,0.0,720.0,1.0,888.0,-639360.0,120,-42.74586365222388,0.0,120,-2.5106894133730795,0.0,120,-26.870582089868996,0.0,120,-30.5339551806536,0.0,120,-18.47645557253107,0.0,120,-25.04749821061885,0.0,0.0,0.0,0.0,0.0,-639360.0,-639360.0,720.0,720.0,0.0,0.0,720.0,0.0,0.0,720
0.0,0.0,-0.0,0.0,0.0,0.0,-0.0,0.0,0.47997237932604736,345.5801131147541,799.2,0.0,720.0,1.0,888.0,-639360.0,120,-24.597563021597274,0.0,120,-28.32527967300083,0.0,120,-23.041275000988467,0.0,120,-19.234989561574068,0.0,120,-55.66548416604307,0.0,120,-2.016161894597346,0.0,0.0,0.0,0.0,0.0,-639360.0,-639360.0,720.0,720.0,0.0,0.0,720.0,0.0,0.0,720
0.0,0.0,-0.0,0.0,0.0,0.0,-0.0,0.0,0.47997237932604736,345.5801131147541,799.2,0.0,720.0,1.0,888.0,-639360.0,120,-43.01357039550474,0.0,120,-22.627839550903897,0.0,120,-41.352094808904994,0.0,120,-41.06163920560553,0.0,120,-10.533447494827579,0.0,120,-10.313846814301137,0.0,0.0,0.0,0.0,0.0,-639360.0,-639360.0,720.0,720.0,0.0,0.0,720.0,0.0,0.0,720
0.0,0.0,-0.0,0.0,0.0,0.0,-0.0,0.0,0.47997237932604736,345.5801131147541,799.2,0.0,720.0,1.0,888.0,-639360.0,120,-13.56798028524221,0.0,120,-22.472427305586965,0.0,120,-41.56635111205692,0.0,120,-49.15619312831334,0.0,120,-52.70119799651139,0.0,120,-11.525324678515643,0.0,0.0,0.0,0.0,0.0,-639360.0,-639360.0,720.0,720.0,0.0,0.0,720.0,0.0,0.0,720
0.0,0.0,-0.0,0.0,0.0,0.0,-0.0,0.0,0.47997237932604736,345.5801131147541,799.2,0.0,720.0,1.0,888.0,-639360.0,120,-35.664803950437204,0.0,120,-55.338680265532076,0.0,120,-56.336763042877735,0.0,120,-8.327611829059371,0.0,120,-25.496712919377018,0.0,120,-16.104414959118046,0.0,0.0,0.0,0.0,0.0,-639360.0,-639360.0,720.0,720.0,0.0,0.0,720.0,0.0,0.0,720
0.0,0.0,-0.0,0.0,0.0,0.0,-0.0,0.0,0.47997237932604736,345.5801131147541,799.2,0.0,720.0,1.0,888.0,-639360.0,120,-45.99996013559425,0.0,120,-34.37355603128528,0.0,120,-6.886922584103521,0.0,120,-1.9250926950885061,0.0,120,-42.49347033080768,0.0,120,-35.50370082914747,0.0,0.0,0.0,0.0,0.0,-639360.0,-639360.0,720.0,720.0,0.0,0.0,720.0,0.0,0.0,720
0.0,0.0,-0.0,0.0,0.0,0.0,-0.0,0.0,0.47997237932604736,345.5801131147541,799.2,0.0,720.0,1.0,888.0,-639360.0,120,-4.647840732476651,0.0,120,-26.383106437750833,0.0,120,-16.075828890972716,0.0,120,-9.257066287644886,0.0,120,-3.5559340535822814,0.0,120,-19.31803067246005,0.0,0.0,0.0,0.0,0.0,-639360.0,-639360.0,720.0,720.0,0.0,0.0,720.0,0.0,0.0,720
0.0,0.0,-0.0,0.0,0.0,0.0,-0.0,0.0,0.47997237932604736,345.5801131147541,799.2,0.0,720.0,1.0,888.0,-639360.0,120,-34.89312810131067,0.0,120,-47.80114694195545,0.0,120,-43.178094282976055,0.0,120,-10.35190401129544,0.0,120,-3.7747677761053833,0.0,120,-30.94951263182984,0.0,0.0,0.0,0.0,0.0,-639360.0,-639360.0,720.0,720.0,0.0,0.0,720.0,0.0,0.0,720
0.0,0.0,-0.0,0.0,0.0,0.0,-0.0,0.0,0.47997237932604736,345.5801131147541,799.2,0.0,720.0,1.0,888.0,-639360.0,120,-16.70733805753737,0.0,120,-33.743010356911356,0.0,120,-15.16552944014684,0.0,120,-25.85390341228443,0.0,120,-38.570773793084896,0.0,120,-44.34308668278097,0.0,0.0,0.0,0.0,0.0,-639360.0,-639360.0,720.0,720.0,0.0,0.0,720.0,0.0,0.0,720
0.0,0.0,-0.0,0.0,0.0,0.0,-0.0,0.0,0.47997237932604736,345.5801131147541,799.2,0.0,720.0,1.0,888.0,-639360.0,120,-55.796275128323764,0.0,120,-46.52291630088521,0.0,120,-22.53413189379898,0.0,120,-17.11955354180686,0.0,120,-38.89966990648199,0.0,120,-45.202503955375036,0.0,0.0,0.0,0.0,0.0,-639360.0,-639360.0,720.0,720.0,0.0,0.0,720.0,0.0,0.0,720
0.0,0.0,-0.0,0.0,0.0,0.0,-0.0,0.0,0.47997237932604736,345.5801131147541,799.2,0.0,720.0,1.0,888.0,-639360.0,120,-12.116221335346168,0.0,120,-56.37701130767306,0.0,120,-52.613018347709186,0.0,120,-48.15113172932515,0.0,120,-14.63126325178549,0.0,120,-10.577282620587114,0.0,0.0,0.0,0.0,0.0,-639360.0,-639360.0,720.0,720.0,0.0,0.0,720.0,0.0,0.0,720
0.0,0.0,-0.0,0.0,0.0,0.0,-0.0,0.0,0.47997237932604736,345.5801131147541,799.2,0.0,720.0,1.0,888.0,-639360.0,120,-5.67758025265743,0.0,120,-37.268579283512324,0.0,120,-18.44331255442682,0.0,120,-59.122162524610744,0.0,120,-59.84206819788236,0.0,120,-8.426191815155644,0.0,0.0,0.0,0.0,0.0,-639360.0,-639360.0,720.0,720.0,0.0,0.0,720.0,0.0,0.0,720
0.0,0.0,-0.0,0.0,0.0,0.0,-0.0,0.0,0.47997237932604736,345.5801131147541,799.2,0.0,720.0,1.0,888.0,-639360.0,120,-35.034106126885625,0.0,120,-6.7773509611597005,0.0,120,-1.397176094540069,0.0,120,-29.863801309837864,0.0,120,-38.43934353026013,0.0,120,-34.53617760108531,0.0,0.0,0.0,0.0,0.0,-639360.0,-639360.0,720.0,720.0,0.0,0.0,720.0,0.0,0.0,720
0.0,0.0,-0.0,0.0,0.0,0.0,-0.0,0.0,0.47997237932604736,345.5801131147541,799.2,0.0,720.0,1.0,888.0,-639360.0,120,-33.41933552296506,0.0,120,-36.101477442291255,0.0,120,-17.128469279642932,0.0,120,-50.178154661432146,0.0,120,-38.7996457400932,0.0,120,-35.72006407932424,0.0,0.0,0.0,0.0,0.0,-639360.0,-639360.0,720.0,720.0,0.0,0.0,720.0,0.0,0.0,720
0.0,0.0,-0.0,0.0,0.0,0.0,-0.0,0.0,0.47997237932604736,345.5801131147541,799.2,0.0,720.0,1.0,888.0,-639360.0,120,-18.951083132216034,0.0,120,-56.53192303657688,0.0,120,-58.663365075278676,0.0,120,-34.50072533813606,0.0,120,-15.35348869349514,0.0,120,-36.2516251031265,0.0,0.0,0.0,0.0,0.0,-639360.0,-639360.0,720.0,720.0,0.0,0.0,720.0,0.0,0.0,720
0.0,0.0,-0.0,0.0,0.0,0.0,-0.0,0.0,0.47997237932604736,345.5801131147541,799.2,0.0,720.0,1.0,888.0,-639360.0,120,-17.270668454450934,0.0,120,-11.962204534619689,0.0,120,-50.54756410917699,0.0,120,-11.629007638821214,0.0,120,-18.234014065409514,0.0,120,-57.81924365744847,0.0,0.0,0.0,0.0,0.0,-639360.0,-639360.0,720.0,720.0,0.0,0.0,720.0,0.0,0.0,720
0.0,0.0,-0.0,0.0,0.0,0.0,-0.0,0.0,0.47997237932604736,345.5801131147541,799.2,0.0,720.0,1.0,888.0,-639360.0,120,-41.590045506086405,0.0,120,-22.59716323979902,0.0,120,-0.655133837759736,0.0,120,-50.89732619521342,0.0,120,-41.79907569143816,0.0,120,-33.53107114457785,0.0,0.0,0.0,0.0,0.0,-639360.0,-639360.0,720.0,720.0,0.0,0.0,720.0,0.0,0.0,720
0.0,0.0,-0.0,0.0,0.0,0.0,-0.0,0.0,0.47997237932604736,345.5801131147541,799.2,0.0,720.0,1.0,888.0,-639360.0,120,-5.412620787196111,0.0,120,-37.45189550261655,0.0,120,-16.236842742277027,0.0,120,-10.397848593626621,0.0,120,-45.648157394466494,0.0,120,-49.058989226172514,0.0,0.0,0.0,0.0,0.0,-639360.0,-639360.0,720.0,720.0,0.0,0.0,720.0,0.0,0.0,720
0.0,0.0,-0.0,0.0,0.0,0.0,-0.0,0.0,0.47997237932604736,345.5801131147541,799.2,0.0,720.0,1.0,888.0,-639360.0,120,-6.607050733014848,0.0,120,-32.69196337443262,0.0,120,-33.7132296750271,0.0,120,-47.409219726749626,0.0,120,-2.747273970739492,0.0,120,-0.1428884534085939,0.0,0.0,0.0,0.0,0.0,-639360.0,-639360.0,720.0,720.0,0.0,0.0,720.0,0.0,0.0,720
0.0,0.0,-0.0,0.0,0.0,0.0,-0.0,0.0,0.47997237932604736,345.5801131147541,799.2,0.0,720.0,1.0,888.0,-639360.0,120,-46.98983552638341,0.0,120,-31.204035153430187,0.0,120,-29.86471173437615,0.0,120,-15.235264291797069,0.0,120,-47.88506396135167,0.0,120,-25.135532943093594,0.0,0.0,0.0,0.0,0.0,-639360.0,-639360.0,720.0,720.0,0.0,0.0,720.0,0.0,0.0,720
0.0,0.0,-0.0,0.0,0.0,0.0,-0.0,0.0,0.47997237932604736,345.5801131147541,799.2,0.0,720.0,1.0,888.0,-639360.0,120,-44.327409321586025,0.0,120,-20.19851696555917,0.0,120,-25.249335145289763,0.0,120,-38.97817992870148,0.0,120,-1.0788249431788555,0.0,120,-3.004207346609298,0.0,0.0,0.0,0.0,0.0,-639360.0,-639360.0,720.0,720.0,0.0,0.0,720.0,0.0,0.0,720
0.0,0.0,-0.0,0.0,0.0,0.0,-0.0,0.0,0.47997237932604736,345.5801131147541,799.2,0.0,720.0,1.0,888.0,-639360.0,120,-52.729509719104584,0.0,120,-53.06430641946963,0.0,120,-50.066219541801956,0.0,120,-57.51600761661918,0.0,120,-9.930475331214248,0.0,120,-41.836811804656435,0.0,0.0,0.0,0.0,0.0,-639360.0,-639360.0,720.0,720.0,0.0,0.0,720.0,0.0,0.0,720
0.0,0.0,-0.0,0.0,0.0,0.0,-0.0,0.0,0.47997237932604736,345.5801131147541,799.2,0.0,720.0,1.0,888.0,-639360.0,120,-32.664147787996235,0.0,120,-29.059229111963297,0.0,120,-53.21378522618565,0.0,120,-39.86185016665948,0.0,120,-18.865868483924725,0.0,120,-39.716447476271654,0.0,0.0,0.0,0.0,0.0,-639360.0,-639360.0,720.0,720.0,0.0,0.0,720.0,0.0,0.0,720
0.0,0.0,-0.0,0.0,0.0,0.0,-0.0,0.0,0.47997237932604736,345.5801131147541,799.2,0.0,720.0,1.0,888.0,-639360.0,120,-48.71779027524489,0.0,120,-5.330649248282002,0.0,120,-21.90068469574898,0.0,120,-24.006072849690675,0.0,120,-6.010532306612399,0.0,120,-53.09625781235156,0.0,0.0,0.0,0.0,0.0,-639360.0,-639360.0,720.0,720.0,0.0,0.0,720.0,0.0,0.0,720
0.0,0.0,-0.0,0.0,0.0,0.0,-0.0,0.0,0.47997237932604736,345.5801131147541,799.2,0.0,720.0,1.0,888.0,-639360.0,120,-34.872579323317666,0.0,120,-45.60447995235761,0.0,120,-4.450702175837011,0.0,120,-2.2900117450618573,0.0,120,-17.589032554919527,0.0,120,-23.814725990248586,0.0,0.0,0.0,0.0,0.0,-639360.0,-639360.0,720.0,720.0,0.0,0.0,720.0,0.0,0.0,720
0.0,0.0,-0.0,0.0,0.0,0.0,-0.0,0.0,0.47997237932604736,345.5801131147541,799.2,0.0,720.0,1.0,888.0,-639360.0,120,-11.189676052949615,0.0,120,-0.16879908993016723,0.0,120,-57.23230002298378,0.0,120,-19.125563848229625,0.0,120,-17.17964839668361,0.0,120,-34.529433408772206,0.0,0.0,0.0,0.0,0.0,-639360.0,-639360.0,720.0,720.0,0.0,0.0,720.0,0.0,0.0,720
0.0,0.0,-0.0,0.0,0.0,0.0,-0.0,0.0,0.47997237932604736,345.5801131147541,799.2,0.0,720.0,1.0,888.0,-639360.0,120,-21.604955796681427,0.0,120,-45.31798879091245,0.0,120,-36.96385568101126,0.0,120,-8.766040459515112,0.0,120,-23.15591798939085,0.0,120,-59.21639993660974,0.0,0.0,0.0,0.0,0.0,-639360.0,-639360.0,720.0,720.0,0.0,0.0,720.0,0.0,0.0,720
0.0,0.0,-0.0,0.0,0.0,0.0,-0.0,0.0,0.47997237932604736,345.5801131147541,799.2,0.0,720.0,1.0,888.0,-639360.0,120,-48.07185243739529,0.0,120,-47.69481764113202,0.0,120,-30.429902741525524,0.0,120,-31.96976314591892,0.0,120,-51.69413897043901,0.0,120,-39.97378286115159,0.0,0.0,0.0,0.0,0.0,-639360.0,-639360.0,720.0,720.0,0.0,0.0,720.0,0.0,0.0,720
0.0,0.0,-0.0,0.0,0.0,0.0,-0.0,0.0,0.47997237932604736,345.5801131147541,799.2,0.0,720.0,1.0,888.0,-639360.0,120,-53.11231862659021,0.0,120,-22.75397051285735,0.0,120,-47.446065712644,0.0,120,-27.042108514707085,0.0,120,-49.69766897217469,0.0,120,-11.142957159013054,0.0,0.0,0.0,0.0,0.0,-639360.0,-639360.0,720.0,720.0,0.0,0.0,720.0,0.0,0.0,720
0.0,0.0,-0.0,0.0,0.0,0.0,-0.0,0.0,0.47997237932604736,345.5801131147541,799.2,0.0,720.0,1.0,888.0,-639360.0,120,-36.37210347606803,0.0,120,-58.712142758381205,0.0,120,-17.29064031631755,0.0,120,-43.73066154624578,0.0,120,-55.97121018406712,0.0,120,-7.695128885780234,0.0,0.0,0.0,0.0,0.0,-639360.0,-639360.0,720.0,720.0,0.0,0.0,720.0,0.0,0.0,720
0.0,0.0,-0.0,0.0,0.0,0.0,-0.0,0.0,0.47997237932604736,345.5801131147541,799.2,0.0,720.0,1.0,888.0,-639360.0,120,-22.234508288023886,0.0,120,-45.9593586352374,0.0,120,-45.35080529789372,0.0,120,-50.855461909566756,0.0,120,-36.306067940769765,0.0,120,-8.689076772067478,0.0,0.0,0.0,0.0,0.0,-639360.0,-639360.0,720.0,720.0,0.0,0.0,720.0,0.0,0.0,720
0.0,0.0,-0.0,0.0,0.0,0.0,-0.0,0.0,0.47997237932604736,345.5801131147541,799.2,0.0,720.0,1.0,888.0,-639360.0,120,-57.44125304881757,0.0,120,-5.556372265937717,0.0,120,-16.453071871448532,0.0,120,-6.1672333557671895,0.0,120,-39.81743340594946,0.0,120,-18.70191496614781,0.0,0.0,0.0,0.0,0.0,-639360.0,-639360.0,720.0,720.0,0.0,0.0,720.0,0.0,0.0,720
0.0,0.0,-0.0,0.0,0.0,0.0,-0.0,0.0,0.47997237932604736,345.5801131147541,799.2,0.0,720.0,1.0,888.0,-639360.0,120,-46.84909690361255,0.0,120,-36.243892841674985,0.0,120,-16.896576662548803,0.0,120,-19.777445006097626,0.0,120,-56.38648063557038,0.0,120,-40.47591968037858,0.0,0.0,0.0,0.0,0.0,-639360.0,-639360.0,720.0,720.0,0.0,0.0,720.0,0.0,0.0,720
0.0,0.0,-0.0,0.0,0.0,0.0,-0.0,0.0,0.47997237932604736,345.5801131147541,799.2,0.0,720.0,1.0,888.0,-639360.0,120,-7.155403642459055,0.0,120,-2.1406518222208293,0.0,120,-45.675543705962575,0.0,120,-11.86245840780556,0.0,120,-22.65181366310211,0.0,120,-50.46571518525862,0.0,0.0,0.0,0.0,0.0,-639360.0,-639360.0,720.0,720.0,0.0,0.0,720.0,0.0,0.0,720
0.0,0.0,-0.0,0.0,0.0,0.0,-0.0,0.0,0.47997237932604736,345.5801131147541,799.2,0.0,720.0,1.0,888.0,-639360.0,120,-20.019876346535344,0.0,120,-21.977349082805727,0.0,120,-59.205521630828684,0.0,120,-45.19428514511376,0.0,120,-28.924049999549787,0.0,120,-7.990749287528123,0.0,0.0,0.0,0.0,0.0,-639360.0,-639360.0,720.0,720.0,0.0,0.0,720.0,0.0,0.0,720
0.0,0.0,-0.0,0.0,0.0,0.0,-0.0,0.0,0.47997237932604736,345.5801131147541,799.2,0.0,720.0,1.0,888.0,-639360.0,120,-34.39737523141019,0.0,120,-52.603886415480424,0.0,120,-55.60429529211042,0.0,120,-3.0184660282157116,0.0,120,-27.44342088636059,0.0,120,-6.26054687577275,0.0,0.0,0.0,0.0,0.0,-639360.0,-639360.0,720.0,720.0,0.0,0.0,720.0,0.0,0.0,720
0.0,0.0,-0.0,0.0,0.0,0.0,-0.0,0.0,0.47997237932604736,345.5801131147541,799.2,0.0,720.0,1.0,888.0,-639360.0,120,-5.223782466599252,0.0,120,-24.273348190662546,0.0,120,-24.93980117413152,0.0,120,-8.160343451202433,0.0,120,-6.8794934495272475,0.0,120,-36.11361590231965,0.0,0.0,0.0,0.0,0.0,-639360.0,-639360.0,720.0,720.0,0.0,0.0,720.0,0.0,0.0,720
0.0,0.0,-0.0,0.0,0.0,0.0,-0.0,0.0,0.47997237932604736,345.5801131147541,799.2,0.0,720.0,1.0,888.0,-639360.0,120,-38.03168642793315,0.0,120,-58.507217971384385,0.0,120,-59.02182535132609,0.0,120,-57.17051437491365,0.0,120,-21.907401266095263,0.0,120,-28.080632252531693,0.0,0.0,0.0,0.0,0.0,-639360.0,-639360.0,720.0,720.0,0.0,0.0,720.0,0.0,0.0,720
0.0,0.0,-0.0,0.0,0.0,0.0,-0.0,0.0,0.47997237932604736,345.5801131147541,799.2,0.0,720.0,1.0,888.0,-639360.0,120,-30.249450935593597,0.0,120,-2.2534882857169314,0.0,120,-17.485356276195372,0.0,120,-53.629858811208464,0.0,120,-11.200017274347985,0.0,120,-18.044219061408423,0.0,0.0,0.0,0.0,0.0,-639360.0,-639360.0,720.0,720.0,0.0,0.0,720.0,0.0,0.0,720
0.0,0.0,-0.0,0.0,0.0,0.0,-0.0,0.0,0.47997237932604736,345.5801131147541,799.2,0.0,720.0,1.0,888.0,-639360.0,120,-7.084409680633663,0.0,120,-4.412348790816763,0.0,120,-59.223570533535025,0.0,120,-8.988579511067488,0.0,120,-13.913250542454064,0.0,120,-18.388016048696784,0.0,0.0,0.0,0.0,0.0,-639360.0,-639360.0,720.0,720.0,0.0,0.0,720.0,0.0,0.0,720
0.0,0.0,-0.0,0.0,0.0,0.0,-0.0,0.0,0.47997237932604736,345.5801131147541,799.2,0.0,720.0,1.0,888.0,-639360.0,120,-5.088888471285003,0.0,120,-22.742305697346882,0.0,120,-18.876289730718756,0.0,120,-3.822145717551637,0.0,120,-19.743334603235084,0.0,120,-52.22072077302383,0.0,0.0,0.0,0.0,0.0,-639360.0,-639360.0,720.0,720.0,0.0,0.0,720.0,0.0,0.0,720
0.0,0.0,-0.0,0.0,0.0,0.0,-0.0,0.0,0.47997237932604736,345.5801131147541,799.2,0.0,720.0,1.0,888.0,-639360.0,120,-47.35270308884078,0.0,120,-35.21011821385817,0.0,120,-22.863927665054227,0.0,120,-58.537474679179404,0.0,120,-32.551918692338106,0.0,120,-52.422572663462276,0.0,0.0,0.0,0.0,0.0,-639360.0,-639360.0,720.0,720.0,0.0,0.0,720.0,0.0,0.0,720
0.0,0.0,-0.0,0.0,0.0,0.0,-0.0,0.0,0.47997237932604736,345.5801131147541,799.2,0.0,720.0,1.0,888.0,-639360.0,120,-7.045303988891842,0.0,120,-5.720550448131738,0.0,120,-54.24552166246403,0.0,120,-24.22727070056486,0.0,120,-2.0105731479181377,0.0,120,-47.060226355813676,0.0,0.0,0.0,0.0,0.0,-639360.0,-639360.0,720.0,720.0,0.0,0.0,720.0,0.0,0.0,720
0.0,0.0,-0.0,0.0,0.0,0.0,-0.0,0.0,0.47997237932604736,345.5801131147541,799.2,0.0,720.0,1.0,888.0,-639360.0,120,-8.191541279819623,0.0,120,-58.4761703723512,0.0,120,-7.889725252017826,0.0,120,-53.15446602368469,0.0,120,-55.212698955648854,0.0,120,-27.125718679216615,0.0,0.0,0.0,0.0,0.0,-639360.0,-639360.0,720.0,720.0,0.0,0.0,720.0,0.0,0.0,720
0.0,0.0,-0.0,0.0,0.0,0.0,-0.0,0.0,0.47997237932604736,345.5801131147541,799.2,0.0,720.0,1.0,888.0,-639360.0,120,-10.664066863290461,0.0,120,-50.74078861053567,0.0,120,-7.129140378664227,0.0,120,-12.046826682707222,0.0,120,-46.513629336791475,0.0,120,-21.919163266068683,0.0,0.0,0.0,0.0,0.0,-639360.0,-639360.0,720.0,720.0,0.0,0.0,720.0,0.0,0.0,720
0.0,0.0,-0.0,0.0,0.0,0.0,-0.0,0.0,0.47997237932604736,345.5801131147541,799.2,0.0,720.0,1.0,888.0,-639360.0,120,-29.084122535396524,0.0,120,-5.178769976805344,0.0,120,-24.662296507016862,0.0,120,-24.31585930383668,0.0,120,-11.196601651691381,0.0,120,-27.748587306225794,0.0,0.0,0.0,0.0,0.0,-639360.0,-639360.0,720.0,720.0,0.0,0.0,720.0,0.0,0.0,720
0.0,0.0,-0.0,0.0,0.0,0.0,-0.0,0.0,0.47997237932604736,345.5801131147541,799.2,0.0,720.0,1.0,888.0,-639360.0,120,-44.94740546382043,0.0,120,-4.4177114541433244,0.0,120,-9.739655219492583,0.0,120,-6.811933487148383,0.0,120,-24.65149548274003,0.0,120,-20.76299232906718,0.0,0.0,0.0,0.0,0.0,-639360.0,-639360.0,720.0,720.0,0.0,0.0,720.0,0.0,0.0,720
0.0,0.0,-0.0,0.0,0.0,0.0,-0.0,0.0,0.47997237932604736,345.5801131147541,799.2,0.0,720.0,1.0,888.0,-639360.0,120,-24.969934760692006,0.0,120,-42.71422926411845,0.0,120,-4.131418759860486,0.0,120,-33.41309257392633,0.0,120,-43.66572005834444,0.0,120,-31.60178738858523,0.0,0.0,0.0,0.0,0.0,-639360.0,-639360.0,720.0,720.0,0.0,0.0,720.0,0.0,0.0,720
0.0,0.0,-0.0,0.0,0.0,0.0,-0.0,0.0,0.47997237932604736,345.5801131147541,799.2,0.0,720.0,1.0,888.0,-639360.0,120,-55.295690270669105,0.0,120,-35.35885926888103,0.0,120,-5.227872843467846,0.0,120,-9.872421516703128,0.0,120,-8.683457741761098,0.0,120,-16.794573872993954,0.0,0.0,0.0,0.0,0.0,-639360.0,-639360.0,720.0,720.0,0.0,0.0,720.0,0.0,0.0,720
0.0,0.0,-0.0,0.0,0.0,0.0,-0.0,0.0,0.47997237932604736,345.5801131147541,799.2,0.0,720.0,1.0,888.0,-639360.0,120,-24.373732061691427,0.0,120,-45.936709019409165,0.0,120,-30.403595920581928,0.0,120,-2.2697004442239654,0.0,120,-1.2723412281838953,0.0,120,-43.92475865289924,0.0,0.0,0.0,0.0,0.0,-639360.0,-639360.0,720.0,720.0,0.0,0.0,720.0,0.0,0.0,720
0.0,0.0,-0.0,0.0,0.0,0.0,-0.0,0.0,0.47997237932604736,345.5801131147541,799.2,0.0,720.0,1.0,888.0,-639360.0,120,-20.023038654447298,0.0,120,-45.930882309332475,0.0,120,-31.400516428181252,0.0,120,-25.012658506799404,0.0,120,-21.903951014845198,0.0,120,-42.56398015353744,0.0,0.0,0.0,0.0,0.0,-639360.0,-639360.0,720.0,720.0,0.0,0.0,720.0,0.0,0.0,720
0.0,0.0,-0.0,0.0,0.0,0.0,-0.0,0.0,0.47997237932604736,345.5801131147541,799.2,0.0,720.0,1.0,888.0,-639360.0,120,-58.79653316166356,0.0,120,-51.01389966883808,0.0,120,-57.58144480501045,0.0,120,-53.240754878079656,0.0,120,-40.34941413448707,0.0,120,-12.965773337887757,0.0,0.0,0.0,0.0,0.0,-639360.0,-639360.0,720.0,720.0,0.0,0.0,720.0,0.0,0.0,720
0.0,0.0,-0.0,0.0,0.0,0.0,-0.0,0.0,0.47997237932604736,345.5801131147541,799.2,0.0,720.0,1.0,888.0,-639360.0,120,-5.854743700118883,0.0,120,-26.806423057125297,0.0,120,-19.321806050027416,0.0,120,-8.311146644905863,0.0,120,-18.78060384587308,0.0,120,-54.03108255731523,0.0,0.0,0.0,0.0,0.0,-639360.0,-639360.0,720.0,720.0,0.0,0.0,720.0,0.0,0.0,720
401.1321893342909,0.0,-4011.321893342909,0.0,0.0,0.0,-0.0,0.0,0.47997237932604736,152.9942457014265,799.2,0.0,318.75635409740283,1.0,888.0,-283055.6424384937,120,-14.913607818574334,0.0,120,-19.664415265160752,0.0,120,-10.502871245568386,0.0,120,-32.04796455169402,0.0,120,-51.553290067221106,0.0,120,-55.861505083951236,0.0,0.0,0.111456568306277,0.111456568306277,0.0,-287066.9643318366,-287066.9643318366,720.0,720.0,401.24364590259717,0.0,318.75635409740283,0.0,0.0,720
401.1321893342909,0.0,-4011.321893342909,0.0,0.0,0.0,-0.0,0.0,0.47997237932604736,152.9942457014265,799.2,0.0,318.75635409740283,1.0,888.0,-283055.6424384937,120,-44.54057879217525,0.0,120,-12.885366151524927,0.0,120,-37.31320330465887,0.0,120,-33.031865576879476,0.0,120,-38.21263274938745,0.0,120,-22.36267330739664,0.0,0.0,0.111456568306277,0.111456568306277,0.0,-287066.9643318366,-287066.9643318366,720.0,720.0,401.24364590259717,0.0,318.75635409740283,0.0,0.0,720
401.1321893342909,0.0,-4011.321893342909,0.0,0.0,0.0,-0.0,0.0,0.47997237932604736,152.9942457014265,799.2,0.0,318.75635409740283,1.0,888.0,-283055.6424384937,120,-35.87362824751011,0.0,120,-55.844780312524676,0.0,120,-5.405808256612897,0.0,120,-54.178547726644545,0.0,120,-30.225544613448275,0.0,120,-18.80868007502947,0.0,0.0,0.111456568306277,0.111456568306277,0.0,-287066.9643318366,-287066.9643318366,720.0,720.0,401.24364590259717,0.0,318.75635409740283,0.0,0.0,720
401.1321893342909,0.0,-4011.321893342909,0.0,0.0,0.0,-0.0,0.0,0.47997237932604736,152.9942457014265,799.2,0.0,318.75635409740283,1.0,888.0,-283055.6424384937,120,-47.93187116811961,0.0,120,-8.341424782937832,0.0,120,-43.7086169207827,0.0,120,-40.06025951602623,0.0,120,-10.794739316627869,0.0,120,-55.9153350385234,0.0,0.0,0.111456568306277,0.111456568306277,0.0,-287066.9643318366,-287066.9643318366,720.0,720.0,401.24364590259717,0.0,318.75635409740283,0.0,0.0,720
401.1321893342909,0.0,-4011.321893342909,0.0,0.0,0.0,-0.0,0.0,0.47997237932604736,152.9942457014265,799.2,0.0,318.75635409740283,1.0,888.0,-283055.6424384937,120,-7.355454906973307,0.0,120,-38.38315521893027,0.0,120,-56.30128306784505,0.0,120,-18.650818436195046,0.0,120,-41.501832463563815,0.0,120,-38.57937649318671,0.0,0.0,0.111456568306277,0.111456568306277,0.0,-287066.9643318366,-287066.9643318366,720.0,720.0,401.24364590259717,0.0,318.75635409740283,0.0,0.0,720
401.1321893342909,0.0,-4011.321893342909,0.0,0.0,0.0,-0.0,0.0,0.47997237932604736,152.9942457014265,799.2,0.0,318.75635409740283,1.0,888.0,-283055.6424384937,120,-40.28912689267931,0.0,120,-17.209380663422234,0.0,120,-55.821745391396256,0.0,120,-39.886717227050305,0.0,120,-27.40961403840614,0.0,120,-32.05294071624302,0.0,0.0,0.111456568306277,0.111456568306277,0.0,-287066.9643318366,-287066.9643318366,720.0,720.0,401.24364590259717,0.0,318.75635409740283,0.0,0.0,720
1137.974881954368,0.0,-11379.748819543678,418.29107391934554,0.0,0.0,-0.0,0.0,0.47997237932604736,0.0,799.2,0.0,0.0,1.0,888.0,-0.0,120,-13.409343588122875,0.0,120,-10.266075143727281,0.0,120,-56.096300675770934,0.0,120,-5.332959187025292,0.0,120,-32.21849068213266,0.0,120,-59.2312980137072,0.0,0.0,0.316191964977596,0.316191964977596,0.0,-11379.748819543678,-11379.748819543678,1138.2910739193455,1138.2910739193455,1138.2910739193455,0.0,0.0,418.29107391934554,0.0,720
1137.974881954368,0.0,-11379.748819543678,418.29107391934554,376.461966527411,0.0,-0.0,0.009125687017366275,0.47997237932604736,0.0,799.2,0.0,0.0,1.0,888.0,-0.0,120,-14.127290577571081,0.0,120,-13.883167747131829,0.0,120,-22.820402569116535,0.0,120,-10.515811013282779,0.0,120,-58.633818854531356,0.0,120,-35.86244242791661,0.0,0.0,0.316191964977596,0.316191964977596,0.0,-11379.748819543678,-11379.748819543678,1138.2910739193455,1138.2910739193455,1138.2910739193455,0.0,0.0,418.29107391934554,0.0,720
1137.974881954368,0.0,-11379.748819543678,418.29107391934554,752.923933054822,0.0,-0.0,0.01825137403473255,0.47997237932604736,0.0,799.2,0.0,0.0,1.0,888.0,-0.0,120,-47.254310278103574,0.0,120,-38.011966533213744,0.0,120,-24.54523760496124,0.0,120,-27.04277321977025,0.0,120,-48.297267796433744,0.0,120,-33.43241721425103,0.0,0.0,0.316191964977596,0.316191964977596,0.0,-11379.748819543678,-11379.748819543678,1138.2910739193455,1138.2910739193455,1138.2910739193455,0.0,0.0,418.29107391934554,0.0,720
1137.974881954368,0.0,-11379.748819543678,418.29107391934554,1129.385899582233,0.0,-0.0,0.027377061052098826,0.47997237932604736,0.0,799.2,0.0,0.0,1.0,888.0,-0.0,120,-38.63835219838157,0.0,120,-57.15665420005772,0.0,120,-27.120235871250603,0.0,120,-21.331590100068883,0.0,120,-26.600015334335396,0.0,120,-30.619770926896194,0.0,0.0,0.316191964977596,0.316191964977596,0.0,-11379.748819543678,-11379.748819543678,1138.2910739193455,1138.2910739193455,1138.2910739193455,0.0,0.0,418.29107391934554,0.0,720
1137.974881954368,0.0,-11379.748819543678,418.29107391934554,1505.847866109644,0.0,-0.0,0.0365027480694651,0.47997237932604736,0.0,799.2,0.0,0.0,1.0,888.0,-0.0,120,-48.252707635686384,0.0,120,-47.84486750451191,0.0,120,-59.184272416267085,0.0,120,-51.434072825001984,0.0,120,-9.2860308531466,0.0,120,-12.272613869985225,0.0,0.0,0.316191964977596,0.316191964977596,0.0,-11379.748819543678,-11379.748819543678,1138.2910739193455,1138.2910739193455,1138.2910739193455,0.0,0.0,418.29107391934554,0.0,720
1137.974881954368,0.0,-11379.748819543678,418.29107391934554,1882.309832637055,0.0,-0.0,0.045628435086831384,0.47997237932604736,0.0,799.2,0.0,0.0,1.0,888.0,-0.0,120,-13.28094247152446,0.0,120,-8.923553511258937,0.0,120,-57.72999814721834,0.0,120,-4.45552897162737,0.0,120,-33.14622075416025,0.0,120,-59.894876419575525,0.0,0.0,0.316191964977596,0.316191964977596,0.0,-11379.748819543678,-11379.748819543678,1138.2910739193455,1138.2910739193455,1138.2910739193455,0.0,0.0,418.29107391934554,0.0,720
1750.6168584013733,0.0,-17506.168584013732,1031.103275978034,2258.771799164466,0.0,-0.0,0.05475412210419765,0.47997237932604736,0.0,799.2,0.0,0.0,1.0,888.0,-0.0,120,-55.77642586716018,0.0,120,-38.1080995750017,0.0,120,-16.9717583523498,0.0,120,-44.760935574943815,0.0,120,-44.159887841106936,0.0,120,-59.830590609255495,0.0,0.0,0.486417576660565,0.486417576660565,0.0,-17506.168584013732,-17506.168584013732,1751.103275978034,1751.103275978034,1751.103275978034,0.0,0.0,1031.103275978034,0.0,720
1750.6168584013733,0.0,-17506.168584013732,1031.103275978034,3186.7647475446965,0.0,-0.0,0.0772492848409739,0.47997237932604736,0.0,799.2,0.0,0.0,1.0,888.0,-0.0,120,-21.863584492956058,0.0,120,-7.958486376444229,0.0,120,-15.976251957028813,0.0,120,-36.62837319159412,0.0,120,-14.145489444541317,0.0,120,-55.1552989337369,0.0,0.0,0.486417576660565,0.486417576660565,0.0,-17506.168584013732,-17506.168584013732,1751.103275978034,1751.103275978034,1751.103275978034,0.0,0.0,1031.103275978034,0.0,720
1750.6168584013733,0.0,-17506.168584013732,1031.103275978034,4114.757695924927,0.0,-0.0,0.09974444757775015,0.47997237932604736,0.0,799.2,0.0,0.0,1.0,888.0,-0.0,120,-45.31729764598402,0.0,120,-5.857706974972419,0.0,120,-25.67953169676137,0.0,120,-19.249244067700356,0.0,120,-10.349179786222976,0.0,120,-1.8202439815346216,0.0,0.0,0.486417576660565,0.486417576660565,0.0,-17506.168584013732,-17506.168584013732,1751.103275978034,1751.103275978034,1751.103275978034,0.0,0.0,1031.103275978034,0.0,720
1750.6168584013733,0.0,-17506.168584013732,1031.103275978034,5042.750644305158,0.0,-0.0,0.1222396103145264,0.47997237932604736,0.0,799.2,0.0,0.0,1.0,888.0,-0.0,120,-32.97537492373534,0.0,120,-27.19665154246141,0.0,120,-30.658449745376906,0.0,120,-4.65840932108859,0.0,120,-28.899292541989595,0.0,120,-13.124834181622065,0.0,0.0,0.486417576660565,0.486417576660565,0.0,-17506.168584013732,-17506.168584013732,1751.103275978034,1751.103275978034,1751.103275978034,0.0,0.0,1031.103275978034,0.0,720
1750.6168584013733,0.0,-17506.168584013732,1031.103275978034,5970.743592685389,0.0,-0.0,0.14473477305130267,0.47997237932604736,0.0,799.2,0.0,0.0,1.0,888.0,-0.0,120,-5.943881052304012,0.0,120,-34.66841608947439,0.0,120,-0.19512617646480823,0.0,120,-6.667919045269679,0.0,120,-58.652559594124234,0.0,120,-51.77828109911017,0.0,0.0,0.486417576660565,0.486417576660565,0.0,-17506.168584013732,-17506.168584013732,1751.103275978034,1751.103275978034,1751.103275978034,0.0,0.0,1031.103275978034,0.0,720
1750.6168584013733,0.0,-17506.168584013732,1031.103275978034,6898.736541065619,0.0,-0.0,0.1672299357880789,0.47997237932604736,0.0,799.2,0.0,0.0,1.0,888.0,-0.0,120,-30.30239338955312,0.0,120,-44.63952572877425,0.0,120,-12.013501220697735,0.0,120,-58.54037040627044,0.0,120,-49.672600676533605,0.0,120,-33.856351016859094,0.0,0.0,0.486417576660565,0.486417576660565,0.0,-17506.168584013732,-17506.168584013732,1751.103275978034,1751.103275978034,1751.103275978034,0.0,0.0,1031.103275978034,0.0,720
2148.4469637379225,0.0,-21484.469637379225,1429.043920382473,7826.72948944585,0.0,-0.0,0.18972509852485517,0.47997237932604736,0.0,799.2,0.0,0.0,1.0,888.0,-0.0,120,-34.45683478470719,0.0,120,-59.00073518693233,0.0,120,-12.255133135008228,0.0,120,-21.075097040210316,0.0,120,-25.349795524451505,0.0,120,-44.51617300657857,0.0,0.0,0.596956644550687,0.596956644550687,0.0,-21484.469637379225,-21484.469637379225,2149.043920382473,2149.043920382473,2149.043920382473,0.0,0.0,1429.043920382473,0.0,720
2148.4469637379225,0.0,-21484.469637379225,1429.043920382473,9112.869017790075,0.0,-0.0,0.2209019711970057,0.47997237932604736,0.0,799.2,0.0,0.0,1.0,888.0,-0.0,120,-42.419329486438116,0.0,120,-57.15058440118086,0.0,120,-13.29420787244057,0.0,120,-8.589652885791883,0.0,120,-28.79395450287338,0.0,120,-5.756700745163887,0.0,0.0,0.596956644550687,0.596956644550687,0.0,-21484.469637379225,-21484.469637379225,2149.043920382473,2149.043920382473,2149.043920382473,0.0,0.0,1429.043920382473,0.0,720
2148.4469637379225,0.0,-21484.469637379225,1429.043920382473,10399.0085461343,0.0,-0.0,0.2520788438691562,0.47997237932604736,0.0,799.2,0.0,0.0,1.0,888.0,-0.0,120,-37.38006652827853,0.0,120,-0.1227144089004173,0.0,120,-34.07083330934838,0.0,120,-28.43834628586307,0.0,120,-33.75516462006716,0.0,120,-21.99879510448462,0.0,0.0,0.596956644550687,0.596956644550687,0.0,-21484.469637379225,-21484.469637379225,2149.043920382473,2149.043920382473,2149.043920382473,0.0,0.0,1429.043920382473,0.0,720
2148.4469637379225,0.0,-21484.469637379225,1429.043920382473,11685.148074478526,0.0,-0.0,0.2832557165413067,0.47997237932604736,0.0,799.2,0.0,0.0,1.0,888.0,-0.0,120,-22.02631586750274,0.0,120,-51.60642133365464,0.0,120,-53.72727627767656,0.0,120,-51.340871153966454,0.0,120,-26.226438335636622,0.0,120,-15.140984192446371,0.0,0.0,0.596956644550687,0.596956644550687,0.0,-21484.469637379225,-21484.469637379225,2149.043920382473,2149.043920382473,2149.043920382473,0.0,0.0,1429.043920382473,0.0,720
2148.4469637379225,0.0,-21484.469637379225,1429.043920382473,12971.287602822751,0.0,-0.0,0.31443258921345724,0.47997237932604736,0.0,799.2,0.0,0.0,1.0,888.0,-0.0,120,-1.321980076219642,0.0,120,-37.24103965787561,0.0,120,-17.370559260925734,0.0,120,-38.82709973481588,0.0,120,-46.11155301598972,0.0,120,-24.627276129963832,0.0,0.0,0.596956644550687,0.596956644550687,0.0,-21484.469637379225,-21484.469637379225,2149.043920382473,2149.043920382473,2149.043920382473,0.0,0.0,1429.043920382473,0.0,720
2148.4469637379225,0.0,-21484.469637379225,1429.043920382473,14257.427131166976,0.0,-0.0,0.34560946188560776,0.47997237932604736,0.0,799.2,0.0,0.0,1.0,888.0,-0.0,120,-7.25022866424424,0.0,120,-4.7937705510852435,0.0,120,-47.49121944198464,0.0,120,-0.16120010315614053,0.0,120,-13.783862593612525,0.0,120,-44.18152548868686,0.0,0.0,0.596956644550687,0.596956644550687,0.0,-21484.469637379225,-21484.469637379225,2149.043920382473,2149.043920382473,2149.043920382473,0.0,0.0,1429.043920382473,0.0,720
2336.239077056246,0.0,-23362.39077056246,1616.8882126708768,15543.566659511202,0.0,-0.0,0.3767863345577583,0.47997237932604736,0.0,799.2,0.0,0.0,1.0,888.0,-0.0,120,-4.4168162291582895,0.0,120,-3.862465192015263,0.0,120,-28.303188674049466,0.0,120,-11.777557904608527,0.0,120,-25.584899941816527,0.0,120,-37.67501715297095,0.0,0.0,0.649135614630799,0.649135614630799,0.0,-23362.39077056246,-23362.39077056246,2336.888212670877,2336.888212670877,2336.888212670877,0.0,0.0,1616.8882126708768,0.0,720
2336.239077056246,0.0,-23362.39077056246,1616.8882126708768,16998.76605091499,0.0,-0.0,0.4120613301072647,0.47997237932604736,0.0,799.2,0.0,0.0,1.0,888.0,-0.0,120,-10.185344306330396,0.0,120,-29.65146854370578,0.0,120,-17.949268387032305,0.0,120,-41.60193901775632,0.0,120,-33.269594546883575,0.0,120,-24.20132730890777,0.0,0.0,0.649135614630799,0.649135614630799,0.0,-23362.39077056246,-23362.39077056246,2336.888212670877,2336.888212670877,2336.888212670877,0.0,0.0,1616.8882126708768,0.0,720
2336.239077056246,0.0,-23362.39077056246,1616.8882126708768,18453.96544231878,0.0,-0.0,0.4473363256567711,0.47997237932604736,0.0,799.2,0.0,0.0,1.0,888.0,-0.0,120,-41.967468175054826,0.0,120,-30.347554340584065,0.0,120,-55.613469794158846,0.0,120,-4.855932675819474,0.0,120,-1.2746199995503327,0.0,120,-52.75399937796642,0.0,0.0,0.649135614630799,0.649135614630799,0.0,-23362.39077056246,-23362.39077056246,2336.888212670877,2336.888212670877,2336.888212670877,0.0,0.0,1616.8882126708768,0.0,720
2336.239077056246,0.0,-23362.39077056246,1616.8882126708768,19909.164833722567,0.0,-0.0,0.48261132120627753,0.47997237932604736,0.0,799.2,0.0,0.0,1.0,888.0,-0.0,120,-31.50002264940187,0.0,120,-26.231381765519167,0.0,120,-36.41820458176073,0.0,120,-22.08291499251047,0.0,120,-59.14219110248646,0.0,120,-52.99590538282301,0.0,0.0,0.649135614630799,0.649135614630799,0.0,-23362.39077056246,-23362.39077056246,2336.888212670877,2336.888212670877,2336.888212670877,0.0,0.0,1616.8882126708768,0.0,720
2336.239077056246,0.0,-23362.39077056246,1616.8882126708768,21364.364225126355,0.0,-0.0,0.517886316755784,0.47997237932604736,0.0,799.2,0.0,0.0,1.0,888.0,-0.0,120,-15.548421907937527,0.0,120,-45.109359246803514,0.0,120,-25.450070950174762,0.0,120,-15.881311239255284,0.0,120,-50.42010503989098,0.0,120,-55.94659003437033,0.0,0.0,0.649135614630799,0.649135614630799,0.0,-23362.39077056246,-23362.39077056246,2336.888212670877,2336.888212670877,2336.888212670877,0.0,0.0,1616.8882126708768,0.0,720
2336.239077056246,0.0,-23362.39077056246,1616.8882126708768,22819.563616530144,0.0,-0.0,0.5531613123052904,0.47997237932604736,0.0,799.2,0.0,0.0,1.0,888.0,-0.0,120,-1.3776520775675172,0.0,120,-53.468507544653036,0.0,120,-55.34050181943315,0.0,120,-29.92316315304116,0.0,120,-34.3102735382331,0.0,120,-53.013677816193045,0.0,0.0,0.649135614630799,0.649135614630799,0.0,-23362.39077056246,-23362.39077056246,2336.888212670877,2336.888212670877,2336.888212670877,0.0,0.0,1616.8882126708768,0.0,720
2313.617528450815,0.0,-23136.17528450815,1594.2603785559695,24274.763007933932,0.0,-0.0,0.5884363078547968,0.47997237932604736,0.0,799.2,0.0,0.0,1.0,888.0,-0.0,120,-9.659896053240068,0.0,120,-30.2543597860005,0.0,120,-47.672587906288534,0.0,120,-11.776775387792123,0.0,120,-50.07835401500832,0.0,120,-5.463774955116982,0.0,0.0,0.642850105154436,0.642850105154436,0.0,-23136.17528450815,-23136.17528450815,2314.2603785559695,2314.2603785559695,2314.2603785559695,0.0,0.0,1594.2603785559695,0.0,720
2313.617528450815,0.0,-23136.17528450815,1594.2603785559695,25709.597348634306,0.0,-0.0,0.623217641108145,0.47997237932604736,0.0,799.2,0.0,0.0,1.0,888.0,-0.0,120,-54.38309312960753,0.0,120,-34.89924149872566,0.0,120,-55.04178750750132,0.0,120,-31.769092231808322,0.0,120,-29.939480006382993,0.0,120,-6.763208280129671,0.0,0.0,0.642850105154436,0.642850105154436,0.0,-23136.17528450815,-23136.17528450815,2314.2603785559695,2314.2603785559695,2314.2603785559695,0.0,0.0,1594.2603785559695,0.0,720
2313.617528450815,0.0,-23136.17528450815,1594.2603785559695,27144.43168933468,0.0,-0.0,0.6579989743614932,0.47997237932604736,0.0,799.2,0.0,0.0,1.0,888.0,-0.0,120,-14.405163779296345,0.0,120,-56.172789836644355,0.0,120,-52.44398739076212,0.0,120,-36.21814890611887,0.0,120,-12.943674427945677,0.0,120,-21.172755847065282,0.0,0.0,0.642850105154436,0.642850105154436,0.0,-23136.17528450815,-23136.17528450815,2314.2603785559695,2314.2603785559695,2314.2603785559695,0.0,0.0,1594.2603785559695,0.0,720
2313.617528450815,0.0,-23136.17528450815,1594.2603785559695,28579.266030035054,0.0,-0.0,0.6927803076148414,0.47997237932604736,0.0,799.2,0.0,0.0,1.0,888.0,-0.0,120,-1.0423657015485421,0.0,120,-37.8263854372142,0.0,120,-39.075044615592894,0.0,120,-28.84850135390296,0.0,120,-24.335616609471334,0.0,120,-4.601801550219838,0.0,0.0,0.642850105154436,0.642850105154436,0.0,-23136.17528450815,-23136.17528450815,2314.2603785559695,2314.2603785559695,2314.2603785559695,0.0,0.0,1594.2603785559695,0.0,720
2313.617528450815,0.0,-23136.17528450815,1594.2603785559695,30014.10037073543,0.0,-0.0,0.7275616408681896,0.47997237932604736,0.0,799.2,0.0,0.0,1.0,888.0,-0.0,120,-50.547110369307084,0.0,120,-7.516442582179943,0.0,120,-28.125522630413972,0.0,120,-10.772819329345042,0.0,120,-20.148075873263164,0.0,120,-29.637399760818987,0.0,0.0,0.642850105154436,0.642850105154436,0.0,-23136.17528450815,-23136.17528450815,2314.2603785559695,2314.2603785559695,2314.2603785559695,0.0,0.0,1594.2603785559695,0.0,720
2313.617528450815,0.0,-23136.17528450815,1594.2603785559695,31448.934711435802,0.0,-0.0,0.7623429741215378,0.47997237932604736,0.0,799.2,0.0,0.0,1.0,888.0,-0.0,120,-45.36793137509118,0.0,120,-16.62537053602915,0.0,120,-17.966354614513673,0.0,120,-59.22649841118095,0.0,120,-29.67797503476681,0.0,120,-56.2639985723899,0.0,0.0,0.642850105154436,0.642850105154436,0.0,-23136.17528450815,-23136.17528450815,2314.2603785559695,2314.2603785559695,2314.2603785559695,0.0,0.0,1594.2603785559695,0.0,720
2065.6227394606353,0.0,-20656.227394606354,1346.1966829836865,32883.76905213617,0.0,-0.0,0.797124307374886,0.47997237932604736,0.0,799.2,0.0,0.0,1.0,888.0,-0.0,120,-40.587887689756045,0.0,120,-57.20828203527904,0.0,120,-2.7958890179725637,0.0,120,-12.63721973070444,0.0,120,-50.481525530254636,0.0,120,-0.8487991279282237,0.0,0.0,0.573943523051024,0.573943523051024,0.0,-20656.227394606354,-20656.227394606354,2066.1966829836865,2066.1966829836865,2066.1966829836865,0.0,0.0,1346.1966829836865,0.0,720
2065.6227394606353,0.0,-20656.227394606354,1346.1966829836865,34095.34606682149,0.0,-0.0,0.8264937354088548,0.47997237932604736,0.0,799.2,0.0,0.0,1.0,888.0,-0.0,120,-33.58992477052265,0.0,120,-6.007362682712301,0.0,120,-32.273608125311874,0.0,120,-47.784594497620354,0.0,120,-43.354812463926855,0.0,120,-59.986265612752824,0.0,0.0,0.573943523051024,0.573943523051024,0.0,-20656.227394606354,-20656.227394606354,2066.1966829836865,2066.1966829836865,2066.1966829836865,0.0,0.0,1346.1966829836865,0.0,720
2065.6227394606353,0.0,-20656.227394606354,1348.1966829836865,35306.92308150681,0.0,-0.0,0.8558631634428238,0.47997237932604736,0.0,799.2,0.0,0.0,1.0,888.0,-0.0,120,-57.063244406349234,0.0,120,-36.13117541585377,0.0,120,-15.618857483965638,0.0,118,-3.083777104693781,0.0,120,-1.7356927604460104,0.0,120,-16.670962465334473,0.0,0.0,0.573943523051024,0.573943523051024,0.0,-20656.227394606354,-20656.227394606354,2066.1966829836865,2066.1966829836865,2066.1966829836865,0.0,0.0,1348.1966829836865,0.0,718
2065.6227394606353,0.0,-20656.227394606354,1348.1966829836865,36520.30009619213,0.0,-0.0,0.8852762246671061,0.47997237932604736,0.0,799.2,0.0,0.0,1.0,888.0,-0.0,120,-54.21301659869426,0.0,120,-37.837773027191105,0.0,120,-2.042372549151563,0.0,118,-52.7608742562708,0.0,120,-43.02015296625862,0.0,120,-24.310618073622663,0.0,0.0,0.573943523051024,0.573943523051024,0.0,-20656.227394606354,-20656.227394606354,2066.1966829836865,2066.1966829836865,2066.1966829836865,0.0,0.0,1348.1966829836865,0.0,718
2065.6227394606353,0.0,-20656.227394606354,1352.1966829836865,37733.67711087745,0.0,-0.0,0.9146892858913884,0.47997237932604736,0.0,799.2,0.0,0.0,1.0,888.0,-0.0,120,-25.349506797683226,0.0,118,-49.91498121044811,0.0,120,-34.80987319778497,0.0,118,-42.10331225682803,0.0,118,-1.707665592736498,0.0,120,-2.974140266268026,0.0,0.0,0.573943523051024,0.573943523051024,0.0,-20656.227394606354,-20656.227394606354,2066.1966829836865,2066.1966829836865,2066.1966829836865,0.0,0.0,1352.1966829836865,0.0,714
2065.6227394606353,0.0,-20656.227394606354,1292.1966829836865,38950.65412556277,0.0,-0.0,0.9441896134962977,0.47997237932604736,0.0,799.2,0.0,0.0,1.0,888.0,-0.0,118,-3.5060199277878135,0.0,118,-6.044940363328459,0.0,120,-30.144178596215006,0.0,118,-48.35759433251743,0.0,180,-49.32816170294653,0.0,120,-32.203305439794704,0.0,0.0,0.573943523051024,0.573943523051024,0.0,-20656.227394606354,-20656.227394606354,2066.1966829836865,2066.1966829836865,2066.1966829836865,0.0,0.0,1292.1966829836865,0.0,774
1609.6914211401127,0.0,-16096.914211401127,836.1386818850808,40113.631140248086,0.0,-0.0,0.9723809453918039,0.47997237932604736,0.0,799.2,0.0,0.0,1.0,888.0,-0.0,118,-0.41958141840982455,0.0,118,-24.015117994330573,0.0,120,-37.36914010909974,0.0,118,-1.557397728943175,0.0,180,-23.545447089003552,0.0,120,-45.28048081921918,0.0,0.0,0.447260744968078,0.447260744968078,0.0,-16096.914211401127,-16096.914211401127,1610.1386818850808,1610.1386818850808,1610.1386818850808,0.0,0.0,836.1386818850808,0.0,774
1609.6914211401127,0.0,-16096.914211401127,429.8267178392658,40866.15595394466,0.0,-0.0,0.9906226445093608,0.47997237932604736,0.0,799.2,408.311964045815,0.0,1.0,888.0,326322.92166541534,118,-34.451904191586586,0.0,118,-15.714407164903308,0.0,118,-8.039015603350572,0.0,118,-34.57523222151719,0.0,180,-33.996523215175515,0.0,120,-41.26611293729604,0.0,0.0,0.447260744968078,0.447260744968078,0.0,310226.0074540142,310226.0074540142,1610.1386818850808,1610.1386818850808,1610.1386818850808,0.0,0.0,838.1386818850808,0.0,772
1609.6914211401127,0.0,-16096.914211401127,0.0,41253.0,0.0,-0.0,1.0,0.47997237932604736,0.0,799.2,838.1386818850808,0.0,1.0,888.0,669840.4345625567,118,-6.294578990669022,0.0,118,-14.457426016787526,0.0,118,-30.044385673519656,0.0,118,-42.65825276022228,0.0,180,-29.19407909198291,0.0,120,-0.5678092161418924,0.0,0.0,0.447260744968078,0.447260744968078,0.0,653743.5203511555,653743.5203511555,1610.1386818850808,1610.1386818850808,1610.1386818850808,0.0,0.0,838.1386818850808,0.0,772
1609.6914211401127,0.0,-16096.914211401127,0.0,41253.0,0.0,-0.0,1.0,0.47997237932604736,0.0,799.2,838.1386818850808,0.0,1.0,888.0,669840.4345625567,118,-6.056257472101625,0.0,118,-37.976539079358055,0.0,118,-40.32914599008347,0.0,118,-40.36290262781208,0.0,180,-36.942469425705546,0.0,120,-46.1809463857432,0.0,0.0,0.447260744968078,0.447260744968078,0.0,653743.5203511555,653743.5203511555,1610.1386818850808,1610.1386818850808,1610.1386818850808,0.0,0.0,838.1386818850808,0.0,772
1609.6914211401127,0.0,-16096.914211401127,0.0,41253.0,0.0,-0.0,1.0,0.47997237932604736,0.0,799.2,838.1386818850808,0.0,1.0,888.0,669840.4345625567,118,-17.003641372669705,0.0,118,-47.39364344964603,0.0,118,-38.304639877969066,0.0,118,-51.66334848891057,0.0,180,-19.77573253104117,0.0,120,-4.892046309384455,0.0,0.0,0.447260744968078,0.447260744968078,0.0,653743.5203511555,653743.5203511555,1610.1386818850808,1610.1386818850808,1610.1386818850808,0.0,0.0,838.1386818850808,0.0,772
1609.6914211401127,0.0,-16096.914211401127,0.0,41253.0,0.0,-0.0,1.0,0.47997237932604736,0.0,799.2,838.1386818850808,0.0,1.0,888.0,669840.4345625567,118,-46.613783434537595,0.0,118,-37.25156835612395,0.0,118,-47.51021201524959,0.0,118,-49.395486133889705,0.0,180,-1.1899347708040175,0.0,120,-44.519722981611665,0.0,0.0,0.447260744968078,0.447260744968078,0.0,653743.5203511555,653743.5203511555,1610.1386818850808,1610.1386818850808,1610.1386818850808,0.0,0.0,838.1386818850808,0.0,772
938.8350705756608,0.0,-9388.350705756608,0.0,41253.0,0.0,-0.0,1.0,0.47997237932604736,0.0,799.2,167.09593055637083,0.0,1.0,888.0,133543.06770065156,118,-56.59623362916703,0.0,118,-42.06823201312995,0.0,118,-5.428764694227861,0.0,118,-40.15576620046421,0.0,180,-21.530505301493715,0.0,120,-3.4520725148403986,0.0,0.0,0.260859980710103,0.260859980710103,0.0,124154.71699489496,124154.71699489496,939.0959305563708,939.0959305563708,939.0959305563708,0.0,0.0,167.09593055637083,0.0,772
938.8350705756608,0.0,-9388.350705756608,0.0,41253.0,0.0,-0.0,1.0,0.47997237932604736,0.0,799.2,167.09593055637083,0.0,1.0,888.0,133543.06770065156,118,-59.04677404035684,0.0,118,-33.11436069235858,0.0,118,-25.215866708052847,0.0,118,-50.57050295609931,0.0,180,-9.802875259452907,0.0,120,-18.939527329623147,0.0,0.0,0.260859980710103,0.260859980710103,0.0,124154.71699489496,124154.71699489496,939.0959305563708,939.0959305563708,939.0959305563708,0.0,0.0,167.09593055637083,0.0,772
938.8350705756608,0.0,-9388.350705756608,0.0,41253.0,0.0,-0.0,1.0,0.47997237932604736,0.0,799.2,167.09593055637083,0.0,1.0,888.0,133543.06770065156,118,-23.899374522959537,0.0,118,-45.71979428277675,0.0,118,-34.22041096790511,0.0,118,-36.4209326456273,0.0,180,-47.387270447611186,0.0,120,-57.80223846631484,0.0,0.0,0.260859980710103,0.260859980710103,0.0,124154.71699489496,124154.71699489496,939.0959305563708,939.0959305563708,939.0959305563708,0.0,0.0,167.09593055637083,0.0,772
938.8350705756608,0.0,-9388.350705756608,0.0,41253.0,0.0,-0.0,1.0,0.47997237932604736,0.0,799.2,105.09593055637083,0.0,1.0,888.0,83992.66770065157,118,-41.86469195684511,0.0,118,-30.737465062275668,0.0,118,-6.285624041110934,0.0,180,-35.64422551544612,0.0,180,-26.39919489379225,0.0,120,-33.13092705461568,0.0,0.0,0.260859980710103,0.260859980710103,0.0,74604.31699489497,74604.31699489497,939.0959305563708,939.0959305563708,939.0959305563708,0.0,0.0,105.09593055637083,0.0,834
938.8350705756608,0.0,-9388.350705756608,0.0,41253.0,0.0,-0.0,1.0,0.47997237932604736,0.0,799.2,105.09593055637083,0.0,1.0,888.0,83992.66770065157,118,-53.84646732860314,0.0,118,-4.882762485577519,0.0,118,-39.408142603946494,0.0,180,-13.435295509778706,0.0,180,-32.54384584418285,0.0,120,-5.202945006036364,0.0,0.0,0.260859980710103,0.260859980710103,0.0,74604.31699489497,74604.31699489497,939.0959305563708,939.0959305563708,939.0959305563708,0.0,0.0,105.09593055637083,0.0,834
938.8350705756608,0.0,-9388.350705756608,0.0,41253.0,0.0,-0.0,1.0,0.47997237932604736,0.0,799.2,105.09593055637083,0.0,1.0,888.0,83992.66770065157,118,-11.531053272236385,0.0,118,-11.614156156921746,0.0,118,-57.77096189436671,0.0,180,-25.211099052185087,0.0,180,-18.196421631686892,0.0,120,-8.881872252361054,0.0,0.0,0.260859980710103,0.260859980710103,0.0,74604.31699489497,74604.31699489497,939.0959305563708,939.0959305563708,939.0959305563708,0.0,0.0,105.09593055637083,0.0,834
278.89002961997153,0.0,-2788.9002961997153,0.0,41253.0,555.0324794020846,-0.0,1.0,0.47997237932604736,0.0,799.2,0.0,0.0,1.0,888.0,-0.0,118,-47.165877522191714,0.0,118,-18.351428505792914,0.0,118,-49.98090287975187,0.0,180,-38.962814751246114,0.0,180,-59.39476283843955,0.0,120,-46.42256887109371,0.0,0.0,0.0774909779438654,0.0774909779438654,0.0,-2788.9002961997153,-2788.9002961997153,834.0,834.0,278.9675205979154,0.0,555.0324794020846,0.0,0.0,834
278.89002961997153,0.0,-2788.9002961997153,0.0,40636.29724510879,555.0324794020846,-0.0,0.9850507174050079,0.47997237932604736,0.0,799.2,0.0,0.0,1.0,888.0,-0.0,118,-14.692850639402831,0.0,118,-53.6288696348989,0.0,118,-15.629741585536635,0.0,180,-30.99772765686905,0.0,180,-4.197942729340096,0.0,120,-52.64732498132112,0.0,0.0,0.0774909779438654,0.0774909779438654,0.0,-2788.9002961997153,-2788.9002961997153,834.0,834.0,278.9675205979154,0.0,555.0324794020846,0.0,0.0,834
278.89002961997153,0.0,-2788.9002961997153,0.0,40019.59449021758,555.0324794020846,-0.0,0.9701014348100159,0.47997237932604736,0.0,799.2,0.0,0.0,1.0,888.0,-0.0,118,-9.286836743572026,0.0,118,-42.87923878716039,0.0,118,-32.90683041529247,0.0,180,-12.339227718478094,0.0,180,-22.5266165244389,0.0,120,-4.617259676081336,0.0,0.0,0.0774909779438654,0.0774909779438654,0.0,-2788.9002961997153,-2788.9002961997153,834.0,834.0,278.9675205979154,0.0,555.0324794020846,0.0,0.0,834
278.89002961997153,0.0,-2788.9002961997153,0.0,39402.891735326375,555.0324794020846,-0.0,0.9551521522150238,0.47997237932604736,0.0,799.2,0.0,0.0,1.0,888.0,-0.0,118,-43.0975362711818,0.0,118,-32.14685217424769,0.0,118,-9.773236725814733,0.0,180,-6.812371781644966,0.0,180,-4.201913405332687,0.0,120,-39.50851748203473,0.0,0.0,0.0774909779438654,0.0774909779438654,0.0,-2788.9002961997153,-2788.9002961997153,834.0,834.0,278.9675205979154,0.0,555.0324794020846,0.0,0.0,834
278.89002961997153,0.0,-2788.9002961997153,0.0,38786.18898043517,555.0324794020846,-0.0,0.9402028696200316,0.47997237932604736,0.0,799.2,0.0,0.0,1.0,888.0,-0.0,118,-45.24547369032819,0.0,118,-53.96708571586585,0.0,118,-22.62256317908649,0.0,180,-35.680778108066555,0.0,180,-19.49578621454075,0.0,120,-51.525435034010236,0.0,0.0,0.0774909779438654,0.0774909779438654,0.0,-2788.9002961997153,-2788.9002961997153,834.0,834.0,278.9675205979154,0.0,555.0324794020846,0.0,0.0,834
278.89002961997153,0.0,-2788.9002961997153,0.0,38169.48622554396,555.0324794020846,-0.0,0.9252535870250396,0.47997237932604736,0.0,799.2,0.0,0.0,1.0,888.0,-0.0,118,-37.86613908468095,0.0,118,-31.10015116567912,0.0,118,-37.83728541040672,0.0,180,-40.00400598540868,0.0,180,-10.68860679364412,0.0,120,-52.20177779349012,0.0,0.0,0.0774909779438654,0.0774909779438654,0.0,-2788.9002961997153,-2788.9002961997153,834.0,834.0,278.9675205979154,0.0,555.0324794020846,0.0,0.0,834
0.0,0.0,-0.0,0.0,37552.78347065275,834.0,-0.0,0.9103043044300475,0.47997237932604736,0.0,799.2,0.0,0.0,1.0,888.0,-0.0,118,-56.205858982074076,0.0,118,-6.743026175708198,0.0,118,-24.784398651239727,0.0,180,-37.174885482580585,0.0,180,-56.1937233933751,0.0,120,-39.90532472969894,0.0,0.0,0.0,0.0,0.0,0.0,0.0,834.0,834.0,0.0,0.0,834.0,0.0,0.0,834
0.0,0.0,-0.0,0.0,36626.116803986086,834.0,-0.0,0.8878412916390587,0.47997237932604736,0.0,799.2,0.0,0.0,1.0,888.0,-0.0,118,-26.253260113390418,0.0,118,-35.03702155116437,0.0,118,-39.92688639262643,0.0,180,-23.887713046368496,0.0,180,-38.959164619280756,0.0,120,-21.113089538819292,0.0,0.0,0.0,0.0,0.0,0.0,0.0,834.0,834.0,0.0,0.0,834.0,0.0,0.0,834
0.0,0.0,-0.0,0.0,35699.45013731942,834.0,-0.0,0.8653782788480697,0.47997237932604736,0.0,799.2,0.0,0.0,1.0,888.0,-0.0,118,-45.763114872426044,0.0,118,-43.28073275053876,0.0,118,-23.14586137063301,0.0,180,-17.82464707353537,0.0,180,-48.38703189738398,0.0,120,-18.634106148040544,0.0,0.0,0.0,0.0,0.0,0.0,0.0,834.0,834.0,0.0,0.0,834.0,0.0,0.0,834
0.0,0.0,-0.0,0.0,34772.78347065276,772.0,-0.0,0.8429152660570809,0.47997237932604736,0.0,799.2,0.0,0.0,1.0,888.0,-0.0,118,-14.931875615116528,0.0,118,-35.65424892035321,0.0,118,-4.998548344260727,0.0,118,-3.9129244761165083,0.0,180,-14.184576887331335,0.0,120,-24.164605133138682,0.0,0.0,0.0,0.0,0.0,0.0,0.0,772.0,772.0,0.0,0.0,772.0,0.0,0.0,772
0.0,0.0,-0.0,0.0,33915.00569287498,772.0,-0.0,0.8221221654879639,0.47997237932604736,0.0,799.2,0.0,0.0,1.0,888.0,-0.0,118,-8.677552078711596,0.0,118,-2.4370166001623628,0.0,118,-23.64607928964976,0.0,118,-41.11798543094931,0.0,180,-32.24125831332234,0.0,120,-3.9009076499651973,0.0,0.0,0.0,0.0,0.0,0.0,0.0,772.0,772.0,0.0,0.0,772.0,0.0,0.0,772
0.0,0.0,-0.0,0.0,33057.227915097195,772.0,-0.0,0.801329064918847,0.47997237932604736,0.0,799.2,0.0,0.0,1.0,888.0,-0.0,118,-4.561949663289124,0.0,118,-58.619585193353615,0.0,118,-32.86819429553197,0.0,118,-56.22232306279275,0.0,180,-14.020605577553106,0.0,120,-1.2726971883875082,0.0,0.0,0.0,0.0,0.0,0.0,0.0,772.0,772.0,0.0,0.0,772.0,0.0,0.0,772
0.0,0.0,-0.0,0.0,32199.450137319418,772.0,-0.0,0.7805359643497302,0.47997237932604736,0.0,799.2,0.0,0.0,1.0,888.0,-0.0,118,-10.805384021143634,0.0,118,-17.55142449361627,0.0,118,-41.4082862381365,0.0,118,-43.63032609785551,0.0,180,-31.488713347702323,0.0,120,-57.71915642028229,0.0,0.0,0.0,0.0,0.0,0.0,0.0,772.0,772.0,0.0,0.0,772.0,0.0,0.0,772
0.0,0.0,-0.0,0.0,31341.67235954164,772.0,-0.0,0.7597428637806133,0.47997237932604736,0.0,799.2,0.0,0.0,1.0,888.0,-0.0,118,-59.40101897045213,0.0,118,-4.576385533349187,0.0,118,-25.179653864514105,0.0,118,-34.02282021572149,0.0,180,-1.9075257892028863,0.0,120,-41.865065504852716,0.0,0.0,0.0,0.0,0.0,0.0,0.0,772.0,772.0,0.0,0.0,772.0,0.0,0.0,772
0.0,0.0,-0.0,0.0,30483.894581763863,772.0,-0.0,0.7389497632114964,0.47997237932604736,0.0,799.2,0.0,0.0,1.0,888.0,-0.0,118,-25.61284064875312,0.0,118,-19.622238241549365,0.0,118,-28.098019019329254,0.0,118,-57.15324776721511,0.0,180,-47.177471330247386,0.0,120,-34.34313145633862,0.0,0.0,0.0,0.0,0.0,0.0,0.0,772.0,772.0,0.0,0.0,772.0,0.0,0.0,772
0.0,0.0,-0.0,0.0,29626.116803986086,772.0,-0.0,0.7181566626423797,0.47997237932604736,0.0,799.2,0.0,0.0,1.0,888.0,-0.0,118,-23.335316696355335,0.0,118,-29.33606379359952,0.0,118,-19.247303959007702,0.0,118,-51.27261041262434,0.0,180,-47.70243009958584,0.0,120,-44.6020664572352,0.0,0.0,0.0,0.0,0.0,0.0,0.0,772.0,772.0,0.0,0.0,772.0,0.0,0.0,772
0.0,0.0,-0.0,0.0,28768.33902620831,772.0,-0.0,0.6973635620732628,0.47997237932604736,0.0,799.2,0.0,0.0,1.0,888.0,-0.0,118,-8.044299685255918,0.0,118,-13.751717766292126,0.0,118,-35.94205731931412,0.0,118,-17.13028225147417,0.0,180,-43.78458905418053,0.0,120,-48.92094957222764,0.0,0.0,0.0,0.0,0.0,0.0,0.0,772.0,772.0,0.0,0.0,772.0,0.0,0.0,772
0.0,0.0,-0.0,0.0,27910.56124843053,772.0,-0.0,0.6765704615041459,0.47997237932604736,0.0,799.2,0.0,0.0,1.0,888.0,-0.0,118,-21.863845597141037,0.0,118,-4.546818856613322,0.0,118,-37.90306250501917,0.0,118,-47.799346217365624,0.0,180,-57.61528557688749,0.0,120,-27.59430547662378,0.0,0.0,0.0,0.0,0.0,0.0,0.0,772.0,772.0,0.0,0.0,772.0,0.0,0.0,772
0.0,0.0,-0.0,0.0,27052.783470652754,772.0,-0.0,0.655777360935029,0.47997237932604736,0.0,799.2,0.0,0.0,1.0,888.0,-0.0,118,-12.607637735194523,0.0,118,-31.236605757760643,0.0,118,-44.19217992555524,0.0,118,-32.657725250679505,0.0,180,-40.90497586163088,0.0,120,-40.89780364846831,0.0,0.0,0.0,0.0,0.0,0.0,0.0,772.0,772.0,0.0,0.0,772.0,0.0,0.0,772
0.0,0.0,-0.0,0.0,26195.005692874976,772.0,-0.0,0.6349842603659122,0.47997237932604736,0.0,799.2,0.0,0.0,1.0,888.0,-0.0,118,-26.1555746351176,0.0,118,-21.9209951821631,0.0,118,-33.26841567635389,0.0,118,-50.897338285717005,0.0,180,-12.91496847387809,0.0,120,-39.306892608376266,0.0,0.0,0.0,0.0,0.0,0.0,0.0,772.0,772.0,0.0,0.0,772.0,0.0,0.0,772
0.0,0.0,-0.0,0.0,25337.2279150972,772.0,-0.0,0.6141911597967954,0.47997237932604736,0.0,799.2,0.0,0.0,1.0,888.0,-0.0,118,-30.929695370881753,0.0,118,-4.3808304533572855,0.0,118,-20.28794683459274,0.0,118,-51.33922114448341,0.0,180,-52.92381544882793,0.0,120,-10.462745771936365,0.0,0.0,0.0,0.0,0.0,0.0,0.0,772.0,772.0,0.0,0.0,772.0,0.0,0.0,772
0.0,0.0,-0.0,0.0,24479.45013731942,772.0,-0.0,0.5933980592276785,0.47997237932604736,0.0,799.2,0.0,0.0,1.0,888.0,-0.0,118,-31.279908694829075,0.0,118,-38.054875085545,0.0,118,-29.999668656334116,0.0,118,-55.64456184951495,0.0,180,-17.278142174364337,0.0,120,-8.738078514959271,0.0,0.0,0.0,0.0,0.0,0.0,0.0,772.0,772.0,0.0,0.0,772.0,0.0,0.0,772
0.0,0.0,-0.0,0.0,23621.672359541644,772.0,-0.0,0.5726049586585616,0.47997237932604736,0.0,799.2,0.0,0.0,1.0,888.0,-0.0,118,-19.289406026839092,0.0,118,-3.24095619505657,0.0,118,-33.89949455448319,0.0,118,-42.39347330545295,0.0,180,-11.536372073673732,0.0,120,-25.069471444488883,0.0,0.0,0.0,0.0,0.0,0.0,0.0,772.0,772.0,0.0,0.0,772.0,0.0,0.0,772
0.0,0.0,-0.0,0.0,22763.894581763867,772.0,-0.0,0.5518118580894448,0.47997237932604736,0.0,799.2,0.0,0.0,1.0,888.0,-0.0,118,-3.926803447211622,0.0,118,-37.71573277125592,0.0,118,-31.61054388498681,0.0,118,-22.757980801912844,0.0,180,-35.15446130688006,0.0,120,-54.020780562323004,0.0,0.0,0.0,0.0,0.0,0.0,0.0,772.0,772.0,0.0,0.0,772.0,0.0,0.0,772
0.0,0.0,-0.0,0.0,21906.11680398609,772.0,-0.0,0.531018757520328,0.47997237932604736,0.0,799.2,0.0,0.0,1.0,888.0,-0.0,118,-12.735532548138417,0.0,118,-29.456356479459537,0.0,118,-35.97986423211644,0.0,118,-16.948543734798637,0.0,180,-31.71778992555603,0.0,120,-3.643382243052722,0.0,0.0,0.0,0.0,0.0,0.0,0.0,772.0,772.0,0.0,0.0,772.0,0.0,0.0,772
0.0,0.0,-0.0,0.0,21048.339026208312,772.0,-0.0,0.5102256569512111,0.47997237932604736,0.0,799.2,0.0,0.0,1.0,888.0,-0.0,118,-47.18309660384872,0.0,118,-58.51382875960002,0.0,118,-40.13247591061115,0.0,118,-42.6967513008941,0.0,180,-18.547643366275164,0.0,120,-59.24562130447324,0.0,0.0,0.0,0.0,0.0,0.0,0.0,772.0,772.0,0.0,0.0,772.0,0.0,0.0,772
0.0,0.0,-0.0,0.0,20190.561248430535,772.0,-0.0,0.48943255638209426,0.47997237932604736,0.0,799.2,0.0,0.0,1.0,888.0,-0.0,118,-13.277393129185695,0.0,118,-12.345377093160216,0.0,118,-13.600807357141322,0.0,118,-55.639708725755355,0.0,180,-36.62554040464516,0.0,120,-5.484206864167865,0.0,0.0,0.0,0.0,0.0,0.0,0.0,772.0,772.0,0.0,0.0,772.0,0.0,0.0,772
0.0,0.0,-0.0,0.0,19332.783470652757,772.0,-0.0,0.4686394558129774,0.47997237932604736,0.0,799.2,0.0,0.0,1.0,888.0,-0.0,118,-51.92924518040261,0.0,118,-38.292212086279555,0.0,118,-35.91291807784034,0.0,118,-25.21125562414803,0.0,180,-49.834412100820785,0.0,120,-25.224394001292378,0.0,0.0,0.0,0.0,0.0,0.0,0.0,772.0,772.0,0.0,0.0,772.0,0.0,0.0,772
0.0,0.0,-0.0,0.0,18475.00569287498,772.0,-0.0,0.44784635524386057,0.47997237932604736,0.0,799.2,0.0,0.0,1.0,888.0,-0.0,118,-46.39995124784505,0.0,118,-25.029210835633272,0.0,118,-1.4090406599777228,0.0,118,-6.004655502433818,0.0,180,-45.3589949597057,0.0,120,-39.75144382588845,0.0,0.0,0.0,0.0,0.0,0.0,0.0,772.0,772.0,0.0,0.0,772.0,0.0,0.0,772
0.0,0.0,-0.0,0.0,17617.227915097203,772.0,-0.0,0.4270532546747437,0.47997237932604736,0.0,799.2,0.0,0.0,1.0,888.0,-0.0,118,-24.028380475376636,0.0,118,-31.27195949671203,0.0,118,-1.6656251464856142,0.0,118,-1.6928400496790985,0.0,180,-52.50702355511326,0.0,120,-13.112831412288397,0.0,0.0,0.0,0.0,0.0,0.0,0.0,772.0,772.0,0.0,0.0,772.0,0.0,0.0,772
0.0,0.0,-0.0,0.0,16759.450137319425,772.0,-0.0,0.4062601541056269,0.47997237932604736,0.0,799.2,0.0,0.0,1.0,888.0,-0.0,118,-37.546937188403334,0.0,118,-34.38314487726935,0.0,118,-32.78666167720238,0.0,118,-39.492397325624346,0.0,180,-1.684273628771542,0.0,120,-20.326152547030013,0.0,0.0,0.0,0.0,0.0,0.0,0.0,772.0,772.0,0.0,0.0,772.0,0.0,0.0,772
0.0,0.0,-0.0,0.0,15901.672359541648,772.0,-0.0,0.38546705353651,0.47997237932604736,0.0,799.2,0.0,0.0,1.0,888.0,-0.0,118,-0.7408890612753982,0.0,118,-9.47606563028291,0.0,118,-58.94838390421434,0.0,118,-7.797598173135858,0.0,180,-46.79547246563442,0.0,120,-52.910374750946914,0.0,0.0,0.0,0.0,0.0,0.0,0.0,772.0,772.0,0.0,0.0,772.0,0.0,0.0,772
0.0,0.0,-0.0,0.0,15043.89458176387,772.0,-0.0,0.3646739529673932,0.47997237932604736,0.0,799.2,0.0,0.0,1.0,888.0,-0.0,118,-48.56378318315093,0.0,118,-44.765183652013434,0.0,118,-40.92066806221693,0.0,118,-7.393450900887233,0.0,180,-26.808894198227335,0.0,120,-21.952300016740665,0.0,0.0,0.0,0.0,0.0,0.0,0.0,772.0,772.0,0.0,0.0,772.0,0.0,0.0,772
0.0,0.0,-0.0,0.0,14186.116803986093,772.0,-0.0,0.3438808523982763,0.47997237932604736,0.0,799.2,0.0,0.0,1.0,888.0,-0.0,118,-52.02399796088615,0.0,118,-16.367788872880375,0.0,118,-34.15316827219779,0.0,118,-53.46127179167341,0.0,180,-38.02365858174993,0.0,120,-30.077895583811095,0.0,0.0,0.0,0.0,0.0,0.0,0.0,772.0,772.0,0.0,0.0,772.0,0.0,0.0,772
0.0,0.0,-0.0,0.0,13328.339026208316,772.0,-0.0,0.3230877518291595,0.47997237932604736,0.0,799.2,0.0,0.0,1.0,888.0,-0.0,118,-16.91691585825563,0.0,118,-33.2027871778348,0.0,118,-24.58571679249806,0.0,118,-45.40413315265959,0.0,180,-54.231297785771815,0.0,120,-15.830741839560517,0.0,0.0,0.0,0.0,0.0,0.0,0.0,772.0,772.0,0.0,0.0,772.0,0.0,0.0,772
0.0,0.0,-0.0,0.0,12470.561248430538,772.0,-0.0,0.3022946512600426,0.47997237932604736,0.0,799.2,0.0,0.0,1.0,888.0,-0.0,118,-17.932766228818473,0.0,118,-7.770552610888193,0.0,118,-32.784842055801185,0.0,118,-10.706566946452744,0.0,180,-4.877329648946043,0.0,120,-58.92723940777275,0.0,0.0,0.0,0.0,0.0,0.0,0.0,772.0,772.0,0.0,0.0,772.0,0.0,0.0,772
0.0,0.0,-0.0,0.0,11612.783470652761,772.0,-0.0,0.28150155069092575,0.47997237932604736,0.0,799.2,0.0,0.0,1.0,888.0,-0.0,118,-16.82913209561623,0.0,118,-12.295786837754276,0.0,118,-31.116630245306812,0.0,118,-45.60133173893845,0.0,180,-41.18936374512689,0.0,120,-26.18663474525867,0.0,0.0,0.0,0.0,0.0,0.0,0.0,772.0,772.0,0.0,0.0,772.0,0.0,0.0,772
0.0,0.0,-0.0,0.0,10755.005692874984,772.0,-0.0,0.26070845012180893,0.47997237932604736,0.0,799.2,0.0,0.0,1.0,888.0,-0.0,118,-8.717947897652296,0.0,118,-20.138164519930754,0.0,118,-4.719580660835588,0.0,118,-21.20486980801946,0.0,180,-44.31668298231244,0.0,120,-7.1380974046362695,0.0,0.0,0.0,0.0,0.0,0.0,0.0,772.0,772.0,0.0,0.0,772.0,0.0,0.0,772
0.0,0.0,-0.0,0.0,9897.227915097206,772.0,-0.0,0.2399153495526921,0.47997237932604736,0.0,799.2,0.0,0.0,1.0,888.0,-0.0,118,-41.507583824108366,0.0,118,-59.03657996782149,0.0,118,-21.874479815003937,0.0,118,-29.69962440449491,0.0,180,-59.95642774403563,0.0,120,-0.5295192152854145,0.0,0.0,0.0,0.0,0.0,0.0,0.0,772.0,772.0,0.0,0.0,772.0,0.0,0.0,772
0.0,0.0,-0.0,0.0,9039.450137319429,772.0,-0.0,0.21912224898357524,0.47997237932604736,0.0,799.2,0.0,0.0,1.0,888.0,-0.0,118,-28.21866920650019,0.0,118,-46.913966361599556,0.0,118,-6.020934332202723,0.0,118,-17.844167245943183,0.0,180,-18.11955011155928,0.0,120,-21.220828793847733,0.0,0.0,0.0,0.0,0.0,0.0,0.0,772.0,772.0,0.0,0.0,772.0,0.0,0.0,772
0.0,0.0,-0.0,0.0,8181.6723595416515,772.0,-0.0,0.19832914841445837,0.47997237932604736,0.0,799.2,0.0,0.0,1.0,888.0,-0.0,118,-41.25147011542201,0.0,118,-25.131871732793595,0.0,118,-52.98739741664018,0.0,118,-58.56673680498543,0.0,180,-52.658537561586336,0.0,120,-42.184904230987755,0.0,0.0,0.0,0.0,0.0,0.0,0.0,772.0,772.0,0.0,0.0,772.0,0.0,0.0,772
0.0,0.0,-0.0,0.0,7323.894581763874,710.0,-0.0,0.17753604784534152,0.47997237932604736,0.0,799.2,0.0,0.0,1.0,888.0,-0.0,118,-44.235344881763496,0.0,118,-40.0019422463631,0.0,118,-11.225582582428789,0.0,118,-34.78956848951004,0.0,118,-33.70858324979245,0.0,120,-45.400669677839694,0.0,0.0,0.0,0.0,0.0,0.0,0.0,710.0,710.0,0.0,0.0,710.0,0.0,0.0,710
0.0,0.0,-0.0,0.0,6535.0056928749855,710.0,-0.0,0.15841285949809675,0.47997237932604736,0.0,799.2,0.0,0.0,1.0,888.0,-0.0,118,-53.08462746119908,0.0,118,-56.50114769546242,0.0,118,-5.3015748007647545,0.0,118,-38.239975803981864,0.0,118,-18.33554457845674,0.0,120,-9.814748394124438,0.0,0.0,0.0,0.0,0.0,0.0,0.0,710.0,710.0,0.0,0.0,710.0,0.0,0.0,710
0.0,0.0,-0.0,0.0,5746.116803986097,712.0,-0.0,0.13928967115085197,0.47997237932604736,0.0,799.2,0.0,0.0,1.0,888.0,-0.0,120,-39.30561090999701,0.0,118,-12.245071188625099,0.0,118,-31.674513019224765,0.0,118,-27.72530273137799,0.0,118,-34.99028595792624,0.0,120,-55.66229563996727,0.0,0.0,0.0,0.0,0.0,0.0,0.0,712.0,712.0,0.0,0.0,712.0,0.0,0.0,712
0.0,0.0,-0.0,0.0,4955.0056928749855,712.0,-0.0,0.12011261466741778,0.47997237932604736,0.0,799.2,0.0,0.0,1.0,888.0,-0.0,120,-48.518958620190595,0.0,118,-50.842034186997545,0.0,118,-32.22369076318976,0.0,118,-9.77780605990326,0.0,118,-30.536540702026926,0.0,120,-19.57936669565816,0.0,0.0,0.0,0.0,0.0,0.0,0.0,712.0,712.0,0.0,0.0,712.0,0.0,0.0,712
0.0,0.0,-0.0,0.0,4163.894581763874,712.0,-0.0,0.10093555818398357,0.47997237932604736,0.0,799.2,0.0,0.0,1.0,888.0,-0.0,120,-21.86333445676109,0.0,118,-11.920281424708383,0.0,118,-25.3479898692268,0.0,118,-20.97159252837042,0.0,118,-34.40314670086732,0.0,120,-19.648833271733686,0.0,0.0,0.0,0.0,0.0,0.0,0.0,712.0,712.0,0.0,0.0,712.0,0.0,0.0,712
0.0,0.0,-0.0,0.0,3372.783470652763,712.0,-0.0,0.08175850170054937,0.47997237932604736,0.0,799.2,0.0,0.0,1.0,888.0,-0.0,120,-8.843986736270377,0.0,118,-25.045397256002534,0.0,118,-53.85082610617673,0.0,118,-8.313514810126199,0.0,118,-2.170430588617396,0.0,120,-51.9357157893363,0.0,0.0,0.0,0.0,0.0,0.0,0.0,712.0,712.0,0.0,0.0,712.0,0.0,0.0,712
0.0,0.0,-0.0,0.0,2581.6723595416515,712.0,-0.0,0.06258144521711516,0.47997237932604736,0.0,799.2,0.0,0.0,1.0,888.0,-0.0,120,-58.827496942421824,0.0,118,-10.901033496605441,0.0,118,-25.29839954632586,0.0,118,-10.021140553585413,0.0,118,-36.04511542292656,0.0,120,-16.247854291403016,0.0,0.0,0.0,0.0,0.0,0.0,0.0,712.0,712.0,0.0,0.0,712.0,0.0,0.0,712
0.0,0.0,-0.0,0.0,1790.5612484305404,712.0,-0.0,0.04340438873368096,0.47997237932604736,0.0,799.2,0.0,0.0,1.0,888.0,-0.0,120,-20.15291011375593,0.0,118,-19.836574516993394,0.0,118,-8.167761005253473,0.0,118,-27.966572712257715,0.0,118,-52.49333920303147,0.0,120,-13.33467626967086,0.0,0.0,0.0,0.0,0.0,0.0,0.0,712.0,712.0,0.0,0.0,712.0,0.0,0.0,712
0.0,0.0,-0.0,0.0,999.4501373194294,712.0,-0.0,0.024227332250246755,0.47997237932604736,0.0,799.2,0.0,0.0,1.0,888.0,-0.0,120,-7.091851746705404,0.0,118,-24.635564786173653,0.0,118,-47.6853862304424,0.0,118,-46.363696202975625,0.0,118,-24.277028452664574,0.0,120,-7.298631841300256,0.0,0.0,0.0,0.0,0.0,0.0,0.0,712.0,712.0,0.0,0.0,712.0,0.0,0.0,712
0.0,0.0,-0.0,0.0,208.33902620831827,187.50512358748645,-0.0,0.0050502757668125535,0.47997237932604736,251.7430537760353,799.2,0.0,524.4948764125136,1.0,888.0,-465751.4502543121,120,-38.1575352189722,0.0,118,-34.97859719841195,0.0,118,-30.24353768822569,0.0,118,-11.932445995324803,0.0,118,-6.797379749461028,0.0,120,-15.606225183843453,0.0,0.0,0.0,0.0,0.0,-465751.4502543121,-465751.4502543121,712.0,712.0,0.0,0.0,712.0,0.0,0.0,712
0.0,0.0,-0.0,0.0,0.0,0.0,-0.0,0.0,0.47997237932604736,342.70027883879783,799.2,0.0,714.0,1.0,888.0,-634032.0,120,-32.28608592333263,0.0,120,-30.112750443286306,0.0,118,-15.130056271251364,0.0,118,-39.55465729671025,0.0,118,-37.27834059106158,0.0,120,-14.819019742758668,0.0,0.0,0.0,0.0,0.0,-634032.0,-634032.0,714.0,714.0,0.0,0.0,714.0,0.0,0.0,714
0.0,0.0,-0.0,0.0,0.0,0.0,-0.0,0.0,0.47997237932604736,342.70027883879783,799.2,0.0,714.0,1.0,888.0,-634032.0,120,-49.50694533320248,0.0,120,-23.830613172893326,0.0,118,-40.58325702441584,0.0,118,-26.456129530466864,0.0,118,-1.2926694401289152,0.0,120,-40.504732420133884,0.0,0.0,0.0,0.0,0.0,-634032.0,-634032.0,714.0,714.0,0.0,0.0,714.0,0.0,0.0,714
0.0,0.0,-0.0,0.0,0.0,0.0,-0.0,0.0,0.47997237932604736,342.70027883879783,799.2,0.0,714.0,1.0,888.0,-634032.0,120,-42.86732780892342,0.0,120,-10.976093893112495,0.0,118,-11.927004455831016,0.0,118,-55.223411801355915,0.0,118,-59.354479752911985,0.0,120,-57.08351718740387,0.0,0.0,0.0,0.0,0.0,-634032.0,-634032.0,714.0,714.0,0.0,0.0,714.0,0.0,0.0,714
0.0,0.0,-0.0,0.0,0.0,0.0,-0.0,0.0,0.47997237932604736,342.70027883879783,799.2,0.0,714.0,1.0,888.0,-634032.0,120,-0.5700109629068595,0.0,120,-20.916641601545415,0.0,118,-32.14866728788009,0.0,118,-21.635847545906433,0.0,118,-50.14746098744969,0.0,120,-33.75971283845021,0.0,0.0,0.0,0.0,0.0,-634032.0,-634032.0,714.0,714.0,0.0,0.0,714.0,0.0,0.0,714
0.0,0.0,-0.0,0.0,0.0,0.0,-0.0,0.0,0.47997237932604736,343.6602235974499,799.2,0.0,716.0,1.0,888.0,-635808.0,120,-45.935801598744554,0.0,120,-46.080578251801036,0.0,118,-37.05997425200999,0.0,118,-26.164816821312225,0.0,120,-8.329466124722035,0.0,120,-0.9656941087897786,0.0,0.0,0.0,0.0,0.0,-635808.0,-635808.0,716.0,716.0,0.0,0.0,716.0,0.0,0.0,716
0.0,0.0,-0.0,0.0,0.0,0.0,-0.0,0.0,0.47997237932604736,343.6602235974499,799.2,0.0,716.0,1.0,888.0,-635808.0,120,-14.36034490418848,0.0,120,-10.267282651368852,0.0,118,-24.45034873218821,0.0,118,-38.38373618080101,0.0,120,-18.90465079770884,0.0,120,-33.018307976682586,0.0,0.0,0.0,0.0,0.0,-635808.0,-635808.0,716.0,716.0,0.0,0.0,716.0,0.0,0.0,716
0.0,0.0,-0.0,0.0,0.0,0.0,-0.0,0.0,0.47997237932604736,343.6602235974499,799.2,0.0,716.0,1.0,888.0,-635808.0,120,-16.8240820880043,0.0,120,-20.521681620043253,0.0,118,-25.334195357255073,0.0,118,-32.71936343217287,0.0,120,-1.3642641876096984,0.0,120,-32.23560506551041,0.0,0.0,0.0,0.0,0.0,-635808.0,-635808.0,716.0,716.0,0.0,0.0,716.0,0.0,0.0,716
0.0,0.0,-0.0,0.0,0.0,0.0,-0.0,0.0,0.47997237932604736,343.6602235974499,799.2,0.0,716.0,1.0,888.0,-635808.0,120,-6.541872940224572,0.0,120,-4.136553194129728,0.0,118,-48.44426049714663,0.0,118,-14.427517241365354,0.0,120,-8.07786570460765,0.0,120,-49.44349263735865,0.0,0.0,0.0,0.0,0.0,-635808.0,-635808.0,716.0,716.0,0.0,0.0,716.0,0.0,0.0,716
0.0,0.0,-0.0,0.0,0.0,0.0,-0.0,0.0,0.47997237932604736,343.6602235974499,799.2,0.0,716.0,1.0,888.0,-635808.0,120,-32.39737569933903,0.0,120,-51.49007037002391,0.0,118,-52.8937668272707,0.0,118,-37.372126079797425,0.0,120,-13.344379210586375,0.0,120,-19.099871435841155,0.0,0.0,0.0,0.0,0.0,-635808.0,-635808.0,716.0,716.0,0.0,0.0,716.0,0.0,0.0,716
0.0,0.0,-0.0,0.0,0.0,0.0,-0.0,0.0,0.47997237932604736,343.6602235974499,799.2,0.0,716.0,1.0,888.0,-635808.0,120,-38.327709633533836,0.0,120,-10.213234119610279,0.0,118,-35.118592074132884,0.0,118,-34.45371429487072,0.0,120,-53.30703583577332,0.0,120,-23.272892333874207,0.0,0.0,0.0,0.0,0.0,-635808.0,-635808.0,716.0,716.0,0.0,0.0,716.0,0.0,0.0,716
0.0,0.0,-0.0,0.0,0.0,0.0,-0.0,0.0,0.47997237932604736,343.6602235974499,799.2,0.0,716.0,1.0,888.0,-635808.0,120,-39.15174304159972,0.0,120,-31.732752890644864,0.0,118,-50.26074776197846,0.0,118,-19.57721597991298,0.0,120,-43.74342823226162,0.0,120,-31.88669797352145,0.0,0.0,0.0,0.0,0.0,-635808.0,-635808.0,716.0,716.0,0.0,0.0,716.0,0.0,0.0,716
0.0,0.0,-0.0,0.0,0.0,0.0,-0.0,0.0,0.47997237932604736,344.620168356102,799.2,0.0,718.0,1.0,888.0,-637584.0,120,-41.27080741796611,0.0,120,-9.419736215309552,0.0,120,-39.6333162169786,0.0,118,-0.6822211103135234,0.0,120,-47.39744685369673,0.0,120,-6.415576094494828,0.0,0.0,0.0,0.0,0.0,-637584.0,-637584.0,718.0,718.0,0.0,0.0,718.0,0.0,0.0,718
0.0,0.0,-0.0,0.0,0.0,0.0,-0.0,0.0,0.47997237932604736,344.620168356102,799.2,0.0,718.0,1.0,888.0,-637584.0,120,-12.588808269306512,0.0,120,-57.11025138832789,0.0,120,-29.565057826393975,0.0,118,-16.623408026606498,0.0,120,-59.150266882635414,0.0,120,-12.977790188841036,0.0,0.0,0.0,0.0,0.0,-637584.0,-637584.0,718.0,718.0,0.0,0.0,718.0,0.0,0.0,718
0.0,0.0,-0.0,0.0,0.0,0.0,-0.0,0.0,0.47997237932604736,344.620168356102,799.2,0.0,718.0,1.0,888.0,-637584.0,120,-4.643333338259962,0.0,120,-42.46295395422878,0.0,120,-17.774896162792235,0.0,118,-42.58288757213811,0.0,120,-49.466543556922645,0.0,120,-57.82017258778216,0.0,0.0,0.0,0.0,0.0,-637584.0,-637584.0,718.0,718.0,0.0,0.0,718.0,0.0,0.0,718
0.0,0.0,-0.0,0.0,0.0,0.0,-0.0,0.0,0.47997237932604736,344.620168356102,799.2,0.0,718.0,1.0,888.0,-637584.0,120,-8.361653541928026,0.0,120,-54.038213807999284,0.0,120,-6.608615530766022,0.0,118,-5.874402916835408,0.0,120,-7.201006000704233,0.0,120,-27.24800347828444,0.0,0.0,0.0,0.0,0.0,-637584.0,-637584.0,718.0,718.0,0.0,0.0,718.0,0.0,0.0,718
0.0,0.0,-0.0,0.0,0.0,0.0,-0.0,0.0,0.47997237932604736,344.620168356102,799.2,0.0,718.0,1.0,888.0,-637584.0,120,-13.178170901682867,0.0,120,-53.573049686588654,0.0,120,-14.427729226005624,0.0,118,-13.402596391332608,0.0,120,-58.88659244282416,0.0,120,-58.11843383653904,0.0,0.0,0.0,0.0,0.0,-637584.0,-637584.0,718.0,718.0,0.0,0.0,718.0,0.0,0.0,718
0.0,0.0,-0.0,0.0,0.0,0.0,-0.0,0.0,0.47997237932604736,344.620168356102,799.2,0.0,718.0,1.0,888.0,-637584.0,120,-36.611684890925204,0.0,120,-25.65765341685501,0.0,120,-38.144041430962055,0.0,118,-26.737984513461434,0.0,120,-9.30489006362086,0.0,120,-0.9623227155225123,0.0,0.0,0.0,0.0,0.0,-637584.0,-637584.0,718.0,718.0,0.0,0.0,718.0,0.0,0.0,718
0.0,0.0,-0.0,0.0,0.0,0.0,-0.0,0.0,0.47997237932604736,344.620168356102,799.2,0.0,718.0,1.0,888.0,-637584.0,120,-21.794075884549375,0.0,120,-37.31747576520184,0.0,120,-19.379789504666626,0.0,118,-9.972099696067929,0.0,120,-0.47287307682056134,0.0,120,-49.18152279655794,0.0,0.0,0.0,0.0,0.0,-637584.0,-637584.0,718.0,718.0,0.0,0.0,718.0,0.0,0.0,718
0.0,0.0,-0.0,0.0,0.0,0.0,-0.0,0.0,0.47997237932604736,344.620168356102,799.2,0.0,718.0,1.0,888.0,-637584.0,120,-38.15697072668323,0.0,120,-43.325439972114914,0.0,120,-38.18362334759582,0.0,118,-23.034243018936223,0.0,120,-39.864809697176064,0.0,120,-33.01465366767189,0.0,0.0,0.0,0.0,0.0,-637584.0,-637584.0,718.0,718.0,0.0,0.0,718.0,0.0,0.0,718
0.0,0.0,-0.0,0.0,0.0,0.0,-0.0,0.0,0.47997237932604736,344.620168356102,799.2,0.0,718.0,1.0,888.0,-637584.0,120,-21.22914344506636,0.0,120,-46.85149046477939,0.0,120,-42.2855072351501,0.0,118,-12.06702680171846,0.0,120,-56.90636820409583,0.0,120,-39.78052495870838,0.0,0.0,0.0,0.0,0.0,-637584.0,-637584.0,718.0,718.0,0.0,0.0,718.0,0.0,0.0,718
0.0,0.0,-0.0,0.0,0.0,0.0,-0.0,0.0,0.47997237932604736,344.620168356102,799.2,0.0,718.0,1.0,888.0,-637584.0,120,-19.389368393789276,0.0,120,-54.560446030525696,0.0,120,-35.98526044656576,0.0,118,-53.42787367673529,0.0,120,-53.977086863429314,0.0,120,-36.58834042167415,0.0,0.0,0.0,0.0,0.0,-637584.0,-637584.0,718.0,718.0,0.0,0.0,718.0,0.0,0.0,718
0.0,0.0,-0.0,0.0,0.0,0.0,-0.0,0.0,0.47997237932604736,345.5801131147541,799.2,0.0,720.0,1.0,888.0,-639360.0,120,-0.9705869988169202,0.0,120,-20.699887297763908,0.0,120,-8.554516503001427,0.0,120,-49.3295932462388,0.0,120,-11.531191092006807,0.0,120,-17.462794304359328,0.0,0.0,0.0,0.0,0.0,-639360.0,-639360.0,720.0,720.0,0.0,0.0,720.0,0.0,0.0,720
0.0,0.0,-0.0,0.0,0.0,0.0,-0.0,0.0,0.47997237932604736,345.5801131147541,799.2,0.0,720.0,1.0,888.0,-639360.0,120,-4.8172799846304155,0.0,120,-47.649261636138434,0.0,120,-28.39924450725905,0.0,120,-0.4797867922188037,0.0,120,-9.162317915572391,0.0,120,-49.3455890233945,0.0,0.0,0.0,0.0,0.0,-639360.0,-639360.0,720.0,720.0,0.0,0.0,720.0,0.0,0.0,720
0.0,0.0,-0.0,0.0,0.0,0.0,-0.0,0.0,0.47997237932604736,345.5801131147541,799.2,0.0,720.0,1.0,888.0,-639360.0,120,-48.085624595933346,0.0,120,-39.0575349108788,0.0,120,-23.624505483582354,0.0,120,-2.341187582812785,0.0,120,-38.12332239027043,0.0,120,-21.694553181128192,0.0,0.0,0.0,0.0,0.0,-639360.0,-639360.0,720.0,720.0,0.0,0.0,720.0,0.0,0.0,720
0.0,0.0,-0.0,0.0,0.0,0.0,-0.0,0.0,0.47997237932604736,345.5801131147541,799.2,0.0,720.0,1.0,888.0,-639360.0,120,-32.447879532517874,0.0,120,-28.35478387773006,0.0,120,-21.096153144393128,0.0,120,-10.84143943807366,0.0,120,-23.75451509184472,0.0,120,-27.4576512832449,0.0,0.0,0.0,0.0,0.0,-639360.0,-639360.0,720.0,720.0,0.0,0.0,720.0,0.0,0.0,720
0.0,0.0,-0.0,0.0,0.0,0.0,-0.0,0.0,0.47997237932604736,345.5801131147541,799.2,0.0,720.0,1.0,888.0,-639360.0,120,-6.9653471972239505,0.0,120,-47.26046962033477,0.0,120,-0.06759207338514539,0.0,120,-18.998590035122707,0.0,120,-58.14667016131547,0.0,120,-58.32310175542354,0.0,0.0,0.0,0.0,0.0,-639360.0,-639360.0,720.0,720.0,0.0,0.0,720.0,0.0,0.0,720
0.0,0.0,-0.0,0.0,0.0,0.0,-0.0,0.0,0.47997237932604736,345.5801131147541,799.2,0.0,720.0,1.0,888.0,-639360.0,120,-56.75785111231211,0.0,120,-34.01929806687446,0.0,120,-42.16888569510349,0.0,120,-3.586699717466073,0.0,120,-53.699023543815585,0.0,120,-57.87949767235182,0.0,0.0,0.0,0.0,0.0,-639360.0,-639360.0,720.0,720.0,0.0,0.0,720.0,0.0,0.0,720
0.0,0.0,-0.0,0.0,0.0,0.0,-0.0,0.0,0.47997237932604736,345.5801131147541,799.2,0.0,720.0,1.0,888.0,-639360.0,120,-2.1405009074640646,0.0,120,-21.97453517467041,0.0,120,-43.86445254180064,0.0,120,-0.06708603119147005,0.0,120,-50.620368171549266,0.0,120,-54.35017306865575,0.0,0.0,0.0,0.0,0.0,-639360.0,-639360.0,720.0,720.0,0.0,0.0,720.0,0.0,0.0,720
0.0,0.0,-0.0,0.0,0.0,0.0,-0.0,0.0,0.47997237932604736,345.5801131147541,799.2,0.0,720.0,1.0,888.0,-639360.0,120,-35.09234219129583,0.0,120,-50.12880404586614,0.0,120,-3.5818248066126146,0.0,120,-9.441374721698343,0.0,120,-55.725731524678345,0.0,120,-40.372056699193195,0.0,0.0,0.0,0.0,0.0,-639360.0,-639360.0,720.0,720.0,0.0,0.0,720.0,0.0,0.0,720
0.0,0.0,-0.0,0.0,0.0,0.0,-0.0,0.0,0.47997237932604736,345.5801131147541,799.2,0.0,720.0,1.0,888.0,-639360.0,120,-21.687777971522245,0.0,120,-30.631147175570067,0.0,120,-47.805588640618694,0.0,120,-2.198962655262242,0.0,120,-30.744203508522567,0.0,120,-35.086704791885694,0.0,0.0,0.0,0.0,0.0,-639360.0,-639360.0,720.0,720.0,0.0,0.0,720.0,0.0,0.0,720
0.0,0.0,-0.0,0.0,0.0,0.0,-0.0,0.0,0.47997237932604736,345.5801131147541,799.2,0.0,720.0,1.0,888.0,-639360.0,120,-23.155957096645018,0.0,120,-23.202563132661822,0.0,120,-20.01344090214624,0.0,120,-29.974150624033808,0.0,120,-27.402132275087403,0.0,120,-0.7520226661189056,0.0,0.0,0.0,0.0,0.0,-639360.0,-639360.0,720.0,720.0,0.0,0.0,720.0,0.0,0.0,720
0.0,0.0,-0.0,0.0,0.0,0.0,-0.0,0.0,0.47997237932604736,345.5801131147541,799.2,0.0,720.0,1.0,888.0,-639360.0,120,-29.48849218041709,0.0,120,-53.240444209117726,0.0,120,-4.718511753883723,0.0,120,-54.87640038167982,0.0,120,-21.434015298331172,0.0,120,-8.60530939229147,0.0,0.0,0.0,0.0,0.0,-639360.0,-639360.0,720.0,720.0,0.0,0.0,720.0,0.0,0.0,720
0.0,0.0,-0.0,0.0,0.0,0.0,-0.0,0.0,0.47997237932604736,345.5801131147541,799.2,0.0,720.0,1.0,888.0,-639360.0,120,-48.152774747043196,0.0,120,-59.945593352118095,0.0,120,-29.648146948158686,0.0,120,-32.50592443659675,0.0,120,-50.88340685012696,0.0,120,-35.281404252886055,0.0,0.0,0.0,0.0,0.0,-639360.0,-639360.0,720.0,720.0,0.0,0.0,720.0,0.0,0.0,720
0.0,0.0,-0.0,0.0,0.0,0.0,-0.0,0.0,0.47997237932604736,345.5801131147541,799.2,0.0,720.0,1.0,888.0,-639360.0,120,-29.208559177147105,0.0,120,-14.49246144762534,0.0,120,-11.710236672136725,0.0,120,-41.675433954274354,0.0,120,-6.639175143933851,0.0,120,-43.637375413964165,0.0,0.0,0.0,0.0,0.0,-639360.0,-639360.0,720.0,720.0,0.0,0.0,720.0,0.0,0.0,720
0.0,0.0,-0.0,0.0,0.0,0.0,-0.0,0.0,0.47997237932604736,345.5801131147541,799.2,0.0,720.0,1.0,888.0,-639360.0,120,-12.901232507461888,0.0,120,-5.343752247922797,0.0,120,-57.97384111217071,0.0,120,-16.552643542861937,0.0,120,-58.545645497699695,0.0,120,-40.76921061909784,0.0,0.0,0.0,0.0,0.0,-639360.0,-639360.0,720.0,720.0,0.0,0.0,720.0,0.0,0.0,720
0.0,0.0,-0.0,0.0,0.0,0.0,-0.0,0.0,0.47997237932604736,345.5801131147541,799.2,0.0,720.0,1.0,888.0,-639360.0,120,-30.6025976127463,0.0,120,-37.21560003988536,0.0,120,-28.047693111749325,0.0,120,-13.042658440252797,0.0,120,-1.3343380180080167,0.0,120,-2.2094211522676632,0.0,0.0,0.0,0.0,0.0,-639360.0,-639360.0,720.0,720.0,0.0,0.0,720.0,0.0,0.0,720
0.0,0.0,-0.0,0.0,0.0,0.0,-0.0,0.0,0.47997237932604736,345.5801131147541,799.2,0.0,720.0,1.0,888.0,-639360.0,120,-51.73377716702322,0.0,120,-10.419655893396246,0.0,120,-24.648276466186548,0.0,120,-37.62208958938797,0.0,120,-15.13007332709371,0.0,120,-58.53263040433807,0.0,0.0,0.0,0.0,0.0,-639360.0,-639360.0,720.0,720.0,0.0,0.0,720.0,0.0,0.0,720
0.0,0.0,-0.0,0.0,0.0,0.0,-0.0,0.0,0.47997237932604736,345.5801131147541,799.2,0.0,720.0,1.0,888.0,-639360.0,120,-52.42402589660911,0.0,120,-13.456928351643395,0.0,120,-4.826863029437489,0.0,120,-8.094178542557627,0.0,120,-26.93755413983982,0.0,120,-22.627729255377172,0.0,0.0,0.0,0.0,0.0,-639360.0,-639360.0,720.0,720.0,0.0,0.0,720.0,0.0,0.0,720
0.0,0.0,-0.0,0.0,0.0,0.0,-0.0,0.0,0.47997237932604736,345.5801131147541,799.2,0.0,720.0,1.0,888.0,-639360.0,120,-49.13954871501756,0.0,120,-0.8474645217610366,0.0,120,-7.0890843444029406,0.0,120,-4.576212971059883,0.0,120,-28.551488539625222,0.0,120,-25.385263638007885,0.0,0.0,0.0,0.0,0.0,-639360.0,-639360.0,720.0,720.0,0.0,0.0,720.0,0.0,0.0,720
400.78561923673664,0.0,-4007.8561923673665,0.0,0.0,0.0,-0.0,0.0,0.47997237932604736,153.16063599527894,799.2,0.0,319.1030204911776,1.0,888.0,-283363.4821961657,120,-43.38627294500612,0.0,120,-49.91022726526159,0.0,120,-47.81347463998872,0.0,120,-7.858218865078788,0.0,120,-42.60169123133044,0.0,120,-4.200219791280113,0.0,0.0,0.111360272085784,0.111360272085784,0.0,-287371.3383885331,-287371.3383885331,720.0,720.0,400.8969795088224,0.0,319.1030204911776,0.0,0.0,720
400.78561923673664,0.0,-4007.8561923673665,0.0,0.0,0.0,-0.0,0.0,0.47997237932604736,153.16063599527894,799.2,0.0,319.1030204911776,1.0,888.0,-283363.4821961657,120,-10.986750455585824,0.0,120,-28.571424228353756,0.0,120,-8.13862789572429,0.0,120,-31.46499220358873,0.0,120,-28.851862701866835,0.0,120,-31.439963110809007,0.0,0.0,0.111360272085784,0.111360272085784,0.0,-287371.3383885331,-287371.3383885331,720.0,720.0,400.8969795088224,0.0,319.1030204911776,0.0,0.0,720
400.78561923673664,0.0,-4007.8561923673665,0.0,0.0,0.0,-0.0,0.0,0.47997237932604736,153.16063599527894,799.2,0.0,319.1030204911776,1.0,888.0,-283363.4821961657,120,-58.41968252660357,0.0,120,-32.15225679448565,0.0,120,-26.72293497961308,0.0,120,-34.33252462562601,0.0,120,-47.61713803815847,0.0,120,-55.21516929922387,0.0,0.0,0.111360272085784,0.111360272085784,0.0,-287371.3383885331,-287371.3383885331,720.0,720.0,400.8969795088224,0.0,319.1030204911776,0.0,0.0,720
400.78561923673664,0.0,-4007.8561923673665,0.0,0.0,0.0,-0.0,0.0,0.47997237932604736,153.16063599527894,799.2,0.0,319.1030204911776,1.0,888.0,-283363.4821961657,120,-5.313072706824922,0.0,120,-38.734251045666035,0.0,120,-36.61237575344756,0.0,120,-3.408647286294748,0.0,120,-54.392174716201055,0.0,120,-1.01482238222107,0.0,0.0,0.111360272085784,0.111360272085784,0.0,-287371.3383885331,-287371.3383885331,720.0,720.0,400.8969795088224,0.0,319.1030204911776,0.0,0.0,720
400.78561923673664,0.0,-4007.8561923673665,0.0,0.0,0.0,-0.0,0.0,0.47997237932604736,153.16063599527894,799.2,0.0,319.1030204911776,1.0,888.0,-283363.4821961657,120,-19.60616781323723,0.0,120,-23.13490116076586,0.0,120,-20.55948426515339,0.0,120,-53.98228851361773,0.0,120,-40.04536742522872,0.0,120,-10.694809427300001,0.0,0.0,0.111360272085784,0.111360272085784,0.0,-287371.3383885331,-287371.3383885331,720.0,720.0,400.8969795088224,0.0,319.1030204911776,0.0,0.0,720
400.78561923673664,0.0,-4007.8561923673665,0.0,0.0,0.0,-0.0,0.0,0.47997237932604736,153.16063599527894,799.2,0.0,319.1030204911776,1.0,888.0,-283363.4821961657,120,-7.032423041273271,0.0,120,-18.26975190210424,0.0,120,-18.08861056810746,0.0,120,-28.548963244937426,0.0,120,-21.19489122902008,0.0,120,-17.681687820284864,0.0,0.0,0.111360272085784,0.111360272085784,0.0,-287371.3383885331,-287371.3383885331,720.0,720.0,400.8969795088224,0.0,319.1030204911776,0.0,0.0,720
1131.2810667911897,0.0,-11312.810667911897,411.5953988464248,0.0,0.0,-0.0,0.0,0.47997237932604736,0.0,799.2,0.0,0.0,1.0,888.0,-0.0,120,-0.7183837206946198,0.0,120,-11.257629962506773,0.0,120,-24.760106301899036,0.0,120,-37.85838302267084,0.0,120,-21.615359758154078,0.0,120,-45.79128215152242,0.0,0.0,0.314332055235118,0.314332055235118,0.0,-11312.810667911897,-11312.810667911897,1131.5953988464248,1131.5953988464248,1131.5953988464248,0.0,0.0,411.5953988464248,0.0,720
1131.2810667911897,0.0,-11312.810667911897,411.5953988464248,370.43585896178234,0.0,-0.0,0.00897961018499945,0.47997237932604736,0.0,799.2,0.0,0.0,1.0,888.0,-0.0,120,-14.840007283643859,0.0,120,-56.76680231719398,0.0,120,-23.859224862366865,0.0,120,-52.94725966013606,0.0,120,-10.74074161018358,0.0,120,-53.38009066204352,0.0,0.0,0.314332055235118,0.314332055235118,0.0,-11312.810667911897,-11312.810667911897,1131.5953988464248,1131.5953988464248,1131.5953988464248,0.0,0.0,411.5953988464248,0.0,720
1131.2810667911897,0.0,-11312.810667911897,411.5953988464248,740.8717179235647,0.0,-0.0,0.0179592203699989,0.47997237932604736,0.0,799.2,0.0,0.0,1.0,888.0,-0.0,120,-15.988761129187933,0.0,120,-7.554521188789726,0.0,120,-52.71295915307739,0.0,120,-25.010832921003924,0.0,120,-45.50107247284161,0.0,120,-45.98929617378812,0.0,0.0,0.314332055235118,0.314332055235118,0.0,-11312.810667911897,-11312.810667911897,1131.5953988464248,1131.5953988464248,1131.5953988464248,0.0,0.0,411.5953988464248,0.0,720
1131.2810667911897,0.0,-11312.810667911897,411.5953988464248,1111.307576885347,0.0,-0.0,0.026938830554998353,0.47997237932604736,0.0,799.2,0.0,0.0,1.0,888.0,-0.0,120,-49.17282527481827,0.0,120,-20.16956971350656,0.0,120,-1.3126883749545537,0.0,120,-40.54587898213444,0.0,120,-0.3693123451387592,0.0,120,-19.482885032677416,0.0,0.0,0.314332055235118,0.314332055235118,0.0,-11312.810667911897,-11312.810667911897,1131.5953988464248,1131.5953988464248,1131.5953988464248,0.0,0.0,411.5953988464248,0.0,720
1131.2810667911897,0.0,-11312.810667911897,411.5953988464248,1481.7434358471294,0.0,-0.0,0.0359184407399978,0.47997237932604736,0.0,799.2,0.0,0.0,1.0,888.0,-0.0,120,-7.722647444558648,0.0,120,-44.12228376266497,0.0,120,-15.180415569617145,0.0,120,-58.099129226792726,0.0,120,-41.49193499019389,0.0,120,-1.066875565027836,0.0,0.0,0.314332055235118,0.314332055235118,0.0,-11312.810667911897,-11312.810667911897,1131.5953988464248,1131.5953988464248,1131.5953988464248,0.0,0.0,411.5953988464248,0.0,720
1131.2810667911897,0.0,-11312.810667911897,411.5953988464248,1852.1792948089117,0.0,-0.0,0.044898050924997254,0.47997237932604736,0.0,799.2,0.0,0.0,1.0,888.0,-0.0,120,-30.12611513484565,0.0,120,-2.949334212739685,0.0,120,-11.92887199389461,0.0,120,-43.8943447864265,0.0,120,-12.719806436576363,0.0,120,-51.428190446427124,0.0,0.0,0.314332055235118,0.314332055235118,0.0,-11312.810667911897,-11312.810667911897,1131.5953988464248,1131.5953988464248,1131.5953988464248,0.0,0.0,411.5953988464248,0.0,720
1755.3228843853612,0.0,-17553.228843853612,1035.810609554682,2222.615153770694,0.0,-0.0,0.053877661109996706,0.47997237932604736,0.0,799.2,0.0,0.0,1.0,888.0,-0.0,120,-33.296408928953014,0.0,120,-10.671795915893103,0.0,120,-49.58376712774207,0.0,120,-29.521653331237896,0.0,120,-39.41451188182314,0.0,120,-24.94288266420027,0.0,0.0,0.487725169320745,0.487725169320745,0.0,-17553.228843853612,-17553.228843853612,1755.810609554682,1755.810609554682,1755.810609554682,0.0,0.0,1035.810609554682,0.0,720
1755.3228843853612,0.0,-17553.228843853612,1035.810609554682,3154.844702369908,0.0,-0.0,0.0764755218376823,0.47997237932604736,0.0,799.2,0.0,0.0,1.0,888.0,-0.0,120,-38.42170034341121,0.0,120,-6.246153226871137,0.0,120,-34.106962639351096,0.0,120,-2.7639644061153557,0.0,120,-12.41281113834802,0.0,120,-44.363757858615514,0.0,0.0,0.487725169320745,0.487725169320745,0.0,-17553.228843853612,-17553.228843853612,1755.810609554682,1755.810609554682,1755.810609554682,0.0,0.0,1035.810609554682,0.0,720
1755.3228843853612,0.0,-17553.228843853612,1035.810609554682,4087.074250969122,0.0,-0.0,0.0990733825653679,0.47997237932604736,0.0,799.2,0.0,0.0,1.0,888.0,-0.0,120,-6.334756317084402,0.0,120,-46.714749028203315,0.0,120,-16.615124597228576,0.0,120,-39.12671258062506,0.0,120,-22.07145214955118,0.0,120,-9.293363460550205,0.0,0.0,0.487725169320745,0.487725169320745,0.0,-17553.228843853612,-17553.228843853612,1755.810609554682,1755.810609554682,1755.810609554682,0.0,0.0,1035.810609554682,0.0,720
1755.3228843853612,0.0,-17553.228843853612,1035.810609554682,5019.303799568336,0.0,-0.0,0.12167124329305351,0.47997237932604736,0.0,799.2,0.0,0.0,1.0,888.0,-0.0,120,-27.667497946473006,0.0,120,-57.048301002430804,0.0,120,-53.502340084951555,0.0,120,-2.8005335090758687,0.0,120,-4.498183768061546,0.0,120,-59.12583487031947,0.0,0.0,0.487725169320745,0.487725169320745,0.0,-17553.228843853612,-17553.228843853612,1755.810609554682,1755.810609554682,1755.810609554682,0.0,0.0,1035.810609554682,0.0,720
1755.3228843853612,0.0,-17553.228843853612,1035.810609554682,5951.53334816755,0.0,-0.0,0.1442691040207391,0.47997237932604736,0.0,799.2,0.0,0.0,1.0,888.0,-0.0,120,-30.968652626370584,0.0,120,-28.730065705920072,0.0,120,-9.718554601544325,0.0,120,-10.348092521428105,0.0,120,-25.496719931345137,0.0,120,-10.520009364047965,0.0,0.0,0.487725169320745,0.487725169320745,0.0,-17553.228843853612,-17553.228843853612,1755.810609554682,1755.810609554682,1755.810609554682,0.0,0.0,1035.810609554682,0.0,720
1755.3228843853612,0.0,-17553.228843853612,1035.810609554682,6883.762896766763,0.0,-0.0,0.1668669647484247,0.47997237932604736,0.0,799.2,0.0,0.0,1.0,888.0,-0.0,120,-50.27990461793315,0.0,120,-10.36369731918059,0.0,120,-5.026185669888276,0.0,120,-56.3218929385636,0.0,120,-2.9163162415055943,0.0,120,-55.65898570521591,0.0,0.0,0.487725169320745,0.487725169320745,0.0,-17553.228843853612,-17553.228843853612,1755.810609554682,1755.810609554682,1755.810609554682,0.0,0.0,1035.810609554682,0.0,720
2167.862681829284,0.0,-21678.62681829284,1448.4650332274027,7815.992445365977,0.0,-0.0,0.18946482547611027,0.47997237932604736,0.0,799.2,0.0,0.0,1.0,888.0,-0.0,120,-49.608945750834,0.0,120,-36.80595898681881,0.0,120,-20.114925559685,0.0,120,-13.879066360659632,0.0,120,-37.871469374747456,0.0,120,-14.858482921029648,0.0,0.0,0.602351398118723,0.602351398118723,0.0,-21678.62681829284,-21678.62681829284,2168.4650332274027,2168.4650332274027,2168.4650332274027,0.0,0.0,1448.4650332274027,0.0,720
2167.862681829284,0.0,-21678.62681829284,1448.4650332274027,9119.61097527064,0.0,-0.0,0.22106540070469152,0.47997237932604736,0.0,799.2,0.0,0.0,1.0,888.0,-0.0,120,-18.801850632582006,0.0,120,-20.527197540337603,0.0,120,-36.30382797517284,0.0,120,-10.684748007870093,0.0,120,-34.280100123901924,0.0,120,-17.848750710001156,0.0,0.0,0.602351398118723,0.602351398118723,0.0,-21678.62681829284,-21678.62681829284,2168.4650332274027,2168.4650332274027,2168.4650332274027,0.0,0.0,1448.4650332274027,0.0,720
2167.862681829284,0.0,-21678.62681829284,1448.4650332274027,10423.229505175303,0.0,-0.0,0.2526659759332728,0.47997237932604736,0.0,799.2,0.0,0.0,1.0,888.0,-0.0,120,-27.022794715749022,0.0,120,-42.22072614021206,0.0,120,-42.43864195917694,0.0,120,-17.86699398959066,0.0,120,-23.22900182798638,0.0,120,-45.02199881155443,0.0,0.0,0.602351398118723,0.602351398118723,0.0,-21678.62681829284,-21678.62681829284,2168.4650332274027,2168.4650332274027,2168.4650332274027,0.0,0.0,1448.4650332274027,0.0,720
2167.862681829284,0.0,-21678.62681829284,1448.4650332274027,11726.848035079965,0.0,-0.0,0.28426655116185406,0.47997237932604736,0.0,799.2,0.0,0.0,1.0,888.0,-0.0,120,-46.81743732486782,0.0,120,-1.978298760815076,0.0,120,-33.417892311280596,0.0,120,-6.058797941985019,0.0,120,-33.7708285638271,0.0,120,-17.87970993637054,0.0,0.0,0.602351398118723,0.602351398118723,0.0,-21678.62681829284,-21678.62681829284,2168.4650332274027,2168.4650332274027,2168.4650332274027,0.0,0.0,1448.4650332274027,0.0,720
2167.862681829284,0.0,-21678.62681829284,1448.4650332274027,13030.466564984628,0.0,-0.0,0.31586712639043535,0.47997237932604736,0.0,799.2,0.0,0.0,1.0,888.0,-0.0,120,-12.434748340946673,0.0,120,-17.198776989618857,0.0,120,-59.51404534882752,0.0,120,-9.995661048526603,0.0,120,-49.21362557598945,0.0,120,-33.010425760914416,0.0,0.0,0.602351398118723,0.602351398118723,0.0,-21678.62681829284,-21678.62681829284,2168.4650332274027,2168.4650332274027,2168.4650332274027,0.0,0.0,1448.4650332274027,0.0,720
2167.862681829284,0.0,-21678.62681829284,1448.4650332274027,14334.085094889291,0.0,-0.0,0.3474677016190166,0.47997237932604736,0.0,799.2,0.0,0.0,1.0,888.0,-0.0,120,-3.299459116084573,0.0,120,-4.7071381305072135,0.0,120,-21.47428827955811,0.0,120,-39.313122875671844,0.0,120,-2.159848590679674,0.0,120,-45.50081594961765,0.0,0.0,0.602351398118723,0.602351398118723,0.0,-21678.62681829284,-21678.62681829284,2168.4650332274027,2168.4650332274027,2168.4650332274027,0.0,0.0,1448.4650332274027,0.0,720
2360.844108671305,0.0,-23608.44108671305,1641.5000809160042,15637.703624793954,0.0,-0.0,0.37906827684759786,0.47997237932604736,0.0,799.2,0.0,0.0,1.0,888.0,-0.0,120,-59.63991442530602,0.0,120,-27.868789477490424,0.0,120,-35.08245909780049,0.0,120,-0.9439347352659988,0.0,120,-44.979805266806906,0.0,120,-35.794411920463745,0.0,0.0,0.65597224469889,0.65597224469889,0.0,-23608.44108671305,-23608.44108671305,2361.500080916004,2361.500080916004,2361.500080916004,0.0,0.0,1641.5000809160042,0.0,720
2360.844108671305,0.0,-23608.44108671305,1641.5000809160042,17115.053697618358,0.0,-0.0,0.41488021956265864,0.47997237932604736,0.0,799.2,0.0,0.0,1.0,888.0,-0.0,120,-22.25466462310607,0.0,120,-0.1042091182364957,0.0,120,-3.787369424640721,0.0,120,-13.736206180796621,0.0,120,-43.44434693881116,0.0,120,-0.5080709393097904,0.0,0.0,0.65597224469889,0.65597224469889,0.0,-23608.44108671305,-23608.44108671305,2361.500080916004,2361.500080916004,2361.500080916004,0.0,0.0,1641.5000809160042,0.0,720
2360.844108671305,0.0,-23608.44108671305,1641.5000809160042,18592.40377044276,0.0,-0.0,0.45069216227771947,0.47997237932604736,0.0,799.2,0.0,0.0,1.0,888.0,-0.0,120,-0.5570160797684154,0.0,120,-8.570529396440488,0.0,120,-42.718322438974496,0.0,120,-0.45858012011062543,0.0,120,-32.38378441113597,0.0,120,-55.087329158070794,0.0,0.0,0.65597224469889,0.65597224469889,0.0,-23608.44108671305,-23608.44108671305,2361.500080916004,2361.500080916004,2361.500080916004,0.0,0.0,1641.5000809160042,0.0,720
2360.844108671305,0.0,-23608.44108671305,1641.5000809160042,20069.753843267164,0.0,-0.0,0.4865041049927803,0.47997237932604736,0.0,799.2,0.0,0.0,1.0,888.0,-0.0,120,-55.30193624255309,0.0,120,-13.453832716519582,0.0,120,-59.4572245052237,0.0,120,-55.465916747664465,0.0,120,-0.23677249721164584,0.0,120,-43.6954042089493,0.0,0.0,0.65597224469889,0.65597224469889,0.0,-23608.44108671305,-23608.44108671305,2361.500080916004,2361.500080916004,2361.500080916004,0.0,0.0,1641.5000809160042,0.0,720
2360.844108671305,0.0,-23608.44108671305,1641.5000809160042,21547.103916091568,0.0,-0.0,0.5223160477078411,0.47997237932604736,0.0,799.2,0.0,0.0,1.0,888.0,-0.0,120,-39.118947905849474,0.0,120,-33.749866699289214,0.0,120,-13.717814116977786,0.0,120,-7.69396134245013,0.0,120,-29.54144356953492,0.0,120,-39.776180282762134,0.0,0.0,0.65597224469889,0.65597224469889,0.0,-23608.44108671305,-23608.44108671305,2361.500080916004,2361.500080916004,2361.500080916004,0.0,0.0,1641.5000809160042,0.0,720
2360.844108671305,0.0,-23608.44108671305,1641.5000809160042,23024.45398891597,0.0,-0.0,0.5581279904229018,0.47997237932604736,0.0,799.2,0.0,0.0,1.0,888.0,-0.0,120,-41.72485252741578,0.0,120,-56.99262346907251,0.0,120,-53.624177702230966,0.0,120,-42.25856813751968,0.0,120,-22.9717367410935,0.0,120,-45.411469746907336,0.0,0.0,0.65597224469889,0.65597224469889,0.0,-23608.44108671305,-23608.44108671305,2361.500080916004,2361.500080916004,2361.500080916004,0.0,0.0,1641.5000809160042,0.0,720
2337.4997124079027,0.0,-23374.997124079026,1618.1491982963184,24501.804061740375,0.0,-0.0,0.5939399331379627,0.47997237932604736,0.0,799.2,0.0,0.0,1.0,888.0,-0.0,120,-49.24624262631306,0.0,120,-21.933616816987684,0.0,120,-12.199387903688999,0.0,120,-29.20634994557885,0.0,120,-41.40320829024598,0.0,120,-45.48073785077981,0.0,0.0,0.649485888415644,0.649485888415644,0.0,-23374.997124079026,-23374.997124079026,2338.1491982963184,2338.1491982963184,2338.1491982963184,0.0,0.0,1618.1491982963184,0.0,720
2337.4997124079027,0.0,-23374.997124079026,1618.1491982963184,25958.13834020706,0.0,-0.0,0.6292424391003578,0.47997237932604736,0.0,799.2,0.0,0.0,1.0,888.0,-0.0,120,-42.55687807514972,0.0,120,-54.260874418489124,0.0,120,-22.731203194374242,0.0,120,-35.00184556336751,0.0,120,-19.765835099396295,0.0,120,-48.52467507381903,0.0,0.0,0.649485888415644,0.649485888415644,0.0,-23374.997124079026,-23374.997124079026,2338.1491982963184,2338.1491982963184,2338.1491982963184,0.0,0.0,1618.1491982963184,0.0,720
2337.4997124079027,0.0,-23374.997124079026,1618.1491982963184,27414.472618673746,0.0,-0.0,0.664544945062753,0.47997237932604736,0.0,799.2,0.0,0.0,1.0,888.0,-0.0,120,-11.630848081051317,0.0,120,-12.293294227373583,0.0,120,-57.47308182901875,0.0,120,-11.387112570938868,0.0,120,-0.22882425507797288,0.0,120,-58.84260997493975,0.0,0.0,0.649485888415644,0.649485888415644,0.0,-23374.997124079026,-23374.997124079026,2338.1491982963184,2338.1491982963184,2338.1491982963184,0.0,0.0,1618.1491982963184,0.0,720
2337.4997124079027,0.0,-23374.997124079026,1618.1491982963184,28870.806897140432,0.0,-0.0,0.699847451025148,0.47997237932604736,0.0,799.2,0.0,0.0,1.0,888.0,-0.0,120,-45.125454425809316,0.0,120,-43.995844782210284,0.0,120,-55.52709933517536,0.0,120,-32.01473594943161,0.0,120,-31.788193829809327,0.0,120,-49.409531458900915,0.0,0.0,0.649485888415644,0.649485888415644,0.0,-23374.997124079026,-23374.997124079026,2338.1491982963184,2338.1491982963184,2338.1491982963184,0.0,0.0,1618.1491982963184,0.0,720
2337.4997124079027,0.0,-23374.997124079026,1618.1491982963184,30327.141175607117,0.0,-0.0,0.7351499569875432,0.47997237932604736,0.0,799.2,0.0,0.0,1.0,888.0,-0.0,120,-53.18329567301219,0.0,120,-9.827011450241798,0.0,120,-21.00633179958426,0.0,120,-35.44422172498777,0.0,120,-0.2891320146099918,0.0,120,-8.665423428929032,0.0,0.0,0.649485888415644,0.649485888415644,0.0,-23374.997124079026,-23374.997124079026,2338.1491982963184,2338.1491982963184,2338.1491982963184,0.0,0.0,1618.1491982963184,0.0,720
2337.4997124079027,0.0,-23374.997124079026,1618.1491982963184,31783.475454073803,0.0,-0.0,0.7704524629499383,0.47997237932604736,0.0,799.2,0.0,0.0,1.0,888.0,-0.0,120,-31.96071233922187,0.0,120,-11.502218554360175,0.0,120,-14.729291872745943,0.0,120,-33.21689136533152,0.0,120,-22.210418914575815,0.0,120,-17.295907328387685,0.0,0.0,0.649485888415644,0.649485888415644,0.0,-23374.997124079026,-23374.997124079026,2338.1491982963184,2338.1491982963184,2338.1491982963184,0.0,0.0,1618.1491982963184,0.0,720
2084.489439730024,0.0,-20844.89439730024,1367.0686254593184,33239.80973254049,0.0,-0.0,0.8057549689123333,0.47997237932604736,0.0,799.2,0.0,0.0,1.0,888.0,-0.0,120,-46.999439543737054,0.0,118,-14.161305625949028,0.0,120,-10.792324346366648,0.0,120,-23.94994784350785,0.0,120,-14.35267109440747,0.0,120,-25.914831410597532,0.0,0.0,0.579185729294255,0.579185729294255,0.0,-20844.89439730024,-20844.89439730024,2085.0686254593184,2085.0686254593184,2085.0686254593184,0.0,0.0,1367.0686254593184,0.0,718
2084.489439730024,0.0,-20844.89439730024,1309.0686254593184,34470.17149545388,0.0,-0.0,0.8355797516654274,0.47997237932604736,0.0,799.2,0.0,0.0,1.0,888.0,-0.0,120,-32.19241329331356,0.0,118,-40.219545617388405,0.0,118,-37.208659140017105,0.0,120,-21.782784788547108,0.0,120,-4.419427237589792,0.0,180,-55.39912755444218,0.0,0.0,0.579185729294255,0.579185729294255,0.0,-20844.89439730024,-20844.89439730024,2085.0686254593184,2085.0686254593184,2085.0686254593184,0.0,0.0,1309.0686254593184,0.0,776
2084.489439730024,0.0,-20844.89439730024,1311.0686254593184,35648.33325836726,0.0,-0.0,0.8641391718994318,0.47997237932604736,0.0,799.2,0.0,0.0,1.0,888.0,-0.0,120,-34.7018628319986,0.0,118,-37.44921092178379,0.0,118,-51.65781994297597,0.0,118,-13.086121092592485,0.0,120,-25.84394343348238,0.0,180,-57.38835804195231,0.0,0.0,0.579185729294255,0.579185729294255,0.0,-20844.89439730024,-20844.89439730024,2085.0686254593184,2085.0686254593184,2085.0686254593184,0.0,0.0,1311.0686254593184,0.0,774
2084.489439730024,0.0,-20844.89439730024,1311.0686254593184,36828.295021280646,0.0,-0.0,0.8927422253237497,0.47997237932604736,0.0,799.2,0.0,0.0,1.0,888.0,-0.0,120,-18.70008071530784,0.0,118,-0.37593684883527434,0.0,118,-42.587733047771486,0.0,118,-49.649215966704375,0.0,120,-17.37228594825506,0.0,180,-23.876463430541012,0.0,0.0,0.579185729294255,0.579185729294255,0.0,-20844.89439730024,-20844.89439730024,2085.0686254593184,2085.0686254593184,2085.0686254593184,0.0,0.0,1311.0686254593184,0.0,774
2084.489439730024,0.0,-20844.89439730024,1309.0686254593184,38008.25678419403,0.0,-0.0,0.9213452787480676,0.47997237932604736,0.0,799.2,0.0,0.0,1.0,888.0,-0.0,120,-32.98652401982482,0.0,118,-13.309062440367876,0.0,118,-52.51856701625504,0.0,120,-3.219375332365999,0.0,120,-31.740644409781446,0.0,180,-14.358894116733756,0.0,0.0,0.579185729294255,0.579185729294255,0.0,-20844.89439730024,-20844.89439730024,2085.0686254593184,2085.0686254593184,2085.0686254593184,0.0,0.0,1309.0686254593184,0.0,776
2084.489439730024,0.0,-20844.89439730024,1313.0686254593184,39186.418547107416,0.0,-0.0,0.949904698982072,0.47997237932604736,0.0,799.2,0.0,0.0,1.0,888.0,-0.0,120,-9.282604473155281,0.0,118,-11.832011093214224,0.0,118,-2.1795078838716386,0.0,118,-49.36143999201881,0.0,118,-29.44210830698565,0.0,180,-7.341668076000825,0.0,0.0,0.579185729294255,0.579185729294255,0.0,-20844.89439730024,-20844.89439730024,2085.0686254593184,2085.0686254593184,2085.0686254593184,0.0,0.0,1313.0686254593184,0.0,772
1623.96182021004,0.0,-16239.6182021004,852.4130460561669,40368.180310020805,0.0,-0.0,0.9785513855967034,0.47997237932604736,0.0,799.2,0.0,0.0,1.0,888.0,-0.0,120,-5.521157728026345,0.0,118,-23.559476330650714,0.0,118,-50.68913984476439,0.0,118,-27.973484930242904,0.0,118,-16.318597346011522,0.0,180,-42.88522991929748,0.0,0.0,0.451225846126713,0.451225846126713,0.0,-16239.6182021004,-16239.6182021004,1624.4130460561669,1624.4130460561669,1624.4130460561669,0.0,0.0,852.4130460561669,0.0,772
1623.96182021004,0.0,-16239.6182021004,130.71994280960806,41135.35205147135,0.0,-0.0,0.9971481359288137,0.47997237932604736,0.0,799.2,723.6931032465588,0.0,1.0,888.0,578375.5281146498,118,-49.284270779604846,0.0,118,-59.233068329668136,0.0,118,-14.474042950579237,0.0,118,-1.450874218756859,0.0,118,-17.61092993933044,0.0,180,-57.166404033609446,0.0,0.0,0.451225846126713,0.451225846126713,0.0,562135.9099125494,562135.9099125494,1624.4130460561669,1624.4130460561669,1624.4130460561669,0.0,0.0,854.4130460561669,0.0,770
1623.96182021004,0.0,-16239.6182021004,0.0,41253.0,0.0,-0.0,1.0,0.47997237932604736,0.0,799.2,854.4130460561669,0.0,1.0,888.0,682846.9064080886,118,-51.82821486829677,0.0,118,-5.2512082501934305,0.0,118,-15.0368856290237,0.0,118,-7.780761464386448,0.0,118,-43.36885089810599,0.0,180,-30.666598448095645,0.0,0.0,0.451225846126713,0.451225846126713,0.0,666607.2882059882,666607.2882059882,1624.4130460561669,1624.4130460561669,1624.4130460561669,0.0,0.0,854.4130460561669,0.0,770
1623.96182021004,0.0,-16239.6182021004,0.0,41253.0,0.0,-0.0,1.0,0.47997237932604736,0.0,799.2,854.4130460561669,0.0,1.0,888.0,682846.9064080886,118,-15.177386218081743,0.0,118,-1.5843797030601725,0.0,118,-45.06809595903106,0.0,118,-16.417702405468294,0.0,118,-39.03562987470524,0.0,180,-2.2991235675254518,0.0,0.0,0.451225846126713,0.451225846126713,0.0,666607.2882059882,666607.2882059882,1624.4130460561669,1624.4130460561669,1624.4130460561669,0.0,0.0,854.4130460561669,0.0,770
1623.96182021004,0.0,-16239.6182021004,0.0,41253.0,0.0,-0.0,1.0,0.47997237932604736,0.0,799.2,854.4130460561669,0.0,1.0,888.0,682846.9064080886,118,-49.21348504666896,0.0,118,-30.45289056404455,0.0,118,-14.91351114078552,0.0,118,-28.389638153914355,0.0,118,-30.786553041210354,0.0,180,-53.187265671187916,0.0,0.0,0.451225846126713,0.451225846126713,0.0,666607.2882059882,666607.2882059882,1624.4130460561669,1624.4130460561669,1624.4130460561669,0.0,0.0,854.4130460561669,0.0,770
1623.96182021004,0.0,-16239.6182021004,0.0,41253.0,0.0,-0.0,1.0,0.47997237932604736,0.0,799.2,854.4130460561669,0.0,1.0,888.0,682846.9064080886,118,-18.213204894016453,0.0,118,-6.223247109829053,0.0,118,-55.23027109616236,0.0,118,-40.919875770423474,0.0,118,-56.98690342121469,0.0,180,-57.02278866802641,0.0,0.0,0.451225846126713,0.451225846126713,0.0,666607.2882059882,666607.2882059882,1624.4130460561669,1624.4130460561669,1624.4130460561669,0.0,0.0,854.4130460561669,0.0,770
948.1094028295171,0.0,-9481.09402829517,0.0,41253.0,0.0,-0.0,1.0,0.47997237932604736,0.0,799.2,178.37283972944192,0.0,1.0,888.0,142555.57351177,118,-42.339343473422836,0.0,118,-47.76052794657035,0.0,118,-19.76316789330927,0.0,118,-28.772160570051284,0.0,118,-43.65911770064676,0.0,180,-26.482633538357682,0.0,0.0,0.263436899924845,0.263436899924845,0.0,133074.47948347483,133074.47948347483,948.3728397294419,948.3728397294419,948.3728397294419,0.0,0.0,178.37283972944192,0.0,770
948.1094028295171,0.0,-9481.09402829517,0.0,41253.0,0.0,-0.0,1.0,0.47997237932604736,0.0,799.2,178.37283972944192,0.0,1.0,888.0,142555.57351177,118,-47.10405335521133,0.0,118,-39.210354231480494,0.0,118,-28.373648304290896,0.0,118,-30.4611539212205,0.0,118,-57.07746270436369,0.0,180,-47.77426654023754,0.0,0.0,0.263436899924845,0.263436899924845,0.0,133074.47948347483,133074.47948347483,948.3728397294419,948.3728397294419,948.3728397294419,0.0,0.0,178.37283972944192,0.0,770
948.1094028295171,0.0,-9481.09402829517,0.0,41253.0,0.0,-0.0,1.0,0.47997237932604736,0.0,799.2,178.37283972944192,0.0,1.0,888.0,142555.57351177,118,-16.038694086830976,0.0,118,-21.187655795303325,0.0,118,-21.032092636326606,0.0,118,-35.55005399477592,0.0,118,-29.89483130023026,0.0,180,-42.22694740399403,0.0,0.0,0.263436899924845,0.263436899924845,0.0,133074.47948347483,133074.47948347483,948.3728397294419,948.3728397294419,948.3728397294419,0.0,0.0,178.37283972944192,0.0,770
948.1094028295171,0.0,-9481.09402829517,0.0,41253.0,0.0,-0.0,1.0,0.47997237932604736,0.0,799.2,178.37283972944192,0.0,1.0,888.0,142555.57351177,118,-43.06397316133277,0.0,118,-2.693740681655532,0.0,118,-15.14250499697247,0.0,118,-47.97290004191569,0.0,118,-30.989758353488185,0.0,180,-0.7502081101181957,0.0,0.0,0.263436899924845,0.263436899924845,0.0,133074.47948347483,133074.47948347483,948.3728397294419,948.3728397294419,948.3728397294419,0.0,0.0,178.37283972944192,0.0,770
948.1094028295171,0.0,-9481.09402829517,0.0,41253.0,0.0,-0.0,1.0,0.47997237932604736,0.0,799.2,176.37283972944192,0.0,1.0,888.0,140957.17351177,118,-10.508822899730799,0.0,118,-47.57282307250067,0.0,120,-18.40128323060553,0.0,118,-1.3197061990026904,0.0,118,-47.740381587146636,0.0,180,-16.516595991510517,0.0,0.0,0.263436899924845,0.263436899924845,0.0,131476.07948347484,131476.07948347484,948.3728397294419,948.3728397294419,948.3728397294419,0.0,0.0,176.37283972944192,0.0,772
948.1094028295171,0.0,-9481.09402829517,0.0,41253.0,0.0,-0.0,1.0,0.47997237932604736,0.0,799.2,116.37283972944192,0.0,1.0,888.0,93005.17351176999,118,-43.76498203048067,0.0,118,-42.98544800668311,0.0,180,-38.817945610029994,0.0,118,-21.24421076097505,0.0,118,-48.36458562112382,0.0,180,-38.229529389438234,0.0,0.0,0.263436899924845,0.263436899924845,0.0,83524.07948347481,83524.07948347481,948.3728397294419,948.3728397294419,948.3728397294419,0.0,0.0,116.37283972944192,0.0,832
283.8821196005199,0.0,-2838.821196005199,0.0,41253.0,486.0390023445758,-0.0,1.0,0.47997237932604736,0.0,799.2,0.0,0.0,1.0,888.0,-0.0,118,-34.04274202829388,0.0,118,-57.43754470708169,0.0,118,-19.34967959246679,0.0,118,-15.889937086321055,0.0,118,-18.272851772606007,0.0,180,-54.73413323913888,0.0,0.0,0.0788780549042845,0.0788780549042845,0.0,-2838.821196005199,-2838.821196005199,770.0,770.0,283.9609976554242,0.0,486.0390023445758,0.0,0.0,770
283.8821196005199,0.0,-2838.821196005199,0.0,40712.95666406158,486.0390023445758,-0.0,0.9869089924141657,0.47997237932604736,0.0,799.2,0.0,0.0,1.0,888.0,-0.0,118,-14.088275377247959,0.0,118,-25.05861610718985,0.0,118,-29.980331818414854,0.0,118,-25.526414017343203,0.0,118,-9.488975340611717,0.0,180,-14.448366814551076,0.0,0.0,0.0788780549042845,0.0788780549042845,0.0,-2838.821196005199,-2838.821196005199,770.0,770.0,283.9609976554242,0.0,486.0390023445758,0.0,0.0,770
283.8821196005199,0.0,-2838.821196005199,0.0,40172.91332812316,486.0390023445758,-0.0,0.9738179848283316,0.47997237932604736,0.0,799.2,0.0,0.0,1.0,888.0,-0.0,118,-39.41019689408844,0.0,118,-59.72138796504199,0.0,118,-6.33520136971689,0.0,118,-9.506888439656276,0.0,118,-37.8645183581889,0.0,180,-12.070522646799022,0.0,0.0,0.0788780549042845,0.0788780549042845,0.0,-2838.821196005199,-2838.821196005199,770.0,770.0,283.9609976554242,0.0,486.0390023445758,0.0,0.0,770
283.8821196005199,0.0,-2838.821196005199,0.0,39632.869992184744,486.0390023445758,-0.0,0.9607269772424973,0.47997237932604736,0.0,799.2,0.0,0.0,1.0,888.0,-0.0,118,-31.100997861452374,0.0,118,-11.613603512924328,0.0,118,-25.381675853037486,0.0,118,-43.33479289377832,0.0,118,-35.31939503932864,0.0,180,-24.398430405209417,0.0,0.0,0.0788780549042845,0.0788780549042845,0.0,-2838.821196005199,-2838.821196005199,770.0,770.0,283.9609976554242,0.0,486.0390023445758,0.0,0.0,770
283.8821196005199,0.0,-2838.821196005199,0.0,39092.826656246325,426.0390023445758,-0.0,0.9476359696566632,0.47997237932604736,0.0,799.2,0.0,0.0,1.0,888.0,-0.0,118,-17.609988600455132,0.0,118,-9.016254863194908,0.0,118,-54.346774842035245,0.0,118,-48.929592355145076,0.0,118,-54.38464998132814,0.0,120,-25.175085355322143,0.0,0.0,0.0788780549042845,0.0788780549042845,0.0,-2838.821196005199,-2838.821196005199,710.0,710.0,283.9609976554242,0.0,426.0390023445758,0.0,0.0,710
283.8821196005199,0.0,-2838.821196005199,0.0,38619.44998697458,426.0390023445758,-0.0,0.9361610061565118,0.47997237932604736,0.0,799.2,0.0,0.0,1.0,888.0,-0.0,118,-14.348095506592466,0.0,118,-52.657414448183935,0.0,118,-18.805539873324506,0.0,118,-41.95968818275915,0.0,118,-4.8183316948875525,0.0,120,-47.781312181376066,0.0,0.0,0.0788780549042845,0.0788780549042845,0.0,-2838.821196005199,-2838.821196005199,710.0,710.0,283.9609976554242,0.0,426.0390023445758,0.0,0.0,710
0.0,0.0,-0.0,0.0,38146.07331770283,710.0,-0.0,0.9246860426563602,0.47997237932604736,0.0,799.2,0.0,0.0,1.0,888.0,-0.0,118,-7.590551297913171,0.0,118,-44.72337970097934,0.0,118,-0.7382088770969775,0.0,118,-5.128537697058945,0.0,118,-51.10786399021982,0.0,120,-7.238410786111649,0.0,0.0,0.0,0.0,0.0,0.0,0.0,710.0,710.0,0.0,0.0,710.0,0.0,0.0,710
0.0,0.0,-0.0,0.0,37357.18442881394,710.0,-0.0,0.9055628543091154,0.47997237932604736,0.0,799.2,0.0,0.0,1.0,888.0,-0.0,118,-0.037735632165771804,0.0,118,-58.5981894188547,0.0,118,-41.266629806137715,0.0,118,-48.254388246042836,0.0,118,-8.934960451344152,0.0,120,-5.637226991833801,0.0,0.0,0.0,0.0,0.0,0.0,0.0,710.0,710.0,0.0,0.0,710.0,0.0,0.0,710
0.0,0.0,-0.0,0.0,36568.29553992505,710.0,-0.0,0.8864396659618706,0.47997237932604736,0.0,799.2,0.0,0.0,1.0,888.0,-0.0,118,-5.2319913476587,0.0,118,-59.70754509519659,0.0,118,-41.330346371678374,0.0,118,-12.35938786835747,0.0,118,-56.855260919415294,0.0,120,-43.10859937761912,0.0,0.0,0.0,0.0,0.0,0.0,0.0,710.0,710.0,0.0,0.0,710.0,0.0,0.0,710
0.0,0.0,-0.0,0.0,35779.40665103616,710.0,-0.0,0.8673164776146258,0.47997237932604736,0.0,799.2,0.0,0.0,1.0,888.0,-0.0,118,-33.143510278917866,0.0,118,-34.27478342249193,0.0,118,-46.01971229920767,0.0,118,-20.244159417145188,0.0,118,-38.44669248645364,0.0,120,-46.34514940329767,0.0,0.0,0.0,0.0,0.0,0.0,0.0,710.0,710.0,0.0,0.0,710.0,0.0,0.0,710
0.0,0.0,-0.0,0.0,34990.51776214727,710.0,-0.0,0.848193289267381,0.47997237932604736,0.0,799.2,0.0,0.0,1.0,888.0,-0.0,118,-33.98458697730842,0.0,118,-57.91138736381552,0.0,118,-16.748380674734616,0.0,118,-52.70944712155858,0.0,118,-59.728381189421796,0.0,120,-48.97812905239739,0.0,0.0,0.0,0.0,0.0,0.0,0.0,710.0,710.0,0.0,0.0,710.0,0.0,0.0,710
0.0,0.0,-0.0,0.0,34201.62887325838,710.0,-0.0,0.8290701009201362,0.47997237932604736,0.0,799.2,0.0,0.0,1.0,888.0,-0.0,118,-59.0400187882518,0.0,118,-13.891158092939456,0.0,118,-6.943537761644443,0.0,118,-2.2624252741198503,0.0,118,-23.629747483701404,0.0,120,-16.35399360354367,0.0,0.0,0.0,0.0,0.0,0.0,0.0,710.0,710.0,0.0,0.0,710.0,0.0,0.0,710
0.0,0.0,-0.0,0.0,33412.73998436949,710.0,-0.0,0.8099469125728914,0.47997237932604736,0.0,799.2,0.0,0.0,1.0,888.0,-0.0,118,-14.053858880403823,0.0,118,-33.44686061153831,0.0,118,-19.366477236739133,0.0,118,-33.42516639886895,0.0,118,-28.110905390523016,0.0,120,-11.899889204796942,0.0,0.0,0.0,0.0,0.0,0.0,0.0,710.0,710.0,0.0,0.0,710.0,0.0,0.0,710
0.0,0.0,-0.0,0.0,32623.851095480597,710.0,-0.0,0.7908237242256465,0.47997237932604736,0.0,799.2,0.0,0.0,1.0,888.0,-0.0,118,-18.900041699049652,0.0,118,-34.9754836061627,0.0,118,-47.703187143758356,0.0,118,-18.4266327031445,0.0,118,-58.54717920419555,0.0,120,-45.201993154848836,0.0,0.0,0.0,0.0,0.0,0.0,0.0,710.0,710.0,0.0,0.0,710.0,0.0,0.0,710
0.0,0.0,-0.0,0.0,31834.962206591706,710.0,-0.0,0.7717005358784017,0.47997237932604736,0.0,799.2,0.0,0.0,1.0,888.0,-0.0,118,-51.91815134659837,0.0,118,-44.312323397334566,0.0,118,-30.274305381343876,0.0,118,-40.03763262911791,0.0,118,-4.946651578943529,0.0,120,-42.123055751436,0.0,0.0,0.0,0.0,0.0,0.0,0.0,710.0,710.0,0.0,0.0,710.0,0.0,0.0,710
0.0,0.0,-0.0,0.0,31046.073317702816,712.0,-0.0,0.7525773475311569,0.47997237932604736,0.0,799.2,0.0,0.0,1.0,888.0,-0.0,118,-1.3981953762775223,0.0,118,-3.0700642812576717,0.0,118,-31.110793361842,0.0,118,-14.688258927303385,0.0,120,-43.45323561524605,0.0,120,-11.843039082655547,0.0,0.0,0.0,0.0,0.0,0.0,0.0,712.0,712.0,0.0,0.0,712.0,0.0,0.0,712
0.0,0.0,-0.0,0.0,30254.962206591706,712.0,-0.0,0.7334002910477228,0.47997237932604736,0.0,799.2,0.0,0.0,1.0,888.0,-0.0,118,-28.11283635951909,0.0,118,-12.209466290150752,0.0,118,-23.14956292845438,0.0,118,-26.643662689174278,0.0,120,-36.3217819099342,0.0,120,-36.33463931441806,0.0,0.0,0.0,0.0,0.0,0.0,0.0,712.0,712.0,0.0,0.0,712.0,0.0,0.0,712
0.0,0.0,-0.0,0.0,29463.851095480597,712.0,-0.0,0.7142232345642886,0.47997237932604736,0.0,799.2,0.0,0.0,1.0,888.0,-0.0,118,-49.365949057931125,0.0,118,-59.98089362337212,0.0,118,-33.39520439127975,0.0,118,-27.134381603265176,0.0,120,-31.187830078171782,0.0,120,-41.21851341270508,0.0,0.0,0.0,0.0,0.0,0.0,0.0,712.0,712.0,0.0,0.0,712.0,0.0,0.0,712
0.0,0.0,-0.0,0.0,28672.739984369488,712.0,-0.0,0.6950461780808544,0.47997237932604736,0.0,799.2,0.0,0.0,1.0,888.0,-0.0,118,-30.495891065386616,0.0,118,-14.471134444570827,0.0,118,-9.81692881148106,0.0,118,-55.4535131103381,0.0,120,-57.08552937269086,0.0,120,-34.87422683164079,0.0,0.0,0.0,0.0,0.0,0.0,0.0,712.0,712.0,0.0,0.0,712.0,0.0,0.0,712
0.0,0.0,-0.0,0.0,27881.628873258378,712.0,-0.0,0.6758691215974203,0.47997237932604736,0.0,799.2,0.0,0.0,1.0,888.0,-0.0,118,-38.00989188710987,0.0,118,-35.14994378928127,0.0,118,-35.22714873560691,0.0,118,-24.091394365412143,0.0,120,-44.005936919828116,0.0,120,-5.502993335029231,0.0,0.0,0.0,0.0,0.0,0.0,0.0,712.0,712.0,0.0,0.0,712.0,0.0,0.0,712
0.0,0.0,-0.0,0.0,27090.51776214727,712.0,-0.0,0.6566920651139861,0.47997237932604736,0.0,799.2,0.0,0.0,1.0,888.0,-0.0,118,-13.771559265990433,0.0,118,-50.54807356497806,0.0,118,-9.802575214193169,0.0,118,-21.808282789163144,0.0,120,-51.77926306215485,0.0,120,-42.378105797463235,0.0,0.0,0.0,0.0,0.0,0.0,0.0,712.0,712.0,0.0,0.0,712.0,0.0,0.0,712
0.0,0.0,-0.0,0.0,26299.40665103616,712.0,-0.0,0.6375150086305519,0.47997237932604736,0.0,799.2,0.0,0.0,1.0,888.0,-0.0,118,-7.058148233307904,0.0,118,-43.224355498311965,0.0,118,-22.51945915046767,0.0,118,-48.412413307694734,0.0,120,-38.05847807483912,0.0,120,-15.491094062618767,0.0,0.0,0.0,0.0,0.0,0.0,0.0,712.0,712.0,0.0,0.0,712.0,0.0,0.0,712
0.0,0.0,-0.0,0.0,25508.29553992505,712.0,-0.0,0.6183379521471177,0.47997237932604736,0.0,799.2,0.0,0.0,1.0,888.0,-0.0,118,-4.92199407849212,0.0,118,-52.33661428730352,0.0,118,-57.11034457385251,0.0,118,-23.46301937522012,0.0,120,-40.113453447358594,0.0,120,-23.028046310325255,0.0,0.0,0.0,0.0,0.0,0.0,0.0,712.0,712.0,0.0,0.0,712.0,0.0,0.0,712
0.0,0.0,-0.0,0.0,24717.18442881394,712.0,-0.0,0.5991608956636836,0.47997237932604736,0.0,799.2,0.0,0.0,1.0,888.0,-0.0,118,-47.474788501415304,0.0,118,-58.47904492479378,0.0,118,-0.2813705270884803,0.0,118,-40.7923454465037,0.0,120,-19.233436947115237,0.0,120,-11.767254092741851,0.0,0.0,0.0,0.0,0.0,0.0,0.0,712.0,712.0,0.0,0.0,712.0,0.0,0.0,712
0.0,0.0,-0.0,0.0,23926.07331770283,712.0,-0.0,0.5799838391802494,0.47997237932604736,0.0,799.2,0.0,0.0,1.0,888.0,-0.0,118,-30.661607089156885,0.0,118,-44.479733261428755,0.0,118,-43.85109126361348,0.0,118,-29.03321510665961,0.0,120,-26.03832973506146,0.0,120,-39.10198114964529,0.0,0.0,0.0,0.0,0.0,0.0,0.0,712.0,712.0,0.0,0.0,712.0,0.0,0.0,712
0.0,0.0,-0.0,0.0,23134.96220659172,712.0,-0.0,0.5608067826968153,0.47997237932604736,0.0,799.2,0.0,0.0,1.0,888.0,-0.0,118,-1.9874395896820096,0.0,118,-42.618237730768236,0.0,118,-37.099169013152064,0.0,118,-40.14715234485684,0.0,120,-52.98791335213596,0.0,120,-9.442465074660548,0.0,0.0,0.0,0.0,0.0,0.0,0.0,712.0,712.0,0.0,0.0,712.0,0.0,0.0,712
0.0,0.0,-0.0,0.0,22343.85109548061,712.0,-0.0,0.5416297262133811,0.47997237932604736,0.0,799.2,0.0,0.0,1.0,888.0,-0.0,118,-42.04032283106416,0.0,118,-42.42537295236362,0.0,118,-40.680083107998875,0.0,118,-11.125970180294662,0.0,120,-4.42869626707594,0.0,120,-50.962862268761825,0.0,0.0,0.0,0.0,0.0,0.0,0.0,712.0,712.0,0.0,0.0,712.0,0.0,0.0,712
0.0,0.0,-0.0,0.0,21552.739984369502,712.0,-0.0,0.522452669729947,0.47997237932604736,0.0,799.2,0.0,0.0,1.0,888.0,-0.0,118,-26.642108268071393,0.0,118,-29.081165836373607,0.0,118,-22.592106382844744,0.0,118,-2.284604435747928,0.0,120,-30.221576649551817,0.0,120,-23.981161125184293,0.0,0.0,0.0,0.0,0.0,0.0,0.0,712.0,712.0,0.0,0.0,712.0,0.0,0.0,712
0.0,0.0,-0.0,0.0,20761.628873258393,714.0,-0.0,0.5032756132465128,0.47997237932604736,0.0,799.2,0.0,0.0,1.0,888.0,-0.0,118,-18.44756207297661,0.0,118,-41.25081827514964,0.0,120,-43.35735089121633,0.0,118,-38.74521188258899,0.0,120,-20.016153941018807,0.0,120,-34.575679558230064,0.0,0.0,0.0,0.0,0.0,0.0,0.0,714.0,714.0,0.0,0.0,714.0,0.0,0.0,714
0.0,0.0,-0.0,0.0,19968.29553992506,714.0,-0.0,0.4840446886268892,0.47997237932604736,0.0,799.2,0.0,0.0,1.0,888.0,-0.0,118,-13.972427818252717,0.0,118,-27.23222404595091,0.0,120,-31.0762803348033,0.0,118,-2.9829877251477765,0.0,120,-41.467608526600976,0.0,120,-58.244488488174284,0.0,0.0,0.0,0.0,0.0,0.0,0.0,714.0,714.0,0.0,0.0,714.0,0.0,0.0,714
0.0,0.0,-0.0,0.0,19174.96220659173,714.0,-0.0,0.4648137640072656,0.47997237932604736,0.0,799.2,0.0,0.0,1.0,888.0,-0.0,118,-23.611054307357108,0.0,118,-45.441700675642146,0.0,120,-53.888177671601284,0.0,118,-56.15534131499287,0.0,120,-58.61987659290479,0.0,120,-43.92069784464038,0.0,0.0,0.0,0.0,0.0,0.0,0.0,714.0,714.0,0.0,0.0,714.0,0.0,0.0,714
0.0,0.0,-0.0,0.0,18381.628873258396,714.0,-0.0,0.44558283938764204,0.47997237932604736,0.0,799.2,0.0,0.0,1.0,888.0,-0.0,118,-59.38237669245008,0.0,118,-48.24431128720132,0.0,120,-0.09399210932437008,0.0,118,-45.856193685531025,0.0,120,-57.60028480664262,0.0,120,-11.444740271399578,0.0,0.0,0.0,0.0,0.0,0.0,0.0,714.0,714.0,0.0,0.0,714.0,0.0,0.0,714
0.0,0.0,-0.0,0.0,17588.295539925064,714.0,-0.0,0.4263519147680184,0.47997237932604736,0.0,799.2,0.0,0.0,1.0,888.0,-0.0,118,-45.681743245074905,0.0,118,-48.788116804285806,0.0,120,-4.340931028647798,0.0,118,-2.4935114810689174,0.0,120,-9.979430841777448,0.0,120,-15.575000008060716,0.0,0.0,0.0,0.0,0.0,0.0,0.0,714.0,714.0,0.0,0.0,714.0,0.0,0.0,714
0.0,0.0,-0.0,0.0,16794.962206591732,714.0,-0.0,0.4071209901483948,0.47997237932604736,0.0,799.2,0.0,0.0,1.0,888.0,-0.0,118,-57.68334038281827,0.0,118,-21.90057999792152,0.0,120,-43.00851424825655,0.0,118,-15.470125188865536,0.0,120,-56.41840904130092,0.0,120,-57.10279649607997,0.0,0.0,0.0,0.0,0.0,0.0,0.0,714.0,714.0,0.0,0.0,714.0,0.0,0.0,714
0.0,0.0,-0.0,0.0,16001.628873258398,714.0,-0.0,0.3878900655287712,0.47997237932604736,0.0,799.2,0.0,0.0,1.0,888.0,-0.0,118,-40.76084506074934,0.0,118,-46.94374805515786,0.0,120,-37.103552579078304,0.0,118,-24.44918395989912,0.0,120,-46.12086047621896,0.0,120,-24.139264836664545,0.0,0.0,0.0,0.0,0.0,0.0,0.0,714.0,714.0,0.0,0.0,714.0,0.0,0.0,714
0.0,0.0,-0.0,0.0,15208.295539925064,714.0,-0.0,0.36865914090914753,0.47997237932604736,0.0,799.2,0.0,0.0,1.0,888.0,-0.0,118,-4.844223902892959,0.0,118,-17.14782499051785,0.0,120,-57.996778833355414,0.0,118,-33.911615337970616,0.0,120,-44.57557124707472,0.0,120,-58.32227578330731,0.0,0.0,0.0,0.0,0.0,0.0,0.0,714.0,714.0,0.0,0.0,714.0,0.0,0.0,714
0.0,0.0,-0.0,0.0,14414.96220659173,714.0,-0.0,0.3494282162895239,0.47997237932604736,0.0,799.2,0.0,0.0,1.0,888.0,-0.0,118,-5.3022978265984255,0.0,118,-7.4831518066464024,0.0,120,-50.16771200797193,0.0,118,-57.18160358420466,0.0,120,-38.715514819307856,0.0,120,-3.43489687639853,0.0,0.0,0.0,0.0,0.0,0.0,0.0,714.0,714.0,0.0,0.0,714.0,0.0,0.0,714
0.0,0.0,-0.0,0.0,13621.628873258396,714.0,-0.0,0.3301972916699003,0.47997237932604736,0.0,799.2,0.0,0.0,1.0,888.0,-0.0,118,-14.060861979403152,0.0,118,-57.76890889276423,0.0,120,-40.44692122045779,0.0,118,-54.45060188255663,0.0,120,-22.574295541955365,0.0,120,-51.15288374545725,0.0,0.0,0.0,0.0,0.0,0.0,0.0,714.0,714.0,0.0,0.0,714.0,0.0,0.0,714
0.0,0.0,-0.0,0.0,12828.295539925062,714.0,-0.0,0.31096636705027664,0.47997237932604736,0.0,799.2,0.0,0.0,1.0,888.0,-0.0,118,-38.743229532818674,0.0,118,-23.781411755678732,0.0,120,-54.128645221693986,0.0,118,-35.569195833090966,0.0,120,-14.27661155167528,0.0,120,-12.925098414708284,0.0,0.0,0.0,0.0,0.0,0.0,0.0,714.0,714.0,0.0,0.0,714.0,0.0,0.0,714
0.0,0.0,-0.0,0.0,12034.962206591728,714.0,-0.0,0.291735442430653,0.47997237932604736,0.0,799.2,0.0,0.0,1.0,888.0,-0.0,118,-26.767856224749565,0.0,118,-17.2797605495369,0.0,120,-5.699922841716003,0.0,118,-54.230474813541306,0.0,120,-10.822303432280655,0.0,120,-50.73782483144016,0.0,0.0,0.0,0.0,0.0,0.0,0.0,714.0,714.0,0.0,0.0,714.0,0.0,0.0,714
0.0,0.0,-0.0,0.0,11241.628873258394,714.0,-0.0,0.27250451781102936,0.47997237932604736,0.0,799.2,0.0,0.0,1.0,888.0,-0.0,118,-7.792917105698978,0.0,118,-57.46161132099569,0.0,120,-19.227234504336725,0.0,118,-13.198462323983236,0.0,120,-54.1645461078466,0.0,120,-12.823655847229618,0.0,0.0,0.0,0.0,0.0,0.0,0.0,714.0,714.0,0.0,0.0,714.0,0.0,0.0,714
0.0,0.0,-0.0,0.0,10448.29553992506,714.0,-0.0,0.25327359319140574,0.47997237932604736,0.0,799.2,0.0,0.0,1.0,888.0,-0.0,118,-24.42082884803061,0.0,118,-34.400034242926196,0.0,120,-3.0877601341794736,0.0,118,-48.72974675133579,0.0,120,-11.041871953615129,0.0,120,-44.76867960254967,0.0,0.0,0.0,0.0,0.0,0.0,0.0,714.0,714.0,0.0,0.0,714.0,0.0,0.0,714
0.0,0.0,-0.0,0.0,9654.962206591726,716.0,-0.0,0.23404266857178208,0.47997237932604736,0.0,799.2,0.0,0.0,1.0,888.0,-0.0,118,-15.266781247886314,0.0,120,-37.03509152486244,0.0,120,-37.37254046621986,0.0,118,-15.739261980841505,0.0,120,-42.84626039426961,0.0,120,-8.808603282654202,0.0,0.0,0.0,0.0,0.0,0.0,0.0,716.0,716.0,0.0,0.0,716.0,0.0,0.0,716
0.0,0.0,-0.0,0.0,8859.406651036172,718.0,-0.0,0.21475787581596906,0.47997237932604736,0.0,799.2,0.0,0.0,1.0,888.0,-0.0,120,-22.36447272783404,0.0,120,-8.915672667373414,0.0,120,-19.1168042963096,0.0,118,-25.295288607064613,0.0,120,-21.197305031673185,0.0,120,-37.3757853089877,0.0,0.0,0.0,0.0,0.0,0.0,0.0,718.0,718.0,0.0,0.0,718.0,0.0,0.0,718
0.0,0.0,-0.0,0.0,8061.628873258394,718.0,-0.0,0.1954192149239666,0.47997237932604736,0.0,799.2,0.0,0.0,1.0,888.0,-0.0,120,-58.645465673621416,0.0,120,-20.87290745342678,0.0,120,-58.57835474030304,0.0,118,-58.76078704498239,0.0,120,-53.44635802791871,0.0,120,-53.91463456198888,0.0,0.0,0.0,0.0,0.0,0.0,0.0,718.0,718.0,0.0,0.0,718.0,0.0,0.0,718
0.0,0.0,-0.0,0.0,7263.851095480617,718.0,-0.0,0.17608055403196415,0.47997237932604736,0.0,799.2,0.0,0.0,1.0,888.0,-0.0,120,-56.586300093353536,0.0,120,-46.21574201361124,0.0,120,-21.13685691236918,0.0,118,-37.24772954676614,0.0,120,-23.291427487389154,0.0,120,-21.23939834313152,0.0,0.0,0.0,0.0,0.0,0.0,0.0,718.0,718.0,0.0,0.0,718.0,0.0,0.0,718
0.0,0.0,-0.0,0.0,6466.07331770284,718.0,-0.0,0.1567418931399617,0.47997237932604736,0.0,799.2,0.0,0.0,1.0,888.0,-0.0,120,-7.7744751610230844,0.0,120,-30.250513636105985,0.0,120,-48.209274535075195,0.0,118,-2.2732026444857345,0.0,120,-15.019405155994498,0.0,120,-58.827442005940654,0.0,0.0,0.0,0.0,0.0,0.0,0.0,718.0,718.0,0.0,0.0,718.0,0.0,0.0,718
0.0,0.0,-0.0,0.0,5668.295539925062,718.0,-0.0,0.13740323224795922,0.47997237932604736,0.0,799.2,0.0,0.0,1.0,888.0,-0.0,120,-30.022500414417962,0.0,120,-18.318425003793458,0.0,120,-54.966423928586025,0.0,118,-22.84425040636314,0.0,120,-7.708361642773324,0.0,120,-57.693261813200344,0.0,0.0,0.0,0.0,0.0,0.0,0.0,718.0,718.0,0.0,0.0,718.0,0.0,0.0,718
0.0,0.0,-0.0,0.0,4870.517762147285,718.0,-0.0,0.11806457135595677,0.47997237932604736,0.0,799.2,0.0,0.0,1.0,888.0,-0.0,120,-2.584106733682714,0.0,120,-46.34825100704219,0.0,120,-44.58934856489001,0.0,118,-58.6063288810875,0.0,120,-6.229972838000704,0.0,120,-23.349731437810654,0.0,0.0,0.0,0.0,0.0,0.0,0.0,718.0,718.0,0.0,0.0,718.0,0.0,0.0,718
0.0,0.0,-0.0,0.0,4072.739984369507,718.0,-0.0,0.0987259104639543,0.47997237932604736,0.0,799.2,0.0,0.0,1.0,888.0,-0.0,120,-4.245597771160523,0.0,120,-29.22615861725489,0.0,120,-23.92200045699745,0.0,118,-27.744512741957628,0.0,120,-57.56121027323272,0.0,120,-40.86662698199934,0.0,0.0,0.0,0.0,0.0,0.0,0.0,718.0,718.0,0.0,0.0,718.0,0.0,0.0,718
0.0,0.0,-0.0,0.0,3274.9622065917292,718.0,-0.0,0.07938724957195184,0.47997237932604736,0.0,799.2,0.0,0.0,1.0,888.0,-0.0,120,-9.232294297796908,0.0,120,-27.079527898651,0.0,120,-24.153374624834573,0.0,118,-0.14166248409661852,0.0,120,-19.832844283353065,0.0,120,-7.326405320183895,0.0,0.0,0.0,0.0,0.0,0.0,0.0,718.0,718.0,0.0,0.0,718.0,0.0,0.0,718
0.0,0.0,-0.0,0.0,2477.1844288139514,718.0,-0.0,0.06004858867994937,0.47997237932604736,0.0,799.2,0.0,0.0,1.0,888.0,-0.0,120,-56.1231850296699,0.0,120,-21.244059587373126,0.0,120,-55.82905964446585,0.0,118,-37.018553420331045,0.0,120,-2.3907221123461087,0.0,120,-19.321005756945404,0.0,0.0,0.0,0.0,0.0,0.0,0.0,718.0,718.0,0.0,0.0,718.0,0.0,0.0,718
0.0,0.0,-0.0,0.0,1679.4066510361736,718.0,-0.0,0.0407099277879469,0.47997237932604736,0.0,799.2,0.0,0.0,1.0,888.0,-0.0,120,-41.2261533291853,0.0,120,-7.7730808774249205,0.0,120,-4.9958685810525445,0.0,118,-36.431486266943935,0.0,120,-2.5710968090107977,0.0,120,-19.876606824662854,0.0,0.0,0.0,0.0,0.0,0.0,0.0,718.0,718.0,0.0,0.0,718.0,0.0,0.0,718
0.0,0.0,-0.0,0.0,881.6288732583959,718.0,-0.0,0.021371266895944437,0.47997237932604736,0.0,799.2,0.0,0.0,1.0,888.0,-0.0,120,-22.347896140189725,0.0,120,-44.22297432040441,0.0,120,-39.323545458054596,0.0,118,-17.205396153314755,0.0,120,-14.201693650389862,0.0,120,-35.694303110856005,0.0,0.0,0.0,0.0,0.0,0.0,0.0,718.0,718.0,0.0,0.0,718.0,0.0,0.0,718
0.0,0.0,-0.0,0.0,83.85109548061814,75.46598593255634,-0.0,0.0020326060039419715,0.47997237932604736,308.39857952986694,799.2,0.0,642.5340140674436,1.0,888.0,-570570.2044918899,120,-29.4225163261625,0.0,120,-8.057020067663583,0.0,120,-6.13311081562518,0.0,118,-11.373160983756318,0.0,120,-18.834058990388765,0.0,120,-5.130033020521871,0.0,0.0,0.0,0.0,0.0,-570570.2044918899,-570570.2044918899,718.0,718.0,0.0,0.0,718.0,0.0,0.0,718
0.0,0.0,-0.0,0.0,0.0,0.0,-0.0,0.0,0.47997237932604736,344.620168356102,799.2,0.0,718.0,1.0,888.0,-637584.0,120,-37.46758279277054,0.0,120,-56.81286763008943,0.0,120,-32.44001690580912,0.0,118,-33.341763907613625,0.0,120,-22.072943220872254,0.0,120,-24.400787460221427,0.0,0.0,0.0,0.0,0.0,-637584.0,-637584.0,718.0,718.0,0.0,0.0,718.0,0.0,0.0,718
0.0,0.0,-0.0,0.0,0.0,0.0,-0.0,0.0,0.47997237932604736,344.620168356102,799.2,0.0,718.0,1.0,888.0,-637584.0,120,-11.07381201514535,0.0,120,-36.28343097711612,0.0,120,-47.222666617435195,0.0,118,-39.46603224550488,0.0,120,-52.28171419260075,0.0,120,-19.420009086012037,0.0,0.0,0.0,0.0,0.0,-637584.0,-637584.0,718.0,718.0,0.0,0.0,718.0,0.0,0.0,718
0.0,0.0,-0.0,0.0,0.0,0.0,-0.0,0.0,0.47997237932604736,344.620168356102,799.2,0.0,718.0,1.0,888.0,-637584.0,120,-1.6410843898285377,0.0,120,-39.68142023786275,0.0,120,-42.864804236634626,0.0,118,-43.478349009522375,0.0,120,-37.77025183371438,0.0,120,-10.093164012024548,0.0,0.0,0.0,0.0,0.0,-637584.0,-637584.0,718.0,718.0,0.0,0.0,718.0,0.0,0.0,718
0.0,0.0,-0.0,0.0,0.0,0.0,-0.0,0.0,0.47997237932604736,344.620168356102,799.2,0.0,718.0,1.0,888.0,-637584.0,120,-1.27842992803739,0.0,120,-36.48271717932515,0.0,120,-7.863009443679512,0.0,118,-1.261748596526655,0.0,120,-27.288994031754342,0.0,120,-22.541650873911244,0.0,0.0,0.0,0.0,0.0,-637584.0,-637584.0,718.0,718.0,0.0,0.0,718.0,0.0,0.0,718
0.0,0.0,-0.0,0.0,0.0,0.0,-0.0,0.0,0.47997237932604736,344.620168356102,799.2,0.0,718.0,1.0,888.0,-637584.0,120,-4.017534248152009,0.0,120,-29.49553176946368,0.0,120,-51.93445300403993,0.0,118,-35.944800499054416,0.0,120,-50.12394820319021,0.0,120,-50.93532557090208,0.0,0.0,0.0,0.0,0.0,-637584.0,-637584.0,718.0,718.0,0.0,0.0,718.0,0.0,0.0,718
0.0,0.0,-0.0,0.0,0.0,0.0,-0.0,0.0,0.47997237932604736,344.620168356102,799.2,0.0,718.0,1.0,888.0,-637584.0,120,-50.38350987944544,0.0,120,-1.1534761426743345,0.0,120,-32.74561991653982,0.0,118,-36.60467217789351,0.0,120,-6.058572312338573,0.0,120,-27.20540532565095,0.0,0.0,0.0,0.0,0.0,-637584.0,-637584.0,718.0,718.0,0.0,0.0,718.0,0.0,0.0,718
0.0,0.0,-0.0,0.0,0.0,0.0,-0.0,0.0,0.47997237932604736,344.620168356102,799.2,0.0,718.0,1.0,888.0,-637584.0,120,-30.927437236932057,0.0,120,-22.330060827366683,0.0,120,-53.84406436754055,0.0,118,-23.445269572065467,0.0,120,-54.64373306359856,0.0,120,-56.53660401889232,0.0,0.0,0.0,0.0,0.0,-637584.0,-637584.0,718.0,718.0,0.0,0.0,718.0,0.0,0.0,718
0.0,0.0,-0.0,0.0,0.0,0.0,-0.0,0.0,0.47997237932604736,344.620168356102,799.2,0.0,718.0,1.0,888.0,-637584.0,120,-52.24726144425344,0.0,120,-32.29778478778966,0.0,120,-11.763994326409566,0.0,118,-48.75822518011202,0.0,120,-37.812379248704815,0.0,120,-30.57875064131458,0.0,0.0,0.0,0.0,0.0,-637584.0,-637584.0,718.0,718.0,0.0,0.0,718.0,0.0,0.0,718
0.0,0.0,-0.0,0.0,0.0,0.0,-0.0,0.0,0.47997237932604736,344.620168356102,799.2,0.0,718.0,1.0,888.0,-637584.0,120,-20.82218284014649,0.0,120,-19.442814920335834,0.0,120,-8.433615771305895,0.0,118,-43.41399616983986,0.0,120,-0.5468793749677903,0.0,120,-38.40681665317607,0.0,0.0,0.0,0.0,0.0,-637584.0,-637584.0,718.0,718.0,0.0,0.0,718.0,0.0,0.0,718
0.0,0.0,-0.0,0.0,0.0,0.0,-0.0,0.0,0.47997237932604736,345.5801131147541,799.2,0.0,720.0,1.0,888.0,-639360.0,120,-21.304786985336012,0.0,120,-21.52404192695024,0.0,120,-49.19846348295908,0.0,120,-7.2140973922942075,0.0,120,-58.901311598680095,0.0,120,-46.02364203490849,0.0,0.0,0.0,0.0,0.0,-639360.0,-639360.0,720.0,720.0,0.0,0.0,720.0,0.0,0.0,720
0.0,0.0,-0.0,0.0,0.0,0.0,-0.0,0.0,0.47997237932604736,345.5801131147541,799.2,0.0,720.0,1.0,888.0,-639360.0,120,-2.5807712003691874,0.0,120,-4.03842163186156,0.0,120,-2.080210594441023,0.0,120,-48.94107612186362,0.0,120,-33.79545887674918,0.0,120,-28.932575538580807,0.0,0.0,0.0,0.0,0.0,-639360.0,-639360.0,720.0,720.0,0.0,0.0,720.0,0.0,0.0,720
0.0,0.0,-0.0,0.0,0.0,0.0,-0.0,0.0,0.47997237932604736,345.5801131147541,799.2,0.0,720.0,1.0,888.0,-639360.0,120,-58.440130282313284,0.0,120,-17.720210340903634,0.0,120,-20.701530535459234,0.0,120,-52.346334559845424,0.0,120,-0.8887677081722956,0.0,120,-29.346884424252266,0.0,0.0,0.0,0.0,0.0,-639360.0,-639360.0,720.0,720.0,0.0,0.0,720.0,0.0,0.0,720
0.0,0.0,-0.0,0.0,0.0,0.0,-0.0,0.0,0.47997237932604736,345.5801131147541,799.2,0.0,720.0,1.0,888.0,-639360.0,120,-33.035937483816674,0.0,120,-52.59554919138167,0.0,120,-28.46922662653347,0.0,120,-45.29346500785326,0.0,120,-33.23473267006539,0.0,120,-57.443695082920996,0.0,0.0,0.0,0.0,0.0,-639360.0,-639360.0,720.0,720.0,0.0,0.0,720.0,0.0,0.0,720
0.0,0.0,-0.0,0.0,0.0,0.0,-0.0,0.0,0.47997237932604736,345.5801131147541,799.2,0.0,720.0,1.0,888.0,-639360.0,120,-26.55448234821174,0.0,120,-4.768186959240957,0.0,120,-34.89332281680997,0.0,120,-27.615660699268066,0.0,120,-23.812671750135287,0.0,120,-20.276563498990555,0.0,0.0,0.0,0.0,0.0,-639360.0,-639360.0,720.0,720.0,0.0,0.0,720.0,0.0,0.0,720
0.0,0.0,-0.0,0.0,0.0,0.0,-0.0,0.0,0.47997237932604736,345.5801131147541,799.2,0.0,720.0,1.0,888.0,-639360.0,120,-7.781491513937013,0.0,120,-39.49869078696312,0.0,120,-4.638438983162363,0.0,120,-16.081571672459233,0.0,120,-1.9193136723102877,0.0,120,-7.436411105861853,0.0,0.0,0.0,0.0,0.0,-639360.0,-639360.0,720.0,720.0,0.0,0.0,720.0,0.0,0.0,720
0.0,0.0,-0.0,0.0,0.0,0.0,-0.0,0.0,0.47997237932604736,345.5801131147541,799.2,0.0,720.0,1.0,888.0,-639360.0,120,-46.638080512894824,0.0,120,-22.139686306089306,0.0,120,-18.605713148786474,0.0,120,-50.763346428626726,0.0,120,-25.48073271088611,0.0,120,-13.4679616720868,0.0,0.0,0.0,0.0,0.0,-639360.0,-639360.0,720.0,720.0,0.0,0.0,720.0,0.0,0.0,720
0.0,0.0,-0.0,0.0,0.0,0.0,-0.0,0.0,0.47997237932604736,345.5801131147541,799.2,0.0,720.0,1.0,888.0,-639360.0,120,-36.67634131484801,0.0,120,-48.47578563960071,0.0,120,-20.851861350790703,0.0,120,-8.229185494946057,0.0,120,-20.018810608631977,0.0,120,-43.69836463664564,0.0,0.0,0.0,0.0,0.0,-639360.0,-639360.0,720.0,720.0,0.0,0.0,720.0,0.0,0.0,720
0.0,0.0,-0.0,0.0,0.0,0.0,-0.0,0.0,0.47997237932604736,345.5801131147541,799.2,0.0,720.0,1.0,888.0,-639360.0,120,-3.2929017977612562,0.0,120,-56.88262280531389,0.0,120,-13.819171431030101,0.0,120,-5.691023616985074,0.0,120,-22.45704336990272,0.0,120,-55.10533115241694,0.0,0.0,0.0,0.0,0.0,-639360.0,-639360.0,720.0,720.0,0.0,0.0,720.0,0.0,0.0,720
0.0,0.0,-0.0,0.0,0.0,0.0,-0.0,0.0,0.47997237932604736,345.5801131147541,799.2,0.0,720.0,1.0,888.0,-639360.0,120,-28.21733638985473,0.0,120,-41.72295083918858,0.0,120,-38.83100783108719,0.0,120,-36.90428944465473,0.0,120,-1.8104169929724256,0.0,120,-40.124492729838025,0.0,0.0,0.0,0.0,0.0,-639360.0,-639360.0,720.0,720.0,0.0,0.0,720.0,0.0,0.0,720
0.0,0.0,-0.0,0.0,0.0,0.0,-0.0,0.0,0.47997237932604736,345.5801131147541,799.2,0.0,720.0,1.0,888.0,-639360.0,120,-1.6310379379619255,0.0,120,-12.472751804669658,0.0,120,-29.86146677726722,0.0,120,-0.9119992053656678,0.0,120,-43.27309712835445,0.0,120,-52.74194903683965,0.0,0.0,0.0,0.0,0.0,-639360.0,-639360.0,720.0,720.0,0.0,0.0,720.0,0.0,0.0,720
0.0,0.0,-0.0,0.0,0.0,0.0,-0.0,0.0,0.47997237932604736,345.5801131147541,799.2,0.0,720.0,1.0,888.0,-639360.0,120,-23.38462696703741,0.0,120,-50.00541719566036,0.0,120,-43.62055777899066,0.0,120,-46.580838853689166,0.0,120,-31.211891019525893,0.0,120,-57.19108694221058,0.0,0.0,0.0,0.0,0.0,-639360.0,-639360.0,720.0,720.0,0.0,0.0,720.0,0.0,0.0,720
0.0,0.0,-0.0,0.0,0.0,0.0,-0.0,0.0,0.47997237932604736,345.5801131147541,799.2,0.0,720.0,1.0,888.0,-639360.0,120,-50.9611204404895,0.0,120,-18.734734263147846,0.0,120,-1.699239086892137,0.0,120,-20.982008283858534,0.0,120,-47.20415040532292,0.0,120,-3.9893420804382096,0.0,0.0,0.0,0.0,0.0,-639360.0,-639360.0,720.0,720.0,0.0,0.0,720.0,0.0,0.0,720
0.0,0.0,-0.0,0.0,0.0,0.0,-0.0,0.0,0.47997237932604736,345.5801131147541,799.2,0.0,720.0,1.0,888.0,-639360.0,120,-35.99361337483699,0.0,120,-32.96754578588075,0.0,120,-47.9151160085836,0.0,120,-45.86630398748472,0.0,120,-31.73476453091884,0.0,120,-28.766191978299393,0.0,0.0,0.0,0.0,0.0,-639360.0,-639360.0,720.0,720.0,0.0,0.0,720.0,0.0,0.0,720
0.0,0.0,-0.0,0.0,0.0,0.0,-0.0,0.0,0.47997237932604736,345.5801131147541,799.2,0.0,720.0,1.0,888.0,-639360.0,120,-29.589613354830465,0.0,120,-34.85592304117502,0.0,120,-21.215996879208888,0.0,120,-45.077581036514346,0.0,120,-10.778826422061902,0.0,120,-54.02604165038191,0.0,0.0,0.0,0.0,0.0,-639360.0,-639360.0,720.0,720.0,0.0,0.0,720.0,0.0,0.0,720
0.0,0.0,-0.0,0.0,0.0,0.0,-0.0,0.0,0.47997237932604736,345.5801131147541,799.2,0.0,720.0,1.0,888.0,-639360.0,120,-21.567577260373504,0.0,120,-29.242998934935333,0.0,120,-17.41079785881146,0.0,120,-23.687674028702336,0.0,120,-8.193759002442107,0.0,120,-53.558794371223016,0.0,0.0,0.0,0.0,0.0,-639360.0,-639360.0,720.0,720.0,0.0,0.0,720.0,0.0,0.0,720
0.0,0.0,-0.0,0.0,0.0,0.0,-0.0,0.0,0.47997237932604736,345.5801131147541,799.2,0.0,720.0,1.0,888.0,-639360.0,120,-33.47081888575678,0.0,120,-1.46662028338574,0.0,120,-34.04790306089222,0.0,120,-19.3984373342418,0.0,120,-28.62230153752887,0.0,120,-43.38064471739351,0.0,0.0,0.0,0.0,0.0,-639360.0,-639360.0,720.0,720.0,0.0,0.0,720.0,0.0,0.0,720
0.0,0.0,-0.0,0.0,0.0,0.0,-0.0,0.0,0.47997237932604736,345.5801131147541,799.2,0.0,720.0,1.0,888.0,-639360.0,120,-39.69088592349783,0.0,120,-8.549170236805496,0.0,120,-8.59089811883289,0.0,120,-22.090777537462134,0.0,120,-49.74398924147993,0.0,120,-0.03574262719799215,0.0,0.0,0.0,0.0,0.0,-639360.0,-639360.0,720.0,720.0,0.0,0.0,720.0,0.0,0.0,720
0.0,0.0,-0.0,0.0,0.0,0.0,-0.0,0.0,0.47997237932604736,345.5801131147541,799.2,0.0,720.0,1.0,888.0,-639360.0,120,-51.360219023205325,0.0,120,-48.66611376857205,0.0,120,-27.15532738332287,0.0,120,-22.21445732842941,0.0,120,-43.374895417241724,0.0,120,-46.88925624565284,0.0,0.0,0.0,0.0,0.0,-639360.0,-639360.0,720.0,720.0,0.0,0.0,720.0,0.0,0.0,720
0.0,0.0,-0.0,0.0,0.0,0.0,-0.0,0.0,0.47997237932604736,345.5801131147541,799.2,0.0,720.0,1.0,888.0,-639360.0,120,-2.0575831735581107,0.0,120,-1.0087356082825827,0.0,120,-29.312285939442667,0.0,120,-42.85105084878266,0.0,120,-15.791674741286624,0.0,120,-0.8602566717021309,0.0,0.0,0.0,0.0,0.0,-639360.0,-639360.0,720.0,720.0,0.0,0.0,720.0,0.0,0.0,720
0.0,0.0,-0.0,0.0,0.0,0.0,-0.0,0.0,0.47997237932604736,345.5801131147541,799.2,0.0,720.0,1.0,888.0,-639360.0,120,-35.71696092460217,0.0,120,-11.90668346047463,0.0,120,-35.60183872404506,0.0,120,-59.700792539255886,0.0,120,-4.076824991287649,0.0,120,-46.6888530798016,0.0,0.0,0.0,0.0,0.0,-639360.0,-639360.0,720.0,720.0,0.0,0.0,720.0,0.0,0.0,720
0.0,0.0,-0.0,0.0,0.0,0.0,-0.0,0.0,0.47997237932604736,345.5801131147541,799.2,0.0,720.0,1.0,888.0,-639360.0,120,-12.28255778622347,0.0,120,-56.44569163315664,0.0,120,-38.9239412299391,0.0,120,-21.6119165599829,0.0,120,-56.04016826857683,0.0,120,-42.25800727965469,0.0,0.0,0.0,0.0,0.0,-639360.0,-639360.0,720.0,720.0,0.0,0.0,720.0,0.0,0.0,720
0.0,0.0,-0.0,0.0,0.0,0.0,-0.0,0.0,0.47997237932604736,345.5801131147541,799.2,0.0,720.0,1.0,888.0,-639360.0,120,-29.16207310342552,0.0,120,-11.53215280463209,0.0,120,-57.58076495872225,0.0,120,-14.945805977036065,0.0,120,-47.120620679749116,0.0,120,-37.13630490526639,0.0,0.0,0.0,0.0,0.0,-639360.0,-639360.0,720.0,720.0,0.0,0.0,720.0,0.0,0.0,720
0.0,0.0,-0.0,0.0,0.0,0.0,-0.0,0.0,0.47997237932604736,345.5801131147541,799.2,0.0,720.0,1.0,888.0,-639360.0,120,-16.090743403128208,0.0,120,-57.02427383651556,0.0,120,-18.846794721965665,0.0,120,-5.684665425579764,0.0,120,-50.14494808972997,0.0,120,-48.981200883979426,0.0,0.0,0.0,0.0,0.0,-639360.0,-639360.0,720.0,720.0,0.0,0.0,720.0,0.0,0.0,720
0.0,0.0,-0.0,0.0,0.0,0.0,-0.0,0.0,0.47997237932604736,345.5801131147541,799.2,0.0,720.0,1.0,888.0,-639360.0,120,-33.25867121940167,0.0,120,-23.58923211502081,0.0,120,-48.98791164376904,0.0,120,-21.914066756418865,0.0,120,-38.580693280277316,0.0,120,-7.355476103867574,0.0,0.0,0.0,0.0,0.0,-639360.0,-639360.0,720.0,720.0,0.0,0.0,720.0,0.0,0.0,720
0.0,0.0,-0.0,0.0,0.0,0.0,-0.0,0.0,0.47997237932604736,345.5801131147541,799.2,0.0,720.0,1.0,888.0,-639360.0,120,-31.196337039121513,0.0,120,-13.687461480791978,0.0,120,-8.765360606665881,0.0,120,-22.034447021296977,0.0,120,-54.1198321224756,0.0,120,-20.254974720771358,0.0,0.0,0.0,0.0,0.0,-639360.0,-639360.0,720.0,720.0,0.0,0.0,720.0,0.0,0.0,720
362.27222203446536,0.0,-3622.7222203446536,0.0,0.0,0.0,-0.0,0.0,0.47997237932604736,171.651139137255,799.2,0.0,357.6271188318768,1.0,888.0,-317572.88152270665,120,-8.834988468113334,0.0,120,-24.763254545645587,0.0,120,-56.52011535436144,0.0,120,-15.468009640331887,0.0,120,-32.233964603216606,0.0,120,-17.89080735820065,0.0,0.0,0.100659133657812,0.100659133657812,0.0,-321195.6037430513,-321195.6037430513,720.0,720.0,362.3728811681232,0.0,357.6271188318768,0.0,0.0,720
362.27222203446536,0.0,-3622.7222203446536,0.0,0.0,0.0,-0.0,0.0,0.47997237932604736,171.651139137255,799.2,0.0,357.6271188318768,1.0,888.0,-317572.88152270665,120,-42.196229991557956,0.0,120,-0.5303965318532411,0.0,120,-10.454164273054241,0.0,120,-36.896552255707874,0.0,120,-45.44407936946005,0.0,120,-18.014547954554537,0.0,0.0,0.100659133657812,0.100659133657812,0.0,-321195.6037430513,-321195.6037430513,720.0,720.0,362.3728811681232,0.0,357.6271188318768,0.0,0.0,720
362.27222203446536,0.0,-3622.7222203446536,0.0,0.0,0.0,-0.0,0.0,0.47997237932604736,171.651139137255,799.2,0.0,357.6271188318768,1.0,888.0,-317572.88152270665,120,-19.646544196310714,0.0,120,-42.46653537357424,0.0,120,-45.41594148935816,0.0,120,-22.56670333410725,0.0,120,-15.219659583383553,0.0,120,-16.131947008106916,0.0,0.0,0.100659133657812,0.100659133657812,0.0,-321195.6037430513,-321195.6037430513,720.0,720.0,362.3728811681232,0.0,357.6271188318768,0.0,0.0,720
362.27222203446536,0.0,-3622.7222203446536,0.0,0.0,0.0,-0.0,0.0,0.47997237932604736,171.651139137255,799.2,0.0,357.6271188318768,1.0,888.0,-317572.88152270665,120,-18.146390477487436,0.0,120,-11.632901601787292,0.0,120,-21.501699648328543,0.0,120,-54.368817184460866,0.0,120,-9.484262298861758,0.0,120,-0.24099760640377887,0.0,0.0,0.100659133657812,0.100659133657812,0.0,-321195.6037430513,-321195.6037430513,720.0,720.0,362.3728811681232,0.0,357.6271188318768,0.0,0.0,720
362.27222203446536,0.0,-3622.7222203446536,0.0,0.0,0.0,-0.0,0.0,0.47997237932604736,171.651139137255,799.2,0.0,357.6271188318768,1.0,888.0,-317572.88152270665,120,-9.332009877193874,0.0,120,-0.14642935109095756,0.0,120,-27.462142304402022,0.0,120,-0.572521766792502,0.0,120,-24.65590548228127,0.0,120,-18.78192516216901,0.0,0.0,0.100659133657812,0.100659133657812,0.0,-321195.6037430513,-321195.6037430513,720.0,720.0,362.3728811681232,0.0,357.6271188318768,0.0,0.0,720
362.27222203446536,0.0,-3622.7222203446536,0.0,0.0,0.0,-0.0,0.0,0.47997237932604736,171.651139137255,799.2,0.0,357.6271188318768,1.0,888.0,-317572.88152270665,120,-58.898497481912905,0.0,120,-34.12445643781914,0.0,120,-28.600519314977483,0.0,120,-56.838707338985245,0.0,120,-41.52925460520005,0.0,120,-12.55808439122503,0.0,0.0,0.100659133657812,0.100659133657812,0.0,-321195.6037430513,-321195.6037430513,720.0,720.0,362.3728811681232,0.0,357.6271188318768,0.0,0.0,720
1046.314975603796,0.0,-10463.149756037961,326.60569940918754,0.0,0.0,-0.0,0.0,0.47997237932604736,0.0,799.2,0.0,0.0,1.0,888.0,-0.0,120,-39.22702862943374,0.0,120,-23.682711024460307,0.0,120,-55.675151070524024,0.0,120,-31.338759898615937,0.0,120,-22.825740464521722,0.0,120,-15.603642171811407,0.0,0.0,0.290723805391441,0.290723805391441,0.0,-10463.149756037961,-10463.149756037961,1046.6056994091875,1046.6056994091875,1046.6056994091875,0.0,0.0,326.60569940918754,0.0,720
1046.314975603796,0.0,-10463.149756037961,326.60569940918754,293.9451294682688,0.0,-0.0,0.007125424319886282,0.47997237932604736,0.0,799.2,0.0,0.0,1.0,888.0,-0.0,120,-22.40078275943594,0.0,120,-57.71610740949732,0.0,120,-33.6016474492511,0.0,120,-34.70972182548251,0.0,120,-5.177584579238812,0.0,120,-50.47791497832584,0.0,0.0,0.290723805391441,0.290723805391441,0.0,-10463.149756037961,-10463.149756037961,1046.6056994091875,1046.6056994091875,1046.6056994091875,0.0,0.0,326.60569940918754,0.0,720
1046.314975603796,0.0,-10463.149756037961,326.60569940918754,587.8902589365376,0.0,-0.0,0.014250848639772565,0.47997237932604736,0.0,799.2,0.0,0.0,1.0,888.0,-0.0,120,-51.469270827363886,0.0,120,-0.4056706173234148,0.0,120,-1.250467095758221,0.0,120,-5.007994676301353,0.0,120,-35.6109702275418,0.0,120,-21.306026123476173,0.0,0.0,0.290723805391441,0.290723805391441,0.0,-10463.149756037961,-10463.149756037961,1046.6056994091875,1046.6056994091875,1046.6056994091875,0.0,0.0,326.60569940918754,0.0,720
1046.314975603796,0.0,-10463.149756037961,326.60569940918754,881.8353884048065,0.0,-0.0,0.02137627295965885,0.47997237932604736,0.0,799.2,0.0,0.0,1.0,888.0,-0.0,120,-26.96746201428326,0.0,120,-33.857297371227375,0.0,120,-56.42340001824706,0.0,120,-59.21638324110424,0.0,120,-57.98155530847181,0.0,120,-46.805088667016335,0.0,0.0,0.290723805391441,0.290723805391441,0.0,-10463.149756037961,-10463.149756037961,1046.6056994091875,1046.6056994091875,1046.6056994091875,0.0,0.0,326.60569940918754,0.0,720
1046.314975603796,0.0,-10463.149756037961,326.60569940918754,1175.7805178730753,0.0,-0.0,0.02850169727954513,0.47997237932604736,0.0,799.2,0.0,0.0,1.0,888.0,-0.0,120,-49.17442221826835,0.0,120,-37.042634728248224,0.0,120,-36.215304534381744,0.0,120,-44.47744737295357,0.0,120,-53.876945801594516,0.0,120,-40.55756102001417,0.0,0.0,0.290723805391441,0.290723805391441,0.0,-10463.149756037961,-10463.149756037961,1046.6056994091875,1046.6056994091875,1046.6056994091875,0.0,0.0,326.60569940918754,0.0,720
1046.314975603796,0.0,-10463.149756037961,326.60569940918754,1469.725647341344,0.0,-0.0,0.03562712159943141,0.47997237932604736,0.0,799.2,0.0,0.0,1.0,888.0,-0.0,120,-55.70024296860183,0.0,120,-49.934919509933536,0.0,120,-23.58496525211282,0.0,120,-37.92561318497163,0.0,120,-6.045841982511053,0.0,120,-56.82621539668163,0.0,0.0,0.290723805391441,0.290723805391441,0.0,-10463.149756037961,-10463.149756037961,1046.6056994091875,1046.6056994091875,1046.6056994091875,0.0,0.0,326.60569940918754,0.0,720
1620.9397635049904,0.0,-16209.397635049903,901.3901496576732,1763.6707768096128,0.0,-0.0,0.042752545919317694,0.47997237932604736,0.0,799.2,0.0,0.0,1.0,888.0,-0.0,120,-45.710390777254574,0.0,120,-58.57770292141896,0.0,120,-17.471588087862788,0.0,120,-17.82722093480903,0.0,120,-30.904944537544644,0.0,120,-38.848681414025044,0.0,0.0,0.450386152682687,0.450386152682687,0.0,-16209.397635049903,-16209.397635049903,1621.3901496576732,1621.3901496576732,1621.3901496576732,0.0,0.0,901.3901496576732,0.0,720
1620.9397635049904,0.0,-16209.397635049903,901.3901496576732,2574.9219115015185,0.0,-0.0,0.06241780989265068,0.47997237932604736,0.0,799.2,0.0,0.0,1.0,888.0,-0.0,120,-11.151511282854464,0.0,120,-52.745419908437384,0.0,120,-59.25087692112683,0.0,120,-46.17724096862559,0.0,120,-27.289971472850123,0.0,120,-43.93689351344645,0.0,0.0,0.450386152682687,0.450386152682687,0.0,-16209.397635049903,-16209.397635049903,1621.3901496576732,1621.3901496576732,1621.3901496576732,0.0,0.0,901.3901496576732,0.0,720
1620.9397635049904,0.0,-16209.397635049903,901.3901496576732,3386.1730461934244,0.0,-0.0,0.08208307386598367,0.47997237932604736,0.0,799.2,0.0,0.0,1.0,888.0,-0.0,120,-7.226094439094275,0.0,120,-25.70028340589747,0.0,120,-55.889827630689545,0.0,120,-27.802880176434964,0.0,120,-31.609585837811483,0.0,120,-7.882364660723741,0.0,0.0,0.450386152682687,0.450386152682687,0.0,-16209.397635049903,-16209.397635049903,1621.3901496576732,1621.3901496576732,1621.3901496576732,0.0,0.0,901.3901496576732,0.0,720
1620.9397635049904,0.0,-16209.397635049903,901.3901496576732,4197.42418088533,0.0,-0.0,0.10174833783931667,0.47997237932604736,0.0,799.2,0.0,0.0,1.0,888.0,-0.0,120,-31.38877951687015,0.0,120,-4.885930768927307,0.0,120,-28.682763953501652,0.0,120,-38.65573299923894,0.0,120,-26.477831122489015,0.0,120,-16.96772239250412,0.0,0.0,0.450386152682687,0.450386152682687,0.0,-16209.397635049903,-16209.397635049903,1621.3901496576732,1621.3901496576732,1621.3901496576732,0.0,0.0,901.3901496576732,0.0,720
1620.9397635049904,0.0,-16209.397635049903,901.3901496576732,5008.675315577237,0.0,-0.0,0.12141360181264967,0.47997237932604736,0.0,799.2,0.0,0.0,1.0,888.0,-0.0,120,-36.47562471279418,0.0,120,-25.717676705611524,0.0,120,-30.487990938255557,0.0,120,-28.013867475843224,0.0,120,-33.57728193401488,0.0,120,-27.521486878375974,0.0,0.0,0.450386152682687,0.450386152682687,0.0,-16209.397635049903,-16209.397635049903,1621.3901496576732,1621.3901496576732,1621.3901496576732,0.0,0.0,901.3901496576732,0.0,720
1620.9397635049904,0.0,-16209.397635049903,901.3901496576732,5819.926450269142,0.0,-0.0,0.14107886578598264,0.47997237932604736,0.0,799.2,0.0,0.0,1.0,888.0,-0.0,120,-17.97115255191328,0.0,120,-9.35251840850502,0.0,120,-24.70466344471115,0.0,120,-40.38881086386093,0.0,120,-53.431108468693445,0.0,120,-57.931874197052814,0.0,0.0,0.450386152682687,0.450386152682687,0.0,-16209.397635049903,-16209.397635049903,1621.3901496576732,1621.3901496576732,1621.3901496576732,0.0,0.0,901.3901496576732,0.0,720
1974.7633363709424,0.0,-19747.633363709425,1255.3120341582085,6631.177584961048,0.0,-0.0,0.16074412975931562,0.47997237932604736,0.0,799.2,0.0,0.0,1.0,888.0,-0.0,120,-52.283975223233625,0.0,120,-39.10815065327104,0.0,120,-13.485641540979747,0.0,120,-3.782441568786359,0.0,120,-53.134467209445766,0.0,120,-10.827593094114834,0.0,0.0,0.548697787266169,0.548697787266169,0.0,-19747.633363709425,-19747.633363709425,1975.3120341582085,1975.3120341582085,1975.3120341582085,0.0,0.0,1255.3120341582085,0.0,720
1974.7633363709424,0.0,-19747.633363709425,1255.3120341582085,7760.958415703435,0.0,-0.0,0.18813076420389874,0.47997237932604736,0.0,799.2,0.0,0.0,1.0,888.0,-0.0,120,-57.96003831493491,0.0,120,-52.18701541158071,0.0,120,-57.958401618130246,0.0,120,-44.510164317427574,0.0,120,-45.23395847717941,0.0,120,-47.039845895040926,0.0,0.0,0.548697787266169,0.548697787266169,0.0,-19747.633363709425,-19747.633363709425,1975.3120341582085,1975.3120341582085,1975.3120341582085,0.0,0.0,1255.3120341582085,0.0,720
1974.7633363709424,0.0,-19747.633363709425,1255.3120341582085,8890.739246445823,0.0,-0.0,0.21551739864848188,0.47997237932604736,0.0,799.2,0.0,0.0,1.0,888.0,-0.0,120,-18.325672934861416,0.0,120,-23.31813407554481,0.0,120,-47.54512985406172,0.0,120,-32.40319190474669,0.0,120,-6.238921495247293,0.0,120,-54.27199417270208,0.0,0.0,0.548697787266169,0.548697787266169,0.0,-19747.633363709425,-19747.633363709425,1975.3120341582085,1975.3120341582085,1975.3120341582085,0.0,0.0,1255.3120341582085,0.0,720
1974.7633363709424,0.0,-19747.633363709425,1255.3120341582085,10020.52007718821,0.0,-0.0,0.242904033093065,0.47997237932604736,0.0,799.2,0.0,0.0,1.0,888.0,-0.0,120,-23.01000686700259,0.0,120,-2.579338054453739,0.0,120,-17.96466222801342,0.0,120,-20.699382406286276,0.0,120,-53.106163760973295,0.0,120,-46.275065022244995,0.0,0.0,0.548697787266169,0.548697787266169,0.0,-19747.633363709425,-19747.633363709425,1975.3120341582085,1975.3120341582085,1975.3120341582085,0.0,0.0,1255.3120341582085,0.0,720
1974.7633363709424,0.0,-19747.633363709425,1255.3120341582085,11150.300907930598,0.0,-0.0,0.27029066753764813,0.47997237932604736,0.0,799.2,0.0,0.0,1.0,888.0,-0.0,120,-36.841615535565914,0.0,120,-31.638676026955782,0.0,120,-38.294378390993515,0.0,120,-13.631711969711644,0.0,120,-57.20329042300692,0.0,120,-31.84975492217115,0.0,0.0,0.548697787266169,0.548697787266169,0.0,-19747.633363709425,-19747.633363709425,1975.3120341582085,1975.3120341582085,1975.3120341582085,0.0,0.0,1255.3120341582085,0.0,720
1974.7633363709424,0.0,-19747.633363709425,1255.3120341582085,12280.081738672985,0.0,-0.0,0.29767730198223125,0.47997237932604736,0.0,799.2,0.0,0.0,1.0,888.0,-0.0,120,-36.899631150514686,0.0,120,-11.742493191794223,0.0,120,-32.7780748953376,0.0,120,-45.83527168468911,0.0,120,-39.614385885807444,0.0,120,-41.99420376286915,0.0,0.0,0.548697787266169,0.548697787266169,0.0,-19747.633363709425,-19747.633363709425,1975.3120341582085,1975.3120341582085,1975.3120341582085,0.0,0.0,1255.3120341582085,0.0,720
2121.4997760717783,0.0,-21214.997760717783,1402.0892453065858,13409.862569415372,0.0,-0.0,0.32506393642681436,0.47997237932604736,0.0,799.2,0.0,0.0,1.0,888.0,-0.0,120,-53.092213080322416,0.0,120,-7.542399780834305,0.0,120,-31.58801183797711,0.0,120,-48.17974279071711,0.0,120,-28.58548885429239,0.0,120,-39.5678573491307,0.0,0.0,0.589469234807385,0.589469234807385,0.0,-21214.997760717783,-21214.997760717783,2122.089245306586,2122.089245306586,2122.089245306586,0.0,0.0,1402.0892453065858,0.0,720
2121.4997760717783,0.0,-21214.997760717783,1402.0892453065858,14671.742890191299,0.0,-0.0,0.3556527498652534,0.47997237932604736,0.0,799.2,0.0,0.0,1.0,888.0,-0.0,120,-22.547401807274635,0.0,120,-44.041860314957916,0.0,120,-33.568857185555686,0.0,120,-35.5243224116588,0.0,120,-35.52679283565659,0.0,120,-11.980048319786532,0.0,0.0,0.589469234807385,0.589469234807385,0.0,-21214.997760717783,-21214.997760717783,2122.089245306586,2122.089245306586,2122.089245306586,0.0,0.0,1402.0892453065858,0.0,720
2121.4997760717783,0.0,-21214.997760717783,1402.0892453065858,15933.623210967226,0.0,-0.0,0.38624156330369247,0.47997237932604736,0.0,799.2,0.0,0.0,1.0,888.0,-0.0,120,-9.747559394534859,0.0,120,-28.670106827084897,0.0,120,-59.38148271471442,0.0,120,-31.75209143325981,0.0,120,-10.76416881003074,0.0,120,-11.386289695985052,0.0,0.0,0.589469234807385,0.589469234807385,0.0,-21214.997760717783,-21214.997760717783,2122.089245306586,2122.089245306586,2122.089245306586,0.0,0.0,1402.0892453065858,0.0,720
2121.4997760717783,0.0,-21214.997760717783,1402.0892453065858,17195.503531743154,0.0,-0.0,0.4168303767421316,0.47997237932604736,0.0,799.2,0.0,0.0,1.0,888.0,-0.0,120,-6.149609629478727,0.0,120,-16.464875145223754,0.0,120,-15.822043722307583,0.0,120,-43.643059326623174,0.0,120,-15.593246119817222,0.0,120,-29.49032551611709,0.0,0.0,0.589469234807385,0.589469234807385,0.0,-21214.997760717783,-21214.997760717783,2122.089245306586,2122.089245306586,2122.089245306586,0.0,0.0,1402.0892453065858,0.0,720
2121.4997760717783,0.0,-21214.997760717783,1402.0892453065858,18457.38385251908,0.0,-0.0,0.44741919018057064,0.47997237932604736,0.0,799.2,0.0,0.0,1.0,888.0,-0.0,120,-45.06871739890581,0.0,120,-51.140785489627795,0.0,120,-59.12506441649144,0.0,120,-2.6241596557769165,0.0,120,-0.2088473287701187,0.0,120,-11.074564416731238,0.0,0.0,0.589469234807385,0.589469234807385,0.0,-21214.997760717783,-21214.997760717783,2122.089245306586,2122.089245306586,2122.089245306586,0.0,0.0,1402.0892453065858,0.0,720
2121.4997760717783,0.0,-21214.997760717783,1402.0892453065858,19719.264173295007,0.0,-0.0,0.4780080036190097,0.47997237932604736,0.0,799.2,0.0,0.0,1.0,888.0,-0.0,120,-29.691690561638847,0.0,120,-6.9780852068392685,0.0,120,-6.631985406416721,0.0,120,-14.999024647258548,0.0,120,-4.695838359341131,0.0,120,-44.20922172375411,0.0,0.0,0.589469234807385,0.589469234807385,0.0,-21214.997760717783,-21214.997760717783,2122.089245306586,2122.089245306586,2122.089245306586,0.0,0.0,1402.0892453065858,0.0,720
2023.6853468064658,0.0,-20236.85346806466,1304.2476378169704,20981.144494070933,0.0,-0.0,0.5085968170574487,0.47997237932604736,0.0,799.2,0.0,0.0,1.0,888.0,-0.0,120,-17.409877781973677,0.0,120,-24.341564863713423,0.0,120,-5.472123531089954,0.0,120,-54.210855552934255,0.0,120,-1.9636340025632193,0.0,120,-34.836189176351745,0.0,0.0,0.562291010504714,0.562291010504714,0.0,-20236.85346806466,-20236.85346806466,2024.2476378169704,2024.2476378169704,2024.2476378169704,0.0,0.0,1304.2476378169704,0.0,720
2023.6853468064658,0.0,-20236.85346806466,1304.2476378169704,22154.967368106205,0.0,-0.0,0.5370510597558046,0.47997237932604736,0.0,799.2,0.0,0.0,1.0,888.0,-0.0,120,-28.75236098593913,0.0,120,-40.227383994744464,0.0,120,-30.444581104865804,0.0,120,-48.61843699217125,0.0,120,-1.8931603712192024,0.0,120,-27.046754377116347,0.0,0.0,0.562291010504714,0.562291010504714,0.0,-20236.85346806466,-20236.85346806466,2024.2476378169704,2024.2476378169704,2024.2476378169704,0.0,0.0,1304.2476378169704,0.0,720
2023.6853468064658,0.0,-20236.85346806466,1304.2476378169704,23328.790242141476,0.0,-0.0,0.5655053024541603,0.47997237932604736,0.0,799.2,0.0,0.0,1.0,888.0,-0.0,120,-7.62562258394224,0.0,120,-28.048238353635465,0.0,120,-26.993870245857416,0.0,120,-59.00771546971659,0.0,120,-50.93061949794056,0.0,120,-0.6938405698798245,0.0,0.0,0.562291010504714,0.562291010504714,0.0,-20236.85346806466,-20236.85346806466,2024.2476378169704,2024.2476378169704,2024.2476378169704,0.0,0.0,1304.2476378169704,0.0,720
2023.6853468064658,0.0,-20236.85346806466,1304.2476378169704,24502.613116176748,0.0,-0.0,0.5939595451525161,0.47997237932604736,0.0,799.2,0.0,0.0,1.0,888.0,-0.0,120,-14.65935187462297,0.0,120,-32.083491467228065,0.0,120,-39.68270689467917,0.0,120,-17.711242300603118,0.0,120,-1.4385348407040532,0.0,120,-20.101176507994857,0.0,0.0,0.562291010504714,0.562291010504714,0.0,-20236.85346806466,-20236.85346806466,2024.2476378169704,2024.2476378169704,2024.2476378169704,0.0,0.0,1304.2476378169704,0.0,720
2023.6853468064658,0.0,-20236.85346806466,1304.2476378169704,25676.43599021202,0.0,-0.0,0.622413787850872,0.47997237932604736,0.0,799.2,0.0,0.0,1.0,888.0,-0.0,120,-48.904850898849666,0.0,120,-24.108212426236644,0.0,120,-35.286273603845174,0.0,120,-31.783967875960062,0.0,120,-29.459065634610294,0.0,120,-21.68344665554889,0.0,0.0,0.562291010504714,0.562291010504714,0.0,-20236.85346806466,-20236.85346806466,2024.2476378169704,2024.2476378169704,2024.2476378169704,0.0,0.0,1304.2476378169704,0.0,720
2023.6853468064658,0.0,-20236.85346806466,1304.2476378169704,26850.25886424729,0.0,-0.0,0.6508680305492277,0.47997237932604736,0.0,799.2,0.0,0.0,1.0,888.0,-0.0,120,-39.77359842617167,0.0,120,-12.013911385439307,0.0,120,-8.325039174489381,0.0,120,-42.438244427089195,0.0,120,-51.90172018666349,0.0,120,-18.490874682963316,0.0,0.0,0.562291010504714,0.562291010504714,0.0,-20236.85346806466,-20236.85346806466,2024.2476378169704,2024.2476378169704,2024.2476378169704,0.0,0.0,1304.2476378169704,0.0,720
1720.4782694039513,0.0,-17204.782694039513,1000.9563128241803,28024.081738282563,0.0,-0.0,0.6793222732475835,0.47997237932604736,0.0,799.2,0.0,0.0,1.0,888.0,-0.0,120,-38.14999758016262,0.0,120,-12.128614314275945,0.0,120,-58.43435485493096,0.0,120,-59.56862961768075,0.0,120,-57.92960937646243,0.0,120,-31.516954687387436,0.0,0.0,0.478043420228939,0.478043420228939,0.0,-17204.782694039513,-17204.782694039513,1720.9563128241803,1720.9563128241803,1720.9563128241803,0.0,0.0,1000.9563128241803,0.0,720
1720.4782694039513,0.0,-17204.782694039513,1000.9563128241803,28924.942419824325,0.0,-0.0,0.7011597318940277,0.47997237932604736,0.0,799.2,0.0,0.0,1.0,888.0,-0.0,120,-6.79322493565472,0.0,120,-32.586323797517615,0.0,120,-21.084634716357115,0.0,120,-36.53125847292412,0.0,120,-56.03403403576191,0.0,120,-29.539307482710537,0.0,0.0,0.478043420228939,0.478043420228939,0.0,-17204.782694039513,-17204.782694039513,1720.9563128241803,1720.9563128241803,1720.9563128241803,0.0,0.0,1000.9563128241803,0.0,720
1720.4782694039513,0.0,-17204.782694039513,1000.9563128241803,29825.803101366088,0.0,-0.0,0.722997190540472,0.47997237932604736,0.0,799.2,0.0,0.0,1.0,888.0,-0.0,120,-9.746005303794902,0.0,120,-42.12586309225702,0.0,120,-45.8878721919852,0.0,120,-41.697400512229564,0.0,120,-48.4020422867262,0.0,120,-7.364752781589465,0.0,0.0,0.478043420228939,0.478043420228939,0.0,-17204.782694039513,-17204.782694039513,1720.9563128241803,1720.9563128241803,1720.9563128241803,0.0,0.0,1000.9563128241803,0.0,720
1720.4782694039513,0.0,-17204.782694039513,1000.9563128241803,30726.66378290785,0.0,-0.0,0.7448346491869161,0.47997237932604736,0.0,799.2,0.0,0.0,1.0,888.0,-0.0,120,-54.74886820791783,0.0,120,-36.22283815143,0.0,120,-10.70936796263612,0.0,120,-6.10056557000445,0.0,120,-44.47179228208286,0.0,120,-32.98680485928052,0.0,0.0,0.478043420228939,0.478043420228939,0.0,-17204.782694039513,-17204.782694039513,1720.9563128241803,1720.9563128241803,1720.9563128241803,0.0,0.0,1000.9563128241803,0.0,720
1720.4782694039513,0.0,-17204.782694039513,1000.9563128241803,31627.524464449612,0.0,-0.0,0.7666721078333603,0.47997237932604736,0.0,799.2,0.0,0.0,1.0,888.0,-0.0,120,-3.3809294899280196,0.0,120,-50.55378214238421,0.0,120,-11.718095068266061,0.0,120,-8.663620642563535,0.0,120,-16.823869559081526,0.0,120,-29.971264179543443,0.0,0.0,0.478043420228939,0.478043420228939,0.0,-17204.782694039513,-17204.782694039513,1720.9563128241803,1720.9563128241803,1720.9563128241803,0.0,0.0,1000.9563128241803,0.0,720
1720.4782694039513,0.0,-17204.782694039513,1002.9563128241803,32528.385145991375,0.0,-0.0,0.7885095664798045,0.47997237932604736,0.0,799.2,0.0,0.0,1.0,888.0,-0.0,120,-59.07726166903836,0.0,120,-30.50137918951803,0.0,120,-24.55692333403236,0.0,120,-31.594334826220955,0.0,118,-40.59268847073482,0.0,120,-51.55748995967095,0.0,0.0,0.478043420228939,0.478043420228939,0.0,-17204.782694039513,-17204.782694039513,1720.9563128241803,1720.9563128241803,1720.9563128241803,0.0,0.0,1002.9563128241803,0.0,718
1276.1791784528712,0.0,-12761.791784528712,560.5337711670843,33431.04582753314,0.0,-0.0,0.8103906583165622,0.47997237932604736,0.0,799.2,0.0,0.0,1.0,888.0,-0.0,120,-3.177465519908258,0.0,120,-35.384408722912454,0.0,118,-23.497508103340945,0.0,120,-41.73281595599896,0.0,118,-34.785725926251814,0.0,120,-5.354378047018667,0.0,0.0,0.354592714213079,0.354592714213079,0.0,-12761.791784528712,-12761.791784528712,1276.5337711670843,1276.5337711670843,1276.5337711670843,0.0,0.0,560.5337711670843,0.0,716
1276.1791784528712,0.0,-12761.791784528712,504.5337711670843,33935.52622158352,0.0,-0.0,0.8226195966737817,0.47997237932604736,0.0,799.2,0.0,0.0,1.0,888.0,-0.0,120,-52.98919208153728,0.0,118,-22.08732795791796,0.0,118,-36.9616726108738,0.0,118,-38.3272029013196,0.0,180,-50.044387389594434,0.0,118,-5.4372982241769074,0.0,0.0,0.354592714213079,0.354592714213079,0.0,-12761.791784528712,-12761.791784528712,1276.5337711670843,1276.5337711670843,1276.5337711670843,0.0,0.0,504.5337711670843,0.0,772
1276.1791784528712,0.0,-12761.791784528712,504.5337711670843,34389.60661563389,0.0,-0.0,0.8336268057022251,0.47997237932604736,0.0,799.2,0.0,0.0,1.0,888.0,-0.0,120,-44.84338435845101,0.0,118,-45.197958223601475,0.0,118,-16.744668608853498,0.0,118,-52.81644627001664,0.0,180,-48.01730258043243,0.0,118,-13.012139250125143,0.0,0.0,0.354592714213079,0.354592714213079,0.0,-12761.791784528712,-12761.791784528712,1276.5337711670843,1276.5337711670843,1276.5337711670843,0.0,0.0,504.5337711670843,0.0,772
1276.1791784528712,0.0,-12761.791784528712,504.5337711670843,34843.68700968427,0.0,-0.0,0.8446340147306686,0.47997237932604736,0.0,799.2,0.0,0.0,1.0,888.0,-0.0,120,-32.37182996922255,0.0,118,-17.643841956845133,0.0,118,-3.281131371682957,0.0,118,-48.58826294536321,0.0,180,-37.4100797211849,0.0,118,-19.724773733263238,0.0,0.0,0.354592714213079,0.354592714213079,0.0,-12761.791784528712,-12761.791784528712,1276.5337711670843,1276.5337711670843,1276.5337711670843,0.0,0.0,504.5337711670843,0.0,772
1276.1791784528712,0.0,-12761.791784528712,481.5337711670843,35297.767403734644,0.0,-0.0,0.8556412237591119,0.47997237932604736,0.0,799.2,0.0,0.0,1.0,888.0,-0.0,120,-0.3405580895563176,0.0,118,-3.2970817687120912,0.0,118,-21.76994324621748,0.0,118,-36.09629696041272,0.0,203,-30.21187748638575,0.0,118,-45.25444139671028,0.0,0.0,0.354592714213079,0.354592714213079,0.0,-12761.791784528712,-12761.791784528712,1276.5337711670843,1276.5337711670843,1276.5337711670843,0.0,0.0,481.5337711670843,0.0,795
1276.1791784528712,0.0,-12761.791784528712,419.5337711670843,35731.14779778502,0.0,-0.0,0.866146651098951,0.47997237932604736,0.0,799.2,0.0,0.0,1.0,888.0,-0.0,120,-25.8643838536696,0.0,118,-58.28867779138782,0.0,180,-54.05967191577812,0.0,118,-44.306396020173224,0.0,203,-3.9364739452157327,0.0,118,-42.41199016052123,0.0,0.0,0.354592714213079,0.354592714213079,0.0,-12761.791784528712,-12761.791784528712,1276.5337711670843,1276.5337711670843,1276.5337711670843,0.0,0.0,419.5337711670843,0.0,857
726.6941514029377,0.0,-7266.941514029377,0.0,36108.7281918354,45.10393302290197,-0.0,0.8752994495390735,0.47997237932604736,0.0,799.2,0.0,0.0,1.0,888.0,-0.0,120,-10.652601099330623,0.0,118,-50.476378622223486,0.0,180,-34.28271404249518,0.0,118,-30.06046491919492,0.0,118,-15.666328935857152,0.0,118,-40.737692674682066,0.0,0.0,0.201915574160305,0.201915574160305,0.0,-7266.941514029377,-7266.941514029377,772.0,772.0,726.896066977098,0.0,45.10393302290197,0.0,0.0,772
726.6941514029377,0.0,-7266.941514029377,0.0,36058.61271069884,45.10393302290197,-0.0,0.8740846171356954,0.47997237932604736,0.0,799.2,0.0,0.0,1.0,888.0,-0.0,120,-55.19650714115983,0.0,118,-21.285851932343476,0.0,118,-59.60607008867728,0.0,118,-31.497622922078733,0.0,180,-11.195657175369336,0.0,118,-38.44871851056203,0.0,0.0,0.201915574160305,0.201915574160305,0.0,-7266.941514029377,-7266.941514029377,772.0,772.0,726.896066977098,0.0,45.10393302290197,0.0,0.0,772
726.6941514029377,0.0,-7266.941514029377,0.0,36008.49722956229,45.10393302290197,-0.0,0.8728697847323174,0.47997237932604736,0.0,799.2,0.0,0.0,1.0,888.0,-0.0,120,-46.894431222280744,0.0,118,-35.534595776040156,0.0,118,-12.870028293350497,0.0,118,-7.88875373020468,0.0,180,-19.40799196272367,0.0,118,-56.66505469205313,0.0,0.0,0.201915574160305,0.201915574160305,0.0,-7266.941514029377,-7266.941514029377,772.0,772.0,726.896066977098,0.0,45.10393302290197,0.0,0.0,772
726.6941514029377,0.0,-7266.941514029377,16.89606697709803,35958.38174842573,0.0,-0.0,0.8716549523289392,0.47997237932604736,0.0,799.2,0.0,0.0,1.0,888.0,-0.0,120,-46.28059025650505,0.0,118,-1.1436750527772577,0.0,118,-7.891353719583107,0.0,118,-48.74128317020329,0.0,118,-42.88744440751749,0.0,118,-36.3172412988582,0.0,0.0,0.201915574160305,0.201915574160305,0.0,-7266.941514029377,-7266.941514029377,726.896066977098,726.896066977098,726.896066977098,0.0,0.0,16.89606697709803,0.0,710
726.6941514029377,0.0,-7266.941514029377,16.89606697709803,35973.58820870512,0.0,-0.0,0.8720235669819194,0.47997237932604736,0.0,799.2,0.0,0.0,1.0,888.0,-0.0,120,-56.39016531278085,0.0,118,-26.486712451914944,0.0,118,-16.597263914929282,0.0,118,-31.64263334285005,0.0,118,-33.38067386131088,0.0,118,-34.33137851697123,0.0,0.0,0.201915574160305,0.201915574160305,0.0,-7266.941514029377,-7266.941514029377,726.896066977098,726.896066977098,726.896066977098,0.0,0.0,16.89606697709803,0.0,710
726.6941514029377,0.0,-7266.941514029377,0.0,35988.79466898451,45.10393302290197,-0.0,0.8723921816348996,0.47997237932604736,0.0,799.2,0.0,0.0,1.0,888.0,-0.0,120,-16.117645496664178,0.0,118,-27.533661345425514,0.0,118,-20.390240562396784,0.0,118,-10.176699467929602,0.0,180,-46.699905510324385,0.0,118,-56.96377179950101,0.0,0.0,0.201915574160305,0.201915574160305,0.0,-7266.941514029377,-7266.941514029377,772.0,772.0,726.896066977098,0.0,45.10393302290197,0.0,0.0,772
225.82034653875465,0.0,-2258.2034653875467,0.0,35938.679187847956,546.1169081579559,-0.0,0.8711773492315215,0.47997237932604736,0.0,799.2,0.0,0.0,1.0,888.0,-0.0,120,-42.91029853198624,0.0,118,-54.31649097948004,0.0,118,-10.574489136641958,0.0,118,-4.522689500182038,0.0,180,-47.28079173158602,0.0,118,-8.677881136028525,0.0,0.0,0.0627453032894567,0.0627453032894567,0.0,-2258.2034653875467,-2258.2034653875467,772.0,772.0,225.8830918420441,0.0,546.1169081579559,0.0,0.0,772
225.82034653875465,0.0,-2258.2034653875467,0.0,35331.882623228004,484.1169081579559,-0.0,0.8564681992395221,0.47997237932604736,0.0,799.2,0.0,0.0,1.0,888.0,-0.0,120,-12.242830175486345,0.0,118,-0.5302961208306445,0.0,118,-21.562435851039176,0.0,118,-57.776262675363355,0.0,118,-50.78337221244391,0.0,118,-8.91082906517926,0.0,0.0,0.0627453032894567,0.0627453032894567,0.0,-2258.2034653875467,-2258.2034653875467,710.0,710.0,225.8830918420441,0.0,484.1169081579559,0.0,0.0,710
225.82034653875465,0.0,-2258.2034653875467,0.0,34793.97494749694,484.1169081579559,-0.0,0.8434289614693948,0.47997237932604736,0.0,799.2,0.0,0.0,1.0,888.0,-0.0,120,-56.495078987865696,0.0,118,-11.907556844838647,0.0,118,-48.703662370340304,0.0,118,-17.74412815576144,0.0,118,-35.229876873968145,0.0,118,-1.9669707633342215,0.0,0.0,0.0627453032894567,0.0627453032894567,0.0,-2258.2034653875467,-2258.2034653875467,710.0,710.0,225.8830918420441,0.0,484.1169081579559,0.0,0.0,710
225.82034653875465,0.0,-2258.2034653875467,0.0,34256.06727176588,484.1169081579559,-0.0,0.8303897236992674,0.47997237932604736,0.0,799.2,0.0,0.0,1.0,888.0,-0.0,120,-31.559067242866597,0.0,118,-16.76928730629212,0.0,118,-39.75561356955535,0.0,118,-39.224862899269226,0.0,118,-55.36939596701783,0.0,118,-50.38859136034283,0.0,0.0,0.0627453032894567,0.0627453032894567,0.0,-2258.2034653875467,-2258.2034653875467,710.0,710.0,225.8830918420441,0.0,484.1169081579559,0.0,0.0,710
225.82034653875465,0.0,-2258.2034653875467,0.0,33718.15959603482,484.1169081579559,-0.0,0.8173504859291402,0.47997237932604736,0.0,799.2,0.0,0.0,1.0,888.0,-0.0,120,-0.344656507432326,0.0,118,-40.73436753998736,0.0,118,-35.27595266616583,0.0,118,-29.282700691304157,0.0,118,-7.189888608307671,0.0,118,-7.163225999170068,0.0,0.0,0.0627453032894567,0.0627453032894567,0.0,-2258.2034653875467,-2258.2034653875467,710.0,710.0,225.8830918420441,0.0,484.1169081579559,0.0,0.0,710
225.82034653875465,0.0,-2258.2034653875467,0.0,33180.25192030376,484.1169081579559,-0.0,0.8043112481590129,0.47997237932604736,0.0,799.2,0.0,0.0,1.0,888.0,-0.0,120,-41.33850204051301,0.0,118,-7.259172549152446,0.0,118,-15.85917149059451,0.0,118,-25.582213090031086,0.0,118,-3.479501878254645,0.0,118,-31.917546428481252,0.0,0.0,0.0627453032894567,0.0627453032894567,0.0,-2258.2034653875467,-2258.2034653875467,710.0,710.0,225.8830918420441,0.0,484.1169081579559,0.0,0.0,710
0.0,0.0,-0.0,0.0,32642.344244572698,710.0,-0.0,0.7912720103888856,0.47997237932604736,0.0,799.2,0.0,0.0,1.0,888.0,-0.0,120,-39.906313804394344,0.0,118,-49.45385386857384,0.0,118,-20.95284196756672,0.0,118,-53.447501322176805,0.0,118,-29.5073087614944,0.0,118,-19.365945348278405,0.0,0.0,0.0,0.0,0.0,0.0,0.0,710.0,710.0,0.0,0.0,710.0,0.0,0.0,710
0.0,0.0,-0.0,0.0,31853.455355683807,710.0,-0.0,0.7721488220416408,0.47997237932604736,0.0,799.2,0.0,0.0,1.0,888.0,-0.0,120,-57.08225424399469,0.0,118,-26.375236157610292,0.0,118,-9.354240343469408,0.0,118,-6.7404631055909325,0.0,118,-21.912467746350316,0.0,118,-28.006915962417068,0.0,0.0,0.0,0.0,0.0,0.0,0.0,710.0,710.0,0.0,0.0,710.0,0.0,0.0,710
0.0,0.0,-0.0,0.0,31064.566466794917,710.0,-0.0,0.753025633694396,0.47997237932604736,0.0,799.2,0.0,0.0,1.0,888.0,-0.0,120,-17.68882965135973,0.0,118,-59.180434754425846,0.0,118,-31.730749313740986,0.0,118,-41.51285917512232,0.0,118,-36.40505765955465,0.0,118,-41.54715101808343,0.0,0.0,0.0,0.0,0.0,0.0,0.0,710.0,710.0,0.0,0.0,710.0,0.0,0.0,710
0.0,0.0,-0.0,0.0,30275.677577906026,710.0,-0.0,0.7339024453471511,0.47997237932604736,0.0,799.2,0.0,0.0,1.0,888.0,-0.0,120,-15.848986962537616,0.0,118,-8.49105490044913,0.0,118,-7.318016356772723,0.0,118,-20.951300059180053,0.0,118,-55.76898838048142,0.0,118,-59.99795317321005,0.0,0.0,0.0,0.0,0.0,0.0,0.0,710.0,710.0,0.0,0.0,710.0,0.0,0.0,710
0.0,0.0,-0.0,0.0,29486.788689017136,710.0,-0.0,0.7147792569999063,0.47997237932604736,0.0,799.2,0.0,0.0,1.0,888.0,-0.0,120,-55.91618502060946,0.0,118,-39.91420181951845,0.0,118,-9.399309434256303,0.0,118,-49.549330161978304,0.0,118,-45.544982067954905,0.0,118,-51.94697433782016,0.0,0.0,0.0,0.0,0.0,0.0,0.0,710.0,710.0,0.0,0.0,710.0,0.0,0.0,710
0.0,0.0,-0.0,0.0,28697.899800128245,710.0,-0.0,0.6956560686526615,0.47997237932604736,0.0,799.2,0.0,0.0,1.0,888.0,-0.0,120,-0.9163088258613628,0.0,118,-59.90246712496225,0.0,118,-40.12237951321532,0.0,118,-10.184458245751834,0.0,118,-45.929385611981324,0.0,118,-36.68749683193246,0.0,0.0,0.0,0.0,0.0,0.0,0.0,710.0,710.0,0.0,0.0,710.0,0.0,0.0,710
0.0,0.0,-0.0,0.0,27909.010911239355,710.0,-0.0,0.6765328803054167,0.47997237932604736,0.0,799.2,0.0,0.0,1.0,888.0,-0.0,120,-8.69985759953784,0.0,118,-20.02836456141361,0.0,118,-38.231085924089626,0.0,118,-49.150501603584175,0.0,118,-46.833418093464196,0.0,118,-20.96358798180263,0.0,0.0,0.0,0.0,0.0,0.0,0.0,710.0,710.0,0.0,0.0,710.0,0.0,0.0,710
0.0,0.0,-0.0,0.0,27120.122022350464,710.0,-0.0,0.6574096919581719,0.47997237932604736,0.0,799.2,0.0,0.0,1.0,888.0,-0.0,120,-33.24496535329619,0.0,118,-45.35859052814851,0.0,118,-42.27188500218521,0.0,118,-1.488418768593438,0.0,118,-19.48648823511948,0.0,118,-54.228270624412644,0.0,0.0,0.0,0.0,0.0,0.0,0.0,710.0,710.0,0.0,0.0,710.0,0.0,0.0,710
0.0,0.0,-0.0,0.0,26331.233133461574,710.0,-0.0,0.6382865036109271,0.47997237932604736,0.0,799.2,0.0,0.0,1.0,888.0,-0.0,120,-0.2441243067811083,0.0,118,-42.60911456062462,0.0,118,-43.68542297721986,0.0,118,-17.380271668797935,0.0,118,-21.528654952716128,0.0,118,-43.022861521460165,0.0,0.0,0.0,0.0,0.0,0.0,0.0,710.0,710.0,0.0,0.0,710.0,0.0,0.0,710
0.0,0.0,-0.0,0.0,25542.344244572683,710.0,-0.0,0.6191633152636823,0.47997237932604736,0.0,799.2,0.0,0.0,1.0,888.0,-0.0,120,-16.040728315433988,0.0,118,-24.933748067084174,0.0,118,-42.29474926110948,0.0,118,-3.0050840467680473,0.0,118,-8.898280252621277,0.0,118,-41.692817759785804,0.0,0.0,0.0,0.0,0.0,0.0,0.0,710.0,710.0,0.0,0.0,710.0,0.0,0.0,710
0.0,0.0,-0.0,0.0,24753.455355683793,710.0,-0.0,0.6000401269164374,0.47997237932604736,0.0,799.2,0.0,0.0,1.0,888.0,-0.0,120,-5.772391224526672,0.0,118,-56.001319299462985,0.0,118,-36.40073820078885,0.0,118,-50.913648550312864,0.0,118,-35.91413475172958,0.0,118,-7.04519719392374,0.0,0.0,0.0,0.0,0.0,0.0,0.0,710.0,710.0,0.0,0.0,710.0,0.0,0.0,710
0.0,0.0,-0.0,0.0,23964.566466794902,710.0,-0.0,0.5809169385691926,0.47997237932604736,0.0,799.2,0.0,0.0,1.0,888.0,-0.0,120,-43.49565431796596,0.0,118,-38.13258509031159,0.0,118,-55.95478214018225,0.0,118,-18.2763184176301,0.0,118,-3.5414507882775026,0.0,118,-41.7664617061918,0.0,0.0,0.0,0.0,0.0,0.0,0.0,710.0,710.0,0.0,0.0,710.0,0.0,0.0,710
0.0,0.0,-0.0,0.0,23175.67757790601,710.0,-0.0,0.5617937502219478,0.47997237932604736,0.0,799.2,0.0,0.0,1.0,888.0,-0.0,120,-15.69636669649336,0.0,118,-54.59369847428361,0.0,118,-59.74938736587218,0.0,118,-40.429165667289226,0.0,118,-31.890569103708398,0.0,118,-52.13817910355874,0.0,0.0,0.0,0.0,0.0,0.0,0.0,710.0,710.0,0.0,0.0,710.0,0.0,0.0,710
0.0,0.0,-0.0,0.0,22386.78868901712,710.0,-0.0,0.542670561874703,0.47997237932604736,0.0,799.2,0.0,0.0,1.0,888.0,-0.0,120,-31.272094793950707,0.0,118,-10.057408806147393,0.0,118,-30.462769709165254,0.0,118,-19.774426715263726,0.0,118,-25.909528675871986,0.0,118,-26.206166369676595,0.0,0.0,0.0,0.0,0.0,0.0,0.0,710.0,710.0,0.0,0.0,710.0,0.0,0.0,710
0.0,0.0,-0.0,0.0,21597.89980012823,710.0,-0.0,0.5235473735274582,0.47997237932604736,0.0,799.2,0.0,0.0,1.0,888.0,-0.0,120,-38.712264039094734,0.0,118,-39.66508223198774,0.0,118,-10.214949454114377,0.0,118,-6.1333828665310826,0.0,118,-45.821169170458425,0.0,118,-56.68425852236248,0.0,0.0,0.0,0.0,0.0,0.0,0.0,710.0,710.0,0.0,0.0,710.0,0.0,0.0,710
0.0,0.0,-0.0,0.0,20809.01091123934,710.0,-0.0,0.5044241851802134,0.47997237932604736,0.0,799.2,0.0,0.0,1.0,888.0,-0.0,120,-26.66764587849204,0.0,118,-17.596941536680323,0.0,118,-35.430698624718104,0.0,118,-17.75459003398786,0.0,118,-11.191078064351895,0.0,118,-29.47671597646821,0.0,0.0,0.0,0.0,0.0,0.0,0.0,710.0,710.0,0.0,0.0,710.0,0.0,0.0,710
0.0,0.0,-0.0,0.0,20020.12202235045,710.0,-0.0,0.4853009968329685,0.47997237932604736,0.0,799.2,0.0,0.0,1.0,888.0,-0.0,120,-7.377808808921891,0.0,118,-29.789087883647024,0.0,118,-35.48084340083679,0.0,118,-4.820297984914679,0.0,118,-35.159759253639855,0.0,118,-2.3340648548863308,0.0,0.0,0.0,0.0,0.0,0.0,0.0,710.0,710.0,0.0,0.0,710.0,0.0,0.0,710
0.0,0.0,-0.0,0.0,19231.23313346156,710.0,-0.0,0.4661778084857237,0.47997237932604736,0.0,799.2,0.0,0.0,1.0,888.0,-0.0,120,-0.3853515245013117,0.0,118,-25.83358614868596,0.0,118,-55.77138480831944,0.0,118,-8.807006748375528,0.0,118,-30.84991421139244,0.0,118,-21.84915694766126,0.0,0.0,0.0,0.0,0.0,0.0,0.0,710.0,710.0,0.0,0.0,710.0,0.0,0.0,710
0.0,0.0,-0.0,0.0,18442.34424457267,710.0,-0.0,0.44705462013847885,0.47997237932604736,0.0,799.2,0.0,0.0,1.0,888.0,-0.0,120,-42.39388863632737,0.0,118,-27.862199666368916,0.0,118,-3.310778884094596,0.0,118,-34.07528088151195,0.0,118,-10.047267817466183,0.0,118,-7.5255814985472576,0.0,0.0,0.0,0.0,0.0,0.0,0.0,710.0,710.0,0.0,0.0,710.0,0.0,0.0,710
0.0,0.0,-0.0,0.0,17653.455355683778,710.0,-0.0,0.42793143179123405,0.47997237932604736,0.0,799.2,0.0,0.0,1.0,888.0,-0.0,120,-54.0150953659256,0.0,118,-13.23103628625583,0.0,118,-31.106994097304387,0.0,118,-23.889910253981178,0.0,118,-15.898855076355336,0.0,118,-55.999590203504546,0.0,0.0,0.0,0.0,0.0,0.0,0.0,710.0,710.0,0.0,0.0,710.0,0.0,0.0,710
0.0,0.0,-0.0,0.0,16864.566466794888,710.0,-0.0,0.40880824344398925,0.47997237932604736,0.0,799.2,0.0,0.0,1.0,888.0,-0.0,120,-12.493703180489046,0.0,118,-38.107290056052406,0.0,118,-57.737511739743546,0.0,118,-35.60880599742442,0.0,118,-0.2481659399184788,0.0,118,-1.8718193955280094,0.0,0.0,0.0,0.0,0.0,0.0,0.0,710.0,710.0,0.0,0.0,710.0,0.0,0.0,710
0.0,0.0,-0.0,0.0,16075.677577905999,710.0,-0.0,0.38968505509674445,0.47997237932604736,0.0,799.2,0.0,0.0,1.0,888.0,-0.0,120,-7.8219818921278765,0.0,118,-36.682479344898994,0.0,118,-36.79733705495657,0.0,118,-25.13000347998469,0.0,118,-38.711548278276126,0.0,118,-37.03118023849272,0.0,0.0,0.0,0.0,0.0,0.0,0.0,710.0,710.0,0.0,0.0,710.0,0.0,0.0,710
0.0,0.0,-0.0,0.0,15286.78868901711,710.0,-0.0,0.3705618667494997,0.47997237932604736,0.0,799.2,0.0,0.0,1.0,888.0,-0.0,120,-20.858219927021903,0.0,118,-14.417317345070346,0.0,118,-24.961642260621634,0.0,118,-6.292550884180972,0.0,118,-36.59277662023985,0.0,118,-50.839195059525025,0.0,0.0,0.0,0.0,0.0,0.0,0.0,710.0,710.0,0.0,0.0,710.0,0.0,0.0,710
0.0,0.0,-0.0,0.0,14497.899800128222,710.0,-0.0,0.3514386784022549,0.47997237932604736,0.0,799.2,0.0,0.0,1.0,888.0,-0.0,120,-22.28952335984073,0.0,118,-22.847042715733465,0.0,118,-36.9729545315954,0.0,118,-59.07738732476679,0.0,118,-47.598851184486,0.0,118,-52.86533003335459,0.0,0.0,0.0,0.0,0.0,0.0,0.0,710.0,710.0,0.0,0.0,710.0,0.0,0.0,710
0.0,0.0,-0.0,0.0,13709.010911239333,710.0,-0.0,0.33231549005501015,0.47997237932604736,0.0,799.2,0.0,0.0,1.0,888.0,-0.0,120,-34.40956269936756,0.0,118,-2.3651307338837846,0.0,118,-25.402539731422063,0.0,118,-27.28451803412065,0.0,118,-39.85052086302883,0.0,118,-52.85840281209425,0.0,0.0,0.0,0.0,0.0,0.0,0.0,710.0,710.0,0.0,0.0,710.0,0.0,0.0,710
0.0,0.0,-0.0,0.0,12920.122022350444,712.0,-0.0,0.31319230170776535,0.47997237932604736,0.0,799.2,0.0,0.0,1.0,888.0,-0.0,120,-39.5305621103072,0.0,118,-0.06374845123536144,0.0,118,-37.330539325419494,0.0,120,-46.70818857904715,0.0,118,-53.31891464529732,0.0,118,-12.78695503662578,0.0,0.0,0.0,0.0,0.0,0.0,0.0,712.0,712.0,0.0,0.0,712.0,0.0,0.0,712
0.0,0.0,-0.0,0.0,12129.010911239333,712.0,-0.0,0.29401524522433115,0.47997237932604736,0.0,799.2,0.0,0.0,1.0,888.0,-0.0,120,-16.931664972529003,0.0,118,-15.773824385949686,0.0,118,-20.738697479774572,0.0,120,-40.42706013743972,0.0,118,-6.826418432808444,0.0,118,-0.3205592692643644,0.0,0.0,0.0,0.0,0.0,0.0,0.0,712.0,712.0,0.0,0.0,712.0,0.0,0.0,712
0.0,0.0,-0.0,0.0,11337.899800128222,712.0,-0.0,0.27483818874089694,0.47997237932604736,0.0,799.2,0.0,0.0,1.0,888.0,-0.0,120,-56.4682439832235,0.0,118,-29.330213884085488,0.0,118,-29.773755277144478,0.0,120,-41.79259567184111,0.0,118,-41.563560787757666,0.0,118,-36.20144069735939,0.0,0.0,0.0,0.0,0.0,0.0,0.0,712.0,712.0,0.0,0.0,712.0,0.0,0.0,712
0.0,0.0,-0.0,0.0,10546.78868901711,712.0,-0.0,0.25566113225746273,0.47997237932604736,0.0,799.2,0.0,0.0,1.0,888.0,-0.0,120,-52.91719640910764,0.0,118,-7.83875584485163,0.0,118,-47.775628052548846,0.0,120,-57.90871848631801,0.0,118,-58.40149377642128,0.0,118,-30.946361894890345,0.0,0.0,0.0,0.0,0.0,0.0,0.0,712.0,712.0,0.0,0.0,712.0,0.0,0.0,712
0.0,0.0,-0.0,0.0,9755.677577905999,712.0,-0.0,0.23648407577402852,0.47997237932604736,0.0,799.2,0.0,0.0,1.0,888.0,-0.0,120,-36.46189314234146,0.0,118,-3.316073108814943,0.0,118,-19.66198865162221,0.0,120,-46.63798574348768,0.0,118,-22.873631108704096,0.0,118,-42.453923196646834,0.0,0.0,0.0,0.0,0.0,0.0,0.0,712.0,712.0,0.0,0.0,712.0,0.0,0.0,712
0.0,0.0,-0.0,0.0,8964.566466794888,712.0,-0.0,0.21730701929059432,0.47997237932604736,0.0,799.2,0.0,0.0,1.0,888.0,-0.0,120,-6.630961618565632,0.0,118,-24.357135136638927,0.0,118,-32.360979360354406,0.0,120,-38.34897946185728,0.0,118,-28.186673635470072,0.0,118,-44.9643700907346,0.0,0.0,0.0,0.0,0.0,0.0,0.0,712.0,712.0,0.0,0.0,712.0,0.0,0.0,712
0.0,0.0,-0.0,0.0,8173.455355683776,712.0,-0.0,0.1981299628071601,0.47997237932604736,0.0,799.2,0.0,0.0,1.0,888.0,-0.0,120,-28.96425183228883,0.0,118,-43.90658831872225,0.0,118,-42.89684066088747,0.0,120,-10.955425285986454,0.0,118,-16.172368666971742,0.0,118,-40.383574133428915,0.0,0.0,0.0,0.0,0.0,0.0,0.0,712.0,712.0,0.0,0.0,712.0,0.0,0.0,712
0.0,0.0,-0.0,0.0,7382.344244572665,712.0,-0.0,0.1789529063237259,0.47997237932604736,0.0,799.2,0.0,0.0,1.0,888.0,-0.0,120,-39.12748049570947,0.0,118,-2.3522539071037896,0.0,118,-14.464464853823939,0.0,120,-21.944247438822714,0.0,118,-17.929344653397226,0.0,118,-48.574545559668714,0.0,0.0,0.0,0.0,0.0,0.0,0.0,712.0,712.0,0.0,0.0,712.0,0.0,0.0,712
0.0,0.0,-0.0,0.0,6591.233133461554,712.0,-0.0,0.1597758498402917,0.47997237932604736,0.0,799.2,0.0,0.0,1.0,888.0,-0.0,120,-22.717846019392343,0.0,118,-40.33147079560867,0.0,118,-45.02578689012111,0.0,120,-0.9596824804138637,0.0,118,-26.670988989585446,0.0,118,-16.439297404673283,0.0,0.0,0.0,0.0,0.0,0.0,0.0,712.0,712.0,0.0,0.0,712.0,0.0,0.0,712
0.0,0.0,-0.0,0.0,5800.122022350442,712.0,-0.0,0.1405987933568575,0.47997237932604736,0.0,799.2,0.0,0.0,1.0,888.0,-0.0,120,-15.35766656126244,0.0,118,-43.11102090444116,0.0,118,-48.78656257088869,0.0,120,-23.492713733734124,0.0,118,-2.6578598087381877,0.0,118,-54.57364983108308,0.0,0.0,0.0,0.0,0.0,0.0,0.0,712.0,712.0,0.0,0.0,712.0,0.0,0.0,712
0.0,0.0,-0.0,0.0,5009.010911239331,714.0,-0.0,0.1214217368734233,0.47997237932604736,0.0,799.2,0.0,0.0,1.0,888.0,-0.0,120,-29.927973113999162,0.0,118,-40.23855039843866,0.0,118,-58.739119537805344,0.0,120,-59.40746984335679,0.0,118,-10.217944504998513,0.0,120,-32.570041990143835,0.0,0.0,0.0,0.0,0.0,0.0,0.0,714.0,714.0,0.0,0.0,714.0,0.0,0.0,714
0.0,0.0,-0.0,0.0,4215.677577905998,714.0,-0.0,0.10219081225379968,0.47997237932604736,0.0,799.2,0.0,0.0,1.0,888.0,-0.0,120,-59.59095820406557,0.0,118,-43.20158349878211,0.0,118,-44.556125645325196,0.0,120,-54.91081449820259,0.0,118,-45.5710237399465,0.0,120,-41.896093845454836,0.0,0.0,0.0,0.0,0.0,0.0,0.0,714.0,714.0,0.0,0.0,714.0,0.0,0.0,714
0.0,0.0,-0.0,0.0,3422.344244572665,714.0,-0.0,0.08295988763417605,0.47997237932604736,0.0,799.2,0.0,0.0,1.0,888.0,-0.0,120,-44.72156225942821,0.0,118,-9.858988506839989,0.0,118,-50.167640040530124,0.0,120,-35.746549696868684,0.0,118,-39.27281461347957,0.0,120,-40.721556503256075,0.0,0.0,0.0,0.0,0.0,0.0,0.0,714.0,714.0,0.0,0.0,714.0,0.0,0.0,714
0.0,0.0,-0.0,0.0,2629.010911239332,716.0,-0.0,0.06372896301455244,0.47997237932604736,0.0,799.2,0.0,0.0,1.0,888.0,-0.0,120,-48.38835020594395,0.0,118,-41.03297463519249,0.0,118,-16.367997028539317,0.0,120,-0.3785770000224997,0.0,120,-49.88227433882721,0.0,120,-25.253130774225593,0.0,0.0,0.0,0.0,0.0,0.0,0.0,716.0,716.0,0.0,0.0,716.0,0.0,0.0,716
0.0,0.0,-0.0,0.0,1833.4553556837764,716.0,-0.0,0.044444170258739396,0.47997237932604736,0.0,799.2,0.0,0.0,1.0,888.0,-0.0,120,-44.03858133571036,0.0,118,-43.177127816275735,0.0,118,-11.41160560152457,0.0,120,-5.099376071272948,0.0,120,-18.23088106282941,0.0,120,-57.41075508817903,0.0,0.0,0.0,0.0,0.0,0.0,0.0,716.0,716.0,0.0,0.0,716.0,0.0,0.0,716
0.0,0.0,-0.0,0.0,1037.8998001282207,716.0,-0.0,0.02515937750292635,0.47997237932604736,0.0,799.2,0.0,0.0,1.0,888.0,-0.0,120,-28.324397997530525,0.0,118,-2.9570484386589313,0.0,118,-36.363582451206064,0.0,120,-29.190408519772234,0.0,120,-31.53612266524821,0.0,120,-44.665436781016325,0.0,0.0,0.0,0.0,0.0,0.0,0.0,716.0,716.0,0.0,0.0,716.0,0.0,0.0,716
0.0,0.0,-0.0,0.0,242.34424457266516,218.10982011539866,-0.0,0.005874584747113305,0.47997237932604736,238.97353428228584,799.2,0.0,497.89017988460137,1.0,888.0,-442126.47973752604,120,-34.216923809496805,0.0,118,-34.69027307932078,0.0,118,-4.236506025385374,0.0,120,-36.893602976338265,0.0,120,-13.478305032212376,0.0,120,-59.89155910190571,0.0,0.0,0.0,0.0,0.0,-442126.47973752604,-442126.47973752604,716.0,716.0,0.0,0.0,716.0,0.0,0.0,716
0.0,0.0,-0.0,0.0,0.0,0.0,-0.0,0.0,0.47997237932604736,343.6602235974499,799.2,0.0,716.0,1.0,888.0,-635808.0,120,-44.31618157771952,0.0,118,-48.622365748401755,0.0,118,-34.769892730877345,0.0,120,-45.075016844715876,0.0,120,-8.161256167832967,0.0,120,-2.194369211516358,0.0,0.0,0.0,0.0,0.0,-635808.0,-635808.0,716.0,716.0,0.0,0.0,716.0,0.0,0.0,716
0.0,0.0,-0.0,0.0,0.0,0.0,-0.0,0.0,0.47997237932604736,343.6602235974499,799.2,0.0,716.0,1.0,888.0,-635808.0,120,-24.55435676797242,0.0,118,-47.91549227583714,0.0,118,-27.015454061916895,0.0,120,-7.518326331767346,0.0,120,-58.450826575331895,0.0,120,-59.335170028946045,0.0,0.0,0.0,0.0,0.0,-635808.0,-635808.0,716.0,716.0,0.0,0.0,716.0,0.0,0.0,716
0.0,0.0,-0.0,0.0,0.0,0.0,-0.0,0.0,0.47997237932604736,343.6602235974499,799.2,0.0,716.0,1.0,888.0,-635808.0,120,-8.898380268162764,0.0,118,-13.625749737640136,0.0,118,-36.23871880703782,0.0,120,-41.18176676318025,0.0,120,-0.2810560676567664,0.0,120,-8.648972275143883,0.0,0.0,0.0,0.0,0.0,-635808.0,-635808.0,716.0,716.0,0.0,0.0,716.0,0.0,0.0,716
0.0,0.0,-0.0,0.0,0.0,0.0,-0.0,0.0,0.47997237932604736,343.6602235974499,799.2,0.0,716.0,1.0,888.0,-635808.0,120,-12.00942059055233,0.0,118,-40.29385916975685,0.0,118,-39.364679775432265,0.0,120,-15.21190614118569,0.0,120,-52.43586730423722,0.0,120,-1.6946521887758714,0.0,0.0,0.0,0.0,0.0,-635808.0,-635808.0,716.0,716.0,0.0,0.0,716.0,0.0,0.0,716
0.0,0.0,-0.0,0.0,0.0,0.0,-0.0,0.0,0.47997237932604736,343.6602235974499,799.2,0.0,716.0,1.0,888.0,-635808.0,120,-22.864635285811538,0.0,118,-27.953281319768006,0.0,118,-55.91475852728243,0.0,120,-34.55207604343184,0.0,120,-59.49703672873118,0.0,120,-12.609908283627128,0.0,0.0,0.0,0.0,0.0,-635808.0,-635808.0,716.0,716.0,0.0,0.0,716.0,0.0,0.0,716
0.0,0.0,-0.0,0.0,0.0,0.0,-0.0,0.0,0.47997237932604736,343.6602235974499,799.2,0.0,716.0,1.0,888.0,-635808.0,120,-42.047768877018484,0.0,118,-46.246642422042854,0.0,118,-39.72076919633396,0.0,120,-56.870963697649486,0.0,120,-33.31756253734849,0.0,120,-11.753126463990045,0.0,0.0,0.0,0.0,0.0,-635808.0,-635808.0,716.0,716.0,0.0,0.0,716.0,0.0,0.0,716
0.0,0.0,-0.0,0.0,0.0,0.0,-0.0,0.0,0.47997237932604736,344.620168356102,799.2,0.0,718.0,1.0,888.0,-637584.0,120,-5.391481819335169,0.0,118,-6.9377478992077535,0.0,120,-58.419582867998905,0.0,120,-47.4710048878456,0.0,120,-11.022712396685627,0.0,120,-13.191706320730116,0.0,0.0,0.0,0.0,0.0,-637584.0,-637584.0,718.0,718.0,0.0,0.0,718.0,0.0,0.0,718
0.0,0.0,-0.0,0.0,0.0,0.0,-0.0,0.0,0.47997237932604736,344.620168356102,799.2,0.0,718.0,1.0,888.0,-637584.0,120,-56.2605064679213,0.0,118,-31.566578903091745,0.0,120,-58.10734645702315,0.0,120,-18.69076871539372,0.0,120,-28.122235277794708,0.0,120,-2.848029418496185,0.0,0.0,0.0,0.0,0.0,-637584.0,-637584.0,718.0,718.0,0.0,0.0,718.0,0.0,0.0,718
0.0,0.0,-0.0,0.0,0.0,0.0,-0.0,0.0,0.47997237932604736,344.620168356102,799.2,0.0,718.0,1.0,888.0,-637584.0,120,-9.69209114875991,0.0,118,-17.349063838212096,0.0,120,-12.073235301922956,0.0,120,-55.2796634986396,0.0,120,-10.917334420496925,0.0,120,-11.781029814603361,0.0,0.0,0.0,0.0,0.0,-637584.0,-637584.0,718.0,718.0,0.0,0.0,718.0,0.0,0.0,718
0.0,0.0,-0.0,0.0,0.0,0.0,-0.0,0.0,0.47997237932604736,344.620168356102,799.2,0.0,718.0,1.0,888.0,-637584.0,120,-54.87184051959025,0.0,118,-46.254133024396275,0.0,120,-10.445025125149963,0.0,120,-21.28043662245392,0.0,120,-50.723934871624785,0.0,120,-52.30038164741324,0.0,0.0,0.0,0.0,0.0,-637584.0,-637584.0,718.0,718.0,0.0,0.0,718.0,0.0,0.0,718
0.0,0.0,-0.0,0.0,0.0,0.0,-0.0,0.0,0.47997237932604736,344.620168356102,799.2,0.0,718.0,1.0,888.0,-637584.0,120,-2.8275062028591114,0.0,118,-57.743968806333655,0.0,120,-12.425247760462025,0.0,120,-49.981643714711424,0.0,120,-23.817673191080853,0.0,120,-13.13501065825178,0.0,0.0,0.0,0.0,0.0,-637584.0,-637584.0,718.0,718.0,0.0,0.0,718.0,0.0,0.0,718
0.0,0.0,-0.0,0.0,0.0,0.0,-0.0,0.0,0.47997237932604736,344.620168356102,799.2,0.0,718.0,1.0,888.0,-637584.0,120,-44.25790495136866,0.0,118,-45.43916622470651,0.0,120,-11.484202204271467,0.0,120,-29.912088371788776,0.0,120,-27.70235264930701,0.0,120,-31.68389040390632,0.0,0.0,0.0,0.0,0.0,-637584.0,-637584.0,718.0,718.0,0.0,0.0,718.0,0.0,0.0,718
0.0,0.0,-0.0,0.0,0.0,0.0,-0.0,0.0,0.47997237932604736,344.620168356102,799.2,0.0,718.0,1.0,888.0,-637584.0,120,-34.87380712131084,0.0,118,-27.23773564680856,0.0,120,-30.374022670987966,0.0,120,-35.99534748951185,0.0,120,-40.95114173627921,0.0,120,-55.084750847420366,0.0,0.0,0.0,0.0,0.0,-637584.0,-637584.0,718.0,718.0,0.0,0.0,718.0,0.0,0.0,718
0.0,0.0,-0.0,0.0,0.0,0.0,-0.0,0.0,0.47997237932604736,344.620168356102,799.2,0.0,718.0,1.0,888.0,-637584.0,120,-16.50276318467376,0.0,118,-33.551163819827025,0.0,120,-59.14033358088026,0.0,120,-6.881804728875904,0.0,120,-29.900493717249866,0.0,120,-8.0391815390431,0.0,0.0,0.0,0.0,0.0,-637584.0,-637584.0,718.0,718.0,0.0,0.0,718.0,0.0,0.0,718
0.0,0.0,-0.0,0.0,0.0,0.0,-0.0,0.0,0.47997237932604736,344.620168356102,799.2,0.0,718.0,1.0,888.0,-637584.0,120,-5.692780112875811,0.0,118,-42.98577821655087,0.0,120,-53.70353911338907,0.0,120,-58.505788401460705,0.0,120,-2.2812715174527565,0.0,120,-58.638700726806974,0.0,0.0,0.0,0.0,0.0,-637584.0,-637584.0,718.0,718.0,0.0,0.0,718.0,0.0,0.0,718
0.0,0.0,-0.0,0.0,0.0,0.0,-0.0,0.0,0.47997237932604736,344.620168356102,799.2,0.0,718.0,1.0,888.0,-637584.0,120,-26.129649431190177,0.0,118,-38.49306082241252,0.0,120,-31.026136147470577,0.0,120,-11.066668385153877,0.0,120,-40.487980695739964,0.0,120,-29.02674826570298,0.0,0.0,0.0,0.0,0.0,-637584.0,-637584.0,718.0,718.0,0.0,0.0,718.0,0.0,0.0,718
0.0,0.0,-0.0,0.0,0.0,0.0,-0.0,0.0,0.47997237932604736,344.620168356102,799.2,0.0,718.0,1.0,888.0,-637584.0,120,-51.12110651421176,0.0,118,-28.75904446365259,0.0,120,-23.849451047774537,0.0,120,-57.899858534948216,0.0,120,-48.107429383362486,0.0,120,-43.30450529974049,0.0,0.0,0.0,0.0,0.0,-637584.0,-637584.0,718.0,718.0,0.0,0.0,718.0,0.0,0.0,718
0.0,0.0,-0.0,0.0,0.0,0.0,-0.0,0.0,0.47997237932604736,344.620168356102,799.2,0.0,718.0,1.0,888.0,-637584.0,120,-0.8400408546198213,0.0,118,-49.44254818139404,0.0,120,-34.17049743997173,0.0,120,-4.09363191869446,0.0,120,-44.47048673798134,0.0,120,-10.259661176289654,0.0,0.0,0.0,0.0,0.0,-637584.0,-637584.0,718.0,718.0,0.0,0.0,718.0,0.0,0.0,718
0.0,0.0,-0.0,0.0,0.0,0.0,-0.0,0.0,0.47997237932604736,344.620168356102,799.2,0.0,718.0,1.0,888.0,-637584.0,120,-12.453056509602991,0.0,118,-38.127524557457356,0.0,120,-26.82275533773882,0.0,120,-12.72093726997431,0.0,120,-54.75006043670779,0.0,120,-48.131690883214844,0.0,0.0,0.0,0.0,0.0,-637584.0,-637584.0,718.0,718.0,0.0,0.0,718.0,0.0,0.0,718
0.0,0.0,-0.0,0.0,0.0,0.0,-0.0,0.0,0.47997237932604736,344.620168356102,799.2,0.0,718.0,1.0,888.0,-637584.0,120,-7.819338784157093,0.0,118,-23.428825103521007,0.0,120,-53.54089385567674,0.0,120,-45.23287240960006,0.0,120,-41.108348327541094,0.0,120,-37.23484040542218,0.0,0.0,0.0,0.0,0.0,-637584.0,-637584.0,718.0,718.0,0.0,0.0,718.0,0.0,0.0,718
0.0,0.0,-0.0,0.0,0.0,0.0,-0.0,0.0,0.47997237932604736,344.620168356102,799.2,0.0,718.0,1.0,888.0,-637584.0,120,-16.600119420747834,0.0,118,-50.87112171689,0.0,120,-1.531590310732387,0.0,120,-50.60135654132853,0.0,120,-54.490437447228686,0.0,120,-15.943310537839931,0.0,0.0,0.0,0.0,0.0,-637584.0,-637584.0,718.0,718.0,0.0,0.0,718.0,0.0,0.0,718
0.0,0.0,-0.0,0.0,0.0,0.0,-0.0,0.0,0.47997237932604736,344.620168356102,799.2,0.0,718.0,1.0,888.0,-637584.0,120,-8.987226029443844,0.0,118,-51.07135452778776,0.0,120,-13.3178615775118,0.0,120,-46.043443678014306,0.0,120,-57.88740836835176,0.0,120,-44.116448613714965,0.0,0.0,0.0,0.0,0.0,-637584.0,-637584.0,718.0,718.0,0.0,0.0,718.0,0.0,0.0,718
0.0,0.0,-0.0,0.0,0.0,0.0,-0.0,0.0,0.47997237932604736,344.620168356102,799.2,0.0,718.0,1.0,888.0,-637584.0,120,-59.36806450943245,0.0,118,-18.809331646361127,0.0,120,-7.783265066183458,0.0,120,-34.67754514674033,0.0,120,-43.14011535340819,0.0,120,-32.179467781494736,0.0,0.0,0.0,0.0,0.0,-637584.0,-637584.0,718.0,718.0,0.0,0.0,718.0,0.0,0.0,718
0.0,0.0,-0.0,0.0,0.0,0.0,-0.0,0.0,0.47997237932604736,344.620168356102,799.2,0.0,718.0,1.0,888.0,-637584.0,120,-48.78907374195449,0.0,118,-7.8564749951524915,0.0,120,-28.145199149728413,0.0,120,-53.281909673873066,0.0,120,-48.84659698771975,0.0,120,-37.08260362239986,0.0,0.0,0.0,0.0,0.0,-637584.0,-637584.0,718.0,718.0,0.0,0.0,718.0,0.0,0.0,718
0.0,0.0,-0.0,0.0,0.0,0.0,-0.0,0.0,0.47997237932604736,345.5801131147541,799.2,0.0,720.0,1.0,888.0,-639360.0,120,-9.544643958988882,0.0,120,-24.50614628346886,0.0,120,-4.3277402830302725,0.0,120,-0.25975821829825163,0.0,120,-10.333788132781818,0.0,120,-38.527254937690664,0.0,0.0,0.0,0.0,0.0,-639360.0,-639360.0,720.0,720.0,0.0,0.0,720.0,0.0,0.0,720
0.0,0.0,-0.0,0.0,0.0,0.0,-0.0,0.0,0.47997237932604736,345.5801131147541,799.2,0.0,720.0,1.0,888.0,-639360.0,120,-44.34970269271152,0.0,120,-45.50798890292047,0.0,120,-5.51682558049799,0.0,120,-45.781604650834915,0.0,120,-53.43489970820698,0.0,120,-36.87169152143274,0.0,0.0,0.0,0.0,0.0,-639360.0,-639360.0,720.0,720.0,0.0,0.0,720.0,0.0,0.0,720
0.0,0.0,-0.0,0.0,0.0,0.0,-0.0,0.0,0.47997237932604736,345.5801131147541,799.2,0.0,720.0,1.0,888.0,-639360.0,120,-30.376482638892817,0.0,120,-55.605928938211925,0.0,120,-54.00687992506408,0.0,120,-32.68115082798529,0.0,120,-0.05098247293481517,0.0,120,-0.4604231748754106,0.0,0.0,0.0,0.0,0.0,-639360.0,-639360.0,720.0,720.0,0.0,0.0,720.0,0.0,0.0,720
0.0,0.0,-0.0,0.0,0.0,0.0,-0.0,0.0,0.47997237932604736,345.5801131147541,799.2,0.0,720.0,1.0,888.0,-639360.0,120,-9.287314955138871,0.0,120,-26.006494136492737,0.0,120,-28.021267977709073,0.0,120,-35.166046392252674,0.0,120,-8.290614708740815,0.0,120,-46.23123496407701,0.0,0.0,0.0,0.0,0.0,-639360.0,-639360.0,720.0,720.0,0.0,0.0,720.0,0.0,0.0,720
0.0,0.0,-0.0,0.0,0.0,0.0,-0.0,0.0,0.47997237932604736,345.5801131147541,799.2,0.0,720.0,1.0,888.0,-639360.0,120,-46.579869371920815,0.0,120,-36.41568349354868,0.0,120,-59.2880403338719,0.0,120,-18.931877506850363,0.0,120,-4.0338447464949105,0.0,120,-58.00828030248794,0.0,0.0,0.0,0.0,0.0,-639360.0,-639360.0,720.0,720.0,0.0,0.0,720.0,0.0,0.0,720
0.0,0.0,-0.0,0.0,0.0,0.0,-0.0,0.0,0.47997237932604736,345.5801131147541,799.2,0.0,720.0,1.0,888.0,-639360.0,120,-3.2642749505880575,0.0,120,-8.504839492993677,0.0,120,-2.7882745174826185,0.0,120,-19.428943924449584,0.0,120,-13.035104008626028,0.0,120,-33.214511652262274,0.0,0.0,0.0,0.0,0.0,-639360.0,-639360.0,720.0,720.0,0.0,0.0,720.0,0.0,0.0,720
0.0,0.0,-0.0,0.0,0.0,0.0,-0.0,0.0,0.47997237932604736,345.5801131147541,799.2,0.0,720.0,1.0,888.0,-639360.0,120,-0.03705693878348404,0.0,120,-17.437299990550933,0.0,120,-39.922528630623844,0.0,120,-18.61356487554997,0.0,120,-41.24649854604756,0.0,120,-6.658654606932579,0.0,0.0,0.0,0.0,0.0,-639360.0,-639360.0,720.0,720.0,0.0,0.0,720.0,0.0,0.0,720
0.0,0.0,-0.0,0.0,0.0,0.0,-0.0,0.0,0.47997237932604736,345.5801131147541,799.2,0.0,720.0,1.0,888.0,-639360.0,120,-59.82026972117494,0.0,120,-3.8621162451736746,0.0,120,-37.88984895258822,0.0,120,-38.11200124040813,0.0,120,-52.17468627831798,0.0,120,-45.68973040405775,0.0,0.0,0.0,0.0,0.0,-639360.0,-639360.0,720.0,720.0,0.0,0.0,720.0,0.0,0.0,720
0.0,0.0,-0.0,0.0,0.0,0.0,-0.0,0.0,0.47997237932604736,345.5801131147541,799.2,0.0,720.0,1.0,888.0,-639360.0,120,-11.8268051334166,0.0,120,-19.044621409666572,0.0,120,-57.44730631869927,0.0,120,-11.777360736262743,0.0,120,-41.02402608988629,0.0,120,-35.640337460946284,0.0,0.0,0.0,0.0,0.0,-639360.0,-639360.0,720.0,720.0,0.0,0.0,720.0,0.0,0.0,720
0.0,0.0,-0.0,0.0,0.0,0.0,-0.0,0.0,0.47997237932604736,345.5801131147541,799.2,0.0,720.0,1.0,888.0,-639360.0,120,-9.55657316776076,0.0,120,-35.31824624319964,0.0,120,-31.559584021349817,0.0,120,-8.951969706151491,0.0,120,-43.071110150831664,0.0,120,-23.919746726956852,0.0,0.0,0.0,0.0,0.0,-639360.0,-639360.0,720.0,720.0,0.0,0.0,720.0,0.0,0.0,720
0.0,0.0,-0.0,0.0,0.0,0.0,-0.0,0.0,0.47997237932604736,345.5801131147541,799.2,0.0,720.0,1.0,888.0,-639360.0,120,-56.933323880126906,0.0,120,-51.04048119601162,0.0,120,-45.85238740448226,0.0,120,-46.10869892363344,0.0,120,-5.0896512013991435,0.0,120,-26.415988695304335,0.0,0.0,0.0,0.0,0.0,-639360.0,-639360.0,720.0,720.0,0.0,0.0,720.0,0.0,0.0,720
0.0,0.0,-0.0,0.0,0.0,0.0,-0.0,0.0,0.47997237932604736,345.5801131147541,799.2,0.0,720.0,1.0,888.0,-639360.0,120,-42.263587636247124,0.0,120,-29.141190857183712,0.0,120,-15.429568696863834,0.0,120,-41.97873551832618,0.0,120,-54.50705045450794,0.0,120,-22.85311944396209,0.0,0.0,0.0,0.0,0.0,-639360.0,-639360.0,720.0,720.0,0.0,0.0,720.0,0.0,0.0,720
0.0,0.0,-0.0,0.0,0.0,0.0,-0.0,0.0,0.47997237932604736,345.5801131147541,799.2,0.0,720.0,1.0,888.0,-639360.0,120,-39.242422620554805,0.0,120,-13.877493643373915,0.0,120,-44.05406264856158,0.0,120,-40.575836185079716,0.0,120,-41.028568147557664,0.0,120,-20.22722663725041,0.0,0.0,0.0,0.0,0.0,-639360.0,-639360.0,720.0,720.0,0.0,0.0,720.0,0.0,0.0,720
0.0,0.0,-0.0,0.0,0.0,0.0,-0.0,0.0,0.47997237932604736,345.5801131147541,799.2,0.0,720.0,1.0,888.0,-639360.0,120,-47.981599778220655,0.0,120,-23.116200921426636,0.0,120,-4.516254404819913,0.0,120,-21.01493511298551,0.0,120,-6.121629792640624,0.0,120,-0.6653714175495162,0.0,0.0,0.0,0.0,0.0,-639360.0,-639360.0,720.0,720.0,0.0,0.0,720.0,0.0,0.0,720
0.0,0.0,-0.0,0.0,0.0,0.0,-0.0,0.0,0.47997237932604736,345.5801131147541,799.2,0.0,720.0,1.0,888.0,-639360.0,120,-20.804671234992636,0.0,120,-53.55748756161749,0.0,120,-20.859861155686083,0.0,120,-52.125150242340915,0.0,120,-34.54904358712035,0.0,120,-5.204839605158744,0.0,0.0,0.0,0.0,0.0,-639360.0,-639360.0,720.0,720.0,0.0,0.0,720.0,0.0,0.0,720
0.0,0.0,-0.0,0.0,0.0,0.0,-0.0,0.0,0.47997237932604736,345.5801131147541,799.2,0.0,720.0,1.0,888.0,-639360.0,120,-10.63708727183921,0.0,120,-10.926765933381894,0.0,120,-27.853670454849514,0.0,120,-21.997936485689465,0.0,120,-18.117527194225445,0.0,120,-57.2777274712119,0.0,0.0,0.0,0.0,0.0,-639360.0,-639360.0,720.0,720.0,0.0,0.0,720.0,0.0,0.0,720
0.0,0.0,-0.0,0.0,0.0,0.0,-0.0,0.0,0.47997237932604736,345.5801131147541,799.2,0.0,720.0,1.0,888.0,-639360.0,120,-16.471027240466775,0.0,120,-55.37472282433671,0.0,120,-18.025338103988013,0.0,120,-55.05722940951504,0.0,120,-6.319813916825741,0.0,120,-4.426681186297754,0.0,0.0,0.0,0.0,0.0,-639360.0,-639360.0,720.0,720.0,0.0,0.0,720.0,0.0,0.0,720
0.0,0.0,-0.0,0.0,0.0,0.0,-0.0,0.0,0.47997237932604736,345.5801131147541,799.2,0.0,720.0,1.0,888.0,-639360.0,120,-40.2248331620509,0.0,120,-41.901189141609905,0.0,120,-46.17652139824429,0.0,120,-32.5078361693996,0.0,120,-15.190455665327763,0.0,120,-18.569948181029957,0.0,0.0,0.0,0.0,0.0,-639360.0,-639360.0,720.0,720.0,0.0,0.0,720.0,0.0,0.0,720
184.9157879824192,0.0,-1849.1578798241922,0.0,0.0,0.0,-0.0,0.0,0.47997237932604736,256.8009815119918,799.2,0.0,535.032832248761,1.0,888.0,-475109.1550368998,120,-8.53711457502564,0.0,120,-5.443398907547494,0.0,120,-20.988453753443046,0.0,120,-46.51233754951606,0.0,120,-50.62726390723449,0.0,120,-46.203205410918635,0.0,0.0,0.0513797688197886,0.0513797688197886,0.0,-476958.31291672395,-476958.31291672395,720.0,720.0,184.967167751239,0.0,535.032832248761,0.0,0.0,720
184.9157879824192,0.0,-1849.1578798241922,0.0,0.0,0.0,-0.0,0.0,0.47997237932604736,256.8009815119918,799.2,0.0,535.032832248761,1.0,888.0,-475109.1550368998,120,-7.277061290646916,0.0,120,-5.879776969359889,0.0,120,-33.05989764475655,0.0,120,-9.045651362466474,0.0,120,-16.416897211447473,0.0,120,-36.84170286010634,0.0,0.0,0.0513797688197886,0.0513797688197886,0.0,-476958.31291672395,-476958.31291672395,720.0,720.0,184.967167751239,0.0,535.032832248761,0.0,0.0,720
184.9157879824192,0.0,-1849.1578798241922,0.0,0.0,0.0,-0.0,0.0,0.47997237932604736,256.8009815119918,799.2,0.0,535.032832248761,1.0,888.0,-475109.1550368998,120,-29.852146842980492,0.0,120,-53.01055287779412,0.0,120,-48.60390783220659,0.0,120,-2.2104875117468015,0.0,120,-22.668740516765123,0.0,120,-8.74450820005091,0.0,0.0,0.0513797688197886,0.0513797688197886,0.0,-476958.31291672395,-476958.31291672395,720.0,720.0,184.967167751239,0.0,535.032832248761,0.0,0.0,720
184.9157879824192,0.0,-1849.1578798241922,0.0,0.0,0.0,-0.0,0.0,0.47997237932604736,256.8009815119918,799.2,0.0,535.032832248761,1.0,888.0,-475109.1550368998,120,-24.12931214230725,0.0,120,-44.09813035459672,0.0,120,-36.01055518046323,0.0,120,-2.9231566022107836,0.0,120,-36.62461701963047,0.0,120,-59.575061513025496,0.0,0.0,0.0513797688197886,0.0513797688197886,0.0,-476958.31291672395,-476958.31291672395,720.0,720.0,184.967167751239,0.0,535.032832248761,0.0,0.0,720
184.9157879824192,0.0,-1849.1578798241922,0.0,0.0,0.0,-0.0,0.0,0.47997237932604736,256.8009815119918,799.2,0.0,535.032832248761,1.0,888.0,-475109.1550368998,120,-1.7641518796878253,0.0,120,-43.30361839078807,0.0,120,-13.7893921842776,0.0,120,-21.64401705649244,0.0,120,-47.06276087768862,0.0,120,-32.44939074005202,0.0,0.0,0.0513797688197886,0.0513797688197886,0.0,-476958.31291672395,-476958.31291672395,720.0,720.0,184.967167751239,0.0,535.032832248761,0.0,0.0,720
184.9157879824192,0.0,-1849.1578798241922,0.0,0.0,0.0,-0.0,0.0,0.47997237932604736,256.8009815119918,799.2,0.0,535.032832248761,1.0,888.0,-475109.1550368998,120,-40.02388763148805,0.0,120,-46.438580855755255,0.0,120,-31.27933343829618,0.0,120,-6.940317909547695,0.0,120,-13.984127850763574,0.0,120,-59.34952504480505,0.0,0.0,0.0513797688197886,0.0513797688197886,0.0,-476958.31291672395,-476958.31291672395,720.0,720.0,184.967167751239,0.0,535.032832248761,0.0,0.0,720
620.1389027101587,0.0,-6201.389027101587,0.0,0.0,0.0,-0.0,0.0,0.47997237932604736,47.84786506607927,799.2,0.0,99.6887886200135,1.0,888.0,-88523.64429457199,120,-47.68842379318642,0.0,120,-36.00660513778553,0.0,120,-22.100188876120054,0.0,120,-6.470833970054908,0.0,120,-3.3053640441414345,0.0,120,-16.44707862359627,0.0,0.0,0.172308669827774,0.172308669827774,0.0,-94725.03332167357,-94725.03332167357,720.0,720.0,620.3112113799865,0.0,99.6887886200135,0.0,0.0,720
620.1389027101587,0.0,-6201.389027101587,0.0,0.0,0.0,-0.0,0.0,0.47997237932604736,47.84786506607927,799.2,0.0,99.6887886200135,1.0,888.0,-88523.64429457199,120,-21.572443673177705,0.0,120,-58.26052750577643,0.0,120,-16.043645077036658,0.0,120,-44.042188728673786,0.0,120,-17.47812648049766,0.0,120,-33.836757260491424,0.0,0.0,0.172308669827774,0.172308669827774,0.0,-94725.03332167357,-94725.03332167357,720.0,720.0,620.3112113799865,0.0,99.6887886200135,0.0,0.0,720
620.1389027101587,0.0,-6201.389027101587,0.0,0.0,0.0,-0.0,0.0,0.47997237932604736,47.84786506607927,799.2,0.0,99.6887886200135,1.0,888.0,-88523.64429457199,120,-28.432954027919504,0.0,120,-52.404224837525895,0.0,120,-21.79692972732252,0.0,120,-33.38296657076987,0.0,120,-46.36350045886332,0.0,120,-24.768389381853943,0.0,0.0,0.172308669827774,0.172308669827774,0.0,-94725.03332167357,-94725.03332167357,720.0,720.0,620.3112113799865,0.0,99.6887886200135,0.0,0.0,720
620.1389027101587,0.0,-6201.389027101587,0.0,0.0,0.0,-0.0,0.0,0.47997237932604736,47.84786506607927,799.2,0.0,99.6887886200135,1.0,888.0,-88523.64429457199,120,-9.49855040045386,0.0,120,-45.74375379458539,0.0,120,-34.5925904630601,0.0,120,-43.32674756093114,0.0,120,-3.9511775952574513,0.0,120,-43.37480377361407,0.0,0.0,0.172308669827774,0.172308669827774,0.0,-94725.03332167357,-94725.03332167357,720.0,720.0,620.3112113799865,0.0,99.6887886200135,0.0,0.0,720
620.1389027101587,0.0,-6201.389027101587,0.0,0.0,0.0,-0.0,0.0,0.47997237932604736,47.84786506607927,799.2,0.0,99.6887886200135,1.0,888.0,-88523.64429457199,120,-17.844615420602732,0.0,120,-20.15529318732171,0.0,120,-58.200073087521936,0.0,120,-12.324629006060984,0.0,120,-16.490887378831232,0.0,120,-17.986322034561603,0.0,0.0,0.172308669827774,0.172308669827774,0.0,-94725.03332167357,-94725.03332167357,720.0,720.0,620.3112113799865,0.0,99.6887886200135,0.0,0.0,720
620.1389027101587,0.0,-6201.389027101587,0.0,0.0,0.0,-0.0,0.0,0.47997237932604736,47.84786506607927,799.2,0.0,99.6887886200135,1.0,888.0,-88523.64429457199,120,-8.889587870461478,0.0,120,-30.069586863688112,0.0,120,-37.91836879286778,0.0,120,-21.159584540955056,0.0,120,-47.17564940996309,0.0,120,-26.23213330297566,0.0,0.0,0.172308669827774,0.172308669827774,0.0,-94725.03332167357,-94725.03332167357,720.0,720.0,620.3112113799865,0.0,99.6887886200135,0.0,0.0,720
1211.6712935900932,0.0,-12116.712935900932,492.0079624685568,0.0,0.0,-0.0,0.0,0.47997237932604736,0.0,799.2,0.0,0.0,1.0,888.0,-0.0,120,-34.15347753698796,0.0,120,-9.712983620756575,0.0,120,-1.9312081552328642,0.0,120,-6.803270862755674,0.0,120,-44.75902890025992,0.0,120,-28.303163985888396,0.0,0.0,0.336668878463488,0.336668878463488,0.0,-12116.712935900932,-12116.712935900932,1212.0079624685568,1212.0079624685568,1212.0079624685568,0.0,0.0,492.0079624685568,0.0,720
1211.6712935900932,0.0,-12116.712935900932,492.0079624685568,442.80716622170115,0.0,-0.0,0.010733938531057164,0.47997237932604736,0.0,799.2,0.0,0.0,1.0,888.0,-0.0,120,-52.19920560467766,0.0,120,-52.71334661467806,0.0,120,-21.03867322476319,0.0,120,-6.120427800831978,0.0,120,-8.308713391507998,0.0,120,-57.810778042414256,0.0,0.0,0.336668878463488,0.336668878463488,0.0,-12116.712935900932,-12116.712935900932,1212.0079624685568,1212.0079624685568,1212.0079624685568,0.0,0.0,492.0079624685568,0.0,720
1211.6712935900932,0.0,-12116.712935900932,492.0079624685568,885.6143324434023,0.0,-0.0,0.021467877062114327,0.47997237932604736,0.0,799.2,0.0,0.0,1.0,888.0,-0.0,120,-39.98983172009339,0.0,120,-55.07755088789515,0.0,120,-29.92595318290641,0.0,120,-15.861352514341629,0.0,120,-28.808422933249993,0.0,120,-54.4985916266525,0.0,0.0,0.336668878463488,0.336668878463488,0.0,-12116.712935900932,-12116.712935900932,1212.0079624685568,1212.0079624685568,1212.0079624685568,0.0,0.0,492.0079624685568,0.0,720
1211.6712935900932,0.0,-12116.712935900932,492.0079624685568,1328.4214986651034,0.0,-0.0,0.032201815593171486,0.47997237932604736,0.0,799.2,0.0,0.0,1.0,888.0,-0.0,120,-49.50564697498251,0.0,120,-5.7463901430903,0.0,120,-47.25043274746098,0.0,120,-41.24667241234299,0.0,120,-54.79905201628412,0.0,120,-48.398718565724835,0.0,0.0,0.336668878463488,0.336668878463488,0.0,-12116.712935900932,-12116.712935900932,1212.0079624685568,1212.0079624685568,1212.0079624685568,0.0,0.0,492.0079624685568,0.0,720
1211.6712935900932,0.0,-12116.712935900932,492.0079624685568,1771.2286648868046,0.0,-0.0,0.042935754124228655,0.47997237932604736,0.0,799.2,0.0,0.0,1.0,888.0,-0.0,120,-46.20854739654449,0.0,120,-17.366922268038067,0.0,120,-20.82553695940198,0.0,120,-13.333806848640284,0.0,120,-31.22881090076007,0.0,120,-50.99499775888103,0.0,0.0,0.336668878463488,0.336668878463488,0.0,-12116.712935900932,-12116.712935900932,1212.0079624685568,1212.0079624685568,1212.0079624685568,0.0,0.0,492.0079624685568,0.0,720
1211.6712935900932,0.0,-12116.712935900932,492.0079624685568,2214.0358311085056,0.0,-0.0,0.05366969265528581,0.47997237932604736,0.0,799.2,0.0,0.0,1.0,888.0,-0.0,120,-15.421225869063067,0.0,120,-36.69104273393507,0.0,120,-41.84641134283654,0.0,120,-3.8413341255967937,0.0,120,-53.967854398589054,0.0,120,-4.290680604715327,0.0,0.0,0.336668878463488,0.336668878463488,0.0,-12116.712935900932,-12116.712935900932,1212.0079624685568,1212.0079624685568,1212.0079624685568,0.0,0.0,492.0079624685568,0.0,720
1839.0262100271516,0.0,-18390.262100271517,1119.5371925806462,2656.842997330207,0.0,-0.0,0.06440363118634297,0.47997237932604736,0.0,799.2,0.0,0.0,1.0,888.0,-0.0,120,-44.64025271709037,0.0,120,-14.927457669393245,0.0,120,-58.75872121914609,0.0,120,-6.198524301853244,0.0,120,-58.70390139164293,0.0,120,-34.77370221936225,0.0,0.0,0.510982553494624,0.510982553494624,0.0,-18390.262100271517,-18390.262100271517,1839.5371925806462,1839.5371925806462,1839.5371925806462,0.0,0.0,1119.5371925806462,0.0,720
1839.0262100271516,0.0,-18390.262100271517,1119.5371925806462,3664.4264706527883,0.0,-0.0,0.08882812087976119,0.47997237932604736,0.0,799.2,0.0,0.0,1.0,888.0,-0.0,120,-46.56697636323919,0.0,120,-3.061997460382333,0.0,120,-48.26835310997062,0.0,120,-54.026132869909944,0.0,120,-15.188763879726432,0.0,120,-6.984725240319063,0.0,0.0,0.510982553494624,0.510982553494624,0.0,-18390.262100271517,-18390.262100271517,1839.5371925806462,1839.5371925806462,1839.5371925806462,0.0,0.0,1119.5371925806462,0.0,720
1839.0262100271516,0.0,-18390.262100271517,1119.5371925806462,4672.00994397537,0.0,-0.0,0.11325261057317941,0.47997237932604736,0.0,799.2,0.0,0.0,1.0,888.0,-0.0,120,-15.667818941787218,0.0,120,-29.997758800237342,0.0,120,-48.36100673367915,0.0,120,-30.80660514468304,0.0,120,-4.107675235537764,0.0,120,-21.9944709248838,0.0,0.0,0.510982553494624,0.510982553494624,0.0,-18390.262100271517,-18390.262100271517,1839.5371925806462,1839.5371925806462,1839.5371925806462,0.0,0.0,1119.5371925806462,0.0,720
1839.0262100271516,0.0,-18390.262100271517,1119.5371925806462,5679.593417297952,0.0,-0.0,0.13767710026659763,0.47997237932604736,0.0,799.2,0.0,0.0,1.0,888.0,-0.0,120,-16.46277446700709,0.0,120,-42.851869340084306,0.0,120,-39.051293042794256,0.0,120,-9.317614157694248,0.0,120,-1.4459814807001004,0.0,120,-6.54396176248617,0.0,0.0,0.510982553494624,0.510982553494624,0.0,-18390.262100271517,-18390.262100271517,1839.5371925806462,1839.5371925806462,1839.5371925806462,0.0,0.0,1119.5371925806462,0.0,720
1839.0262100271516,0.0,-18390.262100271517,1119.5371925806462,6687.176890620534,0.0,-0.0,0.16210158996001586,0.47997237932604736,0.0,799.2,0.0,0.0,1.0,888.0,-0.0,120,-15.31696681020005,0.0,120,-11.729789894381303,0.0,120,-52.308778877910186,0.0,120,-38.109342063820684,0.0,120,-44.103351971966525,0.0,120,-22.359863448315462,0.0,0.0,0.510982553494624,0.510982553494624,0.0,-18390.262100271517,-18390.262100271517,1839.5371925806462,1839.5371925806462,1839.5371925806462,0.0,0.0,1119.5371925806462,0.0,720
1839.0262100271516,0.0,-18390.262100271517,1119.5371925806462,7694.760363943116,0.0,-0.0,0.1865260796534341,0.47997237932604736,0.0,799.2,0.0,0.0,1.0,888.0,-0.0,120,-9.735875206693692,0.0,120,-47.33677078467194,0.0,120,-8.074080322174668,0.0,120,-23.565410617226718,0.0,120,-57.304777776729296,0.0,120,-20.268178675146245,0.0,0.0,0.510982553494624,0.510982553494624,0.0,-18390.262100271517,-18390.262100271517,1839.5371925806462,1839.5371925806462,1839.5371925806462,0.0,0.0,1119.5371925806462,0.0,720
2165.532213963537,0.0,-21655.32213963537,1446.1339178296007,8702.343837265698,0.0,-0.0,0.2109505693468523,0.47997237932604736,0.0,799.2,0.0,0.0,1.0,888.0,-0.0,120,-30.629226625966965,0.0,120,-6.5029875786127445,0.0,120,-55.558502951281646,0.0,120,-18.26399441149122,0.0,120,-19.412805619061068,0.0,120,-28.710920546551357,0.0,0.0,0.601703866063778,0.601703866063778,0.0,-21655.32213963537,-21655.32213963537,2166.1339178296007,2166.1339178296007,2166.1339178296007,0.0,0.0,1446.1339178296007,0.0,720
2165.532213963537,0.0,-21655.32213963537,1446.1339178296007,10003.86436331234,0.0,-0.0,0.24250028757453615,0.47997237932604736,0.0,799.2,0.0,0.0,1.0,888.0,-0.0,120,-29.598767155609096,0.0,120,-32.172726667975404,0.0,120,-15.376613715970448,0.0,120,-24.68915442940076,0.0,120,-33.33638358546119,0.0,120,-46.57153926640389,0.0,0.0,0.601703866063778,0.601703866063778,0.0,-21655.32213963537,-21655.32213963537,2166.1339178296007,2166.1339178296007,2166.1339178296007,0.0,0.0,1446.1339178296007,0.0,720
2165.532213963537,0.0,-21655.32213963537,1446.1339178296007,11305.38488935898,0.0,-0.0,0.27405000580221994,0.47997237932604736,0.0,799.2,0.0,0.0,1.0,888.0,-0.0,120,-11.606536231765192,0.0,120,-55.60180111301167,0.0,120,-41.45740400105768,0.0,120,-37.404993022825124,0.0,120,-51.00477387982492,0.0,120,-28.59907536009767,0.0,0.0,0.601703866063778,0.601703866063778,0.0,-21655.32213963537,-21655.32213963537,2166.1339178296007,2166.1339178296007,2166.1339178296007,0.0,0.0,1446.1339178296007,0.0,720
2165.532213963537,0.0,-21655.32213963537,1446.1339178296007,12606.905415405621,0.0,-0.0,0.3055997240299038,0.47997237932604736,0.0,799.2,0.0,0.0,1.0,888.0,-0.0,120,-18.563010695164714,0.0,120,-40.84231453492672,0.0,120,-44.25113890286349,0.0,120,-14.727468742839541,0.0,120,-33.45980531455511,0.0,120,-44.98924398339021,0.0,0.0,0.601703866063778,0.601703866063778,0.0,-21655.32213963537,-21655.32213963537,2166.1339178296007,2166.1339178296007,2166.1339178296007,0.0,0.0,1446.1339178296007,0.0,720
2165.532213963537,0.0,-21655.32213963537,1446.1339178296007,13908.425941452262,0.0,-0.0,0.33714944225758764,0.47997237932604736,0.0,799.2,0.0,0.0,1.0,888.0,-0.0,120,-46.20039508569336,0.0,120,-44.69257961507667,0.0,120,-29.336379899474952,0.0,120,-49.773716989281624,0.0,120,-55.35249213604784,0.0,120,-28.304617105729637,0.0,0.0,0.601703866063778,0.601703866063778,0.0,-21655.32213963537,-21655.32213963537,2166.1339178296007,2166.1339178296007,2166.1339178296007,0.0,0.0,1446.1339178296007,0.0,720
2165.532213963537,0.0,-21655.32213963537,1446.1339178296007,15209.946467498903,0.0,-0.0,0.36869916048527146,0.47997237932604736,0.0,799.2,0.0,0.0,1.0,888.0,-0.0,120,-19.468215027931016,0.0,120,-52.660977227368946,0.0,120,-48.20316793986959,0.0,120,-59.45784081976315,0.0,120,-59.42966595655175,0.0,120,-31.532000884081572,0.0,0.0,0.601703866063778,0.601703866063778,0.0,-21655.32213963537,-21655.32213963537,2166.1339178296007,2166.1339178296007,2166.1339178296007,0.0,0.0,1446.1339178296007,0.0,720
2165.3417407995557,0.0,-21653.417407995556,1445.9433917417064,16511.466993545542,0.0,-0.0,0.4002488787129552,0.47997237932604736,0.0,799.2,0.0,0.0,1.0,888.0,-0.0,120,-44.21410866062386,0.0,120,-1.8467627065437986,0.0,120,-14.597636004212553,0.0,120,-14.492499055424283,0.0,120,-16.096662287150206,0.0,120,-37.95224415455873,0.0,0.0,0.601650942150474,0.601650942150474,0.0,-21653.417407995556,-21653.417407995556,2165.9433917417064,2165.9433917417064,2165.9433917417064,0.0,0.0,1445.9433917417064,0.0,720
2165.3417407995557,0.0,-21653.417407995556,1445.9433917417064,17812.81604611308,0.0,-0.0,0.4317944403101127,0.47997237932604736,0.0,799.2,0.0,0.0,1.0,888.0,-0.0,120,-48.33319898212804,0.0,120,-1.8950518789127768,0.0,120,-38.28661720169744,0.0,120,-44.99025409632586,0.0,120,-33.65931851713759,0.0,120,-0.9316254767660115,0.0,0.0,0.601650942150474,0.601650942150474,0.0,-21653.417407995556,-21653.417407995556,2165.9433917417064,2165.9433917417064,2165.9433917417064,0.0,0.0,1445.9433917417064,0.0,720
2165.3417407995557,0.0,-21653.417407995556,1445.9433917417064,19114.165098680616,0.0,-0.0,0.46334000190727015,0.47997237932604736,0.0,799.2,0.0,0.0,1.0,888.0,-0.0,120,-36.59128469702919,0.0,120,-43.944028924477855,0.0,120,-19.468182557503148,0.0,120,-10.481229395479064,0.0,120,-58.01827698205181,0.0,120,-52.99730391490405,0.0,0.0,0.601650942150474,0.601650942150474,0.0,-21653.417407995556,-21653.417407995556,2165.9433917417064,2165.9433917417064,2165.9433917417064,0.0,0.0,1445.9433917417064,0.0,720
2165.3417407995557,0.0,-21653.417407995556,1445.9433917417064,20415.514151248153,0.0,-0.0,0.49488556350442764,0.47997237932604736,0.0,799.2,0.0,0.0,1.0,888.0,-0.0,120,-14.5858744343173,0.0,120,-12.730696055867487,0.0,120,-21.00741767006586,0.0,120,-22.05499560913449,0.0,120,-49.60553371897042,0.0,120,-23.260760112606988,0.0,0.0,0.601650942150474,0.601650942150474,0.0,-21653.417407995556,-21653.417407995556,2165.9433917417064,2165.9433917417064,2165.9433917417064,0.0,0.0,1445.9433917417064,0.0,720
2165.3417407995557,0.0,-21653.417407995556,1445.9433917417064,21716.86320381569,0.0,-0.0,0.5264311251015851,0.47997237932604736,0.0,799.2,0.0,0.0,1.0,888.0,-0.0,120,-38.7254745079749,0.0,120,-34.2798521565962,0.0,120,-27.94042947460562,0.0,120,-6.571989460140757,0.0,120,-29.455976221395787,0.0,120,-40.94193345965218,0.0,0.0,0.601650942150474,0.601650942150474,0.0,-21653.417407995556,-21653.417407995556,2165.9433917417064,2165.9433917417064,2165.9433917417064,0.0,0.0,1445.9433917417064,0.0,720
2165.3417407995557,0.0,-21653.417407995556,1445.9433917417064,23018.212256383227,0.0,-0.0,0.5579766866987426,0.47997237932604736,0.0,799.2,0.0,0.0,1.0,888.0,-0.0,120,-29.9585512420219,0.0,120,-39.00805725727298,0.0,120,-47.51399267495199,0.0,120,-56.784885782177646,0.0,120,-55.967515064728474,0.0,120,-55.57092682988024,0.0,0.0,0.601650942150474,0.601650942150474,0.0,-21653.417407995556,-21653.417407995556,2165.9433917417064,2165.9433917417064,2165.9433917417064,0.0,0.0,1445.9433917417064,0.0,720
1936.7563575634274,0.0,-19367.563575634274,1217.2944949231282,24319.561308950764,0.0,-0.0,0.5895222482959,0.47997237932604736,0.0,799.2,0.0,0.0,1.0,888.0,-0.0,120,-37.072841937703046,0.0,120,-0.557068033352397,0.0,120,-44.30656609630094,0.0,120,-17.617376617263247,0.0,120,-45.68817930866727,0.0,120,-14.435355756819925,0.0,0.0,0.538137359700869,0.538137359700869,0.0,-19367.563575634274,-19367.563575634274,1937.2944949231282,1937.2944949231282,1937.2944949231282,0.0,0.0,1217.2944949231282,0.0,720
1936.7563575634274,0.0,-19367.563575634274,1217.2944949231282,25415.12635438158,0.0,-0.0,0.6160794694781369,0.47997237932604736,0.0,799.2,0.0,0.0,1.0,888.0,-0.0,120,-50.0424511659301,0.0,120,-37.08395162054163,0.0,120,-37.693089331801936,0.0,120,-27.02568382574793,0.0,120,-49.24363287010557,0.0,120,-15.069124401951639,0.0,0.0,0.538137359700869,0.538137359700869,0.0,-19367.563575634274,-19367.563575634274,1937.2944949231282,1937.2944949231282,1937.2944949231282,0.0,0.0,1217.2944949231282,0.0,720
1936.7563575634274,0.0,-19367.563575634274,1217.2944949231282,26510.691399812396,0.0,-0.0,0.6426366906603737,0.47997237932604736,0.0,799.2,0.0,0.0,1.0,888.0,-0.0,120,-27.244837702192438,0.0,120,-11.224283393840903,0.0,120,-45.70998162731563,0.0,120,-58.68699002346453,0.0,120,-53.90832192668097,0.0,120,-32.20539179892452,0.0,0.0,0.538137359700869,0.538137359700869,0.0,-19367.563575634274,-19367.563575634274,1937.2944949231282,1937.2944949231282,1937.2944949231282,0.0,0.0,1217.2944949231282,0.0,720
1936.7563575634274,0.0,-19367.563575634274,1217.2944949231282,27606.256445243213,0.0,-0.0,0.6691939118426106,0.47997237932604736,0.0,799.2,0.0,0.0,1.0,888.0,-0.0,120,-7.5521633483573485,0.0,120,-55.655132396131265,0.0,120,-37.284747876484516,0.0,120,-3.5181634764175085,0.0,120,-25.035622884443484,0.0,120,-41.72176336530315,0.0,0.0,0.538137359700869,0.538137359700869,0.0,-19367.563575634274,-19367.563575634274,1937.2944949231282,1937.2944949231282,1937.2944949231282,0.0,0.0,1217.2944949231282,0.0,720
1936.7563575634274,0.0,-19367.563575634274,1219.2944949231282,28701.82149067403,0.0,-0.0,0.6957511330248474,0.47997237932604736,0.0,799.2,0.0,0.0,1.0,888.0,-0.0,120,-51.06766803791794,0.0,120,-18.26854584747615,0.0,120,-47.30459440941327,0.0,120,-26.730245607505946,0.0,118,-51.67472003653349,0.0,120,-46.38590895422747,0.0,0.0,0.538137359700869,0.538137359700869,0.0,-19367.563575634274,-19367.563575634274,1937.2944949231282,1937.2944949231282,1937.2944949231282,0.0,0.0,1219.2944949231282,0.0,718
1936.7563575634274,0.0,-19367.563575634274,1219.2944949231282,29799.186536104844,0.0,-0.0,0.7223519873973976,0.47997237932604736,0.0,799.2,0.0,0.0,1.0,888.0,-0.0,120,-40.92972720160319,0.0,120,-53.58047666693643,0.0,120,-41.241077011926635,0.0,120,-37.86033014748626,0.0,118,-3.188878576757528,0.0,120,-38.93554590629194,0.0,0.0,0.538137359700869,0.538137359700869,0.0,-19367.563575634274,-19367.563575634274,1937.2944949231282,1937.2944949231282,1937.2944949231282,0.0,0.0,1219.2944949231282,0.0,718
1508.8973503835339,0.0,-15088.97350383534,791.3166049960328,30896.55158153566,0.0,-0.0,0.7489528417699479,0.47997237932604736,0.0,799.2,0.0,0.0,1.0,888.0,-0.0,120,-13.542182593538943,0.0,120,-6.455364755080215,0.0,120,-37.27987530611183,0.0,120,-8.989255621197058,0.0,118,-58.52453884778491,0.0,120,-30.402308618863852,0.0,0.0,0.419254612498898,0.419254612498898,0.0,-15088.97350383534,-15088.97350383534,1509.3166049960328,1509.3166049960328,1509.3166049960328,0.0,0.0,791.3166049960328,0.0,718
1508.8973503835339,0.0,-15088.97350383534,737.3166049960328,31608.736526032088,0.0,-0.0,0.7662166757819331,0.47997237932604736,0.0,799.2,0.0,0.0,1.0,888.0,-0.0,118,-42.876933415623434,0.0,118,-27.66841006411367,0.0,118,-8.852891043412725,0.0,120,-13.573172955018931,0.0,180,-46.23462753082459,0.0,118,-39.14861778094266,0.0,0.0,0.419254612498898,0.419254612498898,0.0,-15088.97350383534,-15088.97350383534,1509.3166049960328,1509.3166049960328,1509.3166049960328,0.0,0.0,737.3166049960328,0.0,772
1508.8973503835339,0.0,-15088.97350383534,737.3166049960328,32272.321470528517,0.0,-0.0,0.7823024136554558,0.47997237932604736,0.0,799.2,0.0,0.0,1.0,888.0,-0.0,118,-12.221975792093394,0.0,118,-32.258735699773766,0.0,118,-44.05823948555313,0.0,120,-29.433058632275795,0.0,180,-7.36146861008174,0.0,118,-16.337429716002134,0.0,0.0,0.419254612498898,0.419254612498898,0.0,-15088.97350383534,-15088.97350383534,1509.3166049960328,1509.3166049960328,1509.3166049960328,0.0,0.0,737.3166049960328,0.0,772
1508.8973503835339,0.0,-15088.97350383534,737.3166049960328,32935.90641502495,0.0,-0.0,0.7983881515289785,0.47997237932604736,0.0,799.2,0.0,0.0,1.0,888.0,-0.0,118,-41.79587731945075,0.0,118,-50.03647947768251,0.0,118,-38.58304304554074,0.0,120,-12.3288959435555,0.0,180,-5.996398246349464,0.0,118,-29.47935752134815,0.0,0.0,0.419254612498898,0.419254612498898,0.0,-15088.97350383534,-15088.97350383534,1509.3166049960328,1509.3166049960328,1509.3166049960328,0.0,0.0,737.3166049960328,0.0,772
1508.8973503835339,0.0,-15088.97350383534,799.3166049960328,33599.49135952137,0.0,-0.0,0.814473889402501,0.47997237932604736,0.0,799.2,0.0,0.0,1.0,888.0,-0.0,118,-21.056346545703025,0.0,118,-21.016594144587433,0.0,118,-7.995764398000603,0.0,120,-23.391471330292344,0.0,118,-41.02713030366375,0.0,118,-14.307613030002857,0.0,0.0,0.419254612498898,0.419254612498898,0.0,-15088.97350383534,-15088.97350383534,1509.3166049960328,1509.3166049960328,1509.3166049960328,0.0,0.0,799.3166049960328,0.0,710
1508.8973503835339,0.0,-15088.97350383534,799.3166049960328,34318.8763040178,0.0,-0.0,0.8319122561757399,0.47997237932604736,0.0,799.2,0.0,0.0,1.0,888.0,-0.0,118,-39.44913456365851,0.0,118,-46.30345487030103,0.0,118,-7.094985807935375,0.0,120,-19.62356646940402,0.0,118,-26.077167018443262,0.0,118,-35.18372712027537,0.0,0.0,0.419254612498898,0.419254612498898,0.0,-15088.97350383534,-15088.97350383534,1509.3166049960328,1509.3166049960328,1509.3166049960328,0.0,0.0,799.3166049960328,0.0,710
884.6699299838101,0.0,-8846.699299838101,174.91573991156326,35038.26124851423,0.0,-0.0,0.849350622948979,0.47997237932604736,0.0,799.2,0.0,0.0,1.0,888.0,-0.0,118,-0.8775385582280704,0.0,118,-11.135139377486285,0.0,118,-13.199501827513595,0.0,120,-23.624229090820364,0.0,118,-58.28223460060147,0.0,118,-5.157086620526243,0.0,0.0,0.245809927753212,0.245809927753212,0.0,-8846.699299838101,-8846.699299838101,884.9157399115633,884.9157399115633,884.9157399115633,0.0,0.0,174.91573991156326,0.0,710
884.6699299838101,0.0,-8846.699299838101,174.91573991156326,35195.685414434636,0.0,-0.0,0.8531666888331669,0.47997237932604736,0.0,799.2,0.0,0.0,1.0,888.0,-0.0,118,-42.77183244700513,0.0,118,-58.162865954193116,0.0,118,-10.412163500622214,0.0,120,-30.84841852519422,0.0,118,-32.36116598356029,0.0,118,-26.55037503752655,0.0,0.0,0.245809927753212,0.245809927753212,0.0,-8846.699299838101,-8846.699299838101,884.9157399115633,884.9157399115633,884.9157399115633,0.0,0.0,174.91573991156326,0.0,710
884.6699299838101,0.0,-8846.699299838101,174.91573991156326,35353.10958035504,0.0,-0.0,0.8569827547173549,0.47997237932604736,0.0,799.2,0.0,0.0,1.0,888.0,-0.0,118,-40.65537551104178,0.0,118,-39.501388104571106,0.0,118,-39.429369533475665,0.0,120,-25.574275558621224,0.0,118,-58.293256259076806,0.0,118,-18.35507796040768,0.0,0.0,0.245809927753212,0.245809927753212,0.0,-8846.699299838101,-8846.699299838101,884.9157399115633,884.9157399115633,884.9157399115633,0.0,0.0,174.91573991156326,0.0,710
884.6699299838101,0.0,-8846.699299838101,174.91573991156326,35510.53374627545,0.0,-0.0,0.8607988206015429,0.47997237932604736,0.0,799.2,0.0,0.0,1.0,888.0,-0.0,118,-7.479028753017303,0.0,118,-19.580666771140724,0.0,118,-33.05510457515198,0.0,120,-37.09006817152392,0.0,118,-23.291877361650837,0.0,118,-20.67240322718605,0.0,0.0,0.245809927753212,0.245809927753212,0.0,-8846.699299838101,-8846.699299838101,884.9157399115633,884.9157399115633,884.9157399115633,0.0,0.0,174.91573991156326,0.0,710
884.6699299838101,0.0,-8846.699299838101,174.91573991156326,35667.95791219585,0.0,-0.0,0.8646148864857308,0.47997237932604736,0.0,799.2,0.0,0.0,1.0,888.0,-0.0,118,-7.0777187719222745,0.0,118,-39.530917732895574,0.0,118,-17.319802712654223,0.0,120,-2.8073685618939215,0.0,118,-28.971787746916018,0.0,118,-26.971563891268886,0.0,0.0,0.245809927753212,0.245809927753212,0.0,-8846.699299838101,-8846.699299838101,884.9157399115633,884.9157399115633,884.9157399115633,0.0,0.0,174.91573991156326,0.0,710
884.6699299838101,0.0,-8846.699299838101,174.91573991156326,35825.38207811626,0.0,-0.0,0.8684309523699187,0.47997237932604736,0.0,799.2,0.0,0.0,1.0,888.0,-0.0,118,-59.427184522598274,0.0,118,-49.592740745421494,0.0,118,-0.6502173997408711,0.0,120,-26.281334340414805,0.0,118,-43.223420718344975,0.0,118,-56.17310111294474,0.0,0.0,0.245809927753212,0.245809927753212,0.0,-8846.699299838101,-8846.699299838101,884.9157399115633,884.9157399115633,884.9157399115633,0.0,0.0,174.91573991156326,0.0,710
261.47620575623034,0.0,-2614.762057562303,0.0,35982.80624403666,448.45114178315384,-0.0,0.8722470182541067,0.47997237932604736,0.0,799.2,0.0,0.0,1.0,888.0,-0.0,118,-9.825158495670085,0.0,118,-45.04902146939501,0.0,118,-8.199127998674436,0.0,120,-46.04059328651938,0.0,118,-44.136878106388,0.0,118,-28.035969254537946,0.0,0.0,0.0726524606157906,0.0726524606157906,0.0,-2614.762057562303,-2614.762057562303,710.0,710.0,261.54885821684616,0.0,448.45114178315384,0.0,0.0,710
261.47620575623034,0.0,-2614.762057562303,0.0,35484.527197610936,448.45114178315384,-0.0,0.8601684046641683,0.47997237932604736,0.0,799.2,0.0,0.0,1.0,888.0,-0.0,118,-57.09794824320182,0.0,118,-12.693472092862184,0.0,118,-33.340131714788775,0.0,120,-44.18386439152127,0.0,118,-39.397351925226644,0.0,118,-18.787743169632655,0.0,0.0,0.0726524606157906,0.0726524606157906,0.0,-2614.762057562303,-2614.762057562303,710.0,710.0,261.54885821684616,0.0,448.45114178315384,0.0,0.0,710
261.47620575623034,0.0,-2614.762057562303,0.0,34986.24815118521,448.45114178315384,-0.0,0.84808979107423,0.47997237932604736,0.0,799.2,0.0,0.0,1.0,888.0,-0.0,118,-8.108421155542247,0.0,118,-56.71146087895327,0.0,118,-8.19252025829217,0.0,120,-15.570664698881927,0.0,118,-48.41647421008465,0.0,118,-58.71907189036238,0.0,0.0,0.0726524606157906,0.0726524606157906,0.0,-2614.762057562303,-2614.762057562303,710.0,710.0,261.54885821684616,0.0,448.45114178315384,0.0,0.0,710
261.47620575623034,0.0,-2614.762057562303,0.0,34487.96910475948,448.45114178315384,-0.0,0.8360111774842917,0.47997237932604736,0.0,799.2,0.0,0.0,1.0,888.0,-0.0,118,-37.49438988045538,0.0,118,-42.15266741193821,0.0,118,-38.559443431402926,0.0,120,-16.235837347117766,0.0,118,-35.88996738564205,0.0,118,-7.102897053718351,0.0,0.0,0.0726524606157906,0.0726524606157906,0.0,-2614.762057562303,-2614.762057562303,710.0,710.0,261.54885821684616,0.0,448.45114178315384,0.0,0.0,710
261.47620575623034,0.0,-2614.762057562303,0.0,33989.690058333756,448.45114178315384,-0.0,0.8239325638943533,0.47997237932604736,0.0,799.2,0.0,0.0,1.0,888.0,-0.0,118,-39.73170971538833,0.0,118,-5.610237534536542,0.0,118,-49.1223028712623,0.0,120,-32.02438515090199,0.0,118,-9.46524289728,0.0,118,-16.39441744258372,0.0,0.0,0.0726524606157906,0.0726524606157906,0.0,-2614.762057562303,-2614.762057562303,710.0,710.0,261.54885821684616,0.0,448.45114178315384,0.0,0.0,710
261.47620575623034,0.0,-2614.762057562303,0.0,33491.41101190803,448.45114178315384,-0.0,0.8118539503044149,0.47997237932604736,0.0,799.2,0.0,0.0,1.0,888.0,-0.0,118,-17.26224205720913,0.0,118,-7.787156589434674,0.0,118,-21.341411224317394,0.0,120,-14.51825121216142,0.0,118,-36.69628182088976,0.0,118,-38.174419374070204,0.0,0.0,0.0726524606157906,0.0726524606157906,0.0,-2614.762057562303,-2614.762057562303,710.0,710.0,261.54885821684616,0.0,448.45114178315384,0.0,0.0,710
0.0,0.0,-0.0,0.0,32993.1319654823,710.0,-0.0,0.7997753367144765,0.47997237932604736,0.0,799.2,0.0,0.0,1.0,888.0,-0.0,118,-21.40836395158488,0.0,118,-1.2250939871303035,0.0,118,-28.865167028874655,0.0,120,-57.935459147676184,0.0,118,-47.58066474693747,0.0,118,-59.44024411188341,0.0,0.0,0.0,0.0,0.0,0.0,0.0,710.0,710.0,0.0,0.0,710.0,0.0,0.0,710
0.0,0.0,-0.0,0.0,32204.24307659341,710.0,-0.0,0.7806521483672317,0.47997237932604736,0.0,799.2,0.0,0.0,1.0,888.0,-0.0,118,-23.37670976017417,0.0,118,-11.122731712457718,0.0,118,-9.186986192298331,0.0,120,-45.89542542303396,0.0,118,-0.15917917808398574,0.0,118,-54.06380309742551,0.0,0.0,0.0,0.0,0.0,0.0,0.0,710.0,710.0,0.0,0.0,710.0,0.0,0.0,710
0.0,0.0,-0.0,0.0,31415.35418770452,710.0,-0.0,0.7615289600199869,0.47997237932604736,0.0,799.2,0.0,0.0,1.0,888.0,-0.0,118,-37.17096258491984,0.0,118,-4.305100061425797,0.0,118,-48.21122494895266,0.0,120,-37.02792886830394,0.0,118,-40.81350218605866,0.0,118,-4.826745623843176,0.0,0.0,0.0,0.0,0.0,0.0,0.0,710.0,710.0,0.0,0.0,710.0,0.0,0.0,710
0.0,0.0,-0.0,0.0,30626.46529881563,710.0,-0.0,0.7424057716727421,0.47997237932604736,0.0,799.2,0.0,0.0,1.0,888.0,-0.0,118,-56.51643545081516,0.0,118,-5.980688604275035,0.0,118,-17.262024235114946,0.0,120,-55.322843837001436,0.0,118,-13.830630380581244,0.0,118,-5.518233664572357,0.0,0.0,0.0,0.0,0.0,0.0,0.0,710.0,710.0,0.0,0.0,710.0,0.0,0.0,710
0.0,0.0,-0.0,0.0,29837.57640992674,710.0,-0.0,0.7232825833254973,0.47997237932604736,0.0,799.2,0.0,0.0,1.0,888.0,-0.0,118,-33.901835553151145,0.0,118,-57.72199462415606,0.0,118,-29.587065455898554,0.0,120,-21.540081763888892,0.0,118,-51.849105074002466,0.0,118,-35.051773959905226,0.0,0.0,0.0,0.0,0.0,0.0,0.0,710.0,710.0,0.0,0.0,710.0,0.0,0.0,710
0.0,0.0,-0.0,0.0,29048.68752103785,710.0,-0.0,0.7041593949782525,0.47997237932604736,0.0,799.2,0.0,0.0,1.0,888.0,-0.0,118,-52.24359187955627,0.0,118,-50.9786741805314,0.0,118,-21.416841263538284,0.0,120,-14.235574416811554,0.0,118,-9.543127771349376,0.0,118,-12.222291746107626,0.0,0.0,0.0,0.0,0.0,0.0,0.0,710.0,710.0,0.0,0.0,710.0,0.0,0.0,710
0.0,0.0,-0.0,0.0,28259.79863214896,710.0,-0.0,0.6850362066310076,0.47997237932604736,0.0,799.2,0.0,0.0,1.0,888.0,-0.0,118,-35.63981663186643,0.0,118,-59.82472742823542,0.0,118,-19.717161868687572,0.0,120,-57.94823577438959,0.0,118,-1.5820302738069403,0.0,118,-16.708842545400366,0.0,0.0,0.0,0.0,0.0,0.0,0.0,710.0,710.0,0.0,0.0,710.0,0.0,0.0,710
0.0,0.0,-0.0,0.0,27470.90974326007,710.0,-0.0,0.6659130182837628,0.47997237932604736,0.0,799.2,0.0,0.0,1.0,888.0,-0.0,118,-51.16585667099463,0.0,118,-50.2324336717307,0.0,118,-11.03267231231172,0.0,120,-10.52614141351755,0.0,118,-33.935145477086856,0.0,118,-1.523780894323743,0.0,0.0,0.0,0.0,0.0,0.0,0.0,710.0,710.0,0.0,0.0,710.0,0.0,0.0,710
0.0,0.0,-0.0,0.0,26682.020854371178,710.0,-0.0,0.646789829936518,0.47997237932604736,0.0,799.2,0.0,0.0,1.0,888.0,-0.0,118,-58.139959119807244,0.0,118,-6.899542048711149,0.0,118,-15.34683938107554,0.0,120,-19.115715827702473,0.0,118,-43.87045737661582,0.0,118,-25.88887607707074,0.0,0.0,0.0,0.0,0.0,0.0,0.0,710.0,710.0,0.0,0.0,710.0,0.0,0.0,710
0.0,0.0,-0.0,0.0,25893.131965482287,710.0,-0.0,0.6276666415892732,0.47997237932604736,0.0,799.2,0.0,0.0,1.0,888.0,-0.0,118,-14.261057809872996,0.0,118,-26.321646621093954,0.0,118,-23.068640595901602,0.0,120,-40.43818644093822,0.0,118,-9.98637957324634,0.0,118,-12.05344547700938,0.0,0.0,0.0,0.0,0.0,0.0,0.0,710.0,710.0,0.0,0.0,710.0,0.0,0.0,710
0.0,0.0,-0.0,0.0,25104.243076593397,710.0,-0.0,0.6085434532420284,0.47997237932604736,0.0,799.2,0.0,0.0,1.0,888.0,-0.0,118,-39.177374407783326,0.0,118,-2.2035139111341984,0.0,118,-12.242330341695077,0.0,120,-13.924918658964977,0.0,118,-7.700270408218522,0.0,118,-28.382672403918082,0.0,0.0,0.0,0.0,0.0,0.0,0.0,710.0,710.0,0.0,0.0,710.0,0.0,0.0,710
0.0,0.0,-0.0,0.0,24315.354187704506,710.0,-0.0,0.5894202648947836,0.47997237932604736,0.0,799.2,0.0,0.0,1.0,888.0,-0.0,118,-35.65550653530597,0.0,118,-43.291586112054254,0.0,118,-32.24330169508379,0.0,120,-36.77253370382808,0.0,118,-18.400851740936154,0.0,118,-50.4648009363055,0.0,0.0,0.0,0.0,0.0,0.0,0.0,710.0,710.0,0.0,0.0,710.0,0.0,0.0,710
0.0,0.0,-0.0,0.0,23526.465298815616,710.0,-0.0,0.5702970765475387,0.47997237932604736,0.0,799.2,0.0,0.0,1.0,888.0,-0.0,118,-46.03547220497374,0.0,118,-6.619335575622607,0.0,118,-28.242129767837664,0.0,120,-11.959646570290989,0.0,118,-17.28913355033637,0.0,118,-34.14284842091291,0.0,0.0,0.0,0.0,0.0,0.0,0.0,710.0,710.0,0.0,0.0,710.0,0.0,0.0,710
0.0,0.0,-0.0,0.0,22737.576409926725,710.0,-0.0,0.5511738882002939,0.47997237932604736,0.0,799.2,0.0,0.0,1.0,888.0,-0.0,118,-56.94198100497515,0.0,118,-51.784907730147374,0.0,118,-14.461554425625057,0.0,120,-52.07463111592539,0.0,118,-0.9379687594845687,0.0,118,-6.262431383646501,0.0,0.0,0.0,0.0,0.0,0.0,0.0,710.0,710.0,0.0,0.0,710.0,0.0,0.0,710
0.0,0.0,-0.0,0.0,21948.687521037835,710.0,-0.0,0.5320506998530491,0.47997237932604736,0.0,799.2,0.0,0.0,1.0,888.0,-0.0,118,-25.465471196979866,0.0,118,-13.635353644743153,0.0,118,-34.99280037543965,0.0,120,-16.69086561549449,0.0,118,-59.15971409772204,0.0,118,-1.7630407257404523,0.0,0.0,0.0,0.0,0.0,0.0,0.0,710.0,710.0,0.0,0.0,710.0,0.0,0.0,710
0.0,0.0,-0.0,0.0,21159.798632148944,710.0,-0.0,0.5129275115058043,0.47997237932604736,0.0,799.2,0.0,0.0,1.0,888.0,-0.0,118,-32.415353087598966,0.0,118,-45.96662197834875,0.0,118,-22.488676185125474,0.0,120,-31.67094902287438,0.0,118,-3.8554768763227854,0.0,118,-1.8063287136582074,0.0,0.0,0.0,0.0,0.0,0.0,0.0,710.0,710.0,0.0,0.0,710.0,0.0,0.0,710
0.0,0.0,-0.0,0.0,20370.909743260054,710.0,-0.0,0.4938043231585595,0.47997237932604736,0.0,799.2,0.0,0.0,1.0,888.0,-0.0,118,-16.374251710360575,0.0,118,-4.823691202190286,0.0,118,-5.426058625276462,0.0,120,-35.60456093890843,0.0,118,-0.08420317080742201,0.0,118,-42.79455789811871,0.0,0.0,0.0,0.0,0.0,0.0,0.0,710.0,710.0,0.0,0.0,710.0,0.0,0.0,710
0.0,0.0,-0.0,0.0,19582.020854371163,710.0,-0.0,0.47468113481131463,0.47997237932604736,0.0,799.2,0.0,0.0,1.0,888.0,-0.0,118,-45.19218491217844,0.0,118,-36.84615665899386,0.0,118,-5.4230856916257375,0.0,120,-56.822038259726824,0.0,118,-34.11836557111763,0.0,118,-59.81080747994262,0.0,0.0,0.0,0.0,0.0,0.0,0.0,710.0,710.0,0.0,0.0,710.0,0.0,0.0,710
0.0,0.0,-0.0,0.0,18793.131965482273,710.0,-0.0,0.45555794646406983,0.47997237932604736,0.0,799.2,0.0,0.0,1.0,888.0,-0.0,118,-54.539020028580744,0.0,118,-46.78293458388087,0.0,118,-34.260542809804896,0.0,120,-7.5049474878470335,0.0,118,-11.07151298903595,0.0,118,-51.856383872926585,0.0,0.0,0.0,0.0,0.0,0.0,0.0,710.0,710.0,0.0,0.0,710.0,0.0,0.0,710
0.0,0.0,-0.0,0.0,18004.243076593382,710.0,-0.0,0.43643475811682503,0.47997237932604736,0.0,799.2,0.0,0.0,1.0,888.0,-0.0,118,-21.693667101648522,0.0,118,-27.899050644013954,0.0,118,-46.48134323823088,0.0,120,-2.8939513400004846,0.0,118,-7.278366456559342,0.0,118,-20.424244189015557,0.0,0.0,0.0,0.0,0.0,0.0,0.0,710.0,710.0,0.0,0.0,710.0,0.0,0.0,710
0.0,0.0,-0.0,0.0,17215.35418770449,710.0,-0.0,0.41731156976958017,0.47997237932604736,0.0,799.2,0.0,0.0,1.0,888.0,-0.0,118,-49.16133069418843,0.0,118,-59.34118665914053,0.0,118,-23.917658124064584,0.0,120,-55.543021622972475,0.0,118,-0.3932055585686167,0.0,118,-46.859753373071285,0.0,0.0,0.0,0.0,0.0,0.0,0.0,710.0,710.0,0.0,0.0,710.0,0.0,0.0,710
0.0,0.0,-0.0,0.0,16426.4652988156,710.0,-0.0,0.39818838142233537,0.47997237932604736,0.0,799.2,0.0,0.0,1.0,888.0,-0.0,118,-19.98087809364972,0.0,118,-19.238739262470506,0.0,118,-9.154931744263381,0.0,120,-48.63178584048809,0.0,118,-3.1960608867433615,0.0,118,-0.06499321557778215,0.0,0.0,0.0,0.0,0.0,0.0,0.0,710.0,710.0,0.0,0.0,710.0,0.0,0.0,710
0.0,0.0,-0.0,0.0,15637.576409926713,710.0,-0.0,0.3790651930750906,0.47997237932604736,0.0,799.2,0.0,0.0,1.0,888.0,-0.0,118,-26.919275468849865,0.0,118,-25.846095341291207,0.0,118,-43.61425060305061,0.0,120,-8.678925251877732,0.0,118,-48.19279493419448,0.0,118,-47.89750370872829,0.0,0.0,0.0,0.0,0.0,0.0,0.0,710.0,710.0,0.0,0.0,710.0,0.0,0.0,710
0.0,0.0,-0.0,0.0,14848.687521037824,710.0,-0.0,0.3599420047278458,0.47997237932604736,0.0,799.2,0.0,0.0,1.0,888.0,-0.0,118,-58.942432840655734,0.0,118,-28.495903136669483,0.0,118,-33.80105258916002,0.0,120,-37.75378100971875,0.0,118,-36.782650318318545,0.0,118,-48.05103048099587,0.0,0.0,0.0,0.0,0.0,0.0,0.0,710.0,710.0,0.0,0.0,710.0,0.0,0.0,710
0.0,0.0,-0.0,0.0,14059.798632148935,710.0,-0.0,0.3408188163806011,0.47997237932604736,0.0,799.2,0.0,0.0,1.0,888.0,-0.0,118,-25.726754660774443,0.0,118,-50.765636855924875,0.0,118,-59.792055780727,0.0,120,-25.352979401875526,0.0,118,-12.476796009382474,0.0,118,-16.337840422644963,0.0,0.0,0.0,0.0,0.0,0.0,0.0,710.0,710.0,0.0,0.0,710.0,0.0,0.0,710
0.0,0.0,-0.0,0.0,13270.909743260047,710.0,-0.0,0.3216956280333563,0.47997237932604736,0.0,799.2,0.0,0.0,1.0,888.0,-0.0,118,-6.419428123980399,0.0,118,-54.14087586112094,0.0,118,-42.80686318350128,0.0,120,-42.14742259123984,0.0,118,-2.805541999040846,0.0,118,-3.1679058778777347,0.0,0.0,0.0,0.0,0.0,0.0,0.0,710.0,710.0,0.0,0.0,710.0,0.0,0.0,710
0.0,0.0,-0.0,0.0,12482.020854371158,712.0,-0.0,0.3025724396861115,0.47997237932604736,0.0,799.2,0.0,0.0,1.0,888.0,-0.0,118,-11.354173307743991,0.0,118,-53.566425842532354,0.0,118,-14.771461244013155,0.0,120,-23.548919506838914,0.0,118,-14.414584344132379,0.0,120,-56.43023269469425,0.0,0.0,0.0,0.0,0.0,0.0,0.0,712.0,712.0,0.0,0.0,712.0,0.0,0.0,712
0.0,0.0,-0.0,0.0,11690.909743260047,712.0,-0.0,0.2833953832026773,0.47997237932604736,0.0,799.2,0.0,0.0,1.0,888.0,-0.0,118,-15.846467636965558,0.0,118,-5.8081168403155825,0.0,118,-19.357993101386278,0.0,120,-16.69405249048146,0.0,118,-33.65852999359911,0.0,120,-50.52364478285175,0.0,0.0,0.0,0.0,0.0,0.0,0.0,712.0,712.0,0.0,0.0,712.0,0.0,0.0,712
0.0,0.0,-0.0,0.0,10899.798632148935,712.0,-0.0,0.2642183267192431,0.47997237932604736,0.0,799.2,0.0,0.0,1.0,888.0,-0.0,118,-8.234850107085059,0.0,118,-48.13953827905115,0.0,118,-16.647420367731335,0.0,120,-9.405093793820134,0.0,118,-28.572858080525407,0.0,120,-33.76856035962629,0.0,0.0,0.0,0.0,0.0,0.0,0.0,712.0,712.0,0.0,0.0,712.0,0.0,0.0,712
0.0,0.0,-0.0,0.0,10108.687521037824,712.0,-0.0,0.24504127023580888,0.47997237932604736,0.0,799.2,0.0,0.0,1.0,888.0,-0.0,118,-0.3370737083503528,0.0,118,-17.13064648366045,0.0,118,-52.45320811925243,0.0,120,-24.297469527017427,0.0,118,-30.04637690496089,0.0,120,-53.43435331601033,0.0,0.0,0.0,0.0,0.0,0.0,0.0,712.0,712.0,0.0,0.0,712.0,0.0,0.0,712
0.0,0.0,-0.0,0.0,9317.576409926713,712.0,-0.0,0.22586421375237467,0.47997237932604736,0.0,799.2,0.0,0.0,1.0,888.0,-0.0,118,-58.124971176021766,0.0,118,-8.091900482528192,0.0,118,-51.67715151031249,0.0,120,-28.228076176314197,0.0,118,-37.5768692969759,0.0,120,-4.315028240964511,0.0,0.0,0.0,0.0,0.0,0.0,0.0,712.0,712.0,0.0,0.0,712.0,0.0,0.0,712
0.0,0.0,-0.0,0.0,8526.465298815601,712.0,-0.0,0.20668715726894046,0.47997237932604736,0.0,799.2,0.0,0.0,1.0,888.0,-0.0,118,-56.044543224357504,0.0,118,-16.107730868708543,0.0,118,-55.52063945828429,0.0,120,-27.33016788535146,0.0,118,-55.35385304951926,0.0,120,-48.97817968366057,0.0,0.0,0.0,0.0,0.0,0.0,0.0,712.0,712.0,0.0,0.0,712.0,0.0,0.0,712
0.0,0.0,-0.0,0.0,7735.35418770449,712.0,-0.0,0.18751010078550626,0.47997237932604736,0.0,799.2,0.0,0.0,1.0,888.0,-0.0,118,-7.9352780118745,0.0,118,-59.61306380323093,0.0,118,-21.359442006280243,0.0,120,-29.278904616446663,0.0,118,-25.6471245441736,0.0,120,-7.070793331362477,0.0,0.0,0.0,0.0,0.0,0.0,0.0,712.0,712.0,0.0,0.0,712.0,0.0,0.0,712
0.0,0.0,-0.0,0.0,6944.243076593379,712.0,-0.0,0.16833304430207205,0.47997237932604736,0.0,799.2,0.0,0.0,1.0,888.0,-0.0,118,-27.638787471816194,0.0,118,-0.5582046029602727,0.0,118,-45.44939424824498,0.0,120,-12.473306465027914,0.0,118,-45.65208411155076,0.0,120,-59.80991179140905,0.0,0.0,0.0,0.0,0.0,0.0,0.0,712.0,712.0,0.0,0.0,712.0,0.0,0.0,712
0.0,0.0,-0.0,0.0,6153.131965482267,712.0,-0.0,0.14915598781863784,0.47997237932604736,0.0,799.2,0.0,0.0,1.0,888.0,-0.0,118,-21.167872496091064,0.0,118,-32.6054741876568,0.0,118,-35.34418827668459,0.0,120,-15.699215203152368,0.0,118,-16.781541117701686,0.0,120,-8.720050888448586,0.0,0.0,0.0,0.0,0.0,0.0,0.0,712.0,712.0,0.0,0.0,712.0,0.0,0.0,712
0.0,0.0,-0.0,0.0,5362.020854371156,712.0,-0.0,0.12997893133520363,0.47997237932604736,0.0,799.2,0.0,0.0,1.0,888.0,-0.0,118,-56.4665765895102,0.0,118,-5.368444038745648,0.0,118,-47.35120972116662,0.0,120,-57.21483735762653,0.0,118,-36.150246890271966,0.0,120,-34.39016914915566,0.0,0.0,0.0,0.0,0.0,0.0,0.0,712.0,712.0,0.0,0.0,712.0,0.0,0.0,712
0.0,0.0,-0.0,0.0,4570.909743260045,712.0,-0.0,0.11080187485176944,0.47997237932604736,0.0,799.2,0.0,0.0,1.0,888.0,-0.0,118,-59.01973936978128,0.0,118,-24.66261251911256,0.0,118,-10.785908993362778,0.0,120,-51.51725533362265,0.0,118,-42.46387729279226,0.0,120,-10.928697051255638,0.0,0.0,0.0,0.0,0.0,0.0,0.0,712.0,712.0,0.0,0.0,712.0,0.0,0.0,712
0.0,0.0,-0.0,0.0,3779.7986321489334,712.0,-0.0,0.09162481836833523,0.47997237932604736,0.0,799.2,0.0,0.0,1.0,888.0,-0.0,118,-37.920063520404646,0.0,118,-11.444614229935725,0.0,118,-22.801604555660305,0.0,120,-29.99463375499531,0.0,118,-29.070328847159246,0.0,120,-14.265418068156908,0.0,0.0,0.0,0.0,0.0,0.0,0.0,712.0,712.0,0.0,0.0,712.0,0.0,0.0,712
0.0,0.0,-0.0,0.0,2988.687521037822,712.0,-0.0,0.07244776188490103,0.47997237932604736,0.0,799.2,0.0,0.0,1.0,888.0,-0.0,118,-8.120493264211708,0.0,118,-27.802847065336984,0.0,118,-22.140001703827117,0.0,120,-34.790145075432136,0.0,118,-4.79859766432698,0.0,120,-30.775817703275173,0.0,0.0,0.0,0.0,0.0,0.0,0.0,712.0,712.0,0.0,0.0,712.0,0.0,0.0,712
0.0,0.0,-0.0,0.0,2197.5764099267108,712.0,-0.0,0.05327070540146682,0.47997237932604736,0.0,799.2,0.0,0.0,1.0,888.0,-0.0,118,-42.97318004677877,0.0,118,-53.36518928195221,0.0,118,-21.276541380584316,0.0,120,-25.194196861441643,0.0,118,-58.10585025669121,0.0,120,-49.87353215771703,0.0,0.0,0.0,0.0,0.0,0.0,0.0,712.0,712.0,0.0,0.0,712.0,0.0,0.0,712
0.0,0.0,-0.0,0.0,1406.4652988155997,714.0,-0.0,0.03409364891803262,0.47997237932604736,0.0,799.2,0.0,0.0,1.0,888.0,-0.0,118,-28.156067981218357,0.0,120,-36.35474008109826,0.0,118,-20.124551232667006,0.0,120,-10.458030035377938,0.0,118,-31.729828829576487,0.0,120,-52.68407104320111,0.0,0.0,0.0,0.0,0.0,0.0,0.0,714.0,714.0,0.0,0.0,714.0,0.0,0.0,714
0.0,0.0,-0.0,0.0,613.1319654822664,551.8187689340398,-0.0,0.014862724298408998,0.47997237932604736,77.84251135675639,799.2,0.0,162.18123106596022,1.0,888.0,-144016.93318657269,118,-24.08373785043154,0.0,120,-3.617999905670677,0.0,118,-46.91528538994424,0.0,120,-6.4000979804969305,0.0,118,-33.367973240257584,0.0,120,-15.724169598013713,0.0,0.0,0.0,0.0,0.0,-144016.93318657269,-144016.93318657269,714.0,714.0,0.0,0.0,714.0,0.0,0.0,714
0.0,0.0,-0.0,0.0,0.0,0.0,-0.0,0.0,0.47997237932604736,342.70027883879783,799.2,0.0,714.0,1.0,888.0,-634032.0,118,-23.900060378665753,0.0,120,-41.276575659112936,0.0,118,-57.59899501720772,0.0,120,-59.041237241697374,0.0,118,-19.023291556515048,0.0,120,-7.758424647028925,0.0,0.0,0.0,0.0,0.0,-634032.0,-634032.0,714.0,714.0,0.0,0.0,714.0,0.0,0.0,714
0.0,0.0,-0.0,0.0,0.0,0.0,-0.0,0.0,0.47997237932604736,342.70027883879783,799.2,0.0,714.0,1.0,888.0,-634032.0,118,-18.68458132973919,0.0,120,-36.58452061413771,0.0,118,-38.73947006034925,0.0,120,-44.45412448080502,0.0,118,-49.67797115800883,0.0,120,-43.69977458161383,0.0,0.0,0.0,0.0,0.0,-634032.0,-634032.0,714.0,714.0,0.0,0.0,714.0,0.0,0.0,714
0.0,0.0,-0.0,0.0,0.0,0.0,-0.0,0.0,0.47997237932604736,342.70027883879783,799.2,0.0,714.0,1.0,888.0,-634032.0,118,-50.49490856711487,0.0,120,-0.8263215548288527,0.0,118,-28.788547879313718,0.0,120,-26.473581120966834,0.0,118,-11.151634445414055,0.0,120,-46.2819784334512,0.0,0.0,0.0,0.0,0.0,-634032.0,-634032.0,714.0,714.0,0.0,0.0,714.0,0.0,0.0,714
0.0,0.0,-0.0,0.0,0.0,0.0,-0.0,0.0,0.47997237932604736,342.70027883879783,799.2,0.0,714.0,1.0,888.0,-634032.0,118,-29.08561926862518,0.0,120,-41.99192339527768,0.0,118,-30.957611571572052,0.0,120,-40.873031201926736,0.0,118,-26.111936451541972,0.0,120,-43.06119744133694,0.0,0.0,0.0,0.0,0.0,-634032.0,-634032.0,714.0,714.0,0.0,0.0,714.0,0.0,0.0,714
0.0,0.0,-0.0,0.0,0.0,0.0,-0.0,0.0,0.47997237932604736,342.70027883879783,799.2,0.0,714.0,1.0,888.0,-634032.0,118,-18.181241696406293,0.0,120,-21.089780005972255,0.0,118,-10.033645447427892,0.0,120,-59.95894436985381,0.0,118,-56.24369888721318,0.0,120,-25.727615325688905,0.0,0.0,0.0,0.0,0.0,-634032.0,-634032.0,714.0,714.0,0.0,0.0,714.0,0.0,0.0,714
0.0,0.0,-0.0,0.0,0.0,0.0,-0.0,0.0,0.47997237932604736,342.70027883879783,799.2,0.0,714.0,1.0,888.0,-634032.0,118,-57.7143282617533,0.0,120,-57.13511908696439,0.0,118,-12.376799590375281,0.0,120,-48.243389787630065,0.0,118,-6.953815524420081,0.0,120,-57.31863807911815,0.0,0.0,0.0,0.0,0.0,-634032.0,-634032.0,714.0,714.0,0.0,0.0,714.0,0.0,0.0,714
0.0,0.0,-0.0,0.0,0.0,0.0,-0.0,0.0,0.47997237932604736,342.70027883879783,799.2,0.0,714.0,1.0,888.0,-634032.0,118,-35.516276148175436,0.0,120,-47.64096195094542,0.0,118,-35.391915673951836,0.0,120,-0.21492763323685438,0.0,118,-19.940874370336196,0.0,120,-42.99944106525025,0.0,0.0,0.0,0.0,0.0,-634032.0,-634032.0,714.0,714.0,0.0,0.0,714.0,0.0,0.0,714
0.0,0.0,-0.0,0.0,0.0,0.0,-0.0,0.0,0.47997237932604736,342.70027883879783,799.2,0.0,714.0,1.0,888.0,-634032.0,118,-39.23268731070364,0.0,120,-42.45116016652066,0.0,118,-11.552037550914637,0.0,120,-21.528589850727677,0.0,118,-20.694545667973184,0.0,120,-10.744427863282354,0.0,0.0,0.0,0.0,0.0,-634032.0,-634032.0,714.0,714.0,0.0,0.0,714.0,0.0,0.0,714
0.0,0.0,-0.0,0.0,0.0,0.0,-0.0,0.0,0.47997237932604736,343.6602235974499,799.2,0.0,716.0,1.0,888.0,-635808.0,120,-50.19738836500035,0.0,120,-51.72269892384367,0.0,118,-13.499115165766462,0.0,120,-39.479785980433824,0.0,118,-14.790277716645036,0.0,120,-44.06897792774415,0.0,0.0,0.0,0.0,0.0,-635808.0,-635808.0,716.0,716.0,0.0,0.0,716.0,0.0,0.0,716
0.0,0.0,-0.0,0.0,0.0,0.0,-0.0,0.0,0.47997237932604736,343.6602235974499,799.2,0.0,716.0,1.0,888.0,-635808.0,120,-34.930050442171954,0.0,120,-22.55715016225168,0.0,118,-22.93856079255327,0.0,120,-2.673230270986251,0.0,118,-19.17180051051337,0.0,120,-0.34098082439193433,0.0,0.0,0.0,0.0,0.0,-635808.0,-635808.0,716.0,716.0,0.0,0.0,716.0,0.0,0.0,716
0.0,0.0,-0.0,0.0,0.0,0.0,-0.0,0.0,0.47997237932604736,343.6602235974499,799.2,0.0,716.0,1.0,888.0,-635808.0,120,-23.198138580704203,0.0,120,-35.93161106571918,0.0,118,-36.13832847850908,0.0,120,-7.600461052330569,0.0,118,-31.62640745600563,0.0,120,-51.42173131177808,0.0,0.0,0.0,0.0,0.0,-635808.0,-635808.0,716.0,716.0,0.0,0.0,716.0,0.0,0.0,716
0.0,0.0,-0.0,0.0,0.0,0.0,-0.0,0.0,0.47997237932604736,344.620168356102,799.2,0.0,718.0,1.0,888.0,-637584.0,120,-11.834132767613813,0.0,120,-13.240799712023083,0.0,118,-54.69982999935159,0.0,120,-7.005663454017093,0.0,120,-49.41925520630808,0.0,120,-10.73118823948042,0.0,0.0,0.0,0.0,0.0,-637584.0,-637584.0,718.0,718.0,0.0,0.0,718.0,0.0,0.0,718
0.0,0.0,-0.0,0.0,0.0,0.0,-0.0,0.0,0.47997237932604736,344.620168356102,799.2,0.0,718.0,1.0,888.0,-637584.0,120,-26.605581106541013,0.0,120,-1.1703978741944754,0.0,118,-3.398549487483913,0.0,120,-15.913430613286895,0.0,120,-55.38260467620602,0.0,120,-10.593187304135647,0.0,0.0,0.0,0.0,0.0,-637584.0,-637584.0,718.0,718.0,0.0,0.0,718.0,0.0,0.0,718
0.0,0.0,-0.0,0.0,0.0,0.0,-0.0,0.0,0.47997237932604736,344.620168356102,799.2,0.0,718.0,1.0,888.0,-637584.0,120,-41.39066097013411,0.0,120,-16.38126502495712,0.0,118,-53.82739225749904,0.0,120,-22.966776631296227,0.0,120,-15.025627994286562,0.0,120,-8.667815990993478,0.0,0.0,0.0,0.0,0.0,-637584.0,-637584.0,718.0,718.0,0.0,0.0,718.0,0.0,0.0,718
0.0,0.0,-0.0,0.0,0.0,0.0,-0.0,0.0,0.47997237932604736,344.620168356102,799.2,0.0,718.0,1.0,888.0,-637584.0,120,-24.446406943567382,0.0,120,-7.676701140615627,0.0,118,-26.464518978714253,0.0,120,-46.13286905758192,0.0,120,-35.41299205460775,0.0,120,-33.19238417653594,0.0,0.0,0.0,0.0,0.0,-637584.0,-637584.0,718.0,718.0,0.0,0.0,718.0,0.0,0.0,718
0.0,0.0,-0.0,0.0,0.0,0.0,-0.0,0.0,0.47997237932604736,344.620168356102,799.2,0.0,718.0,1.0,888.0,-637584.0,120,-14.76984766767166,0.0,120,-6.279593156937202,0.0,118,-13.73123471274107,0.0,120,-39.41493387469593,0.0,120,-58.82059966555486,0.0,120,-23.15254403897499,0.0,0.0,0.0,0.0,0.0,-637584.0,-637584.0,718.0,718.0,0.0,0.0,718.0,0.0,0.0,718
0.0,0.0,-0.0,0.0,0.0,0.0,-0.0,0.0,0.47997237932604736,344.620168356102,799.2,0.0,718.0,1.0,888.0,-637584.0,120,-25.59203723691613,0.0,120,-7.197866071683617,0.0,118,-26.22911568869041,0.0,120,-2.6266129229244117,0.0,120,-4.177177538641208,0.0,120,-44.88450755019327,0.0,0.0,0.0,0.0,0.0,-637584.0,-637584.0,718.0,718.0,0.0,0.0,718.0,0.0,0.0,718
0.0,0.0,-0.0,0.0,0.0,0.0,-0.0,0.0,0.47997237932604736,344.620168356102,799.2,0.0,718.0,1.0,888.0,-637584.0,120,-0.5673938545642065,0.0,120,-1.6537048464028414,0.0,118,-48.71919345056893,0.0,120,-41.83078121386012,0.0,120,-53.10865766049314,0.0,120,-4.731837215441718,0.0,0.0,0.0,0.0,0.0,-637584.0,-637584.0,718.0,718.0,0.0,0.0,718.0,0.0,0.0,718
0.0,0.0,-0.0,0.0,0.0,0.0,-0.0,0.0,0.47997237932604736,344.620168356102,799.2,0.0,718.0,1.0,888.0,-637584.0,120,-31.441537020124457,0.0,120,-9.5564318039688,0.0,118,-39.8694748138478,0.0,120,-53.21197745963403,0.0,120,-6.595619315397485,0.0,120,-50.754256685841014,0.0,0.0,0.0,0.0,0.0,-637584.0,-637584.0,718.0,718.0,0.0,0.0,718.0,0.0,0.0,718
0.0,0.0,-0.0,0.0,0.0,0.0,-0.0,0.0,0.47997237932604736,344.620168356102,799.2,0.0,718.0,1.0,888.0,-637584.0,120,-49.12415056752247,0.0,120,-44.49094060914787,0.0,118,-37.80537222776888,0.0,120,-7.512851167543726,0.0,120,-58.90560432136665,0.0,120,-34.16770861025617,0.0,0.0,0.0,0.0,0.0,-637584.0,-637584.0,718.0,718.0,0.0,0.0,718.0,0.0,0.0,718
0.0,0.0,-0.0,0.0,0.0,0.0,-0.0,0.0,0.47997237932604736,344.620168356102,799.2,0.0,718.0,1.0,888.0,-637584.0,120,-15.544220722790957,0.0,120,-41.17400625385696,0.0,118,-49.97395764484389,0.0,120,-8.496108397041713,0.0,120,-7.571778895055945,0.0,120,-4.03903393623575,0.0,0.0,0.0,0.0,0.0,-637584.0,-637584.0,718.0,718.0,0.0,0.0,718.0,0.0,0.0,718
0.0,0.0,-0.0,0.0,0.0,0.0,-0.0,0.0,0.47997237932604736,344.620168356102,799.2,0.0,718.0,1.0,888.0,-637584.0,120,-29.33874915236511,0.0,120,-0.06576833815087557,0.0,118,-33.727296036850966,0.0,120,-49.98469162986376,0.0,120,-45.921188856299175,0.0,120,-32.74719537781435,0.0,0.0,0.0,0.0,0.0,-637584.0,-637584.0,718.0,718.0,0.0,0.0,718.0,0.0,0.0,718
0.0,0.0,-0.0,0.0,0.0,0.0,-0.0,0.0,0.47997237932604736,344.620168356102,799.2,0.0,718.0,1.0,888.0,-637584.0,120,-5.338673802064882,0.0,120,-16.129663043472707,0.0,118,-44.16907749290231,0.0,120,-41.40312937621694,0.0,120,-52.5471053068008,0.0,120,-16.981878365944073,0.0,0.0,0.0,0.0,0.0,-637584.0,-637584.0,718.0,718.0,0.0,0.0,718.0,0.0,0.0,718
0.0,0.0,-0.0,0.0,0.0,0.0,-0.0,0.0,0.47997237932604736,344.620168356102,799.2,0.0,718.0,1.0,888.0,-637584.0,120,-28.958932937717023,0.0,120,-30.895267402230846,0.0,118,-49.091668831847976,0.0,120,-22.988377666953117,0.0,120,-30.78211722558849,0.0,120,-15.0822369294728,0.0,0.0,0.0,0.0,0.0,-637584.0,-637584.0,718.0,718.0,0.0,0.0,718.0,0.0,0.0,718
0.0,0.0,-0.0,0.0,0.0,0.0,-0.0,0.0,0.47997237932604736,344.620168356102,799.2,0.0,718.0,1.0,888.0,-637584.0,120,-0.8136678663186259,0.0,120,-28.955897794399704,0.0,118,-29.48877953310172,0.0,120,-56.01090849791097,0.0,120,-8.843947501971334,0.0,120,-20.05855031131652,0.0,0.0,0.0,0.0,0.0,-637584.0,-637584.0,718.0,718.0,0.0,0.0,718.0,0.0,0.0,718
0.0,0.0,-0.0,0.0,0.0,0.0,-0.0,0.0,0.47997237932604736,344.620168356102,799.2,0.0,718.0,1.0,888.0,-637584.0,120,-26.34762165254078,0.0,120,-47.657691129424826,0.0,118,-50.35275799343814,0.0,120,-31.811905833691295,0.0,120,-40.8701647815003,0.0,120,-29.364801047069435,0.0,0.0,0.0,0.0,0.0,-637584.0,-637584.0,718.0,718.0,0.0,0.0,718.0,0.0,0.0,718
0.0,0.0,-0.0,0.0,0.0,0.0,-0.0,0.0,0.47997237932604736,344.620168356102,799.2,0.0,718.0,1.0,888.0,-637584.0,120,-22.3624823174845,0.0,120,-20.118732769090354,0.0,118,-11.561460838068264,0.0,120,-44.374017627098944,0.0,120,-57.77215446323947,0.0,120,-40.60304076633677,0.0,0.0,0.0,0.0,0.0,-637584.0,-637584.0,718.0,718.0,0.0,0.0,718.0,0.0,0.0,718
0.0,0.0,-0.0,0.0,0.0,0.0,-0.0,0.0,0.47997237932604736,344.620168356102,799.2,0.0,718.0,1.0,888.0,-637584.0,120,-41.641344984185004,0.0,120,-2.782371932954948,0.0,118,-57.183158510476225,0.0,120,-5.423948234766696,0.0,120,-40.09448534262166,0.0,120,-32.64271203971572,0.0,0.0,0.0,0.0,0.0,-637584.0,-637584.0,718.0,718.0,0.0,0.0,718.0,0.0,0.0,718
0.0,0.0,-0.0,0.0,0.0,0.0,-0.0,0.0,0.47997237932604736,344.620168356102,799.2,0.0,718.0,1.0,888.0,-637584.0,120,-47.08171886224373,0.0,120,-2.186253151400668,0.0,118,-37.185050483671674,0.0,120,-39.580394903252525,0.0,120,-22.60710375535574,0.0,120,-43.929966628336174,0.0,0.0,0.0,0.0,0.0,-637584.0,-637584.0,718.0,718.0,0.0,0.0,718.0,0.0,0.0,718
0.0,0.0,-0.0,0.0,0.0,0.0,-0.0,0.0,0.47997237932604736,344.620168356102,799.2,0.0,718.0,1.0,888.0,-637584.0,120,-52.33496674189076,0.0,120,-0.8404253545060647,0.0,118,-30.332848394041623,0.0,120,-45.63608096715623,0.0,120,-33.442147328785325,0.0,120,-34.073444152793506,0.0,0.0,0.0,0.0,0.0,-637584.0,-637584.0,718.0,718.0,0.0,0.0,718.0,0.0,0.0,718
0.0,0.0,-0.0,0.0,0.0,0.0,-0.0,0.0,0.47997237932604736,344.620168356102,799.2,0.0,718.0,1.0,888.0,-637584.0,120,-31.209713473667133,0.0,120,-39.51721499482136,0.0,118,-11.683046866900998,0.0,120,-57.510372615154594,0.0,120,-48.913044252310726,0.0,120,-53.01327200215709,0.0,0.0,0.0,0.0,0.0,-637584.0,-637584.0,718.0,718.0,0.0,0.0,718.0,0.0,0.0,718
0.0,0.0,-0.0,0.0,0.0,0.0,-0.0,0.0,0.47997237932604736,344.620168356102,799.2,0.0,718.0,1.0,888.0,-637584.0,120,-58.46256969943284,0.0,120,-56.062828912874544,0.0,118,-31.173650227112905,0.0,120,-51.0756138505013,0.0,120,-36.294101928937586,0.0,120,-51.18072123096396,0.0,0.0,0.0,0.0,0.0,-637584.0,-637584.0,718.0,718.0,0.0,0.0,718.0,0.0,0.0,718
0.0,0.0,-0.0,0.0,0.0,0.0,-0.0,0.0,0.47997237932604736,344.620168356102,799.2,0.0,718.0,1.0,888.0,-637584.0,120,-24.958165453042447,0.0,120,-19.949239608133787,0.0,118,-39.10982911902643,0.0,120,-34.36808374108073,0.0,120,-26.215239524803813,0.0,120,-23.75879954099165,0.0,0.0,0.0,0.0,0.0,-637584.0,-637584.0,718.0,718.0,0.0,0.0,718.0,0.0,0.0,718
0.0,0.0,-0.0,0.0,0.0,0.0,-0.0,0.0,0.47997237932604736,344.620168356102,799.2,0.0,718.0,1.0,888.0,-637584.0,120,-1.5030185129698381,0.0,120,-27.931412629747513,0.0,118,-57.640098571514216,0.0,120,-39.54150421788577,0.0,120,-47.76927570765905,0.0,120,-50.27198150080321,0.0,0.0,0.0,0.0,0.0,-637584.0,-637584.0,718.0,718.0,0.0,0.0,718.0,0.0,0.0,718
0.0,0.0,-0.0,0.0,0.0,0.0,-0.0,0.0,0.47997237932604736,344.620168356102,799.2,0.0,718.0,1.0,888.0,-637584.0,120,-37.031743577866365,0.0,120,-18.76728823098293,0.0,118,-53.28567823252198,0.0,120,-36.57714923127592,0.0,120,-29.221927423845806,0.0,120,-53.7138903958253,0.0,0.0,0.0,0.0,0.0,-637584.0,-637584.0,718.0,718.0,0.0,0.0,718.0,0.0,0.0,718
0.0,0.0,-0.0,0.0,0.0,0.0,-0.0,0.0,0.47997237932604736,344.620168356102,799.2,0.0,718.0,1.0,888.0,-637584.0,120,-21.655869257284518,0.0,120,-7.503394839962705,0.0,118,-12.824008530853897,0.0,120,-37.7277874636048,0.0,120,-30.919936095831567,0.0,120,-5.951189831668162,0.0,0.0,0.0,0.0,0.0,-637584.0,-637584.0,718.0,718.0,0.0,0.0,718.0,0.0,0.0,718
0.0,0.0,-0.0,0.0,0.0,0.0,-0.0,0.0,0.47997237932604736,344.620168356102,799.2,0.0,718.0,1.0,888.0,-637584.0,120,-28.6744046991895,0.0,120,-5.8473871574134435,0.0,118,-7.843608020625976,0.0,120,-15.325156355045294,0.0,120,-31.750225819574474,0.0,120,-58.9583923855014,0.0,0.0,0.0,0.0,0.0,-637584.0,-637584.0,718.0,718.0,0.0,0.0,718.0,0.0,0.0,718
0.0,0.0,-0.0,0.0,0.0,0.0,-0.0,0.0,0.47997237932604736,344.620168356102,799.2,0.0,718.0,1.0,888.0,-637584.0,120,-51.13694226790781,0.0,120,-54.28334610160442,0.0,118,-9.000811955555651,0.0,120,-3.1889371332212724,0.0,120,-51.29265708423811,0.0,120,-52.84884376604454,0.0,0.0,0.0,0.0,0.0,-637584.0,-637584.0,718.0,718.0,0.0,0.0,718.0,0.0,0.0,718
0.0,0.0,-0.0,0.0,0.0,0.0,-0.0,0.0,0.47997237932604736,344.620168356102,799.2,0.0,718.0,1.0,888.0,-637584.0,120,-20.95007204923308,0.0,120,-40.67599623589819,0.0,118,-37.241430677166726,0.0,120,-38.76004895591181,0.0,120,-9.340484079145806,0.0,120,-44.96822957509259,0.0,0.0,0.0,0.0,0.0,-637584.0,-637584.0,718.0,718.0,0.0,0.0,718.0,0.0,0.0,718
0.0,0.0,-0.0,0.0,0.0,0.0,-0.0,0.0,0.47997237932604736,344.620168356102,799.2,0.0,718.0,1.0,888.0,-637584.0,120,-58.52386479258074,0.0,120,-20.035971685096037,0.0,118,-37.87353850158783,0.0,120,-56.850360433785596,0.0,120,-20.70914604836185,0.0,120,-6.885469598715814,0.0,0.0,0.0,0.0,0.0,-637584.0,-637584.0,718.0,718.0,0.0,0.0,718.0,0.0,0.0,718
0.0,0.0,-0.0,0.0,0.0,0.0,-0.0,0.0,0.47997237932604736,344.620168356102,799.2,0.0,718.0,1.0,888.0,-637584.0,120,-5.012519509625905,0.0,120,-4.745032245791148,0.0,118,-2.064080784392708,0.0,120,-14.413067348705477,0.0,120,-30.32101497151877,0.0,120,-1.8837225526217205,0.0,0.0,0.0,0.0,0.0,-637584.0,-637584.0,718.0,718.0,0.0,0.0,718.0,0.0,0.0,718
0.0,0.0,-0.0,0.0,0.0,0.0,-0.0,0.0,0.47997237932604736,344.620168356102,799.2,0.0,718.0,1.0,888.0,-637584.0,120,-50.24257087507687,0.0,120,-21.91008659820679,0.0,118,-5.589098552609064,0.0,120,-8.936679213057406,0.0,120,-3.681410006343284,0.0,120,-41.243838844047744,0.0,0.0,0.0,0.0,0.0,-637584.0,-637584.0,718.0,718.0,0.0,0.0,718.0,0.0,0.0,718
384.78097676014073,0.0,-3847.809767601407,0.0,0.0,0.0,-0.0,0.0,0.47997237932604736,159.88461198881248,799.2,0.0,333.112109937064,1.0,888.0,-295803.55362411286,120,-49.17132128751516,0.0,120,-57.274220682307266,0.0,118,-10.399734737842866,0.0,120,-54.48211957624681,0.0,120,-33.162575811914984,0.0,120,-4.712484483741147,0.0,0.0,0.10691330279526,0.10691330279526,0.0,-299651.3633917143,-299651.3633917143,718.0,718.0,384.887890062936,0.0,333.112109937064,0.0,0.0,718
384.78097676014073,0.0,-3847.809767601407,0.0,0.0,0.0,-0.0,0.0,0.47997237932604736,159.88461198881248,799.2,0.0,333.112109937064,1.0,888.0,-295803.55362411286,120,-32.62887794641104,0.0,120,-36.65188574461365,0.0,118,-52.21350400498263,0.0,120,-25.80978639388981,0.0,120,-13.611357896491223,0.0,120,-11.955558031561615,0.0,0.0,0.10691330279526,0.10691330279526,0.0,-299651.3633917143,-299651.3633917143,718.0,718.0,384.887890062936,0.0,333.112109937064,0.0,0.0,718
384.78097676014073,0.0,-3847.809767601407,0.0,0.0,0.0,-0.0,0.0,0.47997237932604736,159.88461198881248,799.2,0.0,333.112109937064,1.0,888.0,-295803.55362411286,120,-9.61346294986445,0.0,120,-9.072360030368658,0.0,118,-15.505198558120604,0.0,120,-15.529632413117456,0.0,120,-9.500944430358377,0.0,120,-37.04277478460882,0.0,0.0,0.10691330279526,0.10691330279526,0.0,-299651.3633917143,-299651.3633917143,718.0,718.0,384.887890062936,0.0,333.112109937064,0.0,0.0,718
384.78097676014073,0.0,-3847.809767601407,0.0,0.0,0.0,-0.0,0.0,0.47997237932604736,159.88461198881248,799.2,0.0,333.112109937064,1.0,888.0,-295803.55362411286,120,-59.534168711047265,0.0,120,-34.68581183271028,0.0,118,-19.417939416158468,0.0,120,-43.69652518395205,0.0,120,-26.661614224212165,0.0,120,-39.49596485994773,0.0,0.0,0.10691330279526,0.10691330279526,0.0,-299651.3633917143,-299651.3633917143,718.0,718.0,384.887890062936,0.0,333.112109937064,0.0,0.0,718
384.78097676014073,0.0,-3847.809767601407,0.0,0.0,0.0,-0.0,0.0,0.47997237932604736,159.88461198881248,799.2,0.0,333.112109937064,1.0,888.0,-295803.55362411286,120,-52.03780177392997,0.0,120,-47.37336239732289,0.0,118,-58.42695392313238,0.0,120,-34.61172994084128,0.0,120,-43.96101593766797,0.0,120,-18.627909139241122,0.0,0.0,0.10691330279526,0.10691330279526,0.0,-299651.3633917143,-299651.3633917143,718.0,718.0,384.887890062936,0.0,333.112109937064,0.0,0.0,718
384.78097676014073,0.0,-3847.809767601407,0.0,0.0,0.0,-0.0,0.0,0.47997237932604736,159.88461198881248,799.2,0.0,333.112109937064,1.0,888.0,-295803.55362411286,120,-10.668240774778273,0.0,120,-34.09647558257467,0.0,118,-51.94735883982997,0.0,120,-28.912815797983473,0.0,120,-21.37264920512752,0.0,120,-12.767398065569234,0.0,0.0,0.10691330279526,0.10691330279526,0.0,-299651.3633917143,-299651.3633917143,718.0,718.0,384.887890062936,0.0,333.112109937064,0.0,0.0,718
1103.7448312396448,0.0,-11037.448312396447,386.0515122152601,0.0,0.0,-0.0,0.0,0.47997237932604736,0.0,799.2,0.0,0.0,1.0,888.0,-0.0,120,-14.204246347695344,0.0,120,-42.80343507732481,0.0,118,-16.992896896730873,0.0,120,-41.7798136335809,0.0,120,-14.622462704538005,0.0,120,-22.64272811116152,0.0,0.0,0.30668097561535,0.30668097561535,0.0,-11037.448312396447,-11037.448312396447,1104.0515122152601,1104.0515122152601,1104.0515122152601,0.0,0.0,386.0515122152601,0.0,718
1103.7448312396448,0.0,-11037.448312396447,386.0515122152601,347.4463609937341,0.0,-0.0,0.008422329551638283,0.47997237932604736,0.0,799.2,0.0,0.0,1.0,888.0,-0.0,120,-59.634649592481814,0.0,120,-19.226237097997995,0.0,118,-27.557341956393266,0.0,120,-16.552158524116404,0.0,120,-43.08984049158034,0.0,120,-27.272640731323946,0.0,0.0,0.30668097561535,0.30668097561535,0.0,-11037.448312396447,-11037.448312396447,1104.0515122152601,1104.0515122152601,1104.0515122152601,0.0,0.0,386.0515122152601,0.0,718
1103.7448312396448,0.0,-11037.448312396447,386.0515122152601,694.8927219874682,0.0,-0.0,0.016844659103276566,0.47997237932604736,0.0,799.2,0.0,0.0,1.0,888.0,-0.0,120,-5.204292334872309,0.0,120,-11.123880919195644,0.0,118,-2.008965849981026,0.0,120,-25.457812567870576,0.0,120,-41.90961713935113,0.0,120,-52.595426567322804,0.0,0.0,0.30668097561535,0.30668097561535,0.0,-11037.448312396447,-11037.448312396447,1104.0515122152601,1104.0515122152601,1104.0515122152601,0.0,0.0,386.0515122152601,0.0,718
1103.7448312396448,0.0,-11037.448312396447,386.0515122152601,1042.3390829812024,0.0,-0.0,0.025266988654914852,0.47997237932604736,0.0,799.2,0.0,0.0,1.0,888.0,-0.0,120,-12.300001820603386,0.0,120,-10.614856269182923,0.0,118,-50.380143227329846,0.0,120,-47.087092293778774,0.0,120,-29.676969851906755,0.0,120,-4.54122114364333,0.0,0.0,0.30668097561535,0.30668097561535,0.0,-11037.448312396447,-11037.448312396447,1104.0515122152601,1104.0515122152601,1104.0515122152601,0.0,0.0,386.0515122152601,0.0,718
1103.7448312396448,0.0,-11037.448312396447,386.0515122152601,1389.7854439749365,0.0,-0.0,0.03368931820655313,0.47997237932604736,0.0,799.2,0.0,0.0,1.0,888.0,-0.0,120,-21.800221996481042,0.0,120,-37.4392920431385,0.0,118,-51.816263021307485,0.0,120,-9.031266924269792,0.0,120,-5.638097479232265,0.0,120,-40.0029595218658,0.0,0.0,0.30668097561535,0.30668097561535,0.0,-11037.448312396447,-11037.448312396447,1104.0515122152601,1104.0515122152601,1104.0515122152601,0.0,0.0,386.0515122152601,0.0,718
1103.7448312396448,0.0,-11037.448312396447,386.0515122152601,1737.2318049686705,0.0,-0.0,0.042111647758191414,0.47997237932604736,0.0,799.2,0.0,0.0,1.0,888.0,-0.0,120,-54.15723243974671,0.0,120,-52.85031084070427,0.0,118,-51.78153040200645,0.0,120,-27.973480803684357,0.0,120,-52.16643399058814,0.0,120,-14.117323747909438,0.0,0.0,0.30668097561535,0.30668097561535,0.0,-11037.448312396447,-11037.448312396447,1104.0515122152601,1104.0515122152601,1104.0515122152601,0.0,0.0,386.0515122152601,0.0,718
1712.4492034263524,0.0,-17124.492034263523,994.9250159307776,2084.678165962405,0.0,-0.0,0.050533977309829704,0.47997237932604736,0.0,799.2,0.0,0.0,1.0,888.0,-0.0,120,-41.24428234044646,0.0,120,-50.23383035699589,0.0,118,-33.516194612574154,0.0,120,-22.838760642048975,0.0,120,-42.70638401068148,0.0,120,-4.173996188948992,0.0,0.0,0.475812504425216,0.475812504425216,0.0,-17124.492034263523,-17124.492034263523,1712.9250159307776,1712.9250159307776,1712.9250159307776,0.0,0.0,994.9250159307776,0.0,718
1712.4492034263524,0.0,-17124.492034263523,994.9250159307776,2980.110680300105,0.0,-0.0,0.07223985359368058,0.47997237932604736,0.0,799.2,0.0,0.0,1.0,888.0,-0.0,120,-9.183567294565805,0.0,120,-25.01768998979628,0.0,118,-39.79523340347884,0.0,120,-57.91517458349466,0.0,120,-49.66344056268605,0.0,120,-41.37947414501986,0.0,0.0,0.475812504425216,0.475812504425216,0.0,-17124.492034263523,-17124.492034263523,1712.9250159307776,1712.9250159307776,1712.9250159307776,0.0,0.0,994.9250159307776,0.0,718
1712.4492034263524,0.0,-17124.492034263523,994.9250159307776,3875.543194637805,0.0,-0.0,0.09394572987753144,0.47997237932604736,0.0,799.2,0.0,0.0,1.0,888.0,-0.0,120,-24.966852085066918,0.0,120,-33.444857267973624,0.0,118,-48.51684292439168,0.0,120,-34.40725716358352,0.0,120,-43.22873426870918,0.0,120,-21.28112925763912,0.0,0.0,0.475812504425216,0.475812504425216,0.0,-17124.492034263523,-17124.492034263523,1712.9250159307776,1712.9250159307776,1712.9250159307776,0.0,0.0,994.9250159307776,0.0,718
1712.4492034263524,0.0,-17124.492034263523,994.9250159307776,4770.975708975505,0.0,-0.0,0.11565160616138231,0.47997237932604736,0.0,799.2,0.0,0.0,1.0,888.0,-0.0,120,-47.402429399894004,0.0,120,-31.33765570615416,0.0,118,-35.48490856948072,0.0,120,-48.93060593731103,0.0,120,-39.96525175551726,0.0,120,-48.078879173718526,0.0,0.0,0.475812504425216,0.475812504425216,0.0,-17124.492034263523,-17124.492034263523,1712.9250159307776,1712.9250159307776,1712.9250159307776,0.0,0.0,994.9250159307776,0.0,718
1712.4492034263524,0.0,-17124.492034263523,994.9250159307776,5666.408223313205,0.0,-0.0,0.1373574824452332,0.47997237932604736,0.0,799.2,0.0,0.0,1.0,888.0,-0.0,120,-34.640314535845214,0.0,120,-50.34668372343125,0.0,118,-7.904168097713238,0.0,120,-30.002550008952888,0.0,120,-43.31611364594029,0.0,120,-18.701465042058786,0.0,0.0,0.475812504425216,0.475812504425216,0.0,-17124.492034263523,-17124.492034263523,1712.9250159307776,1712.9250159307776,1712.9250159307776,0.0,0.0,994.9250159307776,0.0,718
1712.4492034263524,0.0,-17124.492034263523,994.9250159307776,6561.840737650905,0.0,-0.0,0.15906335872908406,0.47997237932604736,0.0,799.2,0.0,0.0,1.0,888.0,-0.0,120,-13.102550159414662,0.0,120,-8.828550040182988,0.0,118,-18.05062793798544,0.0,120,-44.32963107701495,0.0,120,-19.114438251855034,0.0,120,-6.8553621416272765,0.0,0.0,0.475812504425216,0.475812504425216,0.0,-17124.492034263523,-17124.492034263523,1712.9250159307776,1712.9250159307776,1712.9250159307776,0.0,0.0,994.9250159307776,0.0,718
2108.864389376327,0.0,-21088.64389376327,1391.450347806273,7457.273251988605,0.0,-0.0,0.18076923501293493,0.47997237932604736,0.0,799.2,0.0,0.0,1.0,888.0,-0.0,120,-40.61109600740869,0.0,120,-37.64707937697421,0.0,118,-30.052997007763157,0.0,120,-53.17433878031368,0.0,120,-33.77609991652589,0.0,120,-10.220735705356557,0.0,0.0,0.585958429946187,0.585958429946187,0.0,-21088.64389376327,-21088.64389376327,2109.450347806273,2109.450347806273,2109.450347806273,0.0,0.0,1391.450347806273,0.0,718
2108.864389376327,0.0,-21088.64389376327,1391.450347806273,8709.57856501425,0.0,-0.0,0.21112594393169587,0.47997237932604736,0.0,799.2,0.0,0.0,1.0,888.0,-0.0,120,-26.201883682861297,0.0,120,-20.18364810236761,0.0,118,-14.844393919626029,0.0,120,-0.2966108531473921,0.0,120,-46.92100809990813,0.0,120,-11.355593300794089,0.0,0.0,0.585958429946187,0.585958429946187,0.0,-21088.64389376327,-21088.64389376327,2109.450347806273,2109.450347806273,2109.450347806273,0.0,0.0,1391.450347806273,0.0,718
2108.864389376327,0.0,-21088.64389376327,1391.450347806273,9961.883878039895,0.0,-0.0,0.2414826528504568,0.47997237932604736,0.0,799.2,0.0,0.0,1.0,888.0,-0.0,120,-0.1382436109539542,0.0,120,-28.25260551421492,0.0,118,-42.685172936468064,0.0,120,-21.683829152488507,0.0,120,-4.125811218010858,0.0,120,-45.96006927644308,0.0,0.0,0.585958429946187,0.585958429946187,0.0,-21088.64389376327,-21088.64389376327,2109.450347806273,2109.450347806273,2109.450347806273,0.0,0.0,1391.450347806273,0.0,718
2108.864389376327,0.0,-21088.64389376327,1391.450347806273,11214.18919106554,0.0,-0.0,0.27183936176921775,0.47997237932604736,0.0,799.2,0.0,0.0,1.0,888.0,-0.0,120,-51.61995600508987,0.0,120,-11.386526965860305,0.0,118,-59.479835558555756,0.0,120,-15.881238472549285,0.0,120,-55.40885045454441,0.0,120,-2.220482990523498,0.0,0.0,0.585958429946187,0.585958429946187,0.0,-21088.64389376327,-21088.64389376327,2109.450347806273,2109.450347806273,2109.450347806273,0.0,0.0,1391.450347806273,0.0,718
2108.864389376327,0.0,-21088.64389376327,1391.450347806273,12466.494504091184,0.0,-0.0,0.30219607068797866,0.47997237932604736,0.0,799.2,0.0,0.0,1.0,888.0,-0.0,120,-44.56952810606616,0.0,120,-4.776323176215362,0.0,118,-46.63182561065445,0.0,120,-43.33122769238259,0.0,120,-21.3478912976039,0.0,120,-42.62680220641907,0.0,0.0,0.585958429946187,0.585958429946187,0.0,-21088.64389376327,-21088.64389376327,2109.450347806273,2109.450347806273,2109.450347806273,0.0,0.0,1391.450347806273,0.0,718
2108.864389376327,0.0,-21088.64389376327,1391.450347806273,13718.79981711683,0.0,-0.0,0.3325527796067396,0.47997237932604736,0.0,799.2,0.0,0.0,1.0,888.0,-0.0,120,-41.30125562047357,0.0,120,-21.836554714574334,0.0,118,-39.19193104754362,0.0,120,-37.150953606262654,0.0,120,-23.15577875511561,0.0,120,-3.724170023538005,0.0,0.0,0.585958429946187,0.585958429946187,0.0,-21088.64389376327,-21088.64389376327,2109.450347806273,2109.450347806273,2109.450347806273,0.0,0.0,1391.450347806273,0.0,718
2299.522847019374,0.0,-22995.22847019374,1582.161780847387,14971.105130142474,0.0,-0.0,0.36290948852550053,0.47997237932604736,0.0,799.2,0.0,0.0,1.0,888.0,-0.0,120,-27.124404213165203,0.0,120,-55.62421579148477,0.0,118,-21.3684262227063,0.0,120,-0.6183154887132991,0.0,120,-29.952965151218997,0.0,120,-52.58012825291766,0.0,0.0,0.638933828013163,0.638933828013163,0.0,-22995.22847019374,-22995.22847019374,2300.161780847387,2300.161780847387,2300.161780847387,0.0,0.0,1582.161780847387,0.0,718
2299.522847019374,0.0,-22995.22847019374,1582.161780847387,16395.05073290512,0.0,-0.0,0.3974268715706766,0.47997237932604736,0.0,799.2,0.0,0.0,1.0,888.0,-0.0,120,-21.654232190896835,0.0,120,-24.461664120191543,0.0,118,-4.638484955782021,0.0,120,-0.6752804312403282,0.0,120,-44.78390214866881,0.0,120,-57.741041953139685,0.0,0.0,0.638933828013163,0.638933828013163,0.0,-22995.22847019374,-22995.22847019374,2300.161780847387,2300.161780847387,2300.161780847387,0.0,0.0,1582.161780847387,0.0,718
2299.522847019374,0.0,-22995.22847019374,1582.161780847387,17818.99633566777,0.0,-0.0,0.4319442546158526,0.47997237932604736,0.0,799.2,0.0,0.0,1.0,888.0,-0.0,120,-43.582572408768975,0.0,120,-59.94863548877724,0.0,118,-26.71399557540324,0.0,120,-52.356924265701934,0.0,120,-9.577815999295519,0.0,120,-38.925678409414715,0.0,0.0,0.638933828013163,0.638933828013163,0.0,-22995.22847019374,-22995.22847019374,2300.161780847387,2300.161780847387,2300.161780847387,0.0,0.0,1582.161780847387,0.0,718
2299.522847019374,0.0,-22995.22847019374,1582.161780847387,19242.941938430416,0.0,-0.0,0.46646163766102866,0.47997237932604736,0.0,799.2,0.0,0.0,1.0,888.0,-0.0,120,-6.967986276693507,0.0,120,-38.71915546729858,0.0,118,-28.26770880056637,0.0,120,-9.432508823613263,0.0,120,-37.94668005163286,0.0,120,-4.8644620439331305,0.0,0.0,0.638933828013163,0.638933828013163,0.0,-22995.22847019374,-22995.22847019374,2300.161780847387,2300.161780847387,2300.161780847387,0.0,0.0,1582.161780847387,0.0,718
2299.522847019374,0.0,-22995.22847019374,1582.161780847387,20666.887541193064,0.0,-0.0,0.5009790207062047,0.47997237932604736,0.0,799.2,0.0,0.0,1.0,888.0,-0.0,120,-21.612394033695065,0.0,120,-55.14030133053247,0.0,118,-17.912906833848727,0.0,120,-26.77481898216145,0.0,120,-21.64486153109086,0.0,120,-1.6620797208500648,0.0,0.0,0.638933828013163,0.638933828013163,0.0,-22995.22847019374,-22995.22847019374,2300.161780847387,2300.161780847387,2300.161780847387,0.0,0.0,1582.161780847387,0.0,718
2299.522847019374,0.0,-22995.22847019374,1582.161780847387,22090.83314395571,0.0,-0.0,0.5354964037513807,0.47997237932604736,0.0,799.2,0.0,0.0,1.0,888.0,-0.0,120,-44.24741284900996,0.0,120,-14.300519356677562,0.0,118,-39.939770402364616,0.0,120,-44.301644776819465,0.0,120,-34.106681161061545,0.0,120,-29.899915584492792,0.0,0.0,0.638933828013163,0.638933828013163,0.0,-22995.22847019374,-22995.22847019374,2300.161780847387,2300.161780847387,2300.161780847387,0.0,0.0,1582.161780847387,0.0,718
2293.986414432012,0.0,-22939.864144320123,1576.623809934772,23514.77874671836,0.0,-0.0,0.5700137867965568,0.47997237932604736,0.0,799.2,0.0,0.0,1.0,888.0,-0.0,120,-27.547371820421024,0.0,120,-29.15600796900091,0.0,118,-21.391988313642095,0.0,120,-58.95498174366945,0.0,120,-45.99759862358242,0.0,120,-38.30663781087717,0.0,0.0,0.637395502759659,0.637395502759659,0.0,-22939.864144320123,-22939.864144320123,2294.623809934772,2294.623809934772,2294.623809934772,0.0,0.0,1576.623809934772,0.0,718
2293.986414432012,0.0,-22939.864144320123,1576.623809934772,24933.740175659652,0.0,-0.0,0.6044103501723427,0.47997237932604736,0.0,799.2,0.0,0.0,1.0,888.0,-0.0,120,-1.1510357056511222,0.0,120,-35.794362458759984,0.0,118,-47.20468869926352,0.0,120,-41.21828487067006,0.0,120,-16.295989827339675,0.0,120,-6.433244679498326,0.0,0.0,0.637395502759659,0.637395502759659,0.0,-22939.864144320123,-22939.864144320123,2294.623809934772,2294.623809934772,2294.623809934772,0.0,0.0,1576.623809934772,0.0,718
2293.986414432012,0.0,-22939.864144320123,1576.623809934772,26352.701604600945,0.0,-0.0,0.6388069135481285,0.47997237932604736,0.0,799.2,0.0,0.0,1.0,888.0,-0.0,120,-8.710527425316162,0.0,120,-34.70070425704142,0.0,118,-31.402410370122496,0.0,120,-23.4209452390397,0.0,120,-1.8686247478938123,0.0,120,-11.096741202055036,0.0,0.0,0.637395502759659,0.637395502759659,0.0,-22939.864144320123,-22939.864144320123,2294.623809934772,2294.623809934772,2294.623809934772,0.0,0.0,1576.623809934772,0.0,718
2293.986414432012,0.0,-22939.864144320123,1576.623809934772,27771.663033542238,0.0,-0.0,0.6732034769239144,0.47997237932604736,0.0,799.2,0.0,0.0,1.0,888.0,-0.0,120,-40.855269601531674,0.0,120,-46.09974960227126,0.0,118,-40.52265033842405,0.0,120,-8.300082592896361,0.0,120,-7.558300823594681,0.0,120,-46.09591788810507,0.0,0.0,0.637395502759659,0.637395502759659,0.0,-22939.864144320123,-22939.864144320123,2294.623809934772,2294.623809934772,2294.623809934772,0.0,0.0,1576.623809934772,0.0,718
2293.986414432012,0.0,-22939.864144320123,1576.623809934772,29190.62446248353,0.0,-0.0,0.7076000402997001,0.47997237932604736,0.0,799.2,0.0,0.0,1.0,888.0,-0.0,120,-59.2670655666383,0.0,120,-15.068649766752502,0.0,118,-37.05133752323979,0.0,120,-47.8044887571339,0.0,120,-31.46841206783469,0.0,120,-33.59670574914068,0.0,0.0,0.637395502759659,0.637395502759659,0.0,-22939.864144320123,-22939.864144320123,2294.623809934772,2294.623809934772,2294.623809934772,0.0,0.0,1576.623809934772,0.0,718
2293.986414432012,0.0,-22939.864144320123,1578.623809934772,30609.585891424824,0.0,-0.0,0.741996603675486,0.47997237932604736,0.0,799.2,0.0,0.0,1.0,888.0,-0.0,120,-44.830219195905656,0.0,118,-15.029939739188535,0.0,118,-59.540191110413254,0.0,120,-39.182425004003996,0.0,120,-42.403538963184516,0.0,120,-17.601959086347982,0.0,0.0,0.637395502759659,0.637395502759659,0.0,-22939.864144320123,-22939.864144320123,2294.623809934772,2294.623809934772,2294.623809934772,0.0,0.0,1578.623809934772,0.0,716
2065.1631358127074,0.0,-20651.631358127073,1351.7369516326053,32030.34732036612,0.0,-0.0,0.7764368002415853,0.47997237932604736,0.0,799.2,0.0,0.0,1.0,888.0,-0.0,120,-39.193363262166976,0.0,118,-0.8037693390036948,0.0,118,-15.584971690848047,0.0,120,-0.002621953695638446,0.0,120,-1.1943170857958085,0.0,118,-24.455264116982654,0.0,0.0,0.573815819897946,0.573815819897946,0.0,-20651.631358127073,-20651.631358127073,2065.7369516326053,2065.7369516326053,2065.7369516326053,0.0,0.0,1351.7369516326053,0.0,714
2065.1631358127074,0.0,-20651.631358127073,1351.7369516326053,33246.910576835464,0.0,-0.0,0.8059270980737271,0.47997237932604736,0.0,799.2,0.0,0.0,1.0,888.0,-0.0,120,-43.41948611801443,0.0,118,-25.912581674506278,0.0,118,-0.6465919910766682,0.0,120,-7.915823327387987,0.0,120,-13.415164037734996,0.0,118,-48.61234798209333,0.0,0.0,0.573815819897946,0.573815819897946,0.0,-20651.631358127073,-20651.631358127073,2065.7369516326053,2065.7369516326053,2065.7369516326053,0.0,0.0,1351.7369516326053,0.0,714
2065.1631358127074,0.0,-20651.631358127073,1353.7369516326053,34463.47383330481,0.0,-0.0,0.8354173959058688,0.47997237932604736,0.0,799.2,0.0,0.0,1.0,888.0,-0.0,120,-14.986224041752445,0.0,118,-33.062134680032884,0.0,118,-39.40895791886237,0.0,120,-4.158253714207298,0.0,118,-30.171674865299398,0.0,118,-12.143819909420227,0.0,0.0,0.573815819897946,0.573815819897946,0.0,-20651.631358127073,-20651.631358127073,2065.7369516326053,2065.7369516326053,2065.7369516326053,0.0,0.0,1353.7369516326053,0.0,712
2065.1631358127074,0.0,-20651.631358127073,1353.7369516326053,35681.837089774155,0.0,-0.0,0.8649513269283241,0.47997237932604736,0.0,799.2,0.0,0.0,1.0,888.0,-0.0,120,-30.995457610999285,0.0,118,-42.72048438226235,0.0,118,-11.31240624707117,0.0,120,-37.777921738816254,0.0,118,-18.70541173513527,0.0,118,-33.26168318533356,0.0,0.0,0.573815819897946,0.573815819897946,0.0,-20651.631358127073,-20651.631358127073,2065.7369516326053,2065.7369516326053,2065.7369516326053,0.0,0.0,1353.7369516326053,0.0,712
2065.1631358127074,0.0,-20651.631358127073,1351.7369516326053,36900.2003462435,0.0,-0.0,0.8944852579507794,0.47997237932604736,0.0,799.2,0.0,0.0,1.0,888.0,-0.0,120,-33.01229919710515,0.0,118,-7.1472413143793645,0.0,118,-29.610800651915344,0.0,120,-16.01925411933277,0.0,120,-15.150067075820209,0.0,118,-52.82108092666109,0.0,0.0,0.573815819897946,0.573815819897946,0.0,-20651.631358127073,-20651.631358127073,2065.7369516326053,2065.7369516326053,2065.7369516326053,0.0,0.0,1351.7369516326053,0.0,714
2065.1631358127074,0.0,-20651.631358127073,1351.7369516326053,38116.76360271285,0.0,-0.0,0.9239755557829211,0.47997237932604736,0.0,799.2,0.0,0.0,1.0,888.0,-0.0,120,-27.965521675848137,0.0,118,-28.24789783960676,0.0,120,-19.061687045311114,0.0,120,-19.997653346857337,0.0,118,-24.086309661523615,0.0,118,-30.126187206589204,0.0,0.0,0.573815819897946,0.573815819897946,0.0,-20651.631358127073,-20651.631358127073,2065.7369516326053,2065.7369516326053,2065.7369516326053,0.0,0.0,1351.7369516326053,0.0,714
1625.768039498445,0.0,-16257.68039498445,854.2197672115592,39333.32685918219,0.0,-0.0,0.953465853615063,0.47997237932604736,0.0,799.2,0.0,0.0,1.0,888.0,-0.0,118,-27.40043088648259,0.0,118,-20.33601449718764,0.0,180,-56.896575127490216,0.0,120,-54.954687983538705,0.0,118,-29.078668786331843,0.0,118,-56.55999721013301,0.0,0.0,0.451727713114322,0.451727713114322,0.0,-16257.68039498445,-16257.68039498445,1626.2197672115592,1626.2197672115592,1626.2197672115592,0.0,0.0,854.2197672115592,0.0,772
1625.768039498445,0.0,-16257.68039498445,709.2197672115592,40102.124649672594,0.0,-0.0,0.9721020204511815,0.47997237932604736,0.0,799.2,0.0,0.0,1.0,888.0,-0.0,180,-46.001738597828904,0.0,180,-55.08252264960076,0.0,203,-52.570934880544,0.0,118,-38.969375991760636,0.0,118,-4.62661856015953,0.0,118,-40.70022435100947,0.0,0.0,0.451727713114322,0.451727713114322,0.0,-16257.68039498445,-16257.68039498445,1626.2197672115592,1626.2197672115592,1626.2197672115592,0.0,0.0,709.2197672115592,0.0,917
1625.768039498445,0.0,-16257.68039498445,569.5306220411132,40740.422440163,0.0,-0.0,0.9875747809895765,0.47997237932604736,0.0,799.2,201.68914517044595,0.0,1.0,888.0,161189.96482022043,180,-34.8211761117005,0.0,118,-53.633508052086206,0.0,203,-27.535813285416385,0.0,118,-38.49041711462691,0.0,118,-56.399050373560755,0.0,118,-6.726845589853263,0.0,0.0,0.451727713114322,0.451727713114322,0.0,144932.28442523596,144932.28442523596,1626.2197672115592,1626.2197672115592,1626.2197672115592,0.0,0.0,771.2197672115592,0.0,855
1625.768039498445,0.0,-16257.68039498445,0.0,41253.0,0.0,-0.0,1.0,0.47997237932604736,0.0,799.2,771.2197672115592,0.0,1.0,888.0,616358.8379554781,180,-47.17528389388115,0.0,118,-44.95828269204128,0.0,203,-58.97490586346522,0.0,118,-36.57328845056639,0.0,118,-59.926202275438946,0.0,118,-45.57939421791322,0.0,0.0,0.451727713114322,0.451727713114322,0.0,600101.1575604937,600101.1575604937,1626.2197672115592,1626.2197672115592,1626.2197672115592,0.0,0.0,771.2197672115592,0.0,855
1625.768039498445,0.0,-16257.68039498445,0.0,41253.0,0.0,-0.0,1.0,0.47997237932604736,0.0,799.2,771.2197672115592,0.0,1.0,888.0,616358.8379554781,180,-56.96370358741465,0.0,118,-43.96271497312516,0.0,203,-54.26241630641667,0.0,118,-13.330124530463719,0.0,118,-11.1711384681118,0.0,118,-53.786248270268324,0.0,0.0,0.451727713114322,0.451727713114322,0.0,600101.1575604937,600101.1575604937,1626.2197672115592,1626.2197672115592,1626.2197672115592,0.0,0.0,771.2197672115592,0.0,855
1625.768039498445,0.0,-16257.68039498445,0.0,41253.0,0.0,-0.0,1.0,0.47997237932604736,0.0,799.2,771.2197672115592,0.0,1.0,888.0,616358.8379554781,180,-47.05253673751081,0.0,118,-53.99514467045115,0.0,203,-43.00888093603684,0.0,118,-25.85196465804511,0.0,118,-58.08355207756517,0.0,118,-35.40392203971369,0.0,0.0,0.451727713114322,0.451727713114322,0.0,600101.1575604937,600101.1575604937,1626.2197672115592,1626.2197672115592,1626.2197672115592,0.0,0.0,771.2197672115592,0.0,855
965.4075315969958,0.0,-9654.075315969958,0.0,41253.0,0.0,-0.0,1.0,0.47997237932604736,0.0,799.2,110.67577486779237,0.0,1.0,888.0,88452.07927433967,180,-55.78961640335232,0.0,118,-33.6926478367233,0.0,203,-38.29472539341153,0.0,118,-15.269519477506261,0.0,118,-38.528862963444645,0.0,118,-20.772006500022698,0.0,0.0,0.268243270796609,0.268243270796609,0.0,78798.00395836972,78798.00395836972,965.6757748677924,965.6757748677924,965.6757748677924,0.0,0.0,110.67577486779237,0.0,855
965.4075315969958,0.0,-9654.075315969958,0.0,41253.0,0.0,-0.0,1.0,0.47997237932604736,0.0,799.2,110.67577486779237,0.0,1.0,888.0,88452.07927433967,180,-55.918601100042835,0.0,118,-7.3098129319611544,0.0,203,-37.65441412194975,0.0,118,-11.941916525734504,0.0,118,-58.5590294659473,0.0,118,-34.02043432833177,0.0,0.0,0.268243270796609,0.268243270796609,0.0,78798.00395836972,78798.00395836972,965.6757748677924,965.6757748677924,965.6757748677924,0.0,0.0,110.67577486779237,0.0,855
965.4075315969958,0.0,-9654.075315969958,0.0,41253.0,0.0,-0.0,1.0,0.47997237932604736,0.0,799.2,48.67577486779237,0.0,1.0,888.0,38901.679274339665,180,-56.215148322000616,0.0,180,-21.963882544339835,0.0,203,-25.0228005172383,0.0,118,-30.035055974724077,0.0,118,-35.9699004848298,0.0,118,-6.792075519638248,0.0,0.0,0.268243270796609,0.268243270796609,0.0,29247.603958369706,29247.603958369706,965.6757748677924,965.6757748677924,965.6757748677924,0.0,0.0,48.67577486779237,0.0,917
965.4075315969958,0.0,-9654.075315969958,0.0,41253.0,0.0,-0.0,1.0,0.47997237932604736,0.0,799.2,48.67577486779237,0.0,1.0,888.0,38901.679274339665,180,-59.63755798146409,0.0,180,-46.323131254761755,0.0,203,-34.43942812616779,0.0,118,-5.081479991919863,0.0,118,-45.99947115279498,0.0,118,-52.94218428502068,0.0,0.0,0.268243270796609,0.268243270796609,0.0,29247.603958369706,29247.603958369706,965.6757748677924,965.6757748677924,965.6757748677924,0.0,0.0,48.67577486779237,0.0,917
965.4075315969958,0.0,-9654.075315969958,0.0,41253.0,0.0,-0.0,1.0,0.47997237932604736,0.0,799.2,48.67577486779237,0.0,1.0,888.0,38901.679274339665,180,-59.38704631123462,0.0,180,-21.839269071131383,0.0,203,-23.118067579819293,0.0,118,-52.42235056142343,0.0,118,-5.4299327744977965,0.0,118,-21.55265031132205,0.0,0.0,0.268243270796609,0.268243270796609,0.0,29247.603958369706,29247.603958369706,965.6757748677924,965.6757748677924,965.6757748677924,0.0,0.0,48.67577486779237,0.0,917
965.4075315969958,0.0,-9654.075315969958,0.0,41253.0,0.0,-0.0,1.0,0.47997237932604736,0.0,799.2,48.67577486779237,0.0,1.0,888.0,38901.679274339665,180,-34.4774407066376,0.0,180,-13.550785245285581,0.0,203,-45.29369397831981,0.0,118,-40.711508122988405,0.0,118,-27.199122370197692,0.0,118,-24.001264310222904,0.0,0.0,0.268243270796609,0.268243270796609,0.0,29247.603958369706,29247.603958369706,965.6757748677924,965.6757748677924,965.6757748677924,0.0,0.0,48.67577486779237,0.0,917
298.90256301841544,0.0,-2989.0256301841546,0.0,41253.0,618.0143854219796,-0.0,1.0,0.47997237932604736,0.0,799.2,0.0,0.0,1.0,888.0,-0.0,180,-54.589379068438205,0.0,180,-44.54599247421068,0.0,203,-33.527665610207805,0.0,118,-13.632999842126017,0.0,118,-23.92698990488999,0.0,118,-6.905958538828962,0.0,0.0,0.0830515596050057,0.0830515596050057,0.0,-2989.0256301841546,-2989.0256301841546,917.0,917.0,298.98561457802043,0.0,618.0143854219796,0.0,0.0,917
298.90256301841544,0.0,-2989.0256301841546,0.0,40566.317349531135,618.0143854219796,-0.0,0.9833543584595335,0.47997237932604736,0.0,799.2,0.0,0.0,1.0,888.0,-0.0,180,-24.85727759546091,0.0,180,-33.22924741116933,0.0,203,-7.612629767284249,0.0,118,-37.78140360242923,0.0,118,-27.012418249156138,0.0,118,-58.90901422833821,0.0,0.0,0.0830515596050057,0.0830515596050057,0.0,-2989.0256301841546,-2989.0256301841546,917.0,917.0,298.98561457802043,0.0,618.0143854219796,0.0,0.0,917
298.90256301841544,0.0,-2989.0256301841546,0.0,39879.63469906227,618.0143854219796,-0.0,0.966708716919067,0.47997237932604736,0.0,799.2,0.0,0.0,1.0,888.0,-0.0,180,-11.922094987396967,0.0,180,-39.00230550214465,0.0,203,-12.653319999917096,0.0,118,-31.98281917693897,0.0,118,-17.344921686057223,0.0,118,-46.208488538740035,0.0,0.0,0.0830515596050057,0.0830515596050057,0.0,-2989.0256301841546,-2989.0256301841546,917.0,917.0,298.98561457802043,0.0,618.0143854219796,0.0,0.0,917
298.90256301841544,0.0,-2989.0256301841546,0.0,39192.952048593404,618.0143854219796,-0.0,0.9500630753786005,0.47997237932604736,0.0,799.2,0.0,0.0,1.0,888.0,-0.0,180,-58.502257788582654,0.0,180,-32.72380872677522,0.0,203,-36.3966744810656,0.0,118,-13.298071578494174,0.0,118,-31.39005465085553,0.0,118,-5.9727114001018355,0.0,0.0,0.0830515596050057,0.0830515596050057,0.0,-2989.0256301841546,-2989.0256301841546,917.0,917.0,298.98561457802043,0.0,618.0143854219796,0.0,0.0,917
298.90256301841544,0.0,-2989.0256301841546,0.0,38506.26939812454,618.0143854219796,-0.0,0.9334174338381339,0.47997237932604736,0.0,799.2,0.0,0.0,1.0,888.0,-0.0,180,-42.20208397089364,0.0,180,-11.433516674057104,0.0,203,-30.427282969652676,0.0,118,-16.969221263483824,0.0,118,-35.94640306930159,0.0,118,-48.15668019774344,0.0,0.0,0.0830515596050057,0.0830515596050057,0.0,-2989.0256301841546,-2989.0256301841546,917.0,917.0,298.98561457802043,0.0,618.0143854219796,0.0,0.0,917
298.90256301841544,0.0,-2989.0256301841546,0.0,37819.586747655674,556.0143854219796,-0.0,0.9167717922976675,0.47997237932604736,0.0,799.2,0.0,0.0,1.0,888.0,-0.0,180,-22.1497013789742,0.0,118,-53.934340954119506,0.0,203,-1.1960909081518079,0.0,118,-43.213094888778656,0.0,118,-13.547816479917609,0.0,118,-18.491991186845244,0.0,0.0,0.0830515596050057,0.0830515596050057,0.0,-2989.0256301841546,-2989.0256301841546,855.0,855.0,298.98561457802043,0.0,556.0143854219796,0.0,0.0,855
0.0,0.0,-0.0,0.0,37201.7929860757,855.0,-0.0,0.901796062979073,0.47997237932604736,0.0,799.2,0.0,0.0,1.0,888.0,-0.0,180,-9.905540279075426,0.0,118,-51.37786494219793,0.0,203,-1.54132480940824,0.0,118,-29.60106729553591,0.0,118,-40.630083443942844,0.0,118,-47.93782847963202,0.0,0.0,0.0,0.0,0.0,0.0,0.0,855.0,855.0,0.0,0.0,855.0,0.0,0.0,855
0.0,0.0,-0.0,0.0,36251.7929860757,855.0,-0.0,0.8787674347580952,0.47997237932604736,0.0,799.2,0.0,0.0,1.0,888.0,-0.0,180,-45.373344436044015,0.0,118,-5.718804953568424,0.0,203,-50.37934555255731,0.0,118,-35.79016375125459,0.0,118,-33.14187747257477,0.0,118,-47.65959176842412,0.0,0.0,0.0,0.0,0.0,0.0,0.0,855.0,855.0,0.0,0.0,855.0,0.0,0.0,855
0.0,0.0,-0.0,0.0,35301.7929860757,855.0,-0.0,0.8557388065371173,0.47997237932604736,0.0,799.2,0.0,0.0,1.0,888.0,-0.0,180,-15.67300454929454,0.0,118,-27.80415996607319,0.0,203,-3.9614006175230987,0.0,118,-31.905822921215123,0.0,118,-29.549311453029716,0.0,118,-36.50623091315965,0.0,0.0,0.0,0.0,0.0,0.0,0.0,855.0,855.0,0.0,0.0,855.0,0.0,0.0,855
0.0,0.0,-0.0,0.0,34351.7929860757,855.0,-0.0,0.8327101783161395,0.47997237932604736,0.0,799.2,0.0,0.0,1.0,888.0,-0.0,180,-10.463246039097875,0.0,118,-23.419719143856202,0.0,203,-26.196886738754582,0.0,118,-59.830115822702,0.0,118,-39.07160409855827,0.0,118,-41.22792747068881,0.0,0.0,0.0,0.0,0.0,0.0,0.0,855.0,855.0,0.0,0.0,855.0,0.0,0.0,855
0.0,0.0,-0.0,0.0,33401.7929860757,855.0,-0.0,0.8096815500951615,0.47997237932604736,0.0,799.2,0.0,0.0,1.0,888.0,-0.0,180,-26.96551878248503,0.0,118,-16.460762335241,0.0,203,-51.40002912234072,0.0,118,-35.34255223253616,0.0,118,-21.08926013871142,0.0,118,-18.190738689733337,0.0,0.0,0.0,0.0,0.0,0.0,0.0,855.0,855.0,0.0,0.0,855.0,0.0,0.0,855
0.0,0.0,-0.0,0.0,32451.7929860757,855.0,-0.0,0.7866529218741837,0.47997237932604736,0.0,799.2,0.0,0.0,1.0,888.0,-0.0,180,-39.953544156911484,0.0,118,-35.36854472459762,0.0,203,-11.398749848618834,0.0,118,-7.419703341704247,0.0,118,-28.92515868117438,0.0,118,-9.442141035247268,0.0,0.0,0.0,0.0,0.0,0.0,0.0,855.0,855.0,0.0,0.0,855.0,0.0,0.0,855
0.0,0.0,-0.0,0.0,31501.7929860757,855.0,-0.0,0.7636242936532058,0.47997237932604736,0.0,799.2,0.0,0.0,1.0,888.0,-0.0,180,-45.957859030975335,0.0,118,-13.927285626616424,0.0,203,-50.96174560229544,0.0,118,-53.73544919872198,0.0,118,-2.5186063328655184,0.0,118,-22.14833756919697,0.0,0.0,0.0,0.0,0.0,0.0,0.0,855.0,855.0,0.0,0.0,855.0,0.0,0.0,855
0.0,0.0,-0.0,0.0,30551.7929860757,855.0,-0.0,0.740595665432228,0.47997237932604736,0.0,799.2,0.0,0.0,1.0,888.0,-0.0,180,-57.29961427681013,0.0,118,-24.417544471220804,0.0,203,-28.38488539340218,0.0,118,-50.9796458679302,0.0,118,-26.27272987483733,0.0,118,-59.864192641498875,0.0,0.0,0.0,0.0,0.0,0.0,0.0,855.0,855.0,0.0,0.0,855.0,0.0,0.0,855
0.0,0.0,-0.0,0.0,29601.7929860757,855.0,-0.0,0.71756703721125,0.47997237932604736,0.0,799.2,0.0,0.0,1.0,888.0,-0.0,180,-56.37029152768513,0.0,118,-40.74121585461451,0.0,203,-5.976581535963639,0.0,118,-46.47318883036552,0.0,118,-22.591582203568514,0.0,118,-57.04259573457755,0.0,0.0,0.0,0.0,0.0,0.0,0.0,855.0,855.0,0.0,0.0,855.0,0.0,0.0,855
0.0,0.0,-0.0,0.0,28651.7929860757,855.0,-0.0,0.6945384089902722,0.47997237932604736,0.0,799.2,0.0,0.0,1.0,888.0,-0.0,180,-5.26697445025386,0.0,118,-35.33977260609245,0.0,203,-58.87573772273849,0.0,118,-11.649862640520766,0.0,118,-41.48208221079155,0.0,118,-51.63137454720812,0.0,0.0,0.0,0.0,0.0,0.0,0.0,855.0,855.0,0.0,0.0,855.0,0.0,0.0,855
0.0,0.0,-0.0,0.0,27701.7929860757,832.0,-0.0,0.6715097807692944,0.47997237932604736,0.0,799.2,0.0,0.0,1.0,888.0,-0.0,180,-23.95567444083571,0.0,118,-49.89759379769335,0.0,180,-55.056569302846526,0.0,118,-25.681569080500473,0.0,118,-12.802913368721057,0.0,118,-15.161762157756202,0.0,0.0,0.0,0.0,0.0,0.0,0.0,832.0,832.0,0.0,0.0,832.0,0.0,0.0,832
0.0,0.0,-0.0,0.0,26777.348541631254,832.0,-0.0,0.6491006361144948,0.47997237932604736,0.0,799.2,0.0,0.0,1.0,888.0,-0.0,180,-31.53289774817715,0.0,118,-10.322352879126049,0.0,180,-4.331818816259386,0.0,118,-22.259143454191147,0.0,118,-28.515242519383232,0.0,118,-53.30427498246192,0.0,0.0,0.0,0.0,0.0,0.0,0.0,832.0,832.0,0.0,0.0,832.0,0.0,0.0,832
0.0,0.0,-0.0,0.0,25852.90409718681,770.0,-0.0,0.6266914914596953,0.47997237932604736,0.0,799.2,0.0,0.0,1.0,888.0,-0.0,118,-59.59502644487756,0.0,118,-53.822281690256524,0.0,180,-46.271980575895654,0.0,118,-18.455902690312026,0.0,118,-7.894455585896978,0.0,118,-32.191160111563036,0.0,0.0,0.0,0.0,0.0,0.0,0.0,770.0,770.0,0.0,0.0,770.0,0.0,0.0,770
0.0,0.0,-0.0,0.0,24997.348541631254,770.0,-0.0,0.6059522590267679,0.47997237932604736,0.0,799.2,0.0,0.0,1.0,888.0,-0.0,118,-10.192549663870496,0.0,118,-44.88099398226169,0.0,180,-17.04965602714937,0.0,118,-41.34910872767115,0.0,118,-4.68338993424098,0.0,118,-11.940904949098934,0.0,0.0,0.0,0.0,0.0,0.0,0.0,770.0,770.0,0.0,0.0,770.0,0.0,0.0,770
0.0,0.0,-0.0,0.0,24141.7929860757,770.0,-0.0,0.5852130265938404,0.47997237932604736,0.0,799.2,0.0,0.0,1.0,888.0,-0.0,118,-47.58403916028942,0.0,118,-15.013002075656711,0.0,180,-0.4470391747639568,0.0,118,-38.39360918087541,0.0,118,-28.18685925258064,0.0,118,-49.71400809184382,0.0,0.0,0.0,0.0,0.0,0.0,0.0,770.0,770.0,0.0,0.0,770.0,0.0,0.0,770
0.0,0.0,-0.0,0.0,23286.237430520145,770.0,-0.0,0.564473794160913,0.47997237932604736,0.0,799.2,0.0,0.0,1.0,888.0,-0.0,118,-29.316910706031983,0.0,118,-42.99844079315279,0.0,180,-51.88485098113553,0.0,118,-27.438801206303033,0.0,118,-2.2073545824242258,0.0,118,-3.3876119765544788,0.0,0.0,0.0,0.0,0.0,0.0,0.0,770.0,770.0,0.0,0.0,770.0,0.0,0.0,770
0.0,0.0,-0.0,0.0,22430.68187496459,770.0,-0.0,0.5437345617279856,0.47997237932604736,0.0,799.2,0.0,0.0,1.0,888.0,-0.0,118,-31.56984663709422,0.0,118,-15.461990502855212,0.0,180,-28.96456531692803,0.0,118,-17.832657709610864,0.0,118,-46.330370400450605,0.0,118,-52.81570078147686,0.0,0.0,0.0,0.0,0.0,0.0,0.0,770.0,770.0,0.0,0.0,770.0,0.0,0.0,770
0.0,0.0,-0.0,0.0,21575.126319409035,770.0,-0.0,0.5229953292950582,0.47997237932604736,0.0,799.2,0.0,0.0,1.0,888.0,-0.0,118,-21.921223540041908,0.0,118,-31.902922606780002,0.0,180,-47.53771906268003,0.0,118,-0.07738091404747571,0.0,118,-54.1354696990159,0.0,118,-32.16730048807877,0.0,0.0,0.0,0.0,0.0,0.0,0.0,770.0,770.0,0.0,0.0,770.0,0.0,0.0,770
0.0,0.0,-0.0,0.0,20719.57076385348,770.0,-0.0,0.5022560968621308,0.47997237932604736,0.0,799.2,0.0,0.0,1.0,888.0,-0.0,118,-11.923339440620303,0.0,118,-51.148208806506105,0.0,180,-32.708183663881606,0.0,118,-25.991297649337046,0.0,118,-40.82334519725889,0.0,118,-4.824393012346741,0.0,0.0,0.0,0.0,0.0,0.0,0.0,770.0,770.0,0.0,0.0,770.0,0.0,0.0,770
0.0,0.0,-0.0,0.0,19864.015208297926,710.0,-0.0,0.48151686442920333,0.47997237932604736,0.0,799.2,0.0,0.0,1.0,888.0,-0.0,120,-55.91545488437479,0.0,118,-43.5762714787805,0.0,118,-54.049102559370475,0.0,118,-9.999191507664264,0.0,118,-5.466204752998694,0.0,118,-23.487703758865003,0.0,0.0,0.0,0.0,0.0,0.0,0.0,710.0,710.0,0.0,0.0,710.0,0.0,0.0,710
0.0,0.0,-0.0,0.0,19075.126319409035,710.0,-0.0,0.4623936760819585,0.47997237932604736,0.0,799.2,0.0,0.0,1.0,888.0,-0.0,120,-27.585709050965836,0.0,118,-10.614776657125981,0.0,118,-55.83580486097648,0.0,118,-32.667542213191226,0.0,118,-29.86964088144044,0.0,118,-37.88507860768733,0.0,0.0,0.0,0.0,0.0,0.0,0.0,710.0,710.0,0.0,0.0,710.0,0.0,0.0,710
0.0,0.0,-0.0,0.0,18286.237430520145,712.0,-0.0,0.4432704877347137,0.47997237932604736,0.0,799.2,0.0,0.0,1.0,888.0,-0.0,120,-42.55130721791868,0.0,118,-39.86420698050461,0.0,118,-58.34622749928543,0.0,118,-42.015223289311415,0.0,120,-7.0500025455539905,0.0,118,-46.880746093305675,0.0,0.0,0.0,0.0,0.0,0.0,0.0,712.0,712.0,0.0,0.0,712.0,0.0,0.0,712
0.0,0.0,-0.0,0.0,17495.126319409035,712.0,-0.0,0.4240934312512796,0.47997237932604736,0.0,799.2,0.0,0.0,1.0,888.0,-0.0,120,-32.942966402811805,0.0,118,-55.106148399578395,0.0,118,-29.938776359643853,0.0,118,-21.972678200222333,0.0,120,-59.16678801637358,0.0,118,-4.5914783107561625,0.0,0.0,0.0,0.0,0.0,0.0,0.0,712.0,712.0,0.0,0.0,712.0,0.0,0.0,712
0.0,0.0,-0.0,0.0,16704.015208297926,712.0,-0.0,0.40491637476784537,0.47997237932604736,0.0,799.2,0.0,0.0,1.0,888.0,-0.0,120,-5.239910121905968,0.0,118,-14.136729270706965,0.0,118,-34.997141287781034,0.0,118,-41.2905009841673,0.0,120,-31.014560955495323,0.0,118,-42.43031027251852,0.0,0.0,0.0,0.0,0.0,0.0,0.0,712.0,712.0,0.0,0.0,712.0,0.0,0.0,712
0.0,0.0,-0.0,0.0,15912.904097186814,712.0,-0.0,0.38573931828441116,0.47997237932604736,0.0,799.2,0.0,0.0,1.0,888.0,-0.0,120,-9.73617150541595,0.0,118,-21.236299573890633,0.0,118,-26.170682801925462,0.0,118,-36.28399774401702,0.0,120,-4.388717443048926,0.0,118,-47.99086516135111,0.0,0.0,0.0,0.0,0.0,0.0,0.0,712.0,712.0,0.0,0.0,712.0,0.0,0.0,712
0.0,0.0,-0.0,0.0,15121.792986075703,712.0,-0.0,0.36656226180097695,0.47997237932604736,0.0,799.2,0.0,0.0,1.0,888.0,-0.0,120,-24.081171728013715,0.0,118,-4.982752190893775,0.0,118,-43.12808426152892,0.0,118,-32.99042087394032,0.0,120,-28.051908745495222,0.0,118,-14.840958346292867,0.0,0.0,0.0,0.0,0.0,0.0,0.0,712.0,712.0,0.0,0.0,712.0,0.0,0.0,712
0.0,0.0,-0.0,0.0,14330.681874964592,714.0,-0.0,0.34738520531754274,0.47997237932604736,0.0,799.2,0.0,0.0,1.0,888.0,-0.0,120,-26.103021233458513,0.0,118,-3.9046188051349895,0.0,118,-17.78542244796417,0.0,118,-37.84839917764669,0.0,120,-55.91892167514696,0.0,120,-44.72640110055008,0.0,0.0,0.0,0.0,0.0,0.0,0.0,714.0,714.0,0.0,0.0,714.0,0.0,0.0,714
0.0,0.0,-0.0,0.0,13537.348541631258,714.0,-0.0,0.32815428069791913,0.47997237932604736,0.0,799.2,0.0,0.0,1.0,888.0,-0.0,120,-33.49422194287288,0.0,118,-39.02100355148478,0.0,118,-26.065313964937534,0.0,118,-28.221880502694972,0.0,120,-23.610948357387,0.0,120,-53.12393231218537,0.0,0.0,0.0,0.0,0.0,0.0,0.0,714.0,714.0,0.0,0.0,714.0,0.0,0.0,714
0.0,0.0,-0.0,0.0,12744.015208297924,714.0,-0.0,0.30892335607829546,0.47997237932604736,0.0,799.2,0.0,0.0,1.0,888.0,-0.0,120,-23.664802999962028,0.0,118,-41.043490540258475,0.0,118,-45.579541179995246,0.0,118,-5.280046138742831,0.0,120,-46.22631761434317,0.0,120,-19.171182694262146,0.0,0.0,0.0,0.0,0.0,0.0,0.0,714.0,714.0,0.0,0.0,714.0,0.0,0.0,714
0.0,0.0,-0.0,0.0,11950.68187496459,714.0,-0.0,0.28969243145867185,0.47997237932604736,0.0,799.2,0.0,0.0,1.0,888.0,-0.0,120,-53.12657293731714,0.0,118,-23.881090647310458,0.0,118,-23.921171525275813,0.0,118,-10.24630683422055,0.0,120,-39.098596004886026,0.0,120,-26.035332079049763,0.0,0.0,0.0,0.0,0.0,0.0,0.0,714.0,714.0,0.0,0.0,714.0,0.0,0.0,714
0.0,0.0,-0.0,0.0,11157.348541631256,714.0,-0.0,0.27046150683904824,0.47997237932604736,0.0,799.2,0.0,0.0,1.0,888.0,-0.0,120,-42.94535009028387,0.0,118,-55.69209659874603,0.0,118,-6.264751792497918,0.0,118,-7.666991615999301,0.0,120,-38.35455248447149,0.0,120,-42.1432315406514,0.0,0.0,0.0,0.0,0.0,0.0,0.0,714.0,714.0,0.0,0.0,714.0,0.0,0.0,714
0.0,0.0,-0.0,0.0,10364.015208297922,714.0,-0.0,0.25123058221942457,0.47997237932604736,0.0,799.2,0.0,0.0,1.0,888.0,-0.0,120,-18.3934734090197,0.0,118,-45.34736628577241,0.0,118,-19.100929155194567,0.0,118,-52.646517886932195,0.0,120,-32.66000388963616,0.0,120,-21.41691677796734,0.0,0.0,0.0,0.0,0.0,0.0,0.0,714.0,714.0,0.0,0.0,714.0,0.0,0.0,714
0.0,0.0,-0.0,0.0,9570.681874964588,714.0,-0.0,0.23199965759980093,0.47997237932604736,0.0,799.2,0.0,0.0,1.0,888.0,-0.0,120,-47.66695916416585,0.0,118,-18.859979644464204,0.0,118,-51.853469495081136,0.0,118,-23.96137420871185,0.0,120,-44.714843709530655,0.0,120,-44.026321288449175,0.0,0.0,0.0,0.0,0.0,0.0,0.0,714.0,714.0,0.0,0.0,714.0,0.0,0.0,714
0.0,0.0,-0.0,0.0,8777.348541631254,714.0,-0.0,0.2127687329801773,0.47997237932604736,0.0,799.2,0.0,0.0,1.0,888.0,-0.0,120,-40.38218131512598,0.0,118,-14.064786716629285,0.0,118,-36.04344623940844,0.0,118,-18.400785912384602,0.0,120,-4.589498336984645,0.0,120,-40.38660429100823,0.0,0.0,0.0,0.0,0.0,0.0,0.0,714.0,714.0,0.0,0.0,714.0,0.0,0.0,714
0.0,0.0,-0.0,0.0,7984.015208297921,714.0,-0.0,0.19353780836055368,0.47997237932604736,0.0,799.2,0.0,0.0,1.0,888.0,-0.0,120,-19.43036454690184,0.0,118,-58.904983085350345,0.0,118,-54.30071846985669,0.0,118,-27.35318402972996,0.0,120,-55.69388860613068,0.0,120,-23.320473043367674,0.0,0.0,0.0,0.0,0.0,0.0,0.0,714.0,714.0,0.0,0.0,714.0,0.0,0.0,714
0.0,0.0,-0.0,0.0,7190.681874964588,714.0,-0.0,0.17430688374093006,0.47997237932604736,0.0,799.2,0.0,0.0,1.0,888.0,-0.0,120,-22.432573899014546,0.0,118,-10.583049799153034,0.0,118,-25.428848880968022,0.0,118,-31.066707993550963,0.0,120,-58.31889710658639,0.0,120,-42.26151174329902,0.0,0.0,0.0,0.0,0.0,0.0,0.0,714.0,714.0,0.0,0.0,714.0,0.0,0.0,714
0.0,0.0,-0.0,0.0,6397.348541631255,714.0,-0.0,0.15507595912130645,0.47997237932604736,0.0,799.2,0.0,0.0,1.0,888.0,-0.0,120,-49.47978237417553,0.0,118,-19.875240038767878,0.0,118,-10.417827490347396,0.0,118,-9.635413528365742,0.0,120,-1.0321392821202968,0.0,120,-45.50614792956704,0.0,0.0,0.0,0.0,0.0,0.0,0.0,714.0,714.0,0.0,0.0,714.0,0.0,0.0,714
0.0,0.0,-0.0,0.0,5604.015208297922,714.0,-0.0,0.13584503450168284,0.47997237932604736,0.0,799.2,0.0,0.0,1.0,888.0,-0.0,120,-12.973242907311395,0.0,118,-29.969030070248127,0.0,118,-54.074816444897806,0.0,118,-40.628092975895406,0.0,120,-46.16201356409424,0.0,120,-34.01412773535071,0.0,0.0,0.0,0.0,0.0,0.0,0.0,714.0,714.0,0.0,0.0,714.0,0.0,0.0,714
0.0,0.0,-0.0,0.0,4810.681874964589,716.0,-0.0,0.11661410988205922,0.47997237932604736,0.0,799.2,0.0,0.0,1.0,888.0,-0.0,120,-23.567708761000418,0.0,120,-51.51673038378616,0.0,118,-35.0194959117657,0.0,118,-44.20758753748336,0.0,120,-24.689450581401974,0.0,120,-34.790889862190376,0.0,0.0,0.0,0.0,0.0,0.0,0.0,716.0,716.0,0.0,0.0,716.0,0.0,0.0,716
0.0,0.0,-0.0,0.0,4015.1263194090334,718.0,-0.0,0.09732931712624618,0.47997237932604736,0.0,799.2,0.0,0.0,1.0,888.0,-0.0,120,-3.1759984239689443,0.0,120,-12.611850980111047,0.0,120,-31.519986251300473,0.0,118,-22.080598681412823,0.0,120,-5.239022705953326,0.0,120,-3.996076582396737,0.0,0.0,0.0,0.0,0.0,0.0,0.0,718.0,718.0,0.0,0.0,718.0,0.0,0.0,718
0.0,0.0,-0.0,0.0,3217.3485416312556,718.0,-0.0,0.0779906562342437,0.47997237932604736,0.0,799.2,0.0,0.0,1.0,888.0,-0.0,120,-6.534018939981189,0.0,120,-37.43592323919969,0.0,120,-8.87678163568188,0.0,118,-17.465575682857345,0.0,120,-11.606562392151803,0.0,120,-31.51906809095702,0.0,0.0,0.0,0.0,0.0,0.0,0.0,718.0,718.0,0.0,0.0,718.0,0.0,0.0,718
0.0,0.0,-0.0,0.0,2419.5707638534777,718.0,-0.0,0.058651995342241234,0.47997237932604736,0.0,799.2,0.0,0.0,1.0,888.0,-0.0,120,-11.157591398855878,0.0,120,-31.816914360268854,0.0,120,-43.34829045269827,0.0,118,-5.151710425501699,0.0,120,-51.83182413340559,0.0,120,-46.05089739956971,0.0,0.0,0.0,0.0,0.0,0.0,0.0,718.0,718.0,0.0,0.0,718.0,0.0,0.0,718
0.0,0.0,-0.0,0.0,1621.7929860757,718.0,-0.0,0.03931333445023877,0.47997237932604736,0.0,799.2,0.0,0.0,1.0,888.0,-0.0,120,-8.57034877194009,0.0,120,-42.97782185460849,0.0,120,-15.74333673863341,0.0,118,-13.355669966312455,0.0,120,-1.148698074937109,0.0,120,-55.83266266282923,0.0,0.0,0.0,0.0,0.0,0.0,0.0,718.0,718.0,0.0,0.0,718.0,0.0,0.0,718
0.0,0.0,-0.0,0.0,824.0152082979222,718.0,-0.0,0.019974673558236303,0.47997237932604736,0.0,799.2,0.0,0.0,1.0,888.0,-0.0,120,-4.581985706165712,0.0,120,-51.44861804555066,0.0,120,-23.265067124093633,0.0,118,-21.35455685934405,0.0,120,-8.339519952576602,0.0,120,-19.227773466906104,0.0,0.0,0.0,0.0,0.0,0.0,0.0,718.0,718.0,0.0,0.0,718.0,0.0,0.0,718
0.0,0.0,-0.0,0.0,26.23743052014447,23.613687468130024,-0.0,0.0006360126662338368,0.47997237932604736,333.28625059736197,799.2,0.0,694.38631253187,1.0,888.0,-616615.0455283006,120,-50.90493921739573,0.0,120,-11.590099530799291,0.0,120,-51.26091388263911,0.0,118,-24.50768351016254,0.0,120,-49.9875386103378,0.0,120,-57.78270689076475,0.0,0.0,0.0,0.0,0.0,-616615.0455283006,-616615.0455283006,718.0,718.0,0.0,0.0,718.0,0.0,0.0,718
0.0,0.0,-0.0,0.0,0.0,0.0,-0.0,0.0,0.47997237932604736,344.620168356102,799.2,0.0,718.0,1.0,888.0,-637584.0,120,-22.961155978914793,0.0,120,-25.469848611041837,0.0,120,-32.282904103503064,0.0,118,-37.061194969713135,0.0,120,-6.956256504415588,0.0,120,-19.651796831076144,0.0,0.0,0.0,0.0,0.0,-637584.0,-637584.0,718.0,718.0,0.0,0.0,718.0,0.0,0.0,718
0.0,0.0,-0.0,0.0,0.0,0.0,-0.0,0.0,0.47997237932604736,344.620168356102,799.2,0.0,718.0,1.0,888.0,-637584.0,120,-0.6752026445999326,0.0,120,-42.10100894582008,0.0,120,-53.17853094861352,0.0,118,-52.522241314742786,0.0,120,-9.281678501894659,0.0,120,-31.200474786637812,0.0,0.0,0.0,0.0,0.0,-637584.0,-637584.0,718.0,718.0,0.0,0.0,718.0,0.0,0.0,718
0.0,0.0,-0.0,0.0,0.0,0.0,-0.0,0.0,0.47997237932604736,344.620168356102,799.2,0.0,718.0,1.0,888.0,-637584.0,120,-35.77509541467881,0.0,120,-29.0786852700758,0.0,120,-37.458082521191486,0.0,118,-29.68628763826051,0.0,120,-31.37826282723054,0.0,120,-42.90880790832827,0.0,0.0,0.0,0.0,0.0,-637584.0,-637584.0,718.0,718.0,0.0,0.0,718.0,0.0,0.0,718
0.0,0.0,-0.0,0.0,0.0,0.0,-0.0,0.0,0.47997237932604736,344.620168356102,799.2,0.0,718.0,1.0,888.0,-637584.0,120,-17.54410668632975,0.0,120,-17.173654281444357,0.0,120,-34.756917801050086,0.0,118,-30.112552369833228,0.0,120,-40.08898612525324,0.0,120,-16.84336721186775,0.0,0.0,0.0,0.0,0.0,-637584.0,-637584.0,718.0,718.0,0.0,0.0,718.0,0.0,0.0,718
0.0,0.0,-0.0,0.0,0.0,0.0,-0.0,0.0,0.47997237932604736,344.620168356102,799.2,0.0,718.0,1.0,888.0,-637584.0,120,-47.53504937132385,0.0,120,-40.73246277707228,0.0,120,-22.70383923869311,0.0,118,-34.84264183909038,0.0,120,-52.08933683431158,0.0,120,-51.859042817991266,0.0,0.0,0.0,0.0,0.0,-637584.0,-637584.0,718.0,718.0,0.0,0.0,718.0,0.0,0.0,718
0.0,0.0,-0.0,0.0,0.0,0.0,-0.0,0.0,0.47997237932604736,344.620168356102,799.2,0.0,718.0,1.0,888.0,-637584.0,120,-4.123521103658129,0.0,120,-39.827561129349775,0.0,120,-24.370948147608374,0.0,118,-12.494370649967902,0.0,120,-33.53235015631803,0.0,120,-12.85070133360608,0.0,0.0,0.0,0.0,0.0,-637584.0,-637584.0,718.0,718.0,0.0,0.0,718.0,0.0,0.0,718
0.0,0.0,-0.0,0.0,0.0,0.0,-0.0,0.0,0.47997237932604736,344.620168356102,799.2,0.0,718.0,1.0,888.0,-637584.0,120,-12.072152869951333,0.0,120,-23.970551155331098,0.0,120,-33.362259928121304,0.0,118,-29.732658064950243,0.0,120,-57.70840552085165,0.0,120,-3.5486348701348924,0.0,0.0,0.0,0.0,0.0,-637584.0,-637584.0,718.0,718.0,0.0,0.0,718.0,0.0,0.0,718
0.0,0.0,-0.0,0.0,0.0,0.0,-0.0,0.0,0.47997237932604736,344.620168356102,799.2,0.0,718.0,1.0,888.0,-637584.0,120,-29.48215227596185,0.0,120,-25.0631409770621,0.0,120,-51.01116721427586,0.0,118,-43.63806270172642,0.0,120,-2.671250812146444,0.0,120,-36.64906048195942,0.0,0.0,0.0,0.0,0.0,-637584.0,-637584.0,718.0,718.0,0.0,0.0,718.0,0.0,0.0,718
0.0,0.0,-0.0,0.0,0.0,0.0,-0.0,0.0,0.47997237932604736,344.620168356102,799.2,0.0,718.0,1.0,888.0,-637584.0,120,-1.9586641660438597,0.0,120,-50.277455069584306,0.0,120,-9.605140980149782,0.0,118,-51.13698441565206,0.0,120,-40.457355868344806,0.0,120,-59.04611854784536,0.0,0.0,0.0,0.0,0.0,-637584.0,-637584.0,718.0,718.0,0.0,0.0,718.0,0.0,0.0,718
0.0,0.0,-0.0,0.0,0.0,0.0,-0.0,0.0,0.47997237932604736,344.620168356102,799.2,0.0,718.0,1.0,888.0,-637584.0,120,-28.11646470249186,0.0,120,-29.87276294807874,0.0,120,-3.6858655458752,0.0,118,-2.630401638746005,0.0,120,-19.778278154271316,0.0,120,-5.199942707090224,0.0,0.0,0.0,0.0,0.0,-637584.0,-637584.0,718.0,718.0,0.0,0.0,718.0,0.0,0.0,718
0.0,0.0,-0.0,0.0,0.0,0.0,-0.0,0.0,0.47997237932604736,344.620168356102,799.2,0.0,718.0,1.0,888.0,-637584.0,120,-3.3481548193218535,0.0,120,-25.041998053032106,0.0,120,-13.23725010473748,0.0,118,-5.588763062742556,0.0,120,-59.50115820582773,0.0,120,-54.64471650559997,0.0,0.0,0.0,0.0,0.0,-637584.0,-637584.0,718.0,718.0,0.0,0.0,718.0,0.0,0.0,718
0.0,0.0,-0.0,0.0,0.0,0.0,-0.0,0.0,0.47997237932604736,344.620168356102,799.2,0.0,718.0,1.0,888.0,-637584.0,120,-19.498876102352828,0.0,120,-40.01111092537931,0.0,120,-6.800994025138838,0.0,118,-18.448094120427704,0.0,120,-25.504934354743124,0.0,120,-45.12979972570921,0.0,0.0,0.0,0.0,0.0,-637584.0,-637584.0,718.0,718.0,0.0,0.0,718.0,0.0,0.0,718
0.0,0.0,-0.0,0.0,0.0,0.0,-0.0,0.0,0.47997237932604736,344.620168356102,799.2,0.0,718.0,1.0,888.0,-637584.0,120,-33.845826782267025,0.0,120,-43.483018843918686,0.0,120,-43.56858452905502,0.0,118,-58.44846325148461,0.0,120,-51.11039851423977,0.0,120,-11.38254743511312,0.0,0.0,0.0,0.0,0.0,-637584.0,-637584.0,718.0,718.0,0.0,0.0,718.0,0.0,0.0,718
0.0,0.0,-0.0,0.0,0.0,0.0,-0.0,0.0,0.47997237932604736,344.620168356102,799.2,0.0,718.0,1.0,888.0,-637584.0,120,-11.493440207017517,0.0,120,-25.95161605118481,0.0,120,-2.519578465823038,0.0,118,-0.18348173348658792,0.0,120,-37.73757413144685,0.0,120,-8.340220431186772,0.0,0.0,0.0,0.0,0.0,-637584.0,-637584.0,718.0,718.0,0.0,0.0,718.0,0.0,0.0,718
0.0,0.0,-0.0,0.0,0.0,0.0,-0.0,0.0,0.47997237932604736,344.620168356102,799.2,0.0,718.0,1.0,888.0,-637584.0,120,-13.843453561219457,0.0,120,-25.27110648920275,0.0,120,-20.156756790435217,0.0,118,-59.310449303585806,0.0,120,-36.21178970233798,0.0,120,-25.670744494455747,0.0,0.0,0.0,0.0,0.0,-637584.0,-637584.0,718.0,718.0,0.0,0.0,718.0,0.0,0.0,718
0.0,0.0,-0.0,0.0,0.0,0.0,-0.0,0.0,0.47997237932604736,344.620168356102,799.2,0.0,718.0,1.0,888.0,-637584.0,120,-6.801632802841285,0.0,120,-4.056311399142512,0.0,120,-41.735466596211744,0.0,118,-18.686439208895692,0.0,120,-36.966107271053204,0.0,120,-18.402720718394598,0.0,0.0,0.0,0.0,0.0,-637584.0,-637584.0,718.0,718.0,0.0,0.0,718.0,0.0,0.0,718
0.0,0.0,-0.0,0.0,0.0,0.0,-0.0,0.0,0.47997237932604736,345.5801131147541,799.2,0.0,720.0,1.0,888.0,-639360.0,120,-22.6675348758253,0.0,120,-15.515123729271139,0.0,120,-23.681662195613068,0.0,120,-42.03781557914933,0.0,120,-14.074707306861056,0.0,120,-7.917570823504684,0.0,0.0,0.0,0.0,0.0,-639360.0,-639360.0,720.0,720.0,0.0,0.0,720.0,0.0,0.0,720
0.0,0.0,-0.0,0.0,0.0,0.0,-0.0,0.0,0.47997237932604736,345.5801131147541,799.2,0.0,720.0,1.0,888.0,-639360.0,120,-58.89727324714937,0.0,120,-20.810460726374817,0.0,120,-23.398078808957912,0.0,120,-47.83753059108043,0.0,120,-5.702657988266604,0.0,120,-6.3010448263761765,0.0,0.0,0.0,0.0,0.0,-639360.0,-639360.0,720.0,720.0,0.0,0.0,720.0,0.0,0.0,720
0.0,0.0,-0.0,0.0,0.0,0.0,-0.0,0.0,0.47997237932604736,345.5801131147541,799.2,0.0,720.0,1.0,888.0,-639360.0,120,-22.06753679014185,0.0,120,-28.852740955165597,0.0,120,-8.502736857007227,0.0,120,-1.5995609227904861,0.0,120,-18.02265480325936,0.0,120,-5.929737219222321,0.0,0.0,0.0,0.0,0.0,-639360.0,-639360.0,720.0,720.0,0.0,0.0,720.0,0.0,0.0,720
0.0,0.0,-0.0,0.0,0.0,0.0,-0.0,0.0,0.47997237932604736,345.5801131147541,799.2,0.0,720.0,1.0,888.0,-639360.0,120,-48.43795791842068,0.0,120,-12.51227825718766,0.0,120,-14.615198236076383,0.0,120,-30.54996612182408,0.0,120,-37.33926405964575,0.0,120,-5.995565613990377,0.0,0.0,0.0,0.0,0.0,-639360.0,-639360.0,720.0,720.0,0.0,0.0,720.0,0.0,0.0,720
0.0,0.0,-0.0,0.0,0.0,0.0,-0.0,0.0,0.47997237932604736,345.5801131147541,799.2,0.0,720.0,1.0,888.0,-639360.0,120,-35.87491013162298,0.0,120,-14.031772252610333,0.0,120,-2.884600813164575,0.0,120,-46.10006197193654,0.0,120,-30.920309328261578,0.0,120,-1.430939339799726,0.0,0.0,0.0,0.0,0.0,-639360.0,-639360.0,720.0,720.0,0.0,0.0,720.0,0.0,0.0,720
0.0,0.0,-0.0,0.0,0.0,0.0,-0.0,0.0,0.47997237932604736,345.5801131147541,799.2,0.0,720.0,1.0,888.0,-639360.0,120,-45.32085583619629,0.0,120,-19.447599326734323,0.0,120,-29.298692380928873,0.0,120,-38.73106706819363,0.0,120,-27.716689298844095,0.0,120,-11.046157932789015,0.0,0.0,0.0,0.0,0.0,-639360.0,-639360.0,720.0,720.0,0.0,0.0,720.0,0.0,0.0,720
0.0,0.0,-0.0,0.0,0.0,0.0,-0.0,0.0,0.47997237932604736,345.5801131147541,799.2,0.0,720.0,1.0,888.0,-639360.0,120,-33.94825079974029,0.0,120,-43.49964161423093,0.0,120,-58.49005951532777,0.0,120,-8.804543104203539,0.0,120,-7.237493673832196,0.0,120,-21.108007686634018,0.0,0.0,0.0,0.0,0.0,-639360.0,-639360.0,720.0,720.0,0.0,0.0,720.0,0.0,0.0,720
0.0,0.0,-0.0,0.0,0.0,0.0,-0.0,0.0,0.47997237932604736,345.5801131147541,799.2,0.0,720.0,1.0,888.0,-639360.0,120,-46.54821842543188,0.0,120,-17.366425652420144,0.0,120,-8.169263732655768,0.0,120,-57.62812495214123,0.0,120,-33.53605909558704,0.0,120,-40.98277304181058,0.0,0.0,0.0,0.0,0.0,-639360.0,-639360.0,720.0,720.0,0.0,0.0,720.0,0.0,0.0,720
0.0,0.0,-0.0,0.0,0.0,0.0,-0.0,0.0,0.47997237932604736,345.5801131147541,799.2,0.0,720.0,1.0,888.0,-639360.0,120,-41.29006061257388,0.0,120,-42.55115730334604,0.0,120,-46.31692541921481,0.0,120,-3.1038816010954973,0.0,120,-18.911998413160042,0.0,120,-25.802879472043692,0.0,0.0,0.0,0.0,0.0,-639360.0,-639360.0,720.0,720.0,0.0,0.0,720.0,0.0,0.0,720
0.0,0.0,-0.0,0.0,0.0,0.0,-0.0,0.0,0.47997237932604736,345.5801131147541,799.2,0.0,720.0,1.0,888.0,-639360.0,120,-31.519069755577327,0.0,120,-13.764781408706883,0.0,120,-57.9765742509813,0.0,120,-9.494871586785138,0.0,120,-7.712179804064494,0.0,120,-59.22702865006707,0.0,0.0,0.0,0.0,0.0,-639360.0,-639360.0,720.0,720.0,0.0,0.0,720.0,0.0,0.0,720
0.0,0.0,-0.0,0.0,0.0,0.0,-0.0,0.0,0.47997237932604736,345.5801131147541,799.2,0.0,720.0,1.0,888.0,-639360.0,120,-37.80253572315894,0.0,120,-59.82653548993254,0.0,120,-26.26170083589894,0.0,120,-35.53283991316432,0.0,120,-45.37385536974909,0.0,120,-15.679817833145318,0.0,0.0,0.0,0.0,0.0,-639360.0,-639360.0,720.0,720.0,0.0,0.0,720.0,0.0,0.0,720
0.0,0.0,-0.0,0.0,0.0,0.0,-0.0,0.0,0.47997237932604736,345.5801131147541,799.2,0.0,720.0,1.0,888.0,-639360.0,120,-23.048046835531824,0.0,120,-53.39242333706181,0.0,120,-45.59200494847032,0.0,120,-28.16949974417699,0.0,120,-55.6611354816331,0.0,120,-14.038044474165929,0.0,0.0,0.0,0.0,0.0,-639360.0,-639360.0,720.0,720.0,0.0,0.0,720.0,0.0,0.0,720
0.0,0.0,-0.0,0.0,0.0,0.0,-0.0,0.0,0.47997237932604736,345.5801131147541,799.2,0.0,720.0,1.0,888.0,-639360.0,120,-9.89229395941685,0.0,120,-43.379730329896255,0.0,120,-18.000729907453426,0.0,120,-44.99174958497066,0.0,120,-22.552168856897126,0.0,120,-49.751766824100244,0.0,0.0,0.0,0.0,0.0,-639360.0,-639360.0,720.0,720.0,0.0,0.0,720.0,0.0,0.0,720
0.0,0.0,-0.0,0.0,0.0,0.0,-0.0,0.0,0.47997237932604736,345.5801131147541,799.2,0.0,720.0,1.0,888.0,-639360.0,120,-46.482232881888564,0.0,120,-54.62480298245345,0.0,120,-38.869761699176614,0.0,120,-35.012568488018225,0.0,120,-57.712979213615064,0.0,120,-31.69936006642429,0.0,0.0,0.0,0.0,0.0,-639360.0,-639360.0,720.0,720.0,0.0,0.0,720.0,0.0,0.0,720
0.0,0.0,-0.0,0.0,0.0,0.0,-0.0,0.0,0.47997237932604736,345.5801131147541,799.2,0.0,720.0,1.0,888.0,-639360.0,120,-57.258959958622384,0.0,120,-56.1635111966348,0.0,120,-54.21015427432056,0.0,120,-35.13592795298838,0.0,120,-54.88038290322741,0.0,120,-0.3384550255128915,0.0,0.0,0.0,0.0,0.0,-639360.0,-639360.0,720.0,720.0,0.0,0.0,720.0,0.0,0.0,720
0.0,0.0,-0.0,0.0,0.0,0.0,-0.0,0.0,0.47997237932604736,345.5801131147541,799.2,0.0,720.0,1.0,888.0,-639360.0,120,-46.81186556714336,0.0,120,-18.095822477806387,0.0,120,-44.781842948899126,0.0,120,-26.27491403513018,0.0,120,-42.509380903792945,0.0,120,-48.393633521197934,0.0,0.0,0.0,0.0,0.0,-639360.0,-639360.0,720.0,720.0,0.0,0.0,720.0,0.0,0.0,720
0.0,0.0,-0.0,0.0,0.0,0.0,-0.0,0.0,0.47997237932604736,345.5801131147541,799.2,0.0,720.0,1.0,888.0,-639360.0,120,-54.49561279137251,0.0,120,-35.795604801137756,0.0,120,-31.344810794385136,0.0,120,-50.44302780852231,0.0,120,-36.241928321435225,0.0,120,-18.75246691559456,0.0,0.0,0.0,0.0,0.0,-639360.0,-639360.0,720.0,720.0,0.0,0.0,720.0,0.0,0.0,720
0.0,0.0,-0.0,0.0,0.0,0.0,-0.0,0.0,0.47997237932604736,345.5801131147541,799.2,0.0,720.0,1.0,888.0,-639360.0,120,-45.29336610569115,0.0,120,-45.5388023072589,0.0,120,-7.929317470653339,0.0,120,-38.10064120460082,0.0,120,-10.614767826290326,0.0,120,-31.440976447421548,0.0,0.0,0.0,0.0,0.0,-639360.0,-639360.0,720.0,720.0,0.0,0.0,720.0,0.0,0.0,720
0.0,0.0,-0.0,0.0,0.0,0.0,-0.0,0.0,0.47997237932604736,345.5801131147541,799.2,0.0,720.0,1.0,888.0,-639360.0,120,-35.06872316661084,0.0,120,-11.371609787527452,0.0,120,-43.18379307595737,0.0,120,-41.42246111715374,0.0,120,-40.75602574785907,0.0,120,-29.922871236071483,0.0,0.0,0.0,0.0,0.0,-639360.0,-639360.0,720.0,720.0,0.0,0.0,720.0,0.0,0.0,720
0.0,0.0,-0.0,0.0,0.0,0.0,-0.0,0.0,0.47997237932604736,345.5801131147541,799.2,0.0,720.0,1.0,888.0,-639360.0,120,-33.63703069662265,0.0,120,-20.445295830109067,0.0,120,-51.52761022152992,0.0,120,-6.314086564687895,0.0,120,-28.188038803264202,0.0,120,-14.06318165913719,0.0,0.0,0.0,0.0,0.0,-639360.0,-639360.0,720.0,720.0,0.0,0.0,720.0,0.0,0.0,720
0.0,0.0,-0.0,0.0,0.0,0.0,-0.0,0.0,0.47997237932604736,345.5801131147541,799.2,0.0,720.0,1.0,888.0,-639360.0,120,-58.91299539152389,0.0,120,-30.4039600964877,0.0,120,-53.06708999810451,0.0,120,-21.0880311879343,0.0,120,-15.011983781890997,0.0,120,-13.67668710569524,0.0,0.0,0.0,0.0,0.0,-639360.0,-639360.0,720.0,720.0,0.0,0.0,720.0,0.0,0.0,720
0.0,0.0,-0.0,0.0,0.0,0.0,-0.0,0.0,0.47997237932604736,345.5801131147541,799.2,0.0,720.0,1.0,888.0,-639360.0,120,-53.32525104331691,0.0,120,-14.81492262696197,0.0,120,-40.221774915622575,0.0,120,-15.271021713946212,0.0,120,-45.71228863775911,0.0,120,-21.553288582429484,0.0,0.0,0.0,0.0,0.0,-639360.0,-639360.0,720.0,720.0,0.0,0.0,720.0,0.0,0.0,720
0.0,0.0,-0.0,0.0,0.0,0.0,-0.0,0.0,0.47997237932604736,345.5801131147541,799.2,0.0,720.0,1.0,888.0,-639360.0,120,-32.93827083727853,0.0,120,-51.843573608583014,0.0,120,-15.51804826767572,0.0,120,-9.419639799978999,0.0,120,-30.0739855801115,0.0,120,-20.654929423850664,0.0,0.0,0.0,0.0,0.0,-639360.0,-639360.0,720.0,720.0,0.0,0.0,720.0,0.0,0.0,720
406.78013928840755,0.0,-4067.8013928840755,0.0,0.0,0.0,-0.0,0.0,0.47997237932604736,150.28263249774477,799.2,0.0,313.1068348323792,1.0,888.0,-278038.86933115276,120,-39.867299199788846,0.0,120,-52.30106338499914,0.0,120,-29.250561065049205,0.0,120,-5.912870106156807,0.0,120,-50.81803134163694,0.0,120,-1.0418214514577473,0.0,0.0,0.113025879213228,0.113025879213228,0.0,-282106.6707240368,-282106.6707240368,720.0,720.0,406.8931651676208,0.0,313.1068348323792,0.0,0.0,720
406.78013928840755,0.0,-4067.8013928840755,0.0,0.0,0.0,-0.0,0.0,0.47997237932604736,150.28263249774477,799.2,0.0,313.1068348323792,1.0,888.0,-278038.86933115276,120,-59.03247264418605,0.0,120,-5.322000117639698,0.0,120,-16.055703215142362,0.0,120,-20.953516622417318,0.0,120,-35.38939284867348,0.0,120,-40.99348769295347,0.0,0.0,0.113025879213228,0.113025879213228,0.0,-282106.6707240368,-282106.6707240368,720.0,720.0,406.8931651676208,0.0,313.1068348323792,0.0,0.0,720
406.78013928840755,0.0,-4067.8013928840755,0.0,0.0,0.0,-0.0,0.0,0.47997237932604736,150.28263249774477,799.2,0.0,313.1068348323792,1.0,888.0,-278038.86933115276,120,-45.15036761928954,0.0,120,-8.325680269095677,0.0,120,-26.396570059775687,0.0,120,-45.22017916084432,0.0,120,-14.0143999387908,0.0,120,-43.32929528144666,0.0,0.0,0.113025879213228,0.113025879213228,0.0,-282106.6707240368,-282106.6707240368,720.0,720.0,406.8931651676208,0.0,313.1068348323792,0.0,0.0,720
406.78013928840755,0.0,-4067.8013928840755,0.0,0.0,0.0,-0.0,0.0,0.47997237932604736,150.28263249774477,799.2,0.0,313.1068348323792,1.0,888.0,-278038.86933115276,120,-47.210220411250305,0.0,120,-39.69941714407012,0.0,120,-26.088526295823407,0.0,120,-57.51374178762641,0.0,120,-21.052142117121598,0.0,120,-52.97020668240813,0.0,0.0,0.113025879213228,0.113025879213228,0.0,-282106.6707240368,-282106.6707240368,720.0,720.0,406.8931651676208,0.0,313.1068348323792,0.0,0.0,720
406.78013928840755,0.0,-4067.8013928840755,0.0,0.0,0.0,-0.0,0.0,0.47997237932604736,150.28263249774477,799.2,0.0,313.1068348323792,1.0,888.0,-278038.86933115276,120,-54.633146156885914,0.0,120,-46.90424022090433,0.0,120,-18.04008575642474,0.0,120,-4.93734572726833,0.0,120,-19.842913878635354,0.0,120,-31.172885945774745,0.0,0.0,0.113025879213228,0.113025879213228,0.0,-282106.6707240368,-282106.6707240368,720.0,720.0,406.8931651676208,0.0,313.1068348323792,0.0,0.0,720
406.78013928840755,0.0,-4067.8013928840755,0.0,0.0,0.0,-0.0,0.0,0.47997237932604736,150.28263249774477,799.2,0.0,313.1068348323792,1.0,888.0,-278038.86933115276,120,-50.73933814904379,0.0,120,-7.662524365444221,0.0,120,-17.17107276308009,0.0,120,-7.400876307837452,0.0,120,-22.485189716663808,0.0,120,-27.824345569885466,0.0,0.0,0.113025879213228,0.113025879213228,0.0,-282106.6707240368,-282106.6707240368,720.0,720.0,406.8931651676208,0.0,313.1068348323792,0.0,0.0,720
1152.0919364639344,0.0,-11520.919364639343,432.41205092252403,0.0,0.0,-0.0,0.0,0.47997237932604736,0.0,799.2,0.0,0.0,1.0,888.0,-0.0,120,-50.95787934527449,0.0,120,-34.8754479753531,0.0,120,-15.072373319886376,0.0,120,-41.86458724588885,0.0,120,-30.783341886765612,0.0,120,-18.004028173303666,0.0,0.0,0.32011445858959,0.32011445858959,0.0,-11520.919364639343,-11520.919364639343,1152.412050922524,1152.412050922524,1152.412050922524,0.0,0.0,432.41205092252403,0.0,720
1152.0919364639344,0.0,-11520.919364639343,432.41205092252403,389.1708458302716,0.0,-0.0,0.009433758655861916,0.47997237932604736,0.0,799.2,0.0,0.0,1.0,888.0,-0.0,120,-6.544416195708649,0.0,120,-26.908109306177824,0.0,120,-16.109496391361287,0.0,120,-56.53291519326253,0.0,120,-39.38027613514896,0.0,120,-26.819729242929093,0.0,0.0,0.32011445858959,0.32011445858959,0.0,-11520.919364639343,-11520.919364639343,1152.412050922524,1152.412050922524,1152.412050922524,0.0,0.0,432.41205092252403,0.0,720
1152.0919364639344,0.0,-11520.919364639343,432.41205092252403,778.3416916605432,0.0,-0.0,0.01886751731172383,0.47997237932604736,0.0,799.2,0.0,0.0,1.0,888.0,-0.0,120,-58.708505724854746,0.0,120,-20.043747435895426,0.0,120,-16.409761372850692,0.0,120,-44.109895513201124,0.0,120,-5.995956811369048,0.0,120,-50.98036842516191,0.0,0.0,0.32011445858959,0.32011445858959,0.0,-11520.919364639343,-11520.919364639343,1152.412050922524,1152.412050922524,1152.412050922524,0.0,0.0,432.41205092252403,0.0,720
1152.0919364639344,0.0,-11520.919364639343,432.41205092252403,1167.5125374908148,0.0,-0.0,0.028301275967585745,0.47997237932604736,0.0,799.2,0.0,0.0,1.0,888.0,-0.0,120,-1.7089529191843456,0.0,120,-48.50618586557396,0.0,120,-3.6244051608485717,0.0,120,-30.7643263721914,0.0,120,-30.70197049417522,0.0,120,-25.728927128324738,0.0,0.0,0.32011445858959,0.32011445858959,0.0,-11520.919364639343,-11520.919364639343,1152.412050922524,1152.412050922524,1152.412050922524,0.0,0.0,432.41205092252403,0.0,720
1152.0919364639344,0.0,-11520.919364639343,432.41205092252403,1556.6833833210865,0.0,-0.0,0.03773503462344766,0.47997237932604736,0.0,799.2,0.0,0.0,1.0,888.0,-0.0,120,-43.29566705908785,0.0,120,-29.04684698103735,0.0,120,-50.05486848730017,0.0,120,-23.32303793944481,0.0,120,-46.79207862622429,0.0,120,-57.07581257154775,0.0,0.0,0.32011445858959,0.32011445858959,0.0,-11520.919364639343,-11520.919364639343,1152.412050922524,1152.412050922524,1152.412050922524,0.0,0.0,432.41205092252403,0.0,720
1152.0919364639344,0.0,-11520.919364639343,432.41205092252403,1945.8542291513581,0.0,-0.0,0.04716879327930958,0.47997237932604736,0.0,799.2,0.0,0.0,1.0,888.0,-0.0,120,-6.06196808737042,0.0,120,-32.548470473267095,0.0,120,-36.06071599075153,0.0,120,-48.50278861810812,0.0,120,-35.39052067750185,0.0,120,-29.194388728342357,0.0,0.0,0.32011445858959,0.32011445858959,0.0,-11520.919364639343,-11520.919364639343,1152.412050922524,1152.412050922524,1152.412050922524,0.0,0.0,432.41205092252403,0.0,720
1782.9541433245308,0.0,-17829.541433245307,1063.4495459761908,2335.0250749816296,0.0,-0.0,0.05660255193517149,0.47997237932604736,0.0,799.2,0.0,0.0,1.0,888.0,-0.0,120,-1.100156431149586,0.0,120,-34.25008274514279,0.0,120,-46.73738711396383,0.0,120,-49.40602158684264,0.0,120,-9.187893792154295,0.0,120,-29.02070682979441,0.0,0.0,0.495402651660053,0.495402651660053,0.0,-17829.541433245307,-17829.541433245307,1783.4495459761908,1783.4495459761908,1783.4495459761908,0.0,0.0,1063.4495459761908,0.0,720
1782.9541433245308,0.0,-17829.541433245307,1063.4495459761908,3292.1296663602016,0.0,-0.0,0.07980340014932735,0.47997237932604736,0.0,799.2,0.0,0.0,1.0,888.0,-0.0,120,-20.069278702242986,0.0,120,-34.95657038476856,0.0,120,-41.221354847421715,0.0,120,-27.15908609276918,0.0,120,-24.373745719891044,0.0,120,-23.148891224293433,0.0,0.0,0.495402651660053,0.495402651660053,0.0,-17829.541433245307,-17829.541433245307,1783.4495459761908,1783.4495459761908,1783.4495459761908,0.0,0.0,1063.4495459761908,0.0,720
1782.9541433245308,0.0,-17829.541433245307,1063.4495459761908,4249.2342577387735,0.0,-0.0,0.10300424836348322,0.47997237932604736,0.0,799.2,0.0,0.0,1.0,888.0,-0.0,120,-59.720500929697415,0.0,120,-16.836714595759563,0.0,120,-13.138613682100083,0.0,120,-34.954917081069595,0.0,120,-15.608061868125755,0.0,120,-46.102510742050896,0.0,0.0,0.495402651660053,0.495402651660053,0.0,-17829.541433245307,-17829.541433245307,1783.4495459761908,1783.4495459761908,1783.4495459761908,0.0,0.0,1063.4495459761908,0.0,720
1782.9541433245308,0.0,-17829.541433245307,1063.4495459761908,5206.3388491173455,0.0,-0.0,0.1262050965776391,0.47997237932604736,0.0,799.2,0.0,0.0,1.0,888.0,-0.0,120,-46.93556101685397,0.0,120,-1.023395157446938,0.0,120,-8.773492360497473,0.0,120,-4.334991788167288,0.0,120,-51.6170420088008,0.0,120,-8.335819930414086,0.0,0.0,0.495402651660053,0.495402651660053,0.0,-17829.541433245307,-17829.541433245307,1783.4495459761908,1783.4495459761908,1783.4495459761908,0.0,0.0,1063.4495459761908,0.0,720
1782.9541433245308,0.0,-17829.541433245307,1063.4495459761908,6163.4434404959175,0.0,-0.0,0.14940594479179495,0.47997237932604736,0.0,799.2,0.0,0.0,1.0,888.0,-0.0,120,-10.934092376985163,0.0,120,-33.33521927347076,0.0,120,-35.093110807181404,0.0,120,-37.30118075274268,0.0,120,-22.376250587320886,0.0,120,-33.53060728864987,0.0,0.0,0.495402651660053,0.495402651660053,0.0,-17829.541433245307,-17829.541433245307,1783.4495459761908,1783.4495459761908,1783.4495459761908,0.0,0.0,1063.4495459761908,0.0,720
1782.9541433245308,0.0,-17829.541433245307,1063.4495459761908,7120.548031874489,0.0,-0.0,0.17260679300595083,0.47997237932604736,0.0,799.2,0.0,0.0,1.0,888.0,-0.0,120,-31.66456372673882,0.0,120,-47.255036331045744,0.0,120,-55.650812729650085,0.0,120,-40.09684637333676,0.0,120,-25.665506952226448,0.0,120,-7.281250542507298,0.0,0.0,0.495402651660053,0.495402651660053,0.0,-17829.541433245307,-17829.541433245307,1783.4495459761908,1783.4495459761908,1783.4495459761908,0.0,0.0,1063.4495459761908,0.0,720
2191.9541903033155,0.0,-21919.541903033154,1472.5632356465508,8077.652623253061,0.0,-0.0,0.1958076412201067,0.47997237932604736,0.0,799.2,0.0,0.0,1.0,888.0,-0.0,120,-30.29769351274465,0.0,120,-14.693076259633376,0.0,120,-31.4902761049609,0.0,120,-3.398311790030739,0.0,120,-43.14587496442346,0.0,120,-34.28649659275762,0.0,0.0,0.609045343235153,0.609045343235153,0.0,-21919.541903033154,-21919.541903033154,2192.5632356465508,2192.5632356465508,2192.5632356465508,0.0,0.0,1472.5632356465508,0.0,720
2191.9541903033155,0.0,-21919.541903033154,1472.5632356465508,9402.959535334958,0.0,-0.0,0.2279339571748711,0.47997237932604736,0.0,799.2,0.0,0.0,1.0,888.0,-0.0,120,-40.178073243900656,0.0,120,-40.86940163896882,0.0,120,-20.029641037456415,0.0,120,-49.07666234451431,0.0,120,-53.71135716188839,0.0,120,-44.32495401397209,0.0,0.0,0.609045343235153,0.609045343235153,0.0,-21919.541903033154,-21919.541903033154,2192.5632356465508,2192.5632356465508,2192.5632356465508,0.0,0.0,1472.5632356465508,0.0,720
2191.9541903033155,0.0,-21919.541903033154,1472.5632356465508,10728.266447416854,0.0,-0.0,0.26006027312963553,0.47997237932604736,0.0,799.2,0.0,0.0,1.0,888.0,-0.0,120,-29.246873840573265,0.0,120,-45.18043224649796,0.0,120,-22.55272143787093,0.0,120,-23.058938672286377,0.0,120,-10.680090669989173,0.0,120,-18.832089586974483,0.0,0.0,0.609045343235153,0.609045343235153,0.0,-21919.541903033154,-21919.541903033154,2192.5632356465508,2192.5632356465508,2192.5632356465508,0.0,0.0,1472.5632356465508,0.0,720
2191.9541903033155,0.0,-21919.541903033154,1472.5632356465508,12053.57335949875,0.0,-0.0,0.29218658908439993,0.47997237932604736,0.0,799.2,0.0,0.0,1.0,888.0,-0.0,120,-24.828411766873913,0.0,120,-50.072320061859465,0.0,120,-16.20956521360337,0.0,120,-13.392372228362298,0.0,120,-1.262909165755175,0.0,120,-44.56699498802861,0.0,0.0,0.609045343235153,0.609045343235153,0.0,-21919.541903033154,-21919.541903033154,2192.5632356465508,2192.5632356465508,2192.5632356465508,0.0,0.0,1472.5632356465508,0.0,720
2191.9541903033155,0.0,-21919.541903033154,1472.5632356465508,13378.880271580647,0.0,-0.0,0.3243129050391643,0.47997237932604736,0.0,799.2,0.0,0.0,1.0,888.0,-0.0,120,-57.93598251917328,0.0,120,-57.73760522214928,0.0,120,-34.33305586020397,0.0,120,-51.37067725282729,0.0,120,-52.563549282990024,0.0,120,-33.84454746114538,0.0,0.0,0.609045343235153,0.609045343235153,0.0,-21919.541903033154,-21919.541903033154,2192.5632356465508,2192.5632356465508,2192.5632356465508,0.0,0.0,1472.5632356465508,0.0,720
2191.9541903033155,0.0,-21919.541903033154,1472.5632356465508,14704.187183662543,0.0,-0.0,0.3564392209939288,0.47997237932604736,0.0,799.2,0.0,0.0,1.0,888.0,-0.0,120,-44.25413497111761,0.0,120,-28.543328569209713,0.0,120,-3.552061050877715,0.0,120,-53.76759115465094,0.0,120,-38.35045953235458,0.0,120,-4.515536414964643,0.0,0.0,0.609045343235153,0.609045343235153,0.0,-21919.541903033154,-21919.541903033154,2192.5632356465508,2192.5632356465508,2192.5632356465508,0.0,0.0,1472.5632356465508,0.0,720
2386.1915069922225,0.0,-23861.915069922223,1666.8545221372606,16029.49409574444,0.0,-0.0,0.38856553694869317,0.47997237932604736,0.0,799.2,0.0,0.0,1.0,888.0,-0.0,120,-49.967542400316646,0.0,120,-55.2934130739347,0.0,120,-32.67570516994368,0.0,120,-1.3543349470661337,0.0,120,-50.14690326866111,0.0,120,-13.056680860672095,0.0,0.0,0.663015145038128,0.663015145038128,0.0,-23861.915069922223,-23861.915069922223,2386.8545221372606,2386.8545221372606,2386.8545221372606,0.0,0.0,1666.8545221372606,0.0,720
2386.1915069922225,0.0,-23861.915069922223,1666.8545221372606,17529.663165667975,0.0,-0.0,0.4249306272433029,0.47997237932604736,0.0,799.2,0.0,0.0,1.0,888.0,-0.0,120,-27.740902329003486,0.0,120,-37.342874350709685,0.0,120,-7.615768230425908,0.0,120,-43.525875400839844,0.0,120,-35.32661552865768,0.0,120,-56.84282039966741,0.0,0.0,0.663015145038128,0.663015145038128,0.0,-23861.915069922223,-23861.915069922223,2386.8545221372606,2386.8545221372606,2386.8545221372606,0.0,0.0,1666.8545221372606,0.0,720
2386.1915069922225,0.0,-23861.915069922223,1666.8545221372606,19029.832235591508,0.0,-0.0,0.4612957175379126,0.47997237932604736,0.0,799.2,0.0,0.0,1.0,888.0,-0.0,120,-33.906570464539904,0.0,120,-25.455945643651397,0.0,120,-12.904769517616991,0.0,120,-46.08722342330572,0.0,120,-36.86286695559197,0.0,120,-40.910732811386396,0.0,0.0,0.663015145038128,0.663015145038128,0.0,-23861.915069922223,-23861.915069922223,2386.8545221372606,2386.8545221372606,2386.8545221372606,0.0,0.0,1666.8545221372606,0.0,720
2386.1915069922225,0.0,-23861.915069922223,1668.8545221372606,20530.00130551504,0.0,-0.0,0.49766080783252226,0.47997237932604736,0.0,799.2,0.0,0.0,1.0,888.0,-0.0,120,-12.072851782142083,0.0,120,-20.984174663737715,0.0,118,-1.0429901173150147,0.0,120,-47.893223351545146,0.0,120,-53.357997731876736,0.0,120,-34.92912030118815,0.0,0.0,0.663015145038128,0.663015145038128,0.0,-23861.915069922223,-23861.915069922223,2386.8545221372606,2386.8545221372606,2386.8545221372606,0.0,0.0,1668.8545221372606,0.0,718
2386.1915069922225,0.0,-23861.915069922223,1608.8545221372606,22031.970375438577,0.0,-0.0,0.5340695313174455,0.47997237932604736,0.0,799.2,0.0,0.0,1.0,888.0,-0.0,120,-3.9232256242507235,0.0,120,-13.87142039014063,0.0,118,-20.69017200875203,0.0,120,-50.38877555270167,0.0,180,-44.1958930355514,0.0,120,-34.85125840010489,0.0,0.0,0.663015145038128,0.663015145038128,0.0,-23861.915069922223,-23861.915069922223,2386.8545221372606,2386.8545221372606,2386.8545221372606,0.0,0.0,1608.8545221372606,0.0,778
2386.1915069922225,0.0,-23861.915069922223,1670.8545221372606,23479.939445362113,0.0,-0.0,0.5691692590929657,0.47997237932604736,0.0,799.2,0.0,0.0,1.0,888.0,-0.0,120,-30.379877426094378,0.0,118,-41.661867759451965,0.0,118,-8.698880953173777,0.0,120,-3.9876456104365987,0.0,120,-23.939709701451395,0.0,120,-47.02126787466454,0.0,0.0,0.663015145038128,0.663015145038128,0.0,-23861.915069922223,-23861.915069922223,2386.8545221372606,2386.8545221372606,2386.8545221372606,0.0,0.0,1670.8545221372606,0.0,716
2371.4144192677454,0.0,-23714.144192677453,1656.0733285256692,24983.70851528565,0.0,-0.0,0.6056216157682023,0.47997237932604736,0.0,799.2,0.0,0.0,1.0,888.0,-0.0,120,-2.8099999261805864,0.0,118,-9.56088035478982,0.0,118,-21.882962213834418,0.0,120,-35.98268219638974,0.0,120,-46.95085738352943,0.0,120,-52.704252419952454,0.0,0.0,0.658909257923797,0.658909257923797,0.0,-23714.144192677453,-23714.144192677453,2372.0733285256692,2372.0733285256692,2372.0733285256692,0.0,0.0,1656.0733285256692,0.0,716
2371.4144192677454,0.0,-23714.144192677453,1656.0733285256692,26474.17451095875,0.0,-0.0,0.6417514971264817,0.47997237932604736,0.0,799.2,0.0,0.0,1.0,888.0,-0.0,120,-27.73588823182471,0.0,118,-59.70887275430309,0.0,118,-15.856387096658533,0.0,120,-11.35308473438595,0.0,120,-41.604245853065,0.0,120,-16.84200263449513,0.0,0.0,0.658909257923797,0.658909257923797,0.0,-23714.144192677453,-23714.144192677453,2372.0733285256692,2372.0733285256692,2372.0733285256692,0.0,0.0,1656.0733285256692,0.0,716
2371.4144192677454,0.0,-23714.144192677453,1656.0733285256692,27964.64050663185,0.0,-0.0,0.6778813784847612,0.47997237932604736,0.0,799.2,0.0,0.0,1.0,888.0,-0.0,120,-35.285243135241465,0.0,118,-39.70015778478487,0.0,118,-2.8286251939322993,0.0,120,-30.123484764538777,0.0,120,-14.212006959063693,0.0,120,-54.90975932599195,0.0,0.0,0.658909257923797,0.658909257923797,0.0,-23714.144192677453,-23714.144192677453,2372.0733285256692,2372.0733285256692,2372.0733285256692,0.0,0.0,1656.0733285256692,0.0,716
2371.4144192677454,0.0,-23714.144192677453,1656.0733285256692,29455.106502304952,0.0,-0.0,0.7140112598430406,0.47997237932604736,0.0,799.2,0.0,0.0,1.0,888.0,-0.0,120,-52.71957924984446,0.0,118,-46.800699008577304,0.0,118,-41.009432620500775,0.0,120,-25.17087434440926,0.0,120,-22.534136386749324,0.0,120,-18.651462849097978,0.0,0.0,0.658909257923797,0.658909257923797,0.0,-23714.144192677453,-23714.144192677453,2372.0733285256692,2372.0733285256692,2372.0733285256692,0.0,0.0,1656.0733285256692,0.0,716
2371.4144192677454,0.0,-23714.144192677453,1656.0733285256692,30945.572497978053,0.0,-0.0,0.75014114120132,0.47997237932604736,0.0,799.2,0.0,0.0,1.0,888.0,-0.0,120,-21.44972158064687,0.0,118,-51.59123336961355,0.0,118,-40.68976303322964,0.0,120,-11.075687604749158,0.0,120,-54.8488721677627,0.0,120,-41.09172136147819,0.0,0.0,0.658909257923797,0.658909257923797,0.0,-23714.144192677453,-23714.144192677453,2372.0733285256692,2372.0733285256692,2372.0733285256692,0.0,0.0,1656.0733285256692,0.0,716
2371.4144192677454,0.0,-23714.144192677453,1656.0733285256692,32436.038493651155,0.0,-0.0,0.7862710225595995,0.47997237932604736,0.0,799.2,0.0,0.0,1.0,888.0,-0.0,120,-58.32180577100597,0.0,118,-58.49860572230855,0.0,118,-8.822877151460226,0.0,120,-7.475009271708084,0.0,120,-51.3778254950764,0.0,120,-21.287975009652527,0.0,0.0,0.658909257923797,0.658909257923797,0.0,-23714.144192677453,-23714.144192677453,2372.0733285256692,2372.0733285256692,2372.0733285256692,0.0,0.0,1656.0733285256692,0.0,716
2133.1106073658834,0.0,-21331.106073658833,1417.703302727752,33926.50448932426,0.0,-0.0,0.8224009039178789,0.47997237932604736,0.0,799.2,0.0,0.0,1.0,888.0,-0.0,120,-59.52809951363926,0.0,118,-24.90373860302617,0.0,118,-1.2990592302252013,0.0,120,-14.835188761894987,0.0,120,-35.48305824500408,0.0,120,-58.75430410429559,0.0,0.0,0.59269536186882,0.59269536186882,0.0,-21331.106073658833,-21331.106073658833,2133.703302727752,2133.703302727752,2133.703302727752,0.0,0.0,1417.703302727752,0.0,716
2133.1106073658834,0.0,-21331.106073658833,1417.703302727752,35202.437461779235,0.0,-0.0,0.8533303629258293,0.47997237932604736,0.0,799.2,0.0,0.0,1.0,888.0,-0.0,120,-52.234492417087324,0.0,118,-2.7501226895580966,0.0,118,-19.081241522180964,0.0,120,-43.308526750474606,0.0,120,-19.417858138231168,0.0,120,-53.419540271944385,0.0,0.0,0.59269536186882,0.59269536186882,0.0,-21331.106073658833,-21331.106073658833,2133.703302727752,2133.703302727752,2133.703302727752,0.0,0.0,1417.703302727752,0.0,716
2133.1106073658834,0.0,-21331.106073658833,1417.703302727752,36478.37043423421,0.0,-0.0,0.8842598219337796,0.47997237932604736,0.0,799.2,0.0,0.0,1.0,888.0,-0.0,120,-48.01199142812543,0.0,118,-46.325978190372936,0.0,118,-12.642273318990174,0.0,120,-38.25082657774905,0.0,120,-37.386310020449834,0.0,120,-40.474216528765076,0.0,0.0,0.59269536186882,0.59269536186882,0.0,-21331.106073658833,-21331.106073658833,2133.703302727752,2133.703302727752,2133.703302727752,0.0,0.0,1417.703302727752,0.0,716
2133.1106073658834,0.0,-21331.106073658833,1417.703302727752,37754.303406689185,0.0,-0.0,0.9151892809417299,0.47997237932604736,0.0,799.2,0.0,0.0,1.0,888.0,-0.0,120,-10.71209329955604,0.0,118,-41.26754046262164,0.0,118,-28.05384665920271,0.0,120,-5.176961329657868,0.0,120,-9.607763070038157,0.0,120,-44.504349903693964,0.0,0.0,0.59269536186882,0.59269536186882,0.0,-21331.106073658833,-21331.106073658833,2133.703302727752,2133.703302727752,2133.703302727752,0.0,0.0,1417.703302727752,0.0,716
2133.1106073658834,0.0,-21331.106073658833,1417.703302727752,39030.23637914416,0.0,-0.0,0.9461187399496803,0.47997237932604736,0.0,799.2,0.0,0.0,1.0,888.0,-0.0,120,-20.736593334823652,0.0,118,-50.36852145913746,0.0,118,-0.7711697854131638,0.0,120,-55.75763473874794,0.0,120,-43.491642010101806,0.0,120,-13.395367350715443,0.0,0.0,0.59269536186882,0.59269536186882,0.0,-21331.106073658833,-21331.106073658833,2133.703302727752,2133.703302727752,2133.703302727752,0.0,0.0,1417.703302727752,0.0,716
2133.1106073658834,0.0,-21331.106073658833,1052.0340537787383,40306.169351599136,0.0,-0.0,0.9770481989576306,0.47997237932604736,0.0,799.2,367.66924894901376,0.0,1.0,888.0,293841.2637600518,118,-46.560417501638824,0.0,118,-0.6780004746490853,0.0,118,-33.61164071067758,0.0,120,-22.076426546290207,0.0,120,-22.25910424735694,0.0,120,-38.44645933467464,0.0,0.0,0.59269536186882,0.59269536186882,0.0,272510.15768639295,272510.15768639295,2133.703302727752,2133.703302727752,2133.703302727752,0.0,0.0,1419.703302727752,0.0,714
1684.156508145204,0.0,-16841.56508145204,0.0,41253.0,0.0,-0.0,1.0,0.47997237932604736,0.0,799.2,972.6244593839217,0.0,1.0,888.0,777321.4679396303,118,-26.1387623232135,0.0,118,-30.501650426237447,0.0,118,-20.174355459741292,0.0,120,-7.359053686464623,0.0,120,-7.5109673598759485,0.0,118,-39.589891498221085,0.0,0.0,0.467951238717756,0.467951238717756,0.0,760479.9028581782,760479.9028581782,1684.6244593839217,1684.6244593839217,1684.6244593839217,0.0,0.0,972.6244593839217,0.0,712
1684.156508145204,0.0,-16841.56508145204,0.0,41253.0,0.0,-0.0,1.0,0.47997237932604736,0.0,799.2,974.6244593839217,0.0,1.0,888.0,778919.8679396303,118,-21.330718238158024,0.0,118,-46.06283972790471,0.0,118,-56.600470178721324,0.0,120,-54.57166795924177,0.0,118,-25.005622021616706,0.0,118,-9.01583117293196,0.0,0.0,0.467951238717756,0.467951238717756,0.0,762078.3028581783,762078.3028581783,1684.6244593839217,1684.6244593839217,1684.6244593839217,0.0,0.0,974.6244593839217,0.0,710
1684.156508145204,0.0,-16841.56508145204,0.0,41253.0,0.0,-0.0,1.0,0.47997237932604736,0.0,799.2,912.6244593839217,0.0,1.0,888.0,729369.4679396303,180,-43.84982594744499,0.0,118,-12.263763840080102,0.0,118,-35.93756159839797,0.0,120,-7.405320769779243,0.0,118,-22.362894275150214,0.0,118,-0.5295222215188833,0.0,0.0,0.467951238717756,0.467951238717756,0.0,712527.9028581782,712527.9028581782,1684.6244593839217,1684.6244593839217,1684.6244593839217,0.0,0.0,912.6244593839217,0.0,772
1684.156508145204,0.0,-16841.56508145204,0.0,41253.0,0.0,-0.0,1.0,0.47997237932604736,0.0,799.2,912.6244593839217,0.0,1.0,888.0,729369.4679396303,180,-50.45992645457453,0.0,118,-17.94374235633823,0.0,118,-52.2462538704266,0.0,120,-4.176195722844698,0.0,118,-12.706185720024232,0.0,118,-9.807374056159226,0.0,0.0,0.467951238717756,0.467951238717756,0.0,712527.9028581782,712527.9028581782,1684.6244593839217,1684.6244593839217,1684.6244593839217,0.0,0.0,912.6244593839217,0.0,772
1684.156508145204,0.0,-16841.56508145204,0.0,41253.0,0.0,-0.0,1.0,0.47997237932604736,0.0,799.2,974.6244593839217,0.0,1.0,888.0,778919.8679396303,118,-11.510103515937013,0.0,118,-13.180654646442049,0.0,118,-19.71687238829146,0.0,120,-55.334424852629695,0.0,118,-8.673302420118759,0.0,118,-24.40754809135124,0.0,0.0,0.467951238717756,0.467951238717756,0.0,762078.3028581783,762078.3028581783,1684.6244593839217,1684.6244593839217,1684.6244593839217,0.0,0.0,974.6244593839217,0.0,710
1684.156508145204,0.0,-16841.56508145204,0.0,41253.0,0.0,-0.0,1.0,0.47997237932604736,0.0,799.2,974.6244593839217,0.0,1.0,888.0,778919.8679396303,118,-49.798003698441796,0.0,118,-45.435789199862874,0.0,118,-31.816818526944843,0.0,120,-42.74039844992131,0.0,118,-41.48910614410816,0.0,118,-10.760741787313108,0.0,0.0,0.467951238717756,0.467951238717756,0.0,762078.3028581783,762078.3028581783,1684.6244593839217,1684.6244593839217,1684.6244593839217,0.0,0.0,974.6244593839217,0.0,710
1009.6672892775379,0.0,-10096.67289277538,0.0,41253.0,0.0,-0.0,1.0,0.47997237932604736,0.0,799.2,299.9478303415216,0.0,1.0,888.0,239718.30600894406,118,-55.37553967372054,0.0,118,-26.838882532909107,0.0,118,-35.69470277781191,0.0,120,-18.192353566072793,0.0,118,-14.907549877653967,0.0,118,-35.19516606527901,0.0,0.0,0.280541063983756,0.280541063983756,0.0,229621.63311616867,229621.63311616867,1009.9478303415216,1009.9478303415216,1009.9478303415216,0.0,0.0,299.9478303415216,0.0,710
1009.6672892775379,0.0,-10096.67289277538,0.0,41253.0,0.0,-0.0,1.0,0.47997237932604736,0.0,799.2,299.9478303415216,0.0,1.0,888.0,239718.30600894406,118,-51.22361491595326,0.0,118,-24.280882436244408,0.0,118,-31.570475442230364,0.0,120,-55.6594418384786,0.0,118,-16.468562609287968,0.0,118,-40.77340486457697,0.0,0.0,0.280541063983756,0.280541063983756,0.0,229621.63311616867,229621.63311616867,1009.9478303415216,1009.9478303415216,1009.9478303415216,0.0,0.0,299.9478303415216,0.0,710
1009.6672892775379,0.0,-10096.67289277538,0.0,41253.0,0.0,-0.0,1.0,0.47997237932604736,0.0,799.2,299.9478303415216,0.0,1.0,888.0,239718.30600894406,118,-17.544964076417944,0.0,118,-50.283556465427004,0.0,118,-54.96390702498458,0.0,120,-26.825390588273994,0.0,118,-30.78566597113053,0.0,118,-25.326587997273368,0.0,0.0,0.280541063983756,0.280541063983756,0.0,229621.63311616867,229621.63311616867,1009.9478303415216,1009.9478303415216,1009.9478303415216,0.0,0.0,299.9478303415216,0.0,710
1009.6672892775379,0.0,-10096.67289277538,0.0,41253.0,0.0,-0.0,1.0,0.47997237932604736,0.0,799.2,237.94783034152158,0.0,1.0,888.0,190167.90600894406,118,-54.38273979155365,0.0,118,-41.09131041181579,0.0,118,-7.0894933103855795,0.0,120,-32.034138934387144,0.0,180,-46.21526150826231,0.0,118,-49.74747971701323,0.0,0.0,0.280541063983756,0.280541063983756,0.0,180071.23311616867,180071.23311616867,1009.9478303415216,1009.9478303415216,1009.9478303415216,0.0,0.0,237.94783034152158,0.0,772
1009.6672892775379,0.0,-10096.67289277538,0.0,41253.0,0.0,-0.0,1.0,0.47997237932604736,0.0,799.2,214.94783034152158,0.0,1.0,888.0,171786.30600894406,118,-48.20427157476672,0.0,118,-54.66641859365695,0.0,118,-15.0174362401935,0.0,120,-57.9008588940496,0.0,203,-40.20473342315559,0.0,118,-15.753354920151812,0.0,0.0,0.280541063983756,0.280541063983756,0.0,161689.63311616867,161689.63311616867,1009.9478303415216,1009.9478303415216,1009.9478303415216,0.0,0.0,214.94783034152158,0.0,795
1009.6672892775379,0.0,-10096.67289277538,0.0,41253.0,0.0,-0.0,1.0,0.47997237932604736,0.0,799.2,214.94783034152158,0.0,1.0,888.0,171786.30600894406,118,-44.12060012201954,0.0,118,-51.99028307198898,0.0,118,-2.2260260807025256,0.0,120,-33.86224218342856,0.0,203,-56.23004509616472,0.0,118,-3.847757907926048,0.0,0.0,0.280541063983756,0.280541063983756,0.0,161689.63311616867,161689.63311616867,1009.9478303415216,1009.9478303415216,1009.9478303415216,0.0,0.0,214.94783034152158,0.0,795
318.75223257196444,0.0,-3187.5223257196444,0.0,41253.0,476.1592005392965,-0.0,1.0,0.47997237932604736,0.0,799.2,0.0,0.0,1.0,888.0,-0.0,118,-1.0546941092094664,0.0,118,-9.614822038033457,0.0,118,-11.884984536111773,0.0,120,-36.0304085182073,0.0,203,-37.23030742541463,0.0,118,-53.063914170760924,0.0,0.0,0.0885668887390843,0.0885668887390843,0.0,-3187.5223257196444,-3187.5223257196444,795.0,795.0,318.8407994607035,0.0,476.1592005392965,0.0,0.0,795
318.75223257196444,0.0,-3187.5223257196444,0.0,40723.93422162301,476.1592005392965,-0.0,0.9871750956687515,0.47997237932604736,0.0,799.2,0.0,0.0,1.0,888.0,-0.0,118,-13.568132312737404,0.0,118,-32.64590837178537,0.0,118,-59.23861704362691,0.0,120,-36.90348330005991,0.0,203,-20.08834720902357,0.0,118,-57.339549481374576,0.0,0.0,0.0885668887390843,0.0885668887390843,0.0,-3187.5223257196444,-3187.5223257196444,795.0,795.0,318.8407994607035,0.0,476.1592005392965,0.0,0.0,795
318.75223257196444,0.0,-3187.5223257196444,0.0,40194.868443246014,478.1592005392965,-0.0,0.9743501913375031,0.47997237932604736,0.0,799.2,0.0,0.0,1.0,888.0,-0.0,118,-42.53818661117308,0.0,120,-36.886991231638675,0.0,118,-24.419688483329356,0.0,120,-50.51091793884912,0.0,203,-36.029534412179224,0.0,118,-47.18490831757899,0.0,0.0,0.0885668887390843,0.0885668887390843,0.0,-3187.5223257196444,-3187.5223257196444,797.0,797.0,318.8407994607035,0.0,478.1592005392965,0.0,0.0,797
318.75223257196444,0.0,-3187.5223257196444,0.0,39663.580442646795,478.1592005392965,-0.0,0.961471418870065,0.47997237932604736,0.0,799.2,0.0,0.0,1.0,888.0,-0.0,118,-35.17112481153171,0.0,120,-30.233460454846938,0.0,118,-46.39486510637313,0.0,120,-38.99023723777556,0.0,203,-58.68069806501824,0.0,118,-22.635698301077525,0.0,0.0,0.0885668887390843,0.0885668887390843,0.0,-3187.5223257196444,-3187.5223257196444,797.0,797.0,318.8407994607035,0.0,478.1592005392965,0.0,0.0,797
318.75223257196444,0.0,-3187.5223257196444,0.0,39132.292442047576,478.1592005392965,-0.0,0.9485926464026271,0.47997237932604736,0.0,799.2,0.0,0.0,1.0,888.0,-0.0,118,-58.58842626227341,0.0,120,-7.505069033575489,0.0,118,-9.343190148098797,0.0,120,-21.699267091078436,0.0,203,-8.035938531782904,0.0,118,-38.13059595414384,0.0,0.0,0.0885668887390843,0.0885668887390843,0.0,-3187.5223257196444,-3187.5223257196444,797.0,797.0,318.8407994607035,0.0,478.1592005392965,0.0,0.0,797
318.75223257196444,0.0,-3187.5223257196444,0.0,38601.00444144836,478.1592005392965,-0.0,0.9357138739351891,0.47997237932604736,0.0,799.2,0.0,0.0,1.0,888.0,-0.0,118,-6.669422070776648,0.0,120,-29.38128334567352,0.0,118,-58.01669635680951,0.0,120,-17.704687612093075,0.0,203,-5.316660893508274,0.0,118,-14.58343591607864,0.0,0.0,0.0885668887390843,0.0885668887390843,0.0,-3187.5223257196444,-3187.5223257196444,797.0,797.0,318.8407994607035,0.0,478.1592005392965,0.0,0.0,797
0.0,0.0,-0.0,0.0,38069.71644084914,774.0,-0.0,0.9228351014677512,0.47997237932604736,0.0,799.2,0.0,0.0,1.0,888.0,-0.0,118,-7.026428070479682,0.0,120,-27.047247637954882,0.0,118,-28.407705035436102,0.0,120,-58.44228112303854,0.0,180,-44.564098035579114,0.0,118,-15.343394390993431,0.0,0.0,0.0,0.0,0.0,0.0,0.0,774.0,774.0,0.0,0.0,774.0,0.0,0.0,774
0.0,0.0,-0.0,0.0,37209.71644084914,774.0,-0.0,0.9019881327624448,0.47997237932604736,0.0,799.2,0.0,0.0,1.0,888.0,-0.0,118,-20.614422159861743,0.0,120,-55.058965952672686,0.0,118,-9.158955822460037,0.0,120,-54.00975722946646,0.0,180,-2.6534678271582868,0.0,118,-34.524918144644765,0.0,0.0,0.0,0.0,0.0,0.0,0.0,774.0,774.0,0.0,0.0,774.0,0.0,0.0,774
0.0,0.0,-0.0,0.0,36349.71644084914,774.0,-0.0,0.8811411640571386,0.47997237932604736,0.0,799.2,0.0,0.0,1.0,888.0,-0.0,118,-35.28453361891621,0.0,120,-31.426451093456762,0.0,118,-33.21100589541485,0.0,120,-5.1674671734874655,0.0,180,-6.8482174356322645,0.0,118,-11.048614792264306,0.0,0.0,0.0,0.0,0.0,0.0,0.0,774.0,774.0,0.0,0.0,774.0,0.0,0.0,774
0.0,0.0,-0.0,0.0,35489.71644084914,774.0,-0.0,0.8602941953518323,0.47997237932604736,0.0,799.2,0.0,0.0,1.0,888.0,-0.0,118,-26.397655175471172,0.0,120,-31.767784099305494,0.0,118,-19.80157063698698,0.0,120,-37.81715084657686,0.0,180,-11.638046754390516,0.0,118,-29.127549100288533,0.0,0.0,0.0,0.0,0.0,0.0,0.0,774.0,774.0,0.0,0.0,774.0,0.0,0.0,774
0.0,0.0,-0.0,0.0,34629.71644084914,774.0,-0.0,0.839447226646526,0.47997237932604736,0.0,799.2,0.0,0.0,1.0,888.0,-0.0,118,-14.45451417249937,0.0,120,-18.066658347047234,0.0,118,-27.622566627756218,0.0,120,-42.54522963736837,0.0,180,-12.617788216796429,0.0,118,-16.359877872305294,0.0,0.0,0.0,0.0,0.0,0.0,0.0,774.0,774.0,0.0,0.0,774.0,0.0,0.0,774
0.0,0.0,-0.0,0.0,33769.71644084914,776.0,-0.0,0.8186002579412197,0.47997237932604736,0.0,799.2,0.0,0.0,1.0,888.0,-0.0,118,-51.98420224416409,0.0,120,-58.39144482401373,0.0,118,-58.87351992182425,0.0,120,-44.83007661181882,0.0,180,-55.94984918347643,0.0,120,-14.4644356471416,0.0,0.0,0.0,0.0,0.0,0.0,0.0,776.0,776.0,0.0,0.0,776.0,0.0,0.0,776
0.0,0.0,-0.0,0.0,32907.49421862692,778.0,-0.0,0.7976994210997241,0.47997237932604736,0.0,799.2,0.0,0.0,1.0,888.0,-0.0,118,-31.928927243242434,0.0,120,-34.69657363267888,0.0,120,-38.659701113935505,0.0,120,-52.716968765815636,0.0,180,-20.83548465264507,0.0,120,-32.64992243121243,0.0,0.0,0.0,0.0,0.0,0.0,0.0,778.0,778.0,0.0,0.0,778.0,0.0,0.0,778
0.0,0.0,-0.0,0.0,32043.049774182473,778.0,-0.0,0.776744716122039,0.47997237932604736,0.0,799.2,0.0,0.0,1.0,888.0,-0.0,118,-39.4517922788191,0.0,120,-14.814438797490823,0.0,120,-54.951422792415265,0.0,120,-34.90097630756274,0.0,180,-30.598778691011365,0.0,120,-26.691682592636884,0.0,0.0,0.0,0.0,0.0,0.0,0.0,778.0,778.0,0.0,0.0,778.0,0.0,0.0,778
0.0,0.0,-0.0,0.0,31178.605329738028,716.0,-0.0,0.7557900111443538,0.47997237932604736,0.0,799.2,0.0,0.0,1.0,888.0,-0.0,118,-21.13884312652133,0.0,120,-13.048056175645597,0.0,120,-35.74797884397777,0.0,120,-11.779412241658578,0.0,118,-36.02595758174401,0.0,120,-27.441276435171428,0.0,0.0,0.0,0.0,0.0,0.0,0.0,716.0,716.0,0.0,0.0,716.0,0.0,0.0,716
0.0,0.0,-0.0,0.0,30383.049774182473,716.0,-0.0,0.7365052183885408,0.47997237932604736,0.0,799.2,0.0,0.0,1.0,888.0,-0.0,118,-43.076105221404795,0.0,120,-12.544635129645794,0.0,120,-14.197355821787589,0.0,120,-28.937124239666684,0.0,118,-7.669537050559239,0.0,120,-41.82996616223212,0.0,0.0,0.0,0.0,0.0,0.0,0.0,716.0,716.0,0.0,0.0,716.0,0.0,0.0,716
0.0,0.0,-0.0,0.0,29587.494218626918,716.0,-0.0,0.7172204256327278,0.47997237932604736,0.0,799.2,0.0,0.0,1.0,888.0,-0.0,118,-33.69487782948098,0.0,120,-45.07439508946007,0.0,120,-35.64880241041852,0.0,120,-50.85437337771672,0.0,118,-13.687000895715087,0.0,120,-17.986137979145308,0.0,0.0,0.0,0.0,0.0,0.0,0.0,716.0,716.0,0.0,0.0,716.0,0.0,0.0,716
0.0,0.0,-0.0,0.0,28791.938663071363,716.0,-0.0,0.6979356328769147,0.47997237932604736,0.0,799.2,0.0,0.0,1.0,888.0,-0.0,118,-12.268620302780048,0.0,120,-41.076097279342164,0.0,120,-21.97889565902408,0.0,120,-41.557599979095116,0.0,118,-13.700957000625495,0.0,120,-54.21676194473951,0.0,0.0,0.0,0.0,0.0,0.0,0.0,716.0,716.0,0.0,0.0,716.0,0.0,0.0,716
0.0,0.0,-0.0,0.0,27996.38310751581,716.0,-0.0,0.6786508401211017,0.47997237932604736,0.0,799.2,0.0,0.0,1.0,888.0,-0.0,118,-44.43912638388733,0.0,120,-37.979273322277976,0.0,120,-28.670387716479986,0.0,120,-7.197111727017058,0.0,118,-17.292098929954594,0.0,120,-57.25992944241835,0.0,0.0,0.0,0.0,0.0,0.0,0.0,716.0,716.0,0.0,0.0,716.0,0.0,0.0,716
0.0,0.0,-0.0,0.0,27200.827551960254,716.0,-0.0,0.6593660473652887,0.47997237932604736,0.0,799.2,0.0,0.0,1.0,888.0,-0.0,118,-5.698653172826518,0.0,120,-53.03226291232491,0.0,120,-45.7911448154959,0.0,120,-6.644007485751533,0.0,118,-27.369183471196678,0.0,120,-18.62294061808034,0.0,0.0,0.0,0.0,0.0,0.0,0.0,716.0,716.0,0.0,0.0,716.0,0.0,0.0,716
0.0,0.0,-0.0,0.0,26405.2719964047,716.0,-0.0,0.6400812546094756,0.47997237932604736,0.0,799.2,0.0,0.0,1.0,888.0,-0.0,118,-40.02803663592787,0.0,120,-26.42062630972633,0.0,120,-36.68410529358695,0.0,120,-23.015098207325334,0.0,118,-37.921031320417605,0.0,120,-54.98220214582437,0.0,0.0,0.0,0.0,0.0,0.0,0.0,716.0,716.0,0.0,0.0,716.0,0.0,0.0,716
0.0,0.0,-0.0,0.0,25609.716440849144,716.0,-0.0,0.6207964618536627,0.47997237932604736,0.0,799.2,0.0,0.0,1.0,888.0,-0.0,118,-31.033275697905765,0.0,120,-42.703809711423304,0.0,120,-55.51211846120174,0.0,120,-14.423053851358823,0.0,118,-37.514265548726115,0.0,120,-50.66273290741106,0.0,0.0,0.0,0.0,0.0,0.0,0.0,716.0,716.0,0.0,0.0,716.0,0.0,0.0,716
0.0,0.0,-0.0,0.0,24814.16088529359,716.0,-0.0,0.6015116690978496,0.47997237932604736,0.0,799.2,0.0,0.0,1.0,888.0,-0.0,118,-9.745205060416872,0.0,120,-8.141468295162198,0.0,120,-59.607904992742206,0.0,120,-28.797081672712107,0.0,118,-38.31441196136677,0.0,120,-43.9883232994836,0.0,0.0,0.0,0.0,0.0,0.0,0.0,716.0,716.0,0.0,0.0,716.0,0.0,0.0,716
0.0,0.0,-0.0,0.0,24018.605329738035,716.0,-0.0,0.5822268763420366,0.47997237932604736,0.0,799.2,0.0,0.0,1.0,888.0,-0.0,118,-55.15754223864005,0.0,120,-18.632542141552783,0.0,120,-54.539656237966774,0.0,120,-12.68208536122605,0.0,118,-22.71722743619773,0.0,120,-43.165991209082215,0.0,0.0,0.0,0.0,0.0,0.0,0.0,716.0,716.0,0.0,0.0,716.0,0.0,0.0,716
0.0,0.0,-0.0,0.0,23223.04977418248,716.0,-0.0,0.5629420835862236,0.47997237932604736,0.0,799.2,0.0,0.0,1.0,888.0,-0.0,118,-9.688447708003663,0.0,120,-1.894732427310779,0.0,120,-1.0477266349164016,0.0,120,-43.41618793462411,0.0,118,-37.93981101897268,0.0,120,-56.980754669794486,0.0,0.0,0.0,0.0,0.0,0.0,0.0,716.0,716.0,0.0,0.0,716.0,0.0,0.0,716
0.0,0.0,-0.0,0.0,22427.494218626925,716.0,-0.0,0.5436572908304105,0.47997237932604736,0.0,799.2,0.0,0.0,1.0,888.0,-0.0,118,-8.467618162612725,0.0,120,-3.9977089448928904,0.0,120,-22.290669335201848,0.0,120,-45.37668470283889,0.0,118,-54.99876891894937,0.0,120,-20.978472959591013,0.0,0.0,0.0,0.0,0.0,0.0,0.0,716.0,716.0,0.0,0.0,716.0,0.0,0.0,716
0.0,0.0,-0.0,0.0,21631.93866307137,716.0,-0.0,0.5243724980745975,0.47997237932604736,0.0,799.2,0.0,0.0,1.0,888.0,-0.0,118,-6.492070512773105,0.0,120,-38.15639013161274,0.0,120,-27.93111115766293,0.0,120,-30.658708136503876,0.0,118,-37.915725332069556,0.0,120,-14.919433789770986,0.0,0.0,0.0,0.0,0.0,0.0,0.0,716.0,716.0,0.0,0.0,716.0,0.0,0.0,716
0.0,0.0,-0.0,0.0,20836.383107515816,716.0,-0.0,0.5050877053187844,0.47997237932604736,0.0,799.2,0.0,0.0,1.0,888.0,-0.0,118,-5.5591293128296915,0.0,120,-34.16867621460379,0.0,120,-28.72069041929469,0.0,120,-52.22463632777652,0.0,118,-53.92986214354779,0.0,120,-30.182694902101986,0.0,0.0,0.0,0.0,0.0,0.0,0.0,716.0,716.0,0.0,0.0,716.0,0.0,0.0,716
0.0,0.0,-0.0,0.0,20040.82755196026,716.0,-0.0,0.4858029125629714,0.47997237932604736,0.0,799.2,0.0,0.0,1.0,888.0,-0.0,118,-28.303989770596015,0.0,120,-23.07264027420976,0.0,120,-2.185646396757186,0.0,120,-57.78161455595156,0.0,118,-21.639120886109218,0.0,120,-55.839532827420584,0.0,0.0,0.0,0.0,0.0,0.0,0.0,716.0,716.0,0.0,0.0,716.0,0.0,0.0,716
0.0,0.0,-0.0,0.0,19245.271996404706,716.0,-0.0,0.4665181198071584,0.47997237932604736,0.0,799.2,0.0,0.0,1.0,888.0,-0.0,118,-43.88475943430366,0.0,120,-18.277025631039663,0.0,120,-20.295900788166467,0.0,120,-2.5584661791905217,0.0,118,-58.48694825600791,0.0,120,-55.03695067419498,0.0,0.0,0.0,0.0,0.0,0.0,0.0,716.0,716.0,0.0,0.0,716.0,0.0,0.0,716
0.0,0.0,-0.0,0.0,18449.71644084915,716.0,-0.0,0.4472333270513454,0.47997237932604736,0.0,799.2,0.0,0.0,1.0,888.0,-0.0,118,-54.12441132194362,0.0,120,-57.98848218612707,0.0,120,-31.812926896824553,0.0,120,-23.236151964441675,0.0,118,-5.759952837780602,0.0,120,-5.0649476144072185,0.0,0.0,0.0,0.0,0.0,0.0,0.0,716.0,716.0,0.0,0.0,716.0,0.0,0.0,716
0.0,0.0,-0.0,0.0,17654.160885293597,716.0,-0.0,0.42794853429553237,0.47997237932604736,0.0,799.2,0.0,0.0,1.0,888.0,-0.0,118,-39.67683918172972,0.0,120,-33.61425158165572,0.0,120,-1.7661403941703946,0.0,120,-42.50128099915559,0.0,118,-53.3548564457653,0.0,120,-26.073706639113016,0.0,0.0,0.0,0.0,0.0,0.0,0.0,716.0,716.0,0.0,0.0,716.0,0.0,0.0,716
0.0,0.0,-0.0,0.0,16858.605329738042,716.0,-0.0,0.40866374153971935,0.47997237932604736,0.0,799.2,0.0,0.0,1.0,888.0,-0.0,118,-35.00536499711912,0.0,120,-17.09468653855662,0.0,120,-17.192772212257758,0.0,120,-42.699804054334685,0.0,118,-51.99344112935447,0.0,120,-3.99101474426784,0.0,0.0,0.0,0.0,0.0,0.0,0.0,716.0,716.0,0.0,0.0,716.0,0.0,0.0,716
0.0,0.0,-0.0,0.0,16063.049774182487,718.0,-0.0,0.38937894878390633,0.47997237932604736,0.0,799.2,0.0,0.0,1.0,888.0,-0.0,120,-9.815671588683184,0.0,120,-29.049209599694006,0.0,120,-22.53822159736751,0.0,120,-13.88196406678418,0.0,118,-29.84371504922349,0.0,120,-9.882533118648198,0.0,0.0,0.0,0.0,0.0,0.0,0.0,718.0,718.0,0.0,0.0,718.0,0.0,0.0,718
0.0,0.0,-0.0,0.0,15265.27199640471,718.0,-0.0,0.37004028789190385,0.47997237932604736,0.0,799.2,0.0,0.0,1.0,888.0,-0.0,120,-17.427831997281494,0.0,120,-41.436543103486585,0.0,120,-3.633574495530134,0.0,120,-49.925801698755265,0.0,118,-43.124966370332864,0.0,120,-9.494664797751122,0.0,0.0,0.0,0.0,0.0,0.0,0.0,718.0,718.0,0.0,0.0,718.0,0.0,0.0,718
0.0,0.0,-0.0,0.0,14467.494218626933,718.0,-0.0,0.35070162699990143,0.47997237932604736,0.0,799.2,0.0,0.0,1.0,888.0,-0.0,120,-51.901069295189366,0.0,120,-36.09796496304003,0.0,120,-37.07509937522704,0.0,120,-23.136685228070316,0.0,118,-38.279380761095155,0.0,120,-38.673094348611684,0.0,0.0,0.0,0.0,0.0,0.0,0.0,718.0,718.0,0.0,0.0,718.0,0.0,0.0,718
0.0,0.0,-0.0,0.0,13669.716440849155,718.0,-0.0,0.33136296610789895,0.47997237932604736,0.0,799.2,0.0,0.0,1.0,888.0,-0.0,120,-33.22223709211843,0.0,120,-9.902965474055772,0.0,120,-1.2625368723116748,0.0,120,-11.325696870418117,0.0,118,-4.969259046615404,0.0,120,-15.741856113846193,0.0,0.0,0.0,0.0,0.0,0.0,0.0,718.0,718.0,0.0,0.0,718.0,0.0,0.0,718
0.0,0.0,-0.0,0.0,12871.938663071378,718.0,-0.0,0.31202430521589647,0.47997237932604736,0.0,799.2,0.0,0.0,1.0,888.0,-0.0,120,-1.333920994913127,0.0,120,-4.981905797684942,0.0,120,-6.347177805477935,0.0,120,-43.60051799371378,0.0,118,-22.19287231174433,0.0,120,-5.4002788238685255,0.0,0.0,0.0,0.0,0.0,0.0,0.0,718.0,718.0,0.0,0.0,718.0,0.0,0.0,718
0.0,0.0,-0.0,0.0,12074.1608852936,718.0,-0.0,0.29268564432389405,0.47997237932604736,0.0,799.2,0.0,0.0,1.0,888.0,-0.0,120,-1.2531366721473614,0.0,120,-3.459749891532815,0.0,120,-51.487662779992846,0.0,120,-48.31651105972193,0.0,118,-40.93149233137376,0.0,120,-33.624583823881544,0.0,0.0,0.0,0.0,0.0,0.0,0.0,718.0,718.0,0.0,0.0,718.0,0.0,0.0,718
0.0,0.0,-0.0,0.0,11276.383107515823,718.0,-0.0,0.27334698343189157,0.47997237932604736,0.0,799.2,0.0,0.0,1.0,888.0,-0.0,120,-12.531919708280938,0.0,120,-14.381531497253643,0.0,120,-17.315275145335686,0.0,120,-50.895272695772,0.0,118,-45.251965767811086,0.0,120,-36.75637139660288,0.0,0.0,0.0,0.0,0.0,0.0,0.0,718.0,718.0,0.0,0.0,718.0,0.0,0.0,718
0.0,0.0,-0.0,0.0,10478.605329738046,718.0,-0.0,0.25400832253988914,0.47997237932604736,0.0,799.2,0.0,0.0,1.0,888.0,-0.0,120,-40.53183340994053,0.0,120,-36.22144524335455,0.0,120,-32.36591016628704,0.0,120,-58.99240956517846,0.0,118,-57.32743387337824,0.0,120,-25.03364656494741,0.0,0.0,0.0,0.0,0.0,0.0,0.0,718.0,718.0,0.0,0.0,718.0,0.0,0.0,718
0.0,0.0,-0.0,0.0,9680.827551960268,718.0,-0.0,0.23466966164788666,0.47997237932604736,0.0,799.2,0.0,0.0,1.0,888.0,-0.0,120,-37.6672651323967,0.0,120,-43.120141200860914,0.0,120,-26.625219122031385,0.0,120,-27.60954562692627,0.0,118,-51.73514490378365,0.0,120,-28.19052343025506,0.0,0.0,0.0,0.0,0.0,0.0,0.0,718.0,718.0,0.0,0.0,718.0,0.0,0.0,718
0.0,0.0,-0.0,0.0,8883.049774182491,718.0,-0.0,0.2153310007558842,0.47997237932604736,0.0,799.2,0.0,0.0,1.0,888.0,-0.0,120,-55.7454263257175,0.0,120,-26.588915543929048,0.0,120,-57.87202741625785,0.0,120,-14.685578458997316,0.0,118,-57.11936645986636,0.0,120,-52.894502161841466,0.0,0.0,0.0,0.0,0.0,0.0,0.0,718.0,718.0,0.0,0.0,718.0,0.0,0.0,718
0.0,0.0,-0.0,0.0,8085.271996404714,718.0,-0.0,0.19599233986388176,0.47997237932604736,0.0,799.2,0.0,0.0,1.0,888.0,-0.0,120,-19.768325983659746,0.0,120,-12.60360638344578,0.0,120,-18.49457670379572,0.0,120,-53.24064553158939,0.0,118,-6.625211988969582,0.0,120,-43.50566430275707,0.0,0.0,0.0,0.0,0.0,0.0,0.0,718.0,718.0,0.0,0.0,718.0,0.0,0.0,718
0.0,0.0,-0.0,0.0,7287.494218626936,720.0,-0.0,0.17665367897187928,0.47997237932604736,0.0,799.2,0.0,0.0,1.0,888.0,-0.0,120,-40.95394111707536,0.0,120,-43.95470461661457,0.0,120,-27.488418267651877,0.0,120,-17.215518893120848,0.0,120,-31.569670097368228,0.0,120,-49.30545148838378,0.0,0.0,0.0,0.0,0.0,0.0,0.0,720.0,720.0,0.0,0.0,720.0,0.0,0.0,720
0.0,0.0,-0.0,0.0,6487.494218626936,720.0,-0.0,0.1572611499436874,0.47997237932604736,0.0,799.2,0.0,0.0,1.0,888.0,-0.0,120,-48.324260872532896,0.0,120,-9.19249355078492,0.0,120,-38.26019180590556,0.0,120,-43.095988519795675,0.0,120,-11.217783232467426,0.0,120,-33.671028868351726,0.0,0.0,0.0,0.0,0.0,0.0,0.0,720.0,720.0,0.0,0.0,720.0,0.0,0.0,720
0.0,0.0,-0.0,0.0,5687.494218626936,720.0,-0.0,0.1378686209154955,0.47997237932604736,0.0,799.2,0.0,0.0,1.0,888.0,-0.0,120,-37.331867921155116,0.0,120,-16.943710715647992,0.0,120,-20.404978300730583,0.0,120,-54.91089837222007,0.0,120,-3.4763704530528106,0.0,120,-7.151524335609995,0.0,0.0,0.0,0.0,0.0,0.0,0.0,720.0,720.0,0.0,0.0,720.0,0.0,0.0,720
0.0,0.0,-0.0,0.0,4887.494218626936,720.0,-0.0,0.11847609188730363,0.47997237932604736,0.0,799.2,0.0,0.0,1.0,888.0,-0.0,120,-4.44482982698569,0.0,120,-17.99195441619631,0.0,120,-36.30679747459916,0.0,120,-36.92985986148382,0.0,120,-51.368367819481946,0.0,120,-11.864156788563644,0.0,0.0,0.0,0.0,0.0,0.0,0.0,720.0,720.0,0.0,0.0,720.0,0.0,0.0,720
0.0,0.0,-0.0,0.0,4087.4942186269363,720.0,-0.0,0.09908356285911174,0.47997237932604736,0.0,799.2,0.0,0.0,1.0,888.0,-0.0,120,-30.914709642003338,0.0,120,-28.882239811095673,0.0,120,-4.99594019955526,0.0,120,-34.04173648580495,0.0,120,-41.19696952792722,0.0,120,-44.86902900616365,0.0,0.0,0.0,0.0,0.0,0.0,0.0,720.0,720.0,0.0,0.0,720.0,0.0,0.0,720
0.0,0.0,-0.0,0.0,3287.4942186269363,720.0,-0.0,0.07969103383091984,0.47997237932604736,0.0,799.2,0.0,0.0,1.0,888.0,-0.0,120,-35.24876815049298,0.0,120,-20.433020380381052,0.0,120,-36.13096498577852,0.0,120,-17.309051312977374,0.0,120,-7.203749406456317,0.0,120,-15.482963244953908,0.0,0.0,0.0,0.0,0.0,0.0,0.0,720.0,720.0,0.0,0.0,720.0,0.0,0.0,720
0.0,0.0,-0.0,0.0,2487.4942186269363,720.0,-0.0,0.060298504802727956,0.47997237932604736,0.0,799.2,0.0,0.0,1.0,888.0,-0.0,120,-8.443238159074657,0.0,120,-53.74158195823456,0.0,120,-0.8007123905513214,0.0,120,-18.72276566468041,0.0,120,-55.289818143082165,0.0,120,-14.210761941647643,0.0,0.0,0.0,0.0,0.0,0.0,0.0,720.0,720.0,0.0,0.0,720.0,0.0,0.0,720
0.0,0.0,-0.0,0.0,1687.4942186269363,720.0,-0.0,0.040905975774536064,0.47997237932604736,0.0,799.2,0.0,0.0,1.0,888.0,-0.0,120,-48.195646573033606,0.0,120,-2.9684801938159566,0.0,120,-38.20326644934727,0.0,120,-5.237621259564696,0.0,120,-10.11421147074562,0.0,120,-38.76523392581407,0.0,0.0,0.0,0.0,0.0,0.0,0.0,720.0,720.0,0.0,0.0,720.0,0.0,0.0,720
0.0,0.0,-0.0,0.0,887.4942186269363,720.0,-0.0,0.021513446746344176,0.47997237932604736,0.0,799.2,0.0,0.0,1.0,888.0,-0.0,120,-53.326360384683866,0.0,120,-29.555862790156482,0.0,120,-7.612174787702659,0.0,120,-26.01251576211493,0.0,120,-6.878253219067096,0.0,120,-55.96277255916094,0.0,0.0,0.0,0.0,0.0,0.0,0.0,720.0,720.0,0.0,0.0,720.0,0.0,0.0,720
0.0,0.0,-0.0,0.0,87.49421862693634,78.74479676424271,-0.0,0.002120917718152288,0.47997237932604736,307.78478565227454,799.2,0.0,641.2552032357573,1.0,888.0,-569434.6204733525,120,-6.380696329936654,0.0,120,-6.5338506686329145,0.0,120,-27.91672588221616,0.0,120,-12.459793114169425,0.0,120,-19.410277209755517,0.0,120,-31.810302304772335,0.0,0.0,0.0,0.0,0.0,-569434.6204733525,-569434.6204733525,720.0,720.0,0.0,0.0,720.0,0.0,0.0,720
0.0,0.0,-0.0,0.0,0.0,0.0,-0.0,0.0,0.47997237932604736,345.5801131147541,799.2,0.0,720.0,1.0,888.0,-639360.0,120,-37.13091078345373,0.0,120,-37.666592715531564,0.0,120,-51.574884693263094,0.0,120,-15.186980630838619,0.0,120,-10.577651199200272,0.0,120,-59.06462395423275,0.0,0.0,0.0,0.0,0.0,-639360.0,-639360.0,720.0,720.0,0.0,0.0,720.0,0.0,0.0,720
0.0,0.0,-0.0,0.0,0.0,0.0,-0.0,0.0,0.47997237932604736,345.5801131147541,799.2,0.0,720.0,1.0,888.0,-639360.0,120,-40.33351575451803,0.0,120,-50.22519603705718,0.0,120,-30.479088837938605,0.0,120,-3.6480869178962583,0.0,120,-6.518413886078704,0.0,120,-40.89150850437525,0.0,0.0,0.0,0.0,0.0,-639360.0,-639360.0,720.0,720.0,0.0,0.0,720.0,0.0,0.0,720
0.0,0.0,-0.0,0.0,0.0,0.0,-0.0,0.0,0.47997237932604736,345.5801131147541,799.2,0.0,720.0,1.0,888.0,-639360.0,120,-46.825537074858836,0.0,120,-25.899182812782644,0.0,120,-0.8540441872316062,0.0,120,-21.98759168304534,0.0,120,-30.72047707297845,0.0,120,-27.051857301550687,0.0,0.0,0.0,0.0,0.0,-639360.0,-639360.0,720.0,720.0,0.0,0.0,720.0,0.0,0.0,720
0.0,0.0,-0.0,0.0,0.0,0.0,-0.0,0.0,0.47997237932604736,345.5801131147541,799.2,0.0,720.0,1.0,888.0,-639360.0,120,-56.817278590145044,0.0,120,-38.76252854687184,0.0,120,-5.1835419643063885,0.0,120,-59.6690178206848,0.0,120,-6.95174169016326,0.0,120,-42.528783913173044,0.0,0.0,0.0,0.0,0.0,-639360.0,-639360.0,720.0,720.0,0.0,0.0,720.0,0.0,0.0,720
0.0,0.0,-0.0,0.0,0.0,0.0,-0.0,0.0,0.47997237932604736,345.5801131147541,799.2,0.0,720.0,1.0,888.0,-639360.0,120,-18.96653967226909,0.0,120,-10.477855714444521,0.0,120,-34.80122775304853,0.0,120,-47.26155161263188,0.0,120,-32.05229020520801,0.0,120,-27.15869590428421,0.0,0.0,0.0,0.0,0.0,-639360.0,-639360.0,720.0,720.0,0.0,0.0,720.0,0.0,0.0,720
0.0,0.0,-0.0,0.0,0.0,0.0,-0.0,0.0,0.47997237932604736,345.5801131147541,799.2,0.0,720.0,1.0,888.0,-639360.0,120,-7.7514490116214425,0.0,120,-29.619615287302757,0.0,120,-56.204818737219085,0.0,120,-57.29898435648528,0.0,120,-43.53680880474623,0.0,120,-12.25667477101851,0.0,0.0,0.0,0.0,0.0,-639360.0,-639360.0,720.0,720.0,0.0,0.0,720.0,0.0,0.0,720
0.0,0.0,-0.0,0.0,0.0,0.0,-0.0,0.0,0.47997237932604736,345.5801131147541,799.2,0.0,720.0,1.0,888.0,-639360.0,120,-37.01787918205514,0.0,120,-44.937085412743976,0.0,120,-32.58382207999028,0.0,120,-52.290952401990744,0.0,120,-23.839912096392485,0.0,120,-18.735542936163668,0.0,0.0,0.0,0.0,0.0,-639360.0,-639360.0,720.0,720.0,0.0,0.0,720.0,0.0,0.0,720
0.0,0.0,-0.0,0.0,0.0,0.0,-0.0,0.0,0.47997237932604736,345.5801131147541,799.2,0.0,720.0,1.0,888.0,-639360.0,120,-45.713952399282405,0.0,120,-43.72494523256919,0.0,120,-14.829264921116469,0.0,120,-55.6058363244595,0.0,120,-19.9422543509027,0.0,120,-12.03177415483838,0.0,0.0,0.0,0.0,0.0,-639360.0,-639360.0,720.0,720.0,0.0,0.0,720.0,0.0,0.0,720
0.0,0.0,-0.0,0.0,0.0,0.0,-0.0,0.0,0.47997237932604736,345.5801131147541,799.2,0.0,720.0,1.0,888.0,-639360.0,120,-37.97355843673154,0.0,120,-57.64446926611573,0.0,120,-40.93441275050844,0.0,120,-49.365074178824614,0.0,120,-28.29791453251933,0.0,120,-23.252212301255106,0.0,0.0,0.0,0.0,0.0,-639360.0,-639360.0,720.0,720.0,0.0,0.0,720.0,0.0,0.0,720
0.0,0.0,-0.0,0.0,0.0,0.0,-0.0,0.0,0.47997237932604736,345.5801131147541,799.2,0.0,720.0,1.0,888.0,-639360.0,120,-21.516447308426688,0.0,120,-11.533666112777851,0.0,120,-45.345783381602295,0.0,120,-2.082257786566557,0.0,120,-4.3371312892988945,0.0,120,-8.041982292249795,0.0,0.0,0.0,0.0,0.0,-639360.0,-639360.0,720.0,720.0,0.0,0.0,720.0,0.0,0.0,720
0.0,0.0,-0.0,0.0,0.0,0.0,-0.0,0.0,0.47997237932604736,345.5801131147541,799.2,0.0,720.0,1.0,888.0,-639360.0,120,-28.683108731410726,0.0,120,-2.4379557073655844,0.0,120,-35.259997509878374,0.0,120,-56.449879960592405,0.0,120,-49.22029962506051,0.0,120,-34.96775635505358,0.0,0.0,0.0,0.0,0.0,-639360.0,-639360.0,720.0,720.0,0.0,0.0,720.0,0.0,0.0,720
0.0,0.0,-0.0,0.0,0.0,0.0,-0.0,0.0,0.47997237932604736,345.5801131147541,799.2,0.0,720.0,1.0,888.0,-639360.0,120,-42.04073807994436,0.0,120,-33.428285827889226,0.0,120,-37.4697816911446,0.0,120,-15.517320353772027,0.0,120,-59.559916757674856,0.0,120,-28.3822723201908,0.0,0.0,0.0,0.0,0.0,-639360.0,-639360.0,720.0,720.0,0.0,0.0,720.0,0.0,0.0,720
0.0,0.0,-0.0,0.0,0.0,0.0,-0.0,0.0,0.47997237932604736,345.5801131147541,799.2,0.0,720.0,1.0,888.0,-639360.0,120,-4.42495486484839,0.0,120,-47.23622112338518,0.0,120,-36.11933284793088,0.0,120,-44.15247547306075,0.0,120,-53.48560087219246,0.0,120,-57.795473998712616,0.0,0.0,0.0,0.0,0.0,-639360.0,-639360.0,720.0,720.0,0.0,0.0,720.0,0.0,0.0,720
0.0,0.0,-0.0,0.0,0.0,0.0,-0.0,0.0,0.47997237932604736,345.5801131147541,799.2,0.0,720.0,1.0,888.0,-639360.0,120,-49.21190946846471,0.0,120,-8.413002304749897,0.0,120,-26.634411402322172,0.0,120,-2.6785509391314277,0.0,120,-0.4083938548843613,0.0,120,-43.63813198135188,0.0,0.0,0.0,0.0,0.0,-639360.0,-639360.0,720.0,720.0,0.0,0.0,720.0,0.0,0.0,720
0.0,0.0,-0.0,0.0,0.0,0.0,-0.0,0.0,0.47997237932604736,345.5801131147541,799.2,0.0,720.0,1.0,888.0,-639360.0,120,-9.785831805828678,0.0,120,-28.33506094090493,0.0,120,-0.4336425942868005,0.0,120,-58.29373851556879,0.0,120,-59.70511863445488,0.0,120,-33.825231931600854,0.0,0.0,0.0,0.0,0.0,-639360.0,-639360.0,720.0,720.0,0.0,0.0,720.0,0.0,0.0,720
0.0,0.0,-0.0,0.0,0.0,0.0,-0.0,0.0,0.47997237932604736,345.5801131147541,799.2,0.0,720.0,1.0,888.0,-639360.0,120,-27.837618287195127,0.0,120,-42.89563218525443,0.0,120,-47.9095296654609,0.0,120,-39.149424471997584,0.0,120,-52.64546317177362,0.0,120,-54.60374622997732,0.0,0.0,0.0,0.0,0.0,-639360.0,-639360.0,720.0,720.0,0.0,0.0,720.0,0.0,0.0,720
0.0,0.0,-0.0,0.0,0.0,0.0,-0.0,0.0,0.47997237932604736,345.5801131147541,799.2,0.0,720.0,1.0,888.0,-639360.0,120,-31.942690007831718,0.0,120,-31.412637148434225,0.0,120,-36.54563679761377,0.0,120,-18.963422661593953,0.0,120,-27.546544861625616,0.0,120,-37.671366363349335,0.0,0.0,0.0,0.0,0.0,-639360.0,-639360.0,720.0,720.0,0.0,0.0,720.0,0.0,0.0,720
0.0,0.0,-0.0,0.0,0.0,0.0,-0.0,0.0,0.47997237932604736,345.5801131147541,799.2,0.0,720.0,1.0,888.0,-639360.0,120,-8.792443613656767,0.0,120,-24.37881158921262,0.0,120,-41.59736421577217,0.0,120,-41.22818812439594,0.0,120,-30.317442460764525,0.0,120,-40.31040359298485,0.0,0.0,0.0,0.0,0.0,-639360.0,-639360.0,720.0,720.0,0.0,0.0,720.0,0.0,0.0,720
0.0,0.0,-0.0,0.0,0.0,0.0,-0.0,0.0,0.47997237932604736,345.5801131147541,799.2,0.0,720.0,1.0,888.0,-639360.0,120,-8.941425730165381,0.0,120,-6.404292754077707,0.0,120,-42.572365576902065,0.0,120,-54.111002286995934,0.0,120,-2.476948838385522,0.0,120,-49.66446650274655,0.0,0.0,0.0,0.0,0.0,-639360.0,-639360.0,720.0,720.0,0.0,0.0,720.0,0.0,0.0,720
0.0,0.0,-0.0,0.0,0.0,0.0,-0.0,0.0,0.47997237932604736,345.5801131147541,799.2,0.0,720.0,1.0,888.0,-639360.0,120,-16.26309875222152,0.0,120,-47.10568760011185,0.0,120,-52.91162073733014,0.0,120,-21.313819306724234,0.0,120,-3.7103478764702347,0.0,120,-2.487278981044778,0.0,0.0,0.0,0.0,0.0,-639360.0,-639360.0,720.0,720.0,0.0,0.0,720.0,0.0,0.0,720
0.0,0.0,-0.0,0.0,0.0,0.0,-0.0,0.0,0.47997237932604736,345.5801131147541,799.2,0.0,720.0,1.0,888.0,-639360.0,120,-11.093237327463166,0.0,120,-9.126027762442506,0.0,120,-9.831914574543521,0.0,120,-19.916046831089385,0.0,120,-3.9473453744966203,0.0,120,-41.6447800058785,0.0,0.0,0.0,0.0,0.0,-639360.0,-639360.0,720.0,720.0,0.0,0.0,720.0,0.0,0.0,720
0.0,0.0,-0.0,0.0,0.0,0.0,-0.0,0.0,0.47997237932604736,345.5801131147541,799.2,0.0,720.0,1.0,888.0,-639360.0,120,-45.32658878624738,0.0,120,-12.216584288589525,0.0,120,-15.89409617782829,0.0,120,-57.639995235291735,0.0,120,-4.595183420989857,0.0,120,-8.755402317592768,0.0,0.0,0.0,0.0,0.0,-639360.0,-639360.0,720.0,720.0,0.0,0.0,720.0,0.0,0.0,720
0.0,0.0,-0.0,0.0,0.0,0.0,-0.0,0.0,0.47997237932604736,345.5801131147541,799.2,0.0,720.0,1.0,888.0,-639360.0,120,-41.61579078863297,0.0,120,-45.98683598422209,0.0,120,-54.291330692017496,0.0,120,-40.49451258283325,0.0,120,-34.75895714197926,0.0,120,-38.43627282999687,0.0,0.0,0.0,0.0,0.0,-639360.0,-639360.0,720.0,720.0,0.0,0.0,720.0,0.0,0.0,720
0.0,0.0,-0.0,0.0,0.0,0.0,-0.0,0.0,0.47997237932604736,345.5801131147541,799.2,0.0,720.0,1.0,888.0,-639360.0,120,-25.921061870341614,0.0,120,-58.250972010445395,0.0,120,-43.776673851850944,0.0,120,-8.076665235572744,0.0,120,-30.51441996726159,0.0,120,-6.791701078130094,0.0,0.0,0.0,0.0,0.0,-639360.0,-639360.0,720.0,720.0,0.0,0.0,720.0,0.0,0.0,720
0.0,0.0,-0.0,0.0,0.0,0.0,-0.0,0.0,0.47997237932604736,345.5801131147541,799.2,0.0,720.0,1.0,888.0,-639360.0,120,-26.33411426336007,0.0,120,-23.390018015454217,0.0,120,-31.65254375245803,0.0,120,-57.35914968337583,0.0,120,-2.759404305505384,0.0,120,-51.943855702196934,0.0,0.0,0.0,0.0,0.0,-639360.0,-639360.0,720.0,720.0,0.0,0.0,720.0,0.0,0.0,720
0.0,0.0,-0.0,0.0,0.0,0.0,-0.0,0.0,0.47997237932604736,345.5801131147541,799.2,0.0,720.0,1.0,888.0,-639360.0,120,-17.514467990421878,0.0,120,-8.264715103324944,0.0,120,-54.44112842265781,0.0,120,-4.787405455867013,0.0,120,-23.402726046427674,0.0,120,-12.839173620406523,0.0,0.0,0.0,0.0,0.0,-639360.0,-639360.0,720.0,720.0,0.0,0.0,720.0,0.0,0.0,720
0.0,0.0,-0.0,0.0,0.0,0.0,-0.0,0.0,0.47997237932604736,345.5801131147541,799.2,0.0,720.0,1.0,888.0,-639360.0,120,-0.6944552483665412,0.0,120,-2.1648291382203633,0.0,120,-36.994168288470405,0.0,120,-2.5758130450874317,0.0,120,-50.408038000648325,0.0,120,-57.44996796317305,0.0,0.0,0.0,0.0,0.0,-639360.0,-639360.0,720.0,720.0,0.0,0.0,720.0,0.0,0.0,720
0.0,0.0,-0.0,0.0,0.0,0.0,-0.0,0.0,0.47997237932604736,345.5801131147541,799.2,0.0,720.0,1.0,888.0,-639360.0,120,-40.867131450417865,0.0,120,-12.185318091940346,0.0,120,-19.057368674432414,0.0,120,-28.81577869944025,0.0,120,-22.31596161374344,0.0,120,-9.383953792987203,0.0,0.0,0.0,0.0,0.0,-639360.0,-639360.0,720.0,720.0,0.0,0.0,720.0,0.0,0.0,720
0.0,0.0,-0.0,0.0,0.0,0.0,-0.0,0.0,0.47997237932604736,345.5801131147541,799.2,0.0,720.0,1.0,888.0,-639360.0,120,-13.517194857012036,0.0,120,-26.644559234889773,0.0,120,-56.79607222684159,0.0,120,-58.27100290601635,0.0,120,-18.37062951249402,0.0,120,-28.42929319644896,0.0,0.0,0.0,0.0,0.0,-639360.0,-639360.0,720.0,720.0,0.0,0.0,720.0,0.0,0.0,720
0.0,0.0,-0.0,0.0,0.0,0.0,-0.0,0.0,0.47997237932604736,345.5801131147541,799.2,0.0,720.0,1.0,888.0,-639360.0,120,-40.283294181051076,0.0,120,-51.22596943612792,0.0,120,-36.0462328081441,0.0,120,-33.53740450883936,0.0,120,-43.47243471757527,0.0,120,-40.09460149648178,0.0,0.0,0.0,0.0,0.0,-639360.0,-639360.0,720.0,720.0,0.0,0.0,720.0,0.0,0.0,720
0.0,0.0,-0.0,0.0,0.0,0.0,-0.0,0.0,0.47997237932604736,345.5801131147541,799.2,0.0,720.0,1.0,888.0,-639360.0,120,-3.995139092924085,0.0,120,-14.762030724662347,0.0,120,-55.04313386072789,0.0,120,-43.206425284821734,0.0,120,-9.794778081762614,0.0,120,-18.68414939785897,0.0,0.0,0.0,0.0,0.0,-639360.0,-639360.0,720.0,720.0,0.0,0.0,720.0,0.0,0.0,720
0.0,0.0,-0.0,0.0,0.0,0.0,-0.0,0.0,0.47997237932604736,345.5801131147541,799.2,0.0,720.0,1.0,888.0,-639360.0,120,-58.00814305526258,0.0,120,-20.803875606728116,0.0,120,-52.676931225936734,0.0,120,-50.27532516530383,0.0,120,-44.87458648606232,0.0,120,-5.063901327377057,0.0,0.0,0.0,0.0,0.0,-639360.0,-639360.0,720.0,720.0,0.0,0.0,720.0,0.0,0.0,720
0.0,0.0,-0.0,0.0,0.0,0.0,-0.0,0.0,0.47997237932604736,345.5801131147541,799.2,0.0,720.0,1.0,888.0,-639360.0,120,-18.702233869694844,0.0,120,-23.52890632014869,0.0,120,-7.481298764675348,0.0,120,-32.97169731392911,0.0,120,-34.5087431860142,0.0,120,-8.84905663307903,0.0,0.0,0.0,0.0,0.0,-639360.0,-639360.0,720.0,720.0,0.0,0.0,720.0,0.0,0.0,720
0.0,0.0,-0.0,0.0,0.0,0.0,-0.0,0.0,0.47997237932604736,345.5801131147541,799.2,0.0,720.0,1.0,888.0,-639360.0,120,-49.35245692916545,0.0,120,-58.12409117203721,0.0,120,-16.69809254586136,0.0,120,-32.63383450952466,0.0,120,-39.64194753461185,0.0,120,-37.87221419676157,0.0,0.0,0.0,0.0,0.0,-639360.0,-639360.0,720.0,720.0,0.0,0.0,720.0,0.0,0.0,720
0.0,0.0,-0.0,0.0,0.0,0.0,-0.0,0.0,0.47997237932604736,345.5801131147541,799.2,0.0,720.0,1.0,888.0,-639360.0,120,-55.83280750512124,0.0,120,-0.1733014178956238,0.0,120,-21.974033143762533,0.0,120,-25.588718319949887,0.0,120,-47.24465489724128,0.0,120,-36.90286530524383,0.0,0.0,0.0,0.0,0.0,-639360.0,-639360.0,720.0,720.0,0.0,0.0,720.0,0.0,0.0,720
0.0,0.0,-0.0,0.0,0.0,0.0,-0.0,0.0,0.47997237932604736,345.5801131147541,799.2,0.0,720.0,1.0,888.0,-639360.0,120,-2.6419074080036187,0.0,120,-22.597872412077635,0.0,120,-7.483459732000237,0.0,120,-56.277435132547495,0.0,120,-28.447942348350097,0.0,120,-36.19787946953675,0.0,0.0,0.0,0.0,0.0,-639360.0,-639360.0,720.0,720.0,0.0,0.0,720.0,0.0,0.0,720
399.90817544398755,0.0,-3999.0817544398756,0.0,0.0,0.0,-0.0,0.0,0.47997237932604736,153.58190179848827,799.2,0.0,319.9807080860364,1.0,888.0,-284142.8687804003,120,-42.53652314814886,0.0,120,-23.626528512492133,0.0,120,-5.754919071745295,0.0,120,-51.944684923111325,0.0,120,-21.859084548932938,0.0,120,-41.32317565282632,0.0,0.0,0.111116469976101,0.111116469976101,0.0,-288141.9505348402,-288141.9505348402,720.0,720.0,400.0192919139636,0.0,319.9807080860364,0.0,0.0,720
399.90817544398755,0.0,-3999.0817544398756,0.0,0.0,0.0,-0.0,0.0,0.47997237932604736,153.58190179848827,799.2,0.0,319.9807080860364,1.0,888.0,-284142.8687804003,120,-37.59153852329273,0.0,120,-34.492997706456215,0.0,120,-45.60410166822627,0.0,120,-38.474730015690675,0.0,120,-3.7692933410823826,0.0,120,-14.704741796214327,0.0,0.0,0.111116469976101,0.111116469976101,0.0,-288141.9505348402,-288141.9505348402,720.0,720.0,400.0192919139636,0.0,319.9807080860364,0.0,0.0,720
399.90817544398755,0.0,-3999.0817544398756,0.0,0.0,0.0,-0.0,0.0,0.47997237932604736,153.58190179848827,799.2,0.0,319.9807080860364,1.0,888.0,-284142.8687804003,120,-23.184942137841126,0.0,120,-42.93075365330112,0.0,120,-55.459923687055856,0.0,120,-8.339558057004375,0.0,120,-18.39078921237138,0.0,120,-45.48558975944358,0.0,0.0,0.111116469976101,0.111116469976101,0.0,-288141.9505348402,-288141.9505348402,720.0,720.0,400.0192919139636,0.0,319.9807080860364,0.0,0.0,720
399.90817544398755,0.0,-3999.0817544398756,0.0,0.0,0.0,-0.0,0.0,0.47997237932604736,153.58190179848827,799.2,0.0,319.9807080860364,1.0,888.0,-284142.8687804003,120,-44.1275194515288,0.0,120,-6.037896357440333,0.0,120,-18.46561490454973,0.0,120,-25.834493001647285,0.0,120,-19.022250371301467,0.0,120,-57.352587067468214,0.0,0.0,0.111116469976101,0.111116469976101,0.0,-288141.9505348402,-288141.9505348402,720.0,720.0,400.0192919139636,0.0,319.9807080860364,0.0,0.0,720
399.90817544398755,0.0,-3999.0817544398756,0.0,0.0,0.0,-0.0,0.0,0.47997237932604736,153.58190179848827,799.2,0.0,319.9807080860364,1.0,888.0,-284142.8687804003,120,-1.381478424129381,0.0,120,-22.828358279401606,0.0,120,-29.32782172545255,0.0,120,-43.50209761360778,0.0,120,-6.256028875495798,0.0,120,-28.211370541235404,0.0,0.0,0.111116469976101,0.111116469976101,0.0,-288141.9505348402,-288141.9505348402,720.0,720.0,400.0192919139636,0.0,319.9807080860364,0.0,0.0,720
399.90817544398755,0.0,-3999.0817544398756,0.0,0.0,0.0,-0.0,0.0,0.47997237932604736,153.58190179848827,799.2,0.0,319.9807080860364,1.0,888.0,-284142.8687804003,120,-28.110728178925626,0.0,120,-40.380488283827276,0.0,120,-26.524853128337003,0.0,120,-9.385487362075649,0.0,120,-33.33500333275368,0.0,120,-1.220580204836581,0.0,0.0,0.111116469976101,0.111116469976101,0.0,-288141.9505348402,-288141.9505348402,720.0,720.0,400.0192919139636,0.0,319.9807080860364,0.0,0.0,720
1143.7001326368443,0.0,-11437.001326368443,424.0179153911197,0.0,0.0,-0.0,0.0,0.47997237932604736,0.0,799.2,0.0,0.0,1.0,888.0,-0.0,120,-48.43293432727572,0.0,120,-38.76341500136764,0.0,120,-53.48807398428999,0.0,120,-42.45424210250951,0.0,120,-5.940966946669485,0.0,120,-5.453374397718028,0.0,0.0,0.317782754275311,0.317782754275311,0.0,-11437.001326368443,-11437.001326368443,1144.0179153911197,1144.0179153911197,1144.0179153911197,0.0,0.0,424.0179153911197,0.0,720
1143.7001326368443,0.0,-11437.001326368443,424.0179153911197,381.6161238520077,0.0,-0.0,0.009250627199282664,0.47997237932604736,0.0,799.2,0.0,0.0,1.0,888.0,-0.0,120,-52.75264305795876,0.0,120,-21.51715143398375,0.0,120,-29.08261630121405,0.0,120,-6.005657218566407,0.0,120,-34.4330808919937,0.0,120,-19.018061348373198,0.0,0.0,0.317782754275311,0.317782754275311,0.0,-11437.001326368443,-11437.001326368443,1144.0179153911197,1144.0179153911197,1144.0179153911197,0.0,0.0,424.0179153911197,0.0,720
1143.7001326368443,0.0,-11437.001326368443,424.0179153911197,763.2322477040154,0.0,-0.0,0.01850125439856533,0.47997237932604736,0.0,799.2,0.0,0.0,1.0,888.0,-0.0,120,-23.216617147472906,0.0,120,-7.540791680163141,0.0,120,-43.02915768346492,0.0,120,-38.521630054581976,0.0,120,-24.103592826741934,0.0,120,-40.055102597113425,0.0,0.0,0.317782754275311,0.317782754275311,0.0,-11437.001326368443,-11437.001326368443,1144.0179153911197,1144.0179153911197,1144.0179153911197,0.0,0.0,424.0179153911197,0.0,720
1143.7001326368443,0.0,-11437.001326368443,424.0179153911197,1144.8483715560233,0.0,-0.0,0.027751881597847992,0.47997237932604736,0.0,799.2,0.0,0.0,1.0,888.0,-0.0,120,-31.299287603481773,0.0,120,-11.269255465666665,0.0,120,-22.840330582523105,0.0,120,-22.714632531111732,0.0,120,-26.4053937535607,0.0,120,-27.714228052594827,0.0,0.0,0.317782754275311,0.317782754275311,0.0,-11437.001326368443,-11437.001326368443,1144.0179153911197,1144.0179153911197,1144.0179153911197,0.0,0.0,424.0179153911197,0.0,720
1143.7001326368443,0.0,-11437.001326368443,424.0179153911197,1526.4644954080309,0.0,-0.0,0.03700250879713066,0.47997237932604736,0.0,799.2,0.0,0.0,1.0,888.0,-0.0,120,-51.23721427888055,0.0,120,-37.404745026703374,0.0,120,-17.597974813028785,0.0,120,-13.675787077424388,0.0,120,-22.316869642145697,0.0,120,-11.43073544466732,0.0,0.0,0.317782754275311,0.317782754275311,0.0,-11437.001326368443,-11437.001326368443,1144.0179153911197,1144.0179153911197,1144.0179153911197,0.0,0.0,424.0179153911197,0.0,720
1143.7001326368443,0.0,-11437.001326368443,424.0179153911197,1908.0806192600385,0.0,-0.0,0.046253135996413314,0.47997237932604736,0.0,799.2,0.0,0.0,1.0,888.0,-0.0,120,-15.768911351961272,0.0,120,-2.9655404965277743,0.0,120,-30.18009882258466,0.0,120,-31.42624113725606,0.0,120,-20.677614523002624,0.0,120,-32.65349869400571,0.0,0.0,0.317782754275311,0.317782754275311,0.0,-11437.001326368443,-11437.001326368443,1144.0179153911197,1144.0179153911197,1144.0179153911197,0.0,0.0,424.0179153911197,0.0,720
1770.337836129634,0.0,-17703.37836129634,1050.8297332777668,2289.696743112046,0.0,-0.0,0.05550376319569598,0.47997237932604736,0.0,799.2,0.0,0.0,1.0,888.0,-0.0,120,-18.680039646447927,0.0,120,-45.549672857295825,0.0,120,-9.948138111235131,0.0,120,-2.711452137595791,0.0,120,-50.561612452849126,0.0,120,-21.0509432772122,0.0,0.0,0.491897148132713,0.491897148132713,0.0,-17703.37836129634,-17703.37836129634,1770.8297332777668,1770.8297332777668,1770.8297332777668,0.0,0.0,1050.8297332777668,0.0,720
1770.337836129634,0.0,-17703.37836129634,1050.8297332777668,3235.443503062036,0.0,-0.0,0.07842929006525674,0.47997237932604736,0.0,799.2,0.0,0.0,1.0,888.0,-0.0,120,-9.988105057361029,0.0,120,-21.31776367642925,0.0,120,-29.69419383218828,0.0,120,-29.764705958517563,0.0,120,-48.029761372729226,0.0,120,-13.219941335660943,0.0,0.0,0.491897148132713,0.491897148132713,0.0,-17703.37836129634,-17703.37836129634,1770.8297332777668,1770.8297332777668,1770.8297332777668,0.0,0.0,1050.8297332777668,0.0,720
1770.337836129634,0.0,-17703.37836129634,1050.8297332777668,4181.190263012026,0.0,-0.0,0.10135481693481749,0.47997237932604736,0.0,799.2,0.0,0.0,1.0,888.0,-0.0,120,-3.6580505377669947,0.0,120,-3.54412048578721,0.0,120,-59.38040515503733,0.0,120,-14.142688482101951,0.0,120,-58.351806273108075,0.0,120,-15.085558597867227,0.0,0.0,0.491897148132713,0.491897148132713,0.0,-17703.37836129634,-17703.37836129634,1770.8297332777668,1770.8297332777668,1770.8297332777668,0.0,0.0,1050.8297332777668,0.0,720
1770.337836129634,0.0,-17703.37836129634,1050.8297332777668,5126.937022962016,0.0,-0.0,0.12428034380437826,0.47997237932604736,0.0,799.2,0.0,0.0,1.0,888.0,-0.0,120,-41.336884690202176,0.0,120,-14.660251944465267,0.0,120,-1.040890172862714,0.0,120,-34.86912726306983,0.0,120,-11.920507474725568,0.0,120,-21.672251036783237,0.0,0.0,0.491897148132713,0.491897148132713,0.0,-17703.37836129634,-17703.37836129634,1770.8297332777668,1770.8297332777668,1770.8297332777668,0.0,0.0,1050.8297332777668,0.0,720
1770.337836129634,0.0,-17703.37836129634,1050.8297332777668,6072.683782912007,0.0,-0.0,0.14720587067393903,0.47997237932604736,0.0,799.2,0.0,0.0,1.0,888.0,-0.0,120,-23.788668022887617,0.0,120,-10.436945126163588,0.0,120,-53.3263301714516,0.0,120,-8.876312785024876,0.0,120,-40.02249083509434,0.0,120,-48.302716066285164,0.0,0.0,0.491897148132713,0.491897148132713,0.0,-17703.37836129634,-17703.37836129634,1770.8297332777668,1770.8297332777668,1770.8297332777668,0.0,0.0,1050.8297332777668,0.0,720
1770.337836129634,0.0,-17703.37836129634,1050.8297332777668,7018.430542861997,0.0,-0.0,0.1701313975434998,0.47997237932604736,0.0,799.2,0.0,0.0,1.0,888.0,-0.0,120,-30.404207446451764,0.0,120,-47.303731874514376,0.0,120,-20.14764469398062,0.0,120,-43.304757486320725,0.0,120,-28.836738907910867,0.0,120,-13.416499577603979,0.0,0.0,0.491897148132713,0.491897148132713,0.0,-17703.37836129634,-17703.37836129634,1770.8297332777668,1770.8297332777668,1770.8297332777668,0.0,0.0,1050.8297332777668,0.0,720
2174.9432467693127,0.0,-21749.43246769313,1455.5475655375176,7964.177302811988,0.0,-0.0,0.19305692441306058,0.47997237932604736,0.0,799.2,0.0,0.0,1.0,888.0,-0.0,120,-58.354581021784035,0.0,120,-21.839999422853808,0.0,120,-37.36957268349579,0.0,120,-32.65340092256368,0.0,120,-3.2697941866581304,0.0,120,-44.90974911518323,0.0,0.0,0.604318768204866,0.604318768204866,0.0,-21749.43246769313,-21749.43246769313,2175.5475655375176,2175.5475655375176,2175.5475655375176,0.0,0.0,1455.5475655375176,0.0,720
2174.9432467693127,0.0,-21749.43246769313,1455.5475655375176,9274.170111795753,0.0,-0.0,0.22481201638173595,0.47997237932604736,0.0,799.2,0.0,0.0,1.0,888.0,-0.0,120,-44.42252572440794,0.0,120,-50.52357158398726,0.0,120,-53.963328000768676,0.0,120,-25.442474541205527,0.0,120,-22.041427862563555,0.0,120,-16.763059440898022,0.0,0.0,0.604318768204866,0.604318768204866,0.0,-21749.43246769313,-21749.43246769313,2175.5475655375176,2175.5475655375176,2175.5475655375176,0.0,0.0,1455.5475655375176,0.0,720
2174.9432467693127,0.0,-21749.43246769313,1455.5475655375176,10584.16292077952,0.0,-0.0,0.25656710835041135,0.47997237932604736,0.0,799.2,0.0,0.0,1.0,888.0,-0.0,120,-14.236893403875603,0.0,120,-32.04724451324996,0.0,120,-17.38301970451595,0.0,120,-37.040159907629985,0.0,120,-55.865588273280025,0.0,120,-5.458826461451254,0.0,0.0,0.604318768204866,0.604318768204866,0.0,-21749.43246769313,-21749.43246769313,2175.5475655375176,2175.5475655375176,2175.5475655375176,0.0,0.0,1455.5475655375176,0.0,720
2174.9432467693127,0.0,-21749.43246769313,1455.5475655375176,11894.155729763286,0.0,-0.0,0.2883222003190868,0.47997237932604736,0.0,799.2,0.0,0.0,1.0,888.0,-0.0,120,-37.12749660717605,0.0,120,-15.975511163106429,0.0,120,-9.683392148426345,0.0,120,-32.942544232298616,0.0,120,-24.735180209880486,0.0,120,-26.969463845784983,0.0,0.0,0.604318768204866,0.604318768204866,0.0,-21749.43246769313,-21749.43246769313,2175.5475655375176,2175.5475655375176,2175.5475655375176,0.0,0.0,1455.5475655375176,0.0,720
2174.9432467693127,0.0,-21749.43246769313,1455.5475655375176,13204.148538747053,0.0,-0.0,0.32007729228776216,0.47997237932604736,0.0,799.2,0.0,0.0,1.0,888.0,-0.0,120,-34.87941807492828,0.0,120,-4.607963028626196,0.0,120,-45.39838913062306,0.0,120,-36.72876637349439,0.0,120,-58.482982457584576,0.0,120,-18.264839382420938,0.0,0.0,0.604318768204866,0.604318768204866,0.0,-21749.43246769313,-21749.43246769313,2175.5475655375176,2175.5475655375176,2175.5475655375176,0.0,0.0,1455.5475655375176,0.0,720
2174.9432467693127,0.0,-21749.43246769313,1455.5475655375176,14514.14134773082,0.0,-0.0,0.3518323842564376,0.47997237932604736,0.0,799.2,0.0,0.0,1.0,888.0,-0.0,120,-11.095192632817522,0.0,120,-5.069274677017446,0.0,120,-39.55720219599486,0.0,120,-29.866746708289934,0.0,120,-45.72644413413172,0.0,120,-19.36624496430469,0.0,0.0,0.604318768204866,0.604318768204866,0.0,-21749.43246769313,-21749.43246769313,2175.5475655375176,2175.5475655375176,2175.5475655375176,0.0,0.0,1455.5475655375176,0.0,720
2363.7118842169593,0.0,-23637.11884216959,1644.368653287317,15824.134156714586,0.0,-0.0,0.383587476225113,0.47997237932604736,0.0,799.2,0.0,0.0,1.0,888.0,-0.0,120,-12.1468216101886,0.0,120,-11.566972045065285,0.0,120,-34.08158752183307,0.0,120,-35.497229062649915,0.0,120,-11.058163004027882,0.0,120,-12.207790337849886,0.0,0.0,0.656769070357588,0.656769070357588,0.0,-23637.11884216959,-23637.11884216959,2364.368653287317,2364.368653287317,2364.368653287317,0.0,0.0,1644.368653287317,0.0,720
2363.7118842169593,0.0,-23637.11884216959,1644.368653287317,17304.065944673173,0.0,-0.0,0.4194620014222765,0.47997237932604736,0.0,799.2,0.0,0.0,1.0,888.0,-0.0,120,-58.60602598736914,0.0,120,-2.8982237744695016,0.0,120,-27.79246127485978,0.0,120,-13.290983664274457,0.0,120,-1.698636330708525,0.0,120,-58.55339020410728,0.0,0.0,0.656769070357588,0.656769070357588,0.0,-23637.11884216959,-23637.11884216959,2364.368653287317,2364.368653287317,2364.368653287317,0.0,0.0,1644.368653287317,0.0,720
2363.7118842169593,0.0,-23637.11884216959,1644.368653287317,18783.99773263176,0.0,-0.0,0.4553365266194401,0.47997237932604736,0.0,799.2,0.0,0.0,1.0,888.0,-0.0,120,-32.04125634539002,0.0,120,-52.96877828774745,0.0,120,-38.038747836593764,0.0,120,-8.548521043599472,0.0,120,-3.942002996845664,0.0,120,-47.75156634176574,0.0,0.0,0.656769070357588,0.656769070357588,0.0,-23637.11884216959,-23637.11884216959,2364.368653287317,2364.368653287317,2364.368653287317,0.0,0.0,1644.368653287317,0.0,720
2363.7118842169593,0.0,-23637.11884216959,1644.368653287317,20263.929520590347,0.0,-0.0,0.49121105181660357,0.47997237932604736,0.0,799.2,0.0,0.0,1.0,888.0,-0.0,120,-13.927270006844374,0.0,120,-52.97995707640224,0.0,120,-16.07253219557701,0.0,120,-40.453060532595444,0.0,120,-35.65366543798623,0.0,120,-12.41245161696834,0.0,0.0,0.656769070357588,0.656769070357588,0.0,-23637.11884216959,-23637.11884216959,2364.368653287317,2364.368653287317,2364.368653287317,0.0,0.0,1644.368653287317,0.0,720
2363.7118842169593,0.0,-23637.11884216959,1644.368653287317,21743.861308548934,0.0,-0.0,0.5270855770137671,0.47997237932604736,0.0,799.2,0.0,0.0,1.0,888.0,-0.0,120,-52.46791001905307,0.0,120,-27.3665275934496,0.0,120,-12.566418966794906,0.0,120,-6.0191085156412765,0.0,120,-41.68774631257896,0.0,120,-51.5929364580004,0.0,0.0,0.656769070357588,0.656769070357588,0.0,-23637.11884216959,-23637.11884216959,2364.368653287317,2364.368653287317,2364.368653287317,0.0,0.0,1644.368653287317,0.0,720
2363.7118842169593,0.0,-23637.11884216959,1644.368653287317,23223.79309650752,0.0,-0.0,0.5629601022109306,0.47997237932604736,0.0,799.2,0.0,0.0,1.0,888.0,-0.0,120,-53.16459231037307,0.0,120,-37.2792831319957,0.0,120,-30.605096396419427,0.0,120,-32.84960498553529,0.0,120,-41.87711603835924,0.0,120,-51.718438431802625,0.0,0.0,0.656769070357588,0.656769070357588,0.0,-23637.11884216959,-23637.11884216959,2364.368653287317,2364.368653287317,2364.368653287317,0.0,0.0,1644.368653287317,0.0,720
2335.648083076038,0.0,-23356.480830760378,1616.29705448006,24703.724884466108,0.0,-0.0,0.5988346274080941,0.47997237932604736,0.0,799.2,0.0,0.0,1.0,888.0,-0.0,120,-44.275613665563824,0.0,120,-36.63966730083105,0.0,120,-7.654224230008458,0.0,120,-50.198447624522814,0.0,120,-57.60308631975805,0.0,120,-8.802866665098556,0.0,0.0,0.648971404022239,0.648971404022239,0.0,-23356.480830760378,-23356.480830760378,2336.29705448006,2336.29705448006,2336.29705448006,0.0,0.0,1616.29705448006,0.0,720
2335.648083076038,0.0,-23356.480830760378,1616.29705448006,26158.39223349816,0.0,-0.0,0.6340967258986779,0.47997237932604736,0.0,799.2,0.0,0.0,1.0,888.0,-0.0,120,-11.883589054962144,0.0,120,-8.53664925573871,0.0,120,-25.760216870070295,0.0,120,-50.8408618361374,0.0,120,-43.29475863560126,0.0,120,-53.662166369061154,0.0,0.0,0.648971404022239,0.648971404022239,0.0,-23356.480830760378,-23356.480830760378,2336.29705448006,2336.29705448006,2336.29705448006,0.0,0.0,1616.29705448006,0.0,720
2335.648083076038,0.0,-23356.480830760378,1616.29705448006,27613.059582530215,0.0,-0.0,0.6693588243892618,0.47997237932604736,0.0,799.2,0.0,0.0,1.0,888.0,-0.0,120,-14.490923204089999,0.0,120,-19.417858359091245,0.0,120,-7.083642794111425,0.0,120,-57.82293656252478,0.0,120,-43.30669968309798,0.0,120,-50.77424241463598,0.0,0.0,0.648971404022239,0.648971404022239,0.0,-23356.480830760378,-23356.480830760378,2336.29705448006,2336.29705448006,2336.29705448006,0.0,0.0,1616.29705448006,0.0,720
2335.648083076038,0.0,-23356.480830760378,1616.29705448006,29067.72693156227,0.0,-0.0,0.7046209228798456,0.47997237932604736,0.0,799.2,0.0,0.0,1.0,888.0,-0.0,120,-34.37311327087009,0.0,120,-31.68223394191592,0.0,120,-32.65375841920681,0.0,120,-17.707291581255447,0.0,120,-4.509889991726999,0.0,120,-3.479198069255447,0.0,0.0,0.648971404022239,0.648971404022239,0.0,-23356.480830760378,-23356.480830760378,2336.29705448006,2336.29705448006,2336.29705448006,0.0,0.0,1616.29705448006,0.0,720
2335.648083076038,0.0,-23356.480830760378,1616.29705448006,30522.394280594322,0.0,-0.0,0.7398830213704294,0.47997237932604736,0.0,799.2,0.0,0.0,1.0,888.0,-0.0,120,-14.466451042516368,0.0,120,-32.11141712839403,0.0,120,-14.52601893202071,0.0,120,-11.369946790036451,0.0,120,-20.39615613478333,0.0,120,-32.42273273672819,0.0,0.0,0.648971404022239,0.648971404022239,0.0,-23356.480830760378,-23356.480830760378,2336.29705448006,2336.29705448006,2336.29705448006,0.0,0.0,1616.29705448006,0.0,720
2335.648083076038,0.0,-23356.480830760378,1616.29705448006,31977.061629626376,0.0,-0.0,0.7751451198610132,0.47997237932604736,0.0,799.2,0.0,0.0,1.0,888.0,-0.0,120,-22.463883178707878,0.0,120,-45.644550819412984,0.0,120,-38.70241184424773,0.0,120,-12.715586398618502,0.0,120,-22.237541667751593,0.0,120,-44.12286931702567,0.0,0.0,0.648971404022239,0.648971404022239,0.0,-23356.480830760378,-23356.480830760378,2336.29705448006,2336.29705448006,2336.29705448006,0.0,0.0,1616.29705448006,0.0,720
2091.626869247764,0.0,-20916.26869247764,1372.2080381472492,33431.72897865843,0.0,-0.0,0.810407218351597,0.47997237932604736,0.0,799.2,0.0,0.0,1.0,888.0,-0.0,120,-44.44860648814049,0.0,120,-16.486562890751213,0.0,120,-28.118046962034136,0.0,120,-36.269950501495394,0.0,120,-23.61392713446636,0.0,120,-20.201610306304786,0.0,0.0,0.581168899485347,0.581168899485347,0.0,-20916.26869247764,-20916.26869247764,2092.208038147249,2092.208038147249,2092.208038147249,0.0,0.0,1372.2080381472492,0.0,720
2091.626869247764,0.0,-20916.26869247764,1312.2080381472492,34666.716212990956,0.0,-0.0,0.8403441255906469,0.47997237932604736,0.0,799.2,0.0,0.0,1.0,888.0,-0.0,120,-16.92142964912633,0.0,120,-4.646575081188457,0.0,180,-22.410332321341887,0.0,120,-21.059699755437453,0.0,120,-8.784661347318528,0.0,120,-4.465280451694495,0.0,0.0,0.581168899485347,0.581168899485347,0.0,-20916.26869247764,-20916.26869247764,2092.208038147249,2092.208038147249,2092.208038147249,0.0,0.0,1312.2080381472492,0.0,780
2091.626869247764,0.0,-20916.26869247764,1314.2080381472492,35847.70344732348,0.0,-0.0,0.8689720371202938,0.47997237932604736,0.0,799.2,0.0,0.0,1.0,888.0,-0.0,120,-25.41513300565277,0.0,120,-28.166181562787227,0.0,180,-12.640580080246938,0.0,120,-55.422663921904665,0.0,118,-29.513234680625505,0.0,120,-56.0359642085664,0.0,0.0,0.581168899485347,0.581168899485347,0.0,-20916.26869247764,-20916.26869247764,2092.208038147249,2092.208038147249,2092.208038147249,0.0,0.0,1314.2080381472492,0.0,778
2091.626869247764,0.0,-20916.26869247764,1314.2080381472492,37030.490681656,0.0,-0.0,0.8976435818402542,0.47997237932604736,0.0,799.2,0.0,0.0,1.0,888.0,-0.0,120,-59.92160667663033,0.0,120,-46.70549002973272,0.0,180,-14.176855229447911,0.0,120,-35.75445296650547,0.0,118,-27.2328868492206,0.0,120,-52.1034065461944,0.0,0.0,0.581168899485347,0.581168899485347,0.0,-20916.26869247764,-20916.26869247764,2092.208038147249,2092.208038147249,2092.208038147249,0.0,0.0,1314.2080381472492,0.0,778
2091.626869247764,0.0,-20916.26869247764,1314.2080381472492,38213.277915988525,0.0,-0.0,0.9263151265602144,0.47997237932604736,0.0,799.2,0.0,0.0,1.0,888.0,-0.0,120,-54.574475746359546,0.0,120,-44.29160572864674,0.0,180,-48.730429376874156,0.0,120,-57.19392849315373,0.0,118,-20.69503043555161,0.0,120,-31.6591214591684,0.0,0.0,0.581168899485347,0.581168899485347,0.0,-20916.26869247764,-20916.26869247764,2092.208038147249,2092.208038147249,2092.208038147249,0.0,0.0,1314.2080381472492,0.0,778
2091.626869247764,0.0,-20916.26869247764,1314.2080381472492,39396.06515032105,0.0,-0.0,0.9549866712801747,0.47997237932604736,0.0,799.2,0.0,0.0,1.0,888.0,-0.0,120,-55.898653963872505,0.0,120,-54.86661237543411,0.0,180,-48.71237965717788,0.0,120,-2.3745811063854427,0.0,118,-57.37651714891971,0.0,120,-26.841801120047727,0.0,0.0,0.581168899485347,0.581168899485347,0.0,-20916.26869247764,-20916.26869247764,2092.208038147249,2092.208038147249,2092.208038147249,0.0,0.0,1314.2080381472492,0.0,778
1656.9595309587282,0.0,-16569.595309587283,749.0529059404798,40578.85238465357,0.0,-0.0,0.9836582160001349,0.47997237932604736,0.0,799.2,134.3670194419658,0.0,1.0,888.0,107386.12193801907,118,-19.27344914433159,0.0,120,-43.52841908891109,0.0,180,-45.49053552099741,0.0,120,-24.399161755310796,0.0,118,-38.76749187018281,0.0,118,-35.2019252633095,0.0,0.0,0.460394423717346,0.460394423717346,0.0,90816.52662843179,90816.52662843179,1657.4199253824456,1657.4199253824456,1657.4199253824456,0.0,0.0,883.4199253824456,0.0,774
1656.9595309587282,0.0,-16569.595309587283,0.0,41253.0,0.0,-0.0,1.0,0.47997237932604736,0.0,799.2,883.4199253824456,0.0,1.0,888.0,706029.2043656505,118,-9.251717278699516,0.0,120,-13.140472678485384,0.0,180,-43.63263428070101,0.0,120,-46.9113750422685,0.0,118,-32.80005869925535,0.0,118,-0.5620160837738508,0.0,0.0,0.460394423717346,0.460394423717346,0.0,689459.6090560632,689459.6090560632,1657.4199253824456,1657.4199253824456,1657.4199253824456,0.0,0.0,883.4199253824456,0.0,774
1656.9595309587282,0.0,-16569.595309587283,0.0,41253.0,0.0,-0.0,1.0,0.47997237932604736,0.0,799.2,883.4199253824456,0.0,1.0,888.0,706029.2043656505,118,-24.64545845076065,0.0,120,-5.575757615605164,0.0,180,-44.4133086260551,0.0,120,-55.52319950712468,0.0,118,-27.502349618740276,0.0,118,-19.539767763535153,0.0,0.0,0.460394423717346,0.460394423717346,0.0,689459.6090560632,689459.6090560632,1657.4199253824456,1657.4199253824456,1657.4199253824456,0.0,0.0,883.4199253824456,0.0,774
1656.9595309587282,0.0,-16569.595309587283,0.0,41253.0,0.0,-0.0,1.0,0.47997237932604736,0.0,799.2,883.4199253824456,0.0,1.0,888.0,706029.2043656505,118,-45.239570453454256,0.0,120,-33.52842160566182,0.0,180,-10.065947615974087,0.0,120,-9.28679375477811,0.0,118,-27.491271551056236,0.0,118,-57.81913171378049,0.0,0.0,0.460394423717346,0.460394423717346,0.0,689459.6090560632,689459.6090560632,1657.4199253824456,1657.4199253824456,1657.4199253824456,0.0,0.0,883.4199253824456,0.0,774
1656.9595309587282,0.0,-16569.595309587283,0.0,41253.0,0.0,-0.0,1.0,0.47997237932604736,0.0,799.2,883.4199253824456,0.0,1.0,888.0,706029.2043656505,118,-36.183291810977536,0.0,120,-11.559123117700773,0.0,180,-18.353457772052547,0.0,120,-32.2294873260841,0.0,118,-22.332956318972304,0.0,118,-34.4794451504505,0.0,0.0,0.460394423717346,0.460394423717346,0.0,689459.6090560632,689459.6090560632,1657.4199253824456,1657.4199253824456,1657.4199253824456,0.0,0.0,883.4199253824456,0.0,774
1656.9595309587282,0.0,-16569.595309587283,0.0,41253.0,0.0,-0.0,1.0,0.47997237932604736,0.0,799.2,883.4199253824456,0.0,1.0,888.0,706029.2043656505,118,-45.812676734199066,0.0,120,-23.7388549313459,0.0,180,-26.274629239866723,0.0,120,-13.336360731888117,0.0,118,-14.856468522002178,0.0,118,-0.11058376667096415,0.0,0.0,0.460394423717346,0.460394423717346,0.0,689459.6090560632,689459.6090560632,1657.4199253824456,1657.4199253824456,1657.4199253824456,0.0,0.0,883.4199253824456,0.0,774
1006.0186419984382,0.0,-10060.186419984382,0.0,41253.0,0.0,-0.0,1.0,0.47997237932604736,0.0,799.2,232.2981692676792,0.0,1.0,888.0,185652.69687872924,118,-32.990127187022914,0.0,120,-47.79346878990994,0.0,180,-35.84923824737001,0.0,120,-46.5305525081019,0.0,118,-2.6271756922245926,0.0,118,-8.229354558261404,0.0,0.0,0.279527269241022,0.279527269241022,0.0,175592.51045874486,175592.51045874486,1006.2981692676792,1006.2981692676792,1006.2981692676792,0.0,0.0,232.2981692676792,0.0,774
1006.0186419984382,0.0,-10060.186419984382,0.0,41253.0,0.0,-0.0,1.0,0.47997237932604736,0.0,799.2,232.2981692676792,0.0,1.0,888.0,185652.69687872924,118,-4.9150084725620165,0.0,120,-28.903675691000405,0.0,180,-35.558135735108486,0.0,120,-9.760070619417679,0.0,118,-21.73607928348296,0.0,118,-44.07211425144921,0.0,0.0,0.279527269241022,0.279527269241022,0.0,175592.51045874486,175592.51045874486,1006.2981692676792,1006.2981692676792,1006.2981692676792,0.0,0.0,232.2981692676792,0.0,774
1006.0186419984382,0.0,-10060.186419984382,0.0,41253.0,0.0,-0.0,1.0,0.47997237932604736,0.0,799.2,232.2981692676792,0.0,1.0,888.0,185652.69687872924,118,-0.004344582464514968,0.0,120,-33.70038718687163,0.0,180,-59.023831346857776,0.0,120,-57.58715073280268,0.0,118,-24.957303727112517,0.0,118,-12.918859867702404,0.0,0.0,0.279527269241022,0.279527269241022,0.0,175592.51045874486,175592.51045874486,1006.2981692676792,1006.2981692676792,1006.2981692676792,0.0,0.0,232.2981692676792,0.0,774
1006.0186419984382,0.0,-10060.186419984382,0.0,41253.0,0.0,-0.0,1.0,0.47997237932604736,0.0,799.2,232.2981692676792,0.0,1.0,888.0,185652.69687872924,118,-8.208883710364548,0.0,120,-52.54897197509052,0.0,180,-31.82689342602049,0.0,120,-11.493592556123462,0.0,118,-32.74831580038685,0.0,118,-19.99471292672216,0.0,0.0,0.279527269241022,0.279527269241022,0.0,175592.51045874486,175592.51045874486,1006.2981692676792,1006.2981692676792,1006.2981692676792,0.0,0.0,232.2981692676792,0.0,774
1006.0186419984382,0.0,-10060.186419984382,0.0,41253.0,0.0,-0.0,1.0,0.47997237932604736,0.0,799.2,232.2981692676792,0.0,1.0,888.0,185652.69687872924,118,-58.92690569081441,0.0,120,-31.562041417662794,0.0,180,-5.205376667934383,0.0,120,-57.83468274478414,0.0,118,-17.290298213425455,0.0,118,-33.01293452247953,0.0,0.0,0.279527269241022,0.279527269241022,0.0,175592.51045874486,175592.51045874486,1006.2981692676792,1006.2981692676792,1006.2981692676792,0.0,0.0,232.2981692676792,0.0,774
1006.0186419984382,0.0,-10060.186419984382,0.0,41253.0,0.0,-0.0,1.0,0.47997237932604736,0.0,799.2,232.2981692676792,0.0,1.0,888.0,185652.69687872924,118,-33.27150581578532,0.0,120,-51.42930525462295,0.0,180,-45.48684780560226,0.0,120,-10.6524194838945,0.0,118,-19.569640453253246,0.0,118,-10.801771676814072,0.0,0.0,0.279527269241022,0.279527269241022,0.0,175592.51045874486,175592.51045874486,1006.2981692676792,1006.2981692676792,1006.2981692676792,0.0,0.0,232.2981692676792,0.0,774
320.2533879351042,0.0,-3202.533879351042,0.0,41253.0,453.6576280726938,-0.0,1.0,0.47997237932604736,0.0,799.2,0.0,0.0,1.0,888.0,-0.0,118,-11.360231540727819,0.0,120,-26.76736266934585,0.0,180,-44.87984956549095,0.0,120,-14.398623999540025,0.0,118,-37.770262706913165,0.0,118,-32.6141555820103,0.0,0.0,0.0889839922020295,0.0889839922020295,0.0,-3202.533879351042,-3202.533879351042,774.0,774.0,320.3423719273062,0.0,453.6576280726938,0.0,0.0,774
320.2533879351042,0.0,-3202.533879351042,0.0,40748.93596880812,453.6576280726938,-0.0,0.987781154553805,0.47997237932604736,0.0,799.2,0.0,0.0,1.0,888.0,-0.0,118,-54.88707577027071,0.0,120,-52.46979104014731,0.0,180,-47.52699589763799,0.0,120,-20.81679606994114,0.0,118,-56.76034473575713,0.0,118,-36.469695407608405,0.0,0.0,0.0889839922020295,0.0889839922020295,0.0,-3202.533879351042,-3202.533879351042,774.0,774.0,320.3423719273062,0.0,453.6576280726938,0.0,0.0,774
320.2533879351042,0.0,-3202.533879351042,0.0,40244.87193761623,453.6576280726938,-0.0,0.97556230910761,0.47997237932604736,0.0,799.2,0.0,0.0,1.0,888.0,-0.0,118,-44.24496594961978,0.0,120,-37.70164905950068,0.0,180,-2.280284696895607,0.0,120,-5.0179244252086015,0.0,118,-40.00114365711626,0.0,118,-32.441564912735444,0.0,0.0,0.0889839922020295,0.0889839922020295,0.0,-3202.533879351042,-3202.533879351042,774.0,774.0,320.3423719273062,0.0,453.6576280726938,0.0,0.0,774
320.2533879351042,0.0,-3202.533879351042,0.0,39740.80790642435,393.6576280726938,-0.0,0.9633434636614149,0.47997237932604736,0.0,799.2,0.0,0.0,1.0,888.0,-0.0,118,-58.18198777873724,0.0,120,-58.7585081047602,0.0,120,-24.85242449523214,0.0,120,-30.46257655717866,0.0,118,-21.0980465735309,0.0,118,-40.36595920217823,0.0,0.0,0.0889839922020295,0.0889839922020295,0.0,-3202.533879351042,-3202.533879351042,714.0,714.0,320.3423719273062,0.0,393.6576280726938,0.0,0.0,714
320.2533879351042,0.0,-3202.533879351042,0.0,39303.41054189914,393.6576280726938,-0.0,0.9527406623009027,0.47997237932604736,0.0,799.2,0.0,0.0,1.0,888.0,-0.0,118,-31.599834815553468,0.0,120,-41.84783006134653,0.0,120,-32.73076469484056,0.0,120,-37.95262569694693,0.0,118,-33.05818385571768,0.0,118,-18.387022089984747,0.0,0.0,0.0889839922020295,0.0889839922020295,0.0,-3202.533879351042,-3202.533879351042,714.0,714.0,320.3423719273062,0.0,393.6576280726938,0.0,0.0,714
320.2533879351042,0.0,-3202.533879351042,0.0,38866.01317737393,393.6576280726938,-0.0,0.9421378609403904,0.47997237932604736,0.0,799.2,0.0,0.0,1.0,888.0,-0.0,118,-5.477207815960343,0.0,120,-45.397690111940776,0.0,120,-13.033996002121848,0.0,120,-48.68834863690169,0.0,118,-23.178098012849496,0.0,118,-53.29791851514883,0.0,0.0,0.0889839922020295,0.0889839922020295,0.0,-3202.533879351042,-3202.533879351042,714.0,714.0,320.3423719273062,0.0,393.6576280726938,0.0,0.0,714
0.0,0.0,-0.0,0.0,38428.615812848715,714.0,-0.0,0.9315350595798781,0.47997237932604736,0.0,799.2,0.0,0.0,1.0,888.0,-0.0,118,-40.59570038995101,0.0,120,-43.68053541049135,0.0,120,-24.28672886386026,0.0,120,-59.47997585351519,0.0,118,-46.59036190959555,0.0,118,-30.13579573149804,0.0,0.0,0.0,0.0,0.0,0.0,0.0,714.0,714.0,0.0,0.0,714.0,0.0,0.0,714
0.0,0.0,-0.0,0.0,37635.28247951538,714.0,-0.0,0.9123041349602545,0.47997237932604736,0.0,799.2,0.0,0.0,1.0,888.0,-0.0,118,-26.627679309931366,0.0,120,-20.228952507525758,0.0,120,-58.109435849055224,0.0,120,-2.4643623095757627,0.0,118,-58.04282734821602,0.0,118,-28.993930915569848,0.0,0.0,0.0,0.0,0.0,0.0,0.0,714.0,714.0,0.0,0.0,714.0,0.0,0.0,714
0.0,0.0,-0.0,0.0,36841.94914618204,714.0,-0.0,0.8930732103406308,0.47997237932604736,0.0,799.2,0.0,0.0,1.0,888.0,-0.0,118,-33.29543897719588,0.0,120,-56.615028597605274,0.0,120,-0.40932485266176544,0.0,120,-46.81643525952373,0.0,118,-6.147277232722088,0.0,118,-35.32856547744945,0.0,0.0,0.0,0.0,0.0,0.0,0.0,714.0,714.0,0.0,0.0,714.0,0.0,0.0,714
0.0,0.0,-0.0,0.0,36048.61581284871,716.0,-0.0,0.8738422857210072,0.47997237932604736,0.0,799.2,0.0,0.0,1.0,888.0,-0.0,118,-20.504880789923803,0.0,120,-22.51538807063993,0.0,120,-34.0867437614874,0.0,120,-42.01378292599928,0.0,120,-29.579332860507964,0.0,118,-0.7314078553686576,0.0,0.0,0.0,0.0,0.0,0.0,0.0,716.0,716.0,0.0,0.0,716.0,0.0,0.0,716
0.0,0.0,-0.0,0.0,35253.06025729315,716.0,-0.0,0.8545574929651941,0.47997237932604736,0.0,799.2,0.0,0.0,1.0,888.0,-0.0,118,-25.282316008282557,0.0,120,-12.330005468713324,0.0,120,-57.748847181856995,0.0,120,-18.7508443658692,0.0,120,-58.95070819169844,0.0,118,-0.598040883608586,0.0,0.0,0.0,0.0,0.0,0.0,0.0,716.0,716.0,0.0,0.0,716.0,0.0,0.0,716
0.0,0.0,-0.0,0.0,34457.5047017376,716.0,-0.0,0.835272700209381,0.47997237932604736,0.0,799.2,0.0,0.0,1.0,888.0,-0.0,118,-8.42290090462713,0.0,120,-17.367142517093466,0.0,120,-28.99851444641972,0.0,120,-49.04834975110282,0.0,120,-17.29441982393874,0.0,118,-10.186755023589473,0.0,0.0,0.0,0.0,0.0,0.0,0.0,716.0,716.0,0.0,0.0,716.0,0.0,0.0,716
0.0,0.0,-0.0,0.0,33661.94914618204,716.0,-0.0,0.8159879074535681,0.47997237932604736,0.0,799.2,0.0,0.0,1.0,888.0,-0.0,118,-9.124643298545248,0.0,120,-1.9547136689400157,0.0,120,-48.06838861370727,0.0,120,-32.21486407999434,0.0,120,-23.13123353283747,0.0,118,-1.3758264412841825,0.0,0.0,0.0,0.0,0.0,0.0,0.0,716.0,716.0,0.0,0.0,716.0,0.0,0.0,716
0.0,0.0,-0.0,0.0,32866.39359062649,716.0,-0.0,0.796703114697755,0.47997237932604736,0.0,799.2,0.0,0.0,1.0,888.0,-0.0,118,-21.69115098032972,0.0,120,-26.921448471771193,0.0,120,-26.197113438843658,0.0,120,-34.642799731625296,0.0,120,-55.80341864079061,0.0,118,-19.767279935134916,0.0,0.0,0.0,0.0,0.0,0.0,0.0,716.0,716.0,0.0,0.0,716.0,0.0,0.0,716
0.0,0.0,-0.0,0.0,32070.838035070934,716.0,-0.0,0.777418321941942,0.47997237932604736,0.0,799.2,0.0,0.0,1.0,888.0,-0.0,118,-0.2551339819527376,0.0,120,-10.011165146838527,0.0,120,-9.93426560904455,0.0,120,-50.79014398347543,0.0,120,-18.680410010348613,0.0,118,-11.692053402267726,0.0,0.0,0.0,0.0,0.0,0.0,0.0,716.0,716.0,0.0,0.0,716.0,0.0,0.0,716
0.0,0.0,-0.0,0.0,31275.28247951538,716.0,-0.0,0.758133529186129,0.47997237932604736,0.0,799.2,0.0,0.0,1.0,888.0,-0.0,118,-43.187359710125165,0.0,120,-8.14610759605303,0.0,120,-48.65258194156284,0.0,120,-16.79320504382012,0.0,120,-45.222897889109404,0.0,118,-10.275991949882307,0.0,0.0,0.0,0.0,0.0,0.0,0.0,716.0,716.0,0.0,0.0,716.0,0.0,0.0,716
0.0,0.0,-0.0,0.0,30479.726923959824,716.0,-0.0,0.738848736430316,0.47997237932604736,0.0,799.2,0.0,0.0,1.0,888.0,-0.0,118,-24.88936636068697,0.0,120,-28.266323670710612,0.0,120,-23.584284061880112,0.0,120,-32.667721023717576,0.0,120,-58.90893057399974,0.0,118,-57.87607046001902,0.0,0.0,0.0,0.0,0.0,0.0,0.0,716.0,716.0,0.0,0.0,716.0,0.0,0.0,716
0.0,0.0,-0.0,0.0,29684.17136840427,716.0,-0.0,0.7195639436745029,0.47997237932604736,0.0,799.2,0.0,0.0,1.0,888.0,-0.0,118,-7.400326061671201,0.0,120,-54.559361217805055,0.0,120,-1.9230363144099138,0.0,120,-45.326758338182486,0.0,120,-38.219101602824345,0.0,118,-56.86936571972558,0.0,0.0,0.0,0.0,0.0,0.0,0.0,716.0,716.0,0.0,0.0,716.0,0.0,0.0,716
0.0,0.0,-0.0,0.0,28888.615812848715,716.0,-0.0,0.7002791509186899,0.47997237932604736,0.0,799.2,0.0,0.0,1.0,888.0,-0.0,118,-56.824986867987235,0.0,120,-39.96635804348915,0.0,120,-30.60620857199622,0.0,120,-51.63685551960485,0.0,120,-10.283975422385844,0.0,118,-12.733880710420248,0.0,0.0,0.0,0.0,0.0,0.0,0.0,716.0,716.0,0.0,0.0,716.0,0.0,0.0,716
0.0,0.0,-0.0,0.0,28093.06025729316,716.0,-0.0,0.6809943581628769,0.47997237932604736,0.0,799.2,0.0,0.0,1.0,888.0,-0.0,118,-51.22787913374644,0.0,120,-38.167972159783204,0.0,120,-59.90996820918344,0.0,120,-1.9212547419532533,0.0,120,-10.331772405125674,0.0,118,-1.687768439621975,0.0,0.0,0.0,0.0,0.0,0.0,0.0,716.0,716.0,0.0,0.0,716.0,0.0,0.0,716
0.0,0.0,-0.0,0.0,27297.504701737606,716.0,-0.0,0.6617095654070638,0.47997237932604736,0.0,799.2,0.0,0.0,1.0,888.0,-0.0,118,-32.92423082387177,0.0,120,-59.30632842773561,0.0,120,-31.326691715555157,0.0,120,-39.37446030406828,0.0,120,-5.116253136984983,0.0,118,-43.5867081215048,0.0,0.0,0.0,0.0,0.0,0.0,0.0,716.0,716.0,0.0,0.0,716.0,0.0,0.0,716
0.0,0.0,-0.0,0.0,26501.94914618205,716.0,-0.0,0.6424247726512509,0.47997237932604736,0.0,799.2,0.0,0.0,1.0,888.0,-0.0,118,-5.204928300090204,0.0,120,-49.864909381487976,0.0,120,-28.250218702691402,0.0,120,-59.21687429091766,0.0,120,-5.142416462534724,0.0,118,-30.929963213039095,0.0,0.0,0.0,0.0,0.0,0.0,0.0,716.0,716.0,0.0,0.0,716.0,0.0,0.0,716
0.0,0.0,-0.0,0.0,25706.393590626496,716.0,-0.0,0.6231399798954378,0.47997237932604736,0.0,799.2,0.0,0.0,1.0,888.0,-0.0,118,-16.244042135392466,0.0,120,-36.618738720805226,0.0,120,-12.681602659394118,0.0,120,-59.958160798186384,0.0,120,-16.99240509162405,0.0,118,-7.604345862857802,0.0,0.0,0.0,0.0,0.0,0.0,0.0,716.0,716.0,0.0,0.0,716.0,0.0,0.0,716
0.0,0.0,-0.0,0.0,24910.83803507094,716.0,-0.0,0.6038551871396248,0.47997237932604736,0.0,799.2,0.0,0.0,1.0,888.0,-0.0,118,-14.784491740078034,0.0,120,-19.82907271737738,0.0,120,-1.316027541854845,0.0,120,-30.761847500507187,0.0,120,-33.726377879932016,0.0,118,-33.384237116801145,0.0,0.0,0.0,0.0,0.0,0.0,0.0,716.0,716.0,0.0,0.0,716.0,0.0,0.0,716
0.0,0.0,-0.0,0.0,24115.282479515387,716.0,-0.0,0.5845703943838118,0.47997237932604736,0.0,799.2,0.0,0.0,1.0,888.0,-0.0,118,-15.259627465265924,0.0,120,-0.4090295929046883,0.0,120,-4.653845638706833,0.0,120,-9.966608042297267,0.0,120,-51.82961641517496,0.0,118,-26.468137597642738,0.0,0.0,0.0,0.0,0.0,0.0,0.0,716.0,716.0,0.0,0.0,716.0,0.0,0.0,716
0.0,0.0,-0.0,0.0,23319.72692395983,716.0,-0.0,0.5652856016279987,0.47997237932604736,0.0,799.2,0.0,0.0,1.0,888.0,-0.0,118,-0.1312684452571622,0.0,120,-52.36862703818117,0.0,120,-48.826496645771584,0.0,120,-45.17106407821358,0.0,120,-23.134222374368548,0.0,118,-9.284210546099406,0.0,0.0,0.0,0.0,0.0,0.0,0.0,716.0,716.0,0.0,0.0,716.0,0.0,0.0,716
0.0,0.0,-0.0,0.0,22524.171368404277,716.0,-0.0,0.5460008088721857,0.47997237932604736,0.0,799.2,0.0,0.0,1.0,888.0,-0.0,118,-47.75602377870177,0.0,120,-42.29647390073522,0.0,120,-24.676271773385857,0.0,120,-4.015101563160113,0.0,120,-17.04096187149151,0.0,118,-42.816029219736656,0.0,0.0,0.0,0.0,0.0,0.0,0.0,716.0,716.0,0.0,0.0,716.0,0.0,0.0,716
0.0,0.0,-0.0,0.0,21728.615812848722,716.0,-0.0,0.5267160161163726,0.47997237932604736,0.0,799.2,0.0,0.0,1.0,888.0,-0.0,118,-49.66339991455987,0.0,120,-38.048927213364856,0.0,120,-32.04020615334951,0.0,120,-46.62535792813849,0.0,120,-59.183659947695546,0.0,118,-54.20658242569574,0.0,0.0,0.0,0.0,0.0,0.0,0.0,716.0,716.0,0.0,0.0,716.0,0.0,0.0,716
0.0,0.0,-0.0,0.0,20933.060257293168,716.0,-0.0,0.5074312233605597,0.47997237932604736,0.0,799.2,0.0,0.0,1.0,888.0,-0.0,118,-50.041719655649466,0.0,120,-36.53757876095282,0.0,120,-40.94256331738782,0.0,120,-39.72703530546581,0.0,120,-18.9526099629154,0.0,118,-12.266713257910794,0.0,0.0,0.0,0.0,0.0,0.0,0.0,716.0,716.0,0.0,0.0,716.0,0.0,0.0,716
0.0,0.0,-0.0,0.0,20137.504701737613,716.0,-0.0,0.4881464306047466,0.47997237932604736,0.0,799.2,0.0,0.0,1.0,888.0,-0.0,118,-13.366010530266333,0.0,120,-39.17435138839097,0.0,120,-43.67384256501955,0.0,120,-10.201814216663195,0.0,120,-28.98033342608426,0.0,118,-55.58137864084337,0.0,0.0,0.0,0.0,0.0,0.0,0.0,716.0,716.0,0.0,0.0,716.0,0.0,0.0,716
0.0,0.0,-0.0,0.0,19341.949146182058,716.0,-0.0,0.4688616378489336,0.47997237932604736,0.0,799.2,0.0,0.0,1.0,888.0,-0.0,118,-39.26215516150115,0.0,120,-21.4212644903709,0.0,120,-50.71150819332973,0.0,120,-1.6350315600872167,0.0,120,-56.033852560216594,0.0,118,-34.403818822665684,0.0,0.0,0.0,0.0,0.0,0.0,0.0,716.0,716.0,0.0,0.0,716.0,0.0,0.0,716
0.0,0.0,-0.0,0.0,18546.393590626503,716.0,-0.0,0.44957684509312057,0.47997237932604736,0.0,799.2,0.0,0.0,1.0,888.0,-0.0,118,-12.320782902705227,0.0,120,-34.799689841853535,0.0,120,-3.424200710136074,0.0,120,-59.92732453761037,0.0,120,-5.445577178808048,0.0,118,-32.42489602290415,0.0,0.0,0.0,0.0,0.0,0.0,0.0,716.0,716.0,0.0,0.0,716.0,0.0,0.0,716
0.0,0.0,-0.0,0.0,17750.83803507095,716.0,-0.0,0.43029205233730755,0.47997237932604736,0.0,799.2,0.0,0.0,1.0,888.0,-0.0,118,-19.72993944126452,0.0,120,-51.42649566177686,0.0,120,-39.18232935102935,0.0,120,-58.26349850339586,0.0,120,-26.50894114293302,0.0,118,-39.83436939768029,0.0,0.0,0.0,0.0,0.0,0.0,0.0,716.0,716.0,0.0,0.0,716.0,0.0,0.0,716
0.0,0.0,-0.0,0.0,16955.282479515394,718.0,-0.0,0.41100725958149453,0.47997237932604736,0.0,799.2,0.0,0.0,1.0,888.0,-0.0,118,-33.74115098431901,0.0,120,-35.30592652857085,0.0,120,-20.473110204105605,0.0,120,-8.650590533148648,0.0,120,-57.69809165793326,0.0,120,-21.782003853957917,0.0,0.0,0.0,0.0,0.0,0.0,0.0,718.0,718.0,0.0,0.0,718.0,0.0,0.0,718
0.0,0.0,-0.0,0.0,16157.504701737616,718.0,-0.0,0.39166859868949205,0.47997237932604736,0.0,799.2,0.0,0.0,1.0,888.0,-0.0,118,-50.416850252459604,0.0,120,-28.65577316375612,0.0,120,-18.869337151479314,0.0,120,-1.3268232174621386,0.0,120,-38.18045285084494,0.0,120,-2.932107043798302,0.0,0.0,0.0,0.0,0.0,0.0,0.0,718.0,718.0,0.0,0.0,718.0,0.0,0.0,718
0.0,0.0,-0.0,0.0,15359.726923959839,718.0,-0.0,0.37232993779748963,0.47997237932604736,0.0,799.2,0.0,0.0,1.0,888.0,-0.0,118,-24.828749283111666,0.0,120,-48.78965561269547,0.0,120,-36.125827135965025,0.0,120,-43.3781575200033,0.0,120,-28.154925642815606,0.0,120,-58.40541080436415,0.0,0.0,0.0,0.0,0.0,0.0,0.0,718.0,718.0,0.0,0.0,718.0,0.0,0.0,718
0.0,0.0,-0.0,0.0,14561.949146182062,718.0,-0.0,0.35299127690548715,0.47997237932604736,0.0,799.2,0.0,0.0,1.0,888.0,-0.0,118,-55.56953503748425,0.0,120,-12.686732412060442,0.0,120,-54.73402599125115,0.0,120,-38.26809690362636,0.0,120,-7.95556588836988,0.0,120,-41.06580728348909,0.0,0.0,0.0,0.0,0.0,0.0,0.0,718.0,718.0,0.0,0.0,718.0,0.0,0.0,718
0.0,0.0,-0.0,0.0,13764.171368404284,718.0,-0.0,0.3336526160134847,0.47997237932604736,0.0,799.2,0.0,0.0,1.0,888.0,-0.0,118,-20.961305200032754,0.0,120,-2.3998885364531164,0.0,120,-13.387207134487372,0.0,120,-19.41979782080073,0.0,120,-14.412021508433831,0.0,120,-27.34582716358045,0.0,0.0,0.0,0.0,0.0,0.0,0.0,718.0,718.0,0.0,0.0,718.0,0.0,0.0,718
0.0,0.0,-0.0,0.0,12966.393590626507,718.0,-0.0,0.31431395512148225,0.47997237932604736,0.0,799.2,0.0,0.0,1.0,888.0,-0.0,118,-59.46250413183893,0.0,120,-17.56868927314885,0.0,120,-22.889511596372728,0.0,120,-48.59675470480615,0.0,120,-13.865609376962016,0.0,120,-59.48438068935824,0.0,0.0,0.0,0.0,0.0,0.0,0.0,718.0,718.0,0.0,0.0,718.0,0.0,0.0,718
0.0,0.0,-0.0,0.0,12168.61581284873,718.0,-0.0,0.29497529422947977,0.47997237932604736,0.0,799.2,0.0,0.0,1.0,888.0,-0.0,118,-41.21069196940358,0.0,120,-24.915077991578396,0.0,120,-34.17777139543325,0.0,120,-8.18172245702838,0.0,120,-34.027318768817615,0.0,120,-9.35013080812702,0.0,0.0,0.0,0.0,0.0,0.0,0.0,718.0,718.0,0.0,0.0,718.0,0.0,0.0,718
0.0,0.0,-0.0,0.0,11370.838035070952,720.0,-0.0,0.27563663333747734,0.47997237932604736,0.0,799.2,0.0,0.0,1.0,888.0,-0.0,120,-36.68207942009789,0.0,120,-34.9419781158256,0.0,120,-59.77620477628124,0.0,120,-4.093351049674066,0.0,120,-21.918568701329285,0.0,120,-15.731534044191122,0.0,0.0,0.0,0.0,0.0,0.0,0.0,720.0,720.0,0.0,0.0,720.0,0.0,0.0,720
0.0,0.0,-0.0,0.0,10570.838035070952,720.0,-0.0,0.25624410430928546,0.47997237932604736,0.0,799.2,0.0,0.0,1.0,888.0,-0.0,120,-29.848471463518003,0.0,120,-37.34945754665938,0.0,120,-56.49404504144465,0.0,120,-26.6415908105095,0.0,120,-37.96823100192581,0.0,120,-51.24250075326454,0.0,0.0,0.0,0.0,0.0,0.0,0.0,720.0,720.0,0.0,0.0,720.0,0.0,0.0,720
0.0,0.0,-0.0,0.0,9770.838035070952,720.0,-0.0,0.23685157528109355,0.47997237932604736,0.0,799.2,0.0,0.0,1.0,888.0,-0.0,120,-5.501678036230809,0.0,120,-44.3796154349652,0.0,120,-31.44471712738056,0.0,120,-33.42608825038058,0.0,120,-25.89556467923138,0.0,120,-35.17775997637612,0.0,0.0,0.0,0.0,0.0,0.0,0.0,720.0,720.0,0.0,0.0,720.0,0.0,0.0,720
0.0,0.0,-0.0,0.0,8970.838035070952,720.0,-0.0,0.21745904625290166,0.47997237932604736,0.0,799.2,0.0,0.0,1.0,888.0,-0.0,120,-59.633718905153714,0.0,120,-24.047851628481027,0.0,120,-18.23842518042706,0.0,120,-2.2282112132539944,0.0,120,-48.45966904343984,0.0,120,-13.356642428153663,0.0,0.0,0.0,0.0,0.0,0.0,0.0,720.0,720.0,0.0,0.0,720.0,0.0,0.0,720
0.0,0.0,-0.0,0.0,8170.838035070952,720.0,-0.0,0.19806651722470978,0.47997237932604736,0.0,799.2,0.0,0.0,1.0,888.0,-0.0,120,-22.751434086475758,0.0,120,-58.95691974501043,0.0,120,-39.33179079557901,0.0,120,-25.17103139791438,0.0,120,-26.16378740230141,0.0,120,-28.899712294902248,0.0,0.0,0.0,0.0,0.0,0.0,0.0,720.0,720.0,0.0,0.0,720.0,0.0,0.0,720
0.0,0.0,-0.0,0.0,7370.838035070952,720.0,-0.0,0.1786739881965179,0.47997237932604736,0.0,799.2,0.0,0.0,1.0,888.0,-0.0,120,-27.369168094076514,0.0,120,-8.698118528483697,0.0,120,-16.456634706674357,0.0,120,-28.90131634546132,0.0,120,-11.485646357312147,0.0,120,-53.12325166432559,0.0,0.0,0.0,0.0,0.0,0.0,0.0,720.0,720.0,0.0,0.0,720.0,0.0,0.0,720
0.0,0.0,-0.0,0.0,6570.838035070952,720.0,-0.0,0.159281459168326,0.47997237932604736,0.0,799.2,0.0,0.0,1.0,888.0,-0.0,120,-33.527586731331056,0.0,120,-2.292247070523754,0.0,120,-23.069331025672536,0.0,120,-37.47331430987438,0.0,120,-38.112319159402254,0.0,120,-32.641361804330685,0.0,0.0,0.0,0.0,0.0,0.0,0.0,720.0,720.0,0.0,0.0,720.0,0.0,0.0,720
0.0,0.0,-0.0,0.0,5770.838035070952,720.0,-0.0,0.1398889301401341,0.47997237932604736,0.0,799.2,0.0,0.0,1.0,888.0,-0.0,120,-30.785434461901403,0.0,120,-7.966923218099704,0.0,120,-42.285050068136584,0.0,120,-31.800396904457475,0.0,120,-51.14297297063286,0.0,120,-41.64674757814615,0.0,0.0,0.0,0.0,0.0,0.0,0.0,720.0,720.0,0.0,0.0,720.0,0.0,0.0,720
0.0,0.0,-0.0,0.0,4970.838035070952,720.0,-0.0,0.12049640111194221,0.47997237932604736,0.0,799.2,0.0,0.0,1.0,888.0,-0.0,120,-7.676729496306683,0.0,120,-28.119002089414195,0.0,120,-22.960762903991917,0.0,120,-21.068027363695247,0.0,120,-10.592583991253722,0.0,120,-39.46422299593304,0.0,0.0,0.0,0.0,0.0,0.0,0.0,720.0,720.0,0.0,0.0,720.0,0.0,0.0,720
0.0,0.0,-0.0,0.0,4170.838035070952,720.0,-0.0,0.10110387208375032,0.47997237932604736,0.0,799.2,0.0,0.0,1.0,888.0,-0.0,120,-52.89206513443402,0.0,120,-21.574086576087023,0.0,120,-15.816450233375791,0.0,120,-50.480482089152225,0.0,120,-59.34119923277832,0.0,120,-32.822424333582354,0.0,0.0,0.0,0.0,0.0,0.0,0.0,720.0,720.0,0.0,0.0,720.0,0.0,0.0,720
0.0,0.0,-0.0,0.0,3370.838035070952,720.0,-0.0,0.08171134305555844,0.47997237932604736,0.0,799.2,0.0,0.0,1.0,888.0,-0.0,120,-35.63017956507547,0.0,120,-33.69090833400153,0.0,120,-51.7798879865493,0.0,120,-10.861146387352349,0.0,120,-45.67092472056203,0.0,120,-47.88180101785524,0.0,0.0,0.0,0.0,0.0,0.0,0.0,720.0,720.0,0.0,0.0,720.0,0.0,0.0,720
0.0,0.0,-0.0,0.0,2570.838035070952,720.0,-0.0,0.06231881402736655,0.47997237932604736,0.0,799.2,0.0,0.0,1.0,888.0,-0.0,120,-12.527758799001852,0.0,120,-39.81280102966869,0.0,120,-0.3770118296983793,0.0,120,-24.685820492771278,0.0,120,-1.4499787035245504,0.0,120,-19.35005491375092,0.0,0.0,0.0,0.0,0.0,0.0,0.0,720.0,720.0,0.0,0.0,720.0,0.0,0.0,720
0.0,0.0,-0.0,0.0,1770.8380350709522,720.0,-0.0,0.042926284999174655,0.47997237932604736,0.0,799.2,0.0,0.0,1.0,888.0,-0.0,120,-31.1910931326497,0.0,120,-4.770421923519377,0.0,120,-23.870555688671693,0.0,120,-19.946648462925452,0.0,120,-8.09228519724626,0.0,120,-22.021603567433445,0.0,0.0,0.0,0.0,0.0,0.0,0.0,720.0,720.0,0.0,0.0,720.0,0.0,0.0,720
0.0,0.0,-0.0,0.0,970.8380350709522,720.0,-0.0,0.02353375597098277,0.47997237932604736,0.0,799.2,0.0,0.0,1.0,888.0,-0.0,120,-53.85291771158231,0.0,120,-37.15143901034764,0.0,120,-7.585364922244819,0.0,120,-18.52879328793959,0.0,120,-10.915477708478905,0.0,120,-28.214065022321606,0.0,0.0,0.0,0.0,0.0,0.0,0.0,720.0,720.0,0.0,0.0,720.0,0.0,0.0,720
0.0,0.0,-0.0,0.0,170.83803507095217,153.75423156385696,-0.0,0.00414122694279088,0.47997237932604736,271.7823287596016,799.2,0.0,566.2457684361431,1.0,888.0,-502826.24237129505,120,-8.234642866491399,0.0,120,-50.1432685483103,0.0,120,-5.9091958735605,0.0,120,-39.75133205350404,0.0,120,-22.36648468405646,0.0,120,-24.52185290062108,0.0,0.0,0.0,0.0,0.0,-502826.24237129505,-502826.24237129505,720.0,720.0,0.0,0.0,720.0,0.0,0.0,720
0.0,0.0,-0.0,0.0,0.0,0.0,-0.0,0.0,0.47997237932604736,345.5801131147541,799.2,0.0,720.0,1.0,888.0,-639360.0,120,-7.657065824416134,0.0,120,-9.84995490839587,0.0,120,-33.75572976608512,0.0,120,-44.071250530358824,0.0,120,-53.90236961172343,0.0,120,-20.040149858251684,0.0,0.0,0.0,0.0,0.0,-639360.0,-639360.0,720.0,720.0,0.0,0.0,720.0,0.0,0.0,720
0.0,0.0,-0.0,0.0,0.0,0.0,-0.0,0.0,0.47997237932604736,345.5801131147541,799.2,0.0,720.0,1.0,888.0,-639360.0,120,-22.739278596951802,0.0,120,-24.480335503685417,0.0,120,-14.046438765717557,0.0,120,-3.247673527568513,0.0,120,-27.099293401403234,0.0,120,-29.76812540526399,0.0,0.0,0.0,0.0,0.0,-639360.0,-639360.0,720.0,720.0,0.0,0.0,720.0,0.0,0.0,720
0.0,0.0,-0.0,0.0,0.0,0.0,-0.0,0.0,0.47997237932604736,345.5801131147541,799.2,0.0,720.0,1.0,888.0,-639360.0,120,-40.620848498887526,0.0,120,-28.235743147781086,0.0,120,-11.519018238386685,0.0,120,-25.292385165842852,0.0,120,-50.07420783107994,0.0,120,-45.132680747027806,0.0,0.0,0.0,0.0,0.0,-639360.0,-639360.0,720.0,720.0,0.0,0.0,720.0,0.0,0.0,720
0.0,0.0,-0.0,0.0,0.0,0.0,-0.0,0.0,0.47997237932604736,345.5801131147541,799.2,0.0,720.0,1.0,888.0,-639360.0,120,-47.230285872316976,0.0,120,-54.340719149447594,0.0,120,-16.155523905168188,0.0,120,-27.362693662982846,0.0,120,-50.141372004046,0.0,120,-24.199534523605838,0.0,0.0,0.0,0.0,0.0,-639360.0,-639360.0,720.0,720.0,0.0,0.0,720.0,0.0,0.0,720
0.0,0.0,-0.0,0.0,0.0,0.0,-0.0,0.0,0.47997237932604736,345.5801131147541,799.2,0.0,720.0,1.0,888.0,-639360.0,120,-32.11853450093333,0.0,120,-3.8535115051735658,0.0,120,-41.67572139424409,0.0,120,-43.97592004219356,0.0,120,-14.17763370887312,0.0,120,-41.88529547676309,0.0,0.0,0.0,0.0,0.0,-639360.0,-639360.0,720.0,720.0,0.0,0.0,720.0,0.0,0.0,720
0.0,0.0,-0.0,0.0,0.0,0.0,-0.0,0.0,0.47997237932604736,345.5801131147541,799.2,0.0,720.0,1.0,888.0,-639360.0,120,-6.391498378215726,0.0,120,-7.551067174528994,0.0,120,-56.9112657826934,0.0,120,-25.494176210972924,0.0,120,-5.710625797030879,0.0,120,-42.1101370357414,0.0,0.0,0.0,0.0,0.0,-639360.0,-639360.0,720.0,720.0,0.0,0.0,720.0,0.0,0.0,720
0.0,0.0,-0.0,0.0,0.0,0.0,-0.0,0.0,0.47997237932604736,345.5801131147541,799.2,0.0,720.0,1.0,888.0,-639360.0,120,-51.644022626930145,0.0,120,-13.622773877094644,0.0,120,-14.85540717722917,0.0,120,-18.59729818690619,0.0,120,-28.13095934609205,0.0,120,-49.31790738272358,0.0,0.0,0.0,0.0,0.0,-639360.0,-639360.0,720.0,720.0,0.0,0.0,720.0,0.0,0.0,720
0.0,0.0,-0.0,0.0,0.0,0.0,-0.0,0.0,0.47997237932604736,345.5801131147541,799.2,0.0,720.0,1.0,888.0,-639360.0,120,-11.8405873934348,0.0,120,-39.50670275145181,0.0,120,-39.58295393360446,0.0,120,-28.195100726357435,0.0,120,-11.975628938140215,0.0,120,-6.635500843544506,0.0,0.0,0.0,0.0,0.0,-639360.0,-639360.0,720.0,720.0,0.0,0.0,720.0,0.0,0.0,720
0.0,0.0,-0.0,0.0,0.0,0.0,-0.0,0.0,0.47997237932604736,345.5801131147541,799.2,0.0,720.0,1.0,888.0,-639360.0,120,-45.260501762899125,0.0,120,-50.98126870613572,0.0,120,-50.0704354054844,0.0,120,-29.5027501559761,0.0,120,-58.218538262196105,0.0,120,-17.31028798158299,0.0,0.0,0.0,0.0,0.0,-639360.0,-639360.0,720.0,720.0,0.0,0.0,720.0,0.0,0.0,720
0.0,0.0,-0.0,0.0,0.0,0.0,-0.0,0.0,0.47997237932604736,345.5801131147541,799.2,0.0,720.0,1.0,888.0,-639360.0,120,-49.14895434464582,0.0,120,-59.12218985919023,0.0,120,-20.05441748820343,0.0,120,-45.871565078435125,0.0,120,-25.54320352839126,0.0,120,-2.033375473069199,0.0,0.0,0.0,0.0,0.0,-639360.0,-639360.0,720.0,720.0,0.0,0.0,720.0,0.0,0.0,720
0.0,0.0,-0.0,0.0,0.0,0.0,-0.0,0.0,0.47997237932604736,345.5801131147541,799.2,0.0,720.0,1.0,888.0,-639360.0,120,-40.30758572505878,0.0,120,-41.61265154335176,0.0,120,-44.217507559026345,0.0,120,-56.34368528354438,0.0,120,-59.25605731471267,0.0,120,-16.91675601234264,0.0,0.0,0.0,0.0,0.0,-639360.0,-639360.0,720.0,720.0,0.0,0.0,720.0,0.0,0.0,720
0.0,0.0,-0.0,0.0,0.0,0.0,-0.0,0.0,0.47997237932604736,345.5801131147541,799.2,0.0,720.0,1.0,888.0,-639360.0,120,-25.689962986689125,0.0,120,-21.31056414209332,0.0,120,-2.1043424533966815,0.0,120,-5.688094852296677,0.0,120,-32.71660551563507,0.0,120,-57.624614054029436,0.0,0.0,0.0,0.0,0.0,-639360.0,-639360.0,720.0,720.0,0.0,0.0,720.0,0.0,0.0,720
0.0,0.0,-0.0,0.0,0.0,0.0,-0.0,0.0,0.47997237932604736,345.5801131147541,799.2,0.0,720.0,1.0,888.0,-639360.0,120,-32.31845961885257,0.0,120,-3.694674726558884,0.0,120,-41.84993746889893,0.0,120,-3.083932903550577,0.0,120,-36.37046432064922,0.0,120,-53.49311683552253,0.0,0.0,0.0,0.0,0.0,-639360.0,-639360.0,720.0,720.0,0.0,0.0,720.0,0.0,0.0,720
0.0,0.0,-0.0,0.0,0.0,0.0,-0.0,0.0,0.47997237932604736,345.5801131147541,799.2,0.0,720.0,1.0,888.0,-639360.0,120,-4.23993034414766,0.0,120,-2.083172972639735,0.0,120,-18.49653700853123,0.0,120,-27.388618189648387,0.0,120,-38.2822037185437,0.0,120,-53.73826319596445,0.0,0.0,0.0,0.0,0.0,-639360.0,-639360.0,720.0,720.0,0.0,0.0,720.0,0.0,0.0,720
0.0,0.0,-0.0,0.0,0.0,0.0,-0.0,0.0,0.47997237932604736,345.5801131147541,799.2,0.0,720.0,1.0,888.0,-639360.0,120,-34.987057263166626,0.0,120,-49.74255490965997,0.0,120,-11.407133776401107,0.0,120,-52.18664024031125,0.0,120,-22.71212969083138,0.0,120,-50.83228421368469,0.0,0.0,0.0,0.0,0.0,-639360.0,-639360.0,720.0,720.0,0.0,0.0,720.0,0.0,0.0,720
0.0,0.0,-0.0,0.0,0.0,0.0,-0.0,0.0,0.47997237932604736,345.5801131147541,799.2,0.0,720.0,1.0,888.0,-639360.0,120,-45.91188290068135,0.0,120,-14.359361895232333,0.0,120,-3.961422239397163,0.0,120,-20.984707406256906,0.0,120,-5.287825683719227,0.0,120,-26.60445091226969,0.0,0.0,0.0,0.0,0.0,-639360.0,-639360.0,720.0,720.0,0.0,0.0,720.0,0.0,0.0,720
0.0,0.0,-0.0,0.0,0.0,0.0,-0.0,0.0,0.47997237932604736,345.5801131147541,799.2,0.0,720.0,1.0,888.0,-639360.0,120,-32.80936836111886,0.0,120,-57.9085079747356,0.0,120,-8.551289949941388,0.0,120,-50.63407341454336,0.0,120,-38.51192538112313,0.0,120,-53.38422578799471,0.0,0.0,0.0,0.0,0.0,-639360.0,-639360.0,720.0,720.0,0.0,0.0,720.0,0.0,0.0,720
0.0,0.0,-0.0,0.0,0.0,0.0,-0.0,0.0,0.47997237932604736,345.5801131147541,799.2,0.0,720.0,1.0,888.0,-639360.0,120,-56.01060207818752,0.0,120,-24.375666791588053,0.0,120,-32.57999818645818,0.0,120,-46.96571198075426,0.0,120,-50.93495965936462,0.0,120,-59.08543365260883,0.0,0.0,0.0,0.0,0.0,-639360.0,-639360.0,720.0,720.0,0.0,0.0,720.0,0.0,0.0,720
0.0,0.0,-0.0,0.0,0.0,0.0,-0.0,0.0,0.47997237932604736,345.5801131147541,799.2,0.0,720.0,1.0,888.0,-639360.0,120,-58.16339050929061,0.0,120,-47.5082738010297,0.0,120,-15.51995728653629,0.0,120,-58.3478298958399,0.0,120,-43.97493702511075,0.0,120,-21.60855353985375,0.0,0.0,0.0,0.0,0.0,-639360.0,-639360.0,720.0,720.0,0.0,0.0,720.0,0.0,0.0,720
0.0,0.0,-0.0,0.0,0.0,0.0,-0.0,0.0,0.47997237932604736,345.5801131147541,799.2,0.0,720.0,1.0,888.0,-639360.0,120,-13.031761713224926,0.0,120,-51.07189871897534,0.0,120,-20.171879589177944,0.0,120,-40.30773246267685,0.0,120,-30.416037825392273,0.0,120,-40.03450515904926,0.0,0.0,0.0,0.0,0.0,-639360.0,-639360.0,720.0,720.0,0.0,0.0,720.0,0.0,0.0,720
0.0,0.0,-0.0,0.0,0.0,0.0,-0.0,0.0,0.47997237932604736,345.5801131147541,799.2,0.0,720.0,1.0,888.0,-639360.0,120,-28.56969620418767,0.0,120,-35.75668217724577,0.0,120,-33.11654874819661,0.0,120,-49.17225650517804,0.0,120,-49.77874770944306,0.0,120,-9.019059026105902,0.0,0.0,0.0,0.0,0.0,-639360.0,-639360.0,720.0,720.0,0.0,0.0,720.0,0.0,0.0,720
0.0,0.0,-0.0,0.0,0.0,0.0,-0.0,0.0,0.47997237932604736,345.5801131147541,799.2,0.0,720.0,1.0,888.0,-639360.0,120,-29.50677331993713,0.0,120,-42.163817588020514,0.0,120,-0.7681338908968716,0.0,120,-31.927124854912062,0.0,120,-25.7743607079827,0.0,120,-15.56190582642442,0.0,0.0,0.0,0.0,0.0,-639360.0,-639360.0,720.0,720.0,0.0,0.0,720.0,0.0,0.0,720
0.0,0.0,-0.0,0.0,0.0,0.0,-0.0,0.0,0.47997237932604736,345.5801131147541,799.2,0.0,720.0,1.0,888.0,-639360.0,120,-26.141431415834987,0.0,120,-45.274529373636796,0.0,120,-50.25525283415998,0.0,120,-58.31034736500548,0.0,120,-26.889764523709022,0.0,120,-9.384111219902906,0.0,0.0,0.0,0.0,0.0,-639360.0,-639360.0,720.0,720.0,0.0,0.0,720.0,0.0,0.0,720
0.0,0.0,-0.0,0.0,0.0,0.0,-0.0,0.0,0.47997237932604736,345.5801131147541,799.2,0.0,720.0,1.0,888.0,-639360.0,120,-2.4303020178655754,0.0,120,-41.44452530510246,0.0,120,-25.989981863144116,0.0,120,-20.887740007146625,0.0,120,-33.23360867184647,0.0,120,-30.076298263035454,0.0,0.0,0.0,0.0,0.0,-639360.0,-639360.0,720.0,720.0,0.0,0.0,720.0,0.0,0.0,720
0.0,0.0,-0.0,0.0,0.0,0.0,-0.0,0.0,0.47997237932604736,345.5801131147541,799.2,0.0,720.0,1.0,888.0,-639360.0,120,-28.288774854454836,0.0,120,-2.402058781653793,0.0,120,-48.00147836334792,0.0,120,-34.22654040707437,0.0,120,-14.450069437350857,0.0,120,-48.66563509543704,0.0,0.0,0.0,0.0,0.0,-639360.0,-639360.0,720.0,720.0,0.0,0.0,720.0,0.0,0.0,720
0.0,0.0,-0.0,0.0,0.0,0.0,-0.0,0.0,0.47997237932604736,345.5801131147541,799.2,0.0,720.0,1.0,888.0,-639360.0,120,-53.176965506204965,0.0,120,-36.1905077348726,0.0,120,-5.976997070784337,0.0,120,-22.34744110881286,0.0,120,-46.10913702053349,0.0,120,-42.758273982248404,0.0,0.0,0.0,0.0,0.0,-639360.0,-639360.0,720.0,720.0,0.0,0.0,720.0,0.0,0.0,720
0.0,0.0,-0.0,0.0,0.0,0.0,-0.0,0.0,0.47997237932604736,345.5801131147541,799.2,0.0,720.0,1.0,888.0,-639360.0,120,-3.5327535587592696,0.0,120,-6.859118415937706,0.0,120,-34.47882794158238,0.0,120,-57.62515518212938,0.0,120,-51.35475073537497,0.0,120,-14.89071697676679,0.0,0.0,0.0,0.0,0.0,-639360.0,-639360.0,720.0,720.0,0.0,0.0,720.0,0.0,0.0,720
0.0,0.0,-0.0,0.0,0.0,0.0,-0.0,0.0,0.47997237932604736,345.5801131147541,799.2,0.0,720.0,1.0,888.0,-639360.0,120,-7.34208858853743,0.0,120,-33.17894419244801,0.0,120,-46.298291326242726,0.0,120,-8.26094230462645,0.0,120,-17.185921733548874,0.0,120,-50.95038303234808,0.0,0.0,0.0,0.0,0.0,-639360.0,-639360.0,720.0,720.0,0.0,0.0,720.0,0.0,0.0,720
0.0,0.0,-0.0,0.0,0.0,0.0,-0.0,0.0,0.47997237932604736,345.5801131147541,799.2,0.0,720.0,1.0,888.0,-639360.0,120,-36.113281174171036,0.0,120,-46.41336305833912,0.0,120,-12.701993020410093,0.0,120,-54.79637502532279,0.0,120,-31.428394279708346,0.0,120,-36.418876834051055,0.0,0.0,0.0,0.0,0.0,-639360.0,-639360.0,720.0,720.0,0.0,0.0,720.0,0.0,0.0,720
0.0,0.0,-0.0,0.0,0.0,0.0,-0.0,0.0,0.47997237932604736,345.5801131147541,799.2,0.0,720.0,1.0,888.0,-639360.0,120,-26.461464744021583,0.0,120,-3.685992651439587,0.0,120,-5.799286955884582,0.0,120,-34.850459990431666,0.0,120,-29.747503017931784,0.0,120,-26.676648687312046,0.0,0.0,0.0,0.0,0.0,-639360.0,-639360.0,720.0,720.0,0.0,0.0,720.0,0.0,0.0,720
0.0,0.0,-0.0,0.0,0.0,0.0,-0.0,0.0,0.47997237932604736,345.5801131147541,799.2,0.0,720.0,1.0,888.0,-639360.0,120,-0.481126039043982,0.0,120,-25.905631386144172,0.0,120,-38.28477886941921,0.0,120,-48.87164505848799,0.0,120,-29.969583619787493,0.0,120,-14.873878913348335,0.0,0.0,0.0,0.0,0.0,-639360.0,-639360.0,720.0,720.0,0.0,0.0,720.0,0.0,0.0,720
0.0,0.0,-0.0,0.0,0.0,0.0,-0.0,0.0,0.47997237932604736,345.5801131147541,799.2,0.0,720.0,1.0,888.0,-639360.0,120,-45.80250016947737,0.0,120,-44.583569986818304,0.0,120,-52.32653748356368,0.0,120,-59.35980831714119,0.0,120,-7.63956105555841,0.0,120,-38.45248968091057,0.0,0.0,0.0,0.0,0.0,-639360.0,-639360.0,720.0,720.0,0.0,0.0,720.0,0.0,0.0,720
0.0,0.0,-0.0,0.0,0.0,0.0,-0.0,0.0,0.47997237932604736,345.5801131147541,799.2,0.0,720.0,1.0,888.0,-639360.0,120,-23.798356444753463,0.0,120,-54.93243196317495,0.0,120,-29.62873603500081,0.0,120,-30.40725239653519,0.0,120,-33.24861866361668,0.0,120,-28.70118764232556,0.0,0.0,0.0,0.0,0.0,-639360.0,-639360.0,720.0,720.0,0.0,0.0,720.0,0.0,0.0,720
0.0,0.0,-0.0,0.0,0.0,0.0,-0.0,0.0,0.47997237932604736,345.5801131147541,799.2,0.0,720.0,1.0,888.0,-639360.0,120,-56.36387847801188,0.0,120,-9.882635784935243,0.0,120,-13.488659630029877,0.0,120,-47.97404790690444,0.0,120,-54.378151732074194,0.0,120,-4.408983947731347,0.0,0.0,0.0,0.0,0.0,-639360.0,-639360.0,720.0,720.0,0.0,0.0,720.0,0.0,0.0,720
0.0,0.0,-0.0,0.0,0.0,0.0,-0.0,0.0,0.47997237932604736,345.5801131147541,799.2,0.0,720.0,1.0,888.0,-639360.0,120,-12.592839622308205,0.0,120,-44.21866175523365,0.0,120,-55.05490208692063,0.0,120,-48.70584305621608,0.0,120,-50.75531151304887,0.0,120,-37.4066455885309,0.0,0.0,0.0,0.0,0.0,-639360.0,-639360.0,720.0,720.0,0.0,0.0,720.0,0.0,0.0,720
367.7779419236982,0.0,-3677.779419236982,0.0,0.0,0.0,-0.0,0.0,0.47997237932604736,169.00781140441362,799.2,0.0,352.119869151066,1.0,888.0,-312682.4438061466,120,-36.059100371918085,0.0,120,-48.035566130949526,0.0,120,-38.252759916907856,0.0,120,-30.808385325099824,0.0,120,-22.30088017652262,0.0,120,-3.855508494896931,0.0,0.0,0.102188925235815,0.102188925235815,0.0,-316360.2232253836,-316360.2232253836,720.0,720.0,367.880130848934,0.0,352.119869151066,0.0,0.0,720
367.7779419236982,0.0,-3677.779419236982,0.0,0.0,0.0,-0.0,0.0,0.47997237932604736,169.00781140441362,799.2,0.0,352.119869151066,1.0,888.0,-312682.4438061466,120,-41.90725825008245,0.0,120,-18.103726310228286,0.0,120,-11.350636765181212,0.0,120,-57.924552459020084,0.0,120,-31.243397494137714,0.0,120,-22.534198974396535,0.0,0.0,0.102188925235815,0.102188925235815,0.0,-316360.2232253836,-316360.2232253836,720.0,720.0,367.880130848934,0.0,352.119869151066,0.0,0.0,720
367.7779419236982,0.0,-3677.779419236982,0.0,0.0,0.0,-0.0,0.0,0.47997237932604736,169.00781140441362,799.2,0.0,352.119869151066,1.0,888.0,-312682.4438061466,120,-30.731298508511344,0.0,120,-39.13340912849633,0.0,120,-29.79441603414194,0.0,120,-27.465962057833803,0.0,120,-46.791021466416055,0.0,120,-12.134627794611418,0.0,0.0,0.102188925235815,0.102188925235815,0.0,-316360.2232253836,-316360.2232253836,720.0,720.0,367.880130848934,0.0,352.119869151066,0.0,0.0,720
367.7779419236982,0.0,-3677.779419236982,0.0,0.0,0.0,-0.0,0.0,0.47997237932604736,169.00781140441362,799.2,0.0,352.119869151066,1.0,888.0,-312682.4438061466,120,-26.697523673572338,0.0,120,-33.56508244964408,0.0,120,-5.721154164270626,0.0,120,-36.839284085758926,0.0,120,-53.22864556082072,0.0,120,-59.82865291873152,0.0,0.0,0.102188925235815,0.102188925235815,0.0,-316360.2232253836,-316360.2232253836,720.0,720.0,367.880130848934,0.0,352.119869151066,0.0,0.0,720
367.7779419236982,0.0,-3677.779419236982,0.0,0.0,0.0,-0.0,0.0,0.47997237932604736,169.00781140441362,799.2,0.0,352.119869151066,1.0,888.0,-312682.4438061466,120,-12.879138020432176,0.0,120,-36.57471133833857,0.0,120,-15.832640781311614,0.0,120,-6.243874895305288,0.0,120,-27.533690578779307,0.0,120,-8.110395063978444,0.0,0.0,0.102188925235815,0.102188925235815,0.0,-316360.2232253836,-316360.2232253836,720.0,720.0,367.880130848934,0.0,352.119869151066,0.0,0.0,720
367.7779419236982,0.0,-3677.779419236982,0.0,0.0,0.0,-0.0,0.0,0.47997237932604736,169.00781140441362,799.2,0.0,352.119869151066,1.0,888.0,-312682.4438061466,120,-35.840772617410806,0.0,120,-42.65947677088479,0.0,120,-21.62128518443431,0.0,120,-27.578337906765228,0.0,120,-48.45431885751155,0.0,120,-47.05661242249444,0.0,0.0,0.102188925235815,0.102188925235815,0.0,-316360.2232253836,-316360.2232253836,720.0,720.0,367.880130848934,0.0,352.119869151066,0.0,0.0,720
1070.689257228477,0.0,-10706.892572284769,350.98675354890725,0.0,0.0,-0.0,0.0,0.47997237932604736,0.0,799.2,0.0,0.0,1.0,888.0,-0.0,120,-30.49282784906903,0.0,120,-23.525480962293805,0.0,120,-9.615008121700319,0.0,120,-21.416128313658433,0.0,120,-14.38501165263214,0.0,120,-56.08054508252486,0.0,0.0,0.297496320430252,0.297496320430252,0.0,-10706.892572284769,-10706.892572284769,1070.9867535489072,1070.9867535489072,1070.9867535489072,0.0,0.0,350.98675354890725,0.0,720
1070.689257228477,0.0,-10706.892572284769,350.98675354890725,315.88807819401654,0.0,-0.0,0.007657335907546519,0.47997237932604736,0.0,799.2,0.0,0.0,1.0,888.0,-0.0,120,-4.536912557346282,0.0,120,-29.270337250776738,0.0,120,-38.66776503639686,0.0,120,-1.1417361470482934,0.0,120,-58.56271288293664,0.0,120,-53.97619087523599,0.0,0.0,0.297496320430252,0.297496320430252,0.0,-10706.892572284769,-10706.892572284769,1070.9867535489072,1070.9867535489072,1070.9867535489072,0.0,0.0,350.98675354890725,0.0,720
1070.689257228477,0.0,-10706.892572284769,350.98675354890725,631.7761563880331,0.0,-0.0,0.015314671815093038,0.47997237932604736,0.0,799.2,0.0,0.0,1.0,888.0,-0.0,120,-43.89022059213424,0.0,120,-51.80352634700138,0.0,120,-38.33844535833679,0.0,120,-59.25465240397489,0.0,120,-16.46056295505985,0.0,120,-43.51261812763168,0.0,0.0,0.297496320430252,0.297496320430252,0.0,-10706.892572284769,-10706.892572284769,1070.9867535489072,1070.9867535489072,1070.9867535489072,0.0,0.0,350.98675354890725,0.0,720
1070.689257228477,0.0,-10706.892572284769,350.98675354890725,947.6642345820496,0.0,-0.0,0.022972007722639555,0.47997237932604736,0.0,799.2,0.0,0.0,1.0,888.0,-0.0,120,-35.393237089032716,0.0,120,-2.694742916658821,0.0,120,-16.37370209840279,0.0,120,-27.403962567499807,0.0,120,-47.724380961386466,0.0,120,-56.64835803515573,0.0,0.0,0.297496320430252,0.297496320430252,0.0,-10706.892572284769,-10706.892572284769,1070.9867535489072,1070.9867535489072,1070.9867535489072,0.0,0.0,350.98675354890725,0.0,720
1070.689257228477,0.0,-10706.892572284769,350.98675354890725,1263.5523127760662,0.0,-0.0,0.030629343630186077,0.47997237932604736,0.0,799.2,0.0,0.0,1.0,888.0,-0.0,120,-1.7008626449984598,0.0,120,-10.169009324934045,0.0,120,-54.57117883720528,0.0,120,-4.827883962759085,0.0,120,-5.198587572496005,0.0,120,-41.99305580140138,0.0,0.0,0.297496320430252,0.297496320430252,0.0,-10706.892572284769,-10706.892572284769,1070.9867535489072,1070.9867535489072,1070.9867535489072,0.0,0.0,350.98675354890725,0.0,720
1070.689257228477,0.0,-10706.892572284769,350.98675354890725,1579.4403909700827,0.0,-0.0,0.03828667953773259,0.47997237932604736,0.0,799.2,0.0,0.0,1.0,888.0,-0.0,120,-48.19132066916198,0.0,120,-15.943447267959899,0.0,120,-32.82070986235589,0.0,120,-40.30278404862253,0.0,120,-10.779385404288282,0.0,120,-59.21827805811809,0.0,0.0,0.297496320430252,0.297496320430252,0.0,-10706.892572284769,-10706.892572284769,1070.9867535489072,1070.9867535489072,1070.9867535489072,0.0,0.0,350.98675354890725,0.0,720
1716.1304724517129,0.0,-17161.30472451713,996.6073078149948,1895.3284691640993,0.0,-0.0,0.04594401544527911,0.47997237932604736,0.0,799.2,0.0,0.0,1.0,888.0,-0.0,120,-16.57582468117187,0.0,120,-52.264953475441345,0.0,120,-27.830379550685926,0.0,120,-6.933578238154601,0.0,120,-56.79556911991465,0.0,120,-0.4431637683742595,0.0,0.0,0.476835363281943,0.476835363281943,0.0,-17161.30472451713,-17161.30472451713,1716.6073078149948,1716.6073078149948,1716.6073078149948,0.0,0.0,996.6073078149948,0.0,720
1716.1304724517129,0.0,-17161.30472451713,996.6073078149948,2792.2750461975947,0.0,-0.0,0.06768659361010337,0.47997237932604736,0.0,799.2,0.0,0.0,1.0,888.0,-0.0,120,-28.94408876545578,0.0,120,-36.69421767559163,0.0,120,-54.14937020909911,0.0,120,-26.042496197967505,0.0,120,-42.99600072664578,0.0,120,-2.5013075673808216,0.0,0.0,0.476835363281943,0.476835363281943,0.0,-17161.30472451713,-17161.30472451713,1716.6073078149948,1716.6073078149948,1716.6073078149948,0.0,0.0,996.6073078149948,0.0,720
1716.1304724517129,0.0,-17161.30472451713,996.6073078149948,3689.2216232310902,0.0,-0.0,0.08942917177492765,0.47997237932604736,0.0,799.2,0.0,0.0,1.0,888.0,-0.0,120,-10.616946165738334,0.0,120,-28.477915319377985,0.0,120,-50.625649271630834,0.0,120,-22.451640562411573,0.0,120,-16.177548007661066,0.0,120,-4.861807052261131,0.0,0.0,0.476835363281943,0.476835363281943,0.0,-17161.30472451713,-17161.30472451713,1716.6073078149948,1716.6073078149948,1716.6073078149948,0.0,0.0,996.6073078149948,0.0,720
1716.1304724517129,0.0,-17161.30472451713,996.6073078149948,4586.168200264586,0.0,-0.0,0.11117174993975192,0.47997237932604736,0.0,799.2,0.0,0.0,1.0,888.0,-0.0,120,-6.578352536786831,0.0,120,-43.64085169622352,0.0,120,-44.281158019968764,0.0,120,-37.31338003475253,0.0,120,-51.844354336443025,0.0,120,-42.36352147713482,0.0,0.0,0.476835363281943,0.476835363281943,0.0,-17161.30472451713,-17161.30472451713,1716.6073078149948,1716.6073078149948,1716.6073078149948,0.0,0.0,996.6073078149948,0.0,720
1716.1304724517129,0.0,-17161.30472451713,996.6073078149948,5483.114777298081,0.0,-0.0,0.13291432810457618,0.47997237932604736,0.0,799.2,0.0,0.0,1.0,888.0,-0.0,120,-13.783135211466384,0.0,120,-55.71957992863356,0.0,120,-20.21289343866909,0.0,120,-56.92858604889714,0.0,120,-48.00196127178278,0.0,120,-36.77449849441184,0.0,0.0,0.476835363281943,0.476835363281943,0.0,-17161.30472451713,-17161.30472451713,1716.6073078149948,1716.6073078149948,1716.6073078149948,0.0,0.0,996.6073078149948,0.0,720
1716.1304724517129,0.0,-17161.30472451713,996.6073078149948,6380.061354331577,0.0,-0.0,0.15465690626940046,0.47997237932604736,0.0,799.2,0.0,0.0,1.0,888.0,-0.0,120,-5.097674127461492,0.0,120,-43.68560241201474,0.0,120,-8.980891197977765,0.0,120,-3.8171155325623496,0.0,120,-53.8172200242328,0.0,120,-27.667248960816725,0.0,0.0,0.476835363281943,0.476835363281943,0.0,-17161.30472451713,-17161.30472451713,1716.6073078149948,1716.6073078149948,1716.6073078149948,0.0,0.0,996.6073078149948,0.0,720
2166.3155229382996,0.0,-21663.155229382995,1446.917444450647,7277.007931365072,0.0,-0.0,0.1763994844342247,0.47997237932604736,0.0,799.2,0.0,0.0,1.0,888.0,-0.0,120,-40.245971523684275,0.0,120,-40.24942020366255,0.0,120,-35.90143978578086,0.0,120,-57.00907101857492,0.0,120,-46.234925675859,0.0,120,-30.1303297904014,0.0,0.0,0.601921512347402,0.601921512347402,0.0,-21663.155229382995,-21663.155229382995,2166.917444450647,2166.917444450647,2166.917444450647,0.0,0.0,1446.917444450647,0.0,720
2166.3155229382996,0.0,-21663.155229382995,1446.917444450647,8579.233631370655,0.0,-0.0,0.2079662965449944,0.47997237932604736,0.0,799.2,0.0,0.0,1.0,888.0,-0.0,120,-38.26670882978452,0.0,120,-9.302653763905793,0.0,120,-35.59221668415529,0.0,120,-51.332809313754204,0.0,120,-38.353905183010134,0.0,120,-28.99942099861469,0.0,0.0,0.601921512347402,0.601921512347402,0.0,-21663.155229382995,-21663.155229382995,2166.917444450647,2166.917444450647,2166.917444450647,0.0,0.0,1446.917444450647,0.0,720
2166.3155229382996,0.0,-21663.155229382995,1446.917444450647,9881.459331376238,0.0,-0.0,0.23953310865576413,0.47997237932604736,0.0,799.2,0.0,0.0,1.0,888.0,-0.0,120,-16.98112507367251,0.0,120,-31.579012080539947,0.0,120,-49.65285630590829,0.0,120,-34.238296134518286,0.0,120,-15.534673206774034,0.0,120,-32.88433070781535,0.0,0.0,0.601921512347402,0.601921512347402,0.0,-21663.155229382995,-21663.155229382995,2166.917444450647,2166.917444450647,2166.917444450647,0.0,0.0,1446.917444450647,0.0,720
2166.3155229382996,0.0,-21663.155229382995,1446.917444450647,11183.685031381821,0.0,-0.0,0.2710999207665339,0.47997237932604736,0.0,799.2,0.0,0.0,1.0,888.0,-0.0,120,-37.1590523909504,0.0,120,-47.391098205064765,0.0,120,-55.22599032493626,0.0,120,-42.353190005808855,0.0,120,-42.748995886739024,0.0,120,-19.33398340927951,0.0,0.0,0.601921512347402,0.601921512347402,0.0,-21663.155229382995,-21663.155229382995,2166.917444450647,2166.917444450647,2166.917444450647,0.0,0.0,1446.917444450647,0.0,720
2166.3155229382996,0.0,-21663.155229382995,1446.917444450647,12485.910731387405,0.0,-0.0,0.30266673287730356,0.47997237932604736,0.0,799.2,0.0,0.0,1.0,888.0,-0.0,120,-42.42566709596291,0.0,120,-8.000519235333353,0.0,120,-2.0647751213315257,0.0,120,-29.86679699513066,0.0,120,-33.69063997389973,0.0,120,-59.97378545864515,0.0,0.0,0.601921512347402,0.601921512347402,0.0,-21663.155229382995,-21663.155229382995,2166.917444450647,2166.917444450647,2166.917444450647,0.0,0.0,1446.917444450647,0.0,720
2166.3155229382996,0.0,-21663.155229382995,1446.917444450647,13788.136431392988,0.0,-0.0,0.3342335449880733,0.47997237932604736,0.0,799.2,0.0,0.0,1.0,888.0,-0.0,120,-58.08888972573603,0.0,120,-48.58053113008771,0.0,120,-39.65721438186207,0.0,120,-57.97808039727774,0.0,120,-43.66057787308376,0.0,120,-4.510077386049371,0.0,0.0,0.601921512347402,0.601921512347402,0.0,-21663.155229382995,-21663.155229382995,2166.917444450647,2166.917444450647,2166.917444450647,0.0,0.0,1446.917444450647,0.0,720
2364.8022666306115,0.0,-23648.022666306115,1645.4593386691308,15090.362131398571,0.0,-0.0,0.365800357098843,0.47997237932604736,0.0,799.2,0.0,0.0,1.0,888.0,-0.0,120,-54.172277671351566,0.0,120,-33.845227015383934,0.0,120,-8.808659150935563,0.0,120,-52.014055024004875,0.0,120,-56.97687978379431,0.0,120,-41.06444173984022,0.0,0.0,0.657072038519203,0.657072038519203,0.0,-23648.022666306115,-23648.022666306115,2365.459338669131,2365.459338669131,2365.459338669131,0.0,0.0,1645.4593386691308,0.0,720
2364.8022666306115,0.0,-23648.022666306115,1645.4593386691308,16571.27553620079,0.0,-0.0,0.40169867733742487,0.47997237932604736,0.0,799.2,0.0,0.0,1.0,888.0,-0.0,120,-42.526716577673646,0.0,120,-39.191625239284356,0.0,120,-46.92311985100411,0.0,120,-47.50583372268779,0.0,120,-51.15525623953578,0.0,120,-53.066920258383064,0.0,0.0,0.657072038519203,0.657072038519203,0.0,-23648.022666306115,-23648.022666306115,2365.459338669131,2365.459338669131,2365.459338669131,0.0,0.0,1645.4593386691308,0.0,720
2364.8022666306115,0.0,-23648.022666306115,1645.4593386691308,18052.188941003005,0.0,-0.0,0.43759699757600673,0.47997237932604736,0.0,799.2,0.0,0.0,1.0,888.0,-0.0,120,-43.88187325440233,0.0,120,-44.23049352447717,0.0,120,-14.006279301745328,0.0,120,-31.618466880529567,0.0,120,-17.2982750917707,0.0,120,-33.10232706457489,0.0,0.0,0.657072038519203,0.657072038519203,0.0,-23648.022666306115,-23648.022666306115,2365.459338669131,2365.459338669131,2365.459338669131,0.0,0.0,1645.4593386691308,0.0,720
2364.8022666306115,0.0,-23648.022666306115,1645.4593386691308,19533.102345805222,0.0,-0.0,0.4734953178145886,0.47997237932604736,0.0,799.2,0.0,0.0,1.0,888.0,-0.0,120,-53.131760107909415,0.0,120,-43.406235097412434,0.0,120,-32.19334521248356,0.0,120,-39.20295725386068,0.0,120,-59.196627899133,0.0,120,-13.480983234991706,0.0,0.0,0.657072038519203,0.657072038519203,0.0,-23648.022666306115,-23648.022666306115,2365.459338669131,2365.459338669131,2365.459338669131,0.0,0.0,1645.4593386691308,0.0,720
2364.8022666306115,0.0,-23648.022666306115,1645.4593386691308,21014.01575060744,0.0,-0.0,0.5093936380531704,0.47997237932604736,0.0,799.2,0.0,0.0,1.0,888.0,-0.0,120,-59.557536460375154,0.0,120,-44.7925090998193,0.0,120,-28.43588173939738,0.0,120,-14.787720297322904,0.0,120,-47.70345897906342,0.0,120,-46.269701071688516,0.0,0.0,0.657072038519203,0.657072038519203,0.0,-23648.022666306115,-23648.022666306115,2365.459338669131,2365.459338669131,2365.459338669131,0.0,0.0,1645.4593386691308,0.0,720
2364.8022666306115,0.0,-23648.022666306115,1645.4593386691308,22494.929155409656,0.0,-0.0,0.5452919582917523,0.47997237932604736,0.0,799.2,0.0,0.0,1.0,888.0,-0.0,120,-20.59201371519038,0.0,120,-3.3961263903954886,0.0,120,-22.61817367931613,0.0,120,-52.78311194223467,0.0,120,-30.447197014521628,0.0,120,-21.957860730924427,0.0,0.0,0.657072038519203,0.657072038519203,0.0,-23648.022666306115,-23648.022666306115,2365.459338669131,2365.459338669131,2365.459338669131,0.0,0.0,1645.4593386691308,0.0,720
2356.9486449353412,0.0,-23569.48644935341,1637.603534806121,23975.842560211873,0.0,-0.0,0.5811902785303341,0.47997237932604736,0.0,799.2,0.0,0.0,1.0,888.0,-0.0,120,-18.48025888368628,0.0,120,-37.57311576022921,0.0,120,-39.11644759975393,0.0,120,-26.38520140637702,0.0,120,-31.66049875393613,0.0,120,-59.64093874304508,0.0,0.0,0.654889870779478,0.654889870779478,0.0,-23569.48644935341,-23569.48644935341,2357.603534806121,2357.603534806121,2357.603534806121,0.0,0.0,1637.603534806121,0.0,720
2356.9486449353412,0.0,-23569.48644935341,1637.603534806121,25449.68574153738,0.0,-0.0,0.6169172118764061,0.47997237932604736,0.0,799.2,0.0,0.0,1.0,888.0,-0.0,120,-33.166076541416494,0.0,120,-57.346495889701465,0.0,120,-44.45867969239911,0.0,120,-59.04226661898896,0.0,120,-28.656951918077272,0.0,120,-8.203684670377775,0.0,0.0,0.654889870779478,0.654889870779478,0.0,-23569.48644935341,-23569.48644935341,2357.603534806121,2357.603534806121,2357.603534806121,0.0,0.0,1637.603534806121,0.0,720
2356.9486449353412,0.0,-23569.48644935341,1637.603534806121,26923.52892286289,0.0,-0.0,0.6526441452224782,0.47997237932604736,0.0,799.2,0.0,0.0,1.0,888.0,-0.0,120,-23.826088962072877,0.0,120,-34.50195537138625,0.0,120,-32.186643382051194,0.0,120,-37.55315558382985,0.0,120,-31.738693873925353,0.0,120,-44.963375079092124,0.0,0.0,0.654889870779478,0.654889870779478,0.0,-23569.48644935341,-23569.48644935341,2357.603534806121,2357.603534806121,2357.603534806121,0.0,0.0,1637.603534806121,0.0,720
2356.9486449353412,0.0,-23569.48644935341,1637.603534806121,28397.3721041884,0.0,-0.0,0.6883710785685502,0.47997237932604736,0.0,799.2,0.0,0.0,1.0,888.0,-0.0,120,-39.642919548862004,0.0,120,-28.68368167507444,0.0,120,-45.80749372384944,0.0,120,-11.552330269929245,0.0,120,-13.625965232106633,0.0,120,-53.21608349454398,0.0,0.0,0.654889870779478,0.654889870779478,0.0,-23569.48644935341,-23569.48644935341,2357.603534806121,2357.603534806121,2357.603534806121,0.0,0.0,1637.603534806121,0.0,720
2356.9486449353412,0.0,-23569.48644935341,1637.603534806121,29871.215285513907,0.0,-0.0,0.7240980119146221,0.47997237932604736,0.0,799.2,0.0,0.0,1.0,888.0,-0.0,120,-28.68585571694404,0.0,120,-53.06361414249327,0.0,120,-39.53136958931665,0.0,120,-22.91459153626182,0.0,120,-29.653994445664367,0.0,120,-25.178430037047917,0.0,0.0,0.654889870779478,0.654889870779478,0.0,-23569.48644935341,-23569.48644935341,2357.603534806121,2357.603534806121,2357.603534806121,0.0,0.0,1637.603534806121,0.0,720
2356.9486449353412,0.0,-23569.48644935341,1637.603534806121,31345.058466839415,0.0,-0.0,0.7598249452606941,0.47997237932604736,0.0,799.2,0.0,0.0,1.0,888.0,-0.0,120,-55.31166082612598,0.0,120,-23.25406998041446,0.0,120,-46.34741846522928,0.0,120,-41.326745737417426,0.0,120,-9.626472035387529,0.0,120,-3.1581501940153167,0.0,0.0,0.654889870779478,0.654889870779478,0.0,-23569.48644935341,-23569.48644935341,2357.603534806121,2357.603534806121,2357.603534806121,0.0,0.0,1637.603534806121,0.0,720
2119.879071579189,0.0,-21198.79071579189,1400.4680904932147,32818.90164816492,0.0,-0.0,0.7955518786067661,0.47997237932604736,0.0,799.2,0.0,0.0,1.0,888.0,-0.0,120,-58.494980902077444,0.0,120,-30.588303963368062,0.0,120,-7.9469215909821855,0.0,120,-57.97476014341631,0.0,120,-20.380197729792734,0.0,120,-50.567351810183695,0.0,0.0,0.589018914025893,0.589018914025893,0.0,-21198.79071579189,-21198.79071579189,2120.4680904932147,2120.4680904932147,2120.4680904932147,0.0,0.0,1400.4680904932147,0.0,720
2119.879071579189,0.0,-21198.79071579189,1400.4680904932147,34079.32292960882,0.0,-0.0,0.8261053239669556,0.47997237932604736,0.0,799.2,0.0,0.0,1.0,888.0,-0.0,120,-58.925736880690295,0.0,120,-12.119374562450773,0.0,120,-7.450847650959009,0.0,120,-48.256347895907865,0.0,120,-53.676134016610376,0.0,120,-18.521288823406252,0.0,0.0,0.589018914025893,0.589018914025893,0.0,-21198.79071579189,-21198.79071579189,2120.4680904932147,2120.4680904932147,2120.4680904932147,0.0,0.0,1400.4680904932147,0.0,720
2119.879071579189,0.0,-21198.79071579189,1400.4680904932147,35339.74421105271,0.0,-0.0,0.856658769327145,0.47997237932604736,0.0,799.2,0.0,0.0,1.0,888.0,-0.0,120,-51.326052978691884,0.0,120,-13.112961468508564,0.0,120,-30.37950260248995,0.0,120,-26.306534974217698,0.0,120,-56.83079721150623,0.0,120,-51.590246456639285,0.0,0.0,0.589018914025893,0.589018914025893,0.0,-21198.79071579189,-21198.79071579189,2120.4680904932147,2120.4680904932147,2120.4680904932147,0.0,0.0,1400.4680904932147,0.0,720
2119.879071579189,0.0,-21198.79071579189,1400.4680904932147,36600.165492496606,0.0,-0.0,0.8872122146873344,0.47997237932604736,0.0,799.2,0.0,0.0,1.0,888.0,-0.0,120,-29.20387938611211,0.0,120,-14.680881958161997,0.0,120,-40.42151611118372,0.0,120,-36.10325447604648,0.0,120,-26.67189160183415,0.0,120,-9.403717524140493,0.0,0.0,0.589018914025893,0.589018914025893,0.0,-21198.79071579189,-21198.79071579189,2120.4680904932147,2120.4680904932147,2120.4680904932147,0.0,0.0,1400.4680904932147,0.0,720
2119.879071579189,0.0,-21198.79071579189,1400.4680904932147,37860.5867739405,0.0,-0.0,0.9177656600475238,0.47997237932604736,0.0,799.2,0.0,0.0,1.0,888.0,-0.0,120,-22.983135074351296,0.0,120,-37.80130738629328,0.0,120,-10.814227683307502,0.0,120,-38.5715569229668,0.0,120,-27.638662193294707,0.0,120,-31.38154423219791,0.0,0.0,0.589018914025893,0.589018914025893,0.0,-21198.79071579189,-21198.79071579189,2120.4680904932147,2120.4680904932147,2120.4680904932147,0.0,0.0,1400.4680904932147,0.0,720
2119.879071579189,0.0,-21198.79071579189,1400.4680904932147,39121.008055384395,0.0,-0.0,0.9483191054077132,0.47997237932604736,0.0,799.2,0.0,0.0,1.0,888.0,-0.0,120,-34.39095628506594,0.0,120,-32.61248514077428,0.0,120,-33.654286972943645,0.0,120,-35.94073122310523,0.0,120,-26.841157735052555,0.0,120,-21.641584034673706,0.0,0.0,0.589018914025893,0.589018914025893,0.0,-21198.79071579189,-21198.79071579189,2120.4680904932147,2120.4680904932147,2120.4680904932147,0.0,0.0,1400.4680904932147,0.0,720
1687.7493450026966,0.0,-16877.493450026966,968.2182945289546,40381.42933682829,0.0,-0.0,0.9788725507679027,0.47997237932604736,0.0,799.2,0.0,0.0,1.0,888.0,-0.0,120,-2.4799697696678358,0.0,120,-57.94132951350092,0.0,120,-57.41943511435999,0.0,120,-14.077797776496332,0.0,120,-47.35932181171965,0.0,120,-48.627188400243185,0.0,0.0,0.468949526258043,0.468949526258043,0.0,-16877.493450026966,-16877.493450026966,1688.2182945289546,1688.2182945289546,1688.2182945289546,0.0,0.0,968.2182945289546,0.0,720
1687.7493450026966,0.0,-16877.493450026966,0.0,41252.82580190435,0.0,-0.0,0.9999957773229669,0.47997237932604736,0.0,799.2,968.2182945289546,0.0,1.0,888.0,773800.0609875406,120,-9.566662361464163,0.0,120,-56.332577140259055,0.0,120,-38.420875760021886,0.0,120,-6.923900164992336,0.0,120,-42.81929190319453,0.0,120,-34.919849133504506,0.0,0.0,0.468949526258043,0.468949526258043,0.0,756922.5675375137,756922.5675375137,1688.2182945289546,1688.2182945289546,1688.2182945289546,0.0,0.0,968.2182945289546,0.0,720
1687.7493450026966,0.0,-16877.493450026966,0.0,41252.82580190435,0.0,-0.0,0.9999957773229669,0.47997237932604736,0.0,799.2,968.2182945289546,0.0,1.0,888.0,773800.0609875406,120,-45.36261941922732,0.0,120,-25.56379041933576,0.0,120,-15.993749555951704,0.0,120,-2.9963346875503305,0.0,120,-38.340518446135455,0.0,120,-6.3662799742443,0.0,0.0,0.468949526258043,0.468949526258043,0.0,756922.5675375137,756922.5675375137,1688.2182945289546,1688.2182945289546,1688.2182945289546,0.0,0.0,968.2182945289546,0.0,720
1687.7493450026966,0.0,-16877.493450026966,0.0,41252.82580190435,0.0,-0.0,0.9999957773229669,0.47997237932604736,0.0,799.2,968.2182945289546,0.0,1.0,888.0,773800.0609875406,120,-51.78833637349769,0.0,120,-0.16532456596287437,0.0,120,-43.36114453888391,0.0,120,-48.703652805803486,0.0,120,-31.47531578121608,0.0,120,-13.275504093505376,0.0,0.0,0.468949526258043,0.468949526258043,0.0,756922.5675375137,756922.5675375137,1688.2182945289546,1688.2182945289546,1688.2182945289546,0.0,0.0,968.2182945289546,0.0,720
1687.7493450026966,0.0,-16877.493450026966,0.0,41252.82580190435,0.0,-0.0,0.9999957773229669,0.47997237932604736,0.0,799.2,970.2182945289546,0.0,1.0,888.0,775398.4609875405,120,-38.4617822907942,0.0,120,-29.96495002995925,0.0,118,-1.6283502603859823,0.0,120,-48.36641470795378,0.0,120,-28.056513422874335,0.0,120,-3.0001372114921643,0.0,0.0,0.468949526258043,0.468949526258043,0.0,758520.9675375136,758520.9675375136,1688.2182945289546,1688.2182945289546,1688.2182945289546,0.0,0.0,970.2182945289546,0.0,718
1687.7493450026966,0.0,-16877.493450026966,0.0,41252.82580190435,0.0,-0.0,0.9999957773229669,0.47997237932604736,0.0,799.2,972.2182945289546,0.0,1.0,888.0,776996.8609875406,118,-7.375328531966279,0.0,120,-21.62949906793296,0.0,118,-8.69186627380811,0.0,120,-57.89875786629392,0.0,120,-55.9386220685293,0.0,120,-34.82718760276847,0.0,0.0,0.468949526258043,0.468949526258043,0.0,760119.3675375136,760119.3675375136,1688.2182945289546,1688.2182945289546,1688.2182945289546,0.0,0.0,972.2182945289546,0.0,716
1029.3449907456247,0.0,-10293.449907456248,0.0,41252.82580190435,0.0,-0.0,0.9999957773229669,0.47997237932604736,0.0,799.2,251.63099935655714,0.0,1.0,888.0,201103.49468576047,118,-18.297104800671203,0.0,120,-58.73505319183166,0.0,180,-29.853198370730198,0.0,120,-59.50196098691008,0.0,120,-40.49408169271852,0.0,120,-30.49808266813551,0.0,0.0,0.286008610932377,0.286008610932377,0.0,190810.04477830423,190810.04477830423,1029.6309993565571,1029.6309993565571,1029.6309993565571,0.0,0.0,251.63099935655714,0.0,778
1029.3449907456247,0.0,-10293.449907456248,0.0,41252.82580190435,0.0,-0.0,0.9999957773229669,0.47997237932604736,0.0,799.2,251.63099935655714,0.0,1.0,888.0,201103.49468576047,118,-26.383803781028234,0.0,120,-39.3532749343849,0.0,180,-46.70763438054745,0.0,120,-23.96745082378152,0.0,120,-58.591118931761855,0.0,120,-59.59454925023198,0.0,0.0,0.286008610932377,0.286008610932377,0.0,190810.04477830423,190810.04477830423,1029.6309993565571,1029.6309993565571,1029.6309993565571,0.0,0.0,251.63099935655714,0.0,778
1029.3449907456247,0.0,-10293.449907456248,0.0,41252.82580190435,0.0,-0.0,0.9999957773229669,0.47997237932604736,0.0,799.2,251.63099935655714,0.0,1.0,888.0,201103.49468576047,118,-10.793672526006741,0.0,120,-38.40771451750367,0.0,180,-56.3886443575659,0.0,120,-32.36212880111474,0.0,120,-8.283308576488494,0.0,120,-33.36791995630543,0.0,0.0,0.286008610932377,0.286008610932377,0.0,190810.04477830423,190810.04477830423,1029.6309993565571,1029.6309993565571,1029.6309993565571,0.0,0.0,251.63099935655714,0.0,778
1029.3449907456247,0.0,-10293.449907456248,0.0,41252.82580190435,0.0,-0.0,0.9999957773229669,0.47997237932604736,0.0,799.2,251.63099935655714,0.0,1.0,888.0,201103.49468576047,118,-38.532717420004296,0.0,120,-32.64700333123352,0.0,180,-22.165094668219595,0.0,120,-45.807938616398324,0.0,120,-51.27949231360294,0.0,120,-44.29457611843518,0.0,0.0,0.286008610932377,0.286008610932377,0.0,190810.04477830423,190810.04477830423,1029.6309993565571,1029.6309993565571,1029.6309993565571,0.0,0.0,251.63099935655714,0.0,778
1029.3449907456247,0.0,-10293.449907456248,0.0,41252.82580190435,0.0,-0.0,0.9999957773229669,0.47997237932604736,0.0,799.2,251.63099935655714,0.0,1.0,888.0,201103.49468576047,118,-9.925247003433938,0.0,120,-43.114638140305054,0.0,180,-47.90903105102431,0.0,120,-16.807306514629786,0.0,120,-54.47805059296144,0.0,120,-27.857573600018892,0.0,0.0,0.286008610932377,0.286008610932377,0.0,190810.04477830423,190810.04477830423,1029.6309993565571,1029.6309993565571,1029.6309993565571,0.0,0.0,251.63099935655714,0.0,778
1029.3449907456247,0.0,-10293.449907456248,0.0,41252.82580190435,0.0,-0.0,0.9999957773229669,0.47997237932604736,0.0,799.2,251.63099935655714,0.0,1.0,888.0,201103.49468576047,118,-48.478275848423976,0.0,120,-55.92335830891406,0.0,180,-0.08472931823884533,0.0,120,-18.12390196342088,0.0,120,-12.615998458280943,0.0,120,-22.894889059076416,0.0,0.0,0.286008610932377,0.286008610932377,0.0,190810.04477830423,190810.04477830423,1029.6309993565571,1029.6309993565571,1029.6309993565571,0.0,0.0,251.63099935655714,0.0,778
330.0816911378074,0.0,-3300.816911378074,0.0,41252.82580190435,447.82659402720014,-0.0,0.9999957773229669,0.47997237932604736,0.0,799.2,0.0,0.0,1.0,888.0,-0.0,118,-26.546939309016707,0.0,120,-24.68397344416754,0.0,180,-14.004296381297682,0.0,120,-11.610468056629701,0.0,120,-56.90946975071734,0.0,120,-23.258851717745628,0.0,0.0,0.0917148349924444,0.0917148349924444,0.0,-3300.816911378074,-3300.816911378074,778.0,778.0,330.17340597279986,0.0,447.82659402720014,0.0,0.0,778
330.0816911378074,0.0,-3300.816911378074,0.0,40755.24069742968,447.82659402720014,-0.0,0.9879339853448157,0.47997237932604736,0.0,799.2,0.0,0.0,1.0,888.0,-0.0,118,-17.824857776369655,0.0,120,-52.99505945542656,0.0,180,-39.27430110697513,0.0,120,-45.081581534257836,0.0,120,-8.058978831666998,0.0,120,-7.712154638952507,0.0,0.0,0.0917148349924444,0.0917148349924444,0.0,-3300.816911378074,-3300.816911378074,778.0,778.0,330.17340597279986,0.0,447.82659402720014,0.0,0.0,778
330.0816911378074,0.0,-3300.816911378074,0.0,40257.655592955016,447.82659402720014,-0.0,0.9758721933666646,0.47997237932604736,0.0,799.2,0.0,0.0,1.0,888.0,-0.0,118,-37.28476788579191,0.0,120,-43.6554857710415,0.0,180,-3.9476099297902323,0.0,120,-33.93228936404326,0.0,120,-49.63816268188023,0.0,120,-53.842618261722386,0.0,0.0,0.0917148349924444,0.0917148349924444,0.0,-3300.816911378074,-3300.816911378074,778.0,778.0,330.17340597279986,0.0,447.82659402720014,0.0,0.0,778
330.0816911378074,0.0,-3300.816911378074,0.0,39760.07048848035,447.82659402720014,-0.0,0.9638104013885136,0.47997237932604736,0.0,799.2,0.0,0.0,1.0,888.0,-0.0,118,-8.134325297816067,0.0,120,-22.39564516333542,0.0,180,-48.484895519474,0.0,120,-18.879334928986417,0.0,120,-48.5680237328286,0.0,120,-27.50503319829056,0.0,0.0,0.0917148349924444,0.0917148349924444,0.0,-3300.816911378074,-3300.816911378074,778.0,778.0,330.17340597279986,0.0,447.82659402720014,0.0,0.0,778
330.0816911378074,0.0,-3300.816911378074,0.0,39262.48538400568,447.82659402720014,-0.0,0.9517486094103624,0.47997237932604736,0.0,799.2,0.0,0.0,1.0,888.0,-0.0,118,-24.917380529560763,0.0,120,-38.74563200987853,0.0,180,-21.098906288878425,0.0,120,-27.997001597171224,0.0,120,-21.647797585662538,0.0,120,-39.162311320233584,0.0,0.0,0.0917148349924444,0.0917148349924444,0.0,-3300.816911378074,-3300.816911378074,778.0,778.0,330.17340597279986,0.0,447.82659402720014,0.0,0.0,778
330.0816911378074,0.0,-3300.816911378074,0.0,38764.900279531015,447.82659402720014,-0.0,0.9396868174322114,0.47997237932604736,0.0,799.2,0.0,0.0,1.0,888.0,-0.0,118,-56.08906444440123,0.0,120,-6.818107030886383,0.0,180,-54.53716645466077,0.0,120,-7.418547509456481,0.0,120,-23.830066129991977,0.0,120,-28.755368117473136,0.0,0.0,0.0917148349924444,0.0917148349924444,0.0,-3300.816911378074,-3300.816911378074,778.0,778.0,330.17340597279986,0.0,447.82659402720014,0.0,0.0,778
0.0,0.0,-0.0,0.0,38267.31517505635,778.0,-0.0,0.9276250254540602,0.47997237932604736,0.0,799.2,0.0,0.0,1.0,888.0,-0.0,118,-55.201571468780216,0.0,120,-31.84479127462608,0.0,180,-22.25601670605378,0.0,120,-44.01539897128418,0.0,120,-53.08685286587645,0.0,120,-56.35355132693237,0.0,0.0,0.0,0.0,0.0,0.0,0.0,778.0,778.0,0.0,0.0,778.0,0.0,0.0,778
0.0,0.0,-0.0,0.0,37402.8707306119,778.0,-0.0,0.9066703204763751,0.47997237932604736,0.0,799.2,0.0,0.0,1.0,888.0,-0.0,118,-58.5888316141509,0.0,120,-28.885028092612327,0.0,180,-23.212959336480708,0.0,120,-37.00057233641226,0.0,120,-54.28562562510634,0.0,120,-58.53361300438565,0.0,0.0,0.0,0.0,0.0,0.0,0.0,778.0,778.0,0.0,0.0,778.0,0.0,0.0,778
0.0,0.0,-0.0,0.0,36538.42628616746,778.0,-0.0,0.8857156154986899,0.47997237932604736,0.0,799.2,0.0,0.0,1.0,888.0,-0.0,118,-9.625213331647034,0.0,120,-14.990111528639392,0.0,180,-15.405388278545045,0.0,120,-3.166480195325434,0.0,120,-0.0025863467507258875,0.0,120,-30.213347358252772,0.0,0.0,0.0,0.0,0.0,0.0,0.0,778.0,778.0,0.0,0.0,778.0,0.0,0.0,778
0.0,0.0,-0.0,0.0,35673.98184172301,778.0,-0.0,0.8647609105210048,0.47997237932604736,0.0,799.2,0.0,0.0,1.0,888.0,-0.0,118,-25.605469073911532,0.0,120,-4.165296116824142,0.0,180,-27.91368616538386,0.0,120,-25.207981672706904,0.0,120,-13.438989241597996,0.0,120,-17.0858404062882,0.0,0.0,0.0,0.0,0.0,0.0,0.0,778.0,778.0,0.0,0.0,778.0,0.0,0.0,778
0.0,0.0,-0.0,0.0,34809.53739727857,778.0,-0.0,0.8438062055433196,0.47997237932604736,0.0,799.2,0.0,0.0,1.0,888.0,-0.0,118,-39.09120800728185,0.0,120,-16.11227148308012,0.0,180,-9.656618099419529,0.0,120,-23.752193548343566,0.0,120,-56.17736761066691,0.0,120,-4.986117002111897,0.0,0.0,0.0,0.0,0.0,0.0,0.0,778.0,778.0,0.0,0.0,778.0,0.0,0.0,778
0.0,0.0,-0.0,0.0,33945.09295283412,778.0,-0.0,0.8228515005656345,0.47997237932604736,0.0,799.2,0.0,0.0,1.0,888.0,-0.0,118,-10.290503218995546,0.0,120,-1.9711900675759608,0.0,180,-53.71785145819308,0.0,120,-4.333663536233221,0.0,120,-53.460193147028164,0.0,120,-50.102740407925765,0.0,0.0,0.0,0.0,0.0,0.0,0.0,778.0,778.0,0.0,0.0,778.0,0.0,0.0,778
0.0,0.0,-0.0,0.0,33080.64850838968,778.0,-0.0,0.8018967955879494,0.47997237932604736,0.0,799.2,0.0,0.0,1.0,888.0,-0.0,118,-39.54841119526243,0.0,120,-51.34303284304965,0.0,180,-17.481370848861133,0.0,120,-45.80687417240775,0.0,120,-59.25297521024156,0.0,120,-1.9609084258666742,0.0,0.0,0.0,0.0,0.0,0.0,0.0,778.0,778.0,0.0,0.0,778.0,0.0,0.0,778
0.0,0.0,-0.0,0.0,32216.20406394523,778.0,-0.0,0.7809420906102643,0.47997237932604736,0.0,799.2,0.0,0.0,1.0,888.0,-0.0,118,-25.976506821209824,0.0,120,-21.557881842109264,0.0,180,-10.124896155668264,0.0,120,-58.39905207809471,0.0,120,-8.5237152824478,0.0,120,-52.31052027333668,0.0,0.0,0.0,0.0,0.0,0.0,0.0,778.0,778.0,0.0,0.0,778.0,0.0,0.0,778
0.0,0.0,-0.0,0.0,31351.759619500786,778.0,-0.0,0.7599873856325792,0.47997237932604736,0.0,799.2,0.0,0.0,1.0,888.0,-0.0,118,-25.8962663901649,0.0,120,-21.32116312931251,0.0,180,-31.89624611638643,0.0,120,-8.786884308349766,0.0,120,-50.23645799011648,0.0,120,-35.66429454576914,0.0,0.0,0.0,0.0,0.0,0.0,0.0,778.0,778.0,0.0,0.0,778.0,0.0,0.0,778
0.0,0.0,-0.0,0.0,30487.31517505634,778.0,-0.0,0.739032680654894,0.47997237932604736,0.0,799.2,0.0,0.0,1.0,888.0,-0.0,118,-41.261515782929564,0.0,120,-25.750187900862997,0.0,180,-59.9110276414142,0.0,120,-32.45355692853572,0.0,120,-3.8874104592635894,0.0,120,-51.80492581225061,0.0,0.0,0.0,0.0,0.0,0.0,0.0,778.0,778.0,0.0,0.0,778.0,0.0,0.0,778
0.0,0.0,-0.0,0.0,29622.870730611896,778.0,-0.0,0.7180779756772089,0.47997237932604736,0.0,799.2,0.0,0.0,1.0,888.0,-0.0,118,-25.254082836749948,0.0,120,-4.001241675701044,0.0,180,-10.152654361747388,0.0,120,-32.72037434451854,0.0,120,-3.9945450063943944,0.0,120,-46.47251522572796,0.0,0.0,0.0,0.0,0.0,0.0,0.0,778.0,778.0,0.0,0.0,778.0,0.0,0.0,778
0.0,0.0,-0.0,0.0,28758.42628616745,778.0,-0.0,0.6971232706995237,0.47997237932604736,0.0,799.2,0.0,0.0,1.0,888.0,-0.0,118,-46.16414605939453,0.0,120,-0.30424664316229366,0.0,180,-55.56151664474568,0.0,120,-39.34034231946117,0.0,120,-0.33895794157160264,0.0,120,-38.74072659393347,0.0,0.0,0.0,0.0,0.0,0.0,0.0,778.0,778.0,0.0,0.0,778.0,0.0,0.0,778
0.0,0.0,-0.0,0.0,27893.981841723005,778.0,-0.0,0.6761685657218386,0.47997237932604736,0.0,799.2,0.0,0.0,1.0,888.0,-0.0,118,-1.3064677581544126,0.0,120,-2.273291156364281,0.0,180,-58.390167305611826,0.0,120,-59.067485687919984,0.0,120,-8.63513868061795,0.0,120,-54.002467864582265,0.0,0.0,0.0,0.0,0.0,0.0,0.0,778.0,778.0,0.0,0.0,778.0,0.0,0.0,778
0.0,0.0,-0.0,0.0,27029.53739727856,778.0,-0.0,0.6552138607441534,0.47997237932604736,0.0,799.2,0.0,0.0,1.0,888.0,-0.0,118,-19.42501281885638,0.0,120,-2.529770900761068,0.0,180,-1.8383700533342395,0.0,120,-39.03173142058027,0.0,120,-16.603324996260195,0.0,120,-44.091202014912476,0.0,0.0,0.0,0.0,0.0,0.0,0.0,778.0,778.0,0.0,0.0,778.0,0.0,0.0,778
0.0,0.0,-0.0,0.0,26165.092952834115,778.0,-0.0,0.6342591557664683,0.47997237932604736,0.0,799.2,0.0,0.0,1.0,888.0,-0.0,118,-17.15726558298881,0.0,120,-12.57145253896303,0.0,180,-8.022020342309306,0.0,120,-43.662182416078174,0.0,120,-37.42866210190221,0.0,120,-52.53131644695493,0.0,0.0,0.0,0.0,0.0,0.0,0.0,778.0,778.0,0.0,0.0,778.0,0.0,0.0,778
0.0,0.0,-0.0,0.0,25300.64850838967,778.0,-0.0,0.6133044507887832,0.47997237932604736,0.0,799.2,0.0,0.0,1.0,888.0,-0.0,118,-24.52802328433331,0.0,120,-36.33463420563983,0.0,180,-44.458185268541385,0.0,120,-16.990372264999234,0.0,120,-20.788206036079085,0.0,120,-34.34482538838207,0.0,0.0,0.0,0.0,0.0,0.0,0.0,778.0,778.0,0.0,0.0,778.0,0.0,0.0,778
0.0,0.0,-0.0,0.0,24436.204063945224,778.0,-0.0,0.592349745811098,0.47997237932604736,0.0,799.2,0.0,0.0,1.0,888.0,-0.0,118,-59.912893010458696,0.0,120,-23.045422535114405,0.0,180,-47.9597880837604,0.0,120,-4.116522073011528,0.0,120,-2.3746787543100023,0.0,120,-39.14402998216522,0.0,0.0,0.0,0.0,0.0,0.0,0.0,778.0,778.0,0.0,0.0,778.0,0.0,0.0,778
0.0,0.0,-0.0,0.0,23571.75961950078,716.0,-0.0,0.5713950408334129,0.47997237932604736,0.0,799.2,0.0,0.0,1.0,888.0,-0.0,118,-30.86956399081377,0.0,120,-23.470235662728864,0.0,118,-18.030217021905486,0.0,120,-57.683046262913976,0.0,120,-20.97672797354184,0.0,120,-38.40547143069102,0.0,0.0,0.0,0.0,0.0,0.0,0.0,716.0,716.0,0.0,0.0,716.0,0.0,0.0,716
0.0,0.0,-0.0,0.0,22776.204063945224,716.0,-0.0,0.5521102480775998,0.47997237932604736,0.0,799.2,0.0,0.0,1.0,888.0,-0.0,118,-12.727488360726635,0.0,120,-22.482432368138195,0.0,118,-56.2743141243435,0.0,120,-4.41304736891934,0.0,120,-15.35235692169418,0.0,120,-38.22687327609791,0.0,0.0,0.0,0.0,0.0,0.0,0.0,716.0,716.0,0.0,0.0,716.0,0.0,0.0,716
0.0,0.0,-0.0,0.0,21980.64850838967,716.0,-0.0,0.5328254553217868,0.47997237932604736,0.0,799.2,0.0,0.0,1.0,888.0,-0.0,118,-34.27657839173561,0.0,120,-49.68255244951481,0.0,118,-14.917681485052904,0.0,120,-46.114407105763156,0.0,120,-23.059900920626113,0.0,120,-20.171822960456424,0.0,0.0,0.0,0.0,0.0,0.0,0.0,716.0,716.0,0.0,0.0,716.0,0.0,0.0,716
0.0,0.0,-0.0,0.0,21185.092952834115,716.0,-0.0,0.5135406625659737,0.47997237932604736,0.0,799.2,0.0,0.0,1.0,888.0,-0.0,118,-3.1931338579651602,0.0,120,-52.719105263738285,0.0,118,-24.382687305343172,0.0,120,-25.94401033357896,0.0,120,-49.45067042476468,0.0,120,-38.87821231365847,0.0,0.0,0.0,0.0,0.0,0.0,0.0,716.0,716.0,0.0,0.0,716.0,0.0,0.0,716
0.0,0.0,-0.0,0.0,20389.53739727856,716.0,-0.0,0.49425586981016073,0.47997237932604736,0.0,799.2,0.0,0.0,1.0,888.0,-0.0,118,-28.334994497362796,0.0,120,-37.18096660703696,0.0,118,-36.34456716424282,0.0,120,-56.652213006761386,0.0,120,-46.16201876142662,0.0,120,-3.823333194609868,0.0,0.0,0.0,0.0,0.0,0.0,0.0,716.0,716.0,0.0,0.0,716.0,0.0,0.0,716
0.0,0.0,-0.0,0.0,19593.981841723005,716.0,-0.0,0.4749710770543477,0.47997237932604736,0.0,799.2,0.0,0.0,1.0,888.0,-0.0,118,-36.90184853636839,0.0,120,-34.247626070934004,0.0,118,-26.835822629082475,0.0,120,-0.23692136292606802,0.0,120,-5.346611978415162,0.0,120,-51.66013548866808,0.0,0.0,0.0,0.0,0.0,0.0,0.0,716.0,716.0,0.0,0.0,716.0,0.0,0.0,716
0.0,0.0,-0.0,0.0,18798.42628616745,716.0,-0.0,0.4556862842985347,0.47997237932604736,0.0,799.2,0.0,0.0,1.0,888.0,-0.0,118,-43.06612078459198,0.0,120,-30.743445713310493,0.0,118,-47.72112749222504,0.0,120,-34.85171231165045,0.0,120,-14.537528166715221,0.0,120,-51.98042986714855,0.0,0.0,0.0,0.0,0.0,0.0,0.0,716.0,716.0,0.0,0.0,716.0,0.0,0.0,716
0.0,0.0,-0.0,0.0,18002.870730611896,716.0,-0.0,0.4364014915427216,0.47997237932604736,0.0,799.2,0.0,0.0,1.0,888.0,-0.0,118,-53.20587436211452,0.0,120,-13.849011106968465,0.0,118,-29.1458504731911,0.0,120,-33.950215944900464,0.0,120,-27.851074960348903,0.0,120,-30.943565755117696,0.0,0.0,0.0,0.0,0.0,0.0,0.0,716.0,716.0,0.0,0.0,716.0,0.0,0.0,716
0.0,0.0,-0.0,0.0,17207.31517505634,716.0,-0.0,0.4171166987869086,0.47997237932604736,0.0,799.2,0.0,0.0,1.0,888.0,-0.0,118,-32.59221534349256,0.0,120,-29.365325748611856,0.0,118,-7.303388454909781,0.0,120,-57.223266710806335,0.0,120,-37.12971483506092,0.0,120,-28.340501014794594,0.0,0.0,0.0,0.0,0.0,0.0,0.0,716.0,716.0,0.0,0.0,716.0,0.0,0.0,716
0.0,0.0,-0.0,0.0,16411.759619500786,716.0,-0.0,0.3978319060310956,0.47997237932604736,0.0,799.2,0.0,0.0,1.0,888.0,-0.0,118,-59.98733796229942,0.0,120,-34.86787956175379,0.0,118,-49.47735182281019,0.0,120,-59.49684402739756,0.0,120,-57.618562373479605,0.0,120,-54.148730704058146,0.0,0.0,0.0,0.0,0.0,0.0,0.0,716.0,716.0,0.0,0.0,716.0,0.0,0.0,716
0.0,0.0,-0.0,0.0,15616.204063945232,716.0,-0.0,0.37854711327528257,0.47997237932604736,0.0,799.2,0.0,0.0,1.0,888.0,-0.0,118,-42.13110981289611,0.0,120,-37.29405450056588,0.0,118,-46.13217259282212,0.0,120,-0.9337328462939731,0.0,120,-12.253610744618662,0.0,120,-57.18870323068284,0.0,0.0,0.0,0.0,0.0,0.0,0.0,716.0,716.0,0.0,0.0,716.0,0.0,0.0,716
0.0,0.0,-0.0,0.0,14820.648508389677,716.0,-0.0,0.35926232051946955,0.47997237932604736,0.0,799.2,0.0,0.0,1.0,888.0,-0.0,118,-45.004138416694595,0.0,120,-51.6128974156794,0.0,118,-10.051513467877582,0.0,120,-23.18446204320548,0.0,120,-53.47204821559323,0.0,120,-37.941405022510544,0.0,0.0,0.0,0.0,0.0,0.0,0.0,716.0,716.0,0.0,0.0,716.0,0.0,0.0,716
0.0,0.0,-0.0,0.0,14025.092952834122,716.0,-0.0,0.33997752776365653,0.47997237932604736,0.0,799.2,0.0,0.0,1.0,888.0,-0.0,118,-43.67371217614225,0.0,120,-51.913897438541234,0.0,118,-28.478603478238217,0.0,120,-7.527932722848627,0.0,120,-0.11497427225255485,0.0,120,-6.054389664989548,0.0,0.0,0.0,0.0,0.0,0.0,0.0,716.0,716.0,0.0,0.0,716.0,0.0,0.0,716
0.0,0.0,-0.0,0.0,13229.537397278567,716.0,-0.0,0.3206927350078435,0.47997237932604736,0.0,799.2,0.0,0.0,1.0,888.0,-0.0,118,-40.45461619351873,0.0,120,-6.313856838456284,0.0,118,-55.02698962658929,0.0,120,-14.59688040155621,0.0,120,-36.08663626292741,0.0,120,-31.716890839930635,0.0,0.0,0.0,0.0,0.0,0.0,0.0,716.0,716.0,0.0,0.0,716.0,0.0,0.0,716
0.0,0.0,-0.0,0.0,12433.981841723013,716.0,-0.0,0.30140794225203044,0.47997237932604736,0.0,799.2,0.0,0.0,1.0,888.0,-0.0,118,-2.785338563389783,0.0,120,-2.97529860763988,0.0,118,-14.517185373388685,0.0,120,-18.707635534543183,0.0,120,-6.6596692645486,0.0,120,-4.23549956122015,0.0,0.0,0.0,0.0,0.0,0.0,0.0,716.0,716.0,0.0,0.0,716.0,0.0,0.0,716
0.0,0.0,-0.0,0.0,11638.426286167458,716.0,-0.0,0.2821231494962174,0.47997237932604736,0.0,799.2,0.0,0.0,1.0,888.0,-0.0,118,-55.78717045071669,0.0,120,-43.40100360970647,0.0,118,-41.955300418571596,0.0,120,-6.131017911043825,0.0,120,-11.100116035635823,0.0,120,-43.150320332852836,0.0,0.0,0.0,0.0,0.0,0.0,0.0,716.0,716.0,0.0,0.0,716.0,0.0,0.0,716
0.0,0.0,-0.0,0.0,10842.870730611903,716.0,-0.0,0.2628383567404044,0.47997237932604736,0.0,799.2,0.0,0.0,1.0,888.0,-0.0,118,-28.43476658024247,0.0,120,-3.898769462860765,0.0,118,-29.71420940741973,0.0,120,-32.18222056521972,0.0,120,-3.028118756082907,0.0,120,-1.9159868019236503,0.0,0.0,0.0,0.0,0.0,0.0,0.0,716.0,716.0,0.0,0.0,716.0,0.0,0.0,716
0.0,0.0,-0.0,0.0,10047.315175056348,716.0,-0.0,0.24355356398459138,0.47997237932604736,0.0,799.2,0.0,0.0,1.0,888.0,-0.0,118,-25.937260342529115,0.0,120,-17.204829266765888,0.0,118,-15.064252901268148,0.0,120,-7.752146719765729,0.0,120,-49.47010133397577,0.0,120,-23.73815443284308,0.0,0.0,0.0,0.0,0.0,0.0,0.0,716.0,716.0,0.0,0.0,716.0,0.0,0.0,716
0.0,0.0,-0.0,0.0,9251.759619500794,716.0,-0.0,0.22426877122877836,0.47997237932604736,0.0,799.2,0.0,0.0,1.0,888.0,-0.0,118,-6.731994610784917,0.0,120,-44.113106610641196,0.0,118,-55.08538063190043,0.0,120,-28.724240340433916,0.0,120,-18.86947812797242,0.0,120,-25.340681441073496,0.0,0.0,0.0,0.0,0.0,0.0,0.0,716.0,716.0,0.0,0.0,716.0,0.0,0.0,716
0.0,0.0,-0.0,0.0,8456.204063945239,716.0,-0.0,0.20498397847296534,0.47997237932604736,0.0,799.2,0.0,0.0,1.0,888.0,-0.0,118,-44.57337336603265,0.0,120,-13.860971803025976,0.0,118,-8.788238875777537,0.0,120,-44.986255853354216,0.0,120,-46.46399097319958,0.0,120,-36.31512519129793,0.0,0.0,0.0,0.0,0.0,0.0,0.0,716.0,716.0,0.0,0.0,716.0,0.0,0.0,716
0.0,0.0,-0.0,0.0,7660.648508389683,716.0,-0.0,0.1856991857171523,0.47997237932604736,0.0,799.2,0.0,0.0,1.0,888.0,-0.0,118,-1.6647854252181205,0.0,120,-29.447063797270435,0.0,118,-38.16441533964501,0.0,120,-39.10012697448033,0.0,120,-21.919035649824284,0.0,120,-5.323812718798413,0.0,0.0,0.0,0.0,0.0,0.0,0.0,716.0,716.0,0.0,0.0,716.0,0.0,0.0,716
0.0,0.0,-0.0,0.0,6865.092952834128,716.0,-0.0,0.16641439296133922,0.47997237932604736,0.0,799.2,0.0,0.0,1.0,888.0,-0.0,118,-26.979251447325726,0.0,120,-0.9053598974404298,0.0,118,-5.176181013149426,0.0,120,-41.58666325706677,0.0,120,-25.53977422007598,0.0,120,-41.21909800763171,0.0,0.0,0.0,0.0,0.0,0.0,0.0,716.0,716.0,0.0,0.0,716.0,0.0,0.0,716
0.0,0.0,-0.0,0.0,6069.537397278572,716.0,-0.0,0.14712960020552618,0.47997237932604736,0.0,799.2,0.0,0.0,1.0,888.0,-0.0,118,-55.93285042385826,0.0,120,-48.29846298864609,0.0,118,-16.20121296938443,0.0,120,-58.66466291880213,0.0,120,-41.492465992391004,0.0,120,-45.05767542878825,0.0,0.0,0.0,0.0,0.0,0.0,0.0,716.0,716.0,0.0,0.0,716.0,0.0,0.0,716
0.0,0.0,-0.0,0.0,5273.981841723016,716.0,-0.0,0.12784480744971313,0.47997237932604736,0.0,799.2,0.0,0.0,1.0,888.0,-0.0,118,-48.58936294275349,0.0,120,-19.315473234555693,0.0,118,-30.84839953506952,0.0,120,-15.589991594179955,0.0,120,-1.9542077112468803,0.0,120,-27.676367495418752,0.0,0.0,0.0,0.0,0.0,0.0,0.0,716.0,716.0,0.0,0.0,716.0,0.0,0.0,716
0.0,0.0,-0.0,0.0,4478.426286167461,716.0,-0.0,0.1085600146939001,0.47997237932604736,0.0,799.2,0.0,0.0,1.0,888.0,-0.0,118,-9.886555102999004,0.0,120,-3.4098623758538515,0.0,118,-11.059434955152376,0.0,120,-28.319285931008668,0.0,120,-22.123605309284205,0.0,120,-24.50016309582615,0.0,0.0,0.0,0.0,0.0,0.0,0.0,716.0,716.0,0.0,0.0,716.0,0.0,0.0,716
0.0,0.0,-0.0,0.0,3682.870730611905,716.0,-0.0,0.08927522193808704,0.47997237932604736,0.0,799.2,0.0,0.0,1.0,888.0,-0.0,118,-53.0096862732758,0.0,120,-34.22547160462669,0.0,118,-20.635214828585653,0.0,120,-49.05371367448531,0.0,120,-17.946954203255732,0.0,120,-26.55570279643028,0.0,0.0,0.0,0.0,0.0,0.0,0.0,716.0,716.0,0.0,0.0,716.0,0.0,0.0,716
0.0,0.0,-0.0,0.0,2887.3151750563493,716.0,-0.0,0.069990429182274,0.47997237932604736,0.0,799.2,0.0,0.0,1.0,888.0,-0.0,118,-19.62099351532542,0.0,120,-16.999811732816383,0.0,118,-28.211465946520885,0.0,120,-16.370128328056456,0.0,120,-41.78024315571364,0.0,120,-10.551337830884878,0.0,0.0,0.0,0.0,0.0,0.0,0.0,716.0,716.0,0.0,0.0,716.0,0.0,0.0,716
0.0,0.0,-0.0,0.0,2091.7596195007936,716.0,-0.0,0.05070563642646095,0.47997237932604736,0.0,799.2,0.0,0.0,1.0,888.0,-0.0,118,-15.28357046810527,0.0,120,-56.680585115075566,0.0,118,-6.573786258853474,0.0,120,-29.648477100905442,0.0,120,-47.590523606364734,0.0,120,-38.01584870890039,0.0,0.0,0.0,0.0,0.0,0.0,0.0,716.0,716.0,0.0,0.0,716.0,0.0,0.0,716
0.0,0.0,-0.0,0.0,1296.204063945238,716.0,-0.0,0.0314208436706479,0.47997237932604736,0.0,799.2,0.0,0.0,1.0,888.0,-0.0,118,-57.22320582589299,0.0,120,-44.43338296038544,0.0,118,-30.668601092026147,0.0,120,-21.257576781806232,0.0,120,-35.30294939994401,0.0,120,-29.075156551017976,0.0,0.0,0.0,0.0,0.0,0.0,0.0,716.0,716.0,0.0,0.0,716.0,0.0,0.0,716
0.0,0.0,-0.0,0.0,500.64850838968243,450.5836575507142,-0.0,0.01213605091483486,0.47997237932604736,127.3925133974007,799.2,0.0,265.4163424492858,1.0,888.0,-235689.7120949658,118,-39.86067596487566,0.0,120,-23.226960855276456,0.0,118,-49.39038866664369,0.0,120,-22.53896911675654,0.0,120,-43.137544837415476,0.0,120,-20.122799500927623,0.0,0.0,0.0,0.0,0.0,-235689.7120949658,-235689.7120949658,716.0,716.0,0.0,0.0,716.0,0.0,0.0,716
0.0,0.0,-0.0,0.0,0.0,0.0,-0.0,0.0,0.47997237932604736,343.6602235974499,799.2,0.0,716.0,1.0,888.0,-635808.0,118,-56.82500714594661,0.0,120,-32.94389960085908,0.0,118,-30.378699531950783,0.0,120,-27.162063116910165,0.0,120,-44.54167000062287,0.0,120,-11.21940091822852,0.0,0.0,0.0,0.0,0.0,-635808.0,-635808.0,716.0,716.0,0.0,0.0,716.0,0.0,0.0,716
0.0,0.0,-0.0,0.0,0.0,0.0,-0.0,0.0,0.47997237932604736,343.6602235974499,799.2,0.0,716.0,1.0,888.0,-635808.0,118,-3.7398288482911157,0.0,120,-41.106934325815566,0.0,118,-32.918274614222504,0.0,120,-18.56196417966228,0.0,120,-38.492020688657234,0.0,120,-21.00612477425879,0.0,0.0,0.0,0.0,0.0,-635808.0,-635808.0,716.0,716.0,0.0,0.0,716.0,0.0,0.0,716
0.0,0.0,-0.0,0.0,0.0,0.0,-0.0,0.0,0.47997237932604736,343.6602235974499,799.2,0.0,716.0,1.0,888.0,-635808.0,118,-56.664910182699224,0.0,120,-57.311149408740846,0.0,118,-7.280700988889979,0.0,120,-53.25245594443798,0.0,120,-31.552780660364476,0.0,120,-55.19206384140281,0.0,0.0,0.0,0.0,0.0,-635808.0,-635808.0,716.0,716.0,0.0,0.0,716.0,0.0,0.0,716
0.0,0.0,-0.0,0.0,0.0,0.0,-0.0,0.0,0.47997237932604736,343.6602235974499,799.2,0.0,716.0,1.0,888.0,-635808.0,118,-33.99328030684675,0.0,120,-46.8501504367752,0.0,118,-25.903806703510224,0.0,120,-45.58077039929995,0.0,120,-50.65635469504533,0.0,120,-46.13163056836306,0.0,0.0,0.0,0.0,0.0,-635808.0,-635808.0,716.0,716.0,0.0,0.0,716.0,0.0,0.0,716
0.0,0.0,-0.0,0.0,0.0,0.0,-0.0,0.0,0.47997237932604736,343.6602235974499,799.2,0.0,716.0,1.0,888.0,-635808.0,118,-36.410171585870316,0.0,120,-11.454837793975198,0.0,118,-32.569628184622594,0.0,120,-59.680476784152305,0.0,120,-50.68630874671667,0.0,120,-50.52346537557809,0.0,0.0,0.0,0.0,0.0,-635808.0,-635808.0,716.0,716.0,0.0,0.0,716.0,0.0,0.0,716
0.0,0.0,-0.0,0.0,0.0,0.0,-0.0,0.0,0.47997237932604736,343.6602235974499,799.2,0.0,716.0,1.0,888.0,-635808.0,118,-12.358189129656674,0.0,120,-8.021436297038766,0.0,118,-25.635399241658043,0.0,120,-56.34439707980229,0.0,120,-9.304213689837527,0.0,120,-1.063974915854362,0.0,0.0,0.0,0.0,0.0,-635808.0,-635808.0,716.0,716.0,0.0,0.0,716.0,0.0,0.0,716
0.0,0.0,-0.0,0.0,0.0,0.0,-0.0,0.0,0.47997237932604736,343.6602235974499,799.2,0.0,716.0,1.0,888.0,-635808.0,118,-2.8163113549759045,0.0,120,-45.729828773312306,0.0,118,-58.68075761898466,0.0,120,-11.22760319525664,0.0,120,-2.24553705848477,0.0,120,-1.3551959513539602,0.0,0.0,0.0,0.0,0.0,-635808.0,-635808.0,716.0,716.0,0.0,0.0,716.0,0.0,0.0,716
0.0,0.0,-0.0,0.0,0.0,0.0,-0.0,0.0,0.47997237932604736,344.620168356102,799.2,0.0,718.0,1.0,888.0,-637584.0,118,-4.029677663394202,0.0,120,-51.675930740711536,0.0,120,-37.65200771662759,0.0,120,-43.84853422132786,0.0,120,-52.256671563064934,0.0,120,-32.14201356251898,0.0,0.0,0.0,0.0,0.0,-637584.0,-637584.0,718.0,718.0,0.0,0.0,718.0,0.0,0.0,718
0.0,0.0,-0.0,0.0,0.0,0.0,-0.0,0.0,0.47997237932604736,344.620168356102,799.2,0.0,718.0,1.0,888.0,-637584.0,118,-19.411141215842925,0.0,120,-33.17098623802587,0.0,120,-53.67367450790685,0.0,120,-26.225700011898528,0.0,120,-24.782211647667108,0.0,120,-28.965232576194165,0.0,0.0,0.0,0.0,0.0,-637584.0,-637584.0,718.0,718.0,0.0,0.0,718.0,0.0,0.0,718
0.0,0.0,-0.0,0.0,0.0,0.0,-0.0,0.0,0.47997237932604736,344.620168356102,799.2,0.0,718.0,1.0,888.0,-637584.0,118,-42.50486499154287,0.0,120,-3.575849099381745,0.0,120,-29.481316987820158,0.0,120,-14.751907312340807,0.0,120,-35.21625709820714,0.0,120,-24.937653762189814,0.0,0.0,0.0,0.0,0.0,-637584.0,-637584.0,718.0,718.0,0.0,0.0,718.0,0.0,0.0,718
0.0,0.0,-0.0,0.0,0.0,0.0,-0.0,0.0,0.47997237932604736,345.5801131147541,799.2,0.0,720.0,1.0,888.0,-639360.0,120,-57.23559464379009,0.0,120,-46.83656245245272,0.0,120,-26.35315815190602,0.0,120,-30.105800169969793,0.0,120,-41.92294601657174,0.0,120,-47.84716043255591,0.0,0.0,0.0,0.0,0.0,-639360.0,-639360.0,720.0,720.0,0.0,0.0,720.0,0.0,0.0,720
0.0,0.0,-0.0,0.0,0.0,0.0,-0.0,0.0,0.47997237932604736,345.5801131147541,799.2,0.0,720.0,1.0,888.0,-639360.0,120,-15.855800966621374,0.0,120,-13.54326487037139,0.0,120,-36.085595910498505,0.0,120,-29.615565695726392,0.0,120,-7.663629138510963,0.0,120,-25.869411893316922,0.0,0.0,0.0,0.0,0.0,-639360.0,-639360.0,720.0,720.0,0.0,0.0,720.0,0.0,0.0,720
0.0,0.0,-0.0,0.0,0.0,0.0,-0.0,0.0,0.47997237932604736,345.5801131147541,799.2,0.0,720.0,1.0,888.0,-639360.0,120,-23.83630616421037,0.0,120,-56.80553576861128,0.0,120,-24.90108422240054,0.0,120,-58.145131039371414,0.0,120,-19.959630266378454,0.0,120,-44.095381581153,0.0,0.0,0.0,0.0,0.0,-639360.0,-639360.0,720.0,720.0,0.0,0.0,720.0,0.0,0.0,720
0.0,0.0,-0.0,0.0,0.0,0.0,-0.0,0.0,0.47997237932604736,345.5801131147541,799.2,0.0,720.0,1.0,888.0,-639360.0,120,-24.975377823179844,0.0,120,-5.755195555685937,0.0,120,-44.60175424487067,0.0,120,-3.190476207569972,0.0,120,-3.9171898700738117,0.0,120,-50.71033223934908,0.0,0.0,0.0,0.0,0.0,-639360.0,-639360.0,720.0,720.0,0.0,0.0,720.0,0.0,0.0,720
0.0,0.0,-0.0,0.0,0.0,0.0,-0.0,0.0,0.47997237932604736,345.5801131147541,799.2,0.0,720.0,1.0,888.0,-639360.0,120,-19.157652111014094,0.0,120,-48.787634971243705,0.0,120,-32.04767091896583,0.0,120,-12.811221730714703,0.0,120,-32.47622515569601,0.0,120,-5.099210691981806,0.0,0.0,0.0,0.0,0.0,-639360.0,-639360.0,720.0,720.0,0.0,0.0,720.0,0.0,0.0,720
0.0,0.0,-0.0,0.0,0.0,0.0,-0.0,0.0,0.47997237932604736,345.5801131147541,799.2,0.0,720.0,1.0,888.0,-639360.0,120,-7.236487713770792,0.0,120,-29.693859930310193,0.0,120,-8.795335713446553,0.0,120,-41.65432439868394,0.0,120,-42.380575651546216,0.0,120,-13.692484212365056,0.0,0.0,0.0,0.0,0.0,-639360.0,-639360.0,720.0,720.0,0.0,0.0,720.0,0.0,0.0,720
0.0,0.0,-0.0,0.0,0.0,0.0,-0.0,0.0,0.47997237932604736,345.5801131147541,799.2,0.0,720.0,1.0,888.0,-639360.0,120,-23.74034558872105,0.0,120,-20.571174326866043,0.0,120,-44.59645098081027,0.0,120,-55.56516173325183,0.0,120,-2.5250800826660136,0.0,120,-50.68309250302315,0.0,0.0,0.0,0.0,0.0,-639360.0,-639360.0,720.0,720.0,0.0,0.0,720.0,0.0,0.0,720
0.0,0.0,-0.0,0.0,0.0,0.0,-0.0,0.0,0.47997237932604736,345.5801131147541,799.2,0.0,720.0,1.0,888.0,-639360.0,120,-16.692520360029953,0.0,120,-4.111574829123102,0.0,120,-43.72916401903708,0.0,120,-34.86551989160637,0.0,120,-43.41126864707823,0.0,120,-5.037874073199344,0.0,0.0,0.0,0.0,0.0,-639360.0,-639360.0,720.0,720.0,0.0,0.0,720.0,0.0,0.0,720
0.0,0.0,-0.0,0.0,0.0,0.0,-0.0,0.0,0.47997237932604736,345.5801131147541,799.2,0.0,720.0,1.0,888.0,-639360.0,120,-19.776268684642908,0.0,120,-42.195408364751586,0.0,120,-53.80776391113297,0.0,120,-11.074649262266089,0.0,120,-22.331634750134153,0.0,120,-11.678125427132107,0.0,0.0,0.0,0.0,0.0,-639360.0,-639360.0,720.0,720.0,0.0,0.0,720.0,0.0,0.0,720
0.0,0.0,-0.0,0.0,0.0,0.0,-0.0,0.0,0.47997237932604736,345.5801131147541,799.2,0.0,720.0,1.0,888.0,-639360.0,120,-15.514839893161337,0.0,120,-52.23725149609793,0.0,120,-22.517715555479793,0.0,120,-48.31907904186951,0.0,120,-49.66651088985957,0.0,120,-50.16243855278667,0.0,0.0,0.0,0.0,0.0,-639360.0,-639360.0,720.0,720.0,0.0,0.0,720.0,0.0,0.0,720
0.0,0.0,-0.0,0.0,0.0,0.0,-0.0,0.0,0.47997237932604736,345.5801131147541,799.2,0.0,720.0,1.0,888.0,-639360.0,120,-7.867800078026683,0.0,120,-37.88041104820921,0.0,120,-7.615414668801018,0.0,120,-29.790508780241026,0.0,120,-23.868242626218404,0.0,120,-11.500108319045346,0.0,0.0,0.0,0.0,0.0,-639360.0,-639360.0,720.0,720.0,0.0,0.0,720.0,0.0,0.0,720
0.0,0.0,-0.0,0.0,0.0,0.0,-0.0,0.0,0.47997237932604736,345.5801131147541,799.2,0.0,720.0,1.0,888.0,-639360.0,120,-13.07214977963265,0.0,120,-26.360948268217975,0.0,120,-56.646863339457894,0.0,120,-29.91510749940869,0.0,120,-26.72415984303658,0.0,120,-36.181718262505115,0.0,0.0,0.0,0.0,0.0,-639360.0,-639360.0,720.0,720.0,0.0,0.0,720.0,0.0,0.0,720
0.0,0.0,-0.0,0.0,0.0,0.0,-0.0,0.0,0.47997237932604736,345.5801131147541,799.2,0.0,720.0,1.0,888.0,-639360.0,120,-39.35698270846278,0.0,120,-12.573400593374654,0.0,120,-34.9925349464848,0.0,120,-5.010206713800871,0.0,120,-3.5834339250952674,0.0,120,-0.7768060686516476,0.0,0.0,0.0,0.0,0.0,-639360.0,-639360.0,720.0,720.0,0.0,0.0,720.0,0.0,0.0,720
0.0,0.0,-0.0,0.0,0.0,0.0,-0.0,0.0,0.47997237932604736,345.5801131147541,799.2,0.0,720.0,1.0,888.0,-639360.0,120,-28.37695549006842,0.0,120,-3.2345454370318705,0.0,120,-27.885154668406255,0.0,120,-25.446264587459964,0.0,120,-4.333328988666918,0.0,120,-17.57897189339482,0.0,0.0,0.0,0.0,0.0,-639360.0,-639360.0,720.0,720.0,0.0,0.0,720.0,0.0,0.0,720
0.0,0.0,-0.0,0.0,0.0,0.0,-0.0,0.0,0.47997237932604736,345.5801131147541,799.2,0.0,720.0,1.0,888.0,-639360.0,120,-53.386110998384204,0.0,120,-24.55145224213161,0.0,120,-59.650365239564884,0.0,120,-51.35935618639406,0.0,120,-48.615478524851156,0.0,120,-38.57695765471658,0.0,0.0,0.0,0.0,0.0,-639360.0,-639360.0,720.0,720.0,0.0,0.0,720.0,0.0,0.0,720
0.0,0.0,-0.0,0.0,0.0,0.0,-0.0,0.0,0.47997237932604736,345.5801131147541,799.2,0.0,720.0,1.0,888.0,-639360.0,120,-36.06467186105897,0.0,120,-14.82451071224618,0.0,120,-46.507218629276004,0.0,120,-11.007035646645495,0.0,120,-50.39402172994075,0.0,120,-25.40882898694241,0.0,0.0,0.0,0.0,0.0,-639360.0,-639360.0,720.0,720.0,0.0,0.0,720.0,0.0,0.0,720
0.0,0.0,-0.0,0.0,0.0,0.0,-0.0,0.0,0.47997237932604736,345.5801131147541,799.2,0.0,720.0,1.0,888.0,-639360.0,120,-15.380233764261906,0.0,120,-6.6200559136115045,0.0,120,-19.18899162749026,0.0,120,-42.92257733567439,0.0,120,-3.1493006033536086,0.0,120,-19.13831173648234,0.0,0.0,0.0,0.0,0.0,-639360.0,-639360.0,720.0,720.0,0.0,0.0,720.0,0.0,0.0,720
0.0,0.0,-0.0,0.0,0.0,0.0,-0.0,0.0,0.47997237932604736,345.5801131147541,799.2,0.0,720.0,1.0,888.0,-639360.0,120,-7.824276492514761,0.0,120,-19.97637737696899,0.0,120,-44.45859071564215,0.0,120,-40.037059136964764,0.0,120,-11.87015305145283,0.0,120,-7.777414885107891,0.0,0.0,0.0,0.0,0.0,-639360.0,-639360.0,720.0,720.0,0.0,0.0,720.0,0.0,0.0,720
0.0,0.0,-0.0,0.0,0.0,0.0,-0.0,0.0,0.47997237932604736,345.5801131147541,799.2,0.0,720.0,1.0,888.0,-639360.0,120,-59.350985471133555,0.0,120,-31.35058174374977,0.0,120,-22.760835831590292,0.0,120,-14.912730481568024,0.0,120,-17.722611638416954,0.0,120,-47.224917396384775,0.0,0.0,0.0,0.0,0.0,-639360.0,-639360.0,720.0,720.0,0.0,0.0,720.0,0.0,0.0,720
0.0,0.0,-0.0,0.0,0.0,0.0,-0.0,0.0,0.47997237932604736,345.5801131147541,799.2,0.0,720.0,1.0,888.0,-639360.0,120,-27.34379862343429,0.0,120,-35.2386720571632,0.0,120,-59.62755907163425,0.0,120,-39.9419090292599,0.0,120,-28.30299905757611,0.0,120,-34.825712965438875,0.0,0.0,0.0,0.0,0.0,-639360.0,-639360.0,720.0,720.0,0.0,0.0,720.0,0.0,0.0,720
0.0,0.0,-0.0,0.0,0.0,0.0,-0.0,0.0,0.47997237932604736,345.5801131147541,799.2,0.0,720.0,1.0,888.0,-639360.0,120,-54.31889639661128,0.0,120,-59.13970791688546,0.0,120,-14.93718584238253,0.0,120,-5.818471774773945,0.0,120,-46.972105796326424,0.0,120,-29.886894213283586,0.0,0.0,0.0,0.0,0.0,-639360.0,-639360.0,720.0,720.0,0.0,0.0,720.0,0.0,0.0,720
0.0,0.0,-0.0,0.0,0.0,0.0,-0.0,0.0,0.47997237932604736,345.5801131147541,799.2,0.0,720.0,1.0,888.0,-639360.0,120,-22.265019213686188,0.0,120,-14.499306599174863,0.0,120,-29.1403512844285,0.0,120,-46.139734889437015,0.0,120,-40.70745549331761,0.0,120,-24.75382618014832,0.0,0.0,0.0,0.0,0.0,-639360.0,-639360.0,720.0,720.0,0.0,0.0,720.0,0.0,0.0,720
0.0,0.0,-0.0,0.0,0.0,0.0,-0.0,0.0,0.47997237932604736,345.5801131147541,799.2,0.0,720.0,1.0,888.0,-639360.0,120,-39.00311475458091,0.0,120,-36.20255815528744,0.0,120,-52.65704252438727,0.0,120,-47.267306269825276,0.0,120,-55.154537519572635,0.0,120,-21.453304529027463,0.0,0.0,0.0,0.0,0.0,-639360.0,-639360.0,720.0,720.0,0.0,0.0,720.0,0.0,0.0,720
0.0,0.0,-0.0,0.0,0.0,0.0,-0.0,0.0,0.47997237932604736,345.5801131147541,799.2,0.0,720.0,1.0,888.0,-639360.0,120,-27.70150696052384,0.0,120,-53.79278747087327,0.0,120,-55.87118481987299,0.0,120,-19.721066509938435,0.0,120,-50.75044983980604,0.0,120,-28.42993449072441,0.0,0.0,0.0,0.0,0.0,-639360.0,-639360.0,720.0,720.0,0.0,0.0,720.0,0.0,0.0,720
0.0,0.0,-0.0,0.0,0.0,0.0,-0.0,0.0,0.47997237932604736,345.5801131147541,799.2,0.0,720.0,1.0,888.0,-639360.0,120,-38.108375441127265,0.0,120,-7.655561352343792,0.0,120,-51.417359161017075,0.0,120,-38.857284720166945,0.0,120,-35.52761138047575,0.0,120,-49.45268298194033,0.0,0.0,0.0,0.0,0.0,-639360.0,-639360.0,720.0,720.0,0.0,0.0,720.0,0.0,0.0,720
0.0,0.0,-0.0,0.0,0.0,0.0,-0.0,0.0,0.47997237932604736,345.5801131147541,799.2,0.0,720.0,1.0,888.0,-639360.0,120,-2.2457182984142876,0.0,120,-9.379755314255613,0.0,120,-10.934192195244721,0.0,120,-18.94357424899301,0.0,120,-36.96409360022578,0.0,120,-8.155703424272351,0.0,0.0,0.0,0.0,0.0,-639360.0,-639360.0,720.0,720.0,0.0,0.0,720.0,0.0,0.0,720
0.0,0.0,-0.0,0.0,0.0,0.0,-0.0,0.0,0.47997237932604736,345.5801131147541,799.2,0.0,720.0,1.0,888.0,-639360.0,120,-11.536296166232367,0.0,120,-54.015237456356,0.0,120,-23.30164534019862,0.0,120,-5.772600336470958,0.0,120,-6.566662633058327,0.0,120,-11.757337268460065,0.0,0.0,0.0,0.0,0.0,-639360.0,-639360.0,720.0,720.0,0.0,0.0,720.0,0.0,0.0,720
405.2129425544537,0.0,-4052.1294255445373,0.0,0.0,0.0,-0.0,0.0,0.47997237932604736,151.03505264861008,799.2,0.0,314.6744670197184,1.0,888.0,-279430.92671350995,120,-26.089051290805727,0.0,120,-47.67333833589208,0.0,120,-12.35628986318578,0.0,120,-43.20402708721089,0.0,120,-28.509964423118245,0.0,120,-49.766288326796484,0.0,0.0,0.112590425827856,0.112590425827856,0.0,-283483.0561390545,-283483.0561390545,720.0,720.0,405.3255329802816,0.0,314.6744670197184,0.0,0.0,720
405.2129425544537,0.0,-4052.1294255445373,0.0,0.0,0.0,-0.0,0.0,0.47997237932604736,151.03505264861008,799.2,0.0,314.6744670197184,1.0,888.0,-279430.92671350995,120,-49.8070370117887,0.0,120,-16.552121728359953,0.0,120,-36.2697970991518,0.0,120,-38.71446291931238,0.0,120,-4.690367403060498,0.0,120,-24.562273771203834,0.0,0.0,0.112590425827856,0.112590425827856,0.0,-283483.0561390545,-283483.0561390545,720.0,720.0,405.3255329802816,0.0,314.6744670197184,0.0,0.0,720
405.2129425544537,0.0,-4052.1294255445373,0.0,0.0,0.0,-0.0,0.0,0.47997237932604736,151.03505264861008,799.2,0.0,314.6744670197184,1.0,888.0,-279430.92671350995,120,-12.131206487367015,0.0,120,-15.736155303170383,0.0,120,-59.49752308747218,0.0,120,-52.81169536481715,0.0,120,-3.053164597701712,0.0,120,-37.07016979811514,0.0,0.0,0.112590425827856,0.112590425827856,0.0,-283483.0561390545,-283483.0561390545,720.0,720.0,405.3255329802816,0.0,314.6744670197184,0.0,0.0,720
405.2129425544537,0.0,-4052.1294255445373,0.0,0.0,0.0,-0.0,0.0,0.47997237932604736,151.03505264861008,799.2,0.0,314.6744670197184,1.0,888.0,-279430.92671350995,120,-25.266437227459278,0.0,120,-38.02080452620205,0.0,120,-54.72006610362623,0.0,120,-23.2787237154163,0.0,120,-58.69168030626283,0.0,120,-22.24880998428511,0.0,0.0,0.112590425827856,0.112590425827856,0.0,-283483.0561390545,-283483.0561390545,720.0,720.0,405.3255329802816,0.0,314.6744670197184,0.0,0.0,720
405.2129425544537,0.0,-4052.1294255445373,0.0,0.0,0.0,-0.0,0.0,0.47997237932604736,151.03505264861008,799.2,0.0,314.6744670197184,1.0,888.0,-279430.92671350995,120,-28.756412210847333,0.0,120,-25.48660414698525,0.0,120,-0.04055909394452328,0.0,120,-55.36387830561502,0.0,120,-10.080149798220157,0.0,120,-52.54021812968687,0.0,0.0,0.112590425827856,0.112590425827856,0.0,-283483.0561390545,-283483.0561390545,720.0,720.0,405.3255329802816,0.0,314.6744670197184,0.0,0.0,720
405.2129425544537,0.0,-4052.1294255445373,0.0,0.0,0.0,-0.0,0.0,0.47997237932604736,151.03505264861008,799.2,0.0,314.6744670197184,1.0,888.0,-279430.92671350995,120,-38.66832945162411,0.0,120,-56.8550664782891,0.0,120,-36.89436222476301,0.0,120,-8.87532781998278,0.0,120,-16.16418231334324,0.0,120,-13.209743267874344,0.0,0.0,0.112590425827856,0.112590425827856,0.0,-283483.0561390545,-283483.0561390545,720.0,720.0,405.3255329802816,0.0,314.6744670197184,0.0,0.0,720
1157.0719711762283,0.0,-11570.719711762284,437.39346936216225,0.0,0.0,-0.0,0.0,0.47997237932604736,0.0,799.2,0.0,0.0,1.0,888.0,-0.0,120,-17.872913145787535,0.0,120,-34.38955304491609,0.0,120,-30.793667238757624,0.0,120,-5.497863155242301,0.0,120,-59.73412337188151,0.0,120,-53.76727391208867,0.0,0.0,0.321498185933934,0.321498185933934,0.0,-11570.719711762284,-11570.719711762284,1157.3934693621623,1157.3934693621623,1157.3934693621623,0.0,0.0,437.39346936216225,0.0,720
1157.0719711762283,0.0,-11570.719711762284,437.39346936216225,393.654122425946,0.0,-0.0,0.009542436245265701,0.47997237932604736,0.0,799.2,0.0,0.0,1.0,888.0,-0.0,120,-12.645504757080852,0.0,120,-23.349781505612505,0.0,120,-51.820537065558156,0.0,120,-28.366517681033223,0.0,120,-49.62269954469067,0.0,120,-12.339816165476183,0.0,0.0,0.321498185933934,0.321498185933934,0.0,-11570.719711762284,-11570.719711762284,1157.3934693621623,1157.3934693621623,1157.3934693621623,0.0,0.0,437.39346936216225,0.0,720
1157.0719711762283,0.0,-11570.719711762284,437.39346936216225,787.308244851892,0.0,-0.0,0.019084872490531403,0.47997237932604736,0.0,799.2,0.0,0.0,1.0,888.0,-0.0,120,-43.49926332820813,0.0,120,-40.14042209902026,0.0,120,-27.307281788150544,0.0,120,-38.899236250436246,0.0,120,-7.9690929415741785,0.0,120,-10.001056393866648,0.0,0.0,0.321498185933934,0.321498185933934,0.0,-11570.719711762284,-11570.719711762284,1157.3934693621623,1157.3934693621623,1157.3934693621623,0.0,0.0,437.39346936216225,0.0,720
1157.0719711762283,0.0,-11570.719711762284,437.39346936216225,1180.962367277838,0.0,-0.0,0.028627308735797104,0.47997237932604736,0.0,799.2,0.0,0.0,1.0,888.0,-0.0,120,-32.278587143021596,0.0,120,-50.70397782190503,0.0,120,-17.263726916912926,0.0,120,-10.483922801988728,0.0,120,-24.30741811457225,0.0,120,-55.659342049446664,0.0,0.0,0.321498185933934,0.321498185933934,0.0,-11570.719711762284,-11570.719711762284,1157.3934693621623,1157.3934693621623,1157.3934693621623,0.0,0.0,437.39346936216225,0.0,720
1157.0719711762283,0.0,-11570.719711762284,437.39346936216225,1574.616489703784,0.0,-0.0,0.038169744981062806,0.47997237932604736,0.0,799.2,0.0,0.0,1.0,888.0,-0.0,120,-29.56853477489521,0.0,120,-38.4690021215256,0.0,120,-58.25261355239215,0.0,120,-47.368567558703596,0.0,120,-8.044382464523652,0.0,120,-44.48320262938384,0.0,0.0,0.321498185933934,0.321498185933934,0.0,-11570.719711762284,-11570.719711762284,1157.3934693621623,1157.3934693621623,1157.3934693621623,0.0,0.0,437.39346936216225,0.0,720
1157.0719711762283,0.0,-11570.719711762284,437.39346936216225,1968.2706121297301,0.0,-0.0,0.04771218122632851,0.47997237932604736,0.0,799.2,0.0,0.0,1.0,888.0,-0.0,120,-10.642505922821377,0.0,120,-9.434449305159884,0.0,120,-49.53496179755965,0.0,120,-27.40372454914216,0.0,120,-48.46967578360176,0.0,120,-42.05438907415605,0.0,0.0,0.321498185933934,0.321498185933934,0.0,-11570.719711762284,-11570.719711762284,1157.3934693621623,1157.3934693621623,1157.3934693621623,0.0,0.0,437.39346936216225,0.0,720
1783.2941548657868,0.0,-17832.94154865787,1063.78965199134,2361.924734555676,0.0,-0.0,0.05725461747159421,0.47997237932604736,0.0,799.2,0.0,0.0,1.0,888.0,-0.0,120,-26.740126092513957,0.0,120,-1.0624884816806013,0.0,120,-56.76730955586444,0.0,120,-39.1732143692171,0.0,120,-45.59723721349576,0.0,120,-56.54845952140664,0.0,0.0,0.49549712555315,0.49549712555315,0.0,-17832.94154865787,-17832.94154865787,1783.78965199134,1783.78965199134,1783.78965199134,0.0,0.0,1063.78965199134,0.0,720
1783.2941548657868,0.0,-17832.94154865787,1063.78965199134,3319.335421347882,0.0,-0.0,0.08046288564099295,0.47997237932604736,0.0,799.2,0.0,0.0,1.0,888.0,-0.0,120,-29.840515074069813,0.0,120,-4.441691694093133,0.0,120,-27.180643496697833,0.0,120,-14.526258579506646,0.0,120,-37.05561927319855,0.0,120,-49.506002794997535,0.0,0.0,0.49549712555315,0.49549712555315,0.0,-17832.94154865787,-17832.94154865787,1783.78965199134,1783.78965199134,1783.78965199134,0.0,0.0,1063.78965199134,0.0,720
1783.2941548657868,0.0,-17832.94154865787,1063.78965199134,4276.746108140088,0.0,-0.0,0.10367115381039167,0.47997237932604736,0.0,799.2,0.0,0.0,1.0,888.0,-0.0,120,-4.532177986121788,0.0,120,-32.62123841860863,0.0,120,-7.135403007349106,0.0,120,-6.331118224508305,0.0,120,-47.34576105839908,0.0,120,-44.10054380071487,0.0,0.0,0.49549712555315,0.49549712555315,0.0,-17832.94154865787,-17832.94154865787,1783.78965199134,1783.78965199134,1783.78965199134,0.0,0.0,1063.78965199134,0.0,720
1783.2941548657868,0.0,-17832.94154865787,1063.78965199134,5234.156794932294,0.0,-0.0,0.12687942197979044,0.47997237932604736,0.0,799.2,0.0,0.0,1.0,888.0,-0.0,120,-0.7003647277999514,0.0,120,-48.90299038730183,0.0,120,-31.134989243827974,0.0,120,-15.584378783886626,0.0,120,-41.1383711775533,0.0,120,-17.00424876102163,0.0,0.0,0.49549712555315,0.49549712555315,0.0,-17832.94154865787,-17832.94154865787,1783.78965199134,1783.78965199134,1783.78965199134,0.0,0.0,1063.78965199134,0.0,720
1783.2941548657868,0.0,-17832.94154865787,1063.78965199134,6191.5674817245,0.0,-0.0,0.15008769014918916,0.47997237932604736,0.0,799.2,0.0,0.0,1.0,888.0,-0.0,120,-36.35869876051599,0.0,120,-5.6048349647858675,0.0,120,-18.12452557126444,0.0,120,-28.523580315961453,0.0,120,-14.388695175925992,0.0,120,-48.92440613251138,0.0,0.0,0.49549712555315,0.49549712555315,0.0,-17832.94154865787,-17832.94154865787,1783.78965199134,1783.78965199134,1783.78965199134,0.0,0.0,1063.78965199134,0.0,720
1783.2941548657868,0.0,-17832.94154865787,1063.78965199134,7148.978168516705,0.0,-0.0,0.17329595831858788,0.47997237932604736,0.0,799.2,0.0,0.0,1.0,888.0,-0.0,120,-27.223536310733504,0.0,120,-1.4509853984273224,0.0,120,-55.63479073584687,0.0,120,-8.339311094102786,0.0,120,-51.641226337544545,0.0,120,-6.281608677061648,0.0,0.0,0.49549712555315,0.49549712555315,0.0,-17832.94154865787,-17832.94154865787,1783.78965199134,1783.78965199134,1783.78965199134,0.0,0.0,1063.78965199134,0.0,720
2190.8034062878655,0.0,-21908.034062878654,1471.4121318800544,8106.388855308911,0.0,-0.0,0.1965042264879866,0.47997237932604736,0.0,799.2,0.0,0.0,1.0,888.0,-0.0,120,-33.197678470840316,0.0,120,-10.045466934739673,0.0,120,-22.592700245931397,0.0,120,-55.48069810307998,0.0,120,-44.71609196643331,0.0,120,-21.230365632223037,0.0,0.0,0.608725592188904,0.608725592188904,0.0,-21908.034062878654,-21908.034062878654,2191.4121318800544,2191.4121318800544,2191.4121318800544,0.0,0.0,1471.4121318800544,0.0,720
2190.8034062878655,0.0,-21908.034062878654,1471.4121318800544,9430.65977400096,0.0,-0.0,0.22860542927789398,0.47997237932604736,0.0,799.2,0.0,0.0,1.0,888.0,-0.0,120,-23.527228163884864,0.0,120,-39.891411318144115,0.0,120,-49.7508147527413,0.0,120,-21.548807708570425,0.0,120,-54.513401627602335,0.0,120,-27.930329216160686,0.0,0.0,0.608725592188904,0.608725592188904,0.0,-21908.034062878654,-21908.034062878654,2191.4121318800544,2191.4121318800544,2191.4121318800544,0.0,0.0,1471.4121318800544,0.0,720
2190.8034062878655,0.0,-21908.034062878654,1471.4121318800544,10754.93069269301,0.0,-0.0,0.26070663206780137,0.47997237932604736,0.0,799.2,0.0,0.0,1.0,888.0,-0.0,120,-21.714201740107672,0.0,120,-23.110233360437434,0.0,120,-6.2224519763204045,0.0,120,-1.4800481618345374,0.0,120,-44.261971500564556,0.0,120,-40.55089126218572,0.0,0.0,0.608725592188904,0.608725592188904,0.0,-21908.034062878654,-21908.034062878654,2191.4121318800544,2191.4121318800544,2191.4121318800544,0.0,0.0,1471.4121318800544,0.0,720
2190.8034062878655,0.0,-21908.034062878654,1471.4121318800544,12079.201611385059,0.0,-0.0,0.2928078348577087,0.47997237932604736,0.0,799.2,0.0,0.0,1.0,888.0,-0.0,120,-44.07548339304005,0.0,120,-20.497541636730634,0.0,120,-32.54951207599706,0.0,120,-32.47251980041237,0.0,120,-11.276222512989298,0.0,120,-43.909932151443044,0.0,0.0,0.608725592188904,0.608725592188904,0.0,-21908.034062878654,-21908.034062878654,2191.4121318800544,2191.4121318800544,2191.4121318800544,0.0,0.0,1471.4121318800544,0.0,720
2190.8034062878655,0.0,-21908.034062878654,1471.4121318800544,13403.472530077108,0.0,-0.0,0.32490903764761614,0.47997237932604736,0.0,799.2,0.0,0.0,1.0,888.0,-0.0,120,-29.712576452702063,0.0,120,-10.132501172509915,0.0,120,-55.77884926093285,0.0,120,-59.58410837983806,0.0,120,-28.210951713260883,0.0,120,-31.87081005466847,0.0,0.0,0.608725592188904,0.608725592188904,0.0,-21908.034062878654,-21908.034062878654,2191.4121318800544,2191.4121318800544,2191.4121318800544,0.0,0.0,1471.4121318800544,0.0,720
2190.8034062878655,0.0,-21908.034062878654,1471.4121318800544,14727.743448769157,0.0,-0.0,0.3570102404375235,0.47997237932604736,0.0,799.2,0.0,0.0,1.0,888.0,-0.0,120,-29.324503691639393,0.0,120,-25.39008320482558,0.0,120,-10.32035525712111,0.0,120,-40.711879603741394,0.0,120,-49.93099958268922,0.0,120,-28.23211900465569,0.0,0.0,0.608725592188904,0.608725592188904,0.0,-21908.034062878654,-21908.034062878654,2191.4121318800544,2191.4121318800544,2191.4121318800544,0.0,0.0,1471.4121318800544,0.0,720
2378.2528360881256,0.0,-23782.528360881257,1658.9136454340796,16052.014367461206,0.0,-0.0,0.3891114432274309,0.47997237932604736,0.0,799.2,0.0,0.0,1.0,888.0,-0.0,120,-23.01580694841629,0.0,120,-3.2383060898303118,0.0,120,-51.365420750186935,0.0,120,-29.217629927334066,0.0,120,-47.12502918172629,0.0,120,-17.598118264414282,0.0,0.0,0.660809345953911,0.660809345953911,0.0,-23782.528360881257,-23782.528360881257,2378.9136454340796,2378.9136454340796,2378.9136454340796,0.0,0.0,1658.9136454340796,0.0,720
2378.2528360881256,0.0,-23782.528360881257,1658.9136454340796,17545.036648351877,0.0,-0.0,0.42530329062981787,0.47997237932604736,0.0,799.2,0.0,0.0,1.0,888.0,-0.0,120,-32.21762507951448,0.0,120,-44.54939954880226,0.0,120,-13.6773567486591,0.0,120,-5.552366249586407,0.0,120,-44.26322525407646,0.0,120,-9.348731300401731,0.0,0.0,0.660809345953911,0.660809345953911,0.0,-23782.528360881257,-23782.528360881257,2378.9136454340796,2378.9136454340796,2378.9136454340796,0.0,0.0,1658.9136454340796,0.0,720
2378.2528360881256,0.0,-23782.528360881257,1658.9136454340796,19038.05892924255,0.0,-0.0,0.46149513803220493,0.47997237932604736,0.0,799.2,0.0,0.0,1.0,888.0,-0.0,120,-50.65833634070439,0.0,120,-47.36858025631887,0.0,120,-50.1790581989998,0.0,120,-18.73786014309649,0.0,120,-59.50124285787708,0.0,120,-57.825722926965994,0.0,0.0,0.660809345953911,0.660809345953911,0.0,-23782.528360881257,-23782.528360881257,2378.9136454340796,2378.9136454340796,2378.9136454340796,0.0,0.0,1658.9136454340796,0.0,720
2378.2528360881256,0.0,-23782.528360881257,1658.9136454340796,20531.081210133223,0.0,-0.0,0.497686985434592,0.47997237932604736,0.0,799.2,0.0,0.0,1.0,888.0,-0.0,120,-31.539574841630973,0.0,120,-28.39692345205133,0.0,120,-25.81103874103782,0.0,120,-39.166950854167474,0.0,120,-36.51025531502914,0.0,120,-49.18248574875363,0.0,0.0,0.660809345953911,0.660809345953911,0.0,-23782.528360881257,-23782.528360881257,2378.9136454340796,2378.9136454340796,2378.9136454340796,0.0,0.0,1658.9136454340796,0.0,720
2378.2528360881256,0.0,-23782.528360881257,1658.9136454340796,22024.103491023896,0.0,-0.0,0.533878832836979,0.47997237932604736,0.0,799.2,0.0,0.0,1.0,888.0,-0.0,120,-12.692810164754258,0.0,120,-44.794857730811685,0.0,120,-23.315391542438853,0.0,120,-2.5290833347889707,0.0,120,-29.13426339030867,0.0,120,-0.7625169394537523,0.0,0.0,0.660809345953911,0.660809345953911,0.0,-23782.528360881257,-23782.528360881257,2378.9136454340796,2378.9136454340796,2378.9136454340796,0.0,0.0,1658.9136454340796,0.0,720
2378.2528360881256,0.0,-23782.528360881257,1658.9136454340796,23517.12577191457,0.0,-0.0,0.570070680239366,0.47997237932604736,0.0,799.2,0.0,0.0,1.0,888.0,-0.0,120,-13.614211462440418,0.0,120,-23.23098355485243,0.0,120,-47.92699276355406,0.0,120,-37.480555726176135,0.0,120,-4.518271195933872,0.0,120,-19.228742488628548,0.0,0.0,0.660809345953911,0.660809345953911,0.0,-23782.528360881257,-23782.528360881257,2378.9136454340796,2378.9136454340796,2378.9136454340796,0.0,0.0,1658.9136454340796,0.0,720
2362.2133827703697,0.0,-23622.133827703696,1642.8697354746682,25010.14805280524,0.0,-0.0,0.6062625276417531,0.47997237932604736,0.0,799.2,0.0,0.0,1.0,888.0,-0.0,120,-34.98808081964519,0.0,120,-11.427514869616376,0.0,120,-58.15154672293827,0.0,120,-59.65979692482171,0.0,120,-43.43092804509047,0.0,120,-29.15422991654323,0.0,0.0,0.656352704298519,0.656352704298519,0.0,-23622.133827703696,-23622.133827703696,2362.8697354746682,2362.8697354746682,2362.8697354746682,0.0,0.0,1642.8697354746682,0.0,720
2362.2133827703697,0.0,-23622.133827703696,1642.8697354746682,26488.730814732444,0.0,-0.0,0.6421043515558249,0.47997237932604736,0.0,799.2,0.0,0.0,1.0,888.0,-0.0,120,-28.912117208341527,0.0,120,-36.489564442622154,0.0,120,-57.47685209279918,0.0,120,-49.67766860352734,0.0,120,-33.589767714648744,0.0,120,-48.707492227254505,0.0,0.0,0.656352704298519,0.656352704298519,0.0,-23622.133827703696,-23622.133827703696,2362.8697354746682,2362.8697354746682,2362.8697354746682,0.0,0.0,1642.8697354746682,0.0,720
2362.2133827703697,0.0,-23622.133827703696,1642.8697354746682,27967.313576659646,0.0,-0.0,0.6779461754698967,0.47997237932604736,0.0,799.2,0.0,0.0,1.0,888.0,-0.0,120,-11.07604862876746,0.0,120,-16.831502077742215,0.0,120,-37.85864107637019,0.0,120,-35.767963348466424,0.0,120,-10.383648798747728,0.0,120,-3.245972768482408,0.0,0.0,0.656352704298519,0.656352704298519,0.0,-23622.133827703696,-23622.133827703696,2362.8697354746682,2362.8697354746682,2362.8697354746682,0.0,0.0,1642.8697354746682,0.0,720
2362.2133827703697,0.0,-23622.133827703696,1642.8697354746682,29445.89633858685,0.0,-0.0,0.7137879993839684,0.47997237932604736,0.0,799.2,0.0,0.0,1.0,888.0,-0.0,120,-56.13462943803763,0.0,120,-52.32612366416133,0.0,120,-15.876475418895982,0.0,120,-11.131943737005749,0.0,120,-53.53885811679865,0.0,120,-43.69781281900628,0.0,0.0,0.656352704298519,0.656352704298519,0.0,-23622.133827703696,-23622.133827703696,2362.8697354746682,2362.8697354746682,2362.8697354746682,0.0,0.0,1642.8697354746682,0.0,720
2362.2133827703697,0.0,-23622.133827703696,1642.8697354746682,30924.47910051405,0.0,-0.0,0.7496298232980402,0.47997237932604736,0.0,799.2,0.0,0.0,1.0,888.0,-0.0,120,-39.1818178926004,0.0,120,-9.429482135142045,0.0,120,-51.90281470784767,0.0,120,-1.2733146842815057,0.0,120,-7.967745324590028,0.0,120,-34.919948267712265,0.0,0.0,0.656352704298519,0.656352704298519,0.0,-23622.133827703696,-23622.133827703696,2362.8697354746682,2362.8697354746682,2362.8697354746682,0.0,0.0,1642.8697354746682,0.0,720
2362.2133827703697,0.0,-23622.133827703696,1642.8697354746682,32403.061862441253,0.0,-0.0,0.7854716472121119,0.47997237932604736,0.0,799.2,0.0,0.0,1.0,888.0,-0.0,120,-21.829680974501308,0.0,120,-14.89055599022298,0.0,120,-23.222529654186282,0.0,120,-45.4850245504298,0.0,120,-12.931415691534768,0.0,120,-58.85174653373259,0.0,0.0,0.656352704298519,0.656352704298519,0.0,-23622.133827703696,-23622.133827703696,2362.8697354746682,2362.8697354746682,2362.8697354746682,0.0,0.0,1642.8697354746682,0.0,720
2131.8031885538353,0.0,-21318.031885538352,1412.3955206429027,33881.644624368455,0.0,-0.0,0.8213134711261837,0.47997237932604736,0.0,799.2,0.0,0.0,1.0,888.0,-0.0,120,-18.879263944374955,0.0,120,-21.93399640959623,0.0,120,-10.622485327446388,0.0,120,-2.3797391670076062,0.0,120,-26.652507137058656,0.0,120,-12.37441852711907,0.0,0.0,0.592332089067473,0.592332089067473,0.0,-21318.031885538352,-21318.031885538352,2132.3955206429027,2132.3955206429027,2132.3955206429027,0.0,0.0,1412.3955206429027,0.0,720
2131.8031885538353,0.0,-21318.031885538352,1412.3955206429027,35152.80059294707,0.0,-0.0,0.8521271324012089,0.47997237932604736,0.0,799.2,0.0,0.0,1.0,888.0,-0.0,120,-44.728986377101656,0.0,120,-18.436578555198384,0.0,120,-52.855461132814476,0.0,120,-29.533006631655777,0.0,120,-24.39112787696931,0.0,120,-26.152586433091546,0.0,0.0,0.592332089067473,0.592332089067473,0.0,-21318.031885538352,-21318.031885538352,2132.3955206429027,2132.3955206429027,2132.3955206429027,0.0,0.0,1412.3955206429027,0.0,720
2131.8031885538353,0.0,-21318.031885538352,1412.3955206429027,36423.95656152568,0.0,-0.0,0.882940793676234,0.47997237932604736,0.0,799.2,0.0,0.0,1.0,888.0,-0.0,120,-33.90736038809705,0.0,120,-45.03312933860087,0.0,120,-11.185525137738475,0.0,120,-2.4303086706927512,0.0,120,-46.68038128018228,0.0,120,-4.602492883621783,0.0,0.0,0.592332089067473,0.592332089067473,0.0,-21318.031885538352,-21318.031885538352,2132.3955206429027,2132.3955206429027,2132.3955206429027,0.0,0.0,1412.3955206429027,0.0,720
2131.8031885538353,0.0,-21318.031885538352,1412.3955206429027,37695.11253010429,0.0,-0.0,0.9137544549512591,0.47997237932604736,0.0,799.2,0.0,0.0,1.0,888.0,-0.0,120,-43.691839685483785,0.0,120,-56.30397244990687,0.0,120,-22.90971162476268,0.0,120,-35.1198834211529,0.0,120,-25.370805203318746,0.0,120,-55.5703744801323,0.0,0.0,0.592332089067473,0.592332089067473,0.0,-21318.031885538352,-21318.031885538352,2132.3955206429027,2132.3955206429027,2132.3955206429027,0.0,0.0,1412.3955206429027,0.0,720
2131.8031885538353,0.0,-21318.031885538352,1412.3955206429027,38966.268498682904,0.0,-0.0,0.9445681162262842,0.47997237932604736,0.0,799.2,0.0,0.0,1.0,888.0,-0.0,120,-0.9623497443343743,0.0,120,-35.333447852708225,0.0,120,-58.69518020390398,0.0,120,-1.8626915830348345,0.0,120,-48.006757677224364,0.0,120,-10.970924182594864,0.0,0.0,0.592332089067473,0.592332089067473,0.0,-21318.031885538352,-21318.031885538352,2132.3955206429027,2132.3955206429027,2132.3955206429027,0.0,0.0,1412.3955206429027,0.0,720
2131.8031885538353,0.0,-21318.031885538352,1128.4172585983147,40237.42446726152,0.0,-0.0,0.9753817775013094,0.47997237932604736,0.0,799.2,285.97826204458806,0.0,1.0,888.0,228553.8270260348,120,-10.850484850206614,0.0,118,-36.80647562567252,0.0,120,-52.852230788699806,0.0,120,-21.165157060920905,0.0,120,-54.26525734760415,0.0,120,-46.206340897033954,0.0,0.0,0.592332089067473,0.592332089067473,0.0,207235.79514049646,207235.79514049646,2132.3955206429027,2132.3955206429027,2132.3955206429027,0.0,0.0,1414.3955206429027,0.0,718
1691.2240009258016,0.0,-16912.240009258017,0.0,41253.0,0.0,-0.0,1.0,0.47997237932604736,0.0,799.2,973.6939159024412,0.0,1.0,888.0,778176.177589231,120,-48.56546416451783,0.0,118,-51.78725758290991,0.0,120,-4.981480672691068,0.0,120,-16.855576733229604,0.0,120,-39.32962388354576,0.0,120,-5.7057151846399545,0.0,0.0,0.469914976639567,0.469914976639567,0.0,761263.937579973,761263.937579973,1691.6939159024412,1691.6939159024412,1691.6939159024412,0.0,0.0,973.6939159024412,0.0,718
1691.2240009258016,0.0,-16912.240009258017,0.0,41253.0,0.0,-0.0,1.0,0.47997237932604736,0.0,799.2,973.6939159024412,0.0,1.0,888.0,778176.177589231,120,-47.551561441983175,0.0,118,-3.1664605428331205,0.0,120,-50.625028775836824,0.0,120,-17.413122843109765,0.0,120,-37.8061209999212,0.0,120,-38.62075173396029,0.0,0.0,0.469914976639567,0.469914976639567,0.0,761263.937579973,761263.937579973,1691.6939159024412,1691.6939159024412,1691.6939159024412,0.0,0.0,973.6939159024412,0.0,718
1691.2240009258016,0.0,-16912.240009258017,0.0,41253.0,0.0,-0.0,1.0,0.47997237932604736,0.0,799.2,973.6939159024412,0.0,1.0,888.0,778176.177589231,120,-43.60947862342834,0.0,118,-27.283785809316043,0.0,120,-50.31206777499398,0.0,120,-27.449822043550533,0.0,120,-59.167613672834726,0.0,120,-33.6560498329886,0.0,0.0,0.469914976639567,0.469914976639567,0.0,761263.937579973,761263.937579973,1691.6939159024412,1691.6939159024412,1691.6939159024412,0.0,0.0,973.6939159024412,0.0,718
1691.2240009258016,0.0,-16912.240009258017,0.0,41253.0,0.0,-0.0,1.0,0.47997237932604736,0.0,799.2,973.6939159024412,0.0,1.0,888.0,778176.177589231,120,-13.457139295616777,0.0,118,-24.3684842622592,0.0,120,-24.019210185141503,0.0,120,-50.373783912439706,0.0,120,-44.088281242848076,0.0,120,-15.267353847154968,0.0,0.0,0.469914976639567,0.469914976639567,0.0,761263.937579973,761263.937579973,1691.6939159024412,1691.6939159024412,1691.6939159024412,0.0,0.0,973.6939159024412,0.0,718
1691.2240009258016,0.0,-16912.240009258017,0.0,41253.0,0.0,-0.0,1.0,0.47997237932604736,0.0,799.2,973.6939159024412,0.0,1.0,888.0,778176.177589231,120,-40.37086429539257,0.0,118,-35.86783005749119,0.0,120,-58.13938472279866,0.0,120,-54.43317184119222,0.0,120,-27.194595840344153,0.0,120,-30.270469399181515,0.0,0.0,0.469914976639567,0.469914976639567,0.0,761263.937579973,761263.937579973,1691.6939159024412,1691.6939159024412,1691.6939159024412,0.0,0.0,973.6939159024412,0.0,718
1691.2240009258016,0.0,-16912.240009258017,0.0,41253.0,0.0,-0.0,1.0,0.47997237932604736,0.0,799.2,973.6939159024412,0.0,1.0,888.0,778176.177589231,120,-10.423943799776822,0.0,118,-10.210243319777401,0.0,120,-23.813323834969356,0.0,120,-56.234455010361216,0.0,120,-50.95214580170717,0.0,120,-15.073643801068695,0.0,0.0,0.469914976639567,0.469914976639567,0.0,761263.937579973,761263.937579973,1691.6939159024412,1691.6939159024412,1691.6939159024412,0.0,0.0,973.6939159024412,0.0,718
1032.1762693627536,0.0,-10321.762693627536,0.0,41253.0,0.0,-0.0,1.0,0.47997237932604736,0.0,799.2,314.46306465849216,0.0,1.0,888.0,251318.88127506696,120,-48.9891601623867,0.0,118,-58.60314893740856,0.0,120,-30.38956558121985,0.0,120,-39.52044098699915,0.0,120,-1.6734814310586543,0.0,120,-0.08725581846629415,0.0,0.0,0.28679529573847,0.28679529573847,0.0,240997.11858143943,240997.11858143943,1032.4630646584922,1032.4630646584922,1032.4630646584922,0.0,0.0,314.46306465849216,0.0,718
1032.1762693627536,0.0,-10321.762693627536,0.0,41253.0,0.0,-0.0,1.0,0.47997237932604736,0.0,799.2,314.46306465849216,0.0,1.0,888.0,251318.88127506696,120,-58.95902443070038,0.0,118,-58.00341626419921,0.0,120,-20.03064027419564,0.0,120,-15.131610937003446,0.0,120,-11.580539343135337,0.0,120,-15.693556108675406,0.0,0.0,0.28679529573847,0.28679529573847,0.0,240997.11858143943,240997.11858143943,1032.4630646584922,1032.4630646584922,1032.4630646584922,0.0,0.0,314.46306465849216,0.0,718
1032.1762693627536,0.0,-10321.762693627536,0.0,41253.0,0.0,-0.0,1.0,0.47997237932604736,0.0,799.2,314.46306465849216,0.0,1.0,888.0,251318.88127506696,120,-42.35391289918193,0.0,118,-4.3503196014768575,0.0,120,-35.51478704921822,0.0,120,-14.375168221699852,0.0,120,-38.34712161652072,0.0,120,-46.2650036771688,0.0,0.0,0.28679529573847,0.28679529573847,0.0,240997.11858143943,240997.11858143943,1032.4630646584922,1032.4630646584922,1032.4630646584922,0.0,0.0,314.46306465849216,0.0,718
1032.1762693627536,0.0,-10321.762693627536,0.0,41253.0,0.0,-0.0,1.0,0.47997237932604736,0.0,799.2,314.46306465849216,0.0,1.0,888.0,251318.88127506696,120,-23.923177049933518,0.0,118,-45.902740510229904,0.0,120,-29.446655793857346,0.0,120,-23.436207191351325,0.0,120,-18.25479616442734,0.0,120,-53.53752191896675,0.0,0.0,0.28679529573847,0.28679529573847,0.0,240997.11858143943,240997.11858143943,1032.4630646584922,1032.4630646584922,1032.4630646584922,0.0,0.0,314.46306465849216,0.0,718
1032.1762693627536,0.0,-10321.762693627536,0.0,41253.0,0.0,-0.0,1.0,0.47997237932604736,0.0,799.2,318.46306465849216,0.0,1.0,888.0,254515.68127506695,118,-13.012888809445123,0.0,118,-9.198348261663487,0.0,120,-44.36467524397933,0.0,120,-5.880622823384158,0.0,118,-48.03866941938897,0.0,120,-44.13958432998721,0.0,0.0,0.28679529573847,0.28679529573847,0.0,244193.91858143941,244193.91858143941,1032.4630646584922,1032.4630646584922,1032.4630646584922,0.0,0.0,318.46306465849216,0.0,714
1032.1762693627536,0.0,-10321.762693627536,0.0,41253.0,0.0,-0.0,1.0,0.47997237932604736,0.0,799.2,256.46306465849216,0.0,1.0,888.0,204965.28127506695,118,-5.602395884227063,0.0,118,-47.309212946494256,0.0,120,-15.07601098512945,0.0,120,-24.143612674696037,0.0,180,-13.774022306629552,0.0,120,-27.509481201692083,0.0,0.0,0.28679529573847,0.28679529573847,0.0,194643.51858143942,194643.51858143942,1032.4630646584922,1032.4630646584922,1032.4630646584922,0.0,0.0,256.46306465849216,0.0,776
335.370198191159,0.0,-3353.70198191159,0.0,41253.0,440.53661753593434,-0.0,1.0,0.47997237932604736,0.0,799.2,0.0,0.0,1.0,888.0,-0.0,118,-26.92095467232988,0.0,118,-0.35727249602294675,0.0,120,-6.199462347520552,0.0,120,-31.79009523283832,0.0,180,-50.0395555017753,0.0,120,-2.379536154523083,0.0,0.0,0.0931842729066849,0.0931842729066849,0.0,-3353.70198191159,-3353.70198191159,776.0,776.0,335.46338246406566,0.0,440.53661753593434,0.0,0.0,776
335.370198191159,0.0,-3353.70198191159,0.0,40763.51486940452,440.53661753593434,-0.0,0.9881345567450736,0.47997237932604736,0.0,799.2,0.0,0.0,1.0,888.0,-0.0,118,-32.391052333363525,0.0,118,-0.4986594462873817,0.0,120,-46.40021764512183,0.0,120,-17.60342275739671,0.0,180,-34.28618421448896,0.0,120,-14.401209980616027,0.0,0.0,0.0931842729066849,0.0931842729066849,0.0,-3353.70198191159,-3353.70198191159,776.0,776.0,335.46338246406566,0.0,440.53661753593434,0.0,0.0,776
335.370198191159,0.0,-3353.70198191159,0.0,40274.02973880904,440.53661753593434,-0.0,0.9762691134901471,0.47997237932604736,0.0,799.2,0.0,0.0,1.0,888.0,-0.0,118,-6.2860301983277385,0.0,118,-20.825146264455984,0.0,120,-8.092654677938043,0.0,120,-27.773323816419705,0.0,180,-49.67068090027693,0.0,120,-5.938975402932956,0.0,0.0,0.0931842729066849,0.0931842729066849,0.0,-3353.70198191159,-3353.70198191159,776.0,776.0,335.46338246406566,0.0,440.53661753593434,0.0,0.0,776
335.370198191159,0.0,-3353.70198191159,0.0,39784.54460821356,440.53661753593434,-0.0,0.9644036702352207,0.47997237932604736,0.0,799.2,0.0,0.0,1.0,888.0,-0.0,118,-43.59943018387549,0.0,118,-12.173023307916388,0.0,120,-44.73649160634597,0.0,120,-20.91380381867515,0.0,180,-42.288480298643876,0.0,120,-48.68567386761213,0.0,0.0,0.0931842729066849,0.0931842729066849,0.0,-3353.70198191159,-3353.70198191159,776.0,776.0,335.46338246406566,0.0,440.53661753593434,0.0,0.0,776
335.370198191159,0.0,-3353.70198191159,0.0,39295.05947761808,440.53661753593434,-0.0,0.9525382269802943,0.47997237932604736,0.0,799.2,0.0,0.0,1.0,888.0,-0.0,118,-49.97289714759101,0.0,118,-17.265278232889493,0.0,120,-40.75846834015585,0.0,120,-12.271804636956091,0.0,180,-17.572602087419032,0.0,120,-5.934634737014168,0.0,0.0,0.0931842729066849,0.0931842729066849,0.0,-3353.70198191159,-3353.70198191159,776.0,776.0,335.46338246406566,0.0,440.53661753593434,0.0,0.0,776
335.370198191159,0.0,-3353.70198191159,0.0,38805.5743470226,440.53661753593434,-0.0,0.9406727837253679,0.47997237932604736,0.0,799.2,0.0,0.0,1.0,888.0,-0.0,118,-28.664822944641607,0.0,118,-39.27566672098936,0.0,120,-47.01788478263847,0.0,120,-49.69600750869964,0.0,180,-13.005307100023538,0.0,120,-56.30718421291278,0.0,0.0,0.0931842729066849,0.0931842729066849,0.0,-3353.70198191159,-3353.70198191159,776.0,776.0,335.46338246406566,0.0,440.53661753593434,0.0,0.0,776
0.0,0.0,-0.0,0.0,38316.08921642712,776.0,-0.0,0.9288073404704414,0.47997237932604736,0.0,799.2,0.0,0.0,1.0,888.0,-0.0,118,-25.10643764348458,0.0,118,-35.078988059606,0.0,120,-24.18743970165169,0.0,120,-35.22779895425528,0.0,180,-18.946725757701202,0.0,120,-6.170216398334505,0.0,0.0,0.0,0.0,0.0,0.0,0.0,776.0,776.0,0.0,0.0,776.0,0.0,0.0,776
0.0,0.0,-0.0,0.0,37453.8669942049,776.0,-0.0,0.9079065036289459,0.47997237932604736,0.0,799.2,0.0,0.0,1.0,888.0,-0.0,118,-56.725004309205836,0.0,118,-9.47327078393946,0.0,120,-17.032691871438544,0.0,120,-12.264905638675128,0.0,180,-16.495984008199073,0.0,120,-35.85776160746769,0.0,0.0,0.0,0.0,0.0,0.0,0.0,776.0,776.0,0.0,0.0,776.0,0.0,0.0,776
0.0,0.0,-0.0,0.0,36591.64477198268,776.0,-0.0,0.8870056667874502,0.47997237932604736,0.0,799.2,0.0,0.0,1.0,888.0,-0.0,118,-1.3211465963604918,0.0,118,-48.64626234142304,0.0,120,-4.365726433445789,0.0,120,-44.38631152334865,0.0,180,-31.49018293307321,0.0,120,-38.492035380585946,0.0,0.0,0.0,0.0,0.0,0.0,0.0,776.0,776.0,0.0,0.0,776.0,0.0,0.0,776
0.0,0.0,-0.0,0.0,35729.422549760464,776.0,-0.0,0.8661048299459546,0.47997237932604736,0.0,799.2,0.0,0.0,1.0,888.0,-0.0,118,-18.535231515667533,0.0,118,-8.635963324157158,0.0,120,-33.19803112801992,0.0,120,-9.127430648350188,0.0,180,-53.19691510949296,0.0,120,-59.99212230463571,0.0,0.0,0.0,0.0,0.0,0.0,0.0,776.0,776.0,0.0,0.0,776.0,0.0,0.0,776
0.0,0.0,-0.0,0.0,34867.200327538245,714.0,-0.0,0.8452039931044589,0.47997237932604736,0.0,799.2,0.0,0.0,1.0,888.0,-0.0,118,-25.28541860780924,0.0,118,-53.4172356123352,0.0,120,-5.532873212842844,0.0,120,-8.2072028382656,0.0,118,-58.78355368898773,0.0,120,-35.85081130091605,0.0,0.0,0.0,0.0,0.0,0.0,0.0,714.0,714.0,0.0,0.0,714.0,0.0,0.0,714
0.0,0.0,-0.0,0.0,34073.86699420491,714.0,-0.0,0.8259730684848353,0.47997237932604736,0.0,799.2,0.0,0.0,1.0,888.0,-0.0,118,-4.627461130936579,0.0,118,-38.44088693068568,0.0,120,-35.38462713549366,0.0,120,-43.58024198721147,0.0,118,-49.721983581951086,0.0,120,-34.18066421031513,0.0,0.0,0.0,0.0,0.0,0.0,0.0,714.0,714.0,0.0,0.0,714.0,0.0,0.0,714
0.0,0.0,-0.0,0.0,33280.53366087157,714.0,-0.0,0.8067421438652116,0.47997237932604736,0.0,799.2,0.0,0.0,1.0,888.0,-0.0,118,-23.532042550428912,0.0,118,-8.831781233673032,0.0,120,-4.936260189167507,0.0,120,-52.947238171983734,0.0,118,-6.715137536735241,0.0,120,-13.781217573753647,0.0,0.0,0.0,0.0,0.0,0.0,0.0,714.0,714.0,0.0,0.0,714.0,0.0,0.0,714
0.0,0.0,-0.0,0.0,32487.20032753824,714.0,-0.0,0.787511219245588,0.47997237932604736,0.0,799.2,0.0,0.0,1.0,888.0,-0.0,118,-55.58118296428112,0.0,118,-31.734185726552305,0.0,120,-22.802960841113613,0.0,120,-25.57275956158978,0.0,118,-33.24232645536959,0.0,120,-4.847557642861093,0.0,0.0,0.0,0.0,0.0,0.0,0.0,714.0,714.0,0.0,0.0,714.0,0.0,0.0,714
0.0,0.0,-0.0,0.0,31693.86699420491,714.0,-0.0,0.7682802946259644,0.47997237932604736,0.0,799.2,0.0,0.0,1.0,888.0,-0.0,118,-55.14145983066816,0.0,118,-15.242990973204588,0.0,120,-51.34846585553001,0.0,120,-52.264955981704894,0.0,118,-3.673114461400846,0.0,120,-32.53398700409496,0.0,0.0,0.0,0.0,0.0,0.0,0.0,714.0,714.0,0.0,0.0,714.0,0.0,0.0,714
0.0,0.0,-0.0,0.0,30900.533660871577,714.0,-0.0,0.7490493700063408,0.47997237932604736,0.0,799.2,0.0,0.0,1.0,888.0,-0.0,118,-33.45210946861282,0.0,118,-13.297430712869218,0.0,120,-17.252755518292368,0.0,120,-20.083283311976324,0.0,118,-40.83434853883981,0.0,120,-27.8786234922211,0.0,0.0,0.0,0.0,0.0,0.0,0.0,714.0,714.0,0.0,0.0,714.0,0.0,0.0,714
0.0,0.0,-0.0,0.0,30107.200327538245,714.0,-0.0,0.7298184453867173,0.47997237932604736,0.0,799.2,0.0,0.0,1.0,888.0,-0.0,118,-3.444729015839769,0.0,118,-42.897106813591165,0.0,120,-58.606308580458176,0.0,120,-36.53508068812189,0.0,118,-47.71973085330233,0.0,120,-40.254485036166294,0.0,0.0,0.0,0.0,0.0,0.0,0.0,714.0,714.0,0.0,0.0,714.0,0.0,0.0,714
0.0,0.0,-0.0,0.0,29313.866994204913,714.0,-0.0,0.7105875207670936,0.47997237932604736,0.0,799.2,0.0,0.0,1.0,888.0,-0.0,118,-8.280769749978285,0.0,118,-48.96212810447429,0.0,120,-14.689757420441413,0.0,120,-20.998270260063553,0.0,118,-39.060785644241875,0.0,120,-57.775860428487746,0.0,0.0,0.0,0.0,0.0,0.0,0.0,714.0,714.0,0.0,0.0,714.0,0.0,0.0,714
0.0,0.0,-0.0,0.0,28520.53366087158,716.0,-0.0,0.69135659614747,0.47997237932604736,0.0,799.2,0.0,0.0,1.0,888.0,-0.0,118,-17.92662622106066,0.0,120,-52.36101930737533,0.0,120,-15.667510980775472,0.0,120,-16.962447755852963,0.0,118,-11.179911734341472,0.0,120,-39.75192062124531,0.0,0.0,0.0,0.0,0.0,0.0,0.0,716.0,716.0,0.0,0.0,716.0,0.0,0.0,716
0.0,0.0,-0.0,0.0,27724.978105316026,716.0,-0.0,0.672071803391657,0.47997237932604736,0.0,799.2,0.0,0.0,1.0,888.0,-0.0,118,-5.095595902026369,0.0,120,-14.69526727575748,0.0,120,-8.976831499854308,0.0,120,-54.23495187920498,0.0,118,-48.65277852504321,0.0,120,-54.67290649022859,0.0,0.0,0.0,0.0,0.0,0.0,0.0,716.0,716.0,0.0,0.0,716.0,0.0,0.0,716
0.0,0.0,-0.0,0.0,26929.42254976047,716.0,-0.0,0.652787010635844,0.47997237932604736,0.0,799.2,0.0,0.0,1.0,888.0,-0.0,118,-7.513570926932003,0.0,120,-31.203426463324377,0.0,120,-40.012407398596636,0.0,120,-30.188715601621052,0.0,118,-46.94820140788191,0.0,120,-58.025981241898165,0.0,0.0,0.0,0.0,0.0,0.0,0.0,716.0,716.0,0.0,0.0,716.0,0.0,0.0,716
0.0,0.0,-0.0,0.0,26133.866994204916,716.0,-0.0,0.6335022178800309,0.47997237932604736,0.0,799.2,0.0,0.0,1.0,888.0,-0.0,118,-26.438656789237868,0.0,120,-0.2526950999898525,0.0,120,-36.72795475596187,0.0,120,-39.87108516801185,0.0,118,-54.71333977211506,0.0,120,-47.82616182051092,0.0,0.0,0.0,0.0,0.0,0.0,0.0,716.0,716.0,0.0,0.0,716.0,0.0,0.0,716
0.0,0.0,-0.0,0.0,25338.31143864936,716.0,-0.0,0.614217425124218,0.47997237932604736,0.0,799.2,0.0,0.0,1.0,888.0,-0.0,118,-23.99165768105837,0.0,120,-6.0725180349138235,0.0,120,-59.498708001227044,0.0,120,-34.14235363787689,0.0,118,-34.35115376886983,0.0,120,-30.277052906127242,0.0,0.0,0.0,0.0,0.0,0.0,0.0,716.0,716.0,0.0,0.0,716.0,0.0,0.0,716
0.0,0.0,-0.0,0.0,24542.755883093807,716.0,-0.0,0.5949326323684049,0.47997237932604736,0.0,799.2,0.0,0.0,1.0,888.0,-0.0,118,-53.042508290472426,0.0,120,-51.09899019880031,0.0,120,-27.334347738796865,0.0,120,-16.06468040065572,0.0,118,-4.186504643582021,0.0,120,-8.849559172065195,0.0,0.0,0.0,0.0,0.0,0.0,0.0,716.0,716.0,0.0,0.0,716.0,0.0,0.0,716
0.0,0.0,-0.0,0.0,23747.200327538252,716.0,-0.0,0.5756478396125919,0.47997237932604736,0.0,799.2,0.0,0.0,1.0,888.0,-0.0,118,-30.565945349664588,0.0,120,-37.034512629103325,0.0,120,-8.834019815639396,0.0,120,-21.329687722513874,0.0,118,-41.24568424955181,0.0,120,-34.58142444683261,0.0,0.0,0.0,0.0,0.0,0.0,0.0,716.0,716.0,0.0,0.0,716.0,0.0,0.0,716
0.0,0.0,-0.0,0.0,22951.644771982697,716.0,-0.0,0.5563630468567788,0.47997237932604736,0.0,799.2,0.0,0.0,1.0,888.0,-0.0,118,-51.30738851494768,0.0,120,-17.776378256599497,0.0,120,-0.1126251000571643,0.0,120,-4.632275785069558,0.0,118,-24.50337185256013,0.0,120,-41.2469841923499,0.0,0.0,0.0,0.0,0.0,0.0,0.0,716.0,716.0,0.0,0.0,716.0,0.0,0.0,716
0.0,0.0,-0.0,0.0,22156.089216427143,716.0,-0.0,0.5370782541009658,0.47997237932604736,0.0,799.2,0.0,0.0,1.0,888.0,-0.0,118,-53.98721280901238,0.0,120,-1.8678219531902251,0.0,120,-55.57431097967696,0.0,120,-4.458185095040024,0.0,118,-1.9727476418551015,0.0,120,-30.561626297599535,0.0,0.0,0.0,0.0,0.0,0.0,0.0,716.0,716.0,0.0,0.0,716.0,0.0,0.0,716
0.0,0.0,-0.0,0.0,21360.533660871588,716.0,-0.0,0.5177934613451528,0.47997237932604736,0.0,799.2,0.0,0.0,1.0,888.0,-0.0,118,-41.90548404653198,0.0,120,-14.892218084879467,0.0,120,-30.70255651338946,0.0,120,-47.515162270825606,0.0,118,-4.182042485235156,0.0,120,-3.3095436174012227,0.0,0.0,0.0,0.0,0.0,0.0,0.0,716.0,716.0,0.0,0.0,716.0,0.0,0.0,716
0.0,0.0,-0.0,0.0,20564.978105316033,716.0,-0.0,0.4985086685893398,0.47997237932604736,0.0,799.2,0.0,0.0,1.0,888.0,-0.0,118,-43.26505539538962,0.0,120,-52.95818433492167,0.0,120,-53.1574058731249,0.0,120,-49.93144665779332,0.0,118,-0.24266647176971246,0.0,120,-1.5046233521191232,0.0,0.0,0.0,0.0,0.0,0.0,0.0,716.0,716.0,0.0,0.0,716.0,0.0,0.0,716
0.0,0.0,-0.0,0.0,19769.42254976048,716.0,-0.0,0.4792238758335267,0.47997237932604736,0.0,799.2,0.0,0.0,1.0,888.0,-0.0,118,-40.55494626158813,0.0,120,-36.06104871766407,0.0,120,-9.277710519744671,0.0,120,-14.447868160010401,0.0,118,-57.11597061591806,0.0,120,-53.705683151432595,0.0,0.0,0.0,0.0,0.0,0.0,0.0,716.0,716.0,0.0,0.0,716.0,0.0,0.0,716
0.0,0.0,-0.0,0.0,18973.866994204924,716.0,-0.0,0.4599390830777137,0.47997237932604736,0.0,799.2,0.0,0.0,1.0,888.0,-0.0,118,-58.75397208564766,0.0,120,-56.8876241031231,0.0,120,-53.496580837008835,0.0,120,-56.5663902419791,0.0,118,-58.94595754621139,0.0,120,-57.19693174793274,0.0,0.0,0.0,0.0,0.0,0.0,0.0,716.0,716.0,0.0,0.0,716.0,0.0,0.0,716
0.0,0.0,-0.0,0.0,18178.31143864937,716.0,-0.0,0.4406542903219007,0.47997237932604736,0.0,799.2,0.0,0.0,1.0,888.0,-0.0,118,-24.005823140591197,0.0,120,-25.876996960973496,0.0,120,-37.958288040609666,0.0,120,-17.240403484221773,0.0,118,-15.735628445188368,0.0,120,-47.030023540552705,0.0,0.0,0.0,0.0,0.0,0.0,0.0,716.0,716.0,0.0,0.0,716.0,0.0,0.0,716
0.0,0.0,-0.0,0.0,17382.755883093814,716.0,-0.0,0.42136949756608766,0.47997237932604736,0.0,799.2,0.0,0.0,1.0,888.0,-0.0,118,-45.59897766170074,0.0,120,-38.25283682921278,0.0,120,-14.432246886412782,0.0,120,-9.713775656442511,0.0,118,-40.19889743683472,0.0,120,-47.171833357406406,0.0,0.0,0.0,0.0,0.0,0.0,0.0,716.0,716.0,0.0,0.0,716.0,0.0,0.0,716
0.0,0.0,-0.0,0.0,16587.20032753826,716.0,-0.0,0.40208470481027464,0.47997237932604736,0.0,799.2,0.0,0.0,1.0,888.0,-0.0,118,-23.054023464377952,0.0,120,-14.779839532080745,0.0,120,-13.448499452797265,0.0,120,-39.999693321640045,0.0,118,-15.81447423740042,0.0,120,-4.544073798381412,0.0,0.0,0.0,0.0,0.0,0.0,0.0,716.0,716.0,0.0,0.0,716.0,0.0,0.0,716
0.0,0.0,-0.0,0.0,15791.644771982705,718.0,-0.0,0.3827999120544616,0.47997237932604736,0.0,799.2,0.0,0.0,1.0,888.0,-0.0,120,-48.48274392424152,0.0,120,-11.362092356746958,0.0,120,-14.509487778034277,0.0,120,-46.33177866483032,0.0,118,-14.188467210527422,0.0,120,-16.157545768229276,0.0,0.0,0.0,0.0,0.0,0.0,0.0,718.0,718.0,0.0,0.0,718.0,0.0,0.0,718
0.0,0.0,-0.0,0.0,14993.866994204927,718.0,-0.0,0.36346125116245914,0.47997237932604736,0.0,799.2,0.0,0.0,1.0,888.0,-0.0,120,-44.66352504564173,0.0,120,-17.214981717457935,0.0,120,-36.93241592712052,0.0,120,-4.871404964829001,0.0,118,-55.03558868494805,0.0,120,-57.21727382355932,0.0,0.0,0.0,0.0,0.0,0.0,0.0,718.0,718.0,0.0,0.0,718.0,0.0,0.0,718
0.0,0.0,-0.0,0.0,14196.08921642715,718.0,-0.0,0.3441225902704567,0.47997237932604736,0.0,799.2,0.0,0.0,1.0,888.0,-0.0,120,-22.781555701961363,0.0,120,-6.699553791142465,0.0,120,-15.770404918928255,0.0,120,-9.352019980972958,0.0,118,-19.289762683358084,0.0,120,-42.50028546940054,0.0,0.0,0.0,0.0,0.0,0.0,0.0,718.0,718.0,0.0,0.0,718.0,0.0,0.0,718
0.0,0.0,-0.0,0.0,13398.311438649373,718.0,-0.0,0.32478392937845424,0.47997237932604736,0.0,799.2,0.0,0.0,1.0,888.0,-0.0,120,-19.886055087788947,0.0,120,-50.36915178182358,0.0,120,-25.862230849662268,0.0,120,-30.018827758477766,0.0,118,-6.880610394392366,0.0,120,-58.08221844560163,0.0,0.0,0.0,0.0,0.0,0.0,0.0,718.0,718.0,0.0,0.0,718.0,0.0,0.0,718
0.0,0.0,-0.0,0.0,12600.533660871595,718.0,-0.0,0.30544526848645176,0.47997237932604736,0.0,799.2,0.0,0.0,1.0,888.0,-0.0,120,-5.340609180058542,0.0,120,-3.863651487386772,0.0,120,-39.98843475878533,0.0,120,-44.70693187265285,0.0,118,-11.454108379148767,0.0,120,-3.1368724823850402,0.0,0.0,0.0,0.0,0.0,0.0,0.0,718.0,718.0,0.0,0.0,718.0,0.0,0.0,718
0.0,0.0,-0.0,0.0,11802.755883093818,718.0,-0.0,0.28610660759444934,0.47997237932604736,0.0,799.2,0.0,0.0,1.0,888.0,-0.0,120,-52.63461208826248,0.0,120,-59.672357500231726,0.0,120,-57.91681620947442,0.0,120,-33.75982455017497,0.0,118,-19.295475458524,0.0,120,-56.07988639117234,0.0,0.0,0.0,0.0,0.0,0.0,0.0,718.0,718.0,0.0,0.0,718.0,0.0,0.0,718
0.0,0.0,-0.0,0.0,11004.97810531604,718.0,-0.0,0.26676794670244686,0.47997237932604736,0.0,799.2,0.0,0.0,1.0,888.0,-0.0,120,-7.773758295477373,0.0,120,-37.423603453796304,0.0,120,-52.89017570486616,0.0,120,-26.3327280585411,0.0,118,-36.779416982016606,0.0,120,-25.088424146717895,0.0,0.0,0.0,0.0,0.0,0.0,0.0,718.0,718.0,0.0,0.0,718.0,0.0,0.0,718
0.0,0.0,-0.0,0.0,10207.200327538263,718.0,-0.0,0.2474292858104444,0.47997237932604736,0.0,799.2,0.0,0.0,1.0,888.0,-0.0,120,-25.801973848029654,0.0,120,-47.88804988014559,0.0,120,-17.772413519267328,0.0,120,-1.7947732330441424,0.0,118,-38.67514132888896,0.0,120,-57.21796448613401,0.0,0.0,0.0,0.0,0.0,0.0,0.0,718.0,718.0,0.0,0.0,718.0,0.0,0.0,718
0.0,0.0,-0.0,0.0,9409.422549760486,718.0,-0.0,0.22809062491844195,0.47997237932604736,0.0,799.2,0.0,0.0,1.0,888.0,-0.0,120,-56.23421260912656,0.0,120,-39.27322081688965,0.0,120,-29.912867522064563,0.0,120,-38.95528760463682,0.0,118,-58.527447779483694,0.0,120,-31.51446176023586,0.0,0.0,0.0,0.0,0.0,0.0,0.0,718.0,718.0,0.0,0.0,718.0,0.0,0.0,718
0.0,0.0,-0.0,0.0,8611.644771982708,718.0,-0.0,0.2087519640264395,0.47997237932604736,0.0,799.2,0.0,0.0,1.0,888.0,-0.0,120,-39.68745222240475,0.0,120,-45.20420368984048,0.0,120,-24.001582343825557,0.0,120,-15.319425856199036,0.0,118,-39.4005957206729,0.0,120,-56.35614938088012,0.0,0.0,0.0,0.0,0.0,0.0,0.0,718.0,718.0,0.0,0.0,718.0,0.0,0.0,718
0.0,0.0,-0.0,0.0,7813.866994204931,718.0,-0.0,0.18941330313443702,0.47997237932604736,0.0,799.2,0.0,0.0,1.0,888.0,-0.0,120,-39.69880173542518,0.0,120,-20.019625807629904,0.0,120,-9.885159977151137,0.0,120,-24.660039361500434,0.0,118,-29.019110746779702,0.0,120,-31.570082354643464,0.0,0.0,0.0,0.0,0.0,0.0,0.0,718.0,718.0,0.0,0.0,718.0,0.0,0.0,718
0.0,0.0,-0.0,0.0,7016.089216427154,718.0,-0.0,0.17007464224243457,0.47997237932604736,0.0,799.2,0.0,0.0,1.0,888.0,-0.0,120,-58.84934825705566,0.0,120,-25.29836636784186,0.0,120,-42.95515613993619,0.0,120,-12.488352655916898,0.0,118,-41.30819123975372,0.0,120,-51.340264471671546,0.0,0.0,0.0,0.0,0.0,0.0,0.0,718.0,718.0,0.0,0.0,718.0,0.0,0.0,718
0.0,0.0,-0.0,0.0,6218.311438649376,718.0,-0.0,0.15073598135043212,0.47997237932604736,0.0,799.2,0.0,0.0,1.0,888.0,-0.0,120,-59.989777630654565,0.0,120,-42.55242962041345,0.0,120,-50.72071453258813,0.0,120,-28.981701319848753,0.0,118,-59.54885200802241,0.0,120,-31.905773220345715,0.0,0.0,0.0,0.0,0.0,0.0,0.0,718.0,718.0,0.0,0.0,718.0,0.0,0.0,718
0.0,0.0,-0.0,0.0,5420.533660871599,718.0,-0.0,0.13139732045842967,0.47997237932604736,0.0,799.2,0.0,0.0,1.0,888.0,-0.0,120,-28.890783379391017,0.0,120,-37.754288273821665,0.0,120,-18.695858945334837,0.0,120,-34.899837483373084,0.0,118,-31.75207544732634,0.0,120,-7.164439496388146,0.0,0.0,0.0,0.0,0.0,0.0,0.0,718.0,718.0,0.0,0.0,718.0,0.0,0.0,718
0.0,0.0,-0.0,0.0,4622.7558830938215,718.0,-0.0,0.1120586595664272,0.47997237932604736,0.0,799.2,0.0,0.0,1.0,888.0,-0.0,120,-39.435445280612946,0.0,120,-15.665968904777197,0.0,120,-17.077358533308594,0.0,120,-18.505276626748635,0.0,118,-42.84736869774382,0.0,120,-6.779302721869904,0.0,0.0,0.0,0.0,0.0,0.0,0.0,718.0,718.0,0.0,0.0,718.0,0.0,0.0,718
0.0,0.0,-0.0,0.0,3824.9781053160436,718.0,-0.0,0.09271999867442474,0.47997237932604736,0.0,799.2,0.0,0.0,1.0,888.0,-0.0,120,-54.10273513788076,0.0,120,-21.264007642172604,0.0,120,-2.281000116889287,0.0,120,-25.22586013983112,0.0,118,-16.088377180138508,0.0,120,-46.13507697564148,0.0,0.0,0.0,0.0,0.0,0.0,0.0,718.0,718.0,0.0,0.0,718.0,0.0,0.0,718
0.0,0.0,-0.0,0.0,3027.200327538266,718.0,-0.0,0.07338133778242227,0.47997237932604736,0.0,799.2,0.0,0.0,1.0,888.0,-0.0,120,-52.20063508433644,0.0,120,-46.98956529212095,0.0,120,-44.6195074554527,0.0,120,-28.04934684922531,0.0,118,-49.189465008044074,0.0,120,-13.631246490345925,0.0,0.0,0.0,0.0,0.0,0.0,0.0,718.0,718.0,0.0,0.0,718.0,0.0,0.0,718
0.0,0.0,-0.0,0.0,2229.422549760488,718.0,-0.0,0.0540426768904198,0.47997237932604736,0.0,799.2,0.0,0.0,1.0,888.0,-0.0,120,-22.416664537219955,0.0,120,-21.387808173492903,0.0,120,-25.146503153887842,0.0,120,-10.00121220220721,0.0,118,-32.74084351634791,0.0,120,-28.77094624185394,0.0,0.0,0.0,0.0,0.0,0.0,0.0,718.0,718.0,0.0,0.0,718.0,0.0,0.0,718
0.0,0.0,-0.0,0.0,1431.6447719827102,718.0,-0.0,0.03470401599841733,0.47997237932604736,0.0,799.2,0.0,0.0,1.0,888.0,-0.0,120,-53.02446726429309,0.0,120,-27.281738920255588,0.0,120,-24.92816917784143,0.0,120,-59.66359839263191,0.0,118,-44.34866987095505,0.0,120,-44.069197655071086,0.0,0.0,0.0,0.0,0.0,0.0,0.0,718.0,718.0,0.0,0.0,718.0,0.0,0.0,718
0.0,0.0,-0.0,0.0,633.8669942049324,570.4802947844393,-0.0,0.015365355106414865,0.47997237932604736,70.80538390978981,799.2,0.0,147.51970521556075,1.0,888.0,-130997.49823141795,120,-48.610668621498526,0.0,120,-54.44880440194103,0.0,120,-44.07597364113567,0.0,120,-50.16163678164095,0.0,118,-38.50350488180062,0.0,120,-4.545703108618286,0.0,0.0,0.0,0.0,0.0,-130997.49823141795,-130997.49823141795,718.0,718.0,0.0,0.0,718.0,0.0,0.0,718
0.0,0.0,-0.0,0.0,0.0,0.0,-0.0,0.0,0.47997237932604736,344.620168356102,799.2,0.0,718.0,1.0,888.0,-637584.0,120,-47.40460900728754,0.0,120,-17.469421781175566,0.0,120,-32.62631005179449,0.0,120,-26.16066156578671,0.0,118,-28.335478121170006,0.0,120,-8.80090551441209,0.0,0.0,0.0,0.0,0.0,-637584.0,-637584.0,718.0,718.0,0.0,0.0,718.0,0.0,0.0,718
0.0,0.0,-0.0,0.0,0.0,0.0,-0.0,0.0,0.47997237932604736,344.620168356102,799.2,0.0,718.0,1.0,888.0,-637584.0,120,-28.69792534319555,0.0,120,-49.82323995443519,0.0,120,-41.13582533530041,0.0,120,-14.526540075913204,0.0,118,-51.81207467498665,0.0,120,-26.19081972573048,0.0,0.0,0.0,0.0,0.0,-637584.0,-637584.0,718.0,718.0,0.0,0.0,718.0,0.0,0.0,718
0.0,0.0,-0.0,0.0,0.0,0.0,-0.0,0.0,0.47997237932604736,344.620168356102,799.2,0.0,718.0,1.0,888.0,-637584.0,120,-14.873071448327202,0.0,120,-46.043964296343496,0.0,120,-21.888128756288012,0.0,120,-51.16088875584412,0.0,118,-2.7960514138463655,0.0,120,-52.98159904115948,0.0,0.0,0.0,0.0,0.0,-637584.0,-637584.0,718.0,718.0,0.0,0.0,718.0,0.0,0.0,718
0.0,0.0,-0.0,0.0,0.0,0.0,-0.0,0.0,0.47997237932604736,344.620168356102,799.2,0.0,718.0,1.0,888.0,-637584.0,120,-14.278043334225021,0.0,120,-54.66747154392058,0.0,120,-21.903660306962106,0.0,120,-30.834136545422616,0.0,118,-9.915723043288502,0.0,120,-52.510781419480224,0.0,0.0,0.0,0.0,0.0,-637584.0,-637584.0,718.0,718.0,0.0,0.0,718.0,0.0,0.0,718
0.0,0.0,-0.0,0.0,0.0,0.0,-0.0,0.0,0.47997237932604736,344.620168356102,799.2,0.0,718.0,1.0,888.0,-637584.0,120,-8.302534283763217,0.0,120,-23.08848390882416,0.0,120,-25.37342778010215,0.0,120,-29.59996527605726,0.0,118,-21.564948938238324,0.0,120,-31.591573082001926,0.0,0.0,0.0,0.0,0.0,-637584.0,-637584.0,718.0,718.0,0.0,0.0,718.0,0.0,0.0,718
0.0,0.0,-0.0,0.0,0.0,0.0,-0.0,0.0,0.47997237932604736,344.620168356102,799.2,0.0,718.0,1.0,888.0,-637584.0,120,-46.00927549799632,0.0,120,-37.15265270738985,0.0,120,-1.09554081234424,0.0,120,-37.025405520930846,0.0,118,-0.25313676808446317,0.0,120,-56.21606263576501,0.0,0.0,0.0,0.0,0.0,-637584.0,-637584.0,718.0,718.0,0.0,0.0,718.0,0.0,0.0,718
0.0,0.0,-0.0,0.0,0.0,0.0,-0.0,0.0,0.47997237932604736,344.620168356102,799.2,0.0,718.0,1.0,888.0,-637584.0,120,-7.858530765697546,0.0,120,-54.99637659826617,0.0,120,-21.342538017434457,0.0,120,-16.521392790681418,0.0,118,-11.783655568486823,0.0,120,-44.97439631148054,0.0,0.0,0.0,0.0,0.0,-637584.0,-637584.0,718.0,718.0,0.0,0.0,718.0,0.0,0.0,718
0.0,0.0,-0.0,0.0,0.0,0.0,-0.0,0.0,0.47997237932604736,344.620168356102,799.2,0.0,718.0,1.0,888.0,-637584.0,120,-4.942229552775497,0.0,120,-54.95479318367862,0.0,120,-47.72388241037595,0.0,120,-55.845568213239005,0.0,118,-1.8809168335921922,0.0,120,-2.4688974864278634,0.0,0.0,0.0,0.0,0.0,-637584.0,-637584.0,718.0,718.0,0.0,0.0,718.0,0.0,0.0,718
0.0,0.0,-0.0,0.0,0.0,0.0,-0.0,0.0,0.47997237932604736,344.620168356102,799.2,0.0,718.0,1.0,888.0,-637584.0,120,-13.248077611158532,0.0,120,-5.1724398423873215,0.0,120,-14.468086867258592,0.0,120,-53.22715138006094,0.0,118,-30.094106829349503,0.0,120,-53.79652471855026,0.0,0.0,0.0,0.0,0.0,-637584.0,-637584.0,718.0,718.0,0.0,0.0,718.0,0.0,0.0,718
0.0,0.0,-0.0,0.0,0.0,0.0,-0.0,0.0,0.47997237932604736,344.620168356102,799.2,0.0,718.0,1.0,888.0,-637584.0,120,-19.344771920183483,0.0,120,-7.91786504052298,0.0,120,-12.600115065809632,0.0,120,-50.38213289570969,0.0,118,-8.619117314970982,0.0,120,-37.27346483531696,0.0,0.0,0.0,0.0,0.0,-637584.0,-637584.0,718.0,718.0,0.0,0.0,718.0,0.0,0.0,718
0.0,0.0,-0.0,0.0,0.0,0.0,-0.0,0.0,0.47997237932604736,344.620168356102,799.2,0.0,718.0,1.0,888.0,-637584.0,120,-17.248962683189244,0.0,120,-43.345759867624295,0.0,120,-12.943703636950804,0.0,120,-35.21479533935348,0.0,118,-45.28067874853947,0.0,120,-12.14401899216636,0.0,0.0,0.0,0.0,0.0,-637584.0,-637584.0,718.0,718.0,0.0,0.0,718.0,0.0,0.0,718
0.0,0.0,-0.0,0.0,0.0,0.0,-0.0,0.0,0.47997237932604736,344.620168356102,799.2,0.0,718.0,1.0,888.0,-637584.0,120,-12.098077867082562,0.0,120,-49.44010101543353,0.0,120,-41.44027848206192,0.0,120,-13.692382576488672,0.0,118,-21.69562012806329,0.0,120,-25.41886026115445,0.0,0.0,0.0,0.0,0.0,-637584.0,-637584.0,718.0,718.0,0.0,0.0,718.0,0.0,0.0,718
0.0,0.0,-0.0,0.0,0.0,0.0,-0.0,0.0,0.47997237932604736,344.620168356102,799.2,0.0,718.0,1.0,888.0,-637584.0,120,-10.62974059557638,0.0,120,-24.507322101436987,0.0,120,-6.2548805314552,0.0,120,-36.297274352239214,0.0,118,-32.370413373904086,0.0,120,-47.811962778939,0.0,0.0,0.0,0.0,0.0,-637584.0,-637584.0,718.0,718.0,0.0,0.0,718.0,0.0,0.0,718
0.0,0.0,-0.0,0.0,0.0,0.0,-0.0,0.0,0.47997237932604736,344.620168356102,799.2,0.0,718.0,1.0,888.0,-637584.0,120,-21.033179702381084,0.0,120,-23.748839862934116,0.0,120,-10.443876572580038,0.0,120,-43.90766765724859,0.0,118,-53.51015999118335,0.0,120,-27.60873120215039,0.0,0.0,0.0,0.0,0.0,-637584.0,-637584.0,718.0,718.0,0.0,0.0,718.0,0.0,0.0,718
0.0,0.0,-0.0,0.0,0.0,0.0,-0.0,0.0,0.47997237932604736,344.620168356102,799.2,0.0,718.0,1.0,888.0,-637584.0,120,-37.27042552788485,0.0,120,-29.66702333863443,0.0,120,-29.87909292514477,0.0,120,-58.38200883368775,0.0,118,-10.808274042016315,0.0,120,-4.954932476634988,0.0,0.0,0.0,0.0,0.0,-637584.0,-637584.0,718.0,718.0,0.0,0.0,718.0,0.0,0.0,718
0.0,0.0,-0.0,0.0,0.0,0.0,-0.0,0.0,0.47997237932604736,344.620168356102,799.2,0.0,718.0,1.0,888.0,-637584.0,120,-32.69407068426092,0.0,120,-44.488372584782844,0.0,120,-31.175075280911877,0.0,120,-17.23850126157117,0.0,118,-27.867324581666853,0.0,120,-38.01379041879215,0.0,0.0,0.0,0.0,0.0,-637584.0,-637584.0,718.0,718.0,0.0,0.0,718.0,0.0,0.0,718
0.0,0.0,-0.0,0.0,0.0,0.0,-0.0,0.0,0.47997237932604736,344.620168356102,799.2,0.0,718.0,1.0,888.0,-637584.0,120,-42.27185631571427,0.0,120,-49.326200086726445,0.0,120,-54.17915333636569,0.0,120,-12.92091656634671,0.0,118,-1.8765699228752397,0.0,120,-32.22435321983869,0.0,0.0,0.0,0.0,0.0,-637584.0,-637584.0,718.0,718.0,0.0,0.0,718.0,0.0,0.0,718
0.0,0.0,-0.0,0.0,0.0,0.0,-0.0,0.0,0.47997237932604736,344.620168356102,799.2,0.0,718.0,1.0,888.0,-637584.0,120,-1.0236077044861536,0.0,120,-20.352869594039753,0.0,120,-44.648741429052194,0.0,120,-13.98370748425438,0.0,118,-51.32963945299982,0.0,120,-54.30152559493352,0.0,0.0,0.0,0.0,0.0,-637584.0,-637584.0,718.0,718.0,0.0,0.0,718.0,0.0,0.0,718
0.0,0.0,-0.0,0.0,0.0,0.0,-0.0,0.0,0.47997237932604736,344.620168356102,799.2,0.0,718.0,1.0,888.0,-637584.0,120,-35.506502646919586,0.0,120,-0.3851248984440714,0.0,120,-40.87101796671679,0.0,120,-41.932294304459965,0.0,118,-54.37864673462142,0.0,120,-18.187642332100804,0.0,0.0,0.0,0.0,0.0,-637584.0,-637584.0,718.0,718.0,0.0,0.0,718.0,0.0,0.0,718
0.0,0.0,-0.0,0.0,0.0,0.0,-0.0,0.0,0.47997237932604736,344.620168356102,799.2,0.0,718.0,1.0,888.0,-637584.0,120,-15.31725428270834,0.0,120,-2.0336069494304776,0.0,120,-59.295701498206775,0.0,120,-46.994091451852185,0.0,118,-34.48851192211829,0.0,120,-18.44520911663692,0.0,0.0,0.0,0.0,0.0,-637584.0,-637584.0,718.0,718.0,0.0,0.0,718.0,0.0,0.0,718
0.0,0.0,-0.0,0.0,0.0,0.0,-0.0,0.0,0.47997237932604736,344.620168356102,799.2,0.0,718.0,1.0,888.0,-637584.0,120,-49.32553812237916,0.0,120,-23.646528506435835,0.0,120,-18.754491873176416,0.0,120,-39.893521288741844,0.0,118,-9.125164698848307,0.0,120,-23.02382921892159,0.0,0.0,0.0,0.0,0.0,-637584.0,-637584.0,718.0,718.0,0.0,0.0,718.0,0.0,0.0,718
0.0,0.0,-0.0,0.0,0.0,0.0,-0.0,0.0,0.47997237932604736,344.620168356102,799.2,0.0,718.0,1.0,888.0,-637584.0,120,-24.038798110548505,0.0,120,-8.169545969725789,0.0,120,-29.612061328894377,0.0,120,-42.42839617292368,0.0,118,-12.141578355364155,0.0,120,-10.412235951794209,0.0,0.0,0.0,0.0,0.0,-637584.0,-637584.0,718.0,718.0,0.0,0.0,718.0,0.0,0.0,718
0.0,0.0,-0.0,0.0,0.0,0.0,-0.0,0.0,0.47997237932604736,344.620168356102,799.2,0.0,718.0,1.0,888.0,-637584.0,120,-38.20765307955051,0.0,120,-50.5198259815098,0.0,120,-36.83160898590317,0.0,120,-2.2968753161148103,0.0,118,-27.90531661867391,0.0,120,-37.40983136228817,0.0,0.0,0.0,0.0,0.0,-637584.0,-637584.0,718.0,718.0,0.0,0.0,718.0,0.0,0.0,718
0.0,0.0,-0.0,0.0,0.0,0.0,-0.0,0.0,0.47997237932604736,344.620168356102,799.2,0.0,718.0,1.0,888.0,-637584.0,120,-1.8334030859323835,0.0,120,-58.97382600629264,0.0,120,-36.741307275288065,0.0,120,-10.813149731314489,0.0,118,-13.279799217391318,0.0,120,-30.96720415261967,0.0,0.0,0.0,0.0,0.0,-637584.0,-637584.0,718.0,718.0,0.0,0.0,718.0,0.0,0.0,718
0.0,0.0,-0.0,0.0,0.0,0.0,-0.0,0.0,0.47997237932604736,344.620168356102,799.2,0.0,718.0,1.0,888.0,-637584.0,120,-23.506567854782013,0.0,120,-53.498262038691394,0.0,120,-47.140440799833875,0.0,120,-48.103832803245766,0.0,118,-27.377937902997637,0.0,120,-47.742231037152784,0.0,0.0,0.0,0.0,0.0,-637584.0,-637584.0,718.0,718.0,0.0,0.0,718.0,0.0,0.0,718
0.0,0.0,-0.0,0.0,0.0,0.0,-0.0,0.0,0.47997237932604736,344.620168356102,799.2,0.0,718.0,1.0,888.0,-637584.0,120,-43.79672877297541,0.0,120,-3.554895458915066,0.0,120,-6.504880139649838,0.0,120,-24.674466520901124,0.0,118,-33.505463073370926,0.0,120,-59.24855399835117,0.0,0.0,0.0,0.0,0.0,-637584.0,-637584.0,718.0,718.0,0.0,0.0,718.0,0.0,0.0,718
0.0,0.0,-0.0,0.0,0.0,0.0,-0.0,0.0,0.47997237932604736,344.620168356102,799.2,0.0,718.0,1.0,888.0,-637584.0,120,-20.678437539367017,0.0,120,-14.968439063286665,0.0,120,-45.025688115028736,0.0,120,-39.027186272789805,0.0,118,-50.911916877695035,0.0,120,-57.87765330371745,0.0,0.0,0.0,0.0,0.0,-637584.0,-637584.0,718.0,718.0,0.0,0.0,718.0,0.0,0.0,718
0.0,0.0,-0.0,0.0,0.0,0.0,-0.0,0.0,0.47997237932604736,344.620168356102,799.2,0.0,718.0,1.0,888.0,-637584.0,120,-56.61954424577035,0.0,120,-37.39808777465918,0.0,120,-56.600321217782,0.0,120,-39.407660930222804,0.0,118,-52.13771141763438,0.0,120,-41.681694153916546,0.0,0.0,0.0,0.0,0.0,-637584.0,-637584.0,718.0,718.0,0.0,0.0,718.0,0.0,0.0,718
0.0,0.0,-0.0,0.0,0.0,0.0,-0.0,0.0,0.47997237932604736,344.620168356102,799.2,0.0,718.0,1.0,888.0,-637584.0,120,-47.46366649158734,0.0,120,-23.376751559652394,0.0,120,-29.265782572332018,0.0,120,-0.5722358562357854,0.0,118,-35.97471081906488,0.0,120,-11.537374203307895,0.0,0.0,0.0,0.0,0.0,-637584.0,-637584.0,718.0,718.0,0.0,0.0,718.0,0.0,0.0,718
0.0,0.0,-0.0,0.0,0.0,0.0,-0.0,0.0,0.47997237932604736,344.620168356102,799.2,0.0,718.0,1.0,888.0,-637584.0,120,-24.64292167103008,0.0,120,-24.594307424344702,0.0,120,-56.45322129592601,0.0,120,-41.68194312197395,0.0,118,-0.8046523002470818,0.0,120,-5.314159394194085,0.0,0.0,0.0,0.0,0.0,-637584.0,-637584.0,718.0,718.0,0.0,0.0,718.0,0.0,0.0,718
0.0,0.0,-0.0,0.0,0.0,0.0,-0.0,0.0,0.47997237932604736,344.620168356102,799.2,0.0,718.0,1.0,888.0,-637584.0,120,-51.270606800301,0.0,120,-27.21252827363749,0.0,120,-40.25651908681666,0.0,120,-0.6799350742417754,0.0,118,-26.70000182206018,0.0,120,-15.415245025928169,0.0,0.0,0.0,0.0,0.0,-637584.0,-637584.0,718.0,718.0,0.0,0.0,718.0,0.0,0.0,718
0.0,0.0,-0.0,0.0,0.0,0.0,-0.0,0.0,0.47997237932604736,344.620168356102,799.2,0.0,718.0,1.0,888.0,-637584.0,120,-41.3506680266925,0.0,120,-2.2964154444762874,0.0,120,-34.26567174574729,0.0,120,-48.64450752081942,0.0,118,-59.68615454100471,0.0,120,-16.29259191270381,0.0,0.0,0.0,0.0,0.0,-637584.0,-637584.0,718.0,718.0,0.0,0.0,718.0,0.0,0.0,718
0.0,0.0,-0.0,0.0,0.0,0.0,-0.0,0.0,0.47997237932604736,344.620168356102,799.2,0.0,718.0,1.0,888.0,-637584.0,120,-27.631630368916486,0.0,120,-57.55045245310554,0.0,120,-57.31491538341016,0.0,120,-2.952247409199169,0.0,118,-24.420507177412244,0.0,120,-14.811398413435663,0.0,0.0,0.0,0.0,0.0,-637584.0,-637584.0,718.0,718.0,0.0,0.0,718.0,0.0,0.0,718
0.0,0.0,-0.0,0.0,0.0,0.0,-0.0,0.0,0.47997237932604736,344.620168356102,799.2,0.0,718.0,1.0,888.0,-637584.0,120,-34.49419576962238,0.0,120,-50.85133585462388,0.0,120,-41.696972137740914,0.0,120,-12.343918359248335,0.0,118,-40.140970295532945,0.0,120,-41.04146058486154,0.0,0.0,0.0,0.0,0.0,-637584.0,-637584.0,718.0,718.0,0.0,0.0,718.0,0.0,0.0,718
0.0,0.0,-0.0,0.0,0.0,0.0,-0.0,0.0,0.47997237932604736,344.620168356102,799.2,0.0,718.0,1.0,888.0,-637584.0,120,-27.863945896445507,0.0,120,-28.343692652509578,0.0,120,-10.908984945989014,0.0,120,-17.58822358376017,0.0,118,-50.411959118990474,0.0,120,-12.036122736632171,0.0,0.0,0.0,0.0,0.0,-637584.0,-637584.0,718.0,718.0,0.0,0.0,718.0,0.0,0.0,718
0.0,0.0,-0.0,0.0,0.0,0.0,-0.0,0.0,0.47997237932604736,344.620168356102,799.2,0.0,718.0,1.0,888.0,-637584.0,120,-32.26236824381262,0.0,120,-30.905472645125325,0.0,120,-56.76653100445509,0.0,120,-6.404321612333925,0.0,118,-33.812235633380055,0.0,120,-25.383022388229566,0.0,0.0,0.0,0.0,0.0,-637584.0,-637584.0,718.0,718.0,0.0,0.0,718.0,0.0,0.0,718
391.34175883670633,0.0,-3913.417588367063,0.0,0.0,0.0,-0.0,0.0,0.47997237932604736,156.7347428416316,799.2,0.0,326.5495049146588,1.0,888.0,-289975.96036421706,120,-8.612417691133205,0.0,120,-21.953617244870184,0.0,120,-38.100643290982106,0.0,120,-58.47939652785873,0.0,118,-39.84739835531873,0.0,120,-16.930561922246294,0.0,0.0,0.108736248634817,0.108736248634817,0.0,-293889.3779525841,-293889.3779525841,718.0,718.0,391.4504950853412,0.0,326.5495049146588,0.0,0.0,718
391.34175883670633,0.0,-3913.417588367063,0.0,0.0,0.0,-0.0,0.0,0.47997237932604736,156.7347428416316,799.2,0.0,326.5495049146588,1.0,888.0,-289975.96036421706,120,-31.070677393714085,0.0,120,-44.82311507672209,0.0,120,-59.62924283985899,0.0,120,-34.01786929101478,0.0,118,-35.86712016680597,0.0,120,-12.716035608385653,0.0,0.0,0.108736248634817,0.108736248634817,0.0,-293889.3779525841,-293889.3779525841,718.0,718.0,391.4504950853412,0.0,326.5495049146588,0.0,0.0,718
391.34175883670633,0.0,-3913.417588367063,0.0,0.0,0.0,-0.0,0.0,0.47997237932604736,156.7347428416316,799.2,0.0,326.5495049146588,1.0,888.0,-289975.96036421706,120,-20.44037799655176,0.0,120,-56.23151124180629,0.0,120,-18.04699964013586,0.0,120,-44.686686811178525,0.0,118,-36.08946202547196,0.0,120,-15.348484082736164,0.0,0.0,0.108736248634817,0.108736248634817,0.0,-293889.3779525841,-293889.3779525841,718.0,718.0,391.4504950853412,0.0,326.5495049146588,0.0,0.0,718
391.34175883670633,0.0,-3913.417588367063,0.0,0.0,0.0,-0.0,0.0,0.47997237932604736,156.7347428416316,799.2,0.0,326.5495049146588,1.0,888.0,-289975.96036421706,120,-58.76196724731102,0.0,120,-23.658742811484,0.0,120,-23.659241861641988,0.0,120,-22.995732608116825,0.0,118,-47.90901502621536,0.0,120,-9.355984646832145,0.0,0.0,0.108736248634817,0.108736248634817,0.0,-293889.3779525841,-293889.3779525841,718.0,718.0,391.4504950853412,0.0,326.5495049146588,0.0,0.0,718
391.34175883670633,0.0,-3913.417588367063,0.0,0.0,0.0,-0.0,0.0,0.47997237932604736,156.7347428416316,799.2,0.0,326.5495049146588,1.0,888.0,-289975.96036421706,120,-29.224687742711385,0.0,120,-46.7147976883617,0.0,120,-24.66192621811684,0.0,120,-40.055835113540276,0.0,118,-46.69558297887004,0.0,120,-17.54202326729011,0.0,0.0,0.108736248634817,0.108736248634817,0.0,-293889.3779525841,-293889.3779525841,718.0,718.0,391.4504950853412,0.0,326.5495049146588,0.0,0.0,718
391.34175883670633,0.0,-3913.417588367063,0.0,0.0,0.0,-0.0,0.0,0.47997237932604736,156.7347428416316,799.2,0.0,326.5495049146588,1.0,888.0,-289975.96036421706,120,-10.380257902945688,0.0,120,-31.100014453936893,0.0,120,-53.121205520167855,0.0,120,-22.91342135909776,0.0,118,-49.95476366012976,0.0,120,-48.26442743195328,0.0,0.0,0.108736248634817,0.108736248634817,0.0,-293889.3779525841,-293889.3779525841,718.0,718.0,391.4504950853412,0.0,326.5495049146588,0.0,0.0,718
1125.6548231232096,0.0,-11256.548231232096,407.96759189873706,0.0,0.0,-0.0,0.0,0.47997237932604736,0.0,799.2,0.0,0.0,1.0,888.0,-0.0,120,-5.855241132844227,0.0,120,-8.557302084848345,0.0,120,-43.27635342778027,0.0,120,-36.599803933882626,0.0,118,-9.900818696965537,0.0,120,-46.625054652033675,0.0,0.0,0.312768775527427,0.312768775527427,0.0,-11256.548231232096,-11256.548231232096,1125.967591898737,1125.967591898737,1125.967591898737,0.0,0.0,407.96759189873706,0.0,718
1125.6548231232096,0.0,-11256.548231232096,407.96759189873706,367.1708327088634,0.0,-0.0,0.008900463789515025,0.47997237932604736,0.0,799.2,0.0,0.0,1.0,888.0,-0.0,120,-29.349142955415537,0.0,120,-40.784742322374754,0.0,120,-49.084659549810546,0.0,120,-56.49818795779447,0.0,118,-16.726100796018148,0.0,120,-10.892486584710976,0.0,0.0,0.312768775527427,0.312768775527427,0.0,-11256.548231232096,-11256.548231232096,1125.967591898737,1125.967591898737,1125.967591898737,0.0,0.0,407.96759189873706,0.0,718
1125.6548231232096,0.0,-11256.548231232096,407.96759189873706,734.3416654177267,0.0,-0.0,0.01780092757903005,0.47997237932604736,0.0,799.2,0.0,0.0,1.0,888.0,-0.0,120,-18.974345918217963,0.0,120,-30.427146250749765,0.0,120,-13.962059012254457,0.0,120,-42.49032405671852,0.0,118,-27.684203142517383,0.0,120,-27.068472015038612,0.0,0.0,0.312768775527427,0.312768775527427,0.0,-11256.548231232096,-11256.548231232096,1125.967591898737,1125.967591898737,1125.967591898737,0.0,0.0,407.96759189873706,0.0,718
1125.6548231232096,0.0,-11256.548231232096,407.96759189873706,1101.5124981265901,0.0,-0.0,0.026701391368545078,0.47997237932604736,0.0,799.2,0.0,0.0,1.0,888.0,-0.0,120,-47.43908964828646,0.0,120,-44.94092435950359,0.0,120,-10.319990265254493,0.0,120,-53.8728378585578,0.0,118,-1.6897024222632084,0.0,120,-51.440238470780976,0.0,0.0,0.312768775527427,0.312768775527427,0.0,-11256.548231232096,-11256.548231232096,1125.967591898737,1125.967591898737,1125.967591898737,0.0,0.0,407.96759189873706,0.0,718
1125.6548231232096,0.0,-11256.548231232096,407.96759189873706,1468.6833308354535,0.0,-0.0,0.0356018551580601,0.47997237932604736,0.0,799.2,0.0,0.0,1.0,888.0,-0.0,120,-59.56093814042886,0.0,120,-58.59929449113872,0.0,120,-46.66899984868875,0.0,120,-42.02054624576547,0.0,118,-9.767277438906719,0.0,120,-21.85558810554027,0.0,0.0,0.312768775527427,0.312768775527427,0.0,-11256.548231232096,-11256.548231232096,1125.967591898737,1125.967591898737,1125.967591898737,0.0,0.0,407.96759189873706,0.0,718
1125.6548231232096,0.0,-11256.548231232096,407.96759189873706,1835.8541635443169,0.0,-0.0,0.04450231894757513,0.47997237932604736,0.0,799.2,0.0,0.0,1.0,888.0,-0.0,120,-4.531296406137235,0.0,120,-26.5446022608964,0.0,120,-8.288865756017216,0.0,120,-0.3753096986490778,0.0,118,-45.97348501370222,0.0,120,-14.31263666707509,0.0,0.0,0.312768775527427,0.312768775527427,0.0,-11256.548231232096,-11256.548231232096,1125.967591898737,1125.967591898737,1125.967591898737,0.0,0.0,407.96759189873706,0.0,718
1750.6959506599924,0.0,-17506.959506599924,1033.1823902128292,2203.0249962531802,0.0,-0.0,0.053402782737090156,0.47997237932604736,0.0,799.2,0.0,0.0,1.0,888.0,-0.0,120,-58.02134751289314,0.0,120,-58.212632405365724,0.0,120,-55.4250633236003,0.0,120,-49.811812927997686,0.0,118,-33.603718602087504,0.0,120,-34.402073452311,0.0,0.0,0.486439552836897,0.486439552836897,0.0,-17506.959506599924,-17506.959506599924,1751.1823902128292,1751.1823902128292,1751.1823902128292,0.0,0.0,1033.1823902128292,0.0,718
1750.6959506599924,0.0,-17506.959506599924,1031.1823902128292,3132.8891474447264,0.0,-0.0,0.07594330466741149,0.47997237932604736,0.0,799.2,0.0,0.0,1.0,888.0,-0.0,120,-49.08189037890808,0.0,120,-47.87915762649081,0.0,120,-6.854106964929619,0.0,120,-23.478778835759442,0.0,120,-42.22255767354906,0.0,120,-28.519466497475406,0.0,0.0,0.486439552836897,0.486439552836897,0.0,-17506.959506599924,-17506.959506599924,1751.1823902128292,1751.1823902128292,1751.1823902128292,0.0,0.0,1031.1823902128292,0.0,720
1750.6959506599924,0.0,-17506.959506599924,1031.1823902128292,4060.953298636273,0.0,-0.0,0.09844019340741941,0.47997237932604736,0.0,799.2,0.0,0.0,1.0,888.0,-0.0,120,-34.957135261492944,0.0,120,-4.16027197188257,0.0,120,-32.94838088345296,0.0,120,-13.134134165150195,0.0,120,-50.44837100605892,0.0,120,-35.3051380306379,0.0,0.0,0.486439552836897,0.486439552836897,0.0,-17506.959506599924,-17506.959506599924,1751.1823902128292,1751.1823902128292,1751.1823902128292,0.0,0.0,1031.1823902128292,0.0,720
1750.6959506599924,0.0,-17506.959506599924,1031.1823902128292,4989.017449827819,0.0,-0.0,0.12093708214742732,0.47997237932604736,0.0,799.2,0.0,0.0,1.0,888.0,-0.0,120,-1.5842097322125293,0.0,120,-15.480238668377982,0.0,120,-53.864464054621706,0.0,120,-20.760803835680612,0.0,120,-15.222214111016632,0.0,120,-33.65364849238095,0.0,0.0,0.486439552836897,0.486439552836897,0.0,-17506.959506599924,-17506.959506599924,1751.1823902128292,1751.1823902128292,1751.1823902128292,0.0,0.0,1031.1823902128292,0.0,720
1750.6959506599924,0.0,-17506.959506599924,1031.1823902128292,5917.081601019366,0.0,-0.0,0.14343397088743523,0.47997237932604736,0.0,799.2,0.0,0.0,1.0,888.0,-0.0,120,-49.122688691509396,0.0,120,-12.05548279498451,0.0,120,-6.764693181206209,0.0,120,-6.72124508412147,0.0,120,-38.03650335180595,0.0,120,-39.20319602778018,0.0,0.0,0.486439552836897,0.486439552836897,0.0,-17506.959506599924,-17506.959506599924,1751.1823902128292,1751.1823902128292,1751.1823902128292,0.0,0.0,1031.1823902128292,0.0,720
1750.6959506599924,0.0,-17506.959506599924,1031.1823902128292,6845.145752210912,0.0,-0.0,0.16593085962744314,0.47997237932604736,0.0,799.2,0.0,0.0,1.0,888.0,-0.0,120,-47.87753044087045,0.0,120,-19.021243198326953,0.0,120,-29.981708514884197,0.0,120,-51.03891142829242,0.0,120,-36.062848273641364,0.0,120,-30.17487976511996,0.0,0.0,0.486439552836897,0.486439552836897,0.0,-17506.959506599924,-17506.959506599924,1751.1823902128292,1751.1823902128292,1751.1823902128292,0.0,0.0,1031.1823902128292,0.0,720
2150.649707575231,0.0,-21506.497075752308,1431.2472762630819,7773.209903402459,0.0,-0.0,0.18842774836745105,0.47997237932604736,0.0,799.2,0.0,0.0,1.0,888.0,-0.0,120,-6.885533848915848,0.0,120,-25.279153587975657,0.0,120,-15.063614080327207,0.0,120,-34.229905305401296,0.0,120,-27.212455748869044,0.0,120,-45.915303706015926,0.0,0.0,0.597568687850856,0.597568687850856,0.0,-21506.497075752308,-21506.497075752308,2151.247276263082,2151.247276263082,2151.247276263082,0.0,0.0,1431.2472762630819,0.0,720
2150.649707575231,0.0,-21506.497075752308,1431.2472762630819,9061.332452039233,0.0,-0.0,0.219652690762835,0.47997237932604736,0.0,799.2,0.0,0.0,1.0,888.0,-0.0,120,-42.51915602523327,0.0,120,-36.803223431299294,0.0,120,-20.83737756977952,0.0,120,-7.311231858140054,0.0,120,-11.041248552805587,0.0,120,-1.7929506634193615,0.0,0.0,0.597568687850856,0.597568687850856,0.0,-21506.497075752308,-21506.497075752308,2151.247276263082,2151.247276263082,2151.247276263082,0.0,0.0,1431.2472762630819,0.0,720
2150.649707575231,0.0,-21506.497075752308,1431.2472762630819,10349.455000676006,0.0,-0.0,0.2508776331582189,0.47997237932604736,0.0,799.2,0.0,0.0,1.0,888.0,-0.0,120,-10.811821299167883,0.0,120,-55.03603352899251,0.0,120,-32.06437518680732,0.0,120,-33.89954926260853,0.0,120,-4.2410533008360645,0.0,120,-35.335760314393056,0.0,0.0,0.597568687850856,0.597568687850856,0.0,-21506.497075752308,-21506.497075752308,2151.247276263082,2151.247276263082,2151.247276263082,0.0,0.0,1431.2472762630819,0.0,720
2150.649707575231,0.0,-21506.497075752308,1431.2472762630819,11637.577549312779,0.0,-0.0,0.28210257555360285,0.47997237932604736,0.0,799.2,0.0,0.0,1.0,888.0,-0.0,120,-34.439275473166795,0.0,120,-45.94031411846849,0.0,120,-32.374618401051585,0.0,120,-26.836030353789663,0.0,120,-34.43971250589483,0.0,120,-26.96316832320351,0.0,0.0,0.597568687850856,0.597568687850856,0.0,-21506.497075752308,-21506.497075752308,2151.247276263082,2151.247276263082,2151.247276263082,0.0,0.0,1431.2472762630819,0.0,720
2150.649707575231,0.0,-21506.497075752308,1431.2472762630819,12925.700097949551,0.0,-0.0,0.3133275179489868,0.47997237932604736,0.0,799.2,0.0,0.0,1.0,888.0,-0.0,120,-43.38667640291072,0.0,120,-16.747793676295665,0.0,120,-47.80019256633324,0.0,120,-55.454834736195764,0.0,120,-4.00151520484306,0.0,120,-6.001821325329186,0.0,0.0,0.597568687850856,0.597568687850856,0.0,-21506.497075752308,-21506.497075752308,2151.247276263082,2151.247276263082,2151.247276263082,0.0,0.0,1431.2472762630819,0.0,720
2150.649707575231,0.0,-21506.497075752308,1431.2472762630819,14213.822646586324,0.0,-0.0,0.3445524603443707,0.47997237932604736,0.0,799.2,0.0,0.0,1.0,888.0,-0.0,120,-34.78458000340241,0.0,120,-50.081644204621234,0.0,120,-59.60008753397658,0.0,120,-24.4376762836868,0.0,120,-34.79623620489239,0.0,120,-54.46069537763979,0.0,0.0,0.597568687850856,0.597568687850856,0.0,-21506.497075752308,-21506.497075752308,2151.247276263082,2151.247276263082,2151.247276263082,0.0,0.0,1431.2472762630819,0.0,720
2344.63123716529,0.0,-23446.312371652897,1625.2827045832296,15501.945195223097,0.0,-0.0,0.37577740273975463,0.47997237932604736,0.0,799.2,0.0,0.0,1.0,888.0,-0.0,120,-41.467522051095585,0.0,120,-15.57485536458727,0.0,120,-10.282613678439585,0.0,120,-21.25445449122719,0.0,120,-26.26042842678291,0.0,120,-36.72855021904529,0.0,0.0,0.651467417939786,0.651467417939786,0.0,-23446.312371652897,-23446.312371652897,2345.2827045832296,2345.2827045832296,2345.2827045832296,0.0,0.0,1625.2827045832296,0.0,720
2344.63123716529,0.0,-23446.312371652897,1625.2827045832296,16964.699629348004,0.0,-0.0,0.4112355375208592,0.47997237932604736,0.0,799.2,0.0,0.0,1.0,888.0,-0.0,120,-7.875746808550552,0.0,120,-20.682000929217605,0.0,120,-23.999575814269562,0.0,120,-3.126599371356915,0.0,120,-37.35394038344548,0.0,120,-57.93094172092019,0.0,0.0,0.651467417939786,0.651467417939786,0.0,-23446.312371652897,-23446.312371652897,2345.2827045832296,2345.2827045832296,2345.2827045832296,0.0,0.0,1625.2827045832296,0.0,720
2344.63123716529,0.0,-23446.312371652897,1625.2827045832296,18427.454063472913,0.0,-0.0,0.44669367230196383,0.47997237932604736,0.0,799.2,0.0,0.0,1.0,888.0,-0.0,120,-37.17623027763594,0.0,120,-50.08708804089649,0.0,120,-40.682558885704545,0.0,120,-50.720091090516455,0.0,120,-36.76179381367133,0.0,120,-58.23661564760734,0.0,0.0,0.651467417939786,0.651467417939786,0.0,-23446.312371652897,-23446.312371652897,2345.2827045832296,2345.2827045832296,2345.2827045832296,0.0,0.0,1625.2827045832296,0.0,720
2344.63123716529,0.0,-23446.312371652897,1625.2827045832296,19890.20849759782,0.0,-0.0,0.48215180708306843,0.47997237932604736,0.0,799.2,0.0,0.0,1.0,888.0,-0.0,120,-27.079433782611932,0.0,120,-49.000752983531235,0.0,120,-29.847636413811387,0.0,120,-2.25071615001724,0.0,120,-53.419312284903874,0.0,120,-50.65070854719354,0.0,0.0,0.651467417939786,0.651467417939786,0.0,-23446.312371652897,-23446.312371652897,2345.2827045832296,2345.2827045832296,2345.2827045832296,0.0,0.0,1625.2827045832296,0.0,720
2344.63123716529,0.0,-23446.312371652897,1625.2827045832296,21352.96293172273,0.0,-0.0,0.5176099418641731,0.47997237932604736,0.0,799.2,0.0,0.0,1.0,888.0,-0.0,120,-5.275328092171076,0.0,120,-16.66180956011686,0.0,120,-7.275042162610874,0.0,120,-8.844111423084485,0.0,120,-14.592395919360008,0.0,120,-33.477270439468946,0.0,0.0,0.651467417939786,0.651467417939786,0.0,-23446.312371652897,-23446.312371652897,2345.2827045832296,2345.2827045832296,2345.2827045832296,0.0,0.0,1625.2827045832296,0.0,720
2344.63123716529,0.0,-23446.312371652897,1625.2827045832296,22815.71736584764,0.0,-0.0,0.5530680766452777,0.47997237932604736,0.0,799.2,0.0,0.0,1.0,888.0,-0.0,120,-26.581005510710153,0.0,120,-37.31908958457383,0.0,120,-56.61447825908672,0.0,120,-20.106595722583805,0.0,120,-40.08856226781518,0.0,120,-39.48355858889782,0.0,0.0,0.651467417939786,0.651467417939786,0.0,-23446.312371652897,-23446.312371652897,2345.2827045832296,2345.2827045832296,2345.2827045832296,0.0,0.0,1625.2827045832296,0.0,720
2315.419864226714,0.0,-23154.19864226714,1596.0632151198024,24278.471799972547,0.0,-0.0,0.5885262114263823,0.47997237932604736,0.0,799.2,0.0,0.0,1.0,888.0,-0.0,120,-19.27404792994401,0.0,120,-6.5445235343450285,0.0,120,-35.783750792353075,0.0,120,-1.688343032093711,0.0,120,-50.98416612617297,0.0,120,-57.617599825248966,0.0,0.0,0.643350893088834,0.643350893088834,0.0,-23154.19864226714,-23154.19864226714,2316.0632151198024,2316.0632151198024,2316.0632151198024,0.0,0.0,1596.0632151198024,0.0,720
2315.419864226714,0.0,-23154.19864226714,1596.0632151198024,25714.92869358037,0.0,-0.0,0.6233468764351773,0.47997237932604736,0.0,799.2,0.0,0.0,1.0,888.0,-0.0,120,-38.582553384353055,0.0,120,-59.211840959897906,0.0,120,-19.179853965154802,0.0,120,-9.488012274697752,0.0,120,-48.93081065984687,0.0,120,-11.806217576026707,0.0,0.0,0.643350893088834,0.643350893088834,0.0,-23154.19864226714,-23154.19864226714,2316.0632151198024,2316.0632151198024,2316.0632151198024,0.0,0.0,1596.0632151198024,0.0,720
2315.419864226714,0.0,-23154.19864226714,1596.0632151198024,27151.38558718819,0.0,-0.0,0.6581675414439723,0.47997237932604736,0.0,799.2,0.0,0.0,1.0,888.0,-0.0,120,-53.312793336260576,0.0,120,-1.1574546111884798,0.0,120,-59.44507691281451,0.0,120,-31.51299247127104,0.0,120,-15.965873203123289,0.0,120,-14.355147270425526,0.0,0.0,0.643350893088834,0.643350893088834,0.0,-23154.19864226714,-23154.19864226714,2316.0632151198024,2316.0632151198024,2316.0632151198024,0.0,0.0,1596.0632151198024,0.0,720
2315.419864226714,0.0,-23154.19864226714,1596.0632151198024,28587.84248079601,0.0,-0.0,0.6929882064527674,0.47997237932604736,0.0,799.2,0.0,0.0,1.0,888.0,-0.0,120,-34.12744911994366,0.0,120,-47.62850558742454,0.0,120,-40.202845194159366,0.0,120,-46.46822807105557,0.0,120,-3.416594706728373,0.0,120,-4.80400889707532,0.0,0.0,0.643350893088834,0.643350893088834,0.0,-23154.19864226714,-23154.19864226714,2316.0632151198024,2316.0632151198024,2316.0632151198024,0.0,0.0,1596.0632151198024,0.0,720
2315.419864226714,0.0,-23154.19864226714,1596.0632151198024,30024.299374403832,0.0,-0.0,0.7278088714615624,0.47997237932604736,0.0,799.2,0.0,0.0,1.0,888.0,-0.0,120,-55.55767357992895,0.0,120,-30.39752310995844,0.0,120,-15.947793901949868,0.0,120,-12.379368054312883,0.0,120,-4.195880391127398,0.0,120,-34.1093807419373,0.0,0.0,0.643350893088834,0.643350893088834,0.0,-23154.19864226714,-23154.19864226714,2316.0632151198024,2316.0632151198024,2316.0632151198024,0.0,0.0,1596.0632151198024,0.0,720
2315.419864226714,0.0,-23154.19864226714,1596.0632151198024,31460.756268011653,0.0,-0.0,0.7626295364703574,0.47997237932604736,0.0,799.2,0.0,0.0,1.0,888.0,-0.0,120,-30.97614411528013,0.0,120,-30.356817147358434,0.0,120,-56.67689538715609,0.0,120,-52.01136792851317,0.0,120,-9.977237479859317,0.0,120,-58.272962523765614,0.0,0.0,0.643350893088834,0.643350893088834,0.0,-23154.19864226714,-23154.19864226714,2316.0632151198024,2316.0632151198024,2316.0632151198024,0.0,0.0,1596.0632151198024,0.0,720
2065.7288825768446,0.0,-20657.288825768446,1346.302855592287,32897.213161619475,0.0,-0.0,0.7974502014791525,0.47997237932604736,0.0,799.2,0.0,0.0,1.0,888.0,-0.0,120,-58.998436820505965,0.0,120,-10.75136129004086,0.0,120,-51.365311169425965,0.0,120,-26.665242151822277,0.0,120,-51.87971208533375,0.0,120,-6.450831798145318,0.0,0.0,0.573973015442302,0.573973015442302,0.0,-20657.288825768446,-20657.288825768446,2066.302855592287,2066.302855592287,2066.302855592287,0.0,0.0,1346.302855592287,0.0,720
2065.7288825768446,0.0,-20657.288825768446,1346.302855592287,34108.88573165253,0.0,-0.0,0.8268219458379398,0.47997237932604736,0.0,799.2,0.0,0.0,1.0,888.0,-0.0,120,-36.509224362560595,0.0,120,-54.51980145139349,0.0,120,-6.140281960110743,0.0,120,-2.7514579041187193,0.0,120,-57.14854582163035,0.0,120,-31.766479822548526,0.0,0.0,0.573973015442302,0.573973015442302,0.0,-20657.288825768446,-20657.288825768446,2066.302855592287,2066.302855592287,2066.302855592287,0.0,0.0,1346.302855592287,0.0,720
2065.7288825768446,0.0,-20657.288825768446,1346.302855592287,35320.55830168559,0.0,-0.0,0.8561936901967272,0.47997237932604736,0.0,799.2,0.0,0.0,1.0,888.0,-0.0,120,-11.847576209580037,0.0,120,-32.466106476338595,0.0,120,-51.36320286506204,0.0,120,-16.276634915600646,0.0,120,-20.467963059932533,0.0,120,-12.06637731966401,0.0,0.0,0.573973015442302,0.573973015442302,0.0,-20657.288825768446,-20657.288825768446,2066.302855592287,2066.302855592287,2066.302855592287,0.0,0.0,1346.302855592287,0.0,720
2065.7288825768446,0.0,-20657.288825768446,1346.302855592287,36532.230871718646,0.0,-0.0,0.8855654345555146,0.47997237932604736,0.0,799.2,0.0,0.0,1.0,888.0,-0.0,120,-2.4470917205281895,0.0,120,-6.500186772238026,0.0,120,-11.219686636684653,0.0,120,-29.27665017001666,0.0,120,-49.94227898021258,0.0,120,-17.473359140125165,0.0,0.0,0.573973015442302,0.573973015442302,0.0,-20657.288825768446,-20657.288825768446,2066.302855592287,2066.302855592287,2066.302855592287,0.0,0.0,1346.302855592287,0.0,720
2065.7288825768446,0.0,-20657.288825768446,1350.302855592287,37743.9034417517,0.0,-0.0,0.914937178914302,0.47997237932604736,0.0,799.2,0.0,0.0,1.0,888.0,-0.0,120,-54.6920665824615,0.0,120,-1.963297950179932,0.0,118,-30.60200434505672,0.0,120,-44.88085300890004,0.0,118,-26.770563321292595,0.0,120,-19.159080331619236,0.0,0.0,0.573973015442302,0.573973015442302,0.0,-20657.288825768446,-20657.288825768446,2066.302855592287,2066.302855592287,2066.302855592287,0.0,0.0,1350.302855592287,0.0,716
2065.7288825768446,0.0,-20657.288825768446,1350.302855592287,38959.17601178476,0.0,-0.0,0.9443961896537163,0.47997237932604736,0.0,799.2,0.0,0.0,1.0,888.0,-0.0,120,-48.6771619128739,0.0,120,-31.982289440535553,0.0,118,-23.23838774293162,0.0,120,-18.109159322938424,0.0,118,-44.954860134768616,0.0,120,-15.534677839698965,0.0,0.0,0.573973015442302,0.573973015442302,0.0,-20657.288825768446,-20657.288825768446,2066.302855592287,2066.302855592287,2066.302855592287,0.0,0.0,1350.302855592287,0.0,716
1610.499854631941,0.0,-16104.99854631941,834.9473400041643,40174.448581817815,0.0,-0.0,0.9738552003931306,0.47997237932604736,0.0,799.2,0.0,0.0,1.0,888.0,-0.0,118,-26.081797912866204,0.0,120,-24.479073231662497,0.0,118,-9.168076464244026,0.0,120,-38.068271864960266,0.0,180,-6.739040368596749,0.0,120,-52.223127100510226,0.0,0.0,0.447485372223379,0.447485372223379,0.0,-16104.99854631941,-16104.99854631941,1610.9473400041643,1610.9473400041643,1610.9473400041643,0.0,0.0,834.9473400041643,0.0,776
1610.499854631941,0.0,-16104.99854631941,363.4431246427104,40925.90118782156,0.0,-0.0,0.9920709084871782,0.47997237932604736,0.0,799.2,386.5042153614539,0.0,1.0,888.0,308894.1689168739,118,-57.62641406938306,0.0,120,-31.224016050663025,0.0,180,-3.0816432100839353,0.0,120,-50.44284019442693,0.0,203,-22.166096841726727,0.0,120,-58.70820554996154,0.0,0.0,0.447485372223379,0.447485372223379,0.0,292789.1703705545,292789.1703705545,1610.9473400041643,1610.9473400041643,1610.9473400041643,0.0,0.0,749.9473400041643,0.0,861
1610.499854631941,0.0,-16104.99854631941,0.0,41253.0,0.0,-0.0,1.0,0.47997237932604736,0.0,799.2,811.9473400041643,0.0,1.0,888.0,648908.3141313281,118,-25.70582941194093,0.0,120,-6.115435658379931,0.0,118,-13.327924321150864,0.0,120,-41.55710423160744,0.0,203,-11.428529298030671,0.0,120,-10.330467331599513,0.0,0.0,0.447485372223379,0.447485372223379,0.0,632803.3155850087,632803.3155850087,1610.9473400041643,1610.9473400041643,1610.9473400041643,0.0,0.0,811.9473400041643,0.0,799
1610.499854631941,0.0,-16104.99854631941,0.0,41253.0,0.0,-0.0,1.0,0.47997237932604736,0.0,799.2,749.9473400041643,0.0,1.0,888.0,599357.9141313281,118,-50.987668141481,0.0,120,-18.98817615053134,0.0,180,-31.49906118591639,0.0,120,-1.1550115192066612,0.0,203,-53.61071254259359,0.0,120,-0.05310615304235711,0.0,0.0,0.447485372223379,0.447485372223379,0.0,583252.9155850087,583252.9155850087,1610.9473400041643,1610.9473400041643,1610.9473400041643,0.0,0.0,749.9473400041643,0.0,861
1610.499854631941,0.0,-16104.99854631941,0.0,41253.0,0.0,-0.0,1.0,0.47997237932604736,0.0,799.2,749.9473400041643,0.0,1.0,888.0,599357.9141313281,118,-33.723952450195455,0.0,120,-49.70605581254849,0.0,180,-51.0448146320899,0.0,120,-55.93311373277322,0.0,203,-53.93234942070741,0.0,120,-52.06037985902914,0.0,0.0,0.447485372223379,0.447485372223379,0.0,583252.9155850087,583252.9155850087,1610.9473400041643,1610.9473400041643,1610.9473400041643,0.0,0.0,749.9473400041643,0.0,861
1610.499854631941,0.0,-16104.99854631941,0.0,41253.0,0.0,-0.0,1.0,0.47997237932604736,0.0,799.2,749.9473400041643,0.0,1.0,888.0,599357.9141313281,118,-26.80192750452933,0.0,120,-30.40335700491534,0.0,180,-35.631292596498234,0.0,120,-2.5660697885422157,0.0,203,-48.14682916560385,0.0,120,-42.85476493973558,0.0,0.0,0.447485372223379,0.447485372223379,0.0,583252.9155850087,583252.9155850087,1610.9473400041643,1610.9473400041643,1610.9473400041643,0.0,0.0,749.9473400041643,0.0,861
958.3263708516873,0.0,-9583.263708516874,0.0,41253.0,0.0,-0.0,1.0,0.47997237932604736,0.0,799.2,97.59264658685038,0.0,1.0,888.0,77996.04315221083,118,-43.600786077416835,0.0,120,-27.52384421959595,0.0,180,-3.81361002893404,0.0,120,-33.316741964181745,0.0,203,-15.100272572311317,0.0,120,-4.413524832488602,0.0,0.0,0.266275735163014,0.266275735163014,0.0,68412.77944369396,68412.77944369396,958.5926465868504,958.5926465868504,958.5926465868504,0.0,0.0,97.59264658685038,0.0,861
958.3263708516873,0.0,-9583.263708516874,0.0,41253.0,0.0,-0.0,1.0,0.47997237932604736,0.0,799.2,97.59264658685038,0.0,1.0,888.0,77996.04315221083,118,-35.450751973562674,0.0,120,-41.50382508361055,0.0,180,-28.737125271071715,0.0,120,-59.65033564158902,0.0,203,-39.35415938707939,0.0,120,-52.08193276701167,0.0,0.0,0.266275735163014,0.266275735163014,0.0,68412.77944369396,68412.77944369396,958.5926465868504,958.5926465868504,958.5926465868504,0.0,0.0,97.59264658685038,0.0,861
958.3263708516873,0.0,-9583.263708516874,0.0,41253.0,0.0,-0.0,1.0,0.47997237932604736,0.0,799.2,97.59264658685038,0.0,1.0,888.0,77996.04315221083,118,-14.96145027674887,0.0,120,-19.98867908794909,0.0,180,-13.222247576685987,0.0,120,-50.79595905328813,0.0,203,-37.98807336456141,0.0,120,-59.13957437125864,0.0,0.0,0.266275735163014,0.266275735163014,0.0,68412.77944369396,68412.77944369396,958.5926465868504,958.5926465868504,958.5926465868504,0.0,0.0,97.59264658685038,0.0,861
958.3263708516873,0.0,-9583.263708516874,0.0,41253.0,0.0,-0.0,1.0,0.47997237932604736,0.0,799.2,97.59264658685038,0.0,1.0,888.0,77996.04315221083,118,-11.209558005752335,0.0,120,-53.049361694339204,0.0,180,-24.33198971481339,0.0,120,-3.684188290590933,0.0,203,-19.828560764526774,0.0,120,-52.019597027073154,0.0,0.0,0.266275735163014,0.266275735163014,0.0,68412.77944369396,68412.77944369396,958.5926465868504,958.5926465868504,958.5926465868504,0.0,0.0,97.59264658685038,0.0,861
958.3263708516873,0.0,-9583.263708516874,0.0,41253.0,0.0,-0.0,1.0,0.47997237932604736,0.0,799.2,97.59264658685038,0.0,1.0,888.0,77996.04315221083,118,-48.55771891504914,0.0,120,-21.91285376094645,0.0,180,-44.38272974874432,0.0,120,-22.016306623096327,0.0,203,-53.26347015265515,0.0,120,-56.6569228076214,0.0,0.0,0.266275735163014,0.266275735163014,0.0,68412.77944369396,68412.77944369396,958.5926465868504,958.5926465868504,958.5926465868504,0.0,0.0,97.59264658685038,0.0,861
958.3263708516873,0.0,-9583.263708516874,0.0,41253.0,0.0,-0.0,1.0,0.47997237932604736,0.0,799.2,97.59264658685038,0.0,1.0,888.0,77996.04315221083,118,-43.452464545974024,0.0,120,-11.455649313472966,0.0,180,-26.902278063049692,0.0,120,-35.865108732924845,0.0,203,-46.88994297676293,0.0,120,-7.068900473883446,0.0,0.0,0.266275735163014,0.266275735163014,0.0,68412.77944369396,68412.77944369396,958.5926465868504,958.5926465868504,958.5926465868504,0.0,0.0,97.59264658685038,0.0,861
303.6299124801871,0.0,-3036.299124801871,0.0,41253.0,557.2857224427137,-0.0,1.0,0.47997237932604736,0.0,799.2,0.0,0.0,1.0,888.0,-0.0,118,-2.7568071418098916,0.0,120,-44.17893088191051,0.0,180,-0.1292329272992876,0.0,120,-8.333116626568284,0.0,203,-54.08072632576493,0.0,120,-15.2028741509622,0.0,0.0,0.0843650770992462,0.0843650770992462,0.0,-3036.299124801871,-3036.299124801871,861.0,861.0,303.7142775572863,0.0,557.2857224427137,0.0,0.0,861
303.6299124801871,0.0,-3036.299124801871,0.0,40633.79364173032,557.2857224427137,-0.0,0.9849900284035178,0.47997237932604736,0.0,799.2,0.0,0.0,1.0,888.0,-0.0,118,-27.904129098340704,0.0,120,-59.54555731406371,0.0,180,-23.37554613416865,0.0,120,-51.18280128966513,0.0,203,-46.89089043746273,0.0,120,-43.09383975640915,0.0,0.0,0.0843650770992462,0.0843650770992462,0.0,-3036.299124801871,-3036.299124801871,861.0,861.0,303.7142775572863,0.0,557.2857224427137,0.0,0.0,861
303.6299124801871,0.0,-3036.299124801871,0.0,40014.58728346064,557.2857224427137,-0.0,0.9699800568070357,0.47997237932604736,0.0,799.2,0.0,0.0,1.0,888.0,-0.0,118,-57.18036764317722,0.0,120,-57.5280694050606,0.0,180,-28.711926436935148,0.0,120,-52.641826751747296,0.0,203,-16.024774175470178,0.0,120,-16.361490376124415,0.0,0.0,0.0843650770992462,0.0843650770992462,0.0,-3036.299124801871,-3036.299124801871,861.0,861.0,303.7142775572863,0.0,557.2857224427137,0.0,0.0,861
303.6299124801871,0.0,-3036.299124801871,0.0,39395.38092519096,557.2857224427137,-0.0,0.9549700852105535,0.47997237932604736,0.0,799.2,0.0,0.0,1.0,888.0,-0.0,118,-29.067377874857506,0.0,120,-47.9801231055747,0.0,180,-54.57582858399599,0.0,120,-18.57578660268081,0.0,203,-31.33577392585593,0.0,120,-56.788084686278815,0.0,0.0,0.0843650770992462,0.0843650770992462,0.0,-3036.299124801871,-3036.299124801871,861.0,861.0,303.7142775572863,0.0,557.2857224427137,0.0,0.0,861
303.6299124801871,0.0,-3036.299124801871,0.0,38776.17456692128,557.2857224427137,-0.0,0.9399601136140713,0.47997237932604736,0.0,799.2,0.0,0.0,1.0,888.0,-0.0,118,-4.599152574848029,0.0,120,-40.824463092494184,0.0,180,-50.57785362486033,0.0,120,-48.39256348139502,0.0,203,-18.715697970297857,0.0,120,-47.30568305431611,0.0,0.0,0.0843650770992462,0.0843650770992462,0.0,-3036.299124801871,-3036.299124801871,861.0,861.0,303.7142775572863,0.0,557.2857224427137,0.0,0.0,861
303.6299124801871,0.0,-3036.299124801871,0.0,38156.968208651604,557.2857224427137,-0.0,0.9249501420175891,0.47997237932604736,0.0,799.2,0.0,0.0,1.0,888.0,-0.0,118,-36.656861947978356,0.0,120,-7.9639415644977385,0.0,180,-45.496666851194846,0.0,120,-12.315342288883,0.0,203,-0.5900003441988511,0.0,120,-9.757013977070418,0.0,0.0,0.0843650770992462,0.0843650770992462,0.0,-3036.299124801871,-3036.299124801871,861.0,861.0,303.7142775572863,0.0,557.2857224427137,0.0,0.0,861
0.0,0.0,-0.0,0.0,37537.761850381925,861.0,-0.0,0.909940170421107,0.47997237932604736,0.0,799.2,0.0,0.0,1.0,888.0,-0.0,118,-47.70029018392554,0.0,120,-3.1801910716439696,0.0,180,-24.50207058817037,0.0,120,-1.7195383250452778,0.0,203,-48.66746212306866,0.0,120,-29.3328366379508,0.0,0.0,0.0,0.0,0.0,0.0,0.0,861.0,861.0,0.0,0.0,861.0,0.0,0.0,861
0.0,0.0,-0.0,0.0,36581.09518371526,861.0,-0.0,0.8867499377915609,0.47997237932604736,0.0,799.2,0.0,0.0,1.0,888.0,-0.0,118,-25.251413062255843,0.0,120,-22.198382153368023,0.0,180,-55.34552659465851,0.0,120,-55.95928982809946,0.0,203,-15.143612307534454,0.0,120,-31.93695619783624,0.0,0.0,0.0,0.0,0.0,0.0,0.0,861.0,861.0,0.0,0.0,861.0,0.0,0.0,861
0.0,0.0,-0.0,0.0,35624.4285170486,861.0,-0.0,0.8635597051620147,0.47997237932604736,0.0,799.2,0.0,0.0,1.0,888.0,-0.0,118,-51.37594232899739,0.0,120,-35.94286325285176,0.0,180,-21.326237941375897,0.0,120,-43.15371889225173,0.0,203,-55.84283856647908,0.0,120,-43.68626713930738,0.0,0.0,0.0,0.0,0.0,0.0,0.0,861.0,861.0,0.0,0.0,861.0,0.0,0.0,861
0.0,0.0,-0.0,0.0,34667.76185038193,861.0,-0.0,0.8403694725324687,0.47997237932604736,0.0,799.2,0.0,0.0,1.0,888.0,-0.0,118,-55.423401630461306,0.0,120,-17.68854290692873,0.0,180,-41.780286176957375,0.0,120,-45.39075044430088,0.0,203,-51.60738395286681,0.0,120,-45.54801915832796,0.0,0.0,0.0,0.0,0.0,0.0,0.0,861.0,861.0,0.0,0.0,861.0,0.0,0.0,861
0.0,0.0,-0.0,0.0,33711.09518371527,861.0,-0.0,0.8171792399029226,0.47997237932604736,0.0,799.2,0.0,0.0,1.0,888.0,-0.0,118,-17.097150920535057,0.0,120,-49.605013289963914,0.0,180,-31.116270557212523,0.0,120,-6.5897006541336385,0.0,203,-57.921631647853836,0.0,120,-6.0721636434130115,0.0,0.0,0.0,0.0,0.0,0.0,0.0,861.0,861.0,0.0,0.0,861.0,0.0,0.0,861
0.0,0.0,-0.0,0.0,32754.4285170486,861.0,-0.0,0.7939890072733765,0.47997237932604736,0.0,799.2,0.0,0.0,1.0,888.0,-0.0,118,-8.513037903521976,0.0,120,-27.920616474877175,0.0,180,-18.08440472859683,0.0,120,-13.365409233212324,0.0,203,-14.974626745094746,0.0,120,-35.54603252968603,0.0,0.0,0.0,0.0,0.0,0.0,0.0,861.0,861.0,0.0,0.0,861.0,0.0,0.0,861
0.0,0.0,-0.0,0.0,31797.761850381932,861.0,-0.0,0.7707987746438303,0.47997237932604736,0.0,799.2,0.0,0.0,1.0,888.0,-0.0,118,-41.90355751383992,0.0,120,-24.538183218456467,0.0,180,-6.860402195256803,0.0,120,-15.62700817163937,0.0,203,-49.6720225544743,0.0,120,-34.5716346668503,0.0,0.0,0.0,0.0,0.0,0.0,0.0,861.0,861.0,0.0,0.0,861.0,0.0,0.0,861
0.0,0.0,-0.0,0.0,30841.095183715264,861.0,-0.0,0.7476085420142842,0.47997237932604736,0.0,799.2,0.0,0.0,1.0,888.0,-0.0,118,-57.146901626047004,0.0,120,-4.712128450181532,0.0,180,-23.211722530285016,0.0,120,-22.173336530603628,0.0,203,-32.23927136340769,0.0,120,-1.969636931818164,0.0,0.0,0.0,0.0,0.0,0.0,0.0,861.0,861.0,0.0,0.0,861.0,0.0,0.0,861
0.0,0.0,-0.0,0.0,29884.428517048596,861.0,-0.0,0.724418309384738,0.47997237932604736,0.0,799.2,0.0,0.0,1.0,888.0,-0.0,118,-11.417675580818463,0.0,120,-33.361027868294066,0.0,180,-5.759587802479769,0.0,120,-1.9076561824644478,0.0,203,-16.18795282176643,0.0,120,-45.24797195393346,0.0,0.0,0.0,0.0,0.0,0.0,0.0,861.0,861.0,0.0,0.0,861.0,0.0,0.0,861
0.0,0.0,-0.0,0.0,28927.76185038193,861.0,-0.0,0.7012280767551918,0.47997237932604736,0.0,799.2,0.0,0.0,1.0,888.0,-0.0,118,-1.5109388515227251,0.0,120,-53.82560255809745,0.0,180,-53.65847280992656,0.0,120,-25.689123180101706,0.0,203,-8.594434681054537,0.0,120,-1.966252111167912,0.0,0.0,0.0,0.0,0.0,0.0,0.0,861.0,861.0,0.0,0.0,861.0,0.0,0.0,861
0.0,0.0,-0.0,0.0,27971.09518371526,861.0,-0.0,0.6780378441256457,0.47997237932604736,0.0,799.2,0.0,0.0,1.0,888.0,-0.0,118,-10.521695596022695,0.0,120,-11.668193821499544,0.0,180,-3.6667735806997737,0.0,120,-27.399526041086858,0.0,203,-27.019585063411785,0.0,120,-33.99953235077315,0.0,0.0,0.0,0.0,0.0,0.0,0.0,861.0,861.0,0.0,0.0,861.0,0.0,0.0,861
0.0,0.0,-0.0,0.0,27014.428517048593,861.0,-0.0,0.6548476114960995,0.47997237932604736,0.0,799.2,0.0,0.0,1.0,888.0,-0.0,118,-16.887506689599803,0.0,120,-58.37805114146106,0.0,180,-52.107661994508966,0.0,120,-18.27461321088905,0.0,203,-13.468964939550451,0.0,120,-45.92273277308725,0.0,0.0,0.0,0.0,0.0,0.0,0.0,861.0,861.0,0.0,0.0,861.0,0.0,0.0,861
0.0,0.0,-0.0,0.0,26057.761850381925,861.0,-0.0,0.6316573788665534,0.47997237932604736,0.0,799.2,0.0,0.0,1.0,888.0,-0.0,118,-36.85356143532397,0.0,120,-4.517536412431955,0.0,180,-52.97867086935935,0.0,120,-47.21106221041926,0.0,203,-23.725865590525203,0.0,120,-57.769955479700265,0.0,0.0,0.0,0.0,0.0,0.0,0.0,861.0,861.0,0.0,0.0,861.0,0.0,0.0,861
0.0,0.0,-0.0,0.0,25101.095183715257,861.0,-0.0,0.6084671462370072,0.47997237932604736,0.0,799.2,0.0,0.0,1.0,888.0,-0.0,118,-33.937958463280225,0.0,120,-5.827449639025097,0.0,180,-15.66201135303356,0.0,120,-50.515896103527815,0.0,203,-16.121564440812033,0.0,120,-1.8315989282595058,0.0,0.0,0.0,0.0,0.0,0.0,0.0,861.0,861.0,0.0,0.0,861.0,0.0,0.0,861
0.0,0.0,-0.0,0.0,24144.42851704859,799.0,-0.0,0.585276913607461,0.47997237932604736,0.0,799.2,0.0,0.0,1.0,888.0,-0.0,118,-29.44754088033806,0.0,120,-19.71908834088819,0.0,118,-35.00390910592858,0.0,120,-26.416097429779178,0.0,203,-39.62207823321027,0.0,120,-27.431194285796646,0.0,0.0,0.0,0.0,0.0,0.0,0.0,799.0,799.0,0.0,0.0,799.0,0.0,0.0,799
0.0,0.0,-0.0,0.0,23256.65073927081,799.0,-0.0,0.563756593199787,0.47997237932604736,0.0,799.2,0.0,0.0,1.0,888.0,-0.0,118,-58.03853655633747,0.0,120,-48.92726756858549,0.0,118,-4.976604175549994,0.0,120,-37.909811770064806,0.0,203,-4.172119997915198,0.0,120,-23.247688571276814,0.0,0.0,0.0,0.0,0.0,0.0,0.0,799.0,799.0,0.0,0.0,799.0,0.0,0.0,799
0.0,0.0,-0.0,0.0,22368.872961493034,776.0,-0.0,0.542236272792113,0.47997237932604736,0.0,799.2,0.0,0.0,1.0,888.0,-0.0,118,-55.94996084046996,0.0,120,-57.44238891252099,0.0,118,-2.4389631363931175,0.0,120,-36.316237209459324,0.0,180,-39.23459077315036,0.0,120,-0.31686594330094353,0.0,0.0,0.0,0.0,0.0,0.0,0.0,776.0,776.0,0.0,0.0,776.0,0.0,0.0,776
0.0,0.0,-0.0,0.0,21506.65073927081,776.0,-0.0,0.5213354359506173,0.47997237932604736,0.0,799.2,0.0,0.0,1.0,888.0,-0.0,118,-36.766874384698184,0.0,120,-54.59013356050227,0.0,118,-20.36410629099395,0.0,120,-5.288722606290095,0.0,180,-10.112639543331273,0.0,120,-16.22229151590337,0.0,0.0,0.0,0.0,0.0,0.0,0.0,776.0,776.0,0.0,0.0,776.0,0.0,0.0,776
0.0,0.0,-0.0,0.0,20644.42851704859,776.0,-0.0,0.5004345991091215,0.47997237932604736,0.0,799.2,0.0,0.0,1.0,888.0,-0.0,118,-1.8349780637893565,0.0,120,-48.231681266021965,0.0,118,-36.60674354648081,0.0,120,-9.77443367240892,0.0,180,-39.360883629271385,0.0,120,-20.614979512673134,0.0,0.0,0.0,0.0,0.0,0.0,0.0,776.0,776.0,0.0,0.0,776.0,0.0,0.0,776
0.0,0.0,-0.0,0.0,19782.206294826367,776.0,-0.0,0.4795337622676258,0.47997237932604736,0.0,799.2,0.0,0.0,1.0,888.0,-0.0,118,-58.62593313162252,0.0,120,-42.47068532422741,0.0,118,-8.050649059112562,0.0,120,-43.532153390846375,0.0,180,-13.494625462788662,0.0,120,-8.47260899411339,0.0,0.0,0.0,0.0,0.0,0.0,0.0,776.0,776.0,0.0,0.0,776.0,0.0,0.0,776
0.0,0.0,-0.0,0.0,18919.984072604144,776.0,-0.0,0.45863292542613004,0.47997237932604736,0.0,799.2,0.0,0.0,1.0,888.0,-0.0,118,-29.957931600255378,0.0,120,-17.570141313782106,0.0,118,-39.62812022041188,0.0,120,-10.67733749975831,0.0,180,-59.64793994203464,0.0,120,-58.72432100561722,0.0,0.0,0.0,0.0,0.0,0.0,0.0,776.0,776.0,0.0,0.0,776.0,0.0,0.0,776
0.0,0.0,-0.0,0.0,18057.76185038192,776.0,-0.0,0.43773208858463436,0.47997237932604736,0.0,799.2,0.0,0.0,1.0,888.0,-0.0,118,-7.13891794075963,0.0,120,-18.226306176274072,0.0,118,-38.031442664243535,0.0,120,-20.605381210631517,0.0,180,-14.863802149873306,0.0,120,-13.889439928148972,0.0,0.0,0.0,0.0,0.0,0.0,0.0,776.0,776.0,0.0,0.0,776.0,0.0,0.0,776
0.0,0.0,-0.0,0.0,17195.5396281597,776.0,-0.0,0.4168312517431386,0.47997237932604736,0.0,799.2,0.0,0.0,1.0,888.0,-0.0,118,-12.17242273306777,0.0,120,-16.950439780871317,0.0,118,-4.146852453379928,0.0,120,-11.560202866831366,0.0,180,-35.03330217798549,0.0,120,-46.439513844628244,0.0,0.0,0.0,0.0,0.0,0.0,0.0,776.0,776.0,0.0,0.0,776.0,0.0,0.0,776
0.0,0.0,-0.0,0.0,16333.317405937476,776.0,-0.0,0.39593041490164294,0.47997237932604736,0.0,799.2,0.0,0.0,1.0,888.0,-0.0,118,-7.2461780491819,0.0,120,-58.70462306222111,0.0,118,-26.50700501604615,0.0,120,-35.75035221528389,0.0,180,-38.40173352026757,0.0,120,-24.63517739802636,0.0,0.0,0.0,0.0,0.0,0.0,0.0,776.0,776.0,0.0,0.0,776.0,0.0,0.0,776
0.0,0.0,-0.0,0.0,15471.095183715253,776.0,-0.0,0.3750295780601472,0.47997237932604736,0.0,799.2,0.0,0.0,1.0,888.0,-0.0,118,-8.068346835740572,0.0,120,-3.977031407376661,0.0,118,-49.91398576063677,0.0,120,-25.149052905301076,0.0,180,-6.2051049045087225,0.0,120,-6.414672547378721,0.0,0.0,0.0,0.0,0.0,0.0,0.0,776.0,776.0,0.0,0.0,776.0,0.0,0.0,776
0.0,0.0,-0.0,0.0,14608.87296149303,776.0,-0.0,0.3541287412186515,0.47997237932604736,0.0,799.2,0.0,0.0,1.0,888.0,-0.0,118,-36.580382115880866,0.0,120,-20.486112517403157,0.0,118,-35.46823241609998,0.0,120,-54.064989952799664,0.0,180,-18.638711818540063,0.0,120,-40.486574905771896,0.0,0.0,0.0,0.0,0.0,0.0,0.0,776.0,776.0,0.0,0.0,776.0,0.0,0.0,776
0.0,0.0,-0.0,0.0,13746.650739270808,776.0,-0.0,0.33322790437715577,0.47997237932604736,0.0,799.2,0.0,0.0,1.0,888.0,-0.0,118,-1.4998170076626915,0.0,120,-58.76335214422752,0.0,118,-58.660748695898604,0.0,120,-58.27884937366901,0.0,180,-8.564305904927298,0.0,120,-24.810198435010275,0.0,0.0,0.0,0.0,0.0,0.0,0.0,776.0,776.0,0.0,0.0,776.0,0.0,0.0,776
0.0,0.0,-0.0,0.0,12884.428517048585,776.0,-0.0,0.3123270675356601,0.47997237932604736,0.0,799.2,0.0,0.0,1.0,888.0,-0.0,118,-18.47649372159577,0.0,120,-16.681416899005505,0.0,118,-54.54953577258574,0.0,120,-32.82008941126959,0.0,180,-6.149303735953118,0.0,120,-35.063496598087966,0.0,0.0,0.0,0.0,0.0,0.0,0.0,776.0,776.0,0.0,0.0,776.0,0.0,0.0,776
0.0,0.0,-0.0,0.0,12022.206294826363,776.0,-0.0,0.29142623069416435,0.47997237932604736,0.0,799.2,0.0,0.0,1.0,888.0,-0.0,118,-21.04552159466514,0.0,120,-59.94792495165025,0.0,118,-31.84190190689753,0.0,120,-3.2050133308821582,0.0,180,-56.74395270239797,0.0,120,-52.80816236019203,0.0,0.0,0.0,0.0,0.0,0.0,0.0,776.0,776.0,0.0,0.0,776.0,0.0,0.0,776
0.0,0.0,-0.0,0.0,11159.98407260414,776.0,-0.0,0.27052539385266866,0.47997237932604736,0.0,799.2,0.0,0.0,1.0,888.0,-0.0,118,-9.265961063759674,0.0,120,-4.504274653142946,0.0,118,-2.5091441454320873,0.0,120,-12.086778856672638,0.0,180,-39.882428181815136,0.0,120,-31.77594601380101,0.0,0.0,0.0,0.0,0.0,0.0,0.0,776.0,776.0,0.0,0.0,776.0,0.0,0.0,776
0.0,0.0,-0.0,0.0,10297.761850381918,776.0,-0.0,0.24962455701117295,0.47997237932604736,0.0,799.2,0.0,0.0,1.0,888.0,-0.0,118,-10.111247775121806,0.0,120,-16.11725865392171,0.0,118,-5.409015410484265,0.0,120,-54.603942078059575,0.0,180,-26.522513337531393,0.0,120,-4.1232370382475425,0.0,0.0,0.0,0.0,0.0,0.0,0.0,776.0,776.0,0.0,0.0,776.0,0.0,0.0,776
0.0,0.0,-0.0,0.0,9435.539628159695,776.0,-0.0,0.22872372016967724,0.47997237932604736,0.0,799.2,0.0,0.0,1.0,888.0,-0.0,118,-55.31995157760989,0.0,120,-57.19006135553341,0.0,118,-2.602687508673145,0.0,120,-45.11233435092871,0.0,180,-38.55806291395248,0.0,120,-52.33470832147427,0.0,0.0,0.0,0.0,0.0,0.0,0.0,776.0,776.0,0.0,0.0,776.0,0.0,0.0,776
0.0,0.0,-0.0,0.0,8573.317405937472,714.0,-0.0,0.20782288332818152,0.47997237932604736,0.0,799.2,0.0,0.0,1.0,888.0,-0.0,118,-53.27101703180369,0.0,120,-57.42195871285717,0.0,118,-31.103496849131474,0.0,120,-33.84215024751026,0.0,118,-56.64199471376255,0.0,120,-25.904374741369608,0.0,0.0,0.0,0.0,0.0,0.0,0.0,714.0,714.0,0.0,0.0,714.0,0.0,0.0,714
0.0,0.0,-0.0,0.0,7779.984072604139,714.0,-0.0,0.1885919587085579,0.47997237932604736,0.0,799.2,0.0,0.0,1.0,888.0,-0.0,118,-33.744589791223625,0.0,120,-28.456123737640343,0.0,118,-57.710203363126595,0.0,120,-52.665414153533696,0.0,118,-21.43468223243662,0.0,120,-28.55622913416733,0.0,0.0,0.0,0.0,0.0,0.0,0.0,714.0,714.0,0.0,0.0,714.0,0.0,0.0,714
0.0,0.0,-0.0,0.0,6986.650739270806,714.0,-0.0,0.1693610340889343,0.47997237932604736,0.0,799.2,0.0,0.0,1.0,888.0,-0.0,118,-16.725156169829052,0.0,120,-31.7259298949055,0.0,118,-1.7791896210817937,0.0,120,-59.219460702569734,0.0,118,-41.66621615219658,0.0,120,-32.709272292207245,0.0,0.0,0.0,0.0,0.0,0.0,0.0,714.0,714.0,0.0,0.0,714.0,0.0,0.0,714
0.0,0.0,-0.0,0.0,6193.317405937473,714.0,-0.0,0.15013010946931069,0.47997237932604736,0.0,799.2,0.0,0.0,1.0,888.0,-0.0,118,-40.8912045193135,0.0,120,-10.178668829752546,0.0,118,-13.252606829148956,0.0,120,-3.332575524840704,0.0,118,-12.710909442111397,0.0,120,-46.17402171778016,0.0,0.0,0.0,0.0,0.0,0.0,0.0,714.0,714.0,0.0,0.0,714.0,0.0,0.0,714
0.0,0.0,-0.0,0.0,5399.98407260414,714.0,-0.0,0.13089918484968707,0.47997237932604736,0.0,799.2,0.0,0.0,1.0,888.0,-0.0,118,-27.755569446653567,0.0,120,-34.30929540103594,0.0,118,-40.20602625633872,0.0,120,-11.02885890914777,0.0,118,-54.00820758878821,0.0,120,-34.34235227187106,0.0,0.0,0.0,0.0,0.0,0.0,0.0,714.0,714.0,0.0,0.0,714.0,0.0,0.0,714
0.0,0.0,-0.0,0.0,4606.650739270807,714.0,-0.0,0.11166826023006345,0.47997237932604736,0.0,799.2,0.0,0.0,1.0,888.0,-0.0,118,-22.556212594760144,0.0,120,-28.570131098413935,0.0,118,-46.58008629387539,0.0,120,-55.713934565521164,0.0,118,-49.65786155959126,0.0,120,-50.96903511544654,0.0,0.0,0.0,0.0,0.0,0.0,0.0,714.0,714.0,0.0,0.0,714.0,0.0,0.0,714
0.0,0.0,-0.0,0.0,3813.317405937474,714.0,-0.0,0.09243733561043983,0.47997237932604736,0.0,799.2,0.0,0.0,1.0,888.0,-0.0,118,-45.70753608808184,0.0,120,-17.052640126732776,0.0,118,-25.488891340289307,0.0,120,-15.17481429642521,0.0,118,-27.800822058503044,0.0,120,-42.71018657672447,0.0,0.0,0.0,0.0,0.0,0.0,0.0,714.0,714.0,0.0,0.0,714.0,0.0,0.0,714
0.0,0.0,-0.0,0.0,3019.984072604141,714.0,-0.0,0.0732064109908162,0.47997237932604736,0.0,799.2,0.0,0.0,1.0,888.0,-0.0,118,-24.739341822863793,0.0,120,-29.29980152794334,0.0,118,-39.143760678094296,0.0,120,-22.64519847011367,0.0,118,-32.3650218257157,0.0,120,-18.523785867275258,0.0,0.0,0.0,0.0,0.0,0.0,0.0,714.0,714.0,0.0,0.0,714.0,0.0,0.0,714
0.0,0.0,-0.0,0.0,2226.650739270808,714.0,-0.0,0.053975486371192594,0.47997237932604736,0.0,799.2,0.0,0.0,1.0,888.0,-0.0,118,-12.324921885170383,0.0,120,-57.6768458859681,0.0,118,-30.114088926567945,0.0,120,-57.82772623970792,0.0,118,-24.169755309024687,0.0,120,-2.1405683843243306,0.0,0.0,0.0,0.0,0.0,0.0,0.0,714.0,714.0,0.0,0.0,714.0,0.0,0.0,714
0.0,0.0,-0.0,0.0,1433.3174059374749,714.0,-0.0,0.034744561751568974,0.47997237932604736,0.0,799.2,0.0,0.0,1.0,888.0,-0.0,118,-11.569846279060021,0.0,120,-14.016924920356747,0.0,118,-41.147287007127275,0.0,120,-4.288676692424323,0.0,118,-52.54665839392582,0.0,120,-2.5602968481721877,0.0,0.0,0.0,0.0,0.0,0.0,0.0,714.0,714.0,0.0,0.0,714.0,0.0,0.0,714
0.0,0.0,-0.0,0.0,639.9840726041416,575.9856653437274,-0.0,0.015513637131945352,0.47997237932604736,66.24306858607251,799.2,0.0,138.01433465627258,1.0,888.0,-122556.72917477005,118,-46.17110213932354,0.0,120,-49.05037888408032,0.0,118,-23.75593699719297,0.0,120,-31.353288710420436,0.0,118,-15.128544852568663,0.0,120,-19.178764947827993,0.0,0.0,0.0,0.0,0.0,-122556.72917477005,-122556.72917477005,714.0,714.0,0.0,0.0,714.0,0.0,0.0,714
0.0,0.0,-0.0,0.0,0.0,0.0,-0.0,0.0,0.47997237932604736,342.70027883879783,799.2,0.0,714.0,1.0,888.0,-634032.0,118,-36.52111003671665,0.0,120,-39.08201875256842,0.0,118,-57.30841001006228,0.0,120,-15.318440379068857,0.0,118,-45.46973721192373,0.0,120,-12.157964837682762,0.0,0.0,0.0,0.0,0.0,-634032.0,-634032.0,714.0,714.0,0.0,0.0,714.0,0.0,0.0,714
0.0,0.0,-0.0,0.0,0.0,0.0,-0.0,0.0,0.47997237932604736,342.70027883879783,799.2,0.0,714.0,1.0,888.0,-634032.0,118,-56.95301308598417,0.0,120,-33.136563450540976,0.0,118,-24.38019632293116,0.0,120,-49.425527910509636,0.0,118,-59.265199437637584,0.0,120,-39.72732313100685,0.0,0.0,0.0,0.0,0.0,-634032.0,-634032.0,714.0,714.0,0.0,0.0,714.0,0.0,0.0,714
0.0,0.0,-0.0,0.0,0.0,0.0,-0.0,0.0,0.47997237932604736,342.70027883879783,799.2,0.0,714.0,1.0,888.0,-634032.0,118,-4.842102487004283,0.0,120,-44.48678178061351,0.0,118,-54.44411623933037,0.0,120,-45.55889284389398,0.0,118,-38.57853459736236,0.0,120,-47.400579395793116,0.0,0.0,0.0,0.0,0.0,-634032.0,-634032.0,714.0,714.0,0.0,0.0,714.0,0.0,0.0,714
0.0,0.0,-0.0,0.0,0.0,0.0,-0.0,0.0,0.47997237932604736,342.70027883879783,799.2,0.0,714.0,1.0,888.0,-634032.0,118,-57.833324842512404,0.0,120,-55.54944670550013,0.0,118,-34.3957547847805,0.0,120,-19.223862008902238,0.0,118,-38.353673278937,0.0,120,-50.58347633887668,0.0,0.0,0.0,0.0,0.0,-634032.0,-634032.0,714.0,714.0,0.0,0.0,714.0,0.0,0.0,714
0.0,0.0,-0.0,0.0,0.0,0.0,-0.0,0.0,0.47997237932604736,342.70027883879783,799.2,0.0,714.0,1.0,888.0,-634032.0,118,-43.38908074137494,0.0,120,-39.53372647962576,0.0,118,-57.956412289989956,0.0,120,-36.94129515443751,0.0,118,-13.163316301394332,0.0,120,-4.89602315563064,0.0,0.0,0.0,0.0,0.0,-634032.0,-634032.0,714.0,714.0,0.0,0.0,714.0,0.0,0.0,714
0.0,0.0,-0.0,0.0,0.0,0.0,-0.0,0.0,0.47997237932604736,342.70027883879783,799.2,0.0,714.0,1.0,888.0,-634032.0,118,-45.41310545011895,0.0,120,-23.427086161684564,0.0,118,-47.786067622188696,0.0,120,-32.3602766657922,0.0,118,-32.09987820152184,0.0,120,-26.071754792076838,0.0,0.0,0.0,0.0,0.0,-634032.0,-634032.0,714.0,714.0,0.0,0.0,714.0,0.0,0.0,714
0.0,0.0,-0.0,0.0,0.0,0.0,-0.0,0.0,0.47997237932604736,342.70027883879783,799.2,0.0,714.0,1.0,888.0,-634032.0,118,-28.389638044627056,0.0,120,-37.000921152204256,0.0,118,-49.292600777365735,0.0,120,-13.965862379177164,0.0,118,-26.757699270477826,0.0,120,-57.75588310164124,0.0,0.0,0.0,0.0,0.0,-634032.0,-634032.0,714.0,714.0,0.0,0.0,714.0,0.0,0.0,714
0.0,0.0,-0.0,0.0,0.0,0.0,-0.0,0.0,0.47997237932604736,342.70027883879783,799.2,0.0,714.0,1.0,888.0,-634032.0,118,-37.770452906057564,0.0,120,-59.68806141801879,0.0,118,-33.43973812119267,0.0,120,-14.147573655041743,0.0,118,-12.187955552545773,0.0,120,-54.235989326417254,0.0,0.0,0.0,0.0,0.0,-634032.0,-634032.0,714.0,714.0,0.0,0.0,714.0,0.0,0.0,714
0.0,0.0,-0.0,0.0,0.0,0.0,-0.0,0.0,0.47997237932604736,342.70027883879783,799.2,0.0,714.0,1.0,888.0,-634032.0,118,-47.941687149591964,0.0,120,-24.57660657588007,0.0,118,-7.321827343422084,0.0,120,-17.91900713260453,0.0,118,-22.290424719189282,0.0,120,-11.011156663310743,0.0,0.0,0.0,0.0,0.0,-634032.0,-634032.0,714.0,714.0,0.0,0.0,714.0,0.0,0.0,714
0.0,0.0,-0.0,0.0,0.0,0.0,-0.0,0.0,0.47997237932604736,342.70027883879783,799.2,0.0,714.0,1.0,888.0,-634032.0,118,-34.93363551906449,0.0,120,-25.487346139834667,0.0,118,-13.369685465777586,0.0,120,-50.85296893539113,0.0,118,-22.781198596512798,0.0,120,-11.445376689263853,0.0,0.0,0.0,0.0,0.0,-634032.0,-634032.0,714.0,714.0,0.0,0.0,714.0,0.0,0.0,714
0.0,0.0,-0.0,0.0,0.0,0.0,-0.0,0.0,0.47997237932604736,342.70027883879783,799.2,0.0,714.0,1.0,888.0,-634032.0,118,-20.07001889245538,0.0,120,-52.71481264669243,0.0,118,-25.52025300937651,0.0,120,-36.67449675343357,0.0,118,-37.421792096917535,0.0,120,-37.12633457180737,0.0,0.0,0.0,0.0,0.0,-634032.0,-634032.0,714.0,714.0,0.0,0.0,714.0,0.0,0.0,714
0.0,0.0,-0.0,0.0,0.0,0.0,-0.0,0.0,0.47997237932604736,342.70027883879783,799.2,0.0,714.0,1.0,888.0,-634032.0,118,-9.362044152123053,0.0,120,-37.90924818297451,0.0,118,-19.228604639693614,0.0,120,-58.83159250476116,0.0,118,-46.149183117787345,0.0,120,-22.42670352533976,0.0,0.0,0.0,0.0,0.0,-634032.0,-634032.0,714.0,714.0,0.0,0.0,714.0,0.0,0.0,714
0.0,0.0,-0.0,0.0,0.0,0.0,-0.0,0.0,0.47997237932604736,342.70027883879783,799.2,0.0,714.0,1.0,888.0,-634032.0,118,-7.184272889168797,0.0,120,-28.78494107061637,0.0,118,-0.47589514048601567,0.0,120,-40.92838511900846,0.0,118,-17.530141339357733,0.0,120,-46.888278773113484,0.0,0.0,0.0,0.0,0.0,-634032.0,-634032.0,714.0,714.0,0.0,0.0,714.0,0.0,0.0,714
0.0,0.0,-0.0,0.0,0.0,0.0,-0.0,0.0,0.47997237932604736,342.70027883879783,799.2,0.0,714.0,1.0,888.0,-634032.0,118,-12.17009331665578,0.0,120,-33.20941113743897,0.0,118,-19.92631827621027,0.0,120,-47.29261226724,0.0,118,-23.96143139061323,0.0,120,-3.3747419241903653,0.0,0.0,0.0,0.0,0.0,-634032.0,-634032.0,714.0,714.0,0.0,0.0,714.0,0.0,0.0,714
0.0,0.0,-0.0,0.0,0.0,0.0,-0.0,0.0,0.47997237932604736,344.620168356102,799.2,0.0,718.0,1.0,888.0,-637584.0,120,-30.558707009762102,0.0,120,-31.988509166001876,0.0,120,-33.47658238333571,0.0,120,-12.986968501440721,0.0,118,-57.808446187594086,0.0,120,-20.630707401030392,0.0,0.0,0.0,0.0,0.0,-637584.0,-637584.0,718.0,718.0,0.0,0.0,718.0,0.0,0.0,718
0.0,0.0,-0.0,0.0,0.0,0.0,-0.0,0.0,0.47997237932604736,344.620168356102,799.2,0.0,718.0,1.0,888.0,-637584.0,120,-42.78492169502914,0.0,120,-39.94888005589879,0.0,120,-37.188219579893506,0.0,120,-44.088794915993915,0.0,118,-47.64238271133831,0.0,120,-0.1695723580459063,0.0,0.0,0.0,0.0,0.0,-637584.0,-637584.0,718.0,718.0,0.0,0.0,718.0,0.0,0.0,718
0.0,0.0,-0.0,0.0,0.0,0.0,-0.0,0.0,0.47997237932604736,344.620168356102,799.2,0.0,718.0,1.0,888.0,-637584.0,120,-46.626495052574704,0.0,120,-48.40963211837207,0.0,120,-39.96258007869181,0.0,120,-30.61078553581696,0.0,118,-21.275754210007122,0.0,120,-23.20103777235935,0.0,0.0,0.0,0.0,0.0,-637584.0,-637584.0,718.0,718.0,0.0,0.0,718.0,0.0,0.0,718
0.0,0.0,-0.0,0.0,0.0,0.0,-0.0,0.0,0.47997237932604736,344.620168356102,799.2,0.0,718.0,1.0,888.0,-637584.0,120,-59.056708701537985,0.0,120,-21.676597805547473,0.0,120,-2.622242766473648,0.0,120,-42.68166609804702,0.0,118,-53.13735833548464,0.0,120,-50.30753835478877,0.0,0.0,0.0,0.0,0.0,-637584.0,-637584.0,718.0,718.0,0.0,0.0,718.0,0.0,0.0,718
0.0,0.0,-0.0,0.0,0.0,0.0,-0.0,0.0,0.47997237932604736,344.620168356102,799.2,0.0,718.0,1.0,888.0,-637584.0,120,-55.108930907368325,0.0,120,-54.168280348827885,0.0,120,-35.188337961979755,0.0,120,-4.976286718016693,0.0,118,-34.18925119440062,0.0,120,-34.586214833863515,0.0,0.0,0.0,0.0,0.0,-637584.0,-637584.0,718.0,718.0,0.0,0.0,718.0,0.0,0.0,718
0.0,0.0,-0.0,0.0,0.0,0.0,-0.0,0.0,0.47997237932604736,344.620168356102,799.2,0.0,718.0,1.0,888.0,-637584.0,120,-1.2569868919150373,0.0,120,-52.28653625541363,0.0,120,-16.30326772608316,0.0,120,-5.138876816896296,0.0,118,-29.12591625803769,0.0,120,-49.225841562488995,0.0,0.0,0.0,0.0,0.0,-637584.0,-637584.0,718.0,718.0,0.0,0.0,718.0,0.0,0.0,718
0.0,0.0,-0.0,0.0,0.0,0.0,-0.0,0.0,0.47997237932604736,344.620168356102,799.2,0.0,718.0,1.0,888.0,-637584.0,120,-49.730093400859964,0.0,120,-32.29878627666976,0.0,120,-44.3130891354023,0.0,120,-40.71528862705606,0.0,118,-5.205865395733986,0.0,120,-52.822867510413666,0.0,0.0,0.0,0.0,0.0,-637584.0,-637584.0,718.0,718.0,0.0,0.0,718.0,0.0,0.0,718
0.0,0.0,-0.0,0.0,0.0,0.0,-0.0,0.0,0.47997237932604736,344.620168356102,799.2,0.0,718.0,1.0,888.0,-637584.0,120,-49.77863884080118,0.0,120,-26.770370691531408,0.0,120,-18.059413033802876,0.0,120,-3.2710879316042907,0.0,118,-4.625515775185091,0.0,120,-5.6334640570059875,0.0,0.0,0.0,0.0,0.0,-637584.0,-637584.0,718.0,718.0,0.0,0.0,718.0,0.0,0.0,718
0.0,0.0,-0.0,0.0,0.0,0.0,-0.0,0.0,0.47997237932604736,344.620168356102,799.2,0.0,718.0,1.0,888.0,-637584.0,120,-41.020792375484874,0.0,120,-2.7994490002823524,0.0,120,-49.578500385084645,0.0,120,-19.86082901211498,0.0,118,-40.349726542722394,0.0,120,-47.26461409548311,0.0,0.0,0.0,0.0,0.0,-637584.0,-637584.0,718.0,718.0,0.0,0.0,718.0,0.0,0.0,718
0.0,0.0,-0.0,0.0,0.0,0.0,-0.0,0.0,0.47997237932604736,344.620168356102,799.2,0.0,718.0,1.0,888.0,-637584.0,120,-53.88345115935133,0.0,120,-24.363486510388196,0.0,120,-31.693955300143923,0.0,120,-15.139924277631875,0.0,118,-58.45332060552245,0.0,120,-38.329650134323444,0.0,0.0,0.0,0.0,0.0,-637584.0,-637584.0,718.0,718.0,0.0,0.0,718.0,0.0,0.0,718
0.0,0.0,-0.0,0.0,0.0,0.0,-0.0,0.0,0.47997237932604736,344.620168356102,799.2,0.0,718.0,1.0,888.0,-637584.0,120,-21.0897318470342,0.0,120,-46.136313772996026,0.0,120,-52.44162028868633,0.0,120,-52.17975478932763,0.0,118,-29.482934577207633,0.0,120,-17.140989869358698,0.0,0.0,0.0,0.0,0.0,-637584.0,-637584.0,718.0,718.0,0.0,0.0,718.0,0.0,0.0,718
0.0,0.0,-0.0,0.0,0.0,0.0,-0.0,0.0,0.47997237932604736,344.620168356102,799.2,0.0,718.0,1.0,888.0,-637584.0,120,-35.71900647328449,0.0,120,-31.280670412483854,0.0,120,-1.182451972581211,0.0,120,-47.574249683059946,0.0,118,-10.12153097207899,0.0,120,-50.94065974006605,0.0,0.0,0.0,0.0,0.0,-637584.0,-637584.0,718.0,718.0,0.0,0.0,718.0,0.0,0.0,718
