balancing,balancing,balancing,battery,battery,battery,battery,battery,grid,grid,grid,grid,grid,grid,grid,grid,node,node,node,node,node,node,node,node,node,node,node,node,node,node,node,node,node,node,pv_source,pv_source,pv_source,pv_source,balance,balance,balance,balance,balance,balance,balance,balance,balance,balance
0,0,0,0,0,0,0,0,0,0,0,0,0,0,0,0,0,0,0,1,1,1,2,2,2,3,3,3,4,4,4,5,5,5,0,0,0,0,0,0,0,0,0,0,0,0,0,0
loss_load,overgeneration,reward,charge_amount,current_charge,discharge_amount,reward,soc,co2_per_kwh_current,co2_production,export_price_current,grid_export,grid_import,grid_status_current,import_price_current,reward,load_met,node_current,reward,load_met,node_current,reward,load_met,node_current,reward,load_met,node_current,reward,load_met,node_current,reward,load_met,node_current,reward,curtailment,renewable_current,renewable_used,reward,reward,shaped_reward,overall_provided_to_microgrid,overall_absorbed_from_microgrid,flex_provided_to_microgrid,flex_absorbed_from_microgrid,controllable_provided_to_microgrid,controllable_absorbed_from_microgrid,fixed_provided_to_microgrid,fixed_absorbed_from_microgrid
0.0,0.0,-0.0,0.0,20626.5,720.0,-0.0,0.5,0.47997237932604736,0.0,799.2,0.0,0.0,1.0,888.0,-0.0,120,-24.163930063427703,0.0,120,-59.28314648299188,0.0,120,-24.811508122651787,0.0,120,-38.569216858194295,0.0,120,-31.20065254590733,0.0,120,-3.4778102011735346,0.0,0.0,0.0,0.0,0.0,0.0,0.0,720.0,720.0,0.0,0.0,720.0,0.0,0.0,720
0.0,0.0,-0.0,0.0,19826.5,720.0,-0.0,0.4806074709718081,0.47997237932604736,0.0,799.2,0.0,0.0,1.0,888.0,-0.0,120,-12.93888793925581,0.0,120,-3.579440663663025,0.0,120,-27.248334151711212,0.0,120,-26.364035340170716,0.0,120,-25.468610273448235,0.0,120,-34.61891552438693,0.0,0.0,0.0,0.0,0.0,0.0,0.0,720.0,720.0,0.0,0.0,720.0,0.0,0.0,720
0.0,0.0,-0.0,0.0,19026.5,720.0,-0.0,0.46121494194361623,0.47997237932604736,0.0,799.2,0.0,0.0,1.0,888.0,-0.0,120,-25.59170072106021,0.0,120,-1.926162258444648,0.0,120,-56.88008249506082,0.0,120,-26.47926464061074,0.0,120,-42.93181634760424,0.0,120,-50.10363612062378,0.0,0.0,0.0,0.0,0.0,0.0,0.0,720.0,720.0,0.0,0.0,720.0,0.0,0.0,720
0.0,0.0,-0.0,0.0,18226.5,720.0,-0.0,0.44182241291542435,0.47997237932604736,0.0,799.2,0.0,0.0,1.0,888.0,-0.0,120,-53.33747527070474,0.0,120,-44.430302520147436,0.0,120,-44.22881051293803,0.0,120,-50.76016113343342,0.0,120,-28.693600961859488,0.0,120,-55.03259462277193,0.0,0.0,0.0,0.0,0.0,0.0,0.0,720.0,720.0,0.0,0.0,720.0,0.0,0.0,720
0.0,0.0,-0.0,0.0,17426.5,720.0,-0.0,0.42242988388723246,0.47997237932604736,0.0,799.2,0.0,0.0,1.0,888.0,-0.0,120,-56.40092610581553,0.0,120,-57.4392196632507,0.0,120,-0.46510697110033306,0.0,120,-14.141737757036184,0.0,120,-53.251681234343714,0.0,120,-45.847152554868835,0.0,0.0,0.0,0.0,0.0,0.0,0.0,720.0,720.0,0.0,0.0,720.0,0.0,0.0,720
0.0,0.0,-0.0,0.0,16626.5,720.0,-0.0,0.4030373548590406,0.47997237932604736,0.0,799.2,0.0,0.0,1.0,888.0,-0.0,120,-0.4658206523575248,0.0,120,-1.6977398481986383,0.0,120,-39.71040480013628,0.0,120,-26.072430150820104,0.0,120,-18.14798922027476,0.0,120,-43.0589949253586,0.0,0.0,0.0,0.0,0.0,0.0,0.0,720.0,720.0,0.0,0.0,720.0,0.0,0.0,720
0.0,0.0,-0.0,0.0,15826.5,720.0,-0.0,0.3836448258308487,0.47997237932604736,0.0,799.2,0.0,0.0,1.0,888.0,-0.0,120,-3.7798065972037054,0.0,120,-12.709445384873074,0.0,120,-34.93214088665179,0.0,120,-3.383952339168119,0.0,120,-56.05404813747106,0.0,120,-51.48064529750279,0.0,0.0,0.0,0.0,0.0,0.0,0.0,720.0,720.0,0.0,0.0,720.0,0.0,0.0,720
0.0,0.0,-0.0,0.0,15026.5,720.0,-0.0,0.36425229680265675,0.47997237932604736,0.0,799.2,0.0,0.0,1.0,888.0,-0.0,120,-7.6158970826237855,0.0,120,-5.96808186202209,0.0,120,-37.36623564290138,0.0,120,-22.007292446140326,0.0,120,-37.941913421032325,0.0,120,-43.43498529963025,0.0,0.0,0.0,0.0,0.0,0.0,0.0,720.0,720.0,0.0,0.0,720.0,0.0,0.0,720
0.0,0.0,-0.0,0.0,14226.5,720.0,-0.0,0.34485976777446486,0.47997237932604736,0.0,799.2,0.0,0.0,1.0,888.0,-0.0,120,-50.44226119866188,0.0,120,-30.904821838560967,0.0,120,-35.797531559751214,0.0,120,-59.51084743105905,0.0,120,-5.79997779792323,0.0,120,-55.88344915984822,0.0,0.0,0.0,0.0,0.0,0.0,0.0,720.0,720.0,0.0,0.0,720.0,0.0,0.0,720
0.0,0.0,-0.0,0.0,13426.5,720.0,-0.0,0.325467238746273,0.47997237932604736,0.0,799.2,0.0,0.0,1.0,888.0,-0.0,120,-5.384652956992602,0.0,120,-10.476938109807914,0.0,120,-59.780971503393346,0.0,120,-39.473763148483236,0.0,120,-26.939102184420136,0.0,120,-21.79071882056491,0.0,0.0,0.0,0.0,0.0,0.0,0.0,720.0,720.0,0.0,0.0,720.0,0.0,0.0,720
0.0,0.0,-0.0,0.0,12626.5,720.0,-0.0,0.3060747097180811,0.47997237932604736,0.0,799.2,0.0,0.0,1.0,888.0,-0.0,120,-46.79249490012367,0.0,120,-3.3871160838748793,0.0,120,-23.662197127610135,0.0,120,-22.843116270872173,0.0,120,-2.38635877852859,0.0,120,-50.916866885391705,0.0,0.0,0.0,0.0,0.0,0.0,0.0,720.0,720.0,0.0,0.0,720.0,0.0,0.0,720
0.0,0.0,-0.0,0.0,11826.5,720.0,-0.0,0.2866821806898892,0.47997237932604736,0.0,799.2,0.0,0.0,1.0,888.0,-0.0,120,-54.22739127963279,0.0,120,-4.410734747444193,0.0,120,-38.035758384382376,0.0,120,-13.046749097221454,0.0,120,-12.084512596092088,0.0,120,-53.4199503151585,0.0,0.0,0.0,0.0,0.0,0.0,0.0,720.0,720.0,0.0,0.0,720.0,0.0,0.0,720
0.0,0.0,-0.0,0.0,11026.5,720.0,-0.0,0.2672896516616973,0.47997237932604736,0.0,799.2,0.0,0.0,1.0,888.0,-0.0,120,-53.50347055239662,0.0,120,-41.5405843706658,0.0,120,-24.437541140677588,0.0,120,-18.689510493417604,0.0,120,-44.881382010877914,0.0,120,-35.62336018435326,0.0,0.0,0.0,0.0,0.0,0.0,0.0,720.0,720.0,0.0,0.0,720.0,0.0,0.0,720
0.0,0.0,-0.0,0.0,10226.5,720.0,-0.0,0.24789712263350544,0.47997237932604736,0.0,799.2,0.0,0.0,1.0,888.0,-0.0,120,-47.502824210352756,0.0,120,-0.16443970140258335,0.0,120,-18.48757914056509,0.0,120,-0.08961140692942182,0.0,120,-14.200169169207783,0.0,120,-48.612237833584764,0.0,0.0,0.0,0.0,0.0,0.0,0.0,720.0,720.0,0.0,0.0,720.0,0.0,0.0,720
0.0,0.0,-0.0,0.0,9426.5,720.0,-0.0,0.22850459360531356,0.47997237932604736,0.0,799.2,0.0,0.0,1.0,888.0,-0.0,120,-20.34410049126382,0.0,120,-53.74264076504414,0.0,120,-16.377932667233978,0.0,120,-28.366103129029824,0.0,120,-25.29720322935376,0.0,120,-45.02040291476585,0.0,0.0,0.0,0.0,0.0,0.0,0.0,720.0,720.0,0.0,0.0,720.0,0.0,0.0,720
0.0,0.0,-0.0,0.0,8626.5,720.0,-0.0,0.20911206457712167,0.47997237932604736,0.0,799.2,0.0,0.0,1.0,888.0,-0.0,120,-35.789395678104796,0.0,120,-32.299178927741266,0.0,120,-53.93353524648283,0.0,120,-59.21402787959491,0.0,120,-14.744854613228533,0.0,120,-1.1139564272797653,0.0,0.0,0.0,0.0,0.0,0.0,0.0,720.0,720.0,0.0,0.0,720.0,0.0,0.0,720
0.0,0.0,-0.0,0.0,7826.5,720.0,-0.0,0.18971953554892979,0.47997237932604736,0.0,799.2,0.0,0.0,1.0,888.0,-0.0,120,-11.065343695968465,0.0,120,-0.7091000180369278,0.0,120,-39.80423535393544,0.0,120,-15.334527233774974,0.0,120,-23.168201634634435,0.0,120,-49.30327472675365,0.0,0.0,0.0,0.0,0.0,0.0,0.0,720.0,720.0,0.0,0.0,720.0,0.0,0.0,720
0.0,0.0,-0.0,0.0,7026.5,720.0,-0.0,0.17032700652073787,0.47997237932604736,0.0,799.2,0.0,0.0,1.0,888.0,-0.0,120,-32.707781760157,0.0,120,-6.524113286454432,0.0,120,-48.28380552702455,0.0,120,-4.70410101599972,0.0,120,-36.11121113442816,0.0,120,-40.437928486050474,0.0,0.0,0.0,0.0,0.0,0.0,0.0,720.0,720.0,0.0,0.0,720.0,0.0,0.0,720
0.0,0.0,-0.0,0.0,6226.5,718.0,-0.0,0.150934477492546,0.47997237932604736,0.0,799.2,0.0,0.0,1.0,888.0,-0.0,120,-49.64280301425451,0.0,120,-44.16029658330873,0.0,118,-33.68372612182352,0.0,120,-56.40712971199458,0.0,120,-7.354782413871761,0.0,120,-11.654079359076999,0.0,0.0,0.0,0.0,0.0,0.0,0.0,718.0,718.0,0.0,0.0,718.0,0.0,0.0,718
0.0,0.0,-0.0,0.0,5428.722222222223,718.0,-0.0,0.13159581660054354,0.47997237932604736,0.0,799.2,0.0,0.0,1.0,888.0,-0.0,120,-2.458825144048231,0.0,120,-19.31673541595519,0.0,118,-45.24082427014952,0.0,120,-21.892697995111202,0.0,120,-44.92138587173845,0.0,120,-18.269414442646415,0.0,0.0,0.0,0.0,0.0,0.0,0.0,718.0,718.0,0.0,0.0,718.0,0.0,0.0,718
0.0,0.0,-0.0,0.0,4630.944444444445,720.0,-0.0,0.11225715570854108,0.47997237932604736,0.0,799.2,0.0,0.0,1.0,888.0,-0.0,120,-4.779208027517193,0.0,120,-46.18698451471987,0.0,120,-2.45164817865835,0.0,120,-58.96959811011164,0.0,120,-20.40793097371361,0.0,120,-21.9818445368397,0.0,0.0,0.0,0.0,0.0,0.0,0.0,720.0,720.0,0.0,0.0,720.0,0.0,0.0,720
0.0,0.0,-0.0,0.0,3830.9444444444453,720.0,-0.0,0.0928646266803492,0.47997237932604736,0.0,799.2,0.0,0.0,1.0,888.0,-0.0,120,-54.155586589261716,0.0,120,-19.94303937175175,0.0,120,-33.09399765490259,0.0,120,-19.417534599261167,0.0,120,-33.85001020539406,0.0,120,-46.03129238505017,0.0,0.0,0.0,0.0,0.0,0.0,0.0,720.0,720.0,0.0,0.0,720.0,0.0,0.0,720
0.0,0.0,-0.0,0.0,3030.9444444444453,720.0,-0.0,0.0734720976521573,0.47997237932604736,0.0,799.2,0.0,0.0,1.0,888.0,-0.0,120,-28.10422418362574,0.0,120,-55.25441943651618,0.0,120,-35.38535438879717,0.0,120,-52.27082695440756,0.0,120,-59.04541024452749,0.0,120,-8.604118192043696,0.0,0.0,0.0,0.0,0.0,0.0,0.0,720.0,720.0,0.0,0.0,720.0,0.0,0.0,720
0.0,0.0,-0.0,0.0,2230.9444444444453,720.0,-0.0,0.054079568623965416,0.47997237932604736,0.0,799.2,0.0,0.0,1.0,888.0,-0.0,120,-11.875202273298429,0.0,120,-45.98344927883248,0.0,120,-50.73175117681715,0.0,120,-3.445491384577908,0.0,120,-28.73101775311976,0.0,120,-31.188558202123588,0.0,0.0,0.0,0.0,0.0,0.0,0.0,720.0,720.0,0.0,0.0,720.0,0.0,0.0,720
0.0,0.0,-0.0,0.0,1430.9444444444453,720.0,-0.0,0.034687039595773524,0.47997237932604736,0.0,799.2,0.0,0.0,1.0,888.0,-0.0,120,-8.943297634211804,0.0,120,-51.90073504042453,0.0,120,-42.80354961809789,0.0,120,-8.137231840273628,0.0,120,-44.76923130963493,0.0,120,-18.952710549557317,0.0,0.0,0.0,0.0,0.0,0.0,0.0,720.0,720.0,0.0,0.0,720.0,0.0,0.0,720
0.0,0.0,-0.0,0.0,630.9444444444453,567.8500000000007,-0.0,0.015294510567581637,0.47997237932604736,73.02779751445777,799.2,0.0,152.1499999999993,1.0,888.0,-135109.19999999937,120,-5.607918494307686,0.0,120,-21.723512133323663,0.0,120,-46.37476555133079,0.0,120,-39.95620296833087,0.0,120,-42.66547123431676,0.0,120,-11.796053100386061,0.0,0.0,0.0,0.0,0.0,-135109.19999999937,-135109.19999999937,720.0,720.0,0.0,0.0,720.0,0.0,0.0,720
0.0,0.0,-0.0,0.0,0.0,0.0,-0.0,0.0,0.47997237932604736,345.5801131147541,799.2,0.0,720.0,1.0,888.0,-639360.0,120,-18.278655658702842,0.0,120,-43.934045142790325,0.0,120,-53.025340191626675,0.0,120,-5.257762431798243,0.0,120,-0.5024354775801076,0.0,120,-27.046730427586528,0.0,0.0,0.0,0.0,0.0,-639360.0,-639360.0,720.0,720.0,0.0,0.0,720.0,0.0,0.0,720
0.0,0.0,-0.0,0.0,0.0,0.0,-0.0,0.0,0.47997237932604736,345.5801131147541,799.2,0.0,720.0,1.0,888.0,-639360.0,120,-23.07683845226291,0.0,120,-25.648422924338476,0.0,120,-46.974376817405314,0.0,120,-10.476402281873192,0.0,120,-57.359192618265894,0.0,120,-54.06306818243587,0.0,0.0,0.0,0.0,0.0,-639360.0,-639360.0,720.0,720.0,0.0,0.0,720.0,0.0,0.0,720
0.0,0.0,-0.0,0.0,0.0,0.0,-0.0,0.0,0.47997237932604736,345.5801131147541,799.2,0.0,720.0,1.0,888.0,-639360.0,120,-59.13116875725763,0.0,120,-12.491575308578513,0.0,120,-54.70354286999252,0.0,120,-29.204862138085975,0.0,120,-31.591459476013995,0.0,120,-34.284636516185984,0.0,0.0,0.0,0.0,0.0,-639360.0,-639360.0,720.0,720.0,0.0,0.0,720.0,0.0,0.0,720
0.0,0.0,-0.0,0.0,0.0,0.0,-0.0,0.0,0.47997237932604736,345.5801131147541,799.2,0.0,720.0,1.0,888.0,-639360.0,120,-57.510992181615144,0.0,120,-14.63355030131407,0.0,120,-27.26706708571018,0.0,120,-50.17041026447315,0.0,120,-32.51854379217894,0.0,120,-55.344773244177894,0.0,0.0,0.0,0.0,0.0,-639360.0,-639360.0,720.0,720.0,0.0,0.0,720.0,0.0,0.0,720
0.0,0.0,-0.0,0.0,0.0,0.0,-0.0,0.0,0.47997237932604736,345.5801131147541,799.2,0.0,720.0,1.0,888.0,-639360.0,120,-55.24658052346938,0.0,120,-10.248275734894374,0.0,120,-3.0794127607063815,0.0,120,-22.645897932609724,0.0,120,-22.23586619479712,0.0,120,-41.200123348389376,0.0,0.0,0.0,0.0,0.0,-639360.0,-639360.0,720.0,720.0,0.0,0.0,720.0,0.0,0.0,720
0.0,0.0,-0.0,0.0,0.0,0.0,-0.0,0.0,0.47997237932604736,345.5801131147541,799.2,0.0,720.0,1.0,888.0,-639360.0,120,-50.51290811515658,0.0,120,-26.77237434487514,0.0,120,-7.917328033565139,0.0,120,-58.60485030966966,0.0,120,-5.488390784834573,0.0,120,-43.54149978556666,0.0,0.0,0.0,0.0,0.0,-639360.0,-639360.0,720.0,720.0,0.0,0.0,720.0,0.0,0.0,720
0.0,0.0,-0.0,0.0,0.0,0.0,-0.0,0.0,0.47997237932604736,345.5801131147541,799.2,0.0,720.0,1.0,888.0,-639360.0,120,-45.68288669538134,0.0,120,-43.10994801795905,0.0,120,-16.793469758943154,0.0,120,-32.7983266688543,0.0,120,-5.334859756117078,0.0,120,-48.04159290257856,0.0,0.0,0.0,0.0,0.0,-639360.0,-639360.0,720.0,720.0,0.0,0.0,720.0,0.0,0.0,720
0.0,0.0,-0.0,0.0,0.0,0.0,-0.0,0.0,0.47997237932604736,345.5801131147541,799.2,0.0,720.0,1.0,888.0,-639360.0,120,-26.673670598246527,0.0,120,-10.08813809288335,0.0,120,-15.719458882302977,0.0,120,-0.6499694564580194,0.0,120,-34.75354199344126,0.0,120,-59.55015733716771,0.0,0.0,0.0,0.0,0.0,-639360.0,-639360.0,720.0,720.0,0.0,0.0,720.0,0.0,0.0,720
0.0,0.0,-0.0,0.0,0.0,0.0,-0.0,0.0,0.47997237932604736,345.5801131147541,799.2,0.0,720.0,1.0,888.0,-639360.0,120,-46.85295833899804,0.0,120,-21.93609413727934,0.0,120,-18.3290921444885,0.0,120,-6.891205760979875,0.0,120,-21.327824221939355,0.0,120,-20.498774329744524,0.0,0.0,0.0,0.0,0.0,-639360.0,-639360.0,720.0,720.0,0.0,0.0,720.0,0.0,0.0,720
0.0,0.0,-0.0,0.0,0.0,0.0,-0.0,0.0,0.47997237932604736,345.5801131147541,799.2,0.0,720.0,1.0,888.0,-639360.0,120,-1.449794852431987,0.0,120,-11.755176711752156,0.0,120,-9.480452409879081,0.0,120,-44.49954565371492,0.0,120,-13.788009515294506,0.0,120,-29.184263642189283,0.0,0.0,0.0,0.0,0.0,-639360.0,-639360.0,720.0,720.0,0.0,0.0,720.0,0.0,0.0,720
0.0,0.0,-0.0,0.0,0.0,0.0,-0.0,0.0,0.47997237932604736,345.5801131147541,799.2,0.0,720.0,1.0,888.0,-639360.0,120,-4.994072911485432,0.0,120,-55.39586097706979,0.0,120,-11.973636563406846,0.0,120,-34.98929669225618,0.0,120,-7.9687100657154275,0.0,120,-6.550451058131451,0.0,0.0,0.0,0.0,0.0,-639360.0,-639360.0,720.0,720.0,0.0,0.0,720.0,0.0,0.0,720
0.0,0.0,-0.0,0.0,0.0,0.0,-0.0,0.0,0.47997237932604736,345.5801131147541,799.2,0.0,720.0,1.0,888.0,-639360.0,120,-22.947476929553872,0.0,120,-27.971098650523487,0.0,120,-2.517051717959664,0.0,120,-51.94111585012446,0.0,120,-25.766519914695582,0.0,120,-26.89699458721622,0.0,0.0,0.0,0.0,0.0,-639360.0,-639360.0,720.0,720.0,0.0,0.0,720.0,0.0,0.0,720
0.0,0.0,-0.0,0.0,0.0,0.0,-0.0,0.0,0.47997237932604736,345.5801131147541,799.2,0.0,720.0,1.0,888.0,-639360.0,120,-34.01568508465079,0.0,120,-58.46965861229374,0.0,120,-51.6780569660651,0.0,120,-57.240235781339116,0.0,120,-45.83310809331973,0.0,120,-25.534919234306233,0.0,0.0,0.0,0.0,0.0,-639360.0,-639360.0,720.0,720.0,0.0,0.0,720.0,0.0,0.0,720
0.0,0.0,-0.0,0.0,0.0,0.0,-0.0,0.0,0.47997237932604736,345.5801131147541,799.2,0.0,720.0,1.0,888.0,-639360.0,120,-15.695874193417618,0.0,120,-14.694015793659467,0.0,120,-39.28316763870111,0.0,120,-32.507064731699714,0.0,120,-16.867094668674188,0.0,120,-30.818571587023683,0.0,0.0,0.0,0.0,0.0,-639360.0,-639360.0,720.0,720.0,0.0,0.0,720.0,0.0,0.0,720
0.0,0.0,-0.0,0.0,0.0,0.0,-0.0,0.0,0.47997237932604736,345.5801131147541,799.2,0.0,720.0,1.0,888.0,-639360.0,120,-43.15338739220356,0.0,120,-53.41565783701749,0.0,120,-15.425047640713242,0.0,120,-52.943458209518525,0.0,120,-14.185419985724714,0.0,120,-11.220523911250933,0.0,0.0,0.0,0.0,0.0,-639360.0,-639360.0,720.0,720.0,0.0,0.0,720.0,0.0,0.0,720
0.0,0.0,-0.0,0.0,0.0,0.0,-0.0,0.0,0.47997237932604736,345.5801131147541,799.2,0.0,720.0,1.0,888.0,-639360.0,120,-17.43205870964956,0.0,120,-24.991945770863676,0.0,120,-40.34285040831099,0.0,120,-12.015822093759962,0.0,120,-31.43268554519739,0.0,120,-9.883052409448512,0.0,0.0,0.0,0.0,0.0,-639360.0,-639360.0,720.0,720.0,0.0,0.0,720.0,0.0,0.0,720
0.0,0.0,-0.0,0.0,0.0,0.0,-0.0,0.0,0.47997237932604736,345.5801131147541,799.2,0.0,720.0,1.0,888.0,-639360.0,120,-2.9579424359903284,0.0,120,-21.735077623470037,0.0,120,-7.85667629135302,0.0,120,-3.290228628513372,0.0,120,-59.46109872197984,0.0,120,-51.84736747037715,0.0,0.0,0.0,0.0,0.0,-639360.0,-639360.0,720.0,720.0,0.0,0.0,720.0,0.0,0.0,720
0.0,0.0,-0.0,0.0,0.0,0.0,-0.0,0.0,0.47997237932604736,345.5801131147541,799.2,0.0,720.0,1.0,888.0,-639360.0,120,-59.34307677199233,0.0,120,-42.250488378374584,0.0,120,-4.179305207088115,0.0,120,-22.876267128155575,0.0,120,-56.55677151153596,0.0,120,-42.145092198416044,0.0,0.0,0.0,0.0,0.0,-639360.0,-639360.0,720.0,720.0,0.0,0.0,720.0,0.0,0.0,720
0.0,0.0,-0.0,0.0,0.0,0.0,-0.0,0.0,0.47997237932604736,345.5801131147541,799.2,0.0,720.0,1.0,888.0,-639360.0,120,-37.299473067216546,0.0,120,-52.22800582758245,0.0,120,-2.614869927220551,0.0,120,-7.767472369314687,0.0,120,-49.738401052736734,0.0,120,-45.11659014995892,0.0,0.0,0.0,0.0,0.0,-639360.0,-639360.0,720.0,720.0,0.0,0.0,720.0,0.0,0.0,720
0.0,0.0,-0.0,0.0,0.0,0.0,-0.0,0.0,0.47997237932604736,345.5801131147541,799.2,0.0,720.0,1.0,888.0,-639360.0,120,-30.91667830913709,0.0,120,-24.32397714307333,0.0,120,-2.802229450095608,0.0,120,-40.28856715076482,0.0,120,-10.66801725423372,0.0,120,-19.149548230899754,0.0,0.0,0.0,0.0,0.0,-639360.0,-639360.0,720.0,720.0,0.0,0.0,720.0,0.0,0.0,720
0.0,0.0,-0.0,0.0,0.0,0.0,-0.0,0.0,0.47997237932604736,345.5801131147541,799.2,0.0,720.0,1.0,888.0,-639360.0,120,-45.50490428229721,0.0,120,-28.590561514090908,0.0,120,-4.695562932269981,0.0,120,-17.985115567636264,0.0,120,-7.632346144284581,0.0,120,-49.86904567406437,0.0,0.0,0.0,0.0,0.0,-639360.0,-639360.0,720.0,720.0,0.0,0.0,720.0,0.0,0.0,720
0.0,0.0,-0.0,0.0,0.0,0.0,-0.0,0.0,0.47997237932604736,345.5801131147541,799.2,0.0,720.0,1.0,888.0,-639360.0,120,-13.84352941123112,0.0,120,-30.01339553831435,0.0,120,-31.985171219671244,0.0,120,-19.770527692183023,0.0,120,-36.051429172443974,0.0,120,-49.43196235989482,0.0,0.0,0.0,0.0,0.0,-639360.0,-639360.0,720.0,720.0,0.0,0.0,720.0,0.0,0.0,720
183.8546920193414,0.0,-1838.546920193414,0.0,0.0,0.0,-0.0,0.0,0.47997237932604736,257.3104197767126,799.2,0.0,536.0942230426149,1.0,888.0,-476051.670061842,120,-28.16431578172126,0.0,120,-5.46042115452402,0.0,120,-27.06696086480211,0.0,120,-47.53338816635116,0.0,120,-46.04133255119545,0.0,120,-30.466683007673808,0.0,0.0,0.0510849380437181,0.0510849380437181,0.0,-477890.21698203543,-477890.21698203543,720.0,720.0,183.90577695738511,0.0,536.0942230426149,0.0,0.0,720
183.8546920193414,0.0,-1838.546920193414,0.0,0.0,0.0,-0.0,0.0,0.47997237932604736,257.3104197767126,799.2,0.0,536.0942230426149,1.0,888.0,-476051.670061842,120,-31.631090109079253,0.0,120,-3.6897632429153893,0.0,120,-55.74659860494636,0.0,120,-24.328047221363057,0.0,120,-50.94461690412415,0.0,120,-25.69686976764047,0.0,0.0,0.0510849380437181,0.0510849380437181,0.0,-477890.21698203543,-477890.21698203543,720.0,720.0,183.90577695738511,0.0,536.0942230426149,0.0,0.0,720
183.8546920193414,0.0,-1838.546920193414,0.0,0.0,0.0,-0.0,0.0,0.47997237932604736,257.3104197767126,799.2,0.0,536.0942230426149,1.0,888.0,-476051.670061842,120,-43.38915825836105,0.0,120,-7.489892792721173,0.0,120,-11.538094067030734,0.0,120,-21.634770190399472,0.0,120,-34.96784476262525,0.0,120,-35.803281189729475,0.0,0.0,0.0510849380437181,0.0510849380437181,0.0,-477890.21698203543,-477890.21698203543,720.0,720.0,183.90577695738511,0.0,536.0942230426149,0.0,0.0,720
183.8546920193414,0.0,-1838.546920193414,0.0,0.0,0.0,-0.0,0.0,0.47997237932604736,257.3104197767126,799.2,0.0,536.0942230426149,1.0,888.0,-476051.670061842,120,-9.019191061723802,0.0,120,-17.253197560465047,0.0,120,-37.892645158882964,0.0,120,-3.8207346523146346,0.0,120,-14.476806205025817,0.0,120,-1.2672287955737804,0.0,0.0,0.0510849380437181,0.0510849380437181,0.0,-477890.21698203543,-477890.21698203543,720.0,720.0,183.90577695738511,0.0,536.0942230426149,0.0,0.0,720
183.8546920193414,0.0,-1838.546920193414,0.0,0.0,0.0,-0.0,0.0,0.47997237932604736,257.3104197767126,799.2,0.0,536.0942230426149,1.0,888.0,-476051.670061842,120,-56.42174454997815,0.0,120,-55.145085608505184,0.0,120,-54.14651963663497,0.0,120,-47.354338451398434,0.0,120,-9.694040410473905,0.0,120,-31.229147728413626,0.0,0.0,0.0510849380437181,0.0510849380437181,0.0,-477890.21698203543,-477890.21698203543,720.0,720.0,183.90577695738511,0.0,536.0942230426149,0.0,0.0,720
183.8546920193414,0.0,-1838.546920193414,0.0,0.0,0.0,-0.0,0.0,0.47997237932604736,257.3104197767126,799.2,0.0,536.0942230426149,1.0,888.0,-476051.670061842,120,-0.28922868148021363,0.0,120,-11.525197376880643,0.0,120,-25.06045314640277,0.0,120,-51.76658420704827,0.0,120,-13.114498433127007,0.0,120,-25.496127557558765,0.0,0.0,0.0510849380437181,0.0510849380437181,0.0,-477890.21698203543,-477890.21698203543,720.0,720.0,183.90577695738511,0.0,536.0942230426149,0.0,0.0,720
786.1382299682384,0.0,-7861.382299682384,66.35666237445355,0.0,0.0,-0.0,0.0,0.47997237932604736,0.0,799.2,0.0,0.0,1.0,888.0,-0.0,120,-7.95725185549367,0.0,120,-2.2099347984840167,0.0,120,-58.74641019323743,0.0,120,-27.290891769457936,0.0,120,-26.48712463950911,0.0,120,-16.87209049973847,0.0,0.0,0.218432406215126,0.218432406215126,0.0,-7861.382299682384,-7861.382299682384,786.3566623744535,786.3566623744535,786.3566623744535,0.0,0.0,66.35666237445355,0.0,720
786.1382299682384,0.0,-7861.382299682384,66.35666237445355,59.72099613700819,0.0,-0.0,0.0014476764389743338,0.47997237932604736,0.0,799.2,0.0,0.0,1.0,888.0,-0.0,120,-5.189346936274757,0.0,120,-49.01579843656034,0.0,120,-15.50719393986647,0.0,120,-43.93123328038418,0.0,120,-13.85513240346523,0.0,120,-15.184400753392971,0.0,0.0,0.218432406215126,0.218432406215126,0.0,-7861.382299682384,-7861.382299682384,786.3566623744535,786.3566623744535,786.3566623744535,0.0,0.0,66.35666237445355,0.0,720
786.1382299682384,0.0,-7861.382299682384,66.35666237445355,119.44199227401639,0.0,-0.0,0.0028953528779486677,0.47997237932604736,0.0,799.2,0.0,0.0,1.0,888.0,-0.0,120,-20.510048228050138,0.0,120,-11.334431890378365,0.0,120,-28.433148591632172,0.0,120,-27.640294950560282,0.0,120,-28.14540222730824,0.0,120,-30.089727034396283,0.0,0.0,0.218432406215126,0.218432406215126,0.0,-7861.382299682384,-7861.382299682384,786.3566623744535,786.3566623744535,786.3566623744535,0.0,0.0,66.35666237445355,0.0,720
786.1382299682384,0.0,-7861.382299682384,66.35666237445355,179.16298841102457,0.0,-0.0,0.004343029316923001,0.47997237932604736,0.0,799.2,0.0,0.0,1.0,888.0,-0.0,120,-33.73865193308521,0.0,120,-4.732641588449367,0.0,120,-58.90974761801904,0.0,120,-48.27517711878601,0.0,120,-44.081572466075954,0.0,120,-30.130207817790048,0.0,0.0,0.218432406215126,0.218432406215126,0.0,-7861.382299682384,-7861.382299682384,786.3566623744535,786.3566623744535,786.3566623744535,0.0,0.0,66.35666237445355,0.0,720
786.1382299682384,0.0,-7861.382299682384,66.35666237445355,238.88398454803277,0.0,-0.0,0.005790705755897335,0.47997237932604736,0.0,799.2,0.0,0.0,1.0,888.0,-0.0,120,-21.11442271776758,0.0,120,-24.446719156141782,0.0,120,-53.27051262143869,0.0,120,-35.923591321852655,0.0,120,-11.322331712800327,0.0,120,-10.549832089139022,0.0,0.0,0.218432406215126,0.218432406215126,0.0,-7861.382299682384,-7861.382299682384,786.3566623744535,786.3566623744535,786.3566623744535,0.0,0.0,66.35666237445355,0.0,720
786.1382299682384,0.0,-7861.382299682384,66.35666237445355,298.60498068504097,0.0,-0.0,0.007238382194871669,0.47997237932604736,0.0,799.2,0.0,0.0,1.0,888.0,-0.0,120,-12.25714918446874,0.0,120,-33.72477709557062,0.0,120,-52.85489693908762,0.0,120,-12.89558602235197,0.0,120,-13.250444656081468,0.0,120,-32.960206947807286,0.0,0.0,0.218432406215126,0.218432406215126,0.0,-7861.382299682384,-7861.382299682384,786.3566623744535,786.3566623744535,786.3566623744535,0.0,0.0,66.35666237445355,0.0,720
1418.7662719886002,0.0,-14187.662719886002,699.1604832339431,358.32597682204914,0.0,-0.0,0.008686058633846002,0.47997237932604736,0.0,799.2,0.0,0.0,1.0,888.0,-0.0,120,-12.107461889705721,0.0,120,-52.998787702866565,0.0,120,-12.56169076774965,0.0,120,-2.1945278167772098,0.0,120,-20.740638397512726,0.0,120,-21.337302234594194,0.0,0.0,0.394211245342762,0.394211245342762,0.0,-14187.662719886002,-14187.662719886002,1419.160483233943,1419.160483233943,1419.160483233943,0.0,0.0,699.1604832339431,0.0,720
1418.7662719886002,0.0,-14187.662719886002,699.1604832339431,987.5704117325979,0.0,-0.0,0.023939359846134777,0.47997237932604736,0.0,799.2,0.0,0.0,1.0,888.0,-0.0,120,-23.4733899078298,0.0,120,-59.15118867158656,0.0,120,-4.977684980754448,0.0,120,-28.938070586913017,0.0,120,-34.27333380901515,0.0,120,-19.77100926051009,0.0,0.0,0.394211245342762,0.394211245342762,0.0,-14187.662719886002,-14187.662719886002,1419.160483233943,1419.160483233943,1419.160483233943,0.0,0.0,699.1604832339431,0.0,720
1418.7662719886002,0.0,-14187.662719886002,699.1604832339431,1616.8148466431467,0.0,-0.0,0.03919266105842355,0.47997237932604736,0.0,799.2,0.0,0.0,1.0,888.0,-0.0,120,-26.735153928600084,0.0,120,-17.79885103322239,0.0,120,-30.99278023668625,0.0,120,-17.66087654588196,0.0,120,-31.918001124957915,0.0,120,-25.905779296785354,0.0,0.0,0.394211245342762,0.394211245342762,0.0,-14187.662719886002,-14187.662719886002,1419.160483233943,1419.160483233943,1419.160483233943,0.0,0.0,699.1604832339431,0.0,720
1418.7662719886002,0.0,-14187.662719886002,699.1604832339431,2246.0592815536957,0.0,-0.0,0.05444596227071233,0.47997237932604736,0.0,799.2,0.0,0.0,1.0,888.0,-0.0,120,-7.47334531165049,0.0,120,-0.9326481826063793,0.0,120,-43.170381417991834,0.0,120,-4.190760846780231,0.0,120,-19.374601598304515,0.0,120,-57.61290202605668,0.0,0.0,0.394211245342762,0.394211245342762,0.0,-14187.662719886002,-14187.662719886002,1419.160483233943,1419.160483233943,1419.160483233943,0.0,0.0,699.1604832339431,0.0,720
1418.7662719886002,0.0,-14187.662719886002,699.1604832339431,2875.3037164642446,0.0,-0.0,0.06969926348300111,0.47997237932604736,0.0,799.2,0.0,0.0,1.0,888.0,-0.0,120,-44.436413125116815,0.0,120,-45.007410992209245,0.0,120,-36.230508937415365,0.0,120,-36.47574968467905,0.0,120,-39.137172727556795,0.0,120,-54.83996408079872,0.0,0.0,0.394211245342762,0.394211245342762,0.0,-14187.662719886002,-14187.662719886002,1419.160483233943,1419.160483233943,1419.160483233943,0.0,0.0,699.1604832339431,0.0,720
1418.7662719886002,0.0,-14187.662719886002,699.1604832339431,3504.5481513747936,0.0,-0.0,0.08495256469528989,0.47997237932604736,0.0,799.2,0.0,0.0,1.0,888.0,-0.0,120,-53.58713418858401,0.0,120,-22.24002861646883,0.0,120,-56.11446592502309,0.0,120,-12.380524821282016,0.0,120,-56.46586271006855,0.0,120,-55.49174360037792,0.0,0.0,0.394211245342762,0.394211245342762,0.0,-14187.662719886002,-14187.662719886002,1419.160483233943,1419.160483233943,1419.160483233943,0.0,0.0,699.1604832339431,0.0,720
1894.8370719400634,0.0,-18948.370719400635,1175.3635618183464,4133.792586285343,0.0,-0.0,0.10020586590757867,0.47997237932604736,0.0,799.2,0.0,0.0,1.0,888.0,-0.0,120,-58.68468758361696,0.0,120,-46.34326068069594,0.0,120,-22.07902956894023,0.0,120,-2.626918628784678,0.0,120,-55.44715615653813,0.0,120,-8.644718004978794,0.0,0.0,0.526489878282874,0.526489878282874,0.0,-18948.370719400635,-18948.370719400635,1895.3635618183464,1895.3635618183464,1895.3635618183464,0.0,0.0,1175.3635618183464,0.0,720
1894.8370719400634,0.0,-18948.370719400635,1175.3635618183464,5191.619791921854,0.0,-0.0,0.12584829689772511,0.47997237932604736,0.0,799.2,0.0,0.0,1.0,888.0,-0.0,120,-51.976181466185785,0.0,120,-48.77635685506006,0.0,120,-37.191059254170064,0.0,120,-49.32479120697725,0.0,120,-18.84579833415787,0.0,120,-11.939510745429248,0.0,0.0,0.526489878282874,0.526489878282874,0.0,-18948.370719400635,-18948.370719400635,1895.3635618183464,1895.3635618183464,1895.3635618183464,0.0,0.0,1175.3635618183464,0.0,720
1894.8370719400634,0.0,-18948.370719400635,1175.3635618183464,6249.446997558365,0.0,-0.0,0.15149072788787155,0.47997237932604736,0.0,799.2,0.0,0.0,1.0,888.0,-0.0,120,-29.877565809237222,0.0,120,-35.20401453508622,0.0,120,-34.181127638475935,0.0,120,-10.124706156496554,0.0,120,-31.269020853396555,0.0,120,-37.781417782404304,0.0,0.0,0.526489878282874,0.526489878282874,0.0,-18948.370719400635,-18948.370719400635,1895.3635618183464,1895.3635618183464,1895.3635618183464,0.0,0.0,1175.3635618183464,0.0,720
1894.8370719400634,0.0,-18948.370719400635,1175.3635618183464,7307.2742031948765,0.0,-0.0,0.177133158878018,0.47997237932604736,0.0,799.2,0.0,0.0,1.0,888.0,-0.0,120,-35.6686785324144,0.0,120,-22.776181694812017,0.0,120,-35.94168010858508,0.0,120,-46.18624386187447,0.0,120,-54.6270140309163,0.0,120,-41.28240492627646,0.0,0.0,0.526489878282874,0.526489878282874,0.0,-18948.370719400635,-18948.370719400635,1895.3635618183464,1895.3635618183464,1895.3635618183464,0.0,0.0,1175.3635618183464,0.0,720
1894.8370719400634,0.0,-18948.370719400635,1175.3635618183464,8365.101408831388,0.0,-0.0,0.20277558986816444,0.47997237932604736,0.0,799.2,0.0,0.0,1.0,888.0,-0.0,120,-15.720890289763865,0.0,120,-4.93572681600196,0.0,120,-55.50922490956024,0.0,120,-20.908998568219868,0.0,120,-33.76978634748681,0.0,120,-7.562329686885785,0.0,0.0,0.526489878282874,0.526489878282874,0.0,-18948.370719400635,-18948.370719400635,1895.3635618183464,1895.3635618183464,1895.3635618183464,0.0,0.0,1175.3635618183464,0.0,720
1894.8370719400634,0.0,-18948.370719400635,1175.3635618183464,9422.928614467899,0.0,-0.0,0.2284180208583109,0.47997237932604736,0.0,799.2,0.0,0.0,1.0,888.0,-0.0,120,-33.91228605695683,0.0,120,-55.21314545985841,0.0,120,-29.777376874302323,0.0,120,-50.3805167483236,0.0,120,-5.454841629354554,0.0,120,-41.54436512456573,0.0,0.0,0.526489878282874,0.526489878282874,0.0,-18948.370719400635,-18948.370719400635,1895.3635618183464,1895.3635618183464,1895.3635618183464,0.0,0.0,1175.3635618183464,0.0,720
2153.807605943986,0.0,-21538.07605943986,1434.4060520695607,10480.75582010441,0.0,-0.0,0.2540604518484573,0.47997237932604736,0.0,799.2,0.0,0.0,1.0,888.0,-0.0,120,-55.135594351769534,0.0,120,-45.18599791358151,0.0,120,-6.7080730055617295,0.0,120,-20.6725340966955,0.0,120,-53.57739291348928,0.0,120,-15.663606373240599,0.0,0.0,0.598446125574878,0.598446125574878,0.0,-21538.07605943986,-21538.07605943986,2154.4060520695607,2154.4060520695607,2154.4060520695607,0.0,0.0,1434.4060520695607,0.0,720
2153.807605943986,0.0,-21538.07605943986,1434.4060520695607,11771.721266967015,0.0,-0.0,0.28535430797680206,0.47997237932604736,0.0,799.2,0.0,0.0,1.0,888.0,-0.0,120,-16.638981812588188,0.0,120,-1.759704555416488,0.0,120,-18.301917886533083,0.0,120,-19.03896288622267,0.0,120,-57.67219729167716,0.0,120,-14.310440506399114,0.0,0.0,0.598446125574878,0.598446125574878,0.0,-21538.07605943986,-21538.07605943986,2154.4060520695607,2154.4060520695607,2154.4060520695607,0.0,0.0,1434.4060520695607,0.0,720
2153.807605943986,0.0,-21538.07605943986,1434.4060520695607,13062.68671382962,0.0,-0.0,0.3166481641051468,0.47997237932604736,0.0,799.2,0.0,0.0,1.0,888.0,-0.0,120,-36.56989614743764,0.0,120,-26.55755112362996,0.0,120,-28.929447735371237,0.0,120,-39.940549051261115,0.0,120,-38.59669002003187,0.0,120,-21.57105650110895,0.0,0.0,0.598446125574878,0.598446125574878,0.0,-21538.07605943986,-21538.07605943986,2154.4060520695607,2154.4060520695607,2154.4060520695607,0.0,0.0,1434.4060520695607,0.0,720
2153.807605943986,0.0,-21538.07605943986,1434.4060520695607,14353.652160692225,0.0,-0.0,0.3479420202334915,0.47997237932604736,0.0,799.2,0.0,0.0,1.0,888.0,-0.0,120,-9.94813288787684,0.0,120,-38.12503736940481,0.0,120,-36.54300007677207,0.0,120,-49.33963056163944,0.0,120,-29.450827601122388,0.0,120,-41.020704385347344,0.0,0.0,0.598446125574878,0.598446125574878,0.0,-21538.07605943986,-21538.07605943986,2154.4060520695607,2154.4060520695607,2154.4060520695607,0.0,0.0,1434.4060520695607,0.0,720
2153.807605943986,0.0,-21538.07605943986,1434.4060520695607,15644.61760755483,0.0,-0.0,0.37923587636183625,0.47997237932604736,0.0,799.2,0.0,0.0,1.0,888.0,-0.0,120,-23.07993452895164,0.0,120,-43.371305962131736,0.0,120,-13.203978303157635,0.0,120,-15.386653574265239,0.0,120,-19.296617274108808,0.0,120,-53.05171232356673,0.0,0.0,0.598446125574878,0.598446125574878,0.0,-21538.07605943986,-21538.07605943986,2154.4060520695607,2154.4060520695607,2154.4060520695607,0.0,0.0,1434.4060520695607,0.0,720
2153.807605943986,0.0,-21538.07605943986,1434.4060520695607,16935.583054417435,0.0,-0.0,0.41052973249018093,0.47997237932604736,0.0,799.2,0.0,0.0,1.0,888.0,-0.0,120,-7.035119095134352,0.0,120,-54.31666354606107,0.0,120,-44.953910668328014,0.0,120,-18.8218967623287,0.0,120,-4.314261989818984,0.0,120,-0.8499651676717579,0.0,0.0,0.598446125574878,0.598446125574878,0.0,-21538.07605943986,-21538.07605943986,2154.4060520695607,2154.4060520695607,2154.4060520695607,0.0,0.0,1434.4060520695607,0.0,720
2165.153371247814,0.0,-21651.53371247814,1445.7549698505504,18226.548501280038,0.0,-0.0,0.44182358861852566,0.47997237932604736,0.0,799.2,0.0,0.0,1.0,888.0,-0.0,120,-9.045131434670491,0.0,120,-6.593109804810924,0.0,120,-3.043009929111198,0.0,120,-15.9148672187703,0.0,120,-5.776368444169984,0.0,120,-27.917413068690927,0.0,0.0,0.601598602736264,0.601598602736264,0.0,-21651.53371247814,-21651.53371247814,2165.7549698505504,2165.7549698505504,2165.7549698505504,0.0,0.0,1445.7549698505504,0.0,720
2165.153371247814,0.0,-21651.53371247814,1445.7549698505504,19527.727974145535,0.0,-0.0,0.4733650394915651,0.47997237932604736,0.0,799.2,0.0,0.0,1.0,888.0,-0.0,120,-7.625718301252611,0.0,120,-50.84559022458079,0.0,120,-20.32434933625033,0.0,120,-49.934492793105804,0.0,120,-11.227736266764325,0.0,120,-45.32315175857085,0.0,0.0,0.601598602736264,0.601598602736264,0.0,-21651.53371247814,-21651.53371247814,2165.7549698505504,2165.7549698505504,2165.7549698505504,0.0,0.0,1445.7549698505504,0.0,720
2165.153371247814,0.0,-21651.53371247814,1445.7549698505504,20828.90744701103,0.0,-0.0,0.5049064903646046,0.47997237932604736,0.0,799.2,0.0,0.0,1.0,888.0,-0.0,120,-29.430326410765947,0.0,120,-37.58718936507054,0.0,120,-36.0783105805582,0.0,120,-56.13214966386687,0.0,120,-56.565220828636726,0.0,120,-30.030680176100326,0.0,0.0,0.601598602736264,0.601598602736264,0.0,-21651.53371247814,-21651.53371247814,2165.7549698505504,2165.7549698505504,2165.7549698505504,0.0,0.0,1445.7549698505504,0.0,720
2165.153371247814,0.0,-21651.53371247814,1445.7549698505504,22130.08691987653,0.0,-0.0,0.536447941237644,0.47997237932604736,0.0,799.2,0.0,0.0,1.0,888.0,-0.0,120,-52.729816274276914,0.0,120,-25.748329417811025,0.0,120,-32.2760209012508,0.0,120,-40.927341079802865,0.0,120,-49.54754317554777,0.0,120,-3.621548349529964,0.0,0.0,0.601598602736264,0.601598602736264,0.0,-21651.53371247814,-21651.53371247814,2165.7549698505504,2165.7549698505504,2165.7549698505504,0.0,0.0,1445.7549698505504,0.0,720
2165.153371247814,0.0,-21651.53371247814,1445.7549698505504,23431.266392742025,0.0,-0.0,0.5679893921106834,0.47997237932604736,0.0,799.2,0.0,0.0,1.0,888.0,-0.0,120,-2.8116103764224087,0.0,120,-45.440653699388804,0.0,120,-35.93710288307864,0.0,120,-9.781413245217255,0.0,120,-9.89828693523381,0.0,120,-3.9470441815217194,0.0,0.0,0.601598602736264,0.601598602736264,0.0,-21651.53371247814,-21651.53371247814,2165.7549698505504,2165.7549698505504,2165.7549698505504,0.0,0.0,1445.7549698505504,0.0,720
2165.153371247814,0.0,-21651.53371247814,1445.7549698505504,24732.445865607522,0.0,-0.0,0.599530842983723,0.47997237932604736,0.0,799.2,0.0,0.0,1.0,888.0,-0.0,120,-29.20233424044738,0.0,120,-30.234548926463958,0.0,120,-9.66687660186966,0.0,120,-16.68049552139651,0.0,120,-44.493724454089055,0.0,120,-28.605409653547305,0.0,0.0,0.601598602736264,0.601598602736264,0.0,-21651.53371247814,-21651.53371247814,2165.7549698505504,2165.7549698505504,2165.7549698505504,0.0,0.0,1445.7549698505504,0.0,720
2021.0073534486442,0.0,-20210.07353448644,1301.5689003654122,26033.62533847302,0.0,-0.0,0.6310722938567624,0.47997237932604736,0.0,799.2,0.0,0.0,1.0,888.0,-0.0,120,-11.473465662749948,0.0,120,-43.51875877848089,0.0,120,-31.5950247113725,0.0,120,-7.869725905259162,0.0,120,-8.275775531841767,0.0,120,-21.979028582241224,0.0,0.0,0.56154691676817,0.56154691676817,0.0,-20210.07353448644,-20210.07353448644,2021.5689003654122,2021.5689003654122,2021.5689003654122,0.0,0.0,1301.5689003654122,0.0,720
2021.0073534486442,0.0,-20210.07353448644,1301.5689003654122,27205.03734880189,0.0,-0.0,0.6594680956246064,0.47997237932604736,0.0,799.2,0.0,0.0,1.0,888.0,-0.0,120,-25.504484120869368,0.0,120,-8.982324586993753,0.0,120,-0.3915589809399789,0.0,120,-49.118455652598236,0.0,120,-11.181420847347546,0.0,120,-8.073958977197822,0.0,0.0,0.56154691676817,0.56154691676817,0.0,-20210.07353448644,-20210.07353448644,2021.5689003654122,2021.5689003654122,2021.5689003654122,0.0,0.0,1301.5689003654122,0.0,720
2021.0073534486442,0.0,-20210.07353448644,1301.5689003654122,28376.44935913076,0.0,-0.0,0.6878638973924505,0.47997237932604736,0.0,799.2,0.0,0.0,1.0,888.0,-0.0,120,-7.909400806208671,0.0,120,-15.348743713438502,0.0,120,-5.198170972785096,0.0,120,-27.76355151312953,0.0,120,-6.350679581445624,0.0,120,-1.6567265251236996,0.0,0.0,0.56154691676817,0.56154691676817,0.0,-20210.07353448644,-20210.07353448644,2021.5689003654122,2021.5689003654122,2021.5689003654122,0.0,0.0,1301.5689003654122,0.0,720
2021.0073534486442,0.0,-20210.07353448644,1301.5689003654122,29547.861369459628,0.0,-0.0,0.7162596991602945,0.47997237932604736,0.0,799.2,0.0,0.0,1.0,888.0,-0.0,120,-57.04659151455901,0.0,120,-56.63431288197376,0.0,120,-34.94346043867332,0.0,120,-34.057897698272036,0.0,120,-43.19434916383585,0.0,120,-15.870225164450183,0.0,0.0,0.56154691676817,0.56154691676817,0.0,-20210.07353448644,-20210.07353448644,2021.5689003654122,2021.5689003654122,2021.5689003654122,0.0,0.0,1301.5689003654122,0.0,720
2021.0073534486442,0.0,-20210.07353448644,1301.5689003654122,30719.273379788498,0.0,-0.0,0.7446555009281385,0.47997237932604736,0.0,799.2,0.0,0.0,1.0,888.0,-0.0,120,-58.464765259384905,0.0,120,-12.939945380640259,0.0,120,-3.633822927308077,0.0,120,-50.70640901030837,0.0,120,-3.5403674660267037,0.0,120,-19.029861932324543,0.0,0.0,0.56154691676817,0.56154691676817,0.0,-20210.07353448644,-20210.07353448644,2021.5689003654122,2021.5689003654122,2021.5689003654122,0.0,0.0,1301.5689003654122,0.0,720
2021.0073534486442,0.0,-20210.07353448644,1301.5689003654122,31890.685390117367,0.0,-0.0,0.7730513026959825,0.47997237932604736,0.0,799.2,0.0,0.0,1.0,888.0,-0.0,120,-56.16287525641211,0.0,120,-9.7148110551462,0.0,120,-38.87397087816557,0.0,120,-15.917373778485482,0.0,120,-15.957791439150132,0.0,120,-34.49557444751651,0.0,0.0,0.56154691676817,0.56154691676817,0.0,-20210.07353448644,-20210.07353448644,2021.5689003654122,2021.5689003654122,2021.5689003654122,0.0,0.0,1301.5689003654122,0.0,720
1735.9228038074618,0.0,-17359.22803807462,958.4051385681753,33062.09740044624,0.0,-0.0,0.8014471044638266,0.47997237932604736,0.0,799.2,0.0,0.0,1.0,888.0,-0.0,120,-47.060395546657304,0.0,120,-49.80014465978473,0.0,120,-20.793121136500513,0.0,120,-32.80704388518032,0.0,118,-25.958930049036702,0.0,180,-13.142149307646365,0.0,0.0,0.482334760713382,0.482334760713382,0.0,-17359.22803807462,-17359.22803807462,1736.4051385681753,1736.4051385681753,1736.4051385681753,0.0,0.0,958.4051385681753,0.0,778
1735.9228038074618,0.0,-17359.22803807462,960.4051385681753,33924.662025157595,0.0,-0.0,0.8223562413680846,0.47997237932604736,0.0,799.2,0.0,0.0,1.0,888.0,-0.0,120,-59.04597797883361,0.0,120,-10.553457973397455,0.0,120,-20.336558251888356,0.0,118,-25.560176804886588,0.0,118,-47.12679896318954,0.0,180,-10.452692978119043,0.0,0.0,0.482334760713382,0.482334760713382,0.0,-17359.22803807462,-17359.22803807462,1736.4051385681753,1736.4051385681753,1736.4051385681753,0.0,0.0,960.4051385681753,0.0,776
1735.9228038074618,0.0,-17359.22803807462,960.4051385681753,34789.02664986895,0.0,-0.0,0.8433090114626561,0.47997237932604736,0.0,799.2,0.0,0.0,1.0,888.0,-0.0,120,-10.110989277729255,0.0,120,-48.63938136066154,0.0,120,-8.641257919024419,0.0,118,-57.986256684725184,0.0,118,-27.696077534625402,0.0,180,-50.78152837718182,0.0,0.0,0.482334760713382,0.482334760713382,0.0,-17359.22803807462,-17359.22803807462,1736.4051385681753,1736.4051385681753,1736.4051385681753,0.0,0.0,960.4051385681753,0.0,776
1735.9228038074618,0.0,-17359.22803807462,900.4051385681753,35653.39127458031,0.0,-0.0,0.8642617815572275,0.47997237932604736,0.0,799.2,0.0,0.0,1.0,888.0,-0.0,120,-14.184668835975973,0.0,180,-24.021120311619352,0.0,120,-56.71686005244468,0.0,118,-18.308562068498706,0.0,118,-43.946175084534474,0.0,180,-31.013396034045265,0.0,0.0,0.482334760713382,0.482334760713382,0.0,-17359.22803807462,-17359.22803807462,1736.4051385681753,1736.4051385681753,1736.4051385681753,0.0,0.0,900.4051385681753,0.0,836
1735.9228038074618,0.0,-17359.22803807462,900.4051385681753,36463.75589929167,0.0,-0.0,0.8839055559423962,0.47997237932604736,0.0,799.2,0.0,0.0,1.0,888.0,-0.0,120,-34.40385442669696,0.0,180,-45.27845838737707,0.0,120,-46.31251643859104,0.0,118,-10.095693519148789,0.0,118,-12.0357854129289,0.0,180,-37.548735365437174,0.0,0.0,0.482334760713382,0.482334760713382,0.0,-17359.22803807462,-17359.22803807462,1736.4051385681753,1736.4051385681753,1736.4051385681753,0.0,0.0,900.4051385681753,0.0,836
1735.9228038074618,0.0,-17359.22803807462,900.4051385681753,37274.120524003025,0.0,-0.0,0.9035493303275647,0.47997237932604736,0.0,799.2,0.0,0.0,1.0,888.0,-0.0,120,-25.202567675237866,0.0,180,-18.583430899582968,0.0,120,-32.28047552239779,0.0,118,-38.893170300399646,0.0,118,-48.872732884923444,0.0,180,-17.523822267520416,0.0,0.0,0.482334760713382,0.482334760713382,0.0,-17359.22803807462,-17359.22803807462,1736.4051385681753,1736.4051385681753,1736.4051385681753,0.0,0.0,900.4051385681753,0.0,836
1184.4122604802003,0.0,-11844.122604802003,270.7413553011172,38084.48514871438,0.0,-0.0,0.9231931047127332,0.47997237932604736,0.0,799.2,0.0,0.0,1.0,888.0,-0.0,120,-49.8097033982812,0.0,180,-4.792856322565882,0.0,120,-57.19811135827769,0.0,118,-38.01481276723112,0.0,118,-26.756846054721233,0.0,258,-26.756857916050343,0.0,0.0,0.329094820916977,0.329094820916977,0.0,-11844.122604802003,-11844.122604802003,1184.7413553011172,1184.7413553011172,1184.7413553011172,0.0,0.0,270.7413553011172,0.0,914
1184.4122604802003,0.0,-11844.122604802003,348.7413553011172,38328.15236848539,0.0,-0.0,0.9290997592535183,0.47997237932604736,0.0,799.2,0.0,0.0,1.0,888.0,-0.0,120,-54.00321945347493,0.0,180,-54.994175120200445,0.0,120,-14.443771927524775,0.0,118,-47.05821478121399,0.0,118,-33.599731591404584,0.0,180,-12.147177113443865,0.0,0.0,0.329094820916977,0.329094820916977,0.0,-11844.122604802003,-11844.122604802003,1184.7413553011172,1184.7413553011172,1184.7413553011172,0.0,0.0,348.7413553011172,0.0,836
1184.4122604802003,0.0,-11844.122604802003,348.7413553011172,38642.01958825639,0.0,-0.0,0.9367081082165272,0.47997237932604736,0.0,799.2,0.0,0.0,1.0,888.0,-0.0,120,-25.55301708687007,0.0,180,-28.537989267504994,0.0,120,-49.14655749257366,0.0,118,-50.587585784155394,0.0,118,-4.2874493146406545,0.0,180,-53.07236151411047,0.0,0.0,0.329094820916977,0.329094820916977,0.0,-11844.122604802003,-11844.122604802003,1184.7413553011172,1184.7413553011172,1184.7413553011172,0.0,0.0,348.7413553011172,0.0,836
1184.4122604802003,0.0,-11844.122604802003,350.7413553011172,38955.8868080274,0.0,-0.0,0.9443164571795359,0.47997237932604736,0.0,799.2,0.0,0.0,1.0,888.0,-0.0,118,-55.07629814181892,0.0,180,-6.74788303898387,0.0,120,-27.538049251304194,0.0,118,-9.248261224039853,0.0,118,-41.57014005128439,0.0,180,-59.86174601239932,0.0,0.0,0.329094820916977,0.329094820916977,0.0,-11844.122604802003,-11844.122604802003,1184.7413553011172,1184.7413553011172,1184.7413553011172,0.0,0.0,350.7413553011172,0.0,834
1184.4122604802003,0.0,-11844.122604802003,412.7413553011172,39271.554027798404,0.0,-0.0,0.9519684393328584,0.47997237932604736,0.0,799.2,0.0,0.0,1.0,888.0,-0.0,118,-4.57165769064682,0.0,118,-9.983537823490682,0.0,120,-44.39309186807358,0.0,118,-24.12381691474412,0.0,118,-35.960831806539986,0.0,180,-21.914788777519785,0.0,0.0,0.329094820916977,0.329094820916977,0.0,-11844.122604802003,-11844.122604802003,1184.7413553011172,1184.7413553011172,1184.7413553011172,0.0,0.0,412.7413553011172,0.0,772
1184.4122604802003,0.0,-11844.122604802003,350.7413553011172,39643.021247569406,0.0,-0.0,0.960973050385897,0.47997237932604736,0.0,799.2,0.0,0.0,1.0,888.0,-0.0,180,-54.89607094582387,0.0,118,-21.476424897438832,0.0,120,-51.594105240459506,0.0,118,-27.203378718933074,0.0,118,-10.878052852438087,0.0,180,-52.14720518009704,0.0,0.0,0.329094820916977,0.329094820916977,0.0,-11844.122604802003,-11844.122604802003,1184.7413553011172,1184.7413553011172,1184.7413553011172,0.0,0.0,350.7413553011172,0.0,834
500.93215941070105,0.0,-5009.32159410701,0.0,39958.68846734041,332.92865410432796,-0.0,0.9686250325392193,0.47997237932604736,0.0,799.2,0.0,0.0,1.0,888.0,-0.0,180,-5.04713062024541,0.0,118,-50.805782650719586,0.0,120,-28.35856344277795,0.0,118,-29.61933883278081,0.0,118,-23.129876851921477,0.0,180,-9.315379896477875,0.0,0.0,0.13918648497102,0.13918648497102,0.0,-5009.32159410701,-5009.32159410701,834.0,834.0,501.07134589567204,0.0,332.92865410432796,0.0,0.0,834
500.93215941070105,0.0,-5009.32159410701,0.0,39588.76774055783,332.92865410432796,-0.0,0.9596579094988928,0.47997237932604736,0.0,799.2,0.0,0.0,1.0,888.0,-0.0,180,-47.27978179048733,0.0,118,-31.454891800731495,0.0,120,-24.889070613164407,0.0,118,-55.09181500808756,0.0,118,-6.079283532997703,0.0,180,-45.79322411470028,0.0,0.0,0.13918648497102,0.13918648497102,0.0,-5009.32159410701,-5009.32159410701,834.0,834.0,501.07134589567204,0.0,332.92865410432796,0.0,0.0,834
500.93215941070105,0.0,-5009.32159410701,0.0,39218.847013775245,394.92865410432796,-0.0,0.9506907864585665,0.47997237932604736,0.0,799.2,0.0,0.0,1.0,888.0,-0.0,180,-56.12144934318234,0.0,180,-15.535646067353671,0.0,120,-27.114981185962463,0.0,118,-32.719026059210734,0.0,118,-40.24197900302326,0.0,180,-38.87481131230318,0.0,0.0,0.13918648497102,0.13918648497102,0.0,-5009.32159410701,-5009.32159410701,896.0,896.0,501.07134589567204,0.0,394.92865410432796,0.0,0.0,896
500.93215941070105,0.0,-5009.32159410701,0.0,38780.03739810377,394.92865410432796,-0.0,0.940053751196368,0.47997237932604736,0.0,799.2,0.0,0.0,1.0,888.0,-0.0,180,-24.66231068066046,0.0,180,-48.39069812433,0.0,120,-19.681098336192658,0.0,118,-23.230887657537053,0.0,118,-40.75470365516507,0.0,180,-42.14577898560147,0.0,0.0,0.13918648497102,0.13918648497102,0.0,-5009.32159410701,-5009.32159410701,896.0,896.0,501.07134589567204,0.0,394.92865410432796,0.0,0.0,896
500.93215941070105,0.0,-5009.32159410701,0.0,38341.227782432295,394.92865410432796,-0.0,0.9294167159341695,0.47997237932604736,0.0,799.2,0.0,0.0,1.0,888.0,-0.0,180,-33.2448263760378,0.0,180,-41.21144434863952,0.0,120,-8.23769227697042,0.0,118,-8.73347214365048,0.0,118,-39.65168341775279,0.0,180,-49.37077314830239,0.0,0.0,0.13918648497102,0.13918648497102,0.0,-5009.32159410701,-5009.32159410701,896.0,896.0,501.07134589567204,0.0,394.92865410432796,0.0,0.0,896
500.93215941070105,0.0,-5009.32159410701,0.0,37902.41816676082,394.92865410432796,-0.0,0.918779680671971,0.47997237932604736,0.0,799.2,0.0,0.0,1.0,888.0,-0.0,180,-25.297926087045475,0.0,180,-16.87532193855997,0.0,120,-32.458311100393075,0.0,118,-57.092291179225235,0.0,118,-16.3552227328525,0.0,180,-37.01988016475852,0.0,0.0,0.13918648497102,0.13918648497102,0.0,-5009.32159410701,-5009.32159410701,896.0,896.0,501.07134589567204,0.0,394.92865410432796,0.0,0.0,896
0.0,0.0,-0.0,0.0,37463.608551089346,896.0,-0.0,0.9081426454097725,0.47997237932604736,0.0,799.2,0.0,0.0,1.0,888.0,-0.0,180,-54.43452456984883,0.0,180,-18.05939850332604,0.0,120,-8.78821532068388,0.0,118,-7.523562349314266,0.0,118,-51.7573536744902,0.0,180,-14.662182077315409,0.0,0.0,0.0,0.0,0.0,0.0,0.0,896.0,896.0,0.0,0.0,896.0,0.0,0.0,896
0.0,0.0,-0.0,0.0,36468.05299553379,896.0,-0.0,0.8840097203969115,0.47997237932604736,0.0,799.2,0.0,0.0,1.0,888.0,-0.0,180,-56.085487163626276,0.0,180,-7.105587737208365,0.0,120,-27.210377574606596,0.0,118,-49.778675788368226,0.0,118,-38.06117301426115,0.0,180,-46.75339302318275,0.0,0.0,0.0,0.0,0.0,0.0,0.0,896.0,896.0,0.0,0.0,896.0,0.0,0.0,896
0.0,0.0,-0.0,0.0,35472.49743997824,896.0,-0.0,0.8598767953840505,0.47997237932604736,0.0,799.2,0.0,0.0,1.0,888.0,-0.0,180,-50.34595766947153,0.0,180,-31.547126156259548,0.0,120,-23.19635837409229,0.0,118,-52.751406621428195,0.0,118,-49.648384008803255,0.0,180,-2.075458513475865,0.0,0.0,0.0,0.0,0.0,0.0,0.0,896.0,896.0,0.0,0.0,896.0,0.0,0.0,896
0.0,0.0,-0.0,0.0,34476.94188442268,896.0,-0.0,0.8357438703711896,0.47997237932604736,0.0,799.2,0.0,0.0,1.0,888.0,-0.0,180,-53.90736453666158,0.0,180,-26.83068248128326,0.0,120,-22.139636937708907,0.0,118,-39.24049486866813,0.0,118,-44.0282684045467,0.0,180,-58.49966819990288,0.0,0.0,0.0,0.0,0.0,0.0,0.0,896.0,896.0,0.0,0.0,896.0,0.0,0.0,896
0.0,0.0,-0.0,0.0,33481.38632886713,896.0,-0.0,0.8116109453583286,0.47997237932604736,0.0,799.2,0.0,0.0,1.0,888.0,-0.0,180,-48.42692948476407,0.0,180,-29.431666090409266,0.0,120,-12.392297631834985,0.0,118,-25.180247935451156,0.0,118,-52.142431049137336,0.0,180,-5.576734510968386,0.0,0.0,0.0,0.0,0.0,0.0,0.0,896.0,896.0,0.0,0.0,896.0,0.0,0.0,896
0.0,0.0,-0.0,0.0,32485.830773311573,896.0,-0.0,0.7874780203454675,0.47997237932604736,0.0,799.2,0.0,0.0,1.0,888.0,-0.0,180,-3.0301078835473416,0.0,180,-28.86479373777707,0.0,120,-41.19215260231777,0.0,118,-58.00241733400001,0.0,118,-19.33762947800829,0.0,180,-58.514763308054675,0.0,0.0,0.0,0.0,0.0,0.0,0.0,896.0,896.0,0.0,0.0,896.0,0.0,0.0,896
0.0,0.0,-0.0,0.0,31490.275217756018,834.0,-0.0,0.7633450953326065,0.47997237932604736,0.0,799.2,0.0,0.0,1.0,888.0,-0.0,180,-6.750251476292666,0.0,118,-45.80596585428765,0.0,120,-2.9868218375426303,0.0,118,-59.13018607952679,0.0,118,-21.282966770874815,0.0,180,-57.5277058358093,0.0,0.0,0.0,0.0,0.0,0.0,0.0,834.0,834.0,0.0,0.0,834.0,0.0,0.0,834
0.0,0.0,-0.0,0.0,30563.60855108935,896.0,-0.0,0.7408820825416176,0.47997237932604736,0.0,799.2,0.0,0.0,1.0,888.0,-0.0,180,-35.491334951718386,0.0,180,-5.05868877575147,0.0,120,-46.46507973589382,0.0,118,-30.177945037698585,0.0,118,-13.5896302453138,0.0,180,-18.02444216429978,0.0,0.0,0.0,0.0,0.0,0.0,0.0,896.0,896.0,0.0,0.0,896.0,0.0,0.0,896
0.0,0.0,-0.0,0.0,29568.052995533795,896.0,-0.0,0.7167491575287566,0.47997237932604736,0.0,799.2,0.0,0.0,1.0,888.0,-0.0,180,-44.9261404449091,0.0,180,-20.621314878022577,0.0,120,-58.932522946214235,0.0,118,-14.028598772983528,0.0,118,-37.221754342411934,0.0,180,-23.205085296866347,0.0,0.0,0.0,0.0,0.0,0.0,0.0,896.0,896.0,0.0,0.0,896.0,0.0,0.0,896
0.0,0.0,-0.0,0.0,28572.49743997824,896.0,-0.0,0.6926162325158955,0.47997237932604736,0.0,799.2,0.0,0.0,1.0,888.0,-0.0,180,-44.14627461679434,0.0,180,-3.398054027507167,0.0,120,-59.18675755166236,0.0,118,-7.708479777330122,0.0,118,-51.8117474407848,0.0,180,-15.390981207622495,0.0,0.0,0.0,0.0,0.0,0.0,0.0,896.0,896.0,0.0,0.0,896.0,0.0,0.0,896
0.0,0.0,-0.0,0.0,27576.941884422686,896.0,-0.0,0.6684833075030345,0.47997237932604736,0.0,799.2,0.0,0.0,1.0,888.0,-0.0,180,-30.644684762928808,0.0,180,-42.669045862110636,0.0,120,-15.492991467467638,0.0,118,-17.376354259091627,0.0,118,-28.11124249915717,0.0,180,-46.33749710888483,0.0,0.0,0.0,0.0,0.0,0.0,0.0,896.0,896.0,0.0,0.0,896.0,0.0,0.0,896
0.0,0.0,-0.0,0.0,26581.38632886713,896.0,-0.0,0.6443503824901736,0.47997237932604736,0.0,799.2,0.0,0.0,1.0,888.0,-0.0,180,-48.60016171792677,0.0,180,-12.783237216431349,0.0,120,-43.647376681675915,0.0,118,-34.69455322994253,0.0,118,-13.712680859754817,0.0,180,-10.794038026370583,0.0,0.0,0.0,0.0,0.0,0.0,0.0,896.0,896.0,0.0,0.0,896.0,0.0,0.0,896
0.0,0.0,-0.0,0.0,25585.830773311576,896.0,-0.0,0.6202174574773126,0.47997237932604736,0.0,799.2,0.0,0.0,1.0,888.0,-0.0,180,-23.669023509499898,0.0,180,-56.28920931006303,0.0,120,-46.31805185898401,0.0,118,-17.26100110909408,0.0,118,-37.8737149473387,0.0,180,-29.264520043476384,0.0,0.0,0.0,0.0,0.0,0.0,0.0,896.0,896.0,0.0,0.0,896.0,0.0,0.0,896
0.0,0.0,-0.0,0.0,24590.27521775602,896.0,-0.0,0.5960845324644516,0.47997237932604736,0.0,799.2,0.0,0.0,1.0,888.0,-0.0,180,-51.18309819023149,0.0,180,-54.877639877435975,0.0,120,-14.196737486281105,0.0,118,-3.0006083200167555,0.0,118,-5.691289564905246,0.0,180,-31.525037547962146,0.0,0.0,0.0,0.0,0.0,0.0,0.0,896.0,896.0,0.0,0.0,896.0,0.0,0.0,896
0.0,0.0,-0.0,0.0,23594.719662200467,896.0,-0.0,0.5719516074515906,0.47997237932604736,0.0,799.2,0.0,0.0,1.0,888.0,-0.0,180,-29.585278830658694,0.0,180,-17.908105723577727,0.0,120,-10.689707626117697,0.0,118,-55.59030469555476,0.0,118,-7.967519043095739,0.0,180,-59.23333026966612,0.0,0.0,0.0,0.0,0.0,0.0,0.0,896.0,896.0,0.0,0.0,896.0,0.0,0.0,896
0.0,0.0,-0.0,0.0,22599.164106644912,896.0,-0.0,0.5478186824387296,0.47997237932604736,0.0,799.2,0.0,0.0,1.0,888.0,-0.0,180,-48.21532939823211,0.0,180,-54.092894692845576,0.0,120,-50.28581022333929,0.0,118,-18.266899191463636,0.0,118,-19.628252613210893,0.0,180,-42.61666422438286,0.0,0.0,0.0,0.0,0.0,0.0,0.0,896.0,896.0,0.0,0.0,896.0,0.0,0.0,896
0.0,0.0,-0.0,0.0,21603.608551089357,896.0,-0.0,0.5236857574258686,0.47997237932604736,0.0,799.2,0.0,0.0,1.0,888.0,-0.0,180,-17.308427708835,0.0,180,-27.151191259470643,0.0,120,-27.186449231595706,0.0,118,-49.65589287719575,0.0,118,-23.484620687090743,0.0,180,-35.5921165020431,0.0,0.0,0.0,0.0,0.0,0.0,0.0,896.0,896.0,0.0,0.0,896.0,0.0,0.0,896
0.0,0.0,-0.0,0.0,20608.052995533802,896.0,-0.0,0.4995528324130076,0.47997237932604736,0.0,799.2,0.0,0.0,1.0,888.0,-0.0,180,-21.772963022897635,0.0,180,-19.086043449682137,0.0,120,-10.394651508861035,0.0,118,-25.512169691340276,0.0,118,-52.44243051479095,0.0,180,-54.0124009532397,0.0,0.0,0.0,0.0,0.0,0.0,0.0,896.0,896.0,0.0,0.0,896.0,0.0,0.0,896
0.0,0.0,-0.0,0.0,19612.497439978248,896.0,-0.0,0.4754199074001466,0.47997237932604736,0.0,799.2,0.0,0.0,1.0,888.0,-0.0,180,-52.34588549246092,0.0,180,-27.749688714817005,0.0,120,-53.564927722991236,0.0,118,-5.530913101693593,0.0,118,-38.51469908699143,0.0,180,-17.0526854718634,0.0,0.0,0.0,0.0,0.0,0.0,0.0,896.0,896.0,0.0,0.0,896.0,0.0,0.0,896
0.0,0.0,-0.0,0.0,18616.941884422693,896.0,-0.0,0.4512869823872856,0.47997237932604736,0.0,799.2,0.0,0.0,1.0,888.0,-0.0,180,-45.72094748517675,0.0,180,-54.49409404309876,0.0,120,-32.01211267368283,0.0,118,-5.1378162510478464,0.0,118,-28.15635656000898,0.0,180,-53.87208736479268,0.0,0.0,0.0,0.0,0.0,0.0,0.0,896.0,896.0,0.0,0.0,896.0,0.0,0.0,896
0.0,0.0,-0.0,0.0,17621.38632886714,896.0,-0.0,0.4271540573744246,0.47997237932604736,0.0,799.2,0.0,0.0,1.0,888.0,-0.0,180,-28.64958300351053,0.0,180,-19.23044541360127,0.0,120,-14.743322854088206,0.0,118,-28.559308736656952,0.0,118,-30.60691645475044,0.0,180,-26.21148282109361,0.0,0.0,0.0,0.0,0.0,0.0,0.0,896.0,896.0,0.0,0.0,896.0,0.0,0.0,896
0.0,0.0,-0.0,0.0,16625.830773311583,896.0,-0.0,0.4030211323615636,0.47997237932604736,0.0,799.2,0.0,0.0,1.0,888.0,-0.0,180,-53.50155110528435,0.0,180,-27.844436138933872,0.0,120,-38.00194771493197,0.0,118,-54.195369004236916,0.0,118,-0.8546205389453876,0.0,180,-25.086503494202006,0.0,0.0,0.0,0.0,0.0,0.0,0.0,896.0,896.0,0.0,0.0,896.0,0.0,0.0,896
0.0,0.0,-0.0,0.0,15630.275217756029,896.0,-0.0,0.3788882073487026,0.47997237932604736,0.0,799.2,0.0,0.0,1.0,888.0,-0.0,180,-1.8279850671444264,0.0,180,-3.9934598757423334,0.0,120,-24.41008292504302,0.0,118,-16.743978036279007,0.0,118,-27.079189601395793,0.0,180,-19.56898820171275,0.0,0.0,0.0,0.0,0.0,0.0,0.0,896.0,896.0,0.0,0.0,896.0,0.0,0.0,896
0.0,0.0,-0.0,0.0,14634.719662200474,896.0,-0.0,0.35475528233584164,0.47997237932604736,0.0,799.2,0.0,0.0,1.0,888.0,-0.0,180,-28.169498062846415,0.0,180,-25.72039745689668,0.0,120,-33.38858068094226,0.0,118,-20.279976942633084,0.0,118,-29.684176202676152,0.0,180,-35.82023365290612,0.0,0.0,0.0,0.0,0.0,0.0,0.0,896.0,896.0,0.0,0.0,896.0,0.0,0.0,896
0.0,0.0,-0.0,0.0,13639.16410664492,896.0,-0.0,0.3306223573229806,0.47997237932604736,0.0,799.2,0.0,0.0,1.0,888.0,-0.0,180,-36.540903964163306,0.0,180,-4.03435047819592,0.0,120,-45.725104615579006,0.0,118,-37.49440959615221,0.0,118,-13.53058420625231,0.0,180,-39.752871291488525,0.0,0.0,0.0,0.0,0.0,0.0,0.0,896.0,896.0,0.0,0.0,896.0,0.0,0.0,896
0.0,0.0,-0.0,0.0,12643.608551089364,896.0,-0.0,0.3064894323101196,0.47997237932604736,0.0,799.2,0.0,0.0,1.0,888.0,-0.0,180,-17.382943175499264,0.0,180,-11.432190831980538,0.0,120,-18.154349596491468,0.0,118,-2.5610949881442546,0.0,118,-5.408797260288298,0.0,180,-11.077597928202769,0.0,0.0,0.0,0.0,0.0,0.0,0.0,896.0,896.0,0.0,0.0,896.0,0.0,0.0,896
0.0,0.0,-0.0,0.0,11648.05299553381,896.0,-0.0,0.28235650729725864,0.47997237932604736,0.0,799.2,0.0,0.0,1.0,888.0,-0.0,180,-4.683697897727166,0.0,180,-32.07104202961021,0.0,120,-57.87919582310252,0.0,118,-39.98549963654528,0.0,118,-2.7504192226581914,0.0,180,-17.32290169584602,0.0,0.0,0.0,0.0,0.0,0.0,0.0,896.0,896.0,0.0,0.0,896.0,0.0,0.0,896
0.0,0.0,-0.0,0.0,10652.497439978255,896.0,-0.0,0.2582235822843976,0.47997237932604736,0.0,799.2,0.0,0.0,1.0,888.0,-0.0,180,-27.314100393156583,0.0,180,-27.932319018243437,0.0,120,-31.136556619211262,0.0,118,-16.84877580026494,0.0,118,-19.726608455821378,0.0,180,-15.736143212661588,0.0,0.0,0.0,0.0,0.0,0.0,0.0,896.0,896.0,0.0,0.0,896.0,0.0,0.0,896
0.0,0.0,-0.0,0.0,9656.9418844227,896.0,-0.0,0.23409065727153663,0.47997237932604736,0.0,799.2,0.0,0.0,1.0,888.0,-0.0,180,-17.77879695126586,0.0,180,-39.83241024678778,0.0,120,-16.997969870825045,0.0,118,-48.67078650007171,0.0,118,-31.439998637123995,0.0,180,-1.2425749372474337,0.0,0.0,0.0,0.0,0.0,0.0,0.0,896.0,896.0,0.0,0.0,896.0,0.0,0.0,896
0.0,0.0,-0.0,0.0,8661.386328867145,896.0,-0.0,0.20995773225867562,0.47997237932604736,0.0,799.2,0.0,0.0,1.0,888.0,-0.0,180,-48.129863779233354,0.0,180,-20.08443617652817,0.0,120,-19.17551740556504,0.0,118,-44.47596801449619,0.0,118,-31.040532980627205,0.0,180,-38.437219224856975,0.0,0.0,0.0,0.0,0.0,0.0,0.0,896.0,896.0,0.0,0.0,896.0,0.0,0.0,896
0.0,0.0,-0.0,0.0,7665.83077331159,896.0,-0.0,0.1858248072458146,0.47997237932604736,0.0,799.2,0.0,0.0,1.0,888.0,-0.0,180,-6.951484976730596,0.0,180,-27.998364500845867,0.0,120,-32.60547170486189,0.0,118,-47.5375964817572,0.0,118,-43.471907271314535,0.0,180,-2.028860105530368,0.0,0.0,0.0,0.0,0.0,0.0,0.0,896.0,896.0,0.0,0.0,896.0,0.0,0.0,896
0.0,0.0,-0.0,0.0,6670.275217756034,896.0,-0.0,0.16169188223295358,0.47997237932604736,0.0,799.2,0.0,0.0,1.0,888.0,-0.0,180,-27.658555537933847,0.0,180,-54.09876685886523,0.0,120,-34.7398592099203,0.0,118,-59.900480678934294,0.0,118,-40.8823149225324,0.0,180,-1.1073157976798709,0.0,0.0,0.0,0.0,0.0,0.0,0.0,896.0,896.0,0.0,0.0,896.0,0.0,0.0,896
0.0,0.0,-0.0,0.0,5674.7196622004785,896.0,-0.0,0.13755895722009256,0.47997237932604736,0.0,799.2,0.0,0.0,1.0,888.0,-0.0,180,-51.578370093278934,0.0,180,-14.018764029405657,0.0,120,-9.499280210092248,0.0,118,-37.77176013652289,0.0,118,-28.539983161922574,0.0,180,-26.34382671291474,0.0,0.0,0.0,0.0,0.0,0.0,0.0,896.0,896.0,0.0,0.0,896.0,0.0,0.0,896
0.0,0.0,-0.0,0.0,4679.164106644923,896.0,-0.0,0.11342603220723155,0.47997237932604736,0.0,799.2,0.0,0.0,1.0,888.0,-0.0,180,-51.90182152007094,0.0,180,-20.510398077121067,0.0,120,-15.892952695035895,0.0,118,-23.747250578175706,0.0,118,-6.152400054188245,0.0,180,-26.178695937623605,0.0,0.0,0.0,0.0,0.0,0.0,0.0,896.0,896.0,0.0,0.0,896.0,0.0,0.0,896
0.0,0.0,-0.0,0.0,3683.608551089367,896.0,-0.0,0.08929310719437053,0.47997237932604736,0.0,799.2,0.0,0.0,1.0,888.0,-0.0,180,-59.55286919779892,0.0,180,-28.161029607507114,0.0,120,-56.46303525401732,0.0,118,-43.952159517590474,0.0,118,-42.233224559705214,0.0,180,-3.6317630073363727,0.0,0.0,0.0,0.0,0.0,0.0,0.0,896.0,896.0,0.0,0.0,896.0,0.0,0.0,896
0.0,0.0,-0.0,0.0,2688.0529955338116,896.0,-0.0,0.0651601821815095,0.47997237932604736,0.0,799.2,0.0,0.0,1.0,888.0,-0.0,180,-24.517766001143734,0.0,180,-23.339123344054098,0.0,120,-51.118468923235206,0.0,118,-31.56061265550938,0.0,118,-44.41362344030607,0.0,180,-28.24033368525068,0.0,0.0,0.0,0.0,0.0,0.0,0.0,896.0,896.0,0.0,0.0,896.0,0.0,0.0,896
0.0,0.0,-0.0,0.0,1692.497439978256,896.0,-0.0,0.04102725716864848,0.47997237932604736,0.0,799.2,0.0,0.0,1.0,888.0,-0.0,180,-47.33399862113306,0.0,180,-48.86329679920317,0.0,120,-56.617881350711606,0.0,118,-47.12487831940879,0.0,118,-32.29654967467845,0.0,180,-31.37117783429717,0.0,0.0,0.0,0.0,0.0,0.0,0.0,896.0,896.0,0.0,0.0,896.0,0.0,0.0,896
0.0,0.0,-0.0,0.0,696.9418844227004,627.2476959804303,-0.0,0.016894332155787468,0.47997237932604736,128.99368280963012,799.2,0.0,268.7523040195697,1.0,888.0,-238652.04596937788,180,-27.173155125914107,0.0,180,-47.530178029733435,0.0,120,-11.632063373815534,0.0,118,-49.49670591307221,0.0,118,-30.137073438642993,0.0,180,-0.8527738861237766,0.0,0.0,0.0,0.0,0.0,-238652.04596937788,-238652.04596937788,896.0,896.0,0.0,0.0,896.0,0.0,0.0,896
0.0,0.0,-0.0,0.0,0.0,0.0,-0.0,0.0,0.47997237932604736,400.2969643579235,799.2,0.0,834.0,1.0,888.0,-740592.0,118,-39.91488773640024,0.0,180,-33.98284419120991,0.0,120,-33.534559194920654,0.0,118,-47.810207862940025,0.0,118,-22.530581633868437,0.0,180,-34.026452211518134,0.0,0.0,0.0,0.0,0.0,-740592.0,-740592.0,834.0,834.0,0.0,0.0,834.0,0.0,0.0,834
0.0,0.0,-0.0,0.0,0.0,0.0,-0.0,0.0,0.47997237932604736,400.2969643579235,799.2,0.0,834.0,1.0,888.0,-740592.0,118,-19.837730684446,0.0,180,-14.832478869662808,0.0,120,-51.56752798721438,0.0,118,-9.19423674677234,0.0,118,-22.791391503110592,0.0,180,-7.128659050312178,0.0,0.0,0.0,0.0,0.0,-740592.0,-740592.0,834.0,834.0,0.0,0.0,834.0,0.0,0.0,834
0.0,0.0,-0.0,0.0,0.0,0.0,-0.0,0.0,0.47997237932604736,400.2969643579235,799.2,0.0,834.0,1.0,888.0,-740592.0,118,-20.0678027904285,0.0,180,-43.93325854373666,0.0,120,-33.44158425729633,0.0,118,-15.680989899519693,0.0,118,-57.90982917468941,0.0,180,-54.518478675925955,0.0,0.0,0.0,0.0,0.0,-740592.0,-740592.0,834.0,834.0,0.0,0.0,834.0,0.0,0.0,834
0.0,0.0,-0.0,0.0,0.0,0.0,-0.0,0.0,0.47997237932604736,340.7803893214936,799.2,0.0,710.0,1.0,888.0,-630480.0,118,-16.840125974776548,0.0,118,-21.109528495257496,0.0,120,-51.328926305834585,0.0,118,-51.45512414338517,0.0,118,-32.768211726224806,0.0,118,-50.83654532267643,0.0,0.0,0.0,0.0,0.0,-630480.0,-630480.0,710.0,710.0,0.0,0.0,710.0,0.0,0.0,710
0.0,0.0,-0.0,0.0,0.0,0.0,-0.0,0.0,0.47997237932604736,340.7803893214936,799.2,0.0,710.0,1.0,888.0,-630480.0,118,-58.69037528084123,0.0,118,-43.396039821685136,0.0,120,-58.50828591781382,0.0,118,-4.419464543353571,0.0,118,-25.924313583443954,0.0,118,-39.401576023751005,0.0,0.0,0.0,0.0,0.0,-630480.0,-630480.0,710.0,710.0,0.0,0.0,710.0,0.0,0.0,710
0.0,0.0,-0.0,0.0,0.0,0.0,-0.0,0.0,0.47997237932604736,340.7803893214936,799.2,0.0,710.0,1.0,888.0,-630480.0,118,-5.358657849552062,0.0,118,-56.98735322351442,0.0,120,-18.60199672940434,0.0,118,-5.509828055595025,0.0,118,-7.303821981035778,0.0,118,-3.463767701625262,0.0,0.0,0.0,0.0,0.0,-630480.0,-630480.0,710.0,710.0,0.0,0.0,710.0,0.0,0.0,710
0.0,0.0,-0.0,0.0,0.0,0.0,-0.0,0.0,0.47997237932604736,340.7803893214936,799.2,0.0,710.0,1.0,888.0,-630480.0,118,-0.8516589108357597,0.0,118,-14.52493262050086,0.0,120,-40.22181620867272,0.0,118,-8.96694117224194,0.0,118,-0.3809781910851173,0.0,118,-26.514343254027178,0.0,0.0,0.0,0.0,0.0,-630480.0,-630480.0,710.0,710.0,0.0,0.0,710.0,0.0,0.0,710
0.0,0.0,-0.0,0.0,0.0,0.0,-0.0,0.0,0.47997237932604736,340.7803893214936,799.2,0.0,710.0,1.0,888.0,-630480.0,118,-37.35169543846353,0.0,118,-34.391666694763366,0.0,120,-40.47169493197261,0.0,118,-17.99783991709148,0.0,118,-34.44614531845564,0.0,118,-38.92168961027827,0.0,0.0,0.0,0.0,0.0,-630480.0,-630480.0,710.0,710.0,0.0,0.0,710.0,0.0,0.0,710
0.0,0.0,-0.0,0.0,0.0,0.0,-0.0,0.0,0.47997237932604736,340.7803893214936,799.2,0.0,710.0,1.0,888.0,-630480.0,118,-31.113558186021947,0.0,118,-18.407402552870742,0.0,120,-10.918727338911163,0.0,118,-9.137795425401139,0.0,118,-14.563883154205023,0.0,118,-25.52192876433887,0.0,0.0,0.0,0.0,0.0,-630480.0,-630480.0,710.0,710.0,0.0,0.0,710.0,0.0,0.0,710
0.0,0.0,-0.0,0.0,0.0,0.0,-0.0,0.0,0.47997237932604736,340.7803893214936,799.2,0.0,710.0,1.0,888.0,-630480.0,118,-49.00639887175691,0.0,118,-18.950205329971677,0.0,120,-37.72969321786906,0.0,118,-29.88155418693463,0.0,118,-49.808378245303324,0.0,118,-8.110194263871035,0.0,0.0,0.0,0.0,0.0,-630480.0,-630480.0,710.0,710.0,0.0,0.0,710.0,0.0,0.0,710
0.0,0.0,-0.0,0.0,0.0,0.0,-0.0,0.0,0.47997237932604736,340.7803893214936,799.2,0.0,710.0,1.0,888.0,-630480.0,118,-26.24523371420116,0.0,118,-24.354454754460225,0.0,120,-58.28969112614947,0.0,118,-57.83603536447234,0.0,118,-39.29264831744998,0.0,118,-33.674259355525194,0.0,0.0,0.0,0.0,0.0,-630480.0,-630480.0,710.0,710.0,0.0,0.0,710.0,0.0,0.0,710
0.0,0.0,-0.0,0.0,0.0,0.0,-0.0,0.0,0.47997237932604736,340.7803893214936,799.2,0.0,710.0,1.0,888.0,-630480.0,118,-21.016311346197526,0.0,118,-30.92919112256974,0.0,120,-29.276185954064513,0.0,118,-13.727507184112635,0.0,118,-53.92962473771982,0.0,118,-14.341670878355302,0.0,0.0,0.0,0.0,0.0,-630480.0,-630480.0,710.0,710.0,0.0,0.0,710.0,0.0,0.0,710
0.0,0.0,-0.0,0.0,0.0,0.0,-0.0,0.0,0.47997237932604736,341.7403340801457,799.2,0.0,712.0,1.0,888.0,-632256.0,118,-41.58168047448026,0.0,118,-4.722769885055054,0.0,120,-52.45512637834868,0.0,120,-53.46954643676424,0.0,118,-18.33308789337417,0.0,118,-2.040754599836665,0.0,0.0,0.0,0.0,0.0,-632256.0,-632256.0,712.0,712.0,0.0,0.0,712.0,0.0,0.0,712
0.0,0.0,-0.0,0.0,0.0,0.0,-0.0,0.0,0.47997237932604736,341.7403340801457,799.2,0.0,712.0,1.0,888.0,-632256.0,118,-52.430062407701314,0.0,118,-27.44399557817581,0.0,120,-7.813342960324858,0.0,120,-37.73386945110649,0.0,118,-57.48472305831296,0.0,118,-46.65477992367321,0.0,0.0,0.0,0.0,0.0,-632256.0,-632256.0,712.0,712.0,0.0,0.0,712.0,0.0,0.0,712
0.0,0.0,-0.0,0.0,0.0,0.0,-0.0,0.0,0.47997237932604736,341.7403340801457,799.2,0.0,712.0,1.0,888.0,-632256.0,118,-29.859989153732144,0.0,118,-44.04090491606374,0.0,120,-47.46096031296132,0.0,120,-22.9794281874739,0.0,118,-49.60703994088812,0.0,118,-41.14508893604847,0.0,0.0,0.0,0.0,0.0,-632256.0,-632256.0,712.0,712.0,0.0,0.0,712.0,0.0,0.0,712
0.0,0.0,-0.0,0.0,0.0,0.0,-0.0,0.0,0.47997237932604736,341.7403340801457,799.2,0.0,712.0,1.0,888.0,-632256.0,118,-51.69617453046155,0.0,118,-31.574985542060354,0.0,120,-3.76139757307155,0.0,120,-59.99498835510903,0.0,118,-45.958921851514816,0.0,118,-57.24060604606617,0.0,0.0,0.0,0.0,0.0,-632256.0,-632256.0,712.0,712.0,0.0,0.0,712.0,0.0,0.0,712
0.0,0.0,-0.0,0.0,0.0,0.0,-0.0,0.0,0.47997237932604736,341.7403340801457,799.2,0.0,712.0,1.0,888.0,-632256.0,118,-48.84222721645165,0.0,118,-56.33567135274888,0.0,120,-3.893841420427524,0.0,120,-8.853847565009048,0.0,118,-1.7327264735959758,0.0,118,-2.455748618723934,0.0,0.0,0.0,0.0,0.0,-632256.0,-632256.0,712.0,712.0,0.0,0.0,712.0,0.0,0.0,712
0.0,0.0,-0.0,0.0,0.0,0.0,-0.0,0.0,0.47997237932604736,342.70027883879783,799.2,0.0,714.0,1.0,888.0,-634032.0,120,-4.604698514599582,0.0,118,-45.47041955804262,0.0,120,-14.782133191908267,0.0,120,-37.47526880583165,0.0,118,-12.564399532100133,0.0,118,-18.25076337507432,0.0,0.0,0.0,0.0,0.0,-634032.0,-634032.0,714.0,714.0,0.0,0.0,714.0,0.0,0.0,714
0.0,0.0,-0.0,0.0,0.0,0.0,-0.0,0.0,0.47997237932604736,342.70027883879783,799.2,0.0,714.0,1.0,888.0,-634032.0,120,-8.354904057561658,0.0,118,-6.138088064860215,0.0,120,-33.25425074511444,0.0,120,-9.617737107047725,0.0,118,-9.005080914133408,0.0,118,-38.64618898418733,0.0,0.0,0.0,0.0,0.0,-634032.0,-634032.0,714.0,714.0,0.0,0.0,714.0,0.0,0.0,714
0.0,0.0,-0.0,0.0,0.0,0.0,-0.0,0.0,0.47997237932604736,342.70027883879783,799.2,0.0,714.0,1.0,888.0,-634032.0,120,-51.59573136138198,0.0,118,-31.81564243172633,0.0,120,-30.674660734363407,0.0,120,-30.638547793047927,0.0,118,-7.933412126309891,0.0,118,-39.874967209555365,0.0,0.0,0.0,0.0,0.0,-634032.0,-634032.0,714.0,714.0,0.0,0.0,714.0,0.0,0.0,714
0.0,0.0,-0.0,0.0,0.0,0.0,-0.0,0.0,0.47997237932604736,342.70027883879783,799.2,0.0,714.0,1.0,888.0,-634032.0,120,-56.008713937459284,0.0,118,-30.599341298225497,0.0,120,-14.38343634753181,0.0,120,-37.796291243453425,0.0,118,-14.269384333725272,0.0,118,-7.74207852051553,0.0,0.0,0.0,0.0,0.0,-634032.0,-634032.0,714.0,714.0,0.0,0.0,714.0,0.0,0.0,714
0.0,0.0,-0.0,0.0,0.0,0.0,-0.0,0.0,0.47997237932604736,342.70027883879783,799.2,0.0,714.0,1.0,888.0,-634032.0,120,-15.33418684542459,0.0,118,-1.6702044873067101,0.0,120,-49.56220166235043,0.0,120,-34.63346457553635,0.0,118,-44.35107227471562,0.0,118,-16.826873997070003,0.0,0.0,0.0,0.0,0.0,-634032.0,-634032.0,714.0,714.0,0.0,0.0,714.0,0.0,0.0,714
0.0,0.0,-0.0,0.0,0.0,0.0,-0.0,0.0,0.47997237932604736,342.70027883879783,799.2,0.0,714.0,1.0,888.0,-634032.0,120,-48.16206474296941,0.0,118,-39.94337129396974,0.0,120,-29.798823987692806,0.0,120,-33.501283540354486,0.0,118,-0.9698952688623508,0.0,118,-11.572090096449513,0.0,0.0,0.0,0.0,0.0,-634032.0,-634032.0,714.0,714.0,0.0,0.0,714.0,0.0,0.0,714
0.0,0.0,-0.0,0.0,0.0,0.0,-0.0,0.0,0.47997237932604736,342.70027883879783,799.2,0.0,714.0,1.0,888.0,-634032.0,120,-28.481181157258714,0.0,118,-13.070298918167778,0.0,120,-16.298077786579267,0.0,120,-23.426048050903287,0.0,118,-26.210451241765032,0.0,118,-16.04133381779635,0.0,0.0,0.0,0.0,0.0,-634032.0,-634032.0,714.0,714.0,0.0,0.0,714.0,0.0,0.0,714
0.0,0.0,-0.0,0.0,0.0,0.0,-0.0,0.0,0.47997237932604736,342.70027883879783,799.2,0.0,714.0,1.0,888.0,-634032.0,120,-42.59911578735282,0.0,118,-41.15020381495934,0.0,120,-34.415110584118786,0.0,120,-24.372147319208914,0.0,118,-6.271987675914563,0.0,118,-52.552431260379926,0.0,0.0,0.0,0.0,0.0,-634032.0,-634032.0,714.0,714.0,0.0,0.0,714.0,0.0,0.0,714
0.0,0.0,-0.0,0.0,0.0,0.0,-0.0,0.0,0.47997237932604736,342.70027883879783,799.2,0.0,714.0,1.0,888.0,-634032.0,120,-36.01892973631563,0.0,118,-14.0945694040796,0.0,120,-33.9056369646622,0.0,120,-18.562336152040796,0.0,118,-52.405744381940565,0.0,118,-36.55245578068314,0.0,0.0,0.0,0.0,0.0,-634032.0,-634032.0,714.0,714.0,0.0,0.0,714.0,0.0,0.0,714
0.0,0.0,-0.0,0.0,0.0,0.0,-0.0,0.0,0.47997237932604736,342.70027883879783,799.2,0.0,714.0,1.0,888.0,-634032.0,120,-51.9898209962189,0.0,118,-21.27408328363256,0.0,120,-56.31582530901215,0.0,120,-29.541934376997993,0.0,118,-24.657649102982234,0.0,118,-57.21622175385542,0.0,0.0,0.0,0.0,0.0,-634032.0,-634032.0,714.0,714.0,0.0,0.0,714.0,0.0,0.0,714
0.0,0.0,-0.0,0.0,0.0,0.0,-0.0,0.0,0.47997237932604736,342.70027883879783,799.2,0.0,714.0,1.0,888.0,-634032.0,120,-20.987668857860676,0.0,118,-4.399915380543913,0.0,120,-23.65975430430868,0.0,120,-31.900239385158766,0.0,118,-46.11836915978821,0.0,118,-33.441207952350936,0.0,0.0,0.0,0.0,0.0,-634032.0,-634032.0,714.0,714.0,0.0,0.0,714.0,0.0,0.0,714
0.0,0.0,-0.0,0.0,0.0,0.0,-0.0,0.0,0.47997237932604736,342.70027883879783,799.2,0.0,714.0,1.0,888.0,-634032.0,120,-35.95672209282463,0.0,118,-31.852387273469603,0.0,120,-19.365983821657466,0.0,120,-47.569955227575115,0.0,118,-25.545328099819983,0.0,118,-39.05952880389568,0.0,0.0,0.0,0.0,0.0,-634032.0,-634032.0,714.0,714.0,0.0,0.0,714.0,0.0,0.0,714
0.0,0.0,-0.0,0.0,0.0,0.0,-0.0,0.0,0.47997237932604736,342.70027883879783,799.2,0.0,714.0,1.0,888.0,-634032.0,120,-0.39773237260185335,0.0,118,-39.744089550741464,0.0,120,-16.00282090474377,0.0,120,-55.09987090630054,0.0,118,-44.151631721478886,0.0,118,-12.134624419738739,0.0,0.0,0.0,0.0,0.0,-634032.0,-634032.0,714.0,714.0,0.0,0.0,714.0,0.0,0.0,714
0.0,0.0,-0.0,0.0,0.0,0.0,-0.0,0.0,0.47997237932604736,342.70027883879783,799.2,0.0,714.0,1.0,888.0,-634032.0,120,-21.13299200122688,0.0,118,-21.25433564725155,0.0,120,-19.086152317964938,0.0,120,-16.48694790136188,0.0,118,-51.404500351917996,0.0,118,-58.39859573363804,0.0,0.0,0.0,0.0,0.0,-634032.0,-634032.0,714.0,714.0,0.0,0.0,714.0,0.0,0.0,714
0.0,0.0,-0.0,0.0,0.0,0.0,-0.0,0.0,0.47997237932604736,342.70027883879783,799.2,0.0,714.0,1.0,888.0,-634032.0,120,-52.029265231869665,0.0,118,-53.80962052673931,0.0,120,-31.94762452282173,0.0,120,-5.57650135015818,0.0,118,-24.42381473735692,0.0,118,-30.54861612535991,0.0,0.0,0.0,0.0,0.0,-634032.0,-634032.0,714.0,714.0,0.0,0.0,714.0,0.0,0.0,714
0.0,0.0,-0.0,0.0,0.0,0.0,-0.0,0.0,0.47997237932604736,342.70027883879783,799.2,0.0,714.0,1.0,888.0,-634032.0,120,-51.24575942801144,0.0,118,-20.758401353804484,0.0,120,-34.716930126763245,0.0,120,-50.887575298530436,0.0,118,-28.693495761523543,0.0,118,-3.242609703008863,0.0,0.0,0.0,0.0,0.0,-634032.0,-634032.0,714.0,714.0,0.0,0.0,714.0,0.0,0.0,714
0.0,0.0,-0.0,0.0,0.0,0.0,-0.0,0.0,0.47997237932604736,342.70027883879783,799.2,0.0,714.0,1.0,888.0,-634032.0,120,-37.463673243850444,0.0,118,-39.78837747305867,0.0,120,-22.259497806935247,0.0,120,-22.71635851017052,0.0,118,-33.13478088703084,0.0,118,-55.720612215162745,0.0,0.0,0.0,0.0,0.0,-634032.0,-634032.0,714.0,714.0,0.0,0.0,714.0,0.0,0.0,714
0.0,0.0,-0.0,0.0,0.0,0.0,-0.0,0.0,0.47997237932604736,342.70027883879783,799.2,0.0,714.0,1.0,888.0,-634032.0,120,-41.31062243556388,0.0,118,-6.6602309693152995,0.0,120,-28.743625773370173,0.0,120,-34.177068613369215,0.0,118,-3.32490106388011,0.0,118,-54.91343709287098,0.0,0.0,0.0,0.0,0.0,-634032.0,-634032.0,714.0,714.0,0.0,0.0,714.0,0.0,0.0,714
0.0,0.0,-0.0,0.0,0.0,0.0,-0.0,0.0,0.47997237932604736,342.70027883879783,799.2,0.0,714.0,1.0,888.0,-634032.0,120,-17.246605104799805,0.0,118,-37.86995272334842,0.0,120,-15.51706106643757,0.0,120,-54.75018539242328,0.0,118,-5.119544879640962,0.0,118,-2.831015386974749,0.0,0.0,0.0,0.0,0.0,-634032.0,-634032.0,714.0,714.0,0.0,0.0,714.0,0.0,0.0,714
0.0,0.0,-0.0,0.0,0.0,0.0,-0.0,0.0,0.47997237932604736,342.70027883879783,799.2,0.0,714.0,1.0,888.0,-634032.0,120,-58.31144879635834,0.0,118,-8.43129521926478,0.0,120,-10.015557123605152,0.0,120,-40.13276332222818,0.0,118,-43.745974302258595,0.0,118,-17.498247327363888,0.0,0.0,0.0,0.0,0.0,-634032.0,-634032.0,714.0,714.0,0.0,0.0,714.0,0.0,0.0,714
0.0,0.0,-0.0,0.0,0.0,0.0,-0.0,0.0,0.47997237932604736,342.70027883879783,799.2,0.0,714.0,1.0,888.0,-634032.0,120,-56.82171743403382,0.0,118,-23.69241387145862,0.0,120,-23.915448749706197,0.0,120,-43.1406502930724,0.0,118,-9.165667049071208,0.0,118,-34.782427295660206,0.0,0.0,0.0,0.0,0.0,-634032.0,-634032.0,714.0,714.0,0.0,0.0,714.0,0.0,0.0,714
0.0,0.0,-0.0,0.0,0.0,0.0,-0.0,0.0,0.47997237932604736,342.70027883879783,799.2,0.0,714.0,1.0,888.0,-634032.0,120,-25.551391165771133,0.0,118,-28.418810045254975,0.0,120,-54.57691419032261,0.0,120,-40.320573189494155,0.0,118,-30.271723357987298,0.0,118,-46.15881071796499,0.0,0.0,0.0,0.0,0.0,-634032.0,-634032.0,714.0,714.0,0.0,0.0,714.0,0.0,0.0,714
0.0,0.0,-0.0,0.0,0.0,0.0,-0.0,0.0,0.47997237932604736,342.70027883879783,799.2,0.0,714.0,1.0,888.0,-634032.0,120,-16.518082229115443,0.0,118,-50.23859951680809,0.0,120,-6.6783601722801915,0.0,120,-4.911941547223686,0.0,118,-0.4454791818858017,0.0,118,-21.113660604852335,0.0,0.0,0.0,0.0,0.0,-634032.0,-634032.0,714.0,714.0,0.0,0.0,714.0,0.0,0.0,714
0.0,0.0,-0.0,0.0,0.0,0.0,-0.0,0.0,0.47997237932604736,342.70027883879783,799.2,0.0,714.0,1.0,888.0,-634032.0,120,-40.05471690013795,0.0,118,-23.965164533364764,0.0,120,-32.7959690349305,0.0,120,-54.64058071002118,0.0,118,-40.17578969449977,0.0,118,-40.55389246987863,0.0,0.0,0.0,0.0,0.0,-634032.0,-634032.0,714.0,714.0,0.0,0.0,714.0,0.0,0.0,714
0.0,0.0,-0.0,0.0,0.0,0.0,-0.0,0.0,0.47997237932604736,342.70027883879783,799.2,0.0,714.0,1.0,888.0,-634032.0,120,-11.333367041061834,0.0,118,-9.51757783379922,0.0,120,-35.563868401401955,0.0,120,-54.102729263902816,0.0,118,-6.636762685854594,0.0,118,-38.19789383178877,0.0,0.0,0.0,0.0,0.0,-634032.0,-634032.0,714.0,714.0,0.0,0.0,714.0,0.0,0.0,714
0.0,0.0,-0.0,0.0,0.0,0.0,-0.0,0.0,0.47997237932604736,342.70027883879783,799.2,0.0,714.0,1.0,888.0,-634032.0,120,-54.55118145918378,0.0,118,-34.878603024488974,0.0,120,-47.35933658930105,0.0,120,-45.54179627442309,0.0,118,-41.61489386215443,0.0,118,-4.377029856297825,0.0,0.0,0.0,0.0,0.0,-634032.0,-634032.0,714.0,714.0,0.0,0.0,714.0,0.0,0.0,714
0.0,0.0,-0.0,0.0,0.0,0.0,-0.0,0.0,0.47997237932604736,342.70027883879783,799.2,0.0,714.0,1.0,888.0,-634032.0,120,-28.274444972750615,0.0,118,-57.525591892331406,0.0,120,-28.66578032029905,0.0,120,-14.20872277954189,0.0,118,-28.046897369984144,0.0,118,-29.53700578206459,0.0,0.0,0.0,0.0,0.0,-634032.0,-634032.0,714.0,714.0,0.0,0.0,714.0,0.0,0.0,714
0.0,0.0,-0.0,0.0,0.0,0.0,-0.0,0.0,0.47997237932604736,342.70027883879783,799.2,0.0,714.0,1.0,888.0,-634032.0,120,-49.21322560082194,0.0,118,-4.501524527000765,0.0,120,-54.10132736865896,0.0,120,-27.771013803531623,0.0,118,-13.535735156944682,0.0,118,-22.534393468552835,0.0,0.0,0.0,0.0,0.0,-634032.0,-634032.0,714.0,714.0,0.0,0.0,714.0,0.0,0.0,714
0.0,0.0,-0.0,0.0,0.0,0.0,-0.0,0.0,0.47997237932604736,342.70027883879783,799.2,0.0,714.0,1.0,888.0,-634032.0,120,-23.76047238290194,0.0,118,-57.00441460342831,0.0,120,-27.0537936476971,0.0,120,-4.491213522613835,0.0,118,-55.83113395550268,0.0,118,-12.822010371994244,0.0,0.0,0.0,0.0,0.0,-634032.0,-634032.0,714.0,714.0,0.0,0.0,714.0,0.0,0.0,714
188.2742399938372,0.0,-1882.742399938372,0.0,0.0,0.0,-0.0,0.0,0.47997237932604736,252.30873514101424,799.2,0.0,525.6734470747947,1.0,888.0,-466798.02100241766,120,-45.161088103437656,0.0,118,-9.147789046539138,0.0,120,-24.948229046844602,0.0,120,-27.1647856637127,0.0,118,-24.95616160674638,0.0,118,-5.541070808259105,0.0,0.0,0.0523129313681126,0.0523129313681126,0.0,-468680.763402356,-468680.763402356,714.0,714.0,188.3265529252053,0.0,525.6734470747947,0.0,0.0,714
188.2742399938372,0.0,-1882.742399938372,0.0,0.0,0.0,-0.0,0.0,0.47997237932604736,252.30873514101424,799.2,0.0,525.6734470747947,1.0,888.0,-466798.02100241766,120,-9.545419718112774,0.0,118,-12.49439967879663,0.0,120,-13.278843913774573,0.0,120,-13.171709995562823,0.0,118,-51.3914326639216,0.0,118,-49.62110697216628,0.0,0.0,0.0523129313681126,0.0523129313681126,0.0,-468680.763402356,-468680.763402356,714.0,714.0,188.3265529252053,0.0,525.6734470747947,0.0,0.0,714
188.2742399938372,0.0,-1882.742399938372,0.0,0.0,0.0,-0.0,0.0,0.47997237932604736,252.30873514101424,799.2,0.0,525.6734470747947,1.0,888.0,-466798.02100241766,120,-12.42240851035909,0.0,118,-28.796535716403437,0.0,120,-13.195682832095631,0.0,120,-38.500564444523995,0.0,118,-10.05184985185596,0.0,118,-24.6182386080834,0.0,0.0,0.0523129313681126,0.0523129313681126,0.0,-468680.763402356,-468680.763402356,714.0,714.0,188.3265529252053,0.0,525.6734470747947,0.0,0.0,714
188.2742399938372,0.0,-1882.742399938372,0.0,0.0,0.0,-0.0,0.0,0.47997237932604736,252.30873514101424,799.2,0.0,525.6734470747947,1.0,888.0,-466798.02100241766,120,-16.47110555051017,0.0,118,-6.015651727190425,0.0,120,-30.359857382632224,0.0,120,-16.736979695653773,0.0,118,-5.661108373871926,0.0,118,-58.31079774954315,0.0,0.0,0.0523129313681126,0.0523129313681126,0.0,-468680.763402356,-468680.763402356,714.0,714.0,188.3265529252053,0.0,525.6734470747947,0.0,0.0,714
188.2742399938372,0.0,-1882.742399938372,0.0,0.0,0.0,-0.0,0.0,0.47997237932604736,252.30873514101424,799.2,0.0,525.6734470747947,1.0,888.0,-466798.02100241766,120,-14.62896138013283,0.0,118,-34.51225553367857,0.0,120,-57.75448865461351,0.0,120,-40.34260420225934,0.0,118,-48.281005021179894,0.0,118,-11.09517855733989,0.0,0.0,0.0523129313681126,0.0523129313681126,0.0,-468680.763402356,-468680.763402356,714.0,714.0,188.3265529252053,0.0,525.6734470747947,0.0,0.0,714
188.2742399938372,0.0,-1882.742399938372,0.0,0.0,0.0,-0.0,0.0,0.47997237932604736,252.30873514101424,799.2,0.0,525.6734470747947,1.0,888.0,-466798.02100241766,120,-57.386887298928194,0.0,118,-42.59033977608623,0.0,120,-7.346649597838351,0.0,120,-38.69818262695092,0.0,118,-56.09004910979504,0.0,118,-25.15737739091859,0.0,0.0,0.0523129313681126,0.0523129313681126,0.0,-468680.763402356,-468680.763402356,714.0,714.0,188.3265529252053,0.0,525.6734470747947,0.0,0.0,714
806.5619847519063,0.0,-8065.619847519063,92.786091999684,0.0,0.0,-0.0,0.0,0.47997237932604736,0.0,799.2,0.0,0.0,1.0,888.0,-0.0,120,-51.818628323924194,0.0,118,-5.642871194089967,0.0,120,-10.321977365184607,0.0,120,-12.895413538390624,0.0,118,-24.054873048884435,0.0,118,-2.5024362110793086,0.0,0.0,0.22410724777769,0.22410724777769,0.0,-8065.619847519063,-8065.619847519063,806.786091999684,806.786091999684,806.786091999684,0.0,0.0,92.786091999684,0.0,714
806.5619847519063,0.0,-8065.619847519063,92.786091999684,83.5074827997156,0.0,-0.0,0.0020242766053308998,0.47997237932604736,0.0,799.2,0.0,0.0,1.0,888.0,-0.0,120,-27.55013027244234,0.0,118,-47.2655851426321,0.0,120,-15.034906163274107,0.0,120,-41.489358207959484,0.0,118,-17.81199892805579,0.0,118,-27.82649533509823,0.0,0.0,0.22410724777769,0.22410724777769,0.0,-8065.619847519063,-8065.619847519063,806.786091999684,806.786091999684,806.786091999684,0.0,0.0,92.786091999684,0.0,714
806.5619847519063,0.0,-8065.619847519063,92.786091999684,167.0149655994312,0.0,-0.0,0.0040485532106617995,0.47997237932604736,0.0,799.2,0.0,0.0,1.0,888.0,-0.0,120,-8.743758434055454,0.0,118,-31.943655228399983,0.0,120,-44.062911163594926,0.0,120,-6.87997951058888,0.0,118,-42.90970573739397,0.0,118,-49.00539232048182,0.0,0.0,0.22410724777769,0.22410724777769,0.0,-8065.619847519063,-8065.619847519063,806.786091999684,806.786091999684,806.786091999684,0.0,0.0,92.786091999684,0.0,714
806.5619847519063,0.0,-8065.619847519063,92.786091999684,250.5224483991468,0.0,-0.0,0.006072829815992699,0.47997237932604736,0.0,799.2,0.0,0.0,1.0,888.0,-0.0,120,-20.445141043218985,0.0,118,-40.77015409225133,0.0,120,-40.239212357412995,0.0,120,-22.730304908694986,0.0,118,-26.271869637683103,0.0,118,-39.476924197565125,0.0,0.0,0.22410724777769,0.22410724777769,0.0,-8065.619847519063,-8065.619847519063,806.786091999684,806.786091999684,806.786091999684,0.0,0.0,92.786091999684,0.0,714
806.5619847519063,0.0,-8065.619847519063,92.786091999684,334.0299311988624,0.0,-0.0,0.008097106421323599,0.47997237932604736,0.0,799.2,0.0,0.0,1.0,888.0,-0.0,120,-16.463889037313407,0.0,118,-25.430103404781022,0.0,120,-48.758799466965144,0.0,120,-49.43502377952408,0.0,118,-49.055449247212806,0.0,118,-22.068233614037297,0.0,0.0,0.22410724777769,0.22410724777769,0.0,-8065.619847519063,-8065.619847519063,806.786091999684,806.786091999684,806.786091999684,0.0,0.0,92.786091999684,0.0,714
806.5619847519063,0.0,-8065.619847519063,92.786091999684,417.537413998578,0.0,-0.0,0.010121383026654497,0.47997237932604736,0.0,799.2,0.0,0.0,1.0,888.0,-0.0,120,-59.6862176740615,0.0,118,-33.4975902489649,0.0,120,-27.082345250236948,0.0,120,-28.61024236305272,0.0,118,-59.96663695348391,0.0,118,-3.338534350408786,0.0,0.0,0.22410724777769,0.22410724777769,0.0,-8065.619847519063,-8065.619847519063,806.786091999684,806.786091999684,806.786091999684,0.0,0.0,92.786091999684,0.0,714
1488.9707940533674,0.0,-14889.707940533674,775.3845119733601,501.0448967982936,0.0,-0.0,0.012145659631985398,0.47997237932604736,0.0,799.2,0.0,0.0,1.0,888.0,-0.0,120,-40.61150088454678,0.0,118,-45.69898198093581,0.0,120,-7.755919523999735,0.0,120,-31.810989853861106,0.0,118,-34.945708992445866,0.0,118,-11.753504216140964,0.0,0.0,0.4137179199926,0.4137179199926,0.0,-14889.707940533674,-14889.707940533674,1489.38451197336,1489.38451197336,1489.38451197336,0.0,0.0,775.3845119733601,0.0,714
1488.9707940533674,0.0,-14889.707940533674,775.3845119733601,1198.8909575743178,0.0,-0.0,0.02906190962049591,0.47997237932604736,0.0,799.2,0.0,0.0,1.0,888.0,-0.0,120,-49.13080665934784,0.0,118,-5.467595669102314,0.0,120,-47.25091173532211,0.0,120,-20.334511425058054,0.0,118,-24.065017290826805,0.0,118,-43.70716195050631,0.0,0.0,0.4137179199926,0.4137179199926,0.0,-14889.707940533674,-14889.707940533674,1489.38451197336,1489.38451197336,1489.38451197336,0.0,0.0,775.3845119733601,0.0,714
1488.9707940533674,0.0,-14889.707940533674,775.3845119733601,1896.7370183503417,0.0,-0.0,0.04597815960900642,0.47997237932604736,0.0,799.2,0.0,0.0,1.0,888.0,-0.0,120,-34.851629995434365,0.0,118,-59.947257769730896,0.0,120,-49.10417205561113,0.0,120,-25.77228181861711,0.0,118,-2.782316876573121,0.0,118,-31.793878692270095,0.0,0.0,0.4137179199926,0.4137179199926,0.0,-14889.707940533674,-14889.707940533674,1489.38451197336,1489.38451197336,1489.38451197336,0.0,0.0,775.3845119733601,0.0,714
1488.9707940533674,0.0,-14889.707940533674,775.3845119733601,2594.5830791263656,0.0,-0.0,0.06289440959751692,0.47997237932604736,0.0,799.2,0.0,0.0,1.0,888.0,-0.0,120,-27.0762949471315,0.0,118,-29.87075919429104,0.0,120,-47.594763979259824,0.0,120,-20.056935232405927,0.0,118,-49.02555944089571,0.0,118,-45.65097873721167,0.0,0.0,0.4137179199926,0.4137179199926,0.0,-14889.707940533674,-14889.707940533674,1489.38451197336,1489.38451197336,1489.38451197336,0.0,0.0,775.3845119733601,0.0,714
1488.9707940533674,0.0,-14889.707940533674,775.3845119733601,3292.4291399023896,0.0,-0.0,0.07981065958602743,0.47997237932604736,0.0,799.2,0.0,0.0,1.0,888.0,-0.0,120,-27.081069763963256,0.0,118,-27.807580312698292,0.0,120,-9.262028041136379,0.0,120,-48.684099751102515,0.0,118,-51.10995722837263,0.0,118,-44.489924777601125,0.0,0.0,0.4137179199926,0.4137179199926,0.0,-14889.707940533674,-14889.707940533674,1489.38451197336,1489.38451197336,1489.38451197336,0.0,0.0,775.3845119733601,0.0,714
1488.9707940533674,0.0,-14889.707940533674,775.3845119733601,3990.2752006784135,0.0,-0.0,0.09672690957453793,0.47997237932604736,0.0,799.2,0.0,0.0,1.0,888.0,-0.0,120,-9.023353644617549,0.0,118,-5.3521494872679405,0.0,120,-21.85595931649827,0.0,120,-42.681194067960085,0.0,118,-52.726113727811544,0.0,118,-59.44630793208647,0.0,0.0,0.4137179199926,0.4137179199926,0.0,-14889.707940533674,-14889.707940533674,1489.38451197336,1489.38451197336,1489.38451197336,0.0,0.0,775.3845119733601,0.0,714
1989.301575468859,0.0,-19893.01575468859,1275.854312777964,4688.121261454437,0.0,-0.0,0.11364315956304845,0.47997237932604736,0.0,799.2,0.0,0.0,1.0,888.0,-0.0,120,-4.64040947436529,0.0,118,-30.183226047613687,0.0,120,-4.045167715868314,0.0,120,-10.714892139093513,0.0,118,-36.79510513781804,0.0,118,-15.778405019572961,0.0,0.0,0.55273730910499,0.55273730910499,0.0,-19893.01575468859,-19893.01575468859,1989.854312777964,1989.854312777964,1989.854312777964,0.0,0.0,1275.854312777964,0.0,714
1989.301575468859,0.0,-19893.01575468859,1275.854312777964,5836.390142954605,0.0,-0.0,0.14147795658387524,0.47997237932604736,0.0,799.2,0.0,0.0,1.0,888.0,-0.0,120,-56.15189820922002,0.0,118,-45.195312856023605,0.0,120,-23.497439808460726,0.0,120,-58.08444394535863,0.0,118,-7.840844311556651,0.0,118,-9.615918205313816,0.0,0.0,0.55273730910499,0.55273730910499,0.0,-19893.01575468859,-19893.01575468859,1989.854312777964,1989.854312777964,1989.854312777964,0.0,0.0,1275.854312777964,0.0,714
1989.301575468859,0.0,-19893.01575468859,1275.854312777964,6984.659024454772,0.0,-0.0,0.16931275360470202,0.47997237932604736,0.0,799.2,0.0,0.0,1.0,888.0,-0.0,120,-7.3726810778038825,0.0,118,-6.570621671714203,0.0,120,-55.78645301149757,0.0,120,-38.39223459783422,0.0,118,-15.171210917093052,0.0,118,-54.65314621069181,0.0,0.0,0.55273730910499,0.55273730910499,0.0,-19893.01575468859,-19893.01575468859,1989.854312777964,1989.854312777964,1989.854312777964,0.0,0.0,1275.854312777964,0.0,714
1989.301575468859,0.0,-19893.01575468859,1275.854312777964,8132.92790595494,0.0,-0.0,0.1971475506255288,0.47997237932604736,0.0,799.2,0.0,0.0,1.0,888.0,-0.0,120,-27.126423071149755,0.0,118,-0.3180118942044463,0.0,120,-1.83949500400872,0.0,120,-9.428483636421312,0.0,118,-17.992001084369605,0.0,118,-26.350452174693125,0.0,0.0,0.55273730910499,0.55273730910499,0.0,-19893.01575468859,-19893.01575468859,1989.854312777964,1989.854312777964,1989.854312777964,0.0,0.0,1275.854312777964,0.0,714
1989.301575468859,0.0,-19893.01575468859,1275.854312777964,9281.196787455108,0.0,-0.0,0.2249823476463556,0.47997237932604736,0.0,799.2,0.0,0.0,1.0,888.0,-0.0,120,-27.445990446031253,0.0,118,-44.66604429126657,0.0,120,-57.43440223450653,0.0,120,-9.368151020448007,0.0,118,-29.463391142786474,0.0,118,-7.129601990851602,0.0,0.0,0.55273730910499,0.55273730910499,0.0,-19893.01575468859,-19893.01575468859,1989.854312777964,1989.854312777964,1989.854312777964,0.0,0.0,1275.854312777964,0.0,714
1989.301575468859,0.0,-19893.01575468859,1275.854312777964,10429.465668955276,0.0,-0.0,0.2528171446671824,0.47997237932604736,0.0,799.2,0.0,0.0,1.0,888.0,-0.0,120,-53.63236675408833,0.0,118,-35.84854061416639,0.0,120,-23.338473142374415,0.0,120,-4.929644241324365,0.0,118,-5.190081538300593,0.0,118,-36.45299179016811,0.0,0.0,0.55273730910499,0.55273730910499,0.0,-19893.01575468859,-19893.01575468859,1989.854312777964,1989.854312777964,1989.854312777964,0.0,0.0,1275.854312777964,0.0,714
2258.2987672346526,0.0,-22582.987672346528,1544.9262467476378,11577.734550455443,0.0,-0.0,0.28065194168800917,0.47997237932604736,0.0,799.2,0.0,0.0,1.0,888.0,-0.0,120,-8.093533203250594,0.0,118,-48.1089316265861,0.0,120,-52.15274606273689,0.0,120,-50.40485456803981,0.0,118,-40.44237441373387,0.0,118,-13.588483476171167,0.0,0.0,0.627479512985455,0.627479512985455,0.0,-22582.987672346528,-22582.987672346528,2258.926246747638,2258.926246747638,2258.926246747638,0.0,0.0,1544.9262467476378,0.0,714
2258.2987672346526,0.0,-22582.987672346528,1544.9262467476378,12968.168172528318,0.0,-0.0,0.31435697216028696,0.47997237932604736,0.0,799.2,0.0,0.0,1.0,888.0,-0.0,120,-11.010113678557348,0.0,118,-14.001671494046677,0.0,120,-56.873665443217064,0.0,120,-32.806242093215744,0.0,118,-57.62514159375217,0.0,118,-29.676633099750166,0.0,0.0,0.627479512985455,0.627479512985455,0.0,-22582.987672346528,-22582.987672346528,2258.926246747638,2258.926246747638,2258.926246747638,0.0,0.0,1544.9262467476378,0.0,714
2258.2987672346526,0.0,-22582.987672346528,1544.9262467476378,14358.601794601193,0.0,-0.0,0.3480620026325647,0.47997237932604736,0.0,799.2,0.0,0.0,1.0,888.0,-0.0,120,-34.399031766657345,0.0,118,-5.1384863973838035,0.0,120,-51.72400192790203,0.0,120,-37.86563879944024,0.0,118,-54.61650613920219,0.0,118,-32.310502620617875,0.0,0.0,0.627479512985455,0.627479512985455,0.0,-22582.987672346528,-22582.987672346528,2258.926246747638,2258.926246747638,2258.926246747638,0.0,0.0,1544.9262467476378,0.0,714
2258.2987672346526,0.0,-22582.987672346528,1544.9262467476378,15749.035416674067,0.0,-0.0,0.3817670331048425,0.47997237932604736,0.0,799.2,0.0,0.0,1.0,888.0,-0.0,120,-0.1636333309432647,0.0,118,-30.221600493709,0.0,120,-13.169432045361969,0.0,120,-46.441648812749364,0.0,118,-10.630859549254142,0.0,118,-21.207684696118683,0.0,0.0,0.627479512985455,0.627479512985455,0.0,-22582.987672346528,-22582.987672346528,2258.926246747638,2258.926246747638,2258.926246747638,0.0,0.0,1544.9262467476378,0.0,714
2258.2987672346526,0.0,-22582.987672346528,1544.9262467476378,17139.46903874694,0.0,-0.0,0.41547206357712024,0.47997237932604736,0.0,799.2,0.0,0.0,1.0,888.0,-0.0,120,-3.2399300315982638,0.0,118,-8.16998023670334,0.0,120,-25.264180930567072,0.0,120,-42.58490462732049,0.0,118,-24.01726483842064,0.0,118,-41.93552450917251,0.0,0.0,0.627479512985455,0.627479512985455,0.0,-22582.987672346528,-22582.987672346528,2258.926246747638,2258.926246747638,2258.926246747638,0.0,0.0,1544.9262467476378,0.0,714
2258.2987672346526,0.0,-22582.987672346528,1544.9262467476378,18529.902660819815,0.0,-0.0,0.449177094049398,0.47997237932604736,0.0,799.2,0.0,0.0,1.0,888.0,-0.0,120,-42.79148664464515,0.0,118,-43.78419587547977,0.0,120,-55.16303848636992,0.0,120,-26.706909100410314,0.0,118,-18.470448738543833,0.0,118,-15.374499100657587,0.0,0.0,0.627479512985455,0.627479512985455,0.0,-22582.987672346528,-22582.987672346528,2258.926246747638,2258.926246747638,2258.926246747638,0.0,0.0,1544.9262467476378,0.0,714
2322.1968382222194,0.0,-23221.968382222192,1608.8420721311445,19920.336282892687,0.0,-0.0,0.48288212452167567,0.47997237932604736,0.0,799.2,0.0,0.0,1.0,888.0,-0.0,120,-18.837115607038804,0.0,118,-11.989465443552106,0.0,120,-17.095164830279028,0.0,120,-57.55225129537795,0.0,118,-11.114351134748626,0.0,118,-12.624564315336302,0.0,0.0,0.645233908925318,0.645233908925318,0.0,-23221.968382222192,-23221.968382222192,2322.8420721311445,2322.8420721311445,2322.8420721311445,0.0,0.0,1608.8420721311445,0.0,714
2322.1968382222194,0.0,-23221.968382222192,1608.8420721311445,21368.294147810717,0.0,-0.0,0.5179815806804527,0.47997237932604736,0.0,799.2,0.0,0.0,1.0,888.0,-0.0,120,-24.456767221366228,0.0,118,-8.851455400027586,0.0,120,-47.79164915443245,0.0,120,-2.30346102201499,0.0,118,-21.014401055370577,0.0,118,-5.042138232585815,0.0,0.0,0.645233908925318,0.645233908925318,0.0,-23221.968382222192,-23221.968382222192,2322.8420721311445,2322.8420721311445,2322.8420721311445,0.0,0.0,1608.8420721311445,0.0,714
2322.1968382222194,0.0,-23221.968382222192,1608.8420721311445,22816.252012728746,0.0,-0.0,0.5530810368392298,0.47997237932604736,0.0,799.2,0.0,0.0,1.0,888.0,-0.0,120,-52.03007072872589,0.0,118,-58.69708675376456,0.0,120,-47.89458826707142,0.0,120,-31.398293347504275,0.0,118,-23.630648204350585,0.0,118,-56.50487692593088,0.0,0.0,0.645233908925318,0.645233908925318,0.0,-23221.968382222192,-23221.968382222192,2322.8420721311445,2322.8420721311445,2322.8420721311445,0.0,0.0,1608.8420721311445,0.0,714
2322.1968382222194,0.0,-23221.968382222192,1610.8420721311445,24264.209877646776,0.0,-0.0,0.5881804929980068,0.47997237932604736,0.0,799.2,0.0,0.0,1.0,888.0,-0.0,118,-48.160495475608535,0.0,118,-10.035840881465411,0.0,120,-58.7880942475315,0.0,120,-54.83487606162021,0.0,118,-40.39969210846085,0.0,118,-35.57654656269024,0.0,0.0,0.645233908925318,0.645233908925318,0.0,-23221.968382222192,-23221.968382222192,2322.8420721311445,2322.8420721311445,2322.8420721311445,0.0,0.0,1610.8420721311445,0.0,712
2322.1968382222194,0.0,-23221.968382222192,1610.8420721311445,25713.967742564804,0.0,-0.0,0.6233235823470973,0.47997237932604736,0.0,799.2,0.0,0.0,1.0,888.0,-0.0,118,-44.537391255477615,0.0,118,-11.856931989483721,0.0,120,-1.441579434648237,0.0,120,-18.756692069946478,0.0,118,-16.476432693118866,0.0,118,-32.37226683685977,0.0,0.0,0.645233908925318,0.645233908925318,0.0,-23221.968382222192,-23221.968382222192,2322.8420721311445,2322.8420721311445,2322.8420721311445,0.0,0.0,1610.8420721311445,0.0,712
2322.1968382222194,0.0,-23221.968382222192,1610.8420721311445,27163.725607482833,0.0,-0.0,0.6584666716961878,0.47997237932604736,0.0,799.2,0.0,0.0,1.0,888.0,-0.0,118,-12.970184145121541,0.0,118,-17.449915236938153,0.0,120,-17.590922497873006,0.0,120,-16.206842817844862,0.0,118,-30.61800670603967,0.0,118,-25.760223729456442,0.0,0.0,0.645233908925318,0.645233908925318,0.0,-23221.968382222192,-23221.968382222192,2322.8420721311445,2322.8420721311445,2322.8420721311445,0.0,0.0,1610.8420721311445,0.0,712
2169.4035508816537,0.0,-21694.035508816538,1458.0063304178807,28613.48347240086,0.0,-0.0,0.6936097610452782,0.47997237932604736,0.0,799.2,0.0,0.0,1.0,888.0,-0.0,118,-37.61410984359673,0.0,118,-0.6920191119813279,0.0,120,-27.707135879319576,0.0,120,-6.088577038780634,0.0,118,-0.0704239320759692,0.0,118,-17.645015957579627,0.0,0.0,0.602779536227189,0.602779536227189,0.0,-21694.035508816538,-21694.035508816538,2170.0063304178807,2170.0063304178807,2170.0063304178807,0.0,0.0,1458.0063304178807,0.0,712
2169.4035508816537,0.0,-21694.035508816538,1458.0063304178807,29925.689169776953,0.0,-0.0,0.725418494891934,0.47997237932604736,0.0,799.2,0.0,0.0,1.0,888.0,-0.0,118,-16.745406877642353,0.0,118,-14.940884614407352,0.0,120,-16.146804634914385,0.0,120,-29.574084413989166,0.0,118,-29.896099901257845,0.0,118,-21.169775854579562,0.0,0.0,0.602779536227189,0.602779536227189,0.0,-21694.035508816538,-21694.035508816538,2170.0063304178807,2170.0063304178807,2170.0063304178807,0.0,0.0,1458.0063304178807,0.0,712
2169.4035508816537,0.0,-21694.035508816538,1456.0063304178807,31237.894867153045,0.0,-0.0,0.7572272287385898,0.47997237932604736,0.0,799.2,0.0,0.0,1.0,888.0,-0.0,120,-45.70300376197516,0.0,118,-21.941412282837753,0.0,120,-16.46447772174696,0.0,120,-43.540585276014674,0.0,118,-38.69526565682014,0.0,118,-42.69325554039551,0.0,0.0,0.602779536227189,0.602779536227189,0.0,-21694.035508816538,-21694.035508816538,2170.0063304178807,2170.0063304178807,2170.0063304178807,0.0,0.0,1456.0063304178807,0.0,714
2169.4035508816537,0.0,-21694.035508816538,1456.0063304178807,32548.300564529138,0.0,-0.0,0.7889923293949322,0.47997237932604736,0.0,799.2,0.0,0.0,1.0,888.0,-0.0,120,-7.563124762519015,0.0,118,-9.02886676924136,0.0,120,-23.645600646396076,0.0,120,-24.678293967977954,0.0,118,-55.45644342525008,0.0,118,-15.266819204849227,0.0,0.0,0.602779536227189,0.602779536227189,0.0,-21694.035508816538,-21694.035508816538,2170.0063304178807,2170.0063304178807,2170.0063304178807,0.0,0.0,1456.0063304178807,0.0,714
2169.4035508816537,0.0,-21694.035508816538,1458.0063304178807,33858.70626190523,0.0,-0.0,0.8207574300512746,0.47997237932604736,0.0,799.2,0.0,0.0,1.0,888.0,-0.0,120,-31.201567165213287,0.0,118,-31.785330742174565,0.0,118,-24.036985112402057,0.0,120,-41.02097400401685,0.0,118,-16.83730614959228,0.0,118,-37.02191774402936,0.0,0.0,0.602779536227189,0.602779536227189,0.0,-21694.035508816538,-21694.035508816538,2170.0063304178807,2170.0063304178807,2170.0063304178807,0.0,0.0,1458.0063304178807,0.0,712
2169.4035508816537,0.0,-21694.035508816538,1462.0063304178807,35170.91195928132,0.0,-0.0,0.8525661638979304,0.47997237932604736,0.0,799.2,0.0,0.0,1.0,888.0,-0.0,118,-16.250680626833883,0.0,118,-42.30762076509864,0.0,118,-38.9940593445768,0.0,118,-42.611479469277,0.0,118,-50.71212664642718,0.0,118,-50.55860665987383,0.0,0.0,0.602779536227189,0.602779536227189,0.0,-21694.035508816538,-21694.035508816538,2170.0063304178807,2170.0063304178807,2170.0063304178807,0.0,0.0,1462.0063304178807,0.0,708
1816.7809640918545,0.0,-18167.809640918545,1109.285765693436,36486.71765665741,0.0,-0.0,0.8844621641252131,0.47997237932604736,0.0,799.2,0.0,0.0,1.0,888.0,-0.0,118,-19.388791735592545,0.0,118,-9.754159426719632,0.0,118,-50.80475108805008,0.0,118,-57.637777109195866,0.0,118,-48.768418760545,0.0,118,-32.42569479460011,0.0,0.0,0.50480160158151,0.50480160158151,0.0,-18167.809640918545,-18167.809640918545,1817.285765693436,1817.285765693436,1817.285765693436,0.0,0.0,1109.285765693436,0.0,708
1816.7809640918545,0.0,-18167.809640918545,1109.285765693436,37485.074845781506,0.0,-0.0,0.9086630025884543,0.47997237932604736,0.0,799.2,0.0,0.0,1.0,888.0,-0.0,118,-9.852450780575468,0.0,118,-15.202896001477043,0.0,118,-10.31429636392657,0.0,118,-16.225994793788068,0.0,118,-44.25545324343523,0.0,118,-23.56277406057516,0.0,0.0,0.50480160158151,0.50480160158151,0.0,-18167.809640918545,-18167.809640918545,1817.285765693436,1817.285765693436,1817.285765693436,0.0,0.0,1109.285765693436,0.0,708
1816.7809640918545,0.0,-18167.809640918545,1109.285765693436,38483.4320349056,0.0,-0.0,0.9328638410516956,0.47997237932604736,0.0,799.2,0.0,0.0,1.0,888.0,-0.0,118,-42.719684939874426,0.0,118,-17.706584914975377,0.0,118,-7.2833621906056845,0.0,118,-52.77037796360629,0.0,118,-54.38832960835603,0.0,118,-11.561586256735563,0.0,0.0,0.50480160158151,0.50480160158151,0.0,-18167.809640918545,-18167.809640918545,1817.285765693436,1817.285765693436,1817.285765693436,0.0,0.0,1109.285765693436,0.0,708
1816.7809640918545,0.0,-18167.809640918545,1109.285765693436,39481.78922402969,0.0,-0.0,0.9570646795149369,0.47997237932604736,0.0,799.2,0.0,0.0,1.0,888.0,-0.0,118,-37.578312481194175,0.0,118,-15.106669127967809,0.0,118,-15.425419813560474,0.0,118,-19.73785657532663,0.0,118,-34.20709035992164,0.0,118,-16.635385769222353,0.0,0.0,0.50480160158151,0.50480160158151,0.0,-18167.809640918545,-18167.809640918545,1817.285765693436,1817.285765693436,1817.285765693436,0.0,0.0,1109.285765693436,0.0,708
1816.7809640918545,0.0,-18167.809640918545,858.7262076069035,40480.14641315379,0.0,-0.0,0.9812655179781783,0.47997237932604736,0.0,799.2,250.55955808653243,0.0,1.0,888.0,200247.19882275673,118,-25.481264728243712,0.0,118,-54.80940072762295,0.0,118,-59.63469621325564,0.0,118,-38.20436140374243,0.0,118,-56.32767377589972,0.0,118,-24.7801171895512,0.0,0.0,0.50480160158151,0.50480160158151,0.0,182079.3891818382,182079.3891818382,1817.285765693436,1817.285765693436,1817.285765693436,0.0,0.0,1109.285765693436,0.0,708
1816.7809640918545,0.0,-18167.809640918545,0.0,41253.0,0.0,-0.0,1.0,0.47997237932604736,0.0,799.2,1109.285765693436,0.0,1.0,888.0,886541.183942194,118,-56.93331117221992,0.0,118,-54.85253590638773,0.0,118,-40.73536039569225,0.0,118,-53.67014728496508,0.0,118,-51.494203635099645,0.0,118,-27.689362552732103,0.0,0.0,0.50480160158151,0.50480160158151,0.0,868373.3743012755,868373.3743012755,1817.285765693436,1817.285765693436,1817.285765693436,0.0,0.0,1109.285765693436,0.0,708
1249.6887251668622,0.0,-12496.887251668622,0.0,41253.0,0.0,-0.0,1.0,0.47997237932604736,0.0,799.2,542.0359573772448,0.0,1.0,888.0,433195.1371358941,118,-31.74166601199515,0.0,118,-27.041466843061908,0.0,118,-57.234526992198354,0.0,118,-24.804710146648286,0.0,118,-50.465090356720914,0.0,118,-37.27328298318975,0.0,0.0,0.347232210382568,0.347232210382568,0.0,420698.2498842255,420698.2498842255,1250.0359573772448,1250.0359573772448,1250.0359573772448,0.0,0.0,542.0359573772448,0.0,708
1249.6887251668622,0.0,-12496.887251668622,0.0,41253.0,0.0,-0.0,1.0,0.47997237932604736,0.0,799.2,418.0359573772448,0.0,1.0,888.0,334094.33713589405,118,-12.277152927173878,0.0,180,-59.93358231730504,0.0,180,-50.34543140141281,0.0,118,-49.70880487003322,0.0,118,-21.4939563130935,0.0,118,-43.909145039814746,0.0,0.0,0.347232210382568,0.347232210382568,0.0,321597.44988422544,321597.44988422544,1250.0359573772448,1250.0359573772448,1250.0359573772448,0.0,0.0,418.0359573772448,0.0,832
1249.6887251668622,0.0,-12496.887251668622,0.0,41253.0,0.0,-0.0,1.0,0.47997237932604736,0.0,799.2,418.0359573772448,0.0,1.0,888.0,334094.33713589405,118,-29.287039080344698,0.0,180,-4.90827966184508,0.0,118,-39.71605504518531,0.0,118,-27.39964429628659,0.0,118,-53.11440138794184,0.0,180,-19.615502209500796,0.0,0.0,0.347232210382568,0.347232210382568,0.0,321597.44988422544,321597.44988422544,1250.0359573772448,1250.0359573772448,1250.0359573772448,0.0,0.0,418.0359573772448,0.0,832
1249.6887251668622,0.0,-12496.887251668622,0.0,41253.0,0.0,-0.0,1.0,0.47997237932604736,0.0,799.2,356.0359573772448,0.0,1.0,888.0,284543.9371358941,118,-12.459929721713863,0.0,180,-32.13807984654489,0.0,180,-13.253214659462172,0.0,118,-29.817385363862606,0.0,118,-11.560026995791095,0.0,180,-46.57312105448217,0.0,0.0,0.347232210382568,0.347232210382568,0.0,272047.0498842255,272047.0498842255,1250.0359573772448,1250.0359573772448,1250.0359573772448,0.0,0.0,356.0359573772448,0.0,894
1249.6887251668622,0.0,-12496.887251668622,0.0,41253.0,0.0,-0.0,1.0,0.47997237932604736,0.0,799.2,356.0359573772448,0.0,1.0,888.0,284543.9371358941,118,-3.72017441438689,0.0,180,-32.39288430295531,0.0,180,-51.32614975094945,0.0,118,-19.235843290825237,0.0,118,-19.519511283298034,0.0,180,-55.596555933403536,0.0,0.0,0.347232210382568,0.347232210382568,0.0,272047.0498842255,272047.0498842255,1250.0359573772448,1250.0359573772448,1250.0359573772448,0.0,0.0,356.0359573772448,0.0,894
1249.6887251668622,0.0,-12496.887251668622,0.0,41253.0,0.0,-0.0,1.0,0.47997237932604736,0.0,799.2,333.0359573772448,0.0,1.0,888.0,266162.33713589405,118,-35.84998141153517,0.0,180,-14.625364185659251,0.0,180,-11.992974130787832,0.0,118,-27.81396458888289,0.0,118,-0.6015801507820018,0.0,203,-21.906287589712704,0.0,0.0,0.347232210382568,0.347232210382568,0.0,253665.44988422544,253665.44988422544,1250.0359573772448,1250.0359573772448,1250.0359573772448,0.0,0.0,333.0359573772448,0.0,917
541.1943622624892,0.0,-5411.943622624893,0.0,41253.0,375.65526419978846,-0.0,1.0,0.47997237932604736,0.0,799.2,0.0,0.0,1.0,888.0,-0.0,118,-38.609069478580366,0.0,180,-52.75380149811008,0.0,180,-59.322269056090185,0.0,118,-25.6859716086422,0.0,118,-4.694252160730938,0.0,203,-13.102318983392516,0.0,0.0,0.150373537722281,0.150373537722281,0.0,-5411.943622624893,-5411.943622624893,917.0,917.0,541.3447358002115,0.0,375.65526419978846,0.0,0.0,917
541.1943622624892,0.0,-5411.943622624893,0.0,40835.60526200024,375.65526419978846,-0.0,0.9898820755339063,0.47997237932604736,0.0,799.2,0.0,0.0,1.0,888.0,-0.0,118,-54.578348657076866,0.0,180,-44.20194350926623,0.0,180,-37.437168982258,0.0,118,-40.65165002915933,0.0,118,-45.772445651232246,0.0,203,-21.48441489580169,0.0,0.0,0.150373537722281,0.150373537722281,0.0,-5411.943622624893,-5411.943622624893,917.0,917.0,541.3447358002115,0.0,375.65526419978846,0.0,0.0,917
541.1943622624892,0.0,-5411.943622624893,0.0,40418.210524000475,375.65526419978846,-0.0,0.9797641510678127,0.47997237932604736,0.0,799.2,0.0,0.0,1.0,888.0,-0.0,118,-44.504606334162716,0.0,180,-42.4203057576519,0.0,180,-52.47550004604358,0.0,118,-20.823716694442837,0.0,118,-25.295234143462558,0.0,203,-44.603199942375866,0.0,0.0,0.150373537722281,0.150373537722281,0.0,-5411.943622624893,-5411.943622624893,917.0,917.0,541.3447358002115,0.0,375.65526419978846,0.0,0.0,917
541.1943622624892,0.0,-5411.943622624893,0.0,40000.81578600071,377.65526419978846,-0.0,0.969646226601719,0.47997237932604736,0.0,799.2,0.0,0.0,1.0,888.0,-0.0,118,-12.031020974112474,0.0,180,-33.88650379023887,0.0,180,-16.97060498434008,0.0,120,-0.7667056232654668,0.0,118,-39.76925119923108,0.0,203,-23.56018176930412,0.0,0.0,0.150373537722281,0.150373537722281,0.0,-5411.943622624893,-5411.943622624893,919.0,919.0,541.3447358002115,0.0,377.65526419978846,0.0,0.0,919
541.1943622624892,0.0,-5411.943622624893,0.0,39581.19882577872,375.65526419978846,-0.0,0.9594744339994358,0.47997237932604736,0.0,799.2,0.0,0.0,1.0,888.0,-0.0,118,-32.69519982869651,0.0,180,-11.307426932723242,0.0,180,-39.7714758727942,0.0,118,-19.277500804670098,0.0,118,-33.22811593561892,0.0,203,-4.738034952701891,0.0,0.0,0.150373537722281,0.150373537722281,0.0,-5411.943622624893,-5411.943622624893,917.0,917.0,541.3447358002115,0.0,375.65526419978846,0.0,0.0,917
541.1943622624892,0.0,-5411.943622624893,0.0,39163.80408777896,375.65526419978846,-0.0,0.949356509533342,0.47997237932604736,0.0,799.2,0.0,0.0,1.0,888.0,-0.0,118,-51.70216017486114,0.0,180,-4.428453649093649,0.0,180,-40.2400905402421,0.0,118,-50.49068882676399,0.0,118,-33.25003077476379,0.0,203,-53.510907710914985,0.0,0.0,0.150373537722281,0.150373537722281,0.0,-5411.943622624893,-5411.943622624893,917.0,917.0,541.3447358002115,0.0,375.65526419978846,0.0,0.0,917
1.151113109215834,0.0,-11.51113109215834,0.0,38746.4093497792,915.8485670482976,-0.0,0.9392385850672484,0.47997237932604736,0.0,799.2,0.0,0.0,1.0,888.0,-0.0,118,-4.842431933813362,0.0,180,-34.33745770767306,0.0,180,-10.302973724433443,0.0,118,-12.095260787144554,0.0,118,-18.87826857781254,0.0,203,-51.66216559639327,0.0,0.0,0.000319842486584,0.000319842486584,0.0,-11.51113109215834,-11.51113109215834,917.0,917.0,1.151432951702418,0.0,915.8485670482976,0.0,0.0,917
1.151113109215834,0.0,-11.51113109215834,0.0,37728.799830836644,977.8485670482976,-0.0,0.9145710573979261,0.47997237932604736,0.0,799.2,0.0,0.0,1.0,888.0,-0.0,180,-55.31735382243048,0.0,180,-1.8636651781951263,0.0,180,-51.38911122825267,0.0,118,-51.014152422439544,0.0,118,-20.688880856763948,0.0,203,-41.83579815152413,0.0,0.0,0.000319842486584,0.000319842486584,0.0,-11.51113109215834,-11.51113109215834,979.0,979.0,1.151432951702418,0.0,977.8485670482976,0.0,0.0,979
1.151113109215834,0.0,-11.51113109215834,0.0,36642.3014230052,977.8485670482976,-0.0,0.8882336175067316,0.47997237932604736,0.0,799.2,0.0,0.0,1.0,888.0,-0.0,180,-28.006059967449804,0.0,180,-21.44920296245027,0.0,180,-8.499567742555232,0.0,118,-28.098848562441244,0.0,118,-22.124136009965692,0.0,203,-37.17753438597035,0.0,0.0,0.000319842486584,0.000319842486584,0.0,-11.51113109215834,-11.51113109215834,979.0,979.0,1.151432951702418,0.0,977.8485670482976,0.0,0.0,979
1.151113109215834,0.0,-11.51113109215834,0.0,35555.803015173755,977.8485670482976,-0.0,0.8618961776155372,0.47997237932604736,0.0,799.2,0.0,0.0,1.0,888.0,-0.0,180,-49.7195809042455,0.0,180,-23.95824713237259,0.0,180,-34.73584205051987,0.0,118,-20.32286601537974,0.0,118,-18.570519619444973,0.0,203,-28.660843686217625,0.0,0.0,0.000319842486584,0.000319842486584,0.0,-11.51113109215834,-11.51113109215834,979.0,979.0,1.151432951702418,0.0,977.8485670482976,0.0,0.0,979
1.151113109215834,0.0,-11.51113109215834,0.0,34469.30460734231,977.8485670482976,-0.0,0.8355587377243427,0.47997237932604736,0.0,799.2,0.0,0.0,1.0,888.0,-0.0,180,-8.356117428923145,0.0,180,-41.81661049871802,0.0,180,-42.800055225228284,0.0,118,-11.827586220078729,0.0,118,-46.55446248413185,0.0,203,-26.14144268934899,0.0,0.0,0.000319842486584,0.000319842486584,0.0,-11.51113109215834,-11.51113109215834,979.0,979.0,1.151432951702418,0.0,977.8485670482976,0.0,0.0,979
1.151113109215834,0.0,-11.51113109215834,0.0,33382.806199510866,977.8485670482976,-0.0,0.8092212978331482,0.47997237932604736,0.0,799.2,0.0,0.0,1.0,888.0,-0.0,180,-36.00641561675665,0.0,180,-49.92504635802902,0.0,180,-17.01787260557854,0.0,118,-27.666115612048877,0.0,118,-5.748753846753834,0.0,203,-11.663495329903135,0.0,0.0,0.000319842486584,0.000319842486584,0.0,-11.51113109215834,-11.51113109215834,979.0,979.0,1.151432951702418,0.0,977.8485670482976,0.0,0.0,979
0.0,0.0,-0.0,0.0,32296.307791679425,979.0,-0.0,0.7828838579419539,0.47997237932604736,0.0,799.2,0.0,0.0,1.0,888.0,-0.0,180,-56.16574047131195,0.0,180,-5.398655064066369,0.0,180,-2.145675045478399,0.0,118,-4.576758539365862,0.0,118,-41.916242514089625,0.0,203,-20.36762897618086,0.0,0.0,0.0,0.0,0.0,0.0,0.0,979.0,979.0,0.0,0.0,979.0,0.0,0.0,979
0.0,0.0,-0.0,0.0,31208.530013901647,979.0,-0.0,0.7565154052772319,0.47997237932604736,0.0,799.2,0.0,0.0,1.0,888.0,-0.0,180,-35.21189114869255,0.0,180,-44.305984484270326,0.0,180,-46.12058340350586,0.0,118,-4.66709080111761,0.0,118,-55.942569733005534,0.0,203,-58.403146639650394,0.0,0.0,0.0,0.0,0.0,0.0,0.0,979.0,979.0,0.0,0.0,979.0,0.0,0.0,979
0.0,0.0,-0.0,0.0,30120.75223612387,979.0,-0.0,0.7301469526125098,0.47997237932604736,0.0,799.2,0.0,0.0,1.0,888.0,-0.0,180,-40.410340093064434,0.0,180,-45.61278500237057,0.0,180,-42.291229126369075,0.0,118,-58.853870448063574,0.0,118,-20.99235300355925,0.0,203,-25.65963996930642,0.0,0.0,0.0,0.0,0.0,0.0,0.0,979.0,979.0,0.0,0.0,979.0,0.0,0.0,979
0.0,0.0,-0.0,0.0,29032.974458346092,979.0,-0.0,0.7037784999477879,0.47997237932604736,0.0,799.2,0.0,0.0,1.0,888.0,-0.0,180,-59.453465524379055,0.0,180,-54.59510471575436,0.0,180,-57.904928349394304,0.0,118,-18.547579497049675,0.0,118,-20.003776818663983,0.0,203,-55.50676534677155,0.0,0.0,0.0,0.0,0.0,0.0,0.0,979.0,979.0,0.0,0.0,979.0,0.0,0.0,979
0.0,0.0,-0.0,0.0,27945.196680568315,979.0,-0.0,0.6774100472830659,0.47997237932604736,0.0,799.2,0.0,0.0,1.0,888.0,-0.0,180,-23.510323574905158,0.0,180,-18.79135957560919,0.0,180,-47.2899313965888,0.0,118,-46.52356089630271,0.0,118,-16.945845314578374,0.0,203,-45.82647139954208,0.0,0.0,0.0,0.0,0.0,0.0,0.0,979.0,979.0,0.0,0.0,979.0,0.0,0.0,979
0.0,0.0,-0.0,0.0,26857.418902790538,979.0,-0.0,0.6510415946183439,0.47997237932604736,0.0,799.2,0.0,0.0,1.0,888.0,-0.0,180,-51.977541350337226,0.0,180,-22.31726713922472,0.0,180,-9.141361459187006,0.0,118,-14.460076814100088,0.0,118,-29.80897285943987,0.0,203,-47.33960687191452,0.0,0.0,0.0,0.0,0.0,0.0,0.0,979.0,979.0,0.0,0.0,979.0,0.0,0.0,979
0.0,0.0,-0.0,0.0,25769.64112501276,979.0,-0.0,0.6246731419536218,0.47997237932604736,0.0,799.2,0.0,0.0,1.0,888.0,-0.0,180,-8.45821328904502,0.0,180,-10.663649702434343,0.0,180,-48.44070527287032,0.0,118,-3.776509161733952,0.0,118,-21.114767438661065,0.0,203,-52.79637879565776,0.0,0.0,0.0,0.0,0.0,0.0,0.0,979.0,979.0,0.0,0.0,979.0,0.0,0.0,979
0.0,0.0,-0.0,0.0,24681.863347234983,979.0,-0.0,0.5983046892888998,0.47997237932604736,0.0,799.2,0.0,0.0,1.0,888.0,-0.0,180,-42.4423806540326,0.0,180,-24.25567904613238,0.0,180,-26.774156019555612,0.0,118,-16.287982254097322,0.0,118,-7.445827194122305,0.0,203,-9.103026517228056,0.0,0.0,0.0,0.0,0.0,0.0,0.0,979.0,979.0,0.0,0.0,979.0,0.0,0.0,979
0.0,0.0,-0.0,0.0,23594.085569457206,979.0,-0.0,0.5719362366241778,0.47997237932604736,0.0,799.2,0.0,0.0,1.0,888.0,-0.0,180,-30.421838200335372,0.0,180,-3.3441792341945775,0.0,180,-3.5449447829919434,0.0,118,-33.39400164035917,0.0,118,-4.19026729935295,0.0,203,-51.00672595832573,0.0,0.0,0.0,0.0,0.0,0.0,0.0,979.0,979.0,0.0,0.0,979.0,0.0,0.0,979
0.0,0.0,-0.0,0.0,22506.30779167943,979.0,-0.0,0.5455677839594557,0.47997237932604736,0.0,799.2,0.0,0.0,1.0,888.0,-0.0,180,-22.589327207531774,0.0,180,-36.00856695969754,0.0,180,-18.150212050989566,0.0,118,-8.354710011010171,0.0,118,-24.564604107577786,0.0,203,-29.003162770295198,0.0,0.0,0.0,0.0,0.0,0.0,0.0,979.0,979.0,0.0,0.0,979.0,0.0,0.0,979
0.0,0.0,-0.0,0.0,21418.53001390165,1002.0,-0.0,0.5191993312947337,0.47997237932604736,0.0,799.2,0.0,0.0,1.0,888.0,-0.0,203,-30.729420828687537,0.0,180,-24.27948299356651,0.0,180,-48.95648726826982,0.0,118,-11.333587329998792,0.0,118,-50.09345265508947,0.0,203,-37.90843447891673,0.0,0.0,0.0,0.0,0.0,0.0,0.0,1002.0,1002.0,0.0,0.0,1002.0,0.0,0.0,1002
0.0,0.0,-0.0,0.0,20305.19668056832,979.0,-0.0,0.4922113950638334,0.47997237932604736,0.0,799.2,0.0,0.0,1.0,888.0,-0.0,180,-56.2061627195513,0.0,180,-20.416855844854776,0.0,180,-52.9736730443218,0.0,118,-58.62621607600997,0.0,118,-12.067334336679338,0.0,203,-34.48733706979614,0.0,0.0,0.0,0.0,0.0,0.0,0.0,979.0,979.0,0.0,0.0,979.0,0.0,0.0,979
0.0,0.0,-0.0,0.0,19217.41890279054,979.0,-0.0,0.4658429423991114,0.47997237932604736,0.0,799.2,0.0,0.0,1.0,888.0,-0.0,180,-15.918725871774607,0.0,180,-24.87173902562738,0.0,180,-26.84934144765019,0.0,118,-31.052958471656428,0.0,118,-47.03645895793929,0.0,203,-56.77526196229899,0.0,0.0,0.0,0.0,0.0,0.0,0.0,979.0,979.0,0.0,0.0,979.0,0.0,0.0,979
0.0,0.0,-0.0,0.0,18129.641125012764,979.0,-0.0,0.43947448973438935,0.47997237932604736,0.0,799.2,0.0,0.0,1.0,888.0,-0.0,180,-16.285371162706447,0.0,180,-40.71265166096026,0.0,180,-34.74066136603437,0.0,118,-12.658205248568732,0.0,118,-20.376294766836693,0.0,203,-54.15432845475768,0.0,0.0,0.0,0.0,0.0,0.0,0.0,979.0,979.0,0.0,0.0,979.0,0.0,0.0,979
0.0,0.0,-0.0,0.0,17041.863347234987,979.0,-0.0,0.4131060370696673,0.47997237932604736,0.0,799.2,0.0,0.0,1.0,888.0,-0.0,180,-47.65280612237671,0.0,180,-37.71030255550699,0.0,180,-24.556688647957078,0.0,118,-46.64097875285247,0.0,118,-20.82644517719091,0.0,203,-16.025608422540248,0.0,0.0,0.0,0.0,0.0,0.0,0.0,979.0,979.0,0.0,0.0,979.0,0.0,0.0,979
0.0,0.0,-0.0,0.0,15954.08556945721,1002.0,-0.0,0.3867375844049453,0.47997237932604736,0.0,799.2,0.0,0.0,1.0,888.0,-0.0,203,-22.219731167072165,0.0,180,-54.57296646075644,0.0,180,-33.36751444886333,0.0,118,-24.282892403671624,0.0,118,-29.68804175197557,0.0,203,-11.131344492113175,0.0,0.0,0.0,0.0,0.0,0.0,0.0,1002.0,1002.0,0.0,0.0,1002.0,0.0,0.0,1002
0.0,0.0,-0.0,0.0,14840.752236123875,979.0,-0.0,0.3597496481740449,0.47997237932604736,0.0,799.2,0.0,0.0,1.0,888.0,-0.0,180,-16.493802438871384,0.0,180,-28.457826252962384,0.0,180,-24.03341077796329,0.0,118,-51.4598662927089,0.0,118,-26.8759103117471,0.0,203,-20.580475502065966,0.0,0.0,0.0,0.0,0.0,0.0,0.0,979.0,979.0,0.0,0.0,979.0,0.0,0.0,979
0.0,0.0,-0.0,0.0,13752.974458346098,979.0,-0.0,0.3333811955093229,0.47997237932604736,0.0,799.2,0.0,0.0,1.0,888.0,-0.0,180,-30.797154355379224,0.0,180,-52.53533832268127,0.0,180,-26.27749493682758,0.0,118,-5.517959150487073,0.0,118,-44.66750024345925,0.0,203,-41.25217499029961,0.0,0.0,0.0,0.0,0.0,0.0,0.0,979.0,979.0,0.0,0.0,979.0,0.0,0.0,979
0.0,0.0,-0.0,0.0,12665.19668056832,979.0,-0.0,0.3070127428446009,0.47997237932604736,0.0,799.2,0.0,0.0,1.0,888.0,-0.0,180,-50.24826198802085,0.0,180,-10.840033520376632,0.0,180,-46.96323769509869,0.0,118,-41.429145220877714,0.0,118,-36.2782715198673,0.0,203,-40.60835070273318,0.0,0.0,0.0,0.0,0.0,0.0,0.0,979.0,979.0,0.0,0.0,979.0,0.0,0.0,979
0.0,0.0,-0.0,0.0,11577.418902790543,979.0,-0.0,0.28064429017987885,0.47997237932604736,0.0,799.2,0.0,0.0,1.0,888.0,-0.0,180,-4.662130879020374,0.0,180,-37.68019834479469,0.0,180,-35.57192092129747,0.0,118,-36.616528506066665,0.0,118,-39.831026620711384,0.0,203,-21.536053284941193,0.0,0.0,0.0,0.0,0.0,0.0,0.0,979.0,979.0,0.0,0.0,979.0,0.0,0.0,979
0.0,0.0,-0.0,0.0,10489.641125012766,956.0,-0.0,0.25427583751515687,0.47997237932604736,0.0,799.2,0.0,0.0,1.0,888.0,-0.0,180,-21.736251890002354,0.0,180,-49.80085897166841,0.0,180,-18.556351876269545,0.0,118,-32.91833759505054,0.0,118,-3.25434790248736,0.0,180,-7.549936156760573,0.0,0.0,0.0,0.0,0.0,0.0,0.0,956.0,956.0,0.0,0.0,956.0,0.0,0.0,956
0.0,0.0,-0.0,0.0,9427.418902790543,979.0,-0.0,0.22852686841661318,0.47997237932604736,0.0,799.2,0.0,0.0,1.0,888.0,-0.0,180,-55.80426612752659,0.0,203,-3.708236324000853,0.0,180,-48.6287221365083,0.0,118,-47.69839433376258,0.0,118,-44.86732809615001,0.0,180,-35.51662056058696,0.0,0.0,0.0,0.0,0.0,0.0,0.0,979.0,979.0,0.0,0.0,979.0,0.0,0.0,979
0.0,0.0,-0.0,0.0,8339.641125012766,1002.0,-0.0,0.20215841575189114,0.47997237932604736,0.0,799.2,0.0,0.0,1.0,888.0,-0.0,180,-44.96765379693514,0.0,203,-4.751604952297319,0.0,180,-14.706685405205631,0.0,118,-12.740892990138537,0.0,118,-57.775203491070606,0.0,203,-58.30671774099956,0.0,0.0,0.0,0.0,0.0,0.0,0.0,1002.0,1002.0,0.0,0.0,1002.0,0.0,0.0,1002
0.0,0.0,-0.0,0.0,7226.307791679433,979.0,-0.0,0.1751704795209908,0.47997237932604736,0.0,799.2,0.0,0.0,1.0,888.0,-0.0,180,-52.804043698400434,0.0,203,-51.98350924081793,0.0,180,-25.816647712173484,0.0,118,-2.4206082081023084,0.0,118,-30.1958187377852,0.0,180,-13.953831566037744,0.0,0.0,0.0,0.0,0.0,0.0,0.0,979.0,979.0,0.0,0.0,979.0,0.0,0.0,979
0.0,0.0,-0.0,0.0,6138.5300139016545,979.0,-0.0,0.14880202685626875,0.47997237932604736,0.0,799.2,0.0,0.0,1.0,888.0,-0.0,180,-27.019233489624682,0.0,203,-42.59903663011561,0.0,180,-13.142860759051127,0.0,118,-16.38166612852625,0.0,118,-11.513263907504001,0.0,180,-31.78197260049127,0.0,0.0,0.0,0.0,0.0,0.0,0.0,979.0,979.0,0.0,0.0,979.0,0.0,0.0,979
0.0,0.0,-0.0,0.0,5050.752236123877,956.0,-0.0,0.12243357419154673,0.47997237932604736,0.0,799.2,0.0,0.0,1.0,888.0,-0.0,180,-24.554852695076,0.0,180,-21.798351752999274,0.0,180,-51.66326693973624,0.0,118,-6.356289707212966,0.0,118,-46.41505087432264,0.0,180,-46.97721090755229,0.0,0.0,0.0,0.0,0.0,0.0,0.0,956.0,956.0,0.0,0.0,956.0,0.0,0.0,956
0.0,0.0,-0.0,0.0,3988.530013901655,956.0,-0.0,0.09668460509300306,0.47997237932604736,0.0,799.2,0.0,0.0,1.0,888.0,-0.0,180,-54.351266216841445,0.0,180,-24.14584941034743,0.0,180,-53.02020568538589,0.0,118,-55.21493524232582,0.0,118,-45.83204366055799,0.0,180,-36.35551218558544,0.0,0.0,0.0,0.0,0.0,0.0,0.0,956.0,956.0,0.0,0.0,956.0,0.0,0.0,956
0.0,0.0,-0.0,0.0,2926.3077916794327,956.0,-0.0,0.07093563599445937,0.47997237932604736,0.0,799.2,0.0,0.0,1.0,888.0,-0.0,180,-46.97107436310594,0.0,180,-34.29561724430128,0.0,180,-35.893475043310794,0.0,118,-46.01276105416738,0.0,118,-30.04569555933822,0.0,180,-48.85219563745279,0.0,0.0,0.0,0.0,0.0,0.0,0.0,956.0,956.0,0.0,0.0,956.0,0.0,0.0,956
0.0,0.0,-0.0,0.0,1864.0855694572106,894.0,-0.0,0.0451866668959157,0.47997237932604736,0.0,799.2,0.0,0.0,1.0,888.0,-0.0,180,-51.11690814344518,0.0,118,-21.39632003331313,0.0,180,-48.490697852420006,0.0,118,-1.7812209153079706,0.0,118,-28.253344004174025,0.0,180,-31.170908656204062,0.0,0.0,0.0,0.0,0.0,0.0,0.0,894.0,894.0,0.0,0.0,894.0,0.0,0.0,894
0.0,0.0,-0.0,0.0,870.7522361238773,783.6770125114896,-0.0,0.021107610019244112,0.47997237932604736,23.193699281003166,799.2,0.0,48.32298748851042,1.0,888.0,-42910.81288979726,180,-18.679861507955916,0.0,118,-7.9953325172758465,0.0,118,-42.13211126139455,0.0,118,-18.640767953732823,0.0,118,-24.436697691597136,0.0,180,-8.201238257369097,0.0,0.0,0.0,0.0,0.0,-42910.81288979726,-42910.81288979726,832.0,832.0,0.0,0.0,832.0,0.0,0.0,832
0.0,0.0,-0.0,0.0,0.0,0.0,-0.0,0.0,0.47997237932604736,399.3370195992714,799.2,0.0,832.0,1.0,888.0,-738816.0,180,-51.22595555337065,0.0,118,-41.66132598092687,0.0,118,-58.118044002951294,0.0,118,-40.86121856337074,0.0,118,-2.7748839758657007,0.0,180,-43.774604087943274,0.0,0.0,0.0,0.0,0.0,-738816.0,-738816.0,832.0,832.0,0.0,0.0,832.0,0.0,0.0,832
0.0,0.0,-0.0,0.0,0.0,0.0,-0.0,0.0,0.47997237932604736,399.3370195992714,799.2,0.0,832.0,1.0,888.0,-738816.0,180,-43.94313887621328,0.0,118,-46.32403214534526,0.0,118,-15.147951259937518,0.0,118,-20.451064391799452,0.0,118,-10.446500258060379,0.0,180,-31.971374943651508,0.0,0.0,0.0,0.0,0.0,-738816.0,-738816.0,832.0,832.0,0.0,0.0,832.0,0.0,0.0,832
0.0,0.0,-0.0,0.0,0.0,0.0,-0.0,0.0,0.47997237932604736,400.2969643579235,799.2,0.0,834.0,1.0,888.0,-740592.0,180,-7.5260375326195295,0.0,118,-43.59920424214019,0.0,118,-35.03227549915894,0.0,120,-16.542074990780268,0.0,118,-30.785289772034627,0.0,180,-11.16071680996261,0.0,0.0,0.0,0.0,0.0,-740592.0,-740592.0,834.0,834.0,0.0,0.0,834.0,0.0,0.0,834
0.0,0.0,-0.0,0.0,0.0,0.0,-0.0,0.0,0.47997237932604736,400.2969643579235,799.2,0.0,834.0,1.0,888.0,-740592.0,180,-5.646873103394194,0.0,118,-52.42706088476376,0.0,118,-14.192599174272347,0.0,120,-32.49457408189131,0.0,118,-5.764861362559264,0.0,180,-6.0310386421417554,0.0,0.0,0.0,0.0,0.0,-740592.0,-740592.0,834.0,834.0,0.0,0.0,834.0,0.0,0.0,834
0.0,0.0,-0.0,0.0,0.0,0.0,-0.0,0.0,0.47997237932604736,370.53867683970856,799.2,0.0,772.0,1.0,888.0,-685536.0,180,-40.88592181066378,0.0,118,-57.46339211397428,0.0,118,-55.79028752482147,0.0,120,-21.84359889407272,0.0,118,-40.05065666889421,0.0,118,-10.014682143833621,0.0,0.0,0.0,0.0,0.0,-685536.0,-685536.0,772.0,772.0,0.0,0.0,772.0,0.0,0.0,772
0.0,0.0,-0.0,0.0,0.0,0.0,-0.0,0.0,0.47997237932604736,370.53867683970856,799.2,0.0,772.0,1.0,888.0,-685536.0,180,-22.64840437806347,0.0,118,-18.117163114571273,0.0,118,-44.736568706413024,0.0,120,-38.89487048625458,0.0,118,-33.95881326902766,0.0,118,-53.49291561447306,0.0,0.0,0.0,0.0,0.0,-685536.0,-685536.0,772.0,772.0,0.0,0.0,772.0,0.0,0.0,772
0.0,0.0,-0.0,0.0,0.0,0.0,-0.0,0.0,0.47997237932604736,370.53867683970856,799.2,0.0,772.0,1.0,888.0,-685536.0,180,-31.008692554796585,0.0,118,-52.92479080981822,0.0,118,-33.58848370318615,0.0,120,-18.64021212842238,0.0,118,-28.743754759033383,0.0,118,-36.23557253636825,0.0,0.0,0.0,0.0,0.0,-685536.0,-685536.0,772.0,772.0,0.0,0.0,772.0,0.0,0.0,772
0.0,0.0,-0.0,0.0,0.0,0.0,-0.0,0.0,0.47997237932604736,370.53867683970856,799.2,0.0,772.0,1.0,888.0,-685536.0,180,-59.19494835467449,0.0,118,-17.007532878939546,0.0,118,-50.244940573621435,0.0,120,-19.239482555273387,0.0,118,-46.27861503768497,0.0,118,-59.30129825992257,0.0,0.0,0.0,0.0,0.0,-685536.0,-685536.0,772.0,772.0,0.0,0.0,772.0,0.0,0.0,772
0.0,0.0,-0.0,0.0,0.0,0.0,-0.0,0.0,0.47997237932604736,370.53867683970856,799.2,0.0,772.0,1.0,888.0,-685536.0,180,-55.75133686965208,0.0,118,-42.56882386601966,0.0,118,-43.59320878286642,0.0,120,-5.311896150400162,0.0,118,-48.084242203477906,0.0,118,-13.999685782962747,0.0,0.0,0.0,0.0,0.0,-685536.0,-685536.0,772.0,772.0,0.0,0.0,772.0,0.0,0.0,772
0.0,0.0,-0.0,0.0,0.0,0.0,-0.0,0.0,0.47997237932604736,370.53867683970856,799.2,0.0,772.0,1.0,888.0,-685536.0,180,-10.01801538020308,0.0,118,-33.03577022130139,0.0,118,-37.09992018245932,0.0,120,-41.570148525512764,0.0,118,-53.278596729979746,0.0,118,-32.90803788992692,0.0,0.0,0.0,0.0,0.0,-685536.0,-685536.0,772.0,772.0,0.0,0.0,772.0,0.0,0.0,772
0.0,0.0,-0.0,0.0,0.0,0.0,-0.0,0.0,0.47997237932604736,370.53867683970856,799.2,0.0,772.0,1.0,888.0,-685536.0,180,-15.059576829814414,0.0,118,-8.253312636024365,0.0,118,-3.7589326056699823,0.0,120,-54.608236528099056,0.0,118,-32.12878145500332,0.0,118,-59.11445104583025,0.0,0.0,0.0,0.0,0.0,-685536.0,-685536.0,772.0,772.0,0.0,0.0,772.0,0.0,0.0,772
0.0,0.0,-0.0,0.0,0.0,0.0,-0.0,0.0,0.47997237932604736,370.53867683970856,799.2,0.0,772.0,1.0,888.0,-685536.0,180,-37.012991364995116,0.0,118,-55.31850499756561,0.0,118,-59.842920516242174,0.0,120,-5.914169925516952,0.0,118,-51.13491625749825,0.0,118,-1.6719402460408617,0.0,0.0,0.0,0.0,0.0,-685536.0,-685536.0,772.0,772.0,0.0,0.0,772.0,0.0,0.0,772
0.0,0.0,-0.0,0.0,0.0,0.0,-0.0,0.0,0.47997237932604736,370.53867683970856,799.2,0.0,772.0,1.0,888.0,-685536.0,180,-50.493274443879734,0.0,118,-25.445325768767532,0.0,118,-40.29466443273613,0.0,120,-14.277712949398438,0.0,118,-13.07896482272877,0.0,118,-28.28348039234091,0.0,0.0,0.0,0.0,0.0,-685536.0,-685536.0,772.0,772.0,0.0,0.0,772.0,0.0,0.0,772
0.0,0.0,-0.0,0.0,0.0,0.0,-0.0,0.0,0.47997237932604736,370.53867683970856,799.2,0.0,772.0,1.0,888.0,-685536.0,180,-29.73474802551691,0.0,118,-4.1661210772784045,0.0,118,-7.554209213174159,0.0,120,-25.20152047019809,0.0,118,-6.346396418548195,0.0,118,-54.71324262883777,0.0,0.0,0.0,0.0,0.0,-685536.0,-685536.0,772.0,772.0,0.0,0.0,772.0,0.0,0.0,772
0.0,0.0,-0.0,0.0,0.0,0.0,-0.0,0.0,0.47997237932604736,340.7803893214936,799.2,0.0,710.0,1.0,888.0,-630480.0,118,-54.17040655312409,0.0,118,-45.6068269806909,0.0,118,-40.980589885513844,0.0,120,-53.484606046281094,0.0,118,-27.76231075675349,0.0,118,-20.14538031985445,0.0,0.0,0.0,0.0,0.0,-630480.0,-630480.0,710.0,710.0,0.0,0.0,710.0,0.0,0.0,710
0.0,0.0,-0.0,0.0,0.0,0.0,-0.0,0.0,0.47997237932604736,341.7403340801457,799.2,0.0,712.0,1.0,888.0,-632256.0,118,-38.53848153381634,0.0,120,-24.479934806800596,0.0,118,-34.49741444994183,0.0,120,-40.337213304436624,0.0,118,-40.39196672764171,0.0,118,-12.250104413177581,0.0,0.0,0.0,0.0,0.0,-632256.0,-632256.0,712.0,712.0,0.0,0.0,712.0,0.0,0.0,712
0.0,0.0,-0.0,0.0,0.0,0.0,-0.0,0.0,0.47997237932604736,341.7403340801457,799.2,0.0,712.0,1.0,888.0,-632256.0,118,-8.491380363112757,0.0,120,-27.807756057208856,0.0,118,-34.12880349116481,0.0,120,-42.539880441385705,0.0,118,-43.60706169050189,0.0,118,-7.487528720802947,0.0,0.0,0.0,0.0,0.0,-632256.0,-632256.0,712.0,712.0,0.0,0.0,712.0,0.0,0.0,712
0.0,0.0,-0.0,0.0,0.0,0.0,-0.0,0.0,0.47997237932604736,341.7403340801457,799.2,0.0,712.0,1.0,888.0,-632256.0,118,-34.341415155517296,0.0,120,-17.723575614237415,0.0,118,-24.34641324267766,0.0,120,-40.19765909996729,0.0,118,-11.95773894886562,0.0,118,-43.96190889599742,0.0,0.0,0.0,0.0,0.0,-632256.0,-632256.0,712.0,712.0,0.0,0.0,712.0,0.0,0.0,712
0.0,0.0,-0.0,0.0,0.0,0.0,-0.0,0.0,0.47997237932604736,341.7403340801457,799.2,0.0,712.0,1.0,888.0,-632256.0,118,-49.695395633676185,0.0,120,-20.59594106702226,0.0,118,-25.6195586838152,0.0,120,-45.08607413986979,0.0,118,-56.63681362562506,0.0,118,-14.978763580144669,0.0,0.0,0.0,0.0,0.0,-632256.0,-632256.0,712.0,712.0,0.0,0.0,712.0,0.0,0.0,712
0.0,0.0,-0.0,0.0,0.0,0.0,-0.0,0.0,0.47997237932604736,341.7403340801457,799.2,0.0,712.0,1.0,888.0,-632256.0,118,-17.37454557563085,0.0,120,-15.954164580203454,0.0,118,-52.176986828466895,0.0,120,-1.1606499245007096,0.0,118,-7.457334389788577,0.0,118,-8.556661622770674,0.0,0.0,0.0,0.0,0.0,-632256.0,-632256.0,712.0,712.0,0.0,0.0,712.0,0.0,0.0,712
0.0,0.0,-0.0,0.0,0.0,0.0,-0.0,0.0,0.47997237932604736,341.7403340801457,799.2,0.0,712.0,1.0,888.0,-632256.0,118,-48.646870565185836,0.0,120,-38.20026233437284,0.0,118,-13.815394390715635,0.0,120,-27.4131651320912,0.0,118,-53.889456614186116,0.0,118,-27.430056397761984,0.0,0.0,0.0,0.0,0.0,-632256.0,-632256.0,712.0,712.0,0.0,0.0,712.0,0.0,0.0,712
0.0,0.0,-0.0,0.0,0.0,0.0,-0.0,0.0,0.47997237932604736,341.7403340801457,799.2,0.0,712.0,1.0,888.0,-632256.0,118,-2.8509401299287385,0.0,120,-19.29666832530158,0.0,118,-2.8871363747260936,0.0,120,-22.015027525075897,0.0,118,-40.50523526988543,0.0,118,-35.1833801094836,0.0,0.0,0.0,0.0,0.0,-632256.0,-632256.0,712.0,712.0,0.0,0.0,712.0,0.0,0.0,712
0.0,0.0,-0.0,0.0,0.0,0.0,-0.0,0.0,0.47997237932604736,341.7403340801457,799.2,0.0,712.0,1.0,888.0,-632256.0,118,-19.560315885210787,0.0,120,-50.774339393919,0.0,118,-24.583548633270013,0.0,120,-57.280564113658556,0.0,118,-24.55772904992072,0.0,118,-52.529868138135924,0.0,0.0,0.0,0.0,0.0,-632256.0,-632256.0,712.0,712.0,0.0,0.0,712.0,0.0,0.0,712
0.0,0.0,-0.0,0.0,0.0,0.0,-0.0,0.0,0.47997237932604736,342.70027883879783,799.2,0.0,714.0,1.0,888.0,-634032.0,118,-49.64187366288396,0.0,120,-4.656404715962537,0.0,118,-56.11439075479265,0.0,120,-52.0142477247715,0.0,118,-4.482381301359846,0.0,120,-22.82880033018487,0.0,0.0,0.0,0.0,0.0,-634032.0,-634032.0,714.0,714.0,0.0,0.0,714.0,0.0,0.0,714
0.0,0.0,-0.0,0.0,0.0,0.0,-0.0,0.0,0.47997237932604736,342.70027883879783,799.2,0.0,714.0,1.0,888.0,-634032.0,118,-45.22204300541503,0.0,120,-25.796614181444827,0.0,118,-0.7160332991751317,0.0,120,-0.7206202935467543,0.0,118,-53.25318851367042,0.0,120,-35.43968557550691,0.0,0.0,0.0,0.0,0.0,-634032.0,-634032.0,714.0,714.0,0.0,0.0,714.0,0.0,0.0,714
0.0,0.0,-0.0,0.0,0.0,0.0,-0.0,0.0,0.47997237932604736,342.70027883879783,799.2,0.0,714.0,1.0,888.0,-634032.0,118,-56.992019095102805,0.0,120,-7.0750316172059335,0.0,118,-4.714374250491171,0.0,120,-11.696463721101322,0.0,118,-9.202171529444694,0.0,120,-46.23488487419152,0.0,0.0,0.0,0.0,0.0,-634032.0,-634032.0,714.0,714.0,0.0,0.0,714.0,0.0,0.0,714
0.0,0.0,-0.0,0.0,0.0,0.0,-0.0,0.0,0.47997237932604736,342.70027883879783,799.2,0.0,714.0,1.0,888.0,-634032.0,118,-4.316047747952929,0.0,120,-23.916560408582477,0.0,118,-1.7717110032360783,0.0,120,-19.684140058583793,0.0,118,-16.569162449018123,0.0,120,-29.1077362990761,0.0,0.0,0.0,0.0,0.0,-634032.0,-634032.0,714.0,714.0,0.0,0.0,714.0,0.0,0.0,714
0.0,0.0,-0.0,0.0,0.0,0.0,-0.0,0.0,0.47997237932604736,342.70027883879783,799.2,0.0,714.0,1.0,888.0,-634032.0,118,-56.50225399183525,0.0,120,-22.58155114638202,0.0,118,-47.52622286844811,0.0,120,-34.75600415648325,0.0,118,-51.17605185170096,0.0,120,-48.38392983326452,0.0,0.0,0.0,0.0,0.0,-634032.0,-634032.0,714.0,714.0,0.0,0.0,714.0,0.0,0.0,714
0.0,0.0,-0.0,0.0,0.0,0.0,-0.0,0.0,0.47997237932604736,342.70027883879783,799.2,0.0,714.0,1.0,888.0,-634032.0,118,-41.35816436169162,0.0,120,-4.780200985708829,0.0,118,-34.50673391272686,0.0,120,-15.598583534957468,0.0,118,-0.9027431808633568,0.0,120,-22.577152642259364,0.0,0.0,0.0,0.0,0.0,-634032.0,-634032.0,714.0,714.0,0.0,0.0,714.0,0.0,0.0,714
0.0,0.0,-0.0,0.0,0.0,0.0,-0.0,0.0,0.47997237932604736,343.6602235974499,799.2,0.0,716.0,1.0,888.0,-635808.0,118,-31.370312622087255,0.0,120,-42.941344351672036,0.0,120,-14.244329771404068,0.0,120,-8.69883182405679,0.0,118,-55.91930622368312,0.0,120,-2.963721623783089,0.0,0.0,0.0,0.0,0.0,-635808.0,-635808.0,716.0,716.0,0.0,0.0,716.0,0.0,0.0,716
0.0,0.0,-0.0,0.0,0.0,0.0,-0.0,0.0,0.47997237932604736,343.6602235974499,799.2,0.0,716.0,1.0,888.0,-635808.0,118,-59.56248535390711,0.0,120,-57.0636312734695,0.0,120,-39.40693489616125,0.0,120,-30.202438407378406,0.0,118,-16.53512764307433,0.0,120,-37.94919716071367,0.0,0.0,0.0,0.0,0.0,-635808.0,-635808.0,716.0,716.0,0.0,0.0,716.0,0.0,0.0,716
0.0,0.0,-0.0,0.0,0.0,0.0,-0.0,0.0,0.47997237932604736,343.6602235974499,799.2,0.0,716.0,1.0,888.0,-635808.0,118,-56.576004173735875,0.0,120,-18.443426302661546,0.0,120,-27.138053092289226,0.0,120,-18.68300928625701,0.0,118,-11.158599742600758,0.0,120,-8.338211416747829,0.0,0.0,0.0,0.0,0.0,-635808.0,-635808.0,716.0,716.0,0.0,0.0,716.0,0.0,0.0,716
0.0,0.0,-0.0,0.0,0.0,0.0,-0.0,0.0,0.47997237932604736,343.6602235974499,799.2,0.0,716.0,1.0,888.0,-635808.0,118,-21.32077821260231,0.0,120,-57.13942176055617,0.0,120,-27.137120158149532,0.0,120,-40.08994526085806,0.0,118,-18.600347477615305,0.0,120,-59.174306029352444,0.0,0.0,0.0,0.0,0.0,-635808.0,-635808.0,716.0,716.0,0.0,0.0,716.0,0.0,0.0,716
0.0,0.0,-0.0,0.0,0.0,0.0,-0.0,0.0,0.47997237932604736,343.6602235974499,799.2,0.0,716.0,1.0,888.0,-635808.0,118,-54.35418135134542,0.0,120,-10.586233995803621,0.0,120,-3.9377179857211764,0.0,120,-23.55923943608706,0.0,118,-7.862850575508407,0.0,120,-21.929432787008846,0.0,0.0,0.0,0.0,0.0,-635808.0,-635808.0,716.0,716.0,0.0,0.0,716.0,0.0,0.0,716
0.0,0.0,-0.0,0.0,0.0,0.0,-0.0,0.0,0.47997237932604736,343.6602235974499,799.2,0.0,716.0,1.0,888.0,-635808.0,118,-31.54918556039806,0.0,120,-32.7012479116437,0.0,120,-51.71337797857032,0.0,120,-5.738252932623979,0.0,118,-34.596887174326845,0.0,120,-58.58285778560932,0.0,0.0,0.0,0.0,0.0,-635808.0,-635808.0,716.0,716.0,0.0,0.0,716.0,0.0,0.0,716
0.0,0.0,-0.0,0.0,0.0,0.0,-0.0,0.0,0.47997237932604736,343.6602235974499,799.2,0.0,716.0,1.0,888.0,-635808.0,118,-3.3453023528335013,0.0,120,-27.28803146200692,0.0,120,-8.892624444232062,0.0,120,-9.586133809575157,0.0,118,-27.33959700161413,0.0,120,-18.18358541951747,0.0,0.0,0.0,0.0,0.0,-635808.0,-635808.0,716.0,716.0,0.0,0.0,716.0,0.0,0.0,716
0.0,0.0,-0.0,0.0,0.0,0.0,-0.0,0.0,0.47997237932604736,344.620168356102,799.2,0.0,718.0,1.0,888.0,-637584.0,120,-56.256379090322255,0.0,120,-13.286603946728096,0.0,120,-50.48040700254256,0.0,120,-4.091237057007193,0.0,118,-47.574568766597075,0.0,120,-14.936387863218103,0.0,0.0,0.0,0.0,0.0,-637584.0,-637584.0,718.0,718.0,0.0,0.0,718.0,0.0,0.0,718
0.0,0.0,-0.0,0.0,0.0,0.0,-0.0,0.0,0.47997237932604736,344.620168356102,799.2,0.0,718.0,1.0,888.0,-637584.0,120,-43.55792584812856,0.0,120,-44.515724377189926,0.0,120,-17.359095610625577,0.0,120,-31.514684144704155,0.0,118,-51.976320035384745,0.0,120,-14.812909313304608,0.0,0.0,0.0,0.0,0.0,-637584.0,-637584.0,718.0,718.0,0.0,0.0,718.0,0.0,0.0,718
0.0,0.0,-0.0,0.0,0.0,0.0,-0.0,0.0,0.47997237932604736,344.620168356102,799.2,0.0,718.0,1.0,888.0,-637584.0,120,-15.902014042092883,0.0,120,-33.49216602013421,0.0,120,-19.250178035716566,0.0,120,-34.28746475113126,0.0,118,-45.425254343462136,0.0,120,-45.92397790048966,0.0,0.0,0.0,0.0,0.0,-637584.0,-637584.0,718.0,718.0,0.0,0.0,718.0,0.0,0.0,718
0.0,0.0,-0.0,0.0,0.0,0.0,-0.0,0.0,0.47997237932604736,344.620168356102,799.2,0.0,718.0,1.0,888.0,-637584.0,120,-20.451690743428408,0.0,120,-46.09226165451298,0.0,120,-12.116206205086764,0.0,120,-56.39910183491774,0.0,118,-3.356095835889581,0.0,120,-24.301476611928944,0.0,0.0,0.0,0.0,0.0,-637584.0,-637584.0,718.0,718.0,0.0,0.0,718.0,0.0,0.0,718
0.0,0.0,-0.0,0.0,0.0,0.0,-0.0,0.0,0.47997237932604736,344.620168356102,799.2,0.0,718.0,1.0,888.0,-637584.0,120,-52.31254950743216,0.0,120,-49.13668505253173,0.0,120,-12.241798973222926,0.0,120,-36.674560373459855,0.0,118,-30.70885857590798,0.0,120,-13.947314350134771,0.0,0.0,0.0,0.0,0.0,-637584.0,-637584.0,718.0,718.0,0.0,0.0,718.0,0.0,0.0,718
0.0,0.0,-0.0,0.0,0.0,0.0,-0.0,0.0,0.47997237932604736,344.620168356102,799.2,0.0,718.0,1.0,888.0,-637584.0,120,-30.99095954771247,0.0,120,-18.62240910861338,0.0,120,-15.400042809826001,0.0,120,-9.191585970765344,0.0,118,-49.93902741994261,0.0,120,-10.607404121977652,0.0,0.0,0.0,0.0,0.0,-637584.0,-637584.0,718.0,718.0,0.0,0.0,718.0,0.0,0.0,718
0.0,0.0,-0.0,0.0,0.0,0.0,-0.0,0.0,0.47997237932604736,344.620168356102,799.2,0.0,718.0,1.0,888.0,-637584.0,120,-43.132951101003684,0.0,120,-47.15363077874602,0.0,120,-42.30061926681042,0.0,120,-25.10939869348709,0.0,118,-25.423069778942274,0.0,120,-0.005452730724648802,0.0,0.0,0.0,0.0,0.0,-637584.0,-637584.0,718.0,718.0,0.0,0.0,718.0,0.0,0.0,718
0.0,0.0,-0.0,0.0,0.0,0.0,-0.0,0.0,0.47997237932604736,344.620168356102,799.2,0.0,718.0,1.0,888.0,-637584.0,120,-44.18494789815319,0.0,120,-17.523805153434886,0.0,120,-46.184790011454766,0.0,120,-57.62947579273578,0.0,118,-16.792654496148774,0.0,120,-34.250202585200874,0.0,0.0,0.0,0.0,0.0,-637584.0,-637584.0,718.0,718.0,0.0,0.0,718.0,0.0,0.0,718
0.0,0.0,-0.0,0.0,0.0,0.0,-0.0,0.0,0.47997237932604736,344.620168356102,799.2,0.0,718.0,1.0,888.0,-637584.0,120,-47.05617142311507,0.0,120,-54.89744213704434,0.0,120,-45.20410148382995,0.0,120,-33.39695708257133,0.0,118,-3.499202647077906,0.0,120,-40.42894556630568,0.0,0.0,0.0,0.0,0.0,-637584.0,-637584.0,718.0,718.0,0.0,0.0,718.0,0.0,0.0,718
0.0,0.0,-0.0,0.0,0.0,0.0,-0.0,0.0,0.47997237932604736,344.620168356102,799.2,0.0,718.0,1.0,888.0,-637584.0,120,-29.53275031819875,0.0,120,-8.114668433952648,0.0,120,-43.35105870498425,0.0,120,-0.6229447013971612,0.0,118,-23.645260731702457,0.0,120,-45.23560251517124,0.0,0.0,0.0,0.0,0.0,-637584.0,-637584.0,718.0,718.0,0.0,0.0,718.0,0.0,0.0,718
0.0,0.0,-0.0,0.0,0.0,0.0,-0.0,0.0,0.47997237932604736,344.620168356102,799.2,0.0,718.0,1.0,888.0,-637584.0,120,-57.66791917952329,0.0,120,-57.49010136896724,0.0,120,-54.81629506862004,0.0,120,-50.35117954507752,0.0,118,-57.14882998311954,0.0,120,-1.7284812284847906,0.0,0.0,0.0,0.0,0.0,-637584.0,-637584.0,718.0,718.0,0.0,0.0,718.0,0.0,0.0,718
0.0,0.0,-0.0,0.0,0.0,0.0,-0.0,0.0,0.47997237932604736,344.620168356102,799.2,0.0,718.0,1.0,888.0,-637584.0,120,-38.07303843407574,0.0,120,-3.497186549388598,0.0,120,-28.915573085902693,0.0,120,-59.78191446361274,0.0,118,-30.136162040571218,0.0,120,-54.79731399935609,0.0,0.0,0.0,0.0,0.0,-637584.0,-637584.0,718.0,718.0,0.0,0.0,718.0,0.0,0.0,718
200.18405137372716,0.0,-2001.8405137372715,0.0,0.0,0.0,-0.0,0.0,0.47997237932604736,248.5106558283132,799.2,0.0,517.7603264947436,1.0,888.0,-459771.1699273323,120,-28.155949600169848,0.0,120,-14.74393399437475,0.0,120,-57.11680844254015,0.0,120,-1.0919078565848284,0.0,118,-41.37485170416516,0.0,120,-39.530044036817856,0.0,0.0,0.0556221315292379,0.0556221315292379,0.0,-461773.0104410696,-461773.0104410696,718.0,718.0,200.2396735052564,0.0,517.7603264947436,0.0,0.0,718
200.18405137372716,0.0,-2001.8405137372715,0.0,0.0,0.0,-0.0,0.0,0.47997237932604736,248.5106558283132,799.2,0.0,517.7603264947436,1.0,888.0,-459771.1699273323,120,-53.156917309909716,0.0,120,-15.919011637171899,0.0,120,-22.175565154550966,0.0,120,-52.10139431707216,0.0,118,-10.874186641159662,0.0,120,-6.098962329678439,0.0,0.0,0.0556221315292379,0.0556221315292379,0.0,-461773.0104410696,-461773.0104410696,718.0,718.0,200.2396735052564,0.0,517.7603264947436,0.0,0.0,718
200.18405137372716,0.0,-2001.8405137372715,0.0,0.0,0.0,-0.0,0.0,0.47997237932604736,248.5106558283132,799.2,0.0,517.7603264947436,1.0,888.0,-459771.1699273323,120,-48.61546120580775,0.0,120,-45.47348817137302,0.0,120,-18.844729587281666,0.0,120,-25.103718006705463,0.0,118,-25.908253742902833,0.0,120,-6.704339807948141,0.0,0.0,0.0556221315292379,0.0556221315292379,0.0,-461773.0104410696,-461773.0104410696,718.0,718.0,200.2396735052564,0.0,517.7603264947436,0.0,0.0,718
200.18405137372716,0.0,-2001.8405137372715,0.0,0.0,0.0,-0.0,0.0,0.47997237932604736,248.5106558283132,799.2,0.0,517.7603264947436,1.0,888.0,-459771.1699273323,120,-40.024660261207586,0.0,120,-8.785128669159818,0.0,120,-3.177618758884466,0.0,120,-32.14079988145222,0.0,118,-35.03241964716053,0.0,120,-39.71002469106442,0.0,0.0,0.0556221315292379,0.0556221315292379,0.0,-461773.0104410696,-461773.0104410696,718.0,718.0,200.2396735052564,0.0,517.7603264947436,0.0,0.0,718
200.18405137372716,0.0,-2001.8405137372715,0.0,0.0,0.0,-0.0,0.0,0.47997237932604736,248.5106558283132,799.2,0.0,517.7603264947436,1.0,888.0,-459771.1699273323,120,-2.8534472962639,0.0,120,-23.884841681785907,0.0,120,-0.11770015804191125,0.0,120,-19.84872841914494,0.0,118,-59.47951688155208,0.0,120,-8.354658662673295,0.0,0.0,0.0556221315292379,0.0556221315292379,0.0,-461773.0104410696,-461773.0104410696,718.0,718.0,200.2396735052564,0.0,517.7603264947436,0.0,0.0,718
200.18405137372716,0.0,-2001.8405137372715,0.0,0.0,0.0,-0.0,0.0,0.47997237932604736,248.5106558283132,799.2,0.0,517.7603264947436,1.0,888.0,-459771.1699273323,120,-36.04801210854309,0.0,120,-54.841298988883736,0.0,120,-49.2506344721719,0.0,120,-47.28399820127776,0.0,118,-10.3424707629614,0.0,120,-58.72969571980248,0.0,0.0,0.0556221315292379,0.0556221315292379,0.0,-461773.0104410696,-461773.0104410696,718.0,718.0,200.2396735052564,0.0,517.7603264947436,0.0,0.0,718
842.024703517368,0.0,-8420.247035173681,124.25866425743959,0.0,0.0,-0.0,0.0,0.47997237932604736,0.0,799.2,0.0,0.0,1.0,888.0,-0.0,120,-33.27545599470551,0.0,120,-19.061243802054165,0.0,120,-39.30703552888075,0.0,120,-56.774880966402044,0.0,118,-44.811370921109614,0.0,120,-56.31281847191595,0.0,0.0,0.233960740071511,0.233960740071511,0.0,-8420.247035173681,-8420.247035173681,842.2586642574396,842.2586642574396,842.2586642574396,0.0,0.0,124.25866425743959,0.0,718
842.024703517368,0.0,-8420.247035173681,124.25866425743959,111.83279783169563,0.0,-0.0,0.0027109009728188407,0.47997237932604736,0.0,799.2,0.0,0.0,1.0,888.0,-0.0,120,-0.1827883384195106,0.0,120,-18.739762346925296,0.0,120,-54.72799068760794,0.0,120,-16.501652541679647,0.0,118,-3.6026078795911065,0.0,120,-52.50587952065439,0.0,0.0,0.233960740071511,0.233960740071511,0.0,-8420.247035173681,-8420.247035173681,842.2586642574396,842.2586642574396,842.2586642574396,0.0,0.0,124.25866425743959,0.0,718
842.024703517368,0.0,-8420.247035173681,124.25866425743959,223.66559566339126,0.0,-0.0,0.005421801945637681,0.47997237932604736,0.0,799.2,0.0,0.0,1.0,888.0,-0.0,120,-17.190113088974538,0.0,120,-56.51948279649936,0.0,120,-43.16143372844777,0.0,120,-33.11607628124188,0.0,118,-50.834792455718905,0.0,120,-31.913448871838515,0.0,0.0,0.233960740071511,0.233960740071511,0.0,-8420.247035173681,-8420.247035173681,842.2586642574396,842.2586642574396,842.2586642574396,0.0,0.0,124.25866425743959,0.0,718
842.024703517368,0.0,-8420.247035173681,124.25866425743959,335.4983934950869,0.0,-0.0,0.008132702918456521,0.47997237932604736,0.0,799.2,0.0,0.0,1.0,888.0,-0.0,120,-55.57090638679631,0.0,120,-5.529900180589486,0.0,120,-21.85388140969989,0.0,120,-13.99003854986278,0.0,118,-33.92132191820739,0.0,120,-34.91343263681125,0.0,0.0,0.233960740071511,0.233960740071511,0.0,-8420.247035173681,-8420.247035173681,842.2586642574396,842.2586642574396,842.2586642574396,0.0,0.0,124.25866425743959,0.0,718
842.024703517368,0.0,-8420.247035173681,124.25866425743959,447.3311913267825,0.0,-0.0,0.010843603891275363,0.47997237932604736,0.0,799.2,0.0,0.0,1.0,888.0,-0.0,120,-57.87287013144683,0.0,120,-7.1004317171502525,0.0,120,-52.14386946505816,0.0,120,-42.922507943197864,0.0,118,-39.136890323717736,0.0,120,-2.2006531871826596,0.0,0.0,0.233960740071511,0.233960740071511,0.0,-8420.247035173681,-8420.247035173681,842.2586642574396,842.2586642574396,842.2586642574396,0.0,0.0,124.25866425743959,0.0,718
842.024703517368,0.0,-8420.247035173681,124.25866425743959,559.1639891584781,0.0,-0.0,0.013554504864094201,0.47997237932604736,0.0,799.2,0.0,0.0,1.0,888.0,-0.0,120,-42.261734690470284,0.0,120,-28.627178129818567,0.0,120,-13.812766978333588,0.0,120,-22.10236316087956,0.0,118,-23.824978122050297,0.0,120,-47.78795733138062,0.0,0.0,0.233960740071511,0.233960740071511,0.0,-8420.247035173681,-8420.247035173681,842.2586642574396,842.2586642574396,842.2586642574396,0.0,0.0,124.25866425743959,0.0,718
1527.2417515715529,0.0,-15272.41751571553,809.6661032669049,670.9967869901737,0.0,-0.0,0.016265405836913042,0.47997237932604736,0.0,799.2,0.0,0.0,1.0,888.0,-0.0,120,-50.08619613247696,0.0,120,-46.70035330553167,0.0,120,-33.63180487661288,0.0,120,-37.21539386594436,0.0,118,-42.52252039501581,0.0,120,-44.16984090511251,0.0,0.0,0.424351695351918,0.424351695351918,0.0,-15272.41751571553,-15272.41751571553,1527.6661032669049,1527.6661032669049,1527.6661032669049,0.0,0.0,809.6661032669049,0.0,718
1527.2417515715529,0.0,-15272.41751571553,809.6661032669049,1399.6962799303883,0.0,-0.0,0.03392956342400282,0.47997237932604736,0.0,799.2,0.0,0.0,1.0,888.0,-0.0,120,-22.581331917100343,0.0,120,-40.998243964783526,0.0,120,-15.485511787980768,0.0,120,-43.71826587343799,0.0,118,-40.650999464411484,0.0,120,-43.24408235488125,0.0,0.0,0.424351695351918,0.424351695351918,0.0,-15272.41751571553,-15272.41751571553,1527.6661032669049,1527.6661032669049,1527.6661032669049,0.0,0.0,809.6661032669049,0.0,718
1527.2417515715529,0.0,-15272.41751571553,809.6661032669049,2128.3957728706027,0.0,-0.0,0.051593721011092594,0.47997237932604736,0.0,799.2,0.0,0.0,1.0,888.0,-0.0,120,-2.802350817478232,0.0,120,-5.21722335462163,0.0,120,-58.050943356797795,0.0,120,-15.797341984446353,0.0,118,-40.78463629079235,0.0,120,-34.716229859118975,0.0,0.0,0.424351695351918,0.424351695351918,0.0,-15272.41751571553,-15272.41751571553,1527.6661032669049,1527.6661032669049,1527.6661032669049,0.0,0.0,809.6661032669049,0.0,718
1527.2417515715529,0.0,-15272.41751571553,809.6661032669049,2857.095265810817,0.0,-0.0,0.06925787859818237,0.47997237932604736,0.0,799.2,0.0,0.0,1.0,888.0,-0.0,120,-5.719058896897689,0.0,120,-28.300156231183486,0.0,120,-51.89206171242047,0.0,120,-20.75943022928479,0.0,118,-35.68312625716961,0.0,120,-58.29467250803826,0.0,0.0,0.424351695351918,0.424351695351918,0.0,-15272.41751571553,-15272.41751571553,1527.6661032669049,1527.6661032669049,1527.6661032669049,0.0,0.0,809.6661032669049,0.0,718
1527.2417515715529,0.0,-15272.41751571553,809.6661032669049,3585.7947587510316,0.0,-0.0,0.08692203618527214,0.47997237932604736,0.0,799.2,0.0,0.0,1.0,888.0,-0.0,120,-31.401976602944373,0.0,120,-18.82545480760259,0.0,120,-42.99395271774642,0.0,120,-7.606259167187133,0.0,118,-35.19664374752211,0.0,120,-13.97139277691081,0.0,0.0,0.424351695351918,0.424351695351918,0.0,-15272.41751571553,-15272.41751571553,1527.6661032669049,1527.6661032669049,1527.6661032669049,0.0,0.0,809.6661032669049,0.0,718
1527.2417515715529,0.0,-15272.41751571553,809.6661032669049,4314.494251691246,0.0,-0.0,0.10458619377236192,0.47997237932604736,0.0,799.2,0.0,0.0,1.0,888.0,-0.0,120,-45.60758375477481,0.0,120,-57.5151451441025,0.0,120,-55.08995563575862,0.0,120,-24.287233816520462,0.0,118,-37.59253660705603,0.0,120,-39.70303470732682,0.0,0.0,0.424351695351918,0.424351695351918,0.0,-15272.41751571553,-15272.41751571553,1527.6661032669049,1527.6661032669049,1527.6661032669049,0.0,0.0,809.6661032669049,0.0,718
2020.3235357038516,0.0,-20203.235357038517,1302.8848926184678,5043.1937446314605,0.0,-0.0,0.12225035135945168,0.47997237932604736,0.0,799.2,0.0,0.0,1.0,888.0,-0.0,120,-23.400522204956538,0.0,120,-6.530120898542178,0.0,120,-0.01968649012154655,0.0,120,-42.58609807877827,0.0,118,-13.252569551793007,0.0,120,-56.33883714757448,0.0,0.0,0.561356914616241,0.561356914616241,0.0,-20203.235357038517,-20203.235357038517,2020.8848926184678,2020.8848926184678,2020.8848926184678,0.0,0.0,1302.8848926184678,0.0,718
2020.3235357038516,0.0,-20203.235357038517,1302.8848926184678,6215.790147988082,0.0,-0.0,0.15067486359751006,0.47997237932604736,0.0,799.2,0.0,0.0,1.0,888.0,-0.0,120,-22.93088479173004,0.0,120,-7.7182741165153885,0.0,120,-1.1272460894045966,0.0,120,-58.417015544744054,0.0,118,-53.272449367396305,0.0,120,-8.342993328337245,0.0,0.0,0.561356914616241,0.561356914616241,0.0,-20203.235357038517,-20203.235357038517,2020.8848926184678,2020.8848926184678,2020.8848926184678,0.0,0.0,1302.8848926184678,0.0,718
2020.3235357038516,0.0,-20203.235357038517,1302.8848926184678,7388.386551344704,0.0,-0.0,0.1790993758355684,0.47997237932604736,0.0,799.2,0.0,0.0,1.0,888.0,-0.0,120,-29.42187470063837,0.0,120,-33.414764039788295,0.0,120,-46.65583586306304,0.0,120,-57.57557060464448,0.0,118,-46.211121707010825,0.0,120,-2.1019287385974628,0.0,0.0,0.561356914616241,0.561356914616241,0.0,-20203.235357038517,-20203.235357038517,2020.8848926184678,2020.8848926184678,2020.8848926184678,0.0,0.0,1302.8848926184678,0.0,718
2020.3235357038516,0.0,-20203.235357038517,1304.8848926184678,8560.982954701325,0.0,-0.0,0.20752388807362676,0.47997237932604736,0.0,799.2,0.0,0.0,1.0,888.0,-0.0,120,-37.3401174298334,0.0,120,-30.264688166195334,0.0,118,-19.33523567353466,0.0,120,-55.50043141692459,0.0,118,-50.41000192012175,0.0,120,-54.261462238962096,0.0,0.0,0.561356914616241,0.561356914616241,0.0,-20203.235357038517,-20203.235357038517,2020.8848926184678,2020.8848926184678,2020.8848926184678,0.0,0.0,1304.8848926184678,0.0,716
2020.3235357038516,0.0,-20203.235357038517,1308.8848926184678,9735.379358057946,0.0,-0.0,0.23599203350199854,0.47997237932604736,0.0,799.2,0.0,0.0,1.0,888.0,-0.0,118,-42.49219062586136,0.0,118,-4.99455886877141,0.0,118,-37.18666444827206,0.0,120,-9.733273115317475,0.0,118,-35.95765954651751,0.0,120,-54.57425390026279,0.0,0.0,0.561356914616241,0.561356914616241,0.0,-20203.235357038517,-20203.235357038517,2020.8848926184678,2020.8848926184678,2020.8848926184678,0.0,0.0,1308.8848926184678,0.0,712
2020.3235357038516,0.0,-20203.235357038517,1308.8848926184678,10913.375761414567,0.0,-0.0,0.26454744531099716,0.47997237932604736,0.0,799.2,0.0,0.0,1.0,888.0,-0.0,118,-18.39915172066255,0.0,118,-9.880541185837481,0.0,118,-38.5198761141329,0.0,120,-41.16922053561238,0.0,118,-41.1371311316139,0.0,120,-8.783618468268157,0.0,0.0,0.561356914616241,0.561356914616241,0.0,-20203.235357038517,-20203.235357038517,2020.8848926184678,2020.8848926184678,2020.8848926184678,0.0,0.0,1308.8848926184678,0.0,712
2287.9026106374176,0.0,-22879.02610637418,1576.538315725119,12091.372164771188,0.0,-0.0,0.29310285711999584,0.47997237932604736,0.0,799.2,0.0,0.0,1.0,888.0,-0.0,118,-25.907085376354605,0.0,118,-18.163489782905785,0.0,118,-52.44356440539528,0.0,120,-52.36201212908106,0.0,118,-1.6500225958361536,0.0,120,-49.47337785644819,0.0,0.0,0.635705087701422,0.635705087701422,0.0,-22879.02610637418,-22879.02610637418,2288.538315725119,2288.538315725119,2288.538315725119,0.0,0.0,1576.538315725119,0.0,712
2287.9026106374176,0.0,-22879.02610637418,1576.538315725119,13510.256648923796,0.0,-0.0,0.3274975553032215,0.47997237932604736,0.0,799.2,0.0,0.0,1.0,888.0,-0.0,118,-16.996488917351257,0.0,118,-32.157681487742224,0.0,118,-6.8501473092692216,0.0,120,-14.417490650934239,0.0,118,-53.90175582124412,0.0,120,-32.527638889102825,0.0,0.0,0.635705087701422,0.635705087701422,0.0,-22879.02610637418,-22879.02610637418,2288.538315725119,2288.538315725119,2288.538315725119,0.0,0.0,1576.538315725119,0.0,712
2287.9026106374176,0.0,-22879.02610637418,1576.538315725119,14929.141133076404,0.0,-0.0,0.36189225348644716,0.47997237932604736,0.0,799.2,0.0,0.0,1.0,888.0,-0.0,118,-33.0199973555548,0.0,118,-35.06060401818196,0.0,118,-7.7995600549679285,0.0,120,-40.91271385178446,0.0,118,-18.307767326664855,0.0,120,-9.793321131744165,0.0,0.0,0.635705087701422,0.635705087701422,0.0,-22879.02610637418,-22879.02610637418,2288.538315725119,2288.538315725119,2288.538315725119,0.0,0.0,1576.538315725119,0.0,712
2287.9026106374176,0.0,-22879.02610637418,1576.538315725119,16348.025617229012,0.0,-0.0,0.3962869516696728,0.47997237932604736,0.0,799.2,0.0,0.0,1.0,888.0,-0.0,118,-4.673057908539448,0.0,118,-41.97333131914997,0.0,118,-29.28675233368519,0.0,120,-46.79787452334886,0.0,118,-14.732526044616277,0.0,120,-52.00972364995063,0.0,0.0,0.635705087701422,0.635705087701422,0.0,-22879.02610637418,-22879.02610637418,2288.538315725119,2288.538315725119,2288.538315725119,0.0,0.0,1576.538315725119,0.0,712
2287.9026106374176,0.0,-22879.02610637418,1574.538315725119,17766.910101381618,0.0,-0.0,0.4306816498528984,0.47997237932604736,0.0,799.2,0.0,0.0,1.0,888.0,-0.0,118,-13.711023083389588,0.0,118,-33.60233695510122,0.0,120,-38.85065919277478,0.0,120,-13.066109804706807,0.0,118,-39.69586129131638,0.0,120,-31.39039081439281,0.0,0.0,0.635705087701422,0.635705087701422,0.0,-22879.02610637418,-22879.02610637418,2288.538315725119,2288.538315725119,2288.538315725119,0.0,0.0,1574.538315725119,0.0,714
2287.9026106374176,0.0,-22879.02610637418,1572.538315725119,19183.994585534227,0.0,-0.0,0.46503271484581066,0.47997237932604736,0.0,799.2,0.0,0.0,1.0,888.0,-0.0,120,-49.76609738486047,0.0,118,-35.71514973902441,0.0,120,-41.29215767085105,0.0,120,-54.577073858904065,0.0,118,-39.656106915038706,0.0,120,-12.684860134949187,0.0,0.0,0.635705087701422,0.635705087701422,0.0,-22879.02610637418,-22879.02610637418,2288.538315725119,2288.538315725119,2288.538315725119,0.0,0.0,1572.538315725119,0.0,716
2350.1328577349777,0.0,-23501.328577349777,1574.7858538054793,20599.279069686832,0.0,-0.0,0.49934014664840937,0.47997237932604736,0.0,799.2,0.0,0.0,1.0,888.0,-0.0,180,-31.641653154972115,0.0,118,-5.304659051744354,0.0,120,-39.6789288056593,0.0,120,-5.8257275387869,0.0,118,-16.602096185210733,0.0,120,-23.11224253376408,0.0,0.0,0.652996070501522,0.652996070501522,0.0,-23501.328577349777,-23501.328577349777,2350.7858538054793,2350.7858538054793,2350.7858538054793,0.0,0.0,1574.7858538054793,0.0,776
2350.1328577349777,0.0,-23501.328577349777,1574.7858538054793,22016.586338111763,0.0,-0.0,0.5336966120794067,0.47997237932604736,0.0,799.2,0.0,0.0,1.0,888.0,-0.0,180,-24.966716160074277,0.0,118,-20.33111819159433,0.0,120,-43.89632594145745,0.0,120,-59.07316340414093,0.0,118,-41.90851911339931,0.0,120,-59.98517289476061,0.0,0.0,0.652996070501522,0.652996070501522,0.0,-23501.328577349777,-23501.328577349777,2350.7858538054793,2350.7858538054793,2350.7858538054793,0.0,0.0,1574.7858538054793,0.0,776
2350.1328577349777,0.0,-23501.328577349777,1578.7858538054793,23433.893606536694,0.0,-0.0,0.5680530775104039,0.47997237932604736,0.0,799.2,0.0,0.0,1.0,888.0,-0.0,180,-54.99401257231854,0.0,118,-35.07208114394174,0.0,118,-59.771382792081965,0.0,118,-47.51382913852609,0.0,118,-14.557419951597218,0.0,120,-10.88433519710851,0.0,0.0,0.652996070501522,0.652996070501522,0.0,-23501.328577349777,-23501.328577349777,2350.7858538054793,2350.7858538054793,2350.7858538054793,0.0,0.0,1578.7858538054793,0.0,772
2350.1328577349777,0.0,-23501.328577349777,1578.7858538054793,24854.800874961627,0.0,-0.0,0.6024968093220282,0.47997237932604736,0.0,799.2,0.0,0.0,1.0,888.0,-0.0,180,-45.79515239463074,0.0,118,-8.948382911184448,0.0,118,-14.892424375451698,0.0,118,-58.51532639718846,0.0,118,-6.737473504435791,0.0,120,-19.57900609539579,0.0,0.0,0.652996070501522,0.652996070501522,0.0,-23501.328577349777,-23501.328577349777,2350.7858538054793,2350.7858538054793,2350.7858538054793,0.0,0.0,1578.7858538054793,0.0,772
2350.1328577349777,0.0,-23501.328577349777,1555.7858538054793,26275.70814338656,0.0,-0.0,0.6369405411336524,0.47997237932604736,0.0,799.2,0.0,0.0,1.0,888.0,-0.0,203,-42.529256403311265,0.0,118,-39.78909352822815,0.0,118,-29.68641769515492,0.0,118,-39.38014544908012,0.0,118,-7.179498760328647,0.0,120,-52.75114385892895,0.0,0.0,0.652996070501522,0.652996070501522,0.0,-23501.328577349777,-23501.328577349777,2350.7858538054793,2350.7858538054793,2350.7858538054793,0.0,0.0,1555.7858538054793,0.0,795
2350.1328577349777,0.0,-23501.328577349777,1555.7858538054793,27675.915411811493,0.0,-0.0,0.6708824912566721,0.47997237932604736,0.0,799.2,0.0,0.0,1.0,888.0,-0.0,203,-42.0722422865339,0.0,118,-27.254300842954983,0.0,118,-55.31529872858791,0.0,118,-2.245997122030503,0.0,118,-8.135037464805395,0.0,120,-52.307246332500256,0.0,0.0,0.652996070501522,0.652996070501522,0.0,-23501.328577349777,-23501.328577349777,2350.7858538054793,2350.7858538054793,2350.7858538054793,0.0,0.0,1555.7858538054793,0.0,795
2197.134251865553,0.0,-21971.34251865553,1404.7447365145845,29076.122680236425,0.0,-0.0,0.7048244413796918,0.47997237932604736,0.0,799.2,0.0,0.0,1.0,888.0,-0.0,203,-43.58072485352762,0.0,118,-52.16193752825706,0.0,118,-11.263089871537398,0.0,118,-4.887306019609654,0.0,118,-24.77143504197742,0.0,118,-39.555150211722854,0.0,0.0,0.610484649031829,0.610484649031829,0.0,-21971.34251865553,-21971.34251865553,2197.7447365145845,2197.7447365145845,2197.7447365145845,0.0,0.0,1404.7447365145845,0.0,793
2197.134251865553,0.0,-21971.34251865553,1489.7447365145845,30340.392943099552,0.0,-0.0,0.735471188594758,0.47997237932604736,0.0,799.2,0.0,0.0,1.0,888.0,-0.0,118,-38.678545987027675,0.0,118,-11.75171334840587,0.0,118,-15.819791632804552,0.0,118,-28.04168022346625,0.0,118,-8.607217982220472,0.0,118,-56.73399129197567,0.0,0.0,0.610484649031829,0.610484649031829,0.0,-21971.34251865553,-21971.34251865553,2197.7447365145845,2197.7447365145845,2197.7447365145845,0.0,0.0,1489.7447365145845,0.0,708
2197.134251865553,0.0,-21971.34251865553,1427.7447365145845,31681.16320596268,0.0,-0.0,0.767972346398145,0.47997237932604736,0.0,799.2,0.0,0.0,1.0,888.0,-0.0,180,-5.6316252216555345,0.0,118,-50.352418162974594,0.0,118,-18.683814847670767,0.0,118,-56.01475895713445,0.0,118,-23.57429301589644,0.0,118,-22.228475716868015,0.0,0.0,0.610484649031829,0.610484649031829,0.0,-21971.34251865553,-21971.34251865553,2197.7447365145845,2197.7447365145845,2197.7447365145845,0.0,0.0,1427.7447365145845,0.0,770
2197.134251865553,0.0,-21971.34251865553,1427.7447365145845,32966.13346882581,0.0,-0.0,0.7991208753018157,0.47997237932604736,0.0,799.2,0.0,0.0,1.0,888.0,-0.0,180,-33.24322676003287,0.0,118,-16.215632877825932,0.0,118,-20.56075185974846,0.0,118,-37.957507320149276,0.0,118,-25.076316816380892,0.0,118,-9.53988674099225,0.0,0.0,0.610484649031829,0.610484649031829,0.0,-21971.34251865553,-21971.34251865553,2197.7447365145845,2197.7447365145845,2197.7447365145845,0.0,0.0,1427.7447365145845,0.0,770
2197.134251865553,0.0,-21971.34251865553,1489.7447365145845,34251.103731688934,0.0,-0.0,0.8302694042054864,0.47997237932604736,0.0,799.2,0.0,0.0,1.0,888.0,-0.0,118,-17.22334104946669,0.0,118,-58.13851152663805,0.0,118,-50.26439629867686,0.0,118,-46.95912315296558,0.0,118,-12.349456482930721,0.0,118,-12.985413331815156,0.0,0.0,0.610484649031829,0.610484649031829,0.0,-21971.34251865553,-21971.34251865553,2197.7447365145845,2197.7447365145845,2197.7447365145845,0.0,0.0,1489.7447365145845,0.0,708
2197.134251865553,0.0,-21971.34251865553,1489.7447365145845,35591.87399455206,0.0,-0.0,0.8627705620088735,0.47997237932604736,0.0,799.2,0.0,0.0,1.0,888.0,-0.0,118,-51.8836598838725,0.0,118,-30.316067053593283,0.0,118,-40.401219492767325,0.0,118,-57.52711574772765,0.0,118,-51.98651306763088,0.0,118,-54.598782447825016,0.0,0.0,0.610484649031829,0.610484649031829,0.0,-21971.34251865553,-21971.34251865553,2197.7447365145845,2197.7447365145845,2197.7447365145845,0.0,0.0,1489.7447365145845,0.0,708
1847.6089835345606,0.0,-18476.089835345607,1140.1223508542423,36932.64425741518,0.0,-0.0,0.8952717198122605,0.47997237932604736,0.0,799.2,0.0,0.0,1.0,888.0,-0.0,118,-20.86414428882185,0.0,118,-36.04442480568208,0.0,118,-49.566612841602165,0.0,118,-41.31631218498654,0.0,118,-2.937405908365849,0.0,118,-35.18138233953462,0.0,0.0,0.513367319681734,0.513367319681734,0.0,-18476.089835345607,-18476.089835345607,1848.1223508542423,1848.1223508542423,1848.1223508542423,0.0,0.0,1140.1223508542423,0.0,708
1847.6089835345606,0.0,-18476.089835345607,1078.1223508542423,37958.754373184,0.0,-0.0,0.9201453075699706,0.47997237932604736,0.0,799.2,0.0,0.0,1.0,888.0,-0.0,118,-6.64624275409494,0.0,118,-32.36788092395249,0.0,118,-40.78101304699917,0.0,118,-40.81235937887982,0.0,118,-39.779025100813904,0.0,180,-0.02898075145625789,0.0,0.0,0.513367319681734,0.513367319681734,0.0,-18476.089835345607,-18476.089835345607,1848.1223508542423,1848.1223508542423,1848.1223508542423,0.0,0.0,1078.1223508542423,0.0,770
1847.6089835345606,0.0,-18476.089835345607,1055.1223508542423,38929.06448895282,0.0,-0.0,0.9436662664279645,0.47997237932604736,0.0,799.2,0.0,0.0,1.0,888.0,-0.0,118,-50.99769495136999,0.0,118,-6.283702561131079,0.0,203,-41.4641623355334,0.0,118,-38.43841996476329,0.0,118,-41.05393422616034,0.0,118,-58.35545542678518,0.0,0.0,0.513367319681734,0.513367319681734,0.0,-18476.089835345607,-18476.089835345607,1848.1223508542423,1848.1223508542423,1848.1223508542423,0.0,0.0,1055.1223508542423,0.0,793
1847.6089835345606,0.0,-18476.089835345607,993.1223508542423,39878.67460472164,0.0,-0.0,0.9666854435973538,0.47997237932604736,0.0,799.2,0.0,0.0,1.0,888.0,-0.0,118,-55.873712144767104,0.0,118,-24.195414668375644,0.0,203,-11.512145155850718,0.0,118,-0.07956364018242512,0.0,118,-49.978152313490256,0.0,180,-18.691192665097955,0.0,0.0,0.513367319681734,0.513367319681734,0.0,-18476.089835345607,-18476.089835345607,1848.1223508542423,1848.1223508542423,1848.1223508542423,0.0,0.0,993.1223508542423,0.0,855
1847.6089835345606,0.0,-18476.089835345607,533.9058661217132,40772.48472049046,0.0,-0.0,0.9883519918670268,0.47997237932604736,0.0,799.2,482.2164847325291,0.0,1.0,888.0,385387.4145982373,118,-47.087899574551386,0.0,118,-56.59521040201128,0.0,180,-7.632990197214862,0.0,118,-30.392965037745917,0.0,118,-37.20110464493584,0.0,180,-0.8023021678458098,0.0,0.0,0.513367319681734,0.513367319681734,0.0,366911.3247628917,366911.3247628917,1848.1223508542423,1848.1223508542423,1848.1223508542423,0.0,0.0,1016.1223508542423,0.0,832
1847.6089835345606,0.0,-18476.089835345607,0.0,41253.0,0.0,-0.0,1.0,0.47997237932604736,0.0,799.2,1016.1223508542423,0.0,1.0,888.0,812084.9828027105,118,-57.75131507502467,0.0,118,-19.045866327823042,0.0,180,-5.704780506866889,0.0,118,-0.7539314643482165,0.0,118,-52.38963554448374,0.0,180,-40.08825736673107,0.0,0.0,0.513367319681734,0.513367319681734,0.0,793608.8929673649,793608.8929673649,1848.1223508542423,1848.1223508542423,1848.1223508542423,0.0,0.0,1016.1223508542423,0.0,832
1279.9364413966127,0.0,-12799.364413966126,0.0,41253.0,0.0,-0.0,1.0,0.47997237932604736,0.0,799.2,448.2920780849697,0.0,1.0,888.0,358275.0288055078,118,-56.96926066226763,0.0,118,-58.67329349646016,0.0,180,-31.906117036223808,0.0,118,-26.91095337505666,0.0,118,-49.997060367653724,0.0,180,-57.93244036991273,0.0,0.0,0.355636688356936,0.355636688356936,0.0,345475.6643915417,345475.6643915417,1280.2920780849697,1280.2920780849697,1280.2920780849697,0.0,0.0,448.2920780849697,0.0,832
1279.9364413966127,0.0,-12799.364413966126,0.0,41253.0,0.0,-0.0,1.0,0.47997237932604736,0.0,799.2,448.2920780849697,0.0,1.0,888.0,358275.0288055078,118,-28.065234870422323,0.0,118,-43.97589205764875,0.0,180,-55.08268416470028,0.0,118,-33.01964334038701,0.0,118,-42.34501858132572,0.0,180,-58.16572499932573,0.0,0.0,0.355636688356936,0.355636688356936,0.0,345475.6643915417,345475.6643915417,1280.2920780849697,1280.2920780849697,1280.2920780849697,0.0,0.0,448.2920780849697,0.0,832
1279.9364413966127,0.0,-12799.364413966126,0.0,41253.0,0.0,-0.0,1.0,0.47997237932604736,0.0,799.2,448.2920780849697,0.0,1.0,888.0,358275.0288055078,118,-11.475555672358794,0.0,118,-6.498097342871414,0.0,180,-52.21797817609262,0.0,118,-15.77666837425068,0.0,118,-31.638966130899476,0.0,180,-56.910203728124124,0.0,0.0,0.355636688356936,0.355636688356936,0.0,345475.6643915417,345475.6643915417,1280.2920780849697,1280.2920780849697,1280.2920780849697,0.0,0.0,448.2920780849697,0.0,832
1279.9364413966127,0.0,-12799.364413966126,0.0,41253.0,0.0,-0.0,1.0,0.47997237932604736,0.0,799.2,425.2920780849697,0.0,1.0,888.0,339893.42880550784,118,-52.2274655517237,0.0,118,-15.214411034369164,0.0,203,-23.456641467367014,0.0,118,-4.519264758804928,0.0,118,-55.26301750871707,0.0,180,-44.894337535438645,0.0,0.0,0.355636688356936,0.355636688356936,0.0,327094.0643915417,327094.0643915417,1280.2920780849697,1280.2920780849697,1280.2920780849697,0.0,0.0,425.2920780849697,0.0,855
1279.9364413966127,0.0,-12799.364413966126,0.0,41253.0,0.0,-0.0,1.0,0.47997237932604736,0.0,799.2,446.2920780849697,0.0,1.0,888.0,356676.6288055078,118,-25.27086118852761,0.0,118,-4.313976969729573,0.0,180,-2.272077668554311,0.0,120,-21.406076174672176,0.0,118,-45.72155444465229,0.0,180,-9.491586191720398,0.0,0.0,0.355636688356936,0.355636688356936,0.0,343877.26439154166,343877.26439154166,1280.2920780849697,1280.2920780849697,1280.2920780849697,0.0,0.0,446.2920780849697,0.0,834
1279.9364413966127,0.0,-12799.364413966126,0.0,41253.0,0.0,-0.0,1.0,0.47997237932604736,0.0,799.2,448.2920780849697,0.0,1.0,888.0,358275.0288055078,118,-36.18281352695601,0.0,118,-5.94263356804031,0.0,180,-22.85129839402381,0.0,118,-49.26422925767161,0.0,118,-55.27402339932894,0.0,180,-54.82253463541538,0.0,0.0,0.355636688356936,0.355636688356936,0.0,345475.6643915417,345475.6643915417,1280.2920780849697,1280.2920780849697,1280.2920780849697,0.0,0.0,448.2920780849697,0.0,832
561.1497080192988,0.0,-5611.4970801929885,0.0,41253.0,270.69437375118764,-0.0,1.0,0.47997237932604736,0.0,799.2,0.0,0.0,1.0,888.0,-0.0,118,-27.13597275868731,0.0,118,-37.80496285891361,0.0,180,-44.18458914079626,0.0,118,-56.92184039613396,0.0,118,-19.119609049172016,0.0,180,-37.22790712040831,0.0,0.0,0.155918229513559,0.155918229513559,0.0,-5611.4970801929885,-5611.4970801929885,832.0,832.0,561.3056262488124,0.0,270.69437375118764,0.0,0.0,832
561.1497080192988,0.0,-5611.4970801929885,0.0,40952.22847360979,332.69437375118764,-0.0,0.9927090993045304,0.47997237932604736,0.0,799.2,0.0,0.0,1.0,888.0,-0.0,118,-2.0317935278175847,0.0,118,-43.243160210512414,0.0,180,-18.081397369814326,0.0,180,-52.61101578438478,0.0,118,-24.23143388505476,0.0,180,-0.5547696980569361,0.0,0.0,0.155918229513559,0.155918229513559,0.0,-5611.4970801929885,-5611.4970801929885,894.0,894.0,561.3056262488124,0.0,332.69437375118764,0.0,0.0,894
561.1497080192988,0.0,-5611.4970801929885,0.0,40582.5680583307,332.69437375118764,-0.0,0.9837482863871887,0.47997237932604736,0.0,799.2,0.0,0.0,1.0,888.0,-0.0,118,-13.060371531419424,0.0,118,-54.96059890132463,0.0,180,-55.95730808990365,0.0,180,-2.5899243061033173,0.0,118,-2.0813925277583145,0.0,180,-55.20108929662294,0.0,0.0,0.155918229513559,0.155918229513559,0.0,-5611.4970801929885,-5611.4970801929885,894.0,894.0,561.3056262488124,0.0,332.69437375118764,0.0,0.0,894
561.1497080192988,0.0,-5611.4970801929885,0.0,40212.9076430516,332.69437375118764,-0.0,0.9747874734698471,0.47997237932604736,0.0,799.2,0.0,0.0,1.0,888.0,-0.0,118,-29.60279506098917,0.0,118,-8.302037154104639,0.0,180,-34.89412376492985,0.0,180,-40.09006525811179,0.0,118,-0.9906352331449964,0.0,180,-29.16015603342871,0.0,0.0,0.155918229513559,0.155918229513559,0.0,-5611.4970801929885,-5611.4970801929885,894.0,894.0,561.3056262488124,0.0,332.69437375118764,0.0,0.0,894
561.1497080192988,0.0,-5611.4970801929885,0.0,39843.2472277725,332.69437375118764,-0.0,0.9658266605525053,0.47997237932604736,0.0,799.2,0.0,0.0,1.0,888.0,-0.0,118,-13.66379041080137,0.0,118,-50.01332749237773,0.0,180,-33.18259870321991,0.0,180,-46.304869639124085,0.0,118,-17.117135389379982,0.0,180,-6.742175511122339,0.0,0.0,0.155918229513559,0.155918229513559,0.0,-5611.4970801929885,-5611.4970801929885,894.0,894.0,561.3056262488124,0.0,332.69437375118764,0.0,0.0,894
561.1497080192988,0.0,-5611.4970801929885,0.0,39473.586812493406,332.69437375118764,-0.0,0.9568658476351637,0.47997237932604736,0.0,799.2,0.0,0.0,1.0,888.0,-0.0,118,-30.444446255868495,0.0,118,-36.22040568146297,0.0,180,-5.3700319042104745,0.0,180,-1.7639889950612986,0.0,118,-46.47478275618658,0.0,180,-33.613724026037175,0.0,0.0,0.155918229513559,0.155918229513559,0.0,-5611.4970801929885,-5611.4970801929885,894.0,894.0,561.3056262488124,0.0,332.69437375118764,0.0,0.0,894
3.7746484948117005,0.0,-37.74648494811701,0.0,39103.92639721431,890.2243027003829,-0.0,0.947905034717822,0.47997237932604736,0.0,799.2,0.0,0.0,1.0,888.0,-0.0,118,-0.4669250757238852,0.0,118,-1.6166589825445077,0.0,180,-28.551927486382475,0.0,180,-20.326835767294785,0.0,118,-30.262841141547,0.0,180,-9.77654441979289,0.0,0.0,0.0010488048054492,0.0010488048054492,0.0,-37.74648494811701,-37.74648494811701,894.0,894.0,3.77569729961715,0.0,890.2243027003829,0.0,0.0,894
3.7746484948117005,0.0,-37.74648494811701,0.0,38114.788283102775,890.2243027003829,-0.0,0.9239276727293233,0.47997237932604736,0.0,799.2,0.0,0.0,1.0,888.0,-0.0,118,-54.32428911886943,0.0,118,-14.97233044601299,0.0,180,-24.197958018408457,0.0,180,-38.14881788390811,0.0,118,-1.3912296079233744,0.0,180,-15.598202535614028,0.0,0.0,0.0010488048054492,0.0010488048054492,0.0,-37.74648494811701,-37.74648494811701,894.0,894.0,3.77569729961715,0.0,890.2243027003829,0.0,0.0,894
3.7746484948117005,0.0,-37.74648494811701,0.0,37125.65016899124,890.2243027003829,-0.0,0.8999503107408247,0.47997237932604736,0.0,799.2,0.0,0.0,1.0,888.0,-0.0,118,-27.034635473003572,0.0,118,-58.043817710797335,0.0,180,-27.532637266422736,0.0,180,-44.18997657056816,0.0,118,-42.67658219588125,0.0,180,-39.14364973958722,0.0,0.0,0.0010488048054492,0.0010488048054492,0.0,-37.74648494811701,-37.74648494811701,894.0,894.0,3.77569729961715,0.0,890.2243027003829,0.0,0.0,894
3.7746484948117005,0.0,-37.74648494811701,0.0,36136.512054879706,828.2243027003829,-0.0,0.875972948752326,0.47997237932604736,0.0,799.2,0.0,0.0,1.0,888.0,-0.0,118,-7.550375630951591,0.0,118,-7.727374452637619,0.0,180,-45.61497413255281,0.0,180,-25.314891567638007,0.0,118,-43.24172580451441,0.0,118,-17.54310985245578,0.0,0.0,0.0010488048054492,0.0010488048054492,0.0,-37.74648494811701,-37.74648494811701,832.0,832.0,3.77569729961715,0.0,828.2243027003829,0.0,0.0,832
3.7746484948117005,0.0,-37.74648494811701,0.0,35216.262829657055,890.2243027003829,-0.0,0.8536654989856993,0.47997237932604736,0.0,799.2,0.0,0.0,1.0,888.0,-0.0,118,-30.266733011812992,0.0,118,-28.750423794958312,0.0,180,-33.73494245807257,0.0,180,-44.99451462502707,0.0,118,-12.666638919671268,0.0,180,-24.486402375774475,0.0,0.0,0.0010488048054492,0.0010488048054492,0.0,-37.74648494811701,-37.74648494811701,894.0,894.0,3.77569729961715,0.0,890.2243027003829,0.0,0.0,894
3.7746484948117005,0.0,-37.74648494811701,0.0,34227.12471554552,828.2243027003829,-0.0,0.8296881369972007,0.47997237932604736,0.0,799.2,0.0,0.0,1.0,888.0,-0.0,118,-57.93636642304788,0.0,118,-36.31944879568541,0.0,180,-12.100147124328547,0.0,118,-0.2294487206900797,0.0,118,-56.32474869442234,0.0,180,-14.063738631188842,0.0,0.0,0.0010488048054492,0.0010488048054492,0.0,-37.74648494811701,-37.74648494811701,832.0,832.0,3.77569729961715,0.0,828.2243027003829,0.0,0.0,832
0.0,0.0,-0.0,0.0,33306.87549032287,832.0,-0.0,0.807380687230574,0.47997237932604736,0.0,799.2,0.0,0.0,1.0,888.0,-0.0,118,-23.924871507790577,0.0,118,-40.15594891146011,0.0,180,-21.44468896263655,0.0,118,-44.34993428403204,0.0,118,-4.062301421550345,0.0,180,-6.689492956074224,0.0,0.0,0.0,0.0,0.0,0.0,0.0,832.0,832.0,0.0,0.0,832.0,0.0,0.0,832
0.0,0.0,-0.0,0.0,32382.431045878424,832.0,-0.0,0.7849715425757745,0.47997237932604736,0.0,799.2,0.0,0.0,1.0,888.0,-0.0,118,-47.80664943537789,0.0,118,-9.344026289152424,0.0,180,-58.38350546117716,0.0,118,-31.91013679834824,0.0,118,-58.450001207944624,0.0,180,-41.19554287951234,0.0,0.0,0.0,0.0,0.0,0.0,0.0,832.0,832.0,0.0,0.0,832.0,0.0,0.0,832
0.0,0.0,-0.0,0.0,31457.98660143398,832.0,-0.0,0.7625623979209749,0.47997237932604736,0.0,799.2,0.0,0.0,1.0,888.0,-0.0,118,-27.447208743446883,0.0,118,-42.14281331978502,0.0,180,-41.75479105765092,0.0,118,-48.21681928817006,0.0,118,-25.30321706730393,0.0,180,-55.962520280717754,0.0,0.0,0.0,0.0,0.0,0.0,0.0,832.0,832.0,0.0,0.0,832.0,0.0,0.0,832
0.0,0.0,-0.0,0.0,30533.542156989533,832.0,-0.0,0.7401532532661754,0.47997237932604736,0.0,799.2,0.0,0.0,1.0,888.0,-0.0,118,-43.637581426149104,0.0,118,-39.98152995338623,0.0,180,-25.489488061497866,0.0,118,-16.701107271675802,0.0,118,-40.77114739476455,0.0,180,-37.03122280317009,0.0,0.0,0.0,0.0,0.0,0.0,0.0,832.0,832.0,0.0,0.0,832.0,0.0,0.0,832
0.0,0.0,-0.0,0.0,29609.097712545088,832.0,-0.0,0.7177441086113758,0.47997237932604736,0.0,799.2,0.0,0.0,1.0,888.0,-0.0,118,-41.41008106152866,0.0,118,-12.918057417802215,0.0,180,-2.743982177951134,0.0,118,-49.45050152157681,0.0,118,-50.46886709682557,0.0,180,-31.920048579089592,0.0,0.0,0.0,0.0,0.0,0.0,0.0,832.0,832.0,0.0,0.0,832.0,0.0,0.0,832
0.0,0.0,-0.0,0.0,28684.653268100643,832.0,-0.0,0.6953349639565763,0.47997237932604736,0.0,799.2,0.0,0.0,1.0,888.0,-0.0,118,-57.37635118773284,0.0,118,-53.191205419518134,0.0,180,-32.21767846710153,0.0,118,-36.003275994674624,0.0,118,-59.1821216613304,0.0,180,-33.437185690495895,0.0,0.0,0.0,0.0,0.0,0.0,0.0,832.0,832.0,0.0,0.0,832.0,0.0,0.0,832
0.0,0.0,-0.0,0.0,27760.208823656198,832.0,-0.0,0.6729258193017768,0.47997237932604736,0.0,799.2,0.0,0.0,1.0,888.0,-0.0,118,-3.6478532882838555,0.0,118,-59.22175930971245,0.0,180,-6.526219403966495,0.0,118,-52.58191991918298,0.0,118,-58.6778661769804,0.0,180,-38.732143259670735,0.0,0.0,0.0,0.0,0.0,0.0,0.0,832.0,832.0,0.0,0.0,832.0,0.0,0.0,832
0.0,0.0,-0.0,0.0,26835.764379211752,832.0,-0.0,0.6505166746469773,0.47997237932604736,0.0,799.2,0.0,0.0,1.0,888.0,-0.0,118,-16.311102689826885,0.0,118,-25.01984759762153,0.0,180,-8.564050503653489,0.0,118,-11.946629059924321,0.0,118,-6.608361213090584,0.0,180,-2.1835372063407044,0.0,0.0,0.0,0.0,0.0,0.0,0.0,832.0,832.0,0.0,0.0,832.0,0.0,0.0,832
0.0,0.0,-0.0,0.0,25911.319934767307,832.0,-0.0,0.6281075299921777,0.47997237932604736,0.0,799.2,0.0,0.0,1.0,888.0,-0.0,118,-12.97984710108997,0.0,118,-9.900674950060697,0.0,180,-47.8176786399461,0.0,118,-51.825721645290585,0.0,118,-38.77769310437032,0.0,180,-47.88910639552275,0.0,0.0,0.0,0.0,0.0,0.0,0.0,832.0,832.0,0.0,0.0,832.0,0.0,0.0,832
0.0,0.0,-0.0,0.0,24986.875490322862,770.0,-0.0,0.6056983853373782,0.47997237932604736,0.0,799.2,0.0,0.0,1.0,888.0,-0.0,118,-55.26081615900778,0.0,118,-36.12181233523315,0.0,180,-39.38162662029006,0.0,118,-12.173562441335298,0.0,118,-41.63725323655474,0.0,118,-51.148087398758385,0.0,0.0,0.0,0.0,0.0,0.0,0.0,770.0,770.0,0.0,0.0,770.0,0.0,0.0,770
0.0,0.0,-0.0,0.0,24131.319934767307,770.0,-0.0,0.5849591529044508,0.47997237932604736,0.0,799.2,0.0,0.0,1.0,888.0,-0.0,118,-50.58999291355492,0.0,118,-15.41407486213943,0.0,180,-31.90887470102078,0.0,118,-34.17922187569893,0.0,118,-33.795000492864816,0.0,118,-24.119810229521704,0.0,0.0,0.0,0.0,0.0,0.0,0.0,770.0,770.0,0.0,0.0,770.0,0.0,0.0,770
0.0,0.0,-0.0,0.0,23275.764379211752,770.0,-0.0,0.5642199204715234,0.47997237932604736,0.0,799.2,0.0,0.0,1.0,888.0,-0.0,118,-52.63546335414514,0.0,118,-20.74998443580717,0.0,180,-12.996662606931563,0.0,118,-58.11462878918871,0.0,118,-53.7285727613236,0.0,118,-37.119926707766766,0.0,0.0,0.0,0.0,0.0,0.0,0.0,770.0,770.0,0.0,0.0,770.0,0.0,0.0,770
0.0,0.0,-0.0,0.0,22420.208823656198,770.0,-0.0,0.543480688038596,0.47997237932604736,0.0,799.2,0.0,0.0,1.0,888.0,-0.0,118,-33.375932398679794,0.0,118,-13.126632557678617,0.0,180,-52.33515884162866,0.0,118,-0.3270780288161723,0.0,118,-18.306542394676775,0.0,118,-46.63659359637256,0.0,0.0,0.0,0.0,0.0,0.0,0.0,770.0,770.0,0.0,0.0,770.0,0.0,0.0,770
0.0,0.0,-0.0,0.0,21564.653268100643,770.0,-0.0,0.5227414556056685,0.47997237932604736,0.0,799.2,0.0,0.0,1.0,888.0,-0.0,118,-47.443974042802154,0.0,118,-16.726666437932256,0.0,180,-12.89796277138215,0.0,118,-54.059749380568924,0.0,118,-58.46653016135203,0.0,118,-29.698077985456287,0.0,0.0,0.0,0.0,0.0,0.0,0.0,770.0,770.0,0.0,0.0,770.0,0.0,0.0,770
0.0,0.0,-0.0,0.0,20709.097712545088,770.0,-0.0,0.5020022231727411,0.47997237932604736,0.0,799.2,0.0,0.0,1.0,888.0,-0.0,118,-43.224183377510286,0.0,118,-4.435187885924277,0.0,180,-20.406455823866082,0.0,118,-35.97249669800287,0.0,118,-54.14936226298993,0.0,118,-52.42967704582839,0.0,0.0,0.0,0.0,0.0,0.0,0.0,770.0,770.0,0.0,0.0,770.0,0.0,0.0,770
0.0,0.0,-0.0,0.0,19853.542156989533,770.0,-0.0,0.48126299073981366,0.47997237932604736,0.0,799.2,0.0,0.0,1.0,888.0,-0.0,118,-58.12243637396742,0.0,118,-55.943102865278675,0.0,180,-22.334648062489624,0.0,118,-23.812121651024768,0.0,118,-24.102989214105847,0.0,118,-24.18024180158896,0.0,0.0,0.0,0.0,0.0,0.0,0.0,770.0,770.0,0.0,0.0,770.0,0.0,0.0,770
0.0,0.0,-0.0,0.0,18997.98660143398,770.0,-0.0,0.46052375830688624,0.47997237932604736,0.0,799.2,0.0,0.0,1.0,888.0,-0.0,118,-43.61129553319178,0.0,118,-46.667837003302054,0.0,180,-52.66335762246427,0.0,118,-29.888724401823573,0.0,118,-48.91206318808987,0.0,118,-9.724913221237319,0.0,0.0,0.0,0.0,0.0,0.0,0.0,770.0,770.0,0.0,0.0,770.0,0.0,0.0,770
0.0,0.0,-0.0,0.0,18142.431045878424,770.0,-0.0,0.43978452587395883,0.47997237932604736,0.0,799.2,0.0,0.0,1.0,888.0,-0.0,118,-41.49676142406246,0.0,118,-29.438418491820673,0.0,180,-45.16875135517675,0.0,118,-26.971504521418204,0.0,118,-39.38670396865251,0.0,118,-37.476444835828694,0.0,0.0,0.0,0.0,0.0,0.0,0.0,770.0,770.0,0.0,0.0,770.0,0.0,0.0,770
0.0,0.0,-0.0,0.0,17286.87549032287,770.0,-0.0,0.4190452934410314,0.47997237932604736,0.0,799.2,0.0,0.0,1.0,888.0,-0.0,118,-26.908062245019885,0.0,118,-17.85391517575667,0.0,180,-6.985564501623349,0.0,118,-30.06175304969892,0.0,118,-41.427544676190315,0.0,118,-36.760628928080685,0.0,0.0,0.0,0.0,0.0,0.0,0.0,770.0,770.0,0.0,0.0,770.0,0.0,0.0,770
0.0,0.0,-0.0,0.0,16431.319934767314,770.0,-0.0,0.398306061008104,0.47997237932604736,0.0,799.2,0.0,0.0,1.0,888.0,-0.0,118,-53.222927084038766,0.0,118,-56.95316827390093,0.0,180,-36.57673848512416,0.0,118,-31.743414535773216,0.0,118,-29.503922950620364,0.0,118,-23.10702371110386,0.0,0.0,0.0,0.0,0.0,0.0,0.0,770.0,770.0,0.0,0.0,770.0,0.0,0.0,770
0.0,0.0,-0.0,0.0,15575.76437921176,832.0,-0.0,0.3775668285751766,0.47997237932604736,0.0,799.2,0.0,0.0,1.0,888.0,-0.0,118,-39.49286530300494,0.0,180,-50.98984308552077,0.0,180,-34.77724871230447,0.0,118,-46.42709507825003,0.0,118,-38.53894145907314,0.0,118,-18.733303574943832,0.0,0.0,0.0,0.0,0.0,0.0,0.0,832.0,832.0,0.0,0.0,832.0,0.0,0.0,832
0.0,0.0,-0.0,0.0,14651.319934767314,832.0,-0.0,0.35515768392037705,0.47997237932604736,0.0,799.2,0.0,0.0,1.0,888.0,-0.0,118,-35.34314949120404,0.0,180,-49.28149415530158,0.0,180,-31.5441282734499,0.0,118,-24.728282348054098,0.0,118,-5.011865236441995,0.0,118,-32.0782748210343,0.0,0.0,0.0,0.0,0.0,0.0,0.0,832.0,832.0,0.0,0.0,832.0,0.0,0.0,832
0.0,0.0,-0.0,0.0,13726.87549032287,832.0,-0.0,0.3327485392655775,0.47997237932604736,0.0,799.2,0.0,0.0,1.0,888.0,-0.0,118,-16.25901433791238,0.0,180,-7.127377734527245,0.0,180,-28.622818266863966,0.0,118,-5.185509405494601,0.0,118,-30.185037941139164,0.0,118,-18.655875411769244,0.0,0.0,0.0,0.0,0.0,0.0,0.0,832.0,832.0,0.0,0.0,832.0,0.0,0.0,832
0.0,0.0,-0.0,0.0,12802.431045878424,832.0,-0.0,0.310339394610778,0.47997237932604736,0.0,799.2,0.0,0.0,1.0,888.0,-0.0,118,-38.6693251683579,0.0,180,-44.698000061074985,0.0,180,-57.09238540274623,0.0,118,-48.93710087284498,0.0,118,-47.773952568094586,0.0,118,-38.15655987558893,0.0,0.0,0.0,0.0,0.0,0.0,0.0,832.0,832.0,0.0,0.0,832.0,0.0,0.0,832
0.0,0.0,-0.0,0.0,11877.986601433979,832.0,-0.0,0.28793024995597843,0.47997237932604736,0.0,799.2,0.0,0.0,1.0,888.0,-0.0,118,-35.64124768290494,0.0,180,-14.843889117135834,0.0,180,-26.669133363440764,0.0,118,-44.951707092700126,0.0,118,-20.17149272333617,0.0,118,-10.949015519700412,0.0,0.0,0.0,0.0,0.0,0.0,0.0,832.0,832.0,0.0,0.0,832.0,0.0,0.0,832
0.0,0.0,-0.0,0.0,10953.542156989533,832.0,-0.0,0.2655211053011789,0.47997237932604736,0.0,799.2,0.0,0.0,1.0,888.0,-0.0,118,-1.376461939909266,0.0,180,-45.542950648152996,0.0,180,-0.43887623130106856,0.0,118,-36.03465235784737,0.0,118,-0.2763026247749756,0.0,118,-57.96899674722594,0.0,0.0,0.0,0.0,0.0,0.0,0.0,832.0,832.0,0.0,0.0,832.0,0.0,0.0,832
0.0,0.0,-0.0,0.0,10029.097712545088,832.0,-0.0,0.24311196064637938,0.47997237932604736,0.0,799.2,0.0,0.0,1.0,888.0,-0.0,118,-22.140564343642044,0.0,180,-37.760743409307594,0.0,180,-57.28856509094516,0.0,118,-55.358123920623306,0.0,118,-18.73734335010932,0.0,118,-43.14229798022689,0.0,0.0,0.0,0.0,0.0,0.0,0.0,832.0,832.0,0.0,0.0,832.0,0.0,0.0,832
0.0,0.0,-0.0,0.0,9104.653268100643,832.0,-0.0,0.22070281599157984,0.47997237932604736,0.0,799.2,0.0,0.0,1.0,888.0,-0.0,118,-45.9261743324156,0.0,180,-42.403845446105535,0.0,180,-17.815796349910173,0.0,118,-8.0254018632906,0.0,118,-18.969902656486774,0.0,118,-29.40610077850324,0.0,0.0,0.0,0.0,0.0,0.0,0.0,832.0,832.0,0.0,0.0,832.0,0.0,0.0,832
0.0,0.0,-0.0,0.0,8180.208823656199,832.0,-0.0,0.19829367133678033,0.47997237932604736,0.0,799.2,0.0,0.0,1.0,888.0,-0.0,118,-16.078241577090175,0.0,180,-16.343834801739327,0.0,180,-56.10001271424603,0.0,118,-20.08271687915798,0.0,118,-20.201924403652797,0.0,118,-40.70472969040231,0.0,0.0,0.0,0.0,0.0,0.0,0.0,832.0,832.0,0.0,0.0,832.0,0.0,0.0,832
0.0,0.0,-0.0,0.0,7255.764379211754,832.0,-0.0,0.17588452668198082,0.47997237932604736,0.0,799.2,0.0,0.0,1.0,888.0,-0.0,118,-47.25125410994509,0.0,180,-58.58013427045046,0.0,180,-3.796137739569072,0.0,118,-58.743416866838416,0.0,118,-7.974988289632419,0.0,118,-44.149152005154036,0.0,0.0,0.0,0.0,0.0,0.0,0.0,832.0,832.0,0.0,0.0,832.0,0.0,0.0,832
0.0,0.0,-0.0,0.0,6331.31993476731,832.0,-0.0,0.1534753820271813,0.47997237932604736,0.0,799.2,0.0,0.0,1.0,888.0,-0.0,118,-31.935937487174005,0.0,180,-51.27257871806775,0.0,180,-34.06019231989656,0.0,118,-24.619792817192597,0.0,118,-45.13630430496017,0.0,118,-27.081051500510856,0.0,0.0,0.0,0.0,0.0,0.0,0.0,832.0,832.0,0.0,0.0,832.0,0.0,0.0,832
0.0,0.0,-0.0,0.0,5406.8754903228655,832.0,-0.0,0.13106623737238177,0.47997237932604736,0.0,799.2,0.0,0.0,1.0,888.0,-0.0,118,-36.95287334890985,0.0,180,-7.55706547877808,0.0,180,-18.662196472044045,0.0,118,-11.116129764385352,0.0,118,-29.779798925562677,0.0,118,-19.419758830542595,0.0,0.0,0.0,0.0,0.0,0.0,0.0,832.0,832.0,0.0,0.0,832.0,0.0,0.0,832
0.0,0.0,-0.0,0.0,4482.431045878421,832.0,-0.0,0.10865709271758227,0.47997237932604736,0.0,799.2,0.0,0.0,1.0,888.0,-0.0,118,-9.39586643244662,0.0,180,-38.6601598228505,0.0,180,-0.2684711099140702,0.0,118,-29.95713775946859,0.0,118,-8.761551245313917,0.0,118,-13.985380245087809,0.0,0.0,0.0,0.0,0.0,0.0,0.0,832.0,832.0,0.0,0.0,832.0,0.0,0.0,832
0.0,0.0,-0.0,0.0,3557.986601433977,832.0,-0.0,0.08624794806278276,0.47997237932604736,0.0,799.2,0.0,0.0,1.0,888.0,-0.0,118,-54.568808612768535,0.0,180,-38.167676255687205,0.0,180,-15.495846564071416,0.0,118,-8.075771108708649,0.0,118,-30.46234706354255,0.0,118,-15.213648807654526,0.0,0.0,0.0,0.0,0.0,0.0,0.0,832.0,832.0,0.0,0.0,832.0,0.0,0.0,832
0.0,0.0,-0.0,0.0,2633.5421569895325,832.0,-0.0,0.06383880340798324,0.47997237932604736,0.0,799.2,0.0,0.0,1.0,888.0,-0.0,118,-54.456914100067166,0.0,180,-2.592797054333995,0.0,180,-45.878037366494645,0.0,118,-26.91126035251847,0.0,118,-31.737563189120255,0.0,118,-0.7515680209418796,0.0,0.0,0.0,0.0,0.0,0.0,0.0,832.0,832.0,0.0,0.0,832.0,0.0,0.0,832
0.0,0.0,-0.0,0.0,1709.0977125450881,832.0,-0.0,0.041429658753183725,0.47997237932604736,0.0,799.2,0.0,0.0,1.0,888.0,-0.0,118,-4.958654779619318,0.0,180,-54.60858987409048,0.0,180,-5.527902841643064,0.0,118,-15.501487146006273,0.0,118,-57.160355601307046,0.0,118,-56.56980480961428,0.0,0.0,0.0,0.0,0.0,0.0,0.0,832.0,832.0,0.0,0.0,832.0,0.0,0.0,832
0.0,0.0,-0.0,0.0,784.6532681006437,706.1879412905794,-0.0,0.019020514098384206,0.47997237932604736,60.38631316666898,799.2,0.0,125.81205870942063,1.0,888.0,-111721.10813396552,118,-10.697307190302736,0.0,180,-5.9834613153175,0.0,180,-29.7373156295396,0.0,118,-8.806608645393094,0.0,118,-21.238277001454428,0.0,118,-22.1635153788868,0.0,0.0,0.0,0.0,0.0,-111721.10813396552,-111721.10813396552,832.0,832.0,0.0,0.0,832.0,0.0,0.0,832
0.0,0.0,-0.0,0.0,0.0,0.0,-0.0,0.0,0.47997237932604736,399.3370195992714,799.2,0.0,832.0,1.0,888.0,-738816.0,118,-21.429943236463767,0.0,180,-38.375325307515034,0.0,180,-17.93836741691846,0.0,118,-1.7809911865821082,0.0,118,-18.74667452021673,0.0,118,-19.343614532636973,0.0,0.0,0.0,0.0,0.0,-738816.0,-738816.0,832.0,832.0,0.0,0.0,832.0,0.0,0.0,832
0.0,0.0,-0.0,0.0,0.0,0.0,-0.0,0.0,0.47997237932604736,399.3370195992714,799.2,0.0,832.0,1.0,888.0,-738816.0,118,-20.584740049628138,0.0,180,-57.42071671781813,0.0,180,-15.956345551782762,0.0,118,-47.751833055759356,0.0,118,-37.88511819631691,0.0,118,-9.57625982669154,0.0,0.0,0.0,0.0,0.0,-738816.0,-738816.0,832.0,832.0,0.0,0.0,832.0,0.0,0.0,832
0.0,0.0,-0.0,0.0,0.0,0.0,-0.0,0.0,0.47997237932604736,399.3370195992714,799.2,0.0,832.0,1.0,888.0,-738816.0,118,-45.29593592003248,0.0,180,-0.27844604460603994,0.0,180,-44.18393704811435,0.0,118,-9.558892587804982,0.0,118,-10.482310730996392,0.0,118,-53.48959717580681,0.0,0.0,0.0,0.0,0.0,-738816.0,-738816.0,832.0,832.0,0.0,0.0,832.0,0.0,0.0,832
0.0,0.0,-0.0,0.0,0.0,0.0,-0.0,0.0,0.47997237932604736,399.3370195992714,799.2,0.0,832.0,1.0,888.0,-738816.0,118,-54.860374367496746,0.0,180,-3.6314247489865092,0.0,180,-45.70449276296114,0.0,118,-31.09954348699245,0.0,118,-39.78562953394575,0.0,118,-6.006843128306249,0.0,0.0,0.0,0.0,0.0,-738816.0,-738816.0,832.0,832.0,0.0,0.0,832.0,0.0,0.0,832
0.0,0.0,-0.0,0.0,0.0,0.0,-0.0,0.0,0.47997237932604736,399.3370195992714,799.2,0.0,832.0,1.0,888.0,-738816.0,118,-18.10492226128278,0.0,180,-29.06613586533561,0.0,180,-33.11945592033372,0.0,118,-25.553246936232586,0.0,118,-53.328640072025685,0.0,118,-47.55132388104444,0.0,0.0,0.0,0.0,0.0,-738816.0,-738816.0,832.0,832.0,0.0,0.0,832.0,0.0,0.0,832
0.0,0.0,-0.0,0.0,0.0,0.0,-0.0,0.0,0.47997237932604736,399.3370195992714,799.2,0.0,832.0,1.0,888.0,-738816.0,118,-52.61512923693583,0.0,180,-1.5772699878546126,0.0,180,-29.076086959788192,0.0,118,-52.383467883625435,0.0,118,-46.854696482618465,0.0,118,-10.996938272252986,0.0,0.0,0.0,0.0,0.0,-738816.0,-738816.0,832.0,832.0,0.0,0.0,832.0,0.0,0.0,832
0.0,0.0,-0.0,0.0,0.0,0.0,-0.0,0.0,0.47997237932604736,399.3370195992714,799.2,0.0,832.0,1.0,888.0,-738816.0,118,-49.379709484879655,0.0,180,-28.066386210724296,0.0,180,-36.00096263733623,0.0,118,-59.71751526243471,0.0,118,-16.624399647963816,0.0,118,-0.8726715337691826,0.0,0.0,0.0,0.0,0.0,-738816.0,-738816.0,832.0,832.0,0.0,0.0,832.0,0.0,0.0,832
0.0,0.0,-0.0,0.0,0.0,0.0,-0.0,0.0,0.47997237932604736,400.2969643579235,799.2,0.0,834.0,1.0,888.0,-740592.0,120,-28.453137402370224,0.0,180,-15.397412997332482,0.0,180,-50.48823285050431,0.0,118,-45.78473199751061,0.0,118,-50.43965194948417,0.0,118,-46.094977373001825,0.0,0.0,0.0,0.0,0.0,-740592.0,-740592.0,834.0,834.0,0.0,0.0,834.0,0.0,0.0,834
0.0,0.0,-0.0,0.0,0.0,0.0,-0.0,0.0,0.47997237932604736,370.53867683970856,799.2,0.0,772.0,1.0,888.0,-685536.0,120,-40.53467255317086,0.0,180,-13.366616667931545,0.0,118,-57.495483537896675,0.0,118,-48.267847085241485,0.0,118,-32.1231990037752,0.0,118,-40.792694131929196,0.0,0.0,0.0,0.0,0.0,-685536.0,-685536.0,772.0,772.0,0.0,0.0,772.0,0.0,0.0,772
0.0,0.0,-0.0,0.0,0.0,0.0,-0.0,0.0,0.47997237932604736,370.53867683970856,799.2,0.0,772.0,1.0,888.0,-685536.0,120,-11.6210522416392,0.0,180,-43.4986898783502,0.0,118,-34.32617770593448,0.0,118,-22.84411325471596,0.0,118,-2.0928054172208466,0.0,118,-8.430673485903977,0.0,0.0,0.0,0.0,0.0,-685536.0,-685536.0,772.0,772.0,0.0,0.0,772.0,0.0,0.0,772
0.0,0.0,-0.0,0.0,0.0,0.0,-0.0,0.0,0.47997237932604736,370.53867683970856,799.2,0.0,772.0,1.0,888.0,-685536.0,120,-49.95029792457667,0.0,180,-25.51010129585996,0.0,118,-3.691192068486502,0.0,118,-6.747916209327762,0.0,118,-31.47314939812645,0.0,118,-33.71421266841287,0.0,0.0,0.0,0.0,0.0,-685536.0,-685536.0,772.0,772.0,0.0,0.0,772.0,0.0,0.0,772
0.0,0.0,-0.0,0.0,0.0,0.0,-0.0,0.0,0.47997237932604736,371.49862159836067,799.2,0.0,774.0,1.0,888.0,-687312.0,120,-52.40122440590337,0.0,180,-53.132180134692355,0.0,118,-30.809893526587672,0.0,118,-21.778180646997928,0.0,118,-51.73753457225927,0.0,120,-15.235335408409528,0.0,0.0,0.0,0.0,0.0,-687312.0,-687312.0,774.0,774.0,0.0,0.0,774.0,0.0,0.0,774
0.0,0.0,-0.0,0.0,0.0,0.0,-0.0,0.0,0.47997237932604736,371.49862159836067,799.2,0.0,774.0,1.0,888.0,-687312.0,120,-7.606419363063277,0.0,180,-3.447038921193062,0.0,118,-8.424662551356729,0.0,118,-4.63073590993504,0.0,118,-54.74431014893711,0.0,120,-2.8205846634613607,0.0,0.0,0.0,0.0,0.0,-687312.0,-687312.0,774.0,774.0,0.0,0.0,774.0,0.0,0.0,774
0.0,0.0,-0.0,0.0,0.0,0.0,-0.0,0.0,0.47997237932604736,371.49862159836067,799.2,0.0,774.0,1.0,888.0,-687312.0,120,-11.431720396454491,0.0,180,-6.49815348225385,0.0,118,-34.29789639683989,0.0,118,-27.711957238996913,0.0,118,-59.53873306599378,0.0,120,-52.138463429779435,0.0,0.0,0.0,0.0,0.0,-687312.0,-687312.0,774.0,774.0,0.0,0.0,774.0,0.0,0.0,774
0.0,0.0,-0.0,0.0,0.0,0.0,-0.0,0.0,0.47997237932604736,371.49862159836067,799.2,0.0,774.0,1.0,888.0,-687312.0,120,-34.98959713041113,0.0,180,-54.06003428929352,0.0,118,-46.59573608418995,0.0,118,-39.877992945968884,0.0,118,-22.639825065709324,0.0,120,-39.49809161633751,0.0,0.0,0.0,0.0,0.0,-687312.0,-687312.0,774.0,774.0,0.0,0.0,774.0,0.0,0.0,774
0.0,0.0,-0.0,0.0,0.0,0.0,-0.0,0.0,0.47997237932604736,371.49862159836067,799.2,0.0,774.0,1.0,888.0,-687312.0,120,-55.1424744268519,0.0,180,-32.98844274023915,0.0,118,-8.014891042497275,0.0,118,-32.58901171769599,0.0,118,-33.01725128490766,0.0,120,-52.69652702335204,0.0,0.0,0.0,0.0,0.0,-687312.0,-687312.0,774.0,774.0,0.0,0.0,774.0,0.0,0.0,774
0.0,0.0,-0.0,0.0,0.0,0.0,-0.0,0.0,0.47997237932604736,371.49862159836067,799.2,0.0,774.0,1.0,888.0,-687312.0,120,-31.083118580420717,0.0,180,-58.520368690437834,0.0,118,-25.078479531541117,0.0,118,-56.4924551954319,0.0,118,-52.67644310078866,0.0,120,-32.30129144568241,0.0,0.0,0.0,0.0,0.0,-687312.0,-687312.0,774.0,774.0,0.0,0.0,774.0,0.0,0.0,774
0.0,0.0,-0.0,0.0,0.0,0.0,-0.0,0.0,0.47997237932604736,371.49862159836067,799.2,0.0,774.0,1.0,888.0,-687312.0,120,-29.43783984580329,0.0,180,-13.314492231920669,0.0,118,-31.889871047683734,0.0,118,-51.08415326989994,0.0,118,-20.143684690320853,0.0,120,-12.438315483696776,0.0,0.0,0.0,0.0,0.0,-687312.0,-687312.0,774.0,774.0,0.0,0.0,774.0,0.0,0.0,774
0.0,0.0,-0.0,0.0,0.0,0.0,-0.0,0.0,0.47997237932604736,371.49862159836067,799.2,0.0,774.0,1.0,888.0,-687312.0,120,-11.092730763533762,0.0,180,-56.029540837327005,0.0,118,-14.740516422226397,0.0,118,-24.663405449052608,0.0,118,-6.836318418835332,0.0,120,-37.52809465851403,0.0,0.0,0.0,0.0,0.0,-687312.0,-687312.0,774.0,774.0,0.0,0.0,774.0,0.0,0.0,774
0.0,0.0,-0.0,0.0,0.0,0.0,-0.0,0.0,0.47997237932604736,371.49862159836067,799.2,0.0,774.0,1.0,888.0,-687312.0,120,-29.36752296773343,0.0,180,-21.63883403144377,0.0,118,-27.53157131827566,0.0,118,-33.28285375235729,0.0,118,-59.48246570442591,0.0,120,-26.63799233399935,0.0,0.0,0.0,0.0,0.0,-687312.0,-687312.0,774.0,774.0,0.0,0.0,774.0,0.0,0.0,774
0.0,0.0,-0.0,0.0,0.0,0.0,-0.0,0.0,0.47997237932604736,371.49862159836067,799.2,0.0,774.0,1.0,888.0,-687312.0,120,-0.9776197550970078,0.0,180,-57.81588101099791,0.0,118,-9.793973801157419,0.0,118,-0.32001204900332647,0.0,118,-6.523947740702165,0.0,120,-55.656738261586646,0.0,0.0,0.0,0.0,0.0,-687312.0,-687312.0,774.0,774.0,0.0,0.0,774.0,0.0,0.0,774
0.0,0.0,-0.0,0.0,0.0,0.0,-0.0,0.0,0.47997237932604736,371.49862159836067,799.2,0.0,774.0,1.0,888.0,-687312.0,120,-13.029963274362906,0.0,180,-44.50556283870608,0.0,118,-48.7808429947364,0.0,118,-3.6850227468996177,0.0,118,-20.31890679331469,0.0,120,-2.8806794228449872,0.0,0.0,0.0,0.0,0.0,-687312.0,-687312.0,774.0,774.0,0.0,0.0,774.0,0.0,0.0,774
0.0,0.0,-0.0,0.0,0.0,0.0,-0.0,0.0,0.47997237932604736,371.49862159836067,799.2,0.0,774.0,1.0,888.0,-687312.0,120,-46.488196258911884,0.0,180,-52.414835776870866,0.0,118,-11.470754104800953,0.0,118,-41.24875774026037,0.0,118,-58.72308386869515,0.0,120,-17.2391709964418,0.0,0.0,0.0,0.0,0.0,-687312.0,-687312.0,774.0,774.0,0.0,0.0,774.0,0.0,0.0,774
0.0,0.0,-0.0,0.0,0.0,0.0,-0.0,0.0,0.47997237932604736,371.49862159836067,799.2,0.0,774.0,1.0,888.0,-687312.0,120,-41.929944730741184,0.0,180,-56.833262890573074,0.0,118,-52.14921670200979,0.0,118,-41.11457312037469,0.0,118,-45.08501452790009,0.0,120,-41.37150417701333,0.0,0.0,0.0,0.0,0.0,-687312.0,-687312.0,774.0,774.0,0.0,0.0,774.0,0.0,0.0,774
0.0,0.0,-0.0,0.0,0.0,0.0,-0.0,0.0,0.47997237932604736,371.49862159836067,799.2,0.0,774.0,1.0,888.0,-687312.0,120,-51.5452268011543,0.0,180,-14.845368199526373,0.0,118,-3.2521145251595573,0.0,118,-11.332283094996017,0.0,118,-25.641382426565535,0.0,120,-37.40891705252928,0.0,0.0,0.0,0.0,0.0,-687312.0,-687312.0,774.0,774.0,0.0,0.0,774.0,0.0,0.0,774
0.0,0.0,-0.0,0.0,0.0,0.0,-0.0,0.0,0.47997237932604736,371.49862159836067,799.2,0.0,774.0,1.0,888.0,-687312.0,120,-27.683169797340284,0.0,180,-47.312308311943326,0.0,118,-44.68095021801262,0.0,118,-9.020355391369685,0.0,118,-41.22032815295406,0.0,120,-7.052985909231411,0.0,0.0,0.0,0.0,0.0,-687312.0,-687312.0,774.0,774.0,0.0,0.0,774.0,0.0,0.0,774
0.0,0.0,-0.0,0.0,0.0,0.0,-0.0,0.0,0.47997237932604736,371.49862159836067,799.2,0.0,774.0,1.0,888.0,-687312.0,120,-15.07330789517207,0.0,180,-53.2205827431925,0.0,118,-31.571368883441167,0.0,118,-53.30914672257355,0.0,118,-30.563763933495874,0.0,120,-46.40530518483707,0.0,0.0,0.0,0.0,0.0,-687312.0,-687312.0,774.0,774.0,0.0,0.0,774.0,0.0,0.0,774
0.0,0.0,-0.0,0.0,0.0,0.0,-0.0,0.0,0.47997237932604736,371.49862159836067,799.2,0.0,774.0,1.0,888.0,-687312.0,120,-29.62588228848803,0.0,180,-42.992604342825324,0.0,118,-43.1359470434471,0.0,118,-43.624533044193704,0.0,118,-3.4459009228551585,0.0,120,-1.4022751443231174,0.0,0.0,0.0,0.0,0.0,-687312.0,-687312.0,774.0,774.0,0.0,0.0,774.0,0.0,0.0,774
0.0,0.0,-0.0,0.0,0.0,0.0,-0.0,0.0,0.47997237932604736,371.49862159836067,799.2,0.0,774.0,1.0,888.0,-687312.0,120,-58.03135649921524,0.0,180,-4.730645621302805,0.0,118,-16.153555201631715,0.0,118,-2.4573340701769975,0.0,118,-11.061201210130125,0.0,120,-19.5802490855927,0.0,0.0,0.0,0.0,0.0,-687312.0,-687312.0,774.0,774.0,0.0,0.0,774.0,0.0,0.0,774
0.0,0.0,-0.0,0.0,0.0,0.0,-0.0,0.0,0.47997237932604736,371.49862159836067,799.2,0.0,774.0,1.0,888.0,-687312.0,120,-56.14095302818832,0.0,180,-32.613626683399815,0.0,118,-10.77441961904541,0.0,118,-56.08106524190305,0.0,118,-48.6749161734904,0.0,120,-14.21699883099542,0.0,0.0,0.0,0.0,0.0,-687312.0,-687312.0,774.0,774.0,0.0,0.0,774.0,0.0,0.0,774
0.0,0.0,-0.0,0.0,0.0,0.0,-0.0,0.0,0.47997237932604736,371.49862159836067,799.2,0.0,774.0,1.0,888.0,-687312.0,120,-46.479498307331156,0.0,180,-42.56184411234125,0.0,118,-57.89042734316625,0.0,118,-52.51510550974791,0.0,118,-34.98741107493095,0.0,120,-2.7567226911727816,0.0,0.0,0.0,0.0,0.0,-687312.0,-687312.0,774.0,774.0,0.0,0.0,774.0,0.0,0.0,774
0.0,0.0,-0.0,0.0,0.0,0.0,-0.0,0.0,0.47997237932604736,371.49862159836067,799.2,0.0,774.0,1.0,888.0,-687312.0,120,-55.853178244034794,0.0,180,-47.95662929798855,0.0,118,-15.508353668717955,0.0,118,-0.5531332704744751,0.0,118,-58.804347152851186,0.0,120,-57.20237344002378,0.0,0.0,0.0,0.0,0.0,-687312.0,-687312.0,774.0,774.0,0.0,0.0,774.0,0.0,0.0,774
0.0,0.0,-0.0,0.0,0.0,0.0,-0.0,0.0,0.47997237932604736,371.49862159836067,799.2,0.0,774.0,1.0,888.0,-687312.0,120,-46.73585463889902,0.0,180,-5.903861962856826,0.0,118,-26.051075946076896,0.0,118,-34.63500838270317,0.0,118,-40.38868375950111,0.0,120,-22.55347708977016,0.0,0.0,0.0,0.0,0.0,-687312.0,-687312.0,774.0,774.0,0.0,0.0,774.0,0.0,0.0,774
0.0,0.0,-0.0,0.0,0.0,0.0,-0.0,0.0,0.47997237932604736,371.49862159836067,799.2,0.0,774.0,1.0,888.0,-687312.0,120,-11.06050302716152,0.0,180,-16.905263486065284,0.0,118,-10.416628008342268,0.0,118,-48.36588973343752,0.0,118,-52.63579823640867,0.0,120,-42.84927214444746,0.0,0.0,0.0,0.0,0.0,-687312.0,-687312.0,774.0,774.0,0.0,0.0,774.0,0.0,0.0,774
0.0,0.0,-0.0,0.0,0.0,0.0,-0.0,0.0,0.47997237932604736,371.49862159836067,799.2,0.0,774.0,1.0,888.0,-687312.0,120,-16.635229174628073,0.0,180,-52.80192253377328,0.0,118,-31.932367736780314,0.0,118,-57.52909116222507,0.0,118,-39.468319522961586,0.0,120,-45.85162589939285,0.0,0.0,0.0,0.0,0.0,-687312.0,-687312.0,774.0,774.0,0.0,0.0,774.0,0.0,0.0,774
0.0,0.0,-0.0,0.0,0.0,0.0,-0.0,0.0,0.47997237932604736,371.49862159836067,799.2,0.0,774.0,1.0,888.0,-687312.0,120,-36.639203904861915,0.0,180,-39.37771317056258,0.0,118,-36.68561898844272,0.0,118,-51.97366381850729,0.0,118,-1.8792597761061125,0.0,120,-30.85199596795061,0.0,0.0,0.0,0.0,0.0,-687312.0,-687312.0,774.0,774.0,0.0,0.0,774.0,0.0,0.0,774
0.0,0.0,-0.0,0.0,0.0,0.0,-0.0,0.0,0.47997237932604736,371.49862159836067,799.2,0.0,774.0,1.0,888.0,-687312.0,120,-24.325587350676706,0.0,180,-23.75582967100381,0.0,118,-18.373921162334092,0.0,118,-0.04290629672013324,0.0,118,-54.11553729053234,0.0,120,-26.980429589008825,0.0,0.0,0.0,0.0,0.0,-687312.0,-687312.0,774.0,774.0,0.0,0.0,774.0,0.0,0.0,774
0.0,0.0,-0.0,0.0,0.0,0.0,-0.0,0.0,0.47997237932604736,371.49862159836067,799.2,0.0,774.0,1.0,888.0,-687312.0,120,-8.028896858040122,0.0,180,-59.37827926390222,0.0,118,-25.64047446235844,0.0,118,-5.9560150412446,0.0,118,-55.5956622411331,0.0,120,-8.816443813235743,0.0,0.0,0.0,0.0,0.0,-687312.0,-687312.0,774.0,774.0,0.0,0.0,774.0,0.0,0.0,774
0.0,0.0,-0.0,0.0,0.0,0.0,-0.0,0.0,0.47997237932604736,371.49862159836067,799.2,0.0,774.0,1.0,888.0,-687312.0,120,-5.669849859808755,0.0,180,-53.213034148279355,0.0,118,-26.119294190714058,0.0,118,-48.56155485544938,0.0,118,-41.74959024925498,0.0,120,-2.031069698566561,0.0,0.0,0.0,0.0,0.0,-687312.0,-687312.0,774.0,774.0,0.0,0.0,774.0,0.0,0.0,774
0.0,0.0,-0.0,0.0,0.0,0.0,-0.0,0.0,0.47997237932604736,371.49862159836067,799.2,0.0,774.0,1.0,888.0,-687312.0,120,-19.60239485595859,0.0,180,-33.40841357104131,0.0,118,-47.221878174617906,0.0,118,-41.19182773011457,0.0,118,-22.73642385600749,0.0,120,-37.42582127563243,0.0,0.0,0.0,0.0,0.0,-687312.0,-687312.0,774.0,774.0,0.0,0.0,774.0,0.0,0.0,774
0.0,0.0,-0.0,0.0,0.0,0.0,-0.0,0.0,0.47997237932604736,371.49862159836067,799.2,0.0,774.0,1.0,888.0,-687312.0,120,-34.445927659370376,0.0,180,-2.547710137610548,0.0,118,-13.024443697151177,0.0,118,-57.36538861706699,0.0,118,-10.85292546761584,0.0,120,-1.6012601469211152,0.0,0.0,0.0,0.0,0.0,-687312.0,-687312.0,774.0,774.0,0.0,0.0,774.0,0.0,0.0,774
199.01143938908942,0.0,-1990.1143938908942,0.0,0.0,0.0,-0.0,0.0,0.47997237932604736,275.9520868175722,799.2,0.0,574.9332642954371,1.0,888.0,-510540.73869434814,120,-21.848303095935282,0.0,180,-5.343529756762761,0.0,118,-57.08588472411359,0.0,118,-57.79092387657765,0.0,118,-32.8494104669806,0.0,120,-50.18839916292617,0.0,0.0,0.0552963154734897,0.0552963154734897,0.0,-512530.85308823903,-512530.85308823903,774.0,774.0,199.06673570456292,0.0,574.9332642954371,0.0,0.0,774
199.01143938908942,0.0,-1990.1143938908942,0.0,0.0,0.0,-0.0,0.0,0.47997237932604736,275.9520868175722,799.2,0.0,574.9332642954371,1.0,888.0,-510540.73869434814,120,-10.632721906536144,0.0,180,-30.39391861953796,0.0,118,-53.51058285464625,0.0,118,-22.37778716856759,0.0,118,-40.16040360707757,0.0,120,-19.49886521939714,0.0,0.0,0.0552963154734897,0.0552963154734897,0.0,-512530.85308823903,-512530.85308823903,774.0,774.0,199.06673570456292,0.0,574.9332642954371,0.0,0.0,774
199.01143938908942,0.0,-1990.1143938908942,0.0,0.0,0.0,-0.0,0.0,0.47997237932604736,275.9520868175722,799.2,0.0,574.9332642954371,1.0,888.0,-510540.73869434814,120,-14.579782991387374,0.0,180,-4.006550033629415,0.0,118,-25.679108571862837,0.0,118,-58.01513551666159,0.0,118,-36.81332790282217,0.0,120,-16.04073450905864,0.0,0.0,0.0552963154734897,0.0552963154734897,0.0,-512530.85308823903,-512530.85308823903,774.0,774.0,199.06673570456292,0.0,574.9332642954371,0.0,0.0,774
199.01143938908942,0.0,-1990.1143938908942,0.0,0.0,0.0,-0.0,0.0,0.47997237932604736,275.9520868175722,799.2,0.0,574.9332642954371,1.0,888.0,-510540.73869434814,120,-40.570402973504095,0.0,180,-30.696881587629107,0.0,118,-20.83111826890259,0.0,118,-40.62983555660104,0.0,118,-33.625245487382095,0.0,120,-10.716021817828377,0.0,0.0,0.0552963154734897,0.0552963154734897,0.0,-512530.85308823903,-512530.85308823903,774.0,774.0,199.06673570456292,0.0,574.9332642954371,0.0,0.0,774
199.01143938908942,0.0,-1990.1143938908942,0.0,0.0,0.0,-0.0,0.0,0.47997237932604736,275.9520868175722,799.2,0.0,574.9332642954371,1.0,888.0,-510540.73869434814,120,-14.194506448360018,0.0,180,-15.795303989237315,0.0,118,-18.866656146138524,0.0,118,-43.49447257606047,0.0,118,-6.30067769250783,0.0,120,-20.06727164139545,0.0,0.0,0.0552963154734897,0.0552963154734897,0.0,-512530.85308823903,-512530.85308823903,774.0,774.0,199.06673570456292,0.0,574.9332642954371,0.0,0.0,774
199.01143938908942,0.0,-1990.1143938908942,0.0,0.0,0.0,-0.0,0.0,0.47997237932604736,275.9520868175722,799.2,0.0,574.9332642954371,1.0,888.0,-510540.73869434814,120,-41.037791348076425,0.0,180,-28.01286726181754,0.0,118,-39.64167021828676,0.0,118,-53.15432535759403,0.0,118,-0.3812785478785341,0.0,120,-43.012672148508265,0.0,0.0,0.0552963154734897,0.0552963154734897,0.0,-512530.85308823903,-512530.85308823903,774.0,774.0,199.06673570456292,0.0,574.9332642954371,0.0,0.0,774
838.5097238684581,0.0,-8385.09723868458,64.74270795400082,0.0,0.0,-0.0,0.0,0.47997237932604736,0.0,799.2,0.0,0.0,1.0,888.0,-0.0,120,-32.6027984344186,0.0,180,-13.524785057261594,0.0,118,-40.858921030620685,0.0,118,-21.50289530999573,0.0,118,-16.99175445299771,0.0,120,-22.87460727964749,0.0,0.0,0.232984085542778,0.232984085542778,0.0,-8385.09723868458,-8385.09723868458,838.7427079540008,838.7427079540008,838.7427079540008,0.0,0.0,64.74270795400082,0.0,774
838.5097238684581,0.0,-8385.09723868458,64.74270795400082,58.26843715860074,0.0,-0.0,0.0014124654487819247,0.47997237932604736,0.0,799.2,0.0,0.0,1.0,888.0,-0.0,120,-37.760762425559285,0.0,180,-8.959540095442815,0.0,118,-52.66032751331727,0.0,118,-28.392179198628646,0.0,118,-51.407643037145895,0.0,120,-52.51945643740174,0.0,0.0,0.232984085542778,0.232984085542778,0.0,-8385.09723868458,-8385.09723868458,838.7427079540008,838.7427079540008,838.7427079540008,0.0,0.0,64.74270795400082,0.0,774
838.5097238684581,0.0,-8385.09723868458,64.74270795400082,116.53687431720148,0.0,-0.0,0.0028249308975638494,0.47997237932604736,0.0,799.2,0.0,0.0,1.0,888.0,-0.0,120,-8.634454095461182,0.0,180,-5.107046562750419,0.0,118,-31.048350092062876,0.0,118,-58.79628276671735,0.0,118,-27.127078329823423,0.0,120,-32.932314350804994,0.0,0.0,0.232984085542778,0.232984085542778,0.0,-8385.09723868458,-8385.09723868458,838.7427079540008,838.7427079540008,838.7427079540008,0.0,0.0,64.74270795400082,0.0,774
838.5097238684581,0.0,-8385.09723868458,64.74270795400082,174.80531147580223,0.0,-0.0,0.004237396346345774,0.47997237932604736,0.0,799.2,0.0,0.0,1.0,888.0,-0.0,120,-47.712823012052226,0.0,180,-35.34034739936721,0.0,118,-20.15313491393197,0.0,118,-21.243267337822104,0.0,118,-25.51034026865506,0.0,120,-31.048360816317714,0.0,0.0,0.232984085542778,0.232984085542778,0.0,-8385.09723868458,-8385.09723868458,838.7427079540008,838.7427079540008,838.7427079540008,0.0,0.0,64.74270795400082,0.0,774
838.5097238684581,0.0,-8385.09723868458,64.74270795400082,233.07374863440296,0.0,-0.0,0.005649861795127699,0.47997237932604736,0.0,799.2,0.0,0.0,1.0,888.0,-0.0,120,-17.535446109022104,0.0,180,-26.903810612622955,0.0,118,-41.619825372213946,0.0,118,-21.65698093538581,0.0,118,-1.5957378368438069,0.0,120,-20.717828404689723,0.0,0.0,0.232984085542778,0.232984085542778,0.0,-8385.09723868458,-8385.09723868458,838.7427079540008,838.7427079540008,838.7427079540008,0.0,0.0,64.74270795400082,0.0,774
838.5097238684581,0.0,-8385.09723868458,64.74270795400082,291.3421857930037,0.0,-0.0,0.007062327243909624,0.47997237932604736,0.0,799.2,0.0,0.0,1.0,888.0,-0.0,120,-27.882828604502347,0.0,180,-21.51214526697081,0.0,118,-24.26260996211576,0.0,118,-2.3948400148460913,0.0,118,-35.890098471280055,0.0,120,-25.57190776186981,0.0,0.0,0.232984085542778,0.232984085542778,0.0,-8385.09723868458,-8385.09723868458,838.7427079540008,838.7427079540008,838.7427079540008,0.0,0.0,64.74270795400082,0.0,774
1505.1697662839981,0.0,-15051.69766283998,733.5879851687673,349.61062295160446,0.0,-0.0,0.008474792692691548,0.47997237932604736,0.0,799.2,0.0,0.0,1.0,888.0,-0.0,118,-24.822387156240346,0.0,180,-4.793644369211847,0.0,118,-33.84582407120792,0.0,118,-6.944386726709597,0.0,118,-8.0976707941274,0.0,120,-41.187630254608784,0.0,0.0,0.418218884769102,0.418218884769102,0.0,-15051.69766283998,-15051.69766283998,1505.5879851687673,1505.5879851687673,1505.5879851687673,0.0,0.0,733.5879851687673,0.0,772
1505.1697662839981,0.0,-15051.69766283998,733.5879851687673,1009.839809603495,0.0,-0.0,0.024479184776949436,0.47997237932604736,0.0,799.2,0.0,0.0,1.0,888.0,-0.0,118,-4.8377314982438175,0.0,180,-42.32761386492618,0.0,118,-6.128618338377844,0.0,118,-9.47527747656357,0.0,118,-29.64458858279842,0.0,120,-31.95003425517016,0.0,0.0,0.418218884769102,0.418218884769102,0.0,-15051.69766283998,-15051.69766283998,1505.5879851687673,1505.5879851687673,1505.5879851687673,0.0,0.0,733.5879851687673,0.0,772
1505.1697662839981,0.0,-15051.69766283998,733.5879851687673,1670.0689962553856,0.0,-0.0,0.04048357686120732,0.47997237932604736,0.0,799.2,0.0,0.0,1.0,888.0,-0.0,118,-34.30995707255617,0.0,180,-7.243757835097857,0.0,118,-59.54945026275464,0.0,118,-57.97240056275498,0.0,118,-59.8938517563629,0.0,120,-48.77940281617747,0.0,0.0,0.418218884769102,0.418218884769102,0.0,-15051.69766283998,-15051.69766283998,1505.5879851687673,1505.5879851687673,1505.5879851687673,0.0,0.0,733.5879851687673,0.0,772
1505.1697662839981,0.0,-15051.69766283998,733.5879851687673,2330.298182907276,0.0,-0.0,0.056487968945465206,0.47997237932604736,0.0,799.2,0.0,0.0,1.0,888.0,-0.0,118,-5.907692724794968,0.0,180,-43.59234069472119,0.0,118,-25.36292211561116,0.0,118,-3.4752954231654343,0.0,118,-10.02494491041981,0.0,120,-18.89832110469642,0.0,0.0,0.418218884769102,0.418218884769102,0.0,-15051.69766283998,-15051.69766283998,1505.5879851687673,1505.5879851687673,1505.5879851687673,0.0,0.0,733.5879851687673,0.0,772
1505.1697662839981,0.0,-15051.69766283998,733.5879851687673,2990.527369559167,0.0,-0.0,0.07249236102972309,0.47997237932604736,0.0,799.2,0.0,0.0,1.0,888.0,-0.0,118,-44.52850703097554,0.0,180,-24.982502968204614,0.0,118,-39.73544855610019,0.0,118,-4.52435755605366,0.0,118,-13.435970448241525,0.0,120,-38.71897143681973,0.0,0.0,0.418218884769102,0.418218884769102,0.0,-15051.69766283998,-15051.69766283998,1505.5879851687673,1505.5879851687673,1505.5879851687673,0.0,0.0,733.5879851687673,0.0,772
1505.1697662839981,0.0,-15051.69766283998,733.5879851687673,3650.7565562110576,0.0,-0.0,0.08849675311398099,0.47997237932604736,0.0,799.2,0.0,0.0,1.0,888.0,-0.0,118,-58.59489021321791,0.0,180,-28.94633109236526,0.0,118,-12.04776377858485,0.0,118,-57.722904992958966,0.0,118,-23.726487984207015,0.0,120,-14.570480564012477,0.0,0.0,0.418218884769102,0.418218884769102,0.0,-15051.69766283998,-15051.69766283998,1505.5879851687673,1505.5879851687673,1505.5879851687673,0.0,0.0,733.5879851687673,0.0,772
2002.8393178843482,0.0,-20028.393178843482,1231.3958167223266,4310.985742862948,0.0,-0.0,0.10450114519823887,0.47997237932604736,0.0,799.2,0.0,0.0,1.0,888.0,-0.0,118,-12.990628082786262,0.0,180,-37.44281527574755,0.0,118,-55.3594264060485,0.0,118,-25.638107707547483,0.0,118,-56.52774245411843,0.0,120,-29.88068220035418,0.0,0.0,0.556498837978424,0.556498837978424,0.0,-20028.393178843482,-20028.393178843482,2003.3958167223266,2003.3958167223266,2003.3958167223266,0.0,0.0,1231.3958167223266,0.0,772
2002.8393178843482,0.0,-20028.393178843482,1231.3958167223266,5419.241977913042,0.0,-0.0,0.13136600920934338,0.47997237932604736,0.0,799.2,0.0,0.0,1.0,888.0,-0.0,118,-6.399370622017124,0.0,180,-23.328148167619922,0.0,118,-11.553282768077686,0.0,118,-23.87240863417243,0.0,118,-34.520368843869946,0.0,120,-34.39362822841384,0.0,0.0,0.556498837978424,0.556498837978424,0.0,-20028.393178843482,-20028.393178843482,2003.3958167223266,2003.3958167223266,2003.3958167223266,0.0,0.0,1231.3958167223266,0.0,772
2002.8393178843482,0.0,-20028.393178843482,1231.3958167223266,6527.498212963136,0.0,-0.0,0.15823087322044788,0.47997237932604736,0.0,799.2,0.0,0.0,1.0,888.0,-0.0,118,-22.489909116502606,0.0,180,-34.77246341357293,0.0,118,-31.87875741319509,0.0,118,-48.12407635561138,0.0,118,-44.65018451415776,0.0,120,-35.522088534728,0.0,0.0,0.556498837978424,0.556498837978424,0.0,-20028.393178843482,-20028.393178843482,2003.3958167223266,2003.3958167223266,2003.3958167223266,0.0,0.0,1231.3958167223266,0.0,772
2002.8393178843482,0.0,-20028.393178843482,1169.3958167223266,7635.75444801323,0.0,-0.0,0.18509573723155237,0.47997237932604736,0.0,799.2,0.0,0.0,1.0,888.0,-0.0,118,-52.88781977032684,0.0,180,-51.99289620179089,0.0,118,-15.53239017055386,0.0,180,-26.435429648781124,0.0,118,-24.07178824513132,0.0,120,-48.19025806921593,0.0,0.0,0.556498837978424,0.556498837978424,0.0,-20028.393178843482,-20028.393178843482,2003.3958167223266,2003.3958167223266,2003.3958167223266,0.0,0.0,1169.3958167223266,0.0,834
2002.8393178843482,0.0,-20028.393178843482,1169.3958167223266,8688.210683063324,0.0,-0.0,0.21060797234294049,0.47997237932604736,0.0,799.2,0.0,0.0,1.0,888.0,-0.0,118,-12.234675043670293,0.0,180,-27.03207917355556,0.0,118,-17.0292054816631,0.0,180,-23.972379511318714,0.0,118,-11.441167141908027,0.0,120,-38.17807953582674,0.0,0.0,0.556498837978424,0.556498837978424,0.0,-20028.393178843482,-20028.393178843482,2003.3958167223266,2003.3958167223266,2003.3958167223266,0.0,0.0,1169.3958167223266,0.0,834
2002.8393178843482,0.0,-20028.393178843482,1169.3958167223266,9740.666918113418,0.0,-0.0,0.23612020745432863,0.47997237932604736,0.0,799.2,0.0,0.0,1.0,888.0,-0.0,118,-43.99369347924008,0.0,180,-5.707977261714802,0.0,118,-20.85751410490971,0.0,180,-12.37273163482273,0.0,118,-5.595707201574185,0.0,120,-7.639864778970004,0.0,0.0,0.556498837978424,0.556498837978424,0.0,-20028.393178843482,-20028.393178843482,2003.3958167223266,2003.3958167223266,2003.3958167223266,0.0,0.0,1169.3958167223266,0.0,834
2286.8882823902195,0.0,-22868.882823902197,1453.5237056417868,10793.123153163513,0.0,-0.0,0.26163244256571677,0.47997237932604736,0.0,799.2,0.0,0.0,1.0,888.0,-0.0,118,-24.4999441393916,0.0,180,-15.026822531300647,0.0,118,-14.750649181227269,0.0,180,-5.50751482368433,0.0,118,-20.7136165042924,0.0,120,-25.477985486195994,0.0,0.0,0.635423251567163,0.635423251567163,0.0,-22868.882823902197,-22868.882823902197,2287.523705641787,2287.523705641787,2287.523705641787,0.0,0.0,1453.5237056417868,0.0,834
2286.8882823902195,0.0,-22868.882823902197,1453.5237056417868,12101.294488241121,0.0,-0.0,0.2933433808023931,0.47997237932604736,0.0,799.2,0.0,0.0,1.0,888.0,-0.0,118,-35.440419154426095,0.0,180,-28.493682509835114,0.0,118,-0.6462555059467889,0.0,180,-5.414045612330096,0.0,118,-32.24643316676207,0.0,120,-5.076161736630156,0.0,0.0,0.635423251567163,0.635423251567163,0.0,-22868.882823902197,-22868.882823902197,2287.523705641787,2287.523705641787,2287.523705641787,0.0,0.0,1453.5237056417868,0.0,834
2286.8882823902195,0.0,-22868.882823902197,1453.5237056417868,13409.46582331873,0.0,-0.0,0.3250543190390694,0.47997237932604736,0.0,799.2,0.0,0.0,1.0,888.0,-0.0,118,-6.661418165514235,0.0,180,-21.3331792070112,0.0,118,-2.1164107777120855,0.0,180,-30.056645114644766,0.0,118,-39.90309811844314,0.0,120,-4.543966678914815,0.0,0.0,0.635423251567163,0.635423251567163,0.0,-22868.882823902197,-22868.882823902197,2287.523705641787,2287.523705641787,2287.523705641787,0.0,0.0,1453.5237056417868,0.0,834
2286.8882823902195,0.0,-22868.882823902197,1453.5237056417868,14717.637158396337,0.0,-0.0,0.3567652572757457,0.47997237932604736,0.0,799.2,0.0,0.0,1.0,888.0,-0.0,118,-59.054372662938114,0.0,180,-55.36784096966859,0.0,118,-40.59912544209326,0.0,180,-32.76489902744856,0.0,118,-25.390126486150727,0.0,120,-53.04378417400345,0.0,0.0,0.635423251567163,0.635423251567163,0.0,-22868.882823902197,-22868.882823902197,2287.523705641787,2287.523705641787,2287.523705641787,0.0,0.0,1453.5237056417868,0.0,834
2286.8882823902195,0.0,-22868.882823902197,1430.5237056417868,16025.808493473945,0.0,-0.0,0.388476195512422,0.47997237932604736,0.0,799.2,0.0,0.0,1.0,888.0,-0.0,118,-11.448437525617841,0.0,203,-58.23438175752814,0.0,118,-10.000512285400871,0.0,180,-39.606783881116066,0.0,118,-14.883132038278637,0.0,120,-49.0460438470183,0.0,0.0,0.635423251567163,0.635423251567163,0.0,-22868.882823902197,-22868.882823902197,2287.523705641787,2287.523705641787,2287.523705641787,0.0,0.0,1430.5237056417868,0.0,857
2286.8882823902195,0.0,-22868.882823902197,1430.5237056417868,17313.279828551553,0.0,-0.0,0.41968535206049384,0.47997237932604736,0.0,799.2,0.0,0.0,1.0,888.0,-0.0,118,-46.141151722645354,0.0,203,-51.70008014271769,0.0,118,-24.846889124115428,0.0,180,-2.0554926155678843,0.0,118,-23.366769510257754,0.0,120,-16.108998574147677,0.0,0.0,0.635423251567163,0.635423251567163,0.0,-22868.882823902197,-22868.882823902197,2287.523705641787,2287.523705641787,2287.523705641787,0.0,0.0,1430.5237056417868,0.0,857
2351.6235199403477,0.0,-23516.235199403476,1495.2769301987364,18600.75116362916,0.0,-0.0,0.45089450860856567,0.47997237932604736,0.0,799.2,0.0,0.0,1.0,888.0,-0.0,118,-40.12341071579955,0.0,203,-45.17282750124559,0.0,118,-17.925888161247546,0.0,180,-12.890795525527166,0.0,118,-25.44685552031342,0.0,120,-3.94917651531822,0.0,0.0,0.653410258388538,0.653410258388538,0.0,-23516.235199403476,-23516.235199403476,2352.2769301987364,2352.2769301987364,2352.2769301987364,0.0,0.0,1495.2769301987364,0.0,857
2351.6235199403477,0.0,-23516.235199403476,1495.2769301987364,19946.50040080802,0.0,-0.0,0.48351636004188836,0.47997237932604736,0.0,799.2,0.0,0.0,1.0,888.0,-0.0,118,-51.78115966954619,0.0,203,-49.75692244939437,0.0,118,-3.8286961204718706,0.0,180,-23.109122143966413,0.0,118,-4.69806214639468,0.0,120,-51.694368589051166,0.0,0.0,0.653410258388538,0.653410258388538,0.0,-23516.235199403476,-23516.235199403476,2352.2769301987364,2352.2769301987364,2352.2769301987364,0.0,0.0,1495.2769301987364,0.0,857
2351.6235199403477,0.0,-23516.235199403476,1495.2769301987364,21292.249637986883,0.0,-0.0,0.5161382114752111,0.47997237932604736,0.0,799.2,0.0,0.0,1.0,888.0,-0.0,118,-6.097150455758939,0.0,203,-43.33017056425084,0.0,118,-58.10560072298003,0.0,180,-7.447042602083373,0.0,118,-51.73917799240591,0.0,120,-5.687631620921612,0.0,0.0,0.653410258388538,0.653410258388538,0.0,-23516.235199403476,-23516.235199403476,2352.2769301987364,2352.2769301987364,2352.2769301987364,0.0,0.0,1495.2769301987364,0.0,857
2351.6235199403477,0.0,-23516.235199403476,1495.2769301987364,22637.998875165744,0.0,-0.0,0.5487600629085337,0.47997237932604736,0.0,799.2,0.0,0.0,1.0,888.0,-0.0,118,-40.14344733567556,0.0,203,-9.645205860814926,0.0,118,-3.8790572802030066,0.0,180,-51.421587814298235,0.0,118,-16.263854755158746,0.0,120,-46.23529627370319,0.0,0.0,0.653410258388538,0.653410258388538,0.0,-23516.235199403476,-23516.235199403476,2352.2769301987364,2352.2769301987364,2352.2769301987364,0.0,0.0,1495.2769301987364,0.0,857
2351.6235199403477,0.0,-23516.235199403476,1495.2769301987364,23983.748112344605,0.0,-0.0,0.5813819143418565,0.47997237932604736,0.0,799.2,0.0,0.0,1.0,888.0,-0.0,118,-3.5479327096657776,0.0,203,-45.87597514114388,0.0,118,-5.997525994644746,0.0,180,-33.8538902709786,0.0,118,-11.010240672573463,0.0,120,-45.90124505264384,0.0,0.0,0.653410258388538,0.653410258388538,0.0,-23516.235199403476,-23516.235199403476,2352.2769301987364,2352.2769301987364,2352.2769301987364,0.0,0.0,1495.2769301987364,0.0,857
2351.6235199403477,0.0,-23516.235199403476,1495.2769301987364,25329.497349523466,0.0,-0.0,0.6140037657751791,0.47997237932604736,0.0,799.2,0.0,0.0,1.0,888.0,-0.0,118,-13.375858659465056,0.0,203,-54.61544971746871,0.0,118,-15.395617474188716,0.0,180,-13.002671424431506,0.0,118,-2.5798746669490913,0.0,120,-56.81345621062447,0.0,0.0,0.653410258388538,0.653410258388538,0.0,-23516.235199403476,-23516.235199403476,2352.2769301987364,2352.2769301987364,2352.2769301987364,0.0,0.0,1495.2769301987364,0.0,857
2204.951062356331,0.0,-22049.51062356331,1348.5637189449267,26675.246586702327,0.0,-0.0,0.6466256172085019,0.47997237932604736,0.0,799.2,0.0,0.0,1.0,888.0,-0.0,118,-24.60884854580671,0.0,203,-52.43030317313306,0.0,118,-48.776009854052916,0.0,180,-47.253947518726285,0.0,118,-24.51710408167972,0.0,120,-55.265631110462486,0.0,0.0,0.612656588595813,0.612656588595813,0.0,-22049.51062356331,-22049.51062356331,2205.5637189449267,2205.5637189449267,2205.5637189449267,0.0,0.0,1348.5637189449267,0.0,857
2204.951062356331,0.0,-22049.51062356331,1348.5637189449267,27888.95393375276,0.0,-0.0,0.6760466859077585,0.47997237932604736,0.0,799.2,0.0,0.0,1.0,888.0,-0.0,118,-37.30700378391584,0.0,203,-56.01181528414123,0.0,118,-42.10972410025242,0.0,180,-9.49828405591311,0.0,118,-24.86804506852663,0.0,120,-15.533286587928416,0.0,0.0,0.612656588595813,0.612656588595813,0.0,-22049.51062356331,-22049.51062356331,2205.5637189449267,2205.5637189449267,2205.5637189449267,0.0,0.0,1348.5637189449267,0.0,857
2204.951062356331,0.0,-22049.51062356331,1348.5637189449267,29102.661280803193,0.0,-0.0,0.705467754607015,0.47997237932604736,0.0,799.2,0.0,0.0,1.0,888.0,-0.0,118,-34.2578423098021,0.0,203,-51.534896322844276,0.0,118,-5.318876799597501,0.0,180,-15.412553163103464,0.0,118,-21.559498650114243,0.0,120,-6.771922448945129,0.0,0.0,0.612656588595813,0.612656588595813,0.0,-22049.51062356331,-22049.51062356331,2205.5637189449267,2205.5637189449267,2205.5637189449267,0.0,0.0,1348.5637189449267,0.0,857
2204.951062356331,0.0,-22049.51062356331,1348.5637189449267,30316.368627853626,0.0,-0.0,0.7348888233062717,0.47997237932604736,0.0,799.2,0.0,0.0,1.0,888.0,-0.0,118,-46.63009762087748,0.0,203,-4.533294680694533,0.0,118,-30.447213978198004,0.0,180,-44.64554233024557,0.0,118,-53.37276424672808,0.0,120,-29.85194657563791,0.0,0.0,0.612656588595813,0.612656588595813,0.0,-22049.51062356331,-22049.51062356331,2205.5637189449267,2205.5637189449267,2205.5637189449267,0.0,0.0,1348.5637189449267,0.0,857
2204.951062356331,0.0,-22049.51062356331,1348.5637189449267,31530.07597490406,0.0,-0.0,0.7643098920055283,0.47997237932604736,0.0,799.2,0.0,0.0,1.0,888.0,-0.0,118,-47.93675342485192,0.0,203,-47.786646746193014,0.0,118,-43.913887626966236,0.0,180,-8.407049403298398,0.0,118,-15.373792175419535,0.0,120,-1.5871502824851214,0.0,0.0,0.612656588595813,0.612656588595813,0.0,-22049.51062356331,-22049.51062356331,2205.5637189449267,2205.5637189449267,2205.5637189449267,0.0,0.0,1348.5637189449267,0.0,857
2204.951062356331,0.0,-22049.51062356331,1348.5637189449267,32743.783321954492,0.0,-0.0,0.7937309607047849,0.47997237932604736,0.0,799.2,0.0,0.0,1.0,888.0,-0.0,118,-53.822718466322776,0.0,203,-35.95238031596233,0.0,118,-26.34625183248055,0.0,180,-26.613593673077684,0.0,118,-32.20220733269761,0.0,120,-33.47783322184783,0.0,0.0,0.612656588595813,0.612656588595813,0.0,-22049.51062356331,-22049.51062356331,2205.5637189449267,2205.5637189449267,2205.5637189449267,0.0,0.0,1348.5637189449267,0.0,857
1851.0272566838858,0.0,-18510.27256683886,994.5415737877156,33957.490669004925,0.0,-0.0,0.8231520294040415,0.47997237932604736,0.0,799.2,0.0,0.0,1.0,888.0,-0.0,118,-46.18202572772621,0.0,203,-12.406268753063209,0.0,118,-17.880920444684595,0.0,180,-15.575709084847649,0.0,118,-17.597371466508072,0.0,120,-55.390365497111695,0.0,0.0,0.514317103829921,0.514317103829921,0.0,-18510.27256683886,-18510.27256683886,1851.5415737877156,1851.5415737877156,1851.5415737877156,0.0,0.0,994.5415737877156,0.0,857
1851.0272566838858,0.0,-18510.27256683886,994.5415737877156,34852.57808541387,0.0,-0.0,0.8448495402858912,0.47997237932604736,0.0,799.2,0.0,0.0,1.0,888.0,-0.0,118,-8.42535392171973,0.0,203,-14.95703370860753,0.0,118,-56.53943731519174,0.0,180,-51.165374215682505,0.0,118,-41.79550732964875,0.0,120,-58.414141247265974,0.0,0.0,0.514317103829921,0.514317103829921,0.0,-18510.27256683886,-18510.27256683886,1851.5415737877156,1851.5415737877156,1851.5415737877156,0.0,0.0,994.5415737877156,0.0,857
1851.0272566838858,0.0,-18510.27256683886,994.5415737877156,35747.66550182282,0.0,-0.0,0.866547051167741,0.47997237932604736,0.0,799.2,0.0,0.0,1.0,888.0,-0.0,118,-13.272572538555377,0.0,203,-55.49255512439109,0.0,118,-45.34447272706004,0.0,180,-52.094184614520685,0.0,118,-27.551212971132333,0.0,120,-6.254927756870005,0.0,0.0,0.514317103829921,0.514317103829921,0.0,-18510.27256683886,-18510.27256683886,1851.5415737877156,1851.5415737877156,1851.5415737877156,0.0,0.0,994.5415737877156,0.0,857
1851.0272566838858,0.0,-18510.27256683886,994.5415737877156,36642.75291823177,0.0,-0.0,0.8882445620495908,0.47997237932604736,0.0,799.2,0.0,0.0,1.0,888.0,-0.0,118,-44.72221770853063,0.0,203,-23.08762619396918,0.0,118,-47.456095005506235,0.0,180,-47.29586606615109,0.0,118,-4.120048821508888,0.0,120,-38.35657762201522,0.0,0.0,0.514317103829921,0.514317103829921,0.0,-18510.27256683886,-18510.27256683886,1851.5415737877156,1851.5415737877156,1851.5415737877156,0.0,0.0,994.5415737877156,0.0,857
1851.0272566838858,0.0,-18510.27256683886,994.5415737877156,37537.840334640714,0.0,-0.0,0.9099420729314405,0.47997237932604736,0.0,799.2,0.0,0.0,1.0,888.0,-0.0,118,-38.923909849177726,0.0,203,-13.548773574062206,0.0,118,-30.554855479941885,0.0,180,-51.60798289445814,0.0,118,-41.88557949888714,0.0,120,-38.24071416221785,0.0,0.0,0.514317103829921,0.514317103829921,0.0,-18510.27256683886,-18510.27256683886,1851.5415737877156,1851.5415737877156,1851.5415737877156,0.0,0.0,994.5415737877156,0.0,857
1851.0272566838858,0.0,-18510.27256683886,994.5415737877156,38432.92775104966,0.0,-0.0,0.9316395838132903,0.47997237932604736,0.0,799.2,0.0,0.0,1.0,888.0,-0.0,118,-59.0345450702762,0.0,203,-12.140925250543237,0.0,118,-3.4638821049283464,0.0,180,-35.59182688649774,0.0,118,-29.62537556357352,0.0,120,-15.557356717298072,0.0,0.0,0.514317103829921,0.514317103829921,0.0,-18510.27256683886,-18510.27256683886,1851.5415737877156,1851.5415737877156,1851.5415737877156,0.0,0.0,994.5415737877156,0.0,857
1286.9719895599856,0.0,-12869.719895599856,430.32958111029393,39328.01516745861,0.0,-0.0,0.9533370946951399,0.47997237932604736,0.0,799.2,0.0,0.0,1.0,888.0,-0.0,118,-54.09216083453781,0.0,203,-19.203449067616248,0.0,118,-58.48308654372684,0.0,180,-11.134845250269649,0.0,118,-4.064233465662028,0.0,120,-5.2083766523348345,0.0,0.0,0.357591550308415,0.357591550308415,0.0,-12869.719895599856,-12869.719895599856,1287.329581110294,1287.329581110294,1287.329581110294,0.0,0.0,430.32958111029393,0.0,857
1286.9719895599856,0.0,-12869.719895599856,430.32958111029393,39715.311790457876,0.0,-0.0,0.9627254209501824,0.47997237932604736,0.0,799.2,0.0,0.0,1.0,888.0,-0.0,118,-29.106200817322975,0.0,203,-5.985484196136013,0.0,118,-13.345702812576178,0.0,180,-32.65239689683443,0.0,118,-4.123231052054781,0.0,120,-53.889414031134706,0.0,0.0,0.357591550308415,0.357591550308415,0.0,-12869.719895599856,-12869.719895599856,1287.329581110294,1287.329581110294,1287.329581110294,0.0,0.0,430.32958111029393,0.0,857
1286.9719895599856,0.0,-12869.719895599856,430.32958111029393,40102.60841345714,0.0,-0.0,0.9721137472052249,0.47997237932604736,0.0,799.2,0.0,0.0,1.0,888.0,-0.0,118,-55.48514132502209,0.0,203,-14.30692376843868,0.0,118,-9.72685508201405,0.0,180,-27.047598976641204,0.0,118,-47.56566389679788,0.0,120,-27.708408857723125,0.0,0.0,0.357591550308415,0.357591550308415,0.0,-12869.719895599856,-12869.719895599856,1287.329581110294,1287.329581110294,1287.329581110294,0.0,0.0,430.32958111029393,0.0,857
1286.9719895599856,0.0,-12869.719895599856,430.32958111029393,40489.90503645641,0.0,-0.0,0.9815020734602674,0.47997237932604736,0.0,799.2,0.0,0.0,1.0,888.0,-0.0,118,-6.971689058344815,0.0,203,-46.809966591797185,0.0,118,-13.581032850579833,0.0,180,-39.66028777875316,0.0,118,-14.408599538921747,0.0,120,-24.5363155335309,0.0,0.0,0.357591550308415,0.357591550308415,0.0,-12869.719895599856,-12869.719895599856,1287.329581110294,1287.329581110294,1287.329581110294,0.0,0.0,430.32958111029393,0.0,857
1286.9719895599856,0.0,-12869.719895599856,417.5537117159143,40877.20165945568,0.0,-0.0,0.9908903997153099,0.47997237932604736,0.0,799.2,12.77586939437964,0.0,1.0,888.0,10210.474819988209,118,-3.492542804536407,0.0,203,-7.702099407392988,0.0,118,-57.02872777447587,0.0,180,-45.08443927713267,0.0,118,-56.318590633448096,0.0,120,-31.855294154931762,0.0,0.0,0.357591550308415,0.357591550308415,0.0,-2659.245075611647,-2659.245075611647,1287.329581110294,1287.329581110294,1287.329581110294,0.0,0.0,430.32958111029393,0.0,857
1286.9719895599856,0.0,-12869.719895599856,0.0,41253.0,0.0,-0.0,1.0,0.47997237932604736,0.0,799.2,430.32958111029393,0.0,1.0,888.0,343919.40122334694,118,-31.739901640676816,0.0,203,-12.91661004150004,0.0,118,-8.76632366977092,0.0,180,-38.9537865802334,0.0,118,-3.4019551661487535,0.0,120,-23.603191619899604,0.0,0.0,0.357591550308415,0.357591550308415,0.0,331049.68132774706,331049.68132774706,1287.329581110294,1287.329581110294,1287.329581110294,0.0,0.0,430.32958111029393,0.0,857
568.780615311208,0.0,-5687.806153112079,0.0,41253.0,265.0613461738403,-0.0,1.0,0.47997237932604736,0.0,799.2,0.0,0.0,1.0,888.0,-0.0,118,-51.78322516295234,0.0,180,-5.559896015147565,0.0,118,-24.20047839062336,0.0,180,-59.07938888733724,0.0,118,-14.627197308394443,0.0,120,-20.292367148800093,0.0,0.0,0.158038514951711,0.158038514951711,0.0,-5687.806153112079,-5687.806153112079,834.0,834.0,568.9386538261597,0.0,265.0613461738403,0.0,0.0,834
568.780615311208,0.0,-5687.806153112079,0.0,40958.487393140174,265.0613461738403,-0.0,0.992860819652878,0.47997237932604736,0.0,799.2,0.0,0.0,1.0,888.0,-0.0,118,-6.029980128858117,0.0,180,-14.87047975489049,0.0,118,-20.30331493361321,0.0,180,-56.35486822617802,0.0,118,-51.823314417652966,0.0,120,-19.002605889177907,0.0,0.0,0.158038514951711,0.158038514951711,0.0,-5687.806153112079,-5687.806153112079,834.0,834.0,568.9386538261597,0.0,265.0613461738403,0.0,0.0,834
568.780615311208,0.0,-5687.806153112079,0.0,40663.97478628035,265.0613461738403,-0.0,0.985721639305756,0.47997237932604736,0.0,799.2,0.0,0.0,1.0,888.0,-0.0,118,-1.3794769398277928,0.0,180,-38.889716629314776,0.0,118,-51.1746283460431,0.0,180,-8.078043848036366,0.0,118,-2.17855191372311,0.0,120,-35.30224384163554,0.0,0.0,0.158038514951711,0.158038514951711,0.0,-5687.806153112079,-5687.806153112079,834.0,834.0,568.9386538261597,0.0,265.0613461738403,0.0,0.0,834
568.780615311208,0.0,-5687.806153112079,0.0,40369.46217942052,265.0613461738403,-0.0,0.9785824589586338,0.47997237932604736,0.0,799.2,0.0,0.0,1.0,888.0,-0.0,118,-16.638613212718422,0.0,180,-4.596558705807265,0.0,118,-53.02090742174573,0.0,180,-25.87148210366202,0.0,118,-36.581055458712555,0.0,120,-25.79469663293946,0.0,0.0,0.158038514951711,0.158038514951711,0.0,-5687.806153112079,-5687.806153112079,834.0,834.0,568.9386538261597,0.0,265.0613461738403,0.0,0.0,834
568.780615311208,0.0,-5687.806153112079,0.0,40074.9495725607,265.0613461738403,-0.0,0.9714432786115118,0.47997237932604736,0.0,799.2,0.0,0.0,1.0,888.0,-0.0,118,-35.398153296728495,0.0,180,-24.712912972183876,0.0,118,-26.82783224210067,0.0,180,-23.99323587580685,0.0,118,-18.256318394696162,0.0,120,-20.886670603538096,0.0,0.0,0.158038514951711,0.158038514951711,0.0,-5687.806153112079,-5687.806153112079,834.0,834.0,568.9386538261597,0.0,265.0613461738403,0.0,0.0,834
568.780615311208,0.0,-5687.806153112079,0.0,39780.43696570087,265.0613461738403,-0.0,0.9643040982643898,0.47997237932604736,0.0,799.2,0.0,0.0,1.0,888.0,-0.0,118,-4.450869731125269,0.0,180,-9.489803802127852,0.0,118,-59.89102605292185,0.0,180,-12.346128103825674,0.0,118,-30.26706156141223,0.0,120,-5.513653891384525,0.0,0.0,0.158038514951711,0.158038514951711,0.0,-5687.806153112079,-5687.806153112079,834.0,834.0,568.9386538261597,0.0,265.0613461738403,0.0,0.0,834
7.1142726816055335,0.0,-71.14272681605533,0.0,39485.924358841046,826.8837505824451,-0.0,0.9571649179172678,0.47997237932604736,0.0,799.2,0.0,0.0,1.0,888.0,-0.0,118,-10.634123778598665,0.0,180,-16.746303581950798,0.0,118,-47.24620942724494,0.0,180,-35.7758039918549,0.0,118,-37.78188545713863,0.0,120,-56.54317345898073,0.0,0.0,0.0019767359493208,0.0019767359493208,0.0,-71.14272681605533,-71.14272681605533,834.0,834.0,7.1162494175548545,0.0,826.8837505824451,0.0,0.0,834
7.1142726816055335,0.0,-71.14272681605533,0.0,38567.16463597166,824.8837505824451,-0.0,0.9348935746726701,0.47997237932604736,0.0,799.2,0.0,0.0,1.0,888.0,-0.0,118,-32.909406469581015,0.0,180,-28.990934300252974,0.0,118,-20.86620539152127,0.0,180,-37.84382588415266,0.0,118,-16.945360123289834,0.0,118,-29.15137760760583,0.0,0.0,0.0019767359493208,0.0019767359493208,0.0,-71.14272681605533,-71.14272681605533,832.0,832.0,7.1162494175548545,0.0,824.8837505824451,0.0,0.0,832
7.1142726816055335,0.0,-71.14272681605533,0.0,37650.6271353245,824.8837505824451,-0.0,0.9126760995642621,0.47997237932604736,0.0,799.2,0.0,0.0,1.0,888.0,-0.0,118,-32.41125137096077,0.0,180,-58.08628636054781,0.0,118,-7.810254251596382,0.0,180,-8.321901925387465,0.0,118,-47.258321832769184,0.0,118,-11.676619856196597,0.0,0.0,0.0019767359493208,0.0019767359493208,0.0,-71.14272681605533,-71.14272681605533,832.0,832.0,7.1162494175548545,0.0,824.8837505824451,0.0,0.0,832
7.1142726816055335,0.0,-71.14272681605533,0.0,36734.089634677344,824.8837505824451,-0.0,0.890458624455854,0.47997237932604736,0.0,799.2,0.0,0.0,1.0,888.0,-0.0,118,-15.523005417790838,0.0,180,-55.95501150237349,0.0,118,-38.667423214534985,0.0,180,-43.08673888610025,0.0,118,-49.101447596059174,0.0,118,-4.617726951787324,0.0,0.0,0.0019767359493208,0.0019767359493208,0.0,-71.14272681605533,-71.14272681605533,832.0,832.0,7.1162494175548545,0.0,824.8837505824451,0.0,0.0,832
7.1142726816055335,0.0,-71.14272681605533,0.0,35817.552134030186,824.8837505824451,-0.0,0.8682411493474459,0.47997237932604736,0.0,799.2,0.0,0.0,1.0,888.0,-0.0,118,-47.414974880451254,0.0,180,-4.770908323964025,0.0,118,-57.37686959604109,0.0,180,-33.12339930998493,0.0,118,-43.3380084887757,0.0,118,-53.32876644152241,0.0,0.0,0.0019767359493208,0.0019767359493208,0.0,-71.14272681605533,-71.14272681605533,832.0,832.0,7.1162494175548545,0.0,824.8837505824451,0.0,0.0,832
7.1142726816055335,0.0,-71.14272681605533,0.0,34901.01463338303,824.8837505824451,-0.0,0.8460236742390378,0.47997237932604736,0.0,799.2,0.0,0.0,1.0,888.0,-0.0,118,-57.723831991377246,0.0,180,-55.20221186837682,0.0,118,-21.25070871588448,0.0,180,-50.17734060488188,0.0,118,-24.747009944153405,0.0,118,-9.312450024431474,0.0,0.0,0.0019767359493208,0.0019767359493208,0.0,-71.14272681605533,-71.14272681605533,832.0,832.0,7.1162494175548545,0.0,824.8837505824451,0.0,0.0,832
0.0,0.0,-0.0,0.0,33984.47713273587,832.0,-0.0,0.8238061991306297,0.47997237932604736,0.0,799.2,0.0,0.0,1.0,888.0,-0.0,118,-20.386632408549627,0.0,180,-37.375939591839284,0.0,118,-4.510657450110083,0.0,180,-23.79075911515957,0.0,118,-46.19754876237561,0.0,118,-18.069565684978567,0.0,0.0,0.0,0.0,0.0,0.0,0.0,832.0,832.0,0.0,0.0,832.0,0.0,0.0,832
0.0,0.0,-0.0,0.0,33060.03268829142,832.0,-0.0,0.8013970544758302,0.47997237932604736,0.0,799.2,0.0,0.0,1.0,888.0,-0.0,118,-45.31223707075385,0.0,180,-45.90772169285148,0.0,118,-24.48331504748327,0.0,180,-15.124644822532275,0.0,118,-43.95346886102024,0.0,118,-28.788729648656222,0.0,0.0,0.0,0.0,0.0,0.0,0.0,832.0,832.0,0.0,0.0,832.0,0.0,0.0,832
0.0,0.0,-0.0,0.0,32135.588243846978,832.0,-0.0,0.7789879098210306,0.47997237932604736,0.0,799.2,0.0,0.0,1.0,888.0,-0.0,118,-1.7052427044397311,0.0,180,-31.853688605112435,0.0,118,-50.46835443424042,0.0,180,-57.437501558491945,0.0,118,-38.720157553875026,0.0,118,-10.514145143669865,0.0,0.0,0.0,0.0,0.0,0.0,0.0,832.0,832.0,0.0,0.0,832.0,0.0,0.0,832
0.0,0.0,-0.0,0.0,31211.143799402533,832.0,-0.0,0.7565787651662311,0.47997237932604736,0.0,799.2,0.0,0.0,1.0,888.0,-0.0,118,-9.601159099587992,0.0,180,-39.736448982209,0.0,118,-8.986875090305935,0.0,180,-34.90685940502124,0.0,118,-3.914777973766297,0.0,118,-41.32373505187873,0.0,0.0,0.0,0.0,0.0,0.0,0.0,832.0,832.0,0.0,0.0,832.0,0.0,0.0,832
0.0,0.0,-0.0,0.0,30286.699354958087,832.0,-0.0,0.7341696205114316,0.47997237932604736,0.0,799.2,0.0,0.0,1.0,888.0,-0.0,118,-28.600604842325726,0.0,180,-48.330912633681415,0.0,118,-36.92621093798076,0.0,180,-22.374121884584106,0.0,118,-28.96915251310604,0.0,118,-43.29504196230686,0.0,0.0,0.0,0.0,0.0,0.0,0.0,832.0,832.0,0.0,0.0,832.0,0.0,0.0,832
0.0,0.0,-0.0,0.0,29362.254910513642,832.0,-0.0,0.711760475856632,0.47997237932604736,0.0,799.2,0.0,0.0,1.0,888.0,-0.0,118,-43.66844817762284,0.0,180,-34.19254115401548,0.0,118,-42.32114689309371,0.0,180,-45.41987895838533,0.0,118,-42.92508030878905,0.0,118,-33.23184555520274,0.0,0.0,0.0,0.0,0.0,0.0,0.0,832.0,832.0,0.0,0.0,832.0,0.0,0.0,832
0.0,0.0,-0.0,0.0,28437.810466069197,832.0,-0.0,0.6893513312018326,0.47997237932604736,0.0,799.2,0.0,0.0,1.0,888.0,-0.0,118,-8.478931886751045,0.0,180,-44.43702834676876,0.0,118,-37.95566546299865,0.0,180,-35.231731609902724,0.0,118,-17.938678726295144,0.0,118,-54.028112615015885,0.0,0.0,0.0,0.0,0.0,0.0,0.0,832.0,832.0,0.0,0.0,832.0,0.0,0.0,832
0.0,0.0,-0.0,0.0,27513.36602162475,770.0,-0.0,0.666942186547033,0.47997237932604736,0.0,799.2,0.0,0.0,1.0,888.0,-0.0,118,-15.160986520475966,0.0,180,-56.97035415051229,0.0,118,-37.37885881942725,0.0,118,-3.8103307222415728,0.0,118,-30.385426982811452,0.0,118,-30.843323301341997,0.0,0.0,0.0,0.0,0.0,0.0,0.0,770.0,770.0,0.0,0.0,770.0,0.0,0.0,770
0.0,0.0,-0.0,0.0,26657.810466069197,770.0,-0.0,0.6462029541141056,0.47997237932604736,0.0,799.2,0.0,0.0,1.0,888.0,-0.0,118,-34.73001207822069,0.0,180,-25.93936918826853,0.0,118,-0.04771803904219274,0.0,118,-15.498698854096997,0.0,118,-29.876284717160516,0.0,118,-27.648559447501285,0.0,0.0,0.0,0.0,0.0,0.0,0.0,770.0,770.0,0.0,0.0,770.0,0.0,0.0,770
0.0,0.0,-0.0,0.0,25802.254910513642,770.0,-0.0,0.6254637216811781,0.47997237932604736,0.0,799.2,0.0,0.0,1.0,888.0,-0.0,118,-3.27385911417033,0.0,180,-9.623728618234805,0.0,118,-17.57695700994969,0.0,118,-41.04558539395823,0.0,118,-18.895243594173383,0.0,118,-5.775612337156377,0.0,0.0,0.0,0.0,0.0,0.0,0.0,770.0,770.0,0.0,0.0,770.0,0.0,0.0,770
0.0,0.0,-0.0,0.0,24946.699354958087,770.0,-0.0,0.6047244892482507,0.47997237932604736,0.0,799.2,0.0,0.0,1.0,888.0,-0.0,118,-51.57778076330936,0.0,180,-54.119604158582334,0.0,118,-31.459217998004593,0.0,118,-28.247320373093213,0.0,118,-29.01386773267904,0.0,118,-57.160578602249636,0.0,0.0,0.0,0.0,0.0,0.0,0.0,770.0,770.0,0.0,0.0,770.0,0.0,0.0,770
0.0,0.0,-0.0,0.0,24091.143799402533,770.0,-0.0,0.5839852568153233,0.47997237932604736,0.0,799.2,0.0,0.0,1.0,888.0,-0.0,118,-57.91050030440052,0.0,180,-46.20191103572515,0.0,118,-40.731358799035036,0.0,118,-16.518506322387356,0.0,118,-3.4055453267831948,0.0,118,-50.11388577298179,0.0,0.0,0.0,0.0,0.0,0.0,0.0,770.0,770.0,0.0,0.0,770.0,0.0,0.0,770
0.0,0.0,-0.0,0.0,23235.588243846978,770.0,-0.0,0.5632460243823959,0.47997237932604736,0.0,799.2,0.0,0.0,1.0,888.0,-0.0,118,-12.9093174020851,0.0,180,-33.30730763557947,0.0,118,-20.71637853201616,0.0,118,-5.237984350469464,0.0,118,-32.47491696007167,0.0,118,-5.490718551464571,0.0,0.0,0.0,0.0,0.0,0.0,0.0,770.0,770.0,0.0,0.0,770.0,0.0,0.0,770
0.0,0.0,-0.0,0.0,22380.032688291423,708.0,-0.0,0.5425067919494685,0.47997237932604736,0.0,799.2,0.0,0.0,1.0,888.0,-0.0,118,-54.219799805188444,0.0,118,-33.17231200585502,0.0,118,-42.499716393173216,0.0,118,-16.51121025074766,0.0,118,-35.476332796534635,0.0,118,-24.137548344167726,0.0,0.0,0.0,0.0,0.0,0.0,0.0,708.0,708.0,0.0,0.0,708.0,0.0,0.0,708
0.0,0.0,-0.0,0.0,21593.366021624755,770.0,-0.0,0.523437471738413,0.47997237932604736,0.0,799.2,0.0,0.0,1.0,888.0,-0.0,118,-45.14915961956363,0.0,180,-24.84335722116651,0.0,118,-49.47683305419219,0.0,118,-55.64261998987735,0.0,118,-3.9536371082573685,0.0,118,-5.239373248364485,0.0,0.0,0.0,0.0,0.0,0.0,0.0,770.0,770.0,0.0,0.0,770.0,0.0,0.0,770
0.0,0.0,-0.0,0.0,20737.8104660692,708.0,-0.0,0.5026982393054856,0.47997237932604736,0.0,799.2,0.0,0.0,1.0,888.0,-0.0,118,-43.47578102883545,0.0,118,-9.577450842437841,0.0,118,-48.00997521285922,0.0,118,-25.02656042728255,0.0,118,-50.76434848504015,0.0,118,-6.954871052505305,0.0,0.0,0.0,0.0,0.0,0.0,0.0,708.0,708.0,0.0,0.0,708.0,0.0,0.0,708
0.0,0.0,-0.0,0.0,19951.143799402533,770.0,-0.0,0.4836289190944303,0.47997237932604736,0.0,799.2,0.0,0.0,1.0,888.0,-0.0,118,-25.230627386852156,0.0,180,-51.45314580544786,0.0,118,-40.78836185071886,0.0,118,-52.116395840990634,0.0,118,-54.642462222257905,0.0,118,-57.26781137580643,0.0,0.0,0.0,0.0,0.0,0.0,0.0,770.0,770.0,0.0,0.0,770.0,0.0,0.0,770
0.0,0.0,-0.0,0.0,19095.588243846978,770.0,-0.0,0.4628896866615029,0.47997237932604736,0.0,799.2,0.0,0.0,1.0,888.0,-0.0,118,-43.45449495986904,0.0,180,-57.90460673677582,0.0,118,-17.35391706621812,0.0,118,-16.613160058496966,0.0,118,-2.5728089716025893,0.0,118,-55.627909421838716,0.0,0.0,0.0,0.0,0.0,0.0,0.0,770.0,770.0,0.0,0.0,770.0,0.0,0.0,770
0.0,0.0,-0.0,0.0,18240.032688291423,832.0,-0.0,0.44215045422857546,0.47997237932604736,0.0,799.2,0.0,0.0,1.0,888.0,-0.0,180,-47.28778758371049,0.0,180,-13.051062249306478,0.0,118,-8.360159694348837,0.0,118,-55.755451901439415,0.0,118,-18.158237732721595,0.0,118,-32.75512870032991,0.0,0.0,0.0,0.0,0.0,0.0,0.0,832.0,832.0,0.0,0.0,832.0,0.0,0.0,832
0.0,0.0,-0.0,0.0,17315.588243846978,832.0,-0.0,0.4197413095737759,0.47997237932604736,0.0,799.2,0.0,0.0,1.0,888.0,-0.0,180,-28.302656500006652,0.0,180,-59.95382191729375,0.0,118,-44.721869255751336,0.0,118,-17.992910159181964,0.0,118,-24.242462749008613,0.0,118,-49.740026472265505,0.0,0.0,0.0,0.0,0.0,0.0,0.0,832.0,832.0,0.0,0.0,832.0,0.0,0.0,832
0.0,0.0,-0.0,0.0,16391.143799402533,832.0,-0.0,0.3973321649189764,0.47997237932604736,0.0,799.2,0.0,0.0,1.0,888.0,-0.0,180,-8.41606707642648,0.0,180,-28.379117122058457,0.0,118,-49.23373454957094,0.0,118,-18.442018727897086,0.0,118,-20.104212162525798,0.0,118,-49.54092661336331,0.0,0.0,0.0,0.0,0.0,0.0,0.0,832.0,832.0,0.0,0.0,832.0,0.0,0.0,832
0.0,0.0,-0.0,0.0,15466.699354958087,832.0,-0.0,0.37492302026417684,0.47997237932604736,0.0,799.2,0.0,0.0,1.0,888.0,-0.0,180,-44.16952188043636,0.0,180,-43.82867251779071,0.0,118,-6.5363978134546645,0.0,118,-47.121896588605665,0.0,118,-48.34537270889281,0.0,118,-23.341472253783458,0.0,0.0,0.0,0.0,0.0,0.0,0.0,832.0,832.0,0.0,0.0,832.0,0.0,0.0,832
0.0,0.0,-0.0,0.0,14542.254910513642,770.0,-0.0,0.3525138756093773,0.47997237932604736,0.0,799.2,0.0,0.0,1.0,888.0,-0.0,180,-50.81906976881427,0.0,118,-3.270933913933487,0.0,118,-44.156999045129126,0.0,118,-23.904238678823052,0.0,118,-11.625527990536284,0.0,118,-25.716619848640107,0.0,0.0,0.0,0.0,0.0,0.0,0.0,770.0,770.0,0.0,0.0,770.0,0.0,0.0,770
0.0,0.0,-0.0,0.0,13686.699354958087,770.0,-0.0,0.3317746431764499,0.47997237932604736,0.0,799.2,0.0,0.0,1.0,888.0,-0.0,180,-41.0678455097552,0.0,118,-1.05287167001767,0.0,118,-20.582962655145003,0.0,118,-41.28959142812977,0.0,118,-39.590015746504555,0.0,118,-32.91465286903799,0.0,0.0,0.0,0.0,0.0,0.0,0.0,770.0,770.0,0.0,0.0,770.0,0.0,0.0,770
0.0,0.0,-0.0,0.0,12831.143799402533,832.0,-0.0,0.3110354107435225,0.47997237932604736,0.0,799.2,0.0,0.0,1.0,888.0,-0.0,180,-57.741712768062115,0.0,180,-53.31306620751486,0.0,118,-51.36864892935516,0.0,118,-21.404420765612105,0.0,118,-34.76231705591067,0.0,118,-18.395914032006015,0.0,0.0,0.0,0.0,0.0,0.0,0.0,832.0,832.0,0.0,0.0,832.0,0.0,0.0,832
0.0,0.0,-0.0,0.0,11906.699354958087,832.0,-0.0,0.28862626608872294,0.47997237932604736,0.0,799.2,0.0,0.0,1.0,888.0,-0.0,180,-20.07617165773666,0.0,180,-56.3593785089529,0.0,118,-46.918907937792135,0.0,118,-0.2925175857960438,0.0,118,-49.236340720945265,0.0,118,-43.101833154883266,0.0,0.0,0.0,0.0,0.0,0.0,0.0,832.0,832.0,0.0,0.0,832.0,0.0,0.0,832
0.0,0.0,-0.0,0.0,10982.254910513642,832.0,-0.0,0.2662171214339234,0.47997237932604736,0.0,799.2,0.0,0.0,1.0,888.0,-0.0,180,-32.76240545328391,0.0,180,-15.191746679096486,0.0,118,-58.71123664729055,0.0,118,-2.4909315726621895,0.0,118,-49.18017782611062,0.0,118,-46.6386675414005,0.0,0.0,0.0,0.0,0.0,0.0,0.0,832.0,832.0,0.0,0.0,832.0,0.0,0.0,832
0.0,0.0,-0.0,0.0,10057.810466069197,770.0,-0.0,0.24380797677912386,0.47997237932604736,0.0,799.2,0.0,0.0,1.0,888.0,-0.0,118,-6.641771643951337,0.0,180,-16.571645834486663,0.0,118,-13.283493615510176,0.0,118,-51.49342218118411,0.0,118,-2.73001915739038,0.0,118,-58.08440149774108,0.0,0.0,0.0,0.0,0.0,0.0,0.0,770.0,770.0,0.0,0.0,770.0,0.0,0.0,770
0.0,0.0,-0.0,0.0,9202.254910513642,832.0,-0.0,0.22306874434619645,0.47997237932604736,0.0,799.2,0.0,0.0,1.0,888.0,-0.0,180,-42.58552933531482,0.0,180,-49.78092674163377,0.0,118,-43.25347868195595,0.0,118,-41.05901515860416,0.0,118,-14.75094104291161,0.0,118,-34.16319751771296,0.0,0.0,0.0,0.0,0.0,0.0,0.0,832.0,832.0,0.0,0.0,832.0,0.0,0.0,832
0.0,0.0,-0.0,0.0,8277.810466069197,832.0,-0.0,0.2006595996913969,0.47997237932604736,0.0,799.2,0.0,0.0,1.0,888.0,-0.0,180,-59.89454840060101,0.0,180,-37.27044629053759,0.0,118,-41.83502859614452,0.0,118,-31.862467921614417,0.0,118,-30.688407043143776,0.0,118,-39.20001104800433,0.0,0.0,0.0,0.0,0.0,0.0,0.0,832.0,832.0,0.0,0.0,832.0,0.0,0.0,832
0.0,0.0,-0.0,0.0,7353.366021624753,832.0,-0.0,0.1782504550365974,0.47997237932604736,0.0,799.2,0.0,0.0,1.0,888.0,-0.0,180,-14.980869823138093,0.0,180,-36.71026925307691,0.0,118,-21.561125618126884,0.0,118,-36.422090490832616,0.0,118,-33.40060232564536,0.0,118,-44.73364318855518,0.0,0.0,0.0,0.0,0.0,0.0,0.0,832.0,832.0,0.0,0.0,832.0,0.0,0.0,832
0.0,0.0,-0.0,0.0,6428.921577180308,770.0,-0.0,0.15584131038179788,0.47997237932604736,0.0,799.2,0.0,0.0,1.0,888.0,-0.0,180,-37.17724258594471,0.0,118,-11.606870733892995,0.0,118,-47.8874812793875,0.0,118,-57.56401372421286,0.0,118,-48.34497858539178,0.0,118,-52.05724010896066,0.0,0.0,0.0,0.0,0.0,0.0,0.0,770.0,770.0,0.0,0.0,770.0,0.0,0.0,770
0.0,0.0,-0.0,0.0,5573.366021624753,770.0,-0.0,0.13510207794887044,0.47997237932604736,0.0,799.2,0.0,0.0,1.0,888.0,-0.0,180,-35.58737394166157,0.0,118,-53.43902587039816,0.0,118,-17.76549174972078,0.0,118,-49.520446690425864,0.0,118,-54.6981471656076,0.0,118,-56.34339231435842,0.0,0.0,0.0,0.0,0.0,0.0,0.0,770.0,770.0,0.0,0.0,770.0,0.0,0.0,770
0.0,0.0,-0.0,0.0,4717.810466069197,770.0,-0.0,0.11436284551594302,0.47997237932604736,0.0,799.2,0.0,0.0,1.0,888.0,-0.0,180,-55.81424385850055,0.0,118,-43.47786885803729,0.0,118,-38.12775814293631,0.0,118,-9.470593907715404,0.0,118,-57.16008359368842,0.0,118,-1.5812899554222715,0.0,0.0,0.0,0.0,0.0,0.0,0.0,770.0,770.0,0.0,0.0,770.0,0.0,0.0,770
0.0,0.0,-0.0,0.0,3862.2549105136413,770.0,-0.0,0.09362361308301557,0.47997237932604736,0.0,799.2,0.0,0.0,1.0,888.0,-0.0,180,-34.98667565150227,0.0,118,-32.16023242321305,0.0,118,-2.04920908549703,0.0,118,-40.6999193728793,0.0,118,-13.06478102224924,0.0,118,-42.9504944388862,0.0,0.0,0.0,0.0,0.0,0.0,0.0,770.0,770.0,0.0,0.0,770.0,0.0,0.0,770
0.0,0.0,-0.0,0.0,3006.6993549580857,770.0,-0.0,0.07288438065008813,0.47997237932604736,0.0,799.2,0.0,0.0,1.0,888.0,-0.0,180,-31.22889366036987,0.0,118,-3.1867567346120818,0.0,118,-3.143518206782472,0.0,118,-49.54437575905529,0.0,118,-19.13822386873076,0.0,118,-8.108978271480003,0.0,0.0,0.0,0.0,0.0,0.0,0.0,770.0,770.0,0.0,0.0,770.0,0.0,0.0,770
0.0,0.0,-0.0,0.0,2151.14379940253,770.0,-0.0,0.052145148217160694,0.47997237932604736,0.0,799.2,0.0,0.0,1.0,888.0,-0.0,180,-18.480220965406268,0.0,118,-39.148806032601165,0.0,118,-51.00121314289877,0.0,118,-42.037795555411584,0.0,118,-47.58255150513177,0.0,118,-6.800384700466033,0.0,0.0,0.0,0.0,0.0,0.0,0.0,770.0,770.0,0.0,0.0,770.0,0.0,0.0,770
0.0,0.0,-0.0,0.0,1295.5882438469744,770.0,-0.0,0.031405915784233254,0.47997237932604736,0.0,799.2,0.0,0.0,1.0,888.0,-0.0,180,-48.12425841466918,0.0,118,-41.177777349018974,0.0,118,-47.886553785725255,0.0,118,-28.928379754279096,0.0,118,-38.23417134234329,0.0,118,-20.75508917603843,0.0,0.0,0.0,0.0,0.0,0.0,0.0,770.0,770.0,0.0,0.0,770.0,0.0,0.0,770
0.0,0.0,-0.0,0.0,440.0326882914188,396.02941946227696,-0.0,0.010666683351305816,0.47997237932604736,180.45549409728625,799.2,0.0,375.97058053772304,1.0,888.0,-333861.87551749806,180,-58.24555110025949,0.0,118,-5.316541464611655,0.0,118,-10.339482523121639,0.0,120,-39.713636778104735,0.0,118,-41.867249916481185,0.0,118,-4.9926716683305905,0.0,0.0,0.0,0.0,0.0,-333861.87551749806,-333861.87551749806,772.0,772.0,0.0,0.0,772.0,0.0,0.0,772
0.0,0.0,-0.0,0.0,0.0,0.0,-0.0,0.0,0.47997237932604736,370.53867683970856,799.2,0.0,772.0,1.0,888.0,-685536.0,180,-52.10532980203334,0.0,118,-19.970472514564047,0.0,118,-38.5767521814462,0.0,120,-23.7567480812488,0.0,118,-12.603170603292197,0.0,118,-38.97398566918619,0.0,0.0,0.0,0.0,0.0,-685536.0,-685536.0,772.0,772.0,0.0,0.0,772.0,0.0,0.0,772
0.0,0.0,-0.0,0.0,0.0,0.0,-0.0,0.0,0.47997237932604736,370.53867683970856,799.2,0.0,772.0,1.0,888.0,-685536.0,180,-29.719858302093982,0.0,118,-33.510471274121954,0.0,118,-2.254077184150569,0.0,120,-56.92514715125818,0.0,118,-42.593122717228965,0.0,118,-43.375058860376306,0.0,0.0,0.0,0.0,0.0,-685536.0,-685536.0,772.0,772.0,0.0,0.0,772.0,0.0,0.0,772
0.0,0.0,-0.0,0.0,0.0,0.0,-0.0,0.0,0.47997237932604736,370.53867683970856,799.2,0.0,772.0,1.0,888.0,-685536.0,180,-51.221345892396826,0.0,118,-1.3302156137683263,0.0,118,-16.40255118397949,0.0,120,-17.066053299343032,0.0,118,-15.956816287111193,0.0,118,-50.653589849918085,0.0,0.0,0.0,0.0,0.0,-685536.0,-685536.0,772.0,772.0,0.0,0.0,772.0,0.0,0.0,772
0.0,0.0,-0.0,0.0,0.0,0.0,-0.0,0.0,0.47997237932604736,370.53867683970856,799.2,0.0,772.0,1.0,888.0,-685536.0,180,-25.213136332474125,0.0,118,-35.61571524058901,0.0,118,-6.3436921572950595,0.0,120,-43.52553238800086,0.0,118,-42.77968310359224,0.0,118,-22.9061706967649,0.0,0.0,0.0,0.0,0.0,-685536.0,-685536.0,772.0,772.0,0.0,0.0,772.0,0.0,0.0,772
0.0,0.0,-0.0,0.0,0.0,0.0,-0.0,0.0,0.47997237932604736,370.53867683970856,799.2,0.0,772.0,1.0,888.0,-685536.0,180,-34.13961078359486,0.0,118,-8.909014880881578,0.0,118,-12.17197865249901,0.0,120,-33.65765754493932,0.0,118,-4.325274891965334,0.0,118,-29.120215253525636,0.0,0.0,0.0,0.0,0.0,-685536.0,-685536.0,772.0,772.0,0.0,0.0,772.0,0.0,0.0,772
0.0,0.0,-0.0,0.0,0.0,0.0,-0.0,0.0,0.47997237932604736,370.53867683970856,799.2,0.0,772.0,1.0,888.0,-685536.0,180,-59.25639326875965,0.0,118,-38.76187961921525,0.0,118,-16.53574184881357,0.0,120,-53.01173011486361,0.0,118,-1.467737388556254,0.0,118,-45.91805507274694,0.0,0.0,0.0,0.0,0.0,-685536.0,-685536.0,772.0,772.0,0.0,0.0,772.0,0.0,0.0,772
0.0,0.0,-0.0,0.0,0.0,0.0,-0.0,0.0,0.47997237932604736,370.53867683970856,799.2,0.0,772.0,1.0,888.0,-685536.0,180,-50.33732371652241,0.0,118,-12.21744168781946,0.0,118,-52.98057777799904,0.0,120,-14.010707523458024,0.0,118,-8.946451843656757,0.0,118,-40.87412064393371,0.0,0.0,0.0,0.0,0.0,-685536.0,-685536.0,772.0,772.0,0.0,0.0,772.0,0.0,0.0,772
0.0,0.0,-0.0,0.0,0.0,0.0,-0.0,0.0,0.47997237932604736,370.53867683970856,799.2,0.0,772.0,1.0,888.0,-685536.0,180,-30.106571578032007,0.0,118,-32.70919725077922,0.0,118,-34.19357566788672,0.0,120,-41.75709074846878,0.0,118,-3.623433800607496,0.0,118,-47.024366780789464,0.0,0.0,0.0,0.0,0.0,-685536.0,-685536.0,772.0,772.0,0.0,0.0,772.0,0.0,0.0,772
0.0,0.0,-0.0,0.0,0.0,0.0,-0.0,0.0,0.47997237932604736,370.53867683970856,799.2,0.0,772.0,1.0,888.0,-685536.0,180,-35.650138988689605,0.0,118,-18.3846400040225,0.0,118,-51.666431493723024,0.0,120,-2.349574587266221,0.0,118,-50.68554210276409,0.0,118,-20.662236981948595,0.0,0.0,0.0,0.0,0.0,-685536.0,-685536.0,772.0,772.0,0.0,0.0,772.0,0.0,0.0,772
0.0,0.0,-0.0,0.0,0.0,0.0,-0.0,0.0,0.47997237932604736,370.53867683970856,799.2,0.0,772.0,1.0,888.0,-685536.0,180,-16.38618041539707,0.0,118,-55.63758804749846,0.0,118,-36.64995532684355,0.0,120,-5.174246747453459,0.0,118,-35.258814624046394,0.0,118,-35.885379307550345,0.0,0.0,0.0,0.0,0.0,-685536.0,-685536.0,772.0,772.0,0.0,0.0,772.0,0.0,0.0,772
0.0,0.0,-0.0,0.0,0.0,0.0,-0.0,0.0,0.47997237932604736,371.49862159836067,799.2,0.0,774.0,1.0,888.0,-687312.0,180,-55.999944529778,0.0,118,-47.80705592536189,0.0,120,-19.926423490365273,0.0,120,-6.151971288109244,0.0,118,-13.831301207019228,0.0,118,-31.259791669554595,0.0,0.0,0.0,0.0,0.0,-687312.0,-687312.0,774.0,774.0,0.0,0.0,774.0,0.0,0.0,774
0.0,0.0,-0.0,0.0,0.0,0.0,-0.0,0.0,0.47997237932604736,371.49862159836067,799.2,0.0,774.0,1.0,888.0,-687312.0,180,-8.283975938316875,0.0,118,-33.28791655843561,0.0,120,-7.308572541109511,0.0,120,-40.96605550130276,0.0,118,-13.575475243053175,0.0,118,-23.975548503833416,0.0,0.0,0.0,0.0,0.0,-687312.0,-687312.0,774.0,774.0,0.0,0.0,774.0,0.0,0.0,774
0.0,0.0,-0.0,0.0,0.0,0.0,-0.0,0.0,0.47997237932604736,371.49862159836067,799.2,0.0,774.0,1.0,888.0,-687312.0,180,-38.78254896445684,0.0,118,-3.4675980653191663,0.0,120,-17.11363186546663,0.0,120,-26.520670127788655,0.0,118,-30.422401703291083,0.0,118,-3.728371252231746,0.0,0.0,0.0,0.0,0.0,-687312.0,-687312.0,774.0,774.0,0.0,0.0,774.0,0.0,0.0,774
0.0,0.0,-0.0,0.0,0.0,0.0,-0.0,0.0,0.47997237932604736,371.49862159836067,799.2,0.0,774.0,1.0,888.0,-687312.0,180,-57.64200806576393,0.0,118,-55.69806333163436,0.0,120,-55.89240541108231,0.0,120,-5.109284456693224,0.0,118,-13.232452871560994,0.0,118,-50.916036975699974,0.0,0.0,0.0,0.0,0.0,-687312.0,-687312.0,774.0,774.0,0.0,0.0,774.0,0.0,0.0,774
0.0,0.0,-0.0,0.0,0.0,0.0,-0.0,0.0,0.47997237932604736,372.4585663570127,799.2,0.0,776.0,1.0,888.0,-689088.0,180,-8.185680274770512,0.0,118,-21.566631946959497,0.0,120,-16.749540590865685,0.0,120,-7.752328181970364,0.0,118,-23.758480346447733,0.0,120,-40.85360550116096,0.0,0.0,0.0,0.0,0.0,-689088.0,-689088.0,776.0,776.0,0.0,0.0,776.0,0.0,0.0,776
0.0,0.0,-0.0,0.0,0.0,0.0,-0.0,0.0,0.47997237932604736,372.4585663570127,799.2,0.0,776.0,1.0,888.0,-689088.0,180,-34.085738449756526,0.0,118,-21.42050254968077,0.0,120,-44.691345806146415,0.0,120,-3.153156298467874,0.0,118,-44.48243999425327,0.0,120,-39.594418840876195,0.0,0.0,0.0,0.0,0.0,-689088.0,-689088.0,776.0,776.0,0.0,0.0,776.0,0.0,0.0,776
0.0,0.0,-0.0,0.0,0.0,0.0,-0.0,0.0,0.47997237932604736,372.4585663570127,799.2,0.0,776.0,1.0,888.0,-689088.0,180,-20.85703264697651,0.0,118,-7.625329050414463,0.0,120,-20.04092608389207,0.0,120,-29.854370436723393,0.0,118,-2.015300497081882,0.0,120,-36.42558828852336,0.0,0.0,0.0,0.0,0.0,-689088.0,-689088.0,776.0,776.0,0.0,0.0,776.0,0.0,0.0,776
0.0,0.0,-0.0,0.0,0.0,0.0,-0.0,0.0,0.47997237932604736,372.4585663570127,799.2,0.0,776.0,1.0,888.0,-689088.0,180,-50.80655855210659,0.0,118,-21.440844299534582,0.0,120,-19.58626119498351,0.0,120,-19.120834221386456,0.0,118,-41.87868555787416,0.0,120,-17.88427431005659,0.0,0.0,0.0,0.0,0.0,-689088.0,-689088.0,776.0,776.0,0.0,0.0,776.0,0.0,0.0,776
0.0,0.0,-0.0,0.0,0.0,0.0,-0.0,0.0,0.47997237932604736,372.4585663570127,799.2,0.0,776.0,1.0,888.0,-689088.0,180,-14.13345195617367,0.0,118,-20.864895926099102,0.0,120,-22.588827927843052,0.0,120,-22.166401604104827,0.0,118,-38.367742372549884,0.0,120,-57.47443005397741,0.0,0.0,0.0,0.0,0.0,-689088.0,-689088.0,776.0,776.0,0.0,0.0,776.0,0.0,0.0,776
0.0,0.0,-0.0,0.0,0.0,0.0,-0.0,0.0,0.47997237932604736,372.4585663570127,799.2,0.0,776.0,1.0,888.0,-689088.0,180,-34.488923049880526,0.0,118,-13.446200151769236,0.0,120,-36.016756145123594,0.0,120,-4.309728705250939,0.0,118,-40.608215115550905,0.0,120,-38.57791169653405,0.0,0.0,0.0,0.0,0.0,-689088.0,-689088.0,776.0,776.0,0.0,0.0,776.0,0.0,0.0,776
0.0,0.0,-0.0,0.0,0.0,0.0,-0.0,0.0,0.47997237932604736,372.4585663570127,799.2,0.0,776.0,1.0,888.0,-689088.0,180,-15.502198315537782,0.0,118,-49.33313724146331,0.0,120,-3.763232828308658,0.0,120,-39.83238811372017,0.0,118,-48.9883108864441,0.0,120,-44.51321262108473,0.0,0.0,0.0,0.0,0.0,-689088.0,-689088.0,776.0,776.0,0.0,0.0,776.0,0.0,0.0,776
0.0,0.0,-0.0,0.0,0.0,0.0,-0.0,0.0,0.47997237932604736,372.4585663570127,799.2,0.0,776.0,1.0,888.0,-689088.0,180,-24.64901690110271,0.0,118,-13.997314564645809,0.0,120,-33.979260929579155,0.0,120,-27.72583164305592,0.0,118,-45.68724531696191,0.0,120,-52.1820158958181,0.0,0.0,0.0,0.0,0.0,-689088.0,-689088.0,776.0,776.0,0.0,0.0,776.0,0.0,0.0,776
0.0,0.0,-0.0,0.0,0.0,0.0,-0.0,0.0,0.47997237932604736,372.4585663570127,799.2,0.0,776.0,1.0,888.0,-689088.0,180,-57.5518990830401,0.0,118,-54.78360040441228,0.0,120,-43.379783813145885,0.0,120,-25.051335122624376,0.0,118,-6.88511934791671,0.0,120,-57.07595484002151,0.0,0.0,0.0,0.0,0.0,-689088.0,-689088.0,776.0,776.0,0.0,0.0,776.0,0.0,0.0,776
0.0,0.0,-0.0,0.0,0.0,0.0,-0.0,0.0,0.47997237932604736,372.4585663570127,799.2,0.0,776.0,1.0,888.0,-689088.0,180,-29.064047722547915,0.0,118,-1.3633643584632504,0.0,120,-38.20568829775736,0.0,120,-4.881243247861475,0.0,118,-18.553329184522102,0.0,120,-41.75355101591551,0.0,0.0,0.0,0.0,0.0,-689088.0,-689088.0,776.0,776.0,0.0,0.0,776.0,0.0,0.0,776
0.0,0.0,-0.0,0.0,0.0,0.0,-0.0,0.0,0.47997237932604736,372.4585663570127,799.2,0.0,776.0,1.0,888.0,-689088.0,180,-16.115906053248946,0.0,118,-53.48391522451428,0.0,120,-47.06983690370182,0.0,120,-39.43533456331618,0.0,118,-41.48023568676953,0.0,120,-20.87068102994403,0.0,0.0,0.0,0.0,0.0,-689088.0,-689088.0,776.0,776.0,0.0,0.0,776.0,0.0,0.0,776
0.0,0.0,-0.0,0.0,0.0,0.0,-0.0,0.0,0.47997237932604736,372.4585663570127,799.2,0.0,776.0,1.0,888.0,-689088.0,180,-44.849319490758624,0.0,118,-23.681717256673178,0.0,120,-37.904098859744835,0.0,120,-54.940249122185065,0.0,118,-38.82299844382596,0.0,120,-15.093164637408169,0.0,0.0,0.0,0.0,0.0,-689088.0,-689088.0,776.0,776.0,0.0,0.0,776.0,0.0,0.0,776
0.0,0.0,-0.0,0.0,0.0,0.0,-0.0,0.0,0.47997237932604736,372.4585663570127,799.2,0.0,776.0,1.0,888.0,-689088.0,180,-46.46729545548056,0.0,118,-51.63809388798113,0.0,120,-9.755459221864154,0.0,120,-19.72313850941495,0.0,118,-44.56581932631687,0.0,120,-11.827457045094734,0.0,0.0,0.0,0.0,0.0,-689088.0,-689088.0,776.0,776.0,0.0,0.0,776.0,0.0,0.0,776
0.0,0.0,-0.0,0.0,0.0,0.0,-0.0,0.0,0.47997237932604736,372.4585663570127,799.2,0.0,776.0,1.0,888.0,-689088.0,180,-19.974997461173125,0.0,118,-17.10688034604509,0.0,120,-38.400330876279426,0.0,120,-6.054152148848706,0.0,118,-16.78276374650136,0.0,120,-6.638997599690271,0.0,0.0,0.0,0.0,0.0,-689088.0,-689088.0,776.0,776.0,0.0,0.0,776.0,0.0,0.0,776
0.0,0.0,-0.0,0.0,0.0,0.0,-0.0,0.0,0.47997237932604736,372.4585663570127,799.2,0.0,776.0,1.0,888.0,-689088.0,180,-14.23089135006509,0.0,118,-51.9557869949687,0.0,120,-5.277558636348365,0.0,120,-48.73795608161335,0.0,118,-47.689220924560125,0.0,120,-45.15170154051442,0.0,0.0,0.0,0.0,0.0,-689088.0,-689088.0,776.0,776.0,0.0,0.0,776.0,0.0,0.0,776
0.0,0.0,-0.0,0.0,0.0,0.0,-0.0,0.0,0.47997237932604736,372.4585663570127,799.2,0.0,776.0,1.0,888.0,-689088.0,180,-20.758780502106692,0.0,118,-47.984076431588505,0.0,120,-37.7181524291777,0.0,120,-58.67589213677963,0.0,118,-56.9152349710009,0.0,120,-30.10228082108757,0.0,0.0,0.0,0.0,0.0,-689088.0,-689088.0,776.0,776.0,0.0,0.0,776.0,0.0,0.0,776
0.0,0.0,-0.0,0.0,0.0,0.0,-0.0,0.0,0.47997237932604736,372.4585663570127,799.2,0.0,776.0,1.0,888.0,-689088.0,180,-52.80882213168262,0.0,118,-8.668588668301895,0.0,120,-15.145347202386638,0.0,120,-11.139291222274961,0.0,118,-31.27022536497249,0.0,120,-42.45139495516348,0.0,0.0,0.0,0.0,0.0,-689088.0,-689088.0,776.0,776.0,0.0,0.0,776.0,0.0,0.0,776
0.0,0.0,-0.0,0.0,0.0,0.0,-0.0,0.0,0.47997237932604736,372.4585663570127,799.2,0.0,776.0,1.0,888.0,-689088.0,180,-45.6104929014624,0.0,118,-23.19587479640992,0.0,120,-1.5398316093239073,0.0,120,-53.853294384506256,0.0,118,-55.04737847443977,0.0,120,-40.71126667298648,0.0,0.0,0.0,0.0,0.0,-689088.0,-689088.0,776.0,776.0,0.0,0.0,776.0,0.0,0.0,776
0.0,0.0,-0.0,0.0,0.0,0.0,-0.0,0.0,0.47997237932604736,372.4585663570127,799.2,0.0,776.0,1.0,888.0,-689088.0,180,-58.24393521166122,0.0,118,-14.669266317522125,0.0,120,-5.271540989130359,0.0,120,-43.528083864237914,0.0,118,-28.35933477722852,0.0,120,-46.02592972874389,0.0,0.0,0.0,0.0,0.0,-689088.0,-689088.0,776.0,776.0,0.0,0.0,776.0,0.0,0.0,776
0.0,0.0,-0.0,0.0,0.0,0.0,-0.0,0.0,0.47997237932604736,372.4585663570127,799.2,0.0,776.0,1.0,888.0,-689088.0,180,-41.78652574981193,0.0,118,-20.19259492390333,0.0,120,-19.721233366253994,0.0,120,-59.861355737272916,0.0,118,-4.4533223876817996,0.0,120,-29.349311484998747,0.0,0.0,0.0,0.0,0.0,-689088.0,-689088.0,776.0,776.0,0.0,0.0,776.0,0.0,0.0,776
0.0,0.0,-0.0,0.0,0.0,0.0,-0.0,0.0,0.47997237932604736,372.4585663570127,799.2,0.0,776.0,1.0,888.0,-689088.0,180,-48.1640364731874,0.0,118,-14.57146429793472,0.0,120,-34.34871235255739,0.0,120,-1.5630100227577581,0.0,118,-53.960502078347346,0.0,120,-51.293734904664575,0.0,0.0,0.0,0.0,0.0,-689088.0,-689088.0,776.0,776.0,0.0,0.0,776.0,0.0,0.0,776
0.0,0.0,-0.0,0.0,0.0,0.0,-0.0,0.0,0.47997237932604736,372.4585663570127,799.2,0.0,776.0,1.0,888.0,-689088.0,180,-46.40259775669877,0.0,118,-5.689631045126107,0.0,120,-51.06883881396773,0.0,120,-48.373649774782024,0.0,118,-47.855571541830415,0.0,120,-56.476081785799664,0.0,0.0,0.0,0.0,0.0,-689088.0,-689088.0,776.0,776.0,0.0,0.0,776.0,0.0,0.0,776
0.0,0.0,-0.0,0.0,0.0,0.0,-0.0,0.0,0.47997237932604736,372.4585663570127,799.2,0.0,776.0,1.0,888.0,-689088.0,180,-49.162382941342756,0.0,118,-38.717377264914866,0.0,120,-7.291775501863889,0.0,120,-8.453179844222056,0.0,118,-28.192515646685596,0.0,120,-38.22172527272946,0.0,0.0,0.0,0.0,0.0,-689088.0,-689088.0,776.0,776.0,0.0,0.0,776.0,0.0,0.0,776
0.0,0.0,-0.0,0.0,0.0,0.0,-0.0,0.0,0.47997237932604736,372.4585663570127,799.2,0.0,776.0,1.0,888.0,-689088.0,180,-4.104957126179367,0.0,118,-25.569577561251805,0.0,120,-30.270373142007863,0.0,120,-48.956940375280205,0.0,118,-43.59158511122552,0.0,120,-6.645717101946391,0.0,0.0,0.0,0.0,0.0,-689088.0,-689088.0,776.0,776.0,0.0,0.0,776.0,0.0,0.0,776
0.0,0.0,-0.0,0.0,0.0,0.0,-0.0,0.0,0.47997237932604736,372.4585663570127,799.2,0.0,776.0,1.0,888.0,-689088.0,180,-4.720043741996845,0.0,118,-43.139406113890225,0.0,120,-7.179489218170689,0.0,120,-14.437753183501123,0.0,118,-7.302217871058277,0.0,120,-45.50453126984144,0.0,0.0,0.0,0.0,0.0,-689088.0,-689088.0,776.0,776.0,0.0,0.0,776.0,0.0,0.0,776
120.83805564072593,0.0,-1208.3805564072593,0.0,0.0,0.0,-0.0,0.0,0.47997237932604736,314.4435219878977,799.2,0.0,655.1283689061925,1.0,888.0,-581753.9915886989,180,-4.036177012859006,0.0,118,-50.80196823321987,0.0,120,-15.561290565163407,0.0,120,-28.024209895513575,0.0,118,-24.55283701258361,0.0,120,-6.8815504442826825,0.0,0.0,0.0335754530816132,0.0335754530816132,0.0,-582962.3721451062,-582962.3721451062,776.0,776.0,120.87163109380754,0.0,655.1283689061925,0.0,0.0,776
120.83805564072593,0.0,-1208.3805564072593,0.0,0.0,0.0,-0.0,0.0,0.47997237932604736,314.4435219878977,799.2,0.0,655.1283689061925,1.0,888.0,-581753.9915886989,180,-56.14861050831364,0.0,118,-9.259986115867076,0.0,120,-19.951761867684308,0.0,120,-34.07628932246732,0.0,118,-32.459408815294616,0.0,120,-57.2291414048012,0.0,0.0,0.0335754530816132,0.0335754530816132,0.0,-582962.3721451062,-582962.3721451062,776.0,776.0,120.87163109380754,0.0,655.1283689061925,0.0,0.0,776
120.83805564072593,0.0,-1208.3805564072593,0.0,0.0,0.0,-0.0,0.0,0.47997237932604736,314.4435219878977,799.2,0.0,655.1283689061925,1.0,888.0,-581753.9915886989,180,-35.82963644272657,0.0,118,-10.599505133383321,0.0,120,-31.466700525050918,0.0,120,-22.54667182100846,0.0,118,-38.142592940225725,0.0,120,-4.300479327732778,0.0,0.0,0.0335754530816132,0.0335754530816132,0.0,-582962.3721451062,-582962.3721451062,776.0,776.0,120.87163109380754,0.0,655.1283689061925,0.0,0.0,776
120.83805564072593,0.0,-1208.3805564072593,0.0,0.0,0.0,-0.0,0.0,0.47997237932604736,314.4435219878977,799.2,0.0,655.1283689061925,1.0,888.0,-581753.9915886989,180,-23.455854300741183,0.0,118,-53.99929927959634,0.0,120,-23.897518183104825,0.0,120,-15.367166053459115,0.0,118,-20.15473196303647,0.0,120,-47.975759400297655,0.0,0.0,0.0335754530816132,0.0335754530816132,0.0,-582962.3721451062,-582962.3721451062,776.0,776.0,120.87163109380754,0.0,655.1283689061925,0.0,0.0,776
120.83805564072593,0.0,-1208.3805564072593,0.0,0.0,0.0,-0.0,0.0,0.47997237932604736,314.4435219878977,799.2,0.0,655.1283689061925,1.0,888.0,-581753.9915886989,180,-12.592553969998106,0.0,118,-36.439650511244885,0.0,120,-12.85342331911248,0.0,120,-21.589588123598197,0.0,118,-45.896703266210494,0.0,120,-57.716765914300694,0.0,0.0,0.0335754530816132,0.0335754530816132,0.0,-582962.3721451062,-582962.3721451062,776.0,776.0,120.87163109380754,0.0,655.1283689061925,0.0,0.0,776
120.83805564072593,0.0,-1208.3805564072593,0.0,0.0,0.0,-0.0,0.0,0.47997237932604736,314.4435219878977,799.2,0.0,655.1283689061925,1.0,888.0,-581753.9915886989,180,-6.397623127607275,0.0,118,-39.85682540334484,0.0,120,-8.353301169458637,0.0,120,-19.043992157839693,0.0,118,-53.56829913607872,0.0,120,-22.301640674119472,0.0,0.0,0.0335754530816132,0.0335754530816132,0.0,-582962.3721451062,-582962.3721451062,776.0,776.0,120.87163109380754,0.0,655.1283689061925,0.0,0.0,776
579.48618362163,0.0,-5794.8618362163,0.0,0.0,0.0,-0.0,0.0,0.47997237932604736,94.2439221719613,799.2,0.0,196.35280326816678,1.0,888.0,-174361.2893021321,180,-42.878877096236394,0.0,118,-35.29190486512347,0.0,120,-28.069417506212602,0.0,120,-47.63969718858132,0.0,118,-59.617836577795856,0.0,120,-46.1515043299975,0.0,0.0,0.161013110203287,0.161013110203287,0.0,-180156.1511383484,-180156.1511383484,776.0,776.0,579.6471967318332,0.0,196.35280326816678,0.0,0.0,776
579.48618362163,0.0,-5794.8618362163,0.0,0.0,0.0,-0.0,0.0,0.47997237932604736,94.2439221719613,799.2,0.0,196.35280326816678,1.0,888.0,-174361.2893021321,180,-20.412988771874574,0.0,118,-12.049596036847003,0.0,120,-19.37021864181252,0.0,120,-22.728892007497514,0.0,118,-48.631595934997975,0.0,120,-16.733321924862025,0.0,0.0,0.161013110203287,0.161013110203287,0.0,-180156.1511383484,-180156.1511383484,776.0,776.0,579.6471967318332,0.0,196.35280326816678,0.0,0.0,776
579.48618362163,0.0,-5794.8618362163,0.0,0.0,0.0,-0.0,0.0,0.47997237932604736,94.2439221719613,799.2,0.0,196.35280326816678,1.0,888.0,-174361.2893021321,180,-36.983835890710225,0.0,118,-47.967066876290254,0.0,120,-40.39179475305711,0.0,120,-40.261992926198346,0.0,118,-43.715849455875635,0.0,120,-48.01549084527421,0.0,0.0,0.161013110203287,0.161013110203287,0.0,-180156.1511383484,-180156.1511383484,776.0,776.0,579.6471967318332,0.0,196.35280326816678,0.0,0.0,776
579.48618362163,0.0,-5794.8618362163,0.0,0.0,0.0,-0.0,0.0,0.47997237932604736,94.2439221719613,799.2,0.0,196.35280326816678,1.0,888.0,-174361.2893021321,180,-15.002782563290003,0.0,118,-57.797179431348255,0.0,120,-23.90503999679685,0.0,120,-34.16164009741157,0.0,118,-16.90490204856582,0.0,120,-17.741280038150215,0.0,0.0,0.161013110203287,0.161013110203287,0.0,-180156.1511383484,-180156.1511383484,776.0,776.0,579.6471967318332,0.0,196.35280326816678,0.0,0.0,776
579.48618362163,0.0,-5794.8618362163,0.0,0.0,0.0,-0.0,0.0,0.47997237932604736,94.2439221719613,799.2,0.0,196.35280326816678,1.0,888.0,-174361.2893021321,180,-46.91045239626432,0.0,118,-35.25890264483366,0.0,120,-35.4108775277715,0.0,120,-16.78661614153844,0.0,118,-11.004134778777473,0.0,120,-59.96838058087819,0.0,0.0,0.161013110203287,0.161013110203287,0.0,-180156.1511383484,-180156.1511383484,776.0,776.0,579.6471967318332,0.0,196.35280326816678,0.0,0.0,776
579.48618362163,0.0,-5794.8618362163,0.0,0.0,0.0,-0.0,0.0,0.47997237932604736,94.2439221719613,799.2,0.0,196.35280326816678,1.0,888.0,-174361.2893021321,180,-51.80383606407724,0.0,118,-16.419125441304395,0.0,120,-33.2905255715027,0.0,120,-41.6284051437811,0.0,118,-28.447962250875385,0.0,120,-5.249168242841613,0.0,0.0,0.161013110203287,0.161013110203287,0.0,-180156.1511383484,-180156.1511383484,776.0,776.0,579.6471967318332,0.0,196.35280326816678,0.0,0.0,776
1148.4258161907012,0.0,-11484.258161907012,372.74491199958993,0.0,0.0,-0.0,0.0,0.47997237932604736,0.0,799.2,0.0,0.0,1.0,888.0,-0.0,180,-52.45494598885581,0.0,118,-53.834636029707255,0.0,120,-4.075389263060876,0.0,120,-36.22391285871516,0.0,118,-22.84036590949195,0.0,120,-5.545521719459156,0.0,0.0,0.319095808888775,0.319095808888775,0.0,-11484.258161907012,-11484.258161907012,1148.74491199959,1148.74491199959,1148.74491199959,0.0,0.0,372.74491199958993,0.0,776
1148.4258161907012,0.0,-11484.258161907012,372.74491199958993,335.470420799631,0.0,-0.0,0.00813202484182074,0.47997237932604736,0.0,799.2,0.0,0.0,1.0,888.0,-0.0,180,-42.4015901510863,0.0,118,-50.32889883778621,0.0,120,-34.65286213872704,0.0,120,-5.499317215531303,0.0,118,-38.944255376586604,0.0,120,-19.836508031158356,0.0,0.0,0.319095808888775,0.319095808888775,0.0,-11484.258161907012,-11484.258161907012,1148.74491199959,1148.74491199959,1148.74491199959,0.0,0.0,372.74491199958993,0.0,776
1148.4258161907012,0.0,-11484.258161907012,372.74491199958993,670.940841599262,0.0,-0.0,0.01626404968364148,0.47997237932604736,0.0,799.2,0.0,0.0,1.0,888.0,-0.0,180,-57.359311326439794,0.0,118,-11.006478174427334,0.0,120,-1.411001816120765,0.0,120,-31.4463340185828,0.0,118,-13.920898730052391,0.0,120,-50.06984757300854,0.0,0.0,0.319095808888775,0.319095808888775,0.0,-11484.258161907012,-11484.258161907012,1148.74491199959,1148.74491199959,1148.74491199959,0.0,0.0,372.74491199958993,0.0,776
1148.4258161907012,0.0,-11484.258161907012,372.74491199958993,1006.4112623988929,0.0,-0.0,0.02439607452546222,0.47997237932604736,0.0,799.2,0.0,0.0,1.0,888.0,-0.0,180,-31.73425285036275,0.0,118,-56.60732439696568,0.0,120,-15.188642131176504,0.0,120,-6.282245937105828,0.0,118,-58.47116492413058,0.0,120,-23.245286896929098,0.0,0.0,0.319095808888775,0.319095808888775,0.0,-11484.258161907012,-11484.258161907012,1148.74491199959,1148.74491199959,1148.74491199959,0.0,0.0,372.74491199958993,0.0,776
1148.4258161907012,0.0,-11484.258161907012,372.74491199958993,1341.881683198524,0.0,-0.0,0.03252809936728296,0.47997237932604736,0.0,799.2,0.0,0.0,1.0,888.0,-0.0,180,-44.22066786115547,0.0,118,-18.025607245104613,0.0,120,-23.639576949945287,0.0,120,-59.50642504133648,0.0,118,-43.084602911400566,0.0,120,-25.13272037845713,0.0,0.0,0.319095808888775,0.319095808888775,0.0,-11484.258161907012,-11484.258161907012,1148.74491199959,1148.74491199959,1148.74491199959,0.0,0.0,372.74491199958993,0.0,776
1148.4258161907012,0.0,-11484.258161907012,372.74491199958993,1677.352103998155,0.0,-0.0,0.0406601242091037,0.47997237932604736,0.0,799.2,0.0,0.0,1.0,888.0,-0.0,180,-50.53662739575236,0.0,118,-46.764940143070085,0.0,120,-50.63788048547591,0.0,120,-19.94834758106081,0.0,118,-9.268766738043928,0.0,120,-12.313535162671627,0.0,0.0,0.319095808888775,0.319095808888775,0.0,-11484.258161907012,-11484.258161907012,1148.74491199959,1148.74491199959,1148.74491199959,0.0,0.0,372.74491199958993,0.0,776
1704.0289413580663,0.0,-17040.289413580664,928.5024142509137,2012.822524797786,0.0,-0.0,0.04879214905092444,0.47997237932604736,0.0,799.2,0.0,0.0,1.0,888.0,-0.0,180,-40.811964039492786,0.0,118,-22.84459084747685,0.0,120,-9.712626264325747,0.0,120,-59.384312105235246,0.0,118,-58.30821013485407,0.0,120,-17.507339267992258,0.0,0.0,0.473472892847476,0.473472892847476,0.0,-17040.289413580664,-17040.289413580664,1704.5024142509137,1704.5024142509137,1704.5024142509137,0.0,0.0,928.5024142509137,0.0,776
1704.0289413580663,0.0,-17040.289413580664,928.5024142509137,2848.4746976236083,0.0,-0.0,0.06904891032466992,0.47997237932604736,0.0,799.2,0.0,0.0,1.0,888.0,-0.0,180,-41.71061494338007,0.0,118,-4.522079324557151,0.0,120,-2.465916535522432,0.0,120,-36.449167049976325,0.0,118,-11.814016215243207,0.0,120,-25.28210353261936,0.0,0.0,0.473472892847476,0.473472892847476,0.0,-17040.289413580664,-17040.289413580664,1704.5024142509137,1704.5024142509137,1704.5024142509137,0.0,0.0,928.5024142509137,0.0,776
1704.0289413580663,0.0,-17040.289413580664,928.5024142509137,3684.1268704494305,0.0,-0.0,0.0893056715984154,0.47997237932604736,0.0,799.2,0.0,0.0,1.0,888.0,-0.0,180,-39.814359621840026,0.0,118,-55.828420290263296,0.0,120,-25.901411644697532,0.0,120,-1.5233297076390762,0.0,118,-38.23154205173175,0.0,120,-56.148792665866466,0.0,0.0,0.473472892847476,0.473472892847476,0.0,-17040.289413580664,-17040.289413580664,1704.5024142509137,1704.5024142509137,1704.5024142509137,0.0,0.0,928.5024142509137,0.0,776
1704.0289413580663,0.0,-17040.289413580664,928.5024142509137,4519.779043275253,0.0,-0.0,0.10956243287216087,0.47997237932604736,0.0,799.2,0.0,0.0,1.0,888.0,-0.0,180,-10.202190736493442,0.0,118,-42.75698181347443,0.0,120,-8.017596473442287,0.0,120,-41.74640298634744,0.0,118,-48.92834074576568,0.0,120,-34.15142542310935,0.0,0.0,0.473472892847476,0.473472892847476,0.0,-17040.289413580664,-17040.289413580664,1704.5024142509137,1704.5024142509137,1704.5024142509137,0.0,0.0,928.5024142509137,0.0,776
1704.0289413580663,0.0,-17040.289413580664,928.5024142509137,5355.431216101075,0.0,-0.0,0.12981919414590634,0.47997237932604736,0.0,799.2,0.0,0.0,1.0,888.0,-0.0,180,-37.51989768440215,0.0,118,-43.73904078230932,0.0,120,-17.50359025721858,0.0,120,-41.4211738344038,0.0,118,-3.879642109867989,0.0,120,-28.745469315162396,0.0,0.0,0.473472892847476,0.473472892847476,0.0,-17040.289413580664,-17040.289413580664,1704.5024142509137,1704.5024142509137,1704.5024142509137,0.0,0.0,928.5024142509137,0.0,776
1704.0289413580663,0.0,-17040.289413580664,928.5024142509137,6191.083388926897,0.0,-0.0,0.15007595541965182,0.47997237932604736,0.0,799.2,0.0,0.0,1.0,888.0,-0.0,180,-20.5870646073934,0.0,118,-34.80034227206835,0.0,120,-26.00522259940609,0.0,120,-30.342320768553034,0.0,118,-49.5973321104988,0.0,120,-32.38948045595892,0.0,0.0,0.473472892847476,0.473472892847476,0.0,-17040.289413580664,-17040.289413580664,1704.5024142509137,1704.5024142509137,1704.5024142509137,0.0,0.0,928.5024142509137,0.0,776
2127.5539465591633,0.0,-21275.53946559163,1352.1450979752676,7026.735561752719,0.0,-0.0,0.1703327166933973,0.47997237932604736,0.0,799.2,0.0,0.0,1.0,888.0,-0.0,180,-51.48021796542825,0.0,118,-49.6988811932294,0.0,120,-19.594392405791055,0.0,120,-45.26778192937131,0.0,118,-35.3158930890705,0.0,120,-11.183698848363246,0.0,0.0,0.591151416104241,0.591151416104241,0.0,-21275.53946559163,-21275.53946559163,2128.1450979752676,2128.1450979752676,2128.1450979752676,0.0,0.0,1352.1450979752676,0.0,776
2127.5539465591633,0.0,-21275.53946559163,1352.1450979752676,8243.666149930461,0.0,-0.0,0.19983191888906165,0.47997237932604736,0.0,799.2,0.0,0.0,1.0,888.0,-0.0,180,-0.8464784529200231,0.0,118,-25.243400387826323,0.0,120,-11.471354417050303,0.0,120,-17.668188602323518,0.0,118,-49.42949222036935,0.0,120,-42.40354804284857,0.0,0.0,0.591151416104241,0.591151416104241,0.0,-21275.53946559163,-21275.53946559163,2128.1450979752676,2128.1450979752676,2128.1450979752676,0.0,0.0,1352.1450979752676,0.0,776
2127.5539465591633,0.0,-21275.53946559163,1352.1450979752676,9460.596738108201,0.0,-0.0,0.22933112108472598,0.47997237932604736,0.0,799.2,0.0,0.0,1.0,888.0,-0.0,180,-55.28769879416806,0.0,118,-55.559359579790105,0.0,120,-42.29322353822221,0.0,120,-30.216156830273185,0.0,118,-55.58175021208184,0.0,120,-31.278310404588133,0.0,0.0,0.591151416104241,0.591151416104241,0.0,-21275.53946559163,-21275.53946559163,2128.1450979752676,2128.1450979752676,2128.1450979752676,0.0,0.0,1352.1450979752676,0.0,776
2127.5539465591633,0.0,-21275.53946559163,1414.1450979752676,10677.527326285941,0.0,-0.0,0.2588303232803903,0.47997237932604736,0.0,799.2,0.0,0.0,1.0,888.0,-0.0,118,-41.895473128870286,0.0,118,-32.219945536828924,0.0,120,-26.997687154279475,0.0,120,-44.583994287804195,0.0,118,-44.960280210112,0.0,120,-26.004490846879737,0.0,0.0,0.591151416104241,0.591151416104241,0.0,-21275.53946559163,-21275.53946559163,2128.1450979752676,2128.1450979752676,2128.1450979752676,0.0,0.0,1414.1450979752676,0.0,714
2127.5539465591633,0.0,-21275.53946559163,1414.1450979752676,11950.257914463682,0.0,-0.0,0.28968215437577105,0.47997237932604736,0.0,799.2,0.0,0.0,1.0,888.0,-0.0,118,-55.50717834625575,0.0,118,-16.287149953064343,0.0,120,-12.815109720918352,0.0,120,-28.07250376196822,0.0,118,-16.296965649062617,0.0,120,-3.1412269359511513,0.0,0.0,0.591151416104241,0.591151416104241,0.0,-21275.53946559163,-21275.53946559163,2128.1450979752676,2128.1450979752676,2128.1450979752676,0.0,0.0,1414.1450979752676,0.0,714
2127.5539465591633,0.0,-21275.53946559163,1418.1450979752676,13222.988502641423,0.0,-0.0,0.32053398547115175,0.47997237932604736,0.0,799.2,0.0,0.0,1.0,888.0,-0.0,118,-49.12722505800196,0.0,118,-35.84423764907134,0.0,118,-40.33177771094924,0.0,118,-49.93244256344403,0.0,118,-11.195282051521565,0.0,120,-29.590353705977314,0.0,0.0,0.591151416104241,0.591151416104241,0.0,-21275.53946559163,-21275.53946559163,2128.1450979752676,2128.1450979752676,2128.1450979752676,0.0,0.0,1418.1450979752676,0.0,710
2267.021150706582,0.0,-22670.21150706582,1497.6510537770755,14499.319090819165,0.0,-0.0,0.35147308294715934,0.47997237932604736,0.0,799.2,0.0,0.0,1.0,888.0,-0.0,180,-7.184874304488742,0.0,118,-52.85421384752208,0.0,118,-26.43670476165497,0.0,118,-4.626163641432621,0.0,118,-34.02591653784579,0.0,118,-20.364805333416424,0.0,0.0,0.629903070493632,0.629903070493632,0.0,-22670.21150706582,-22670.21150706582,2267.6510537770755,2267.6510537770755,2267.6510537770755,0.0,0.0,1497.6510537770755,0.0,770
2267.021150706582,0.0,-22670.21150706582,1497.6510537770755,15847.205039218532,0.0,-0.0,0.3841467296734427,0.47997237932604736,0.0,799.2,0.0,0.0,1.0,888.0,-0.0,180,-38.033253116061374,0.0,118,-34.2851117677574,0.0,118,-31.792215154289607,0.0,118,-51.19651075701651,0.0,118,-53.17484212622596,0.0,118,-4.7802539084775635,0.0,0.0,0.629903070493632,0.629903070493632,0.0,-22670.21150706582,-22670.21150706582,2267.6510537770755,2267.6510537770755,2267.6510537770755,0.0,0.0,1497.6510537770755,0.0,770
2267.021150706582,0.0,-22670.21150706582,1497.6510537770755,17195.0909876179,0.0,-0.0,0.4168203763997261,0.47997237932604736,0.0,799.2,0.0,0.0,1.0,888.0,-0.0,180,-29.032718950171315,0.0,118,-38.872507331412805,0.0,118,-19.622684550904165,0.0,118,-56.538844375379,0.0,118,-15.257912725877404,0.0,118,-28.927820297817323,0.0,0.0,0.629903070493632,0.629903070493632,0.0,-22670.21150706582,-22670.21150706582,2267.6510537770755,2267.6510537770755,2267.6510537770755,0.0,0.0,1497.6510537770755,0.0,770
2267.021150706582,0.0,-22670.21150706582,1497.6510537770755,18542.97693601727,0.0,-0.0,0.44949402312600945,0.47997237932604736,0.0,799.2,0.0,0.0,1.0,888.0,-0.0,180,-35.447093864939106,0.0,118,-11.000390688093503,0.0,118,-52.88562381577903,0.0,118,-36.87590312060273,0.0,118,-45.46659801437302,0.0,118,-36.86827313264581,0.0,0.0,0.629903070493632,0.629903070493632,0.0,-22670.21150706582,-22670.21150706582,2267.6510537770755,2267.6510537770755,2267.6510537770755,0.0,0.0,1497.6510537770755,0.0,770
2267.021150706582,0.0,-22670.21150706582,1497.6510537770755,19890.862884416638,0.0,-0.0,0.48216766985229287,0.47997237932604736,0.0,799.2,0.0,0.0,1.0,888.0,-0.0,180,-53.76828034906231,0.0,118,-18.464079253638296,0.0,118,-36.82095575952696,0.0,118,-5.370731155035131,0.0,118,-43.09332415609616,0.0,118,-24.909624984835844,0.0,0.0,0.629903070493632,0.629903070493632,0.0,-22670.21150706582,-22670.21150706582,2267.6510537770755,2267.6510537770755,2267.6510537770755,0.0,0.0,1497.6510537770755,0.0,770
2267.021150706582,0.0,-22670.21150706582,1495.6510537770755,21238.748832816007,0.0,-0.0,0.5148413165785762,0.47997237932604736,0.0,799.2,0.0,0.0,1.0,888.0,-0.0,180,-38.19029653525918,0.0,118,-3.5345800379235692,0.0,118,-31.856744183547846,0.0,120,-30.992102292274215,0.0,118,-17.39079964513613,0.0,118,-38.79704455428914,0.0,0.0,0.629903070493632,0.629903070493632,0.0,-22670.21150706582,-22670.21150706582,2267.6510537770755,2267.6510537770755,2267.6510537770755,0.0,0.0,1495.6510537770755,0.0,772
2077.039410886976,0.0,-20770.39410886976,1307.6165265888062,22584.834781215373,0.0,-0.0,0.5474713301145462,0.47997237932604736,0.0,799.2,0.0,0.0,1.0,888.0,-0.0,180,-3.5100175998145855,0.0,118,-29.84380771505339,0.0,118,-43.741565608912985,0.0,118,-21.62464606991096,0.0,118,-57.16888300597843,0.0,118,-53.935575745653956,0.0,0.0,0.577115701830224,0.577115701830224,0.0,-20770.39410886976,-20770.39410886976,2077.616526588806,2077.616526588806,2077.616526588806,0.0,0.0,1307.6165265888062,0.0,770
2077.039410886976,0.0,-20770.39410886976,1307.6165265888062,23761.6896551453,0.0,-0.0,0.5759990704953651,0.47997237932604736,0.0,799.2,0.0,0.0,1.0,888.0,-0.0,180,-14.60826512375354,0.0,118,-2.014438772538647,0.0,118,-32.21331577372781,0.0,118,-0.5846140024530766,0.0,118,-22.862148351793042,0.0,118,-39.59910939333892,0.0,0.0,0.577115701830224,0.577115701830224,0.0,-20770.39410886976,-20770.39410886976,2077.616526588806,2077.616526588806,2077.616526588806,0.0,0.0,1307.6165265888062,0.0,770
2077.039410886976,0.0,-20770.39410886976,1307.6165265888062,24938.544529075225,0.0,-0.0,0.6045268108761842,0.47997237932604736,0.0,799.2,0.0,0.0,1.0,888.0,-0.0,180,-50.70299276645875,0.0,118,-45.29835959828807,0.0,118,-25.448424242325085,0.0,118,-23.52305028993934,0.0,118,-42.38188968732459,0.0,118,-34.60737976753493,0.0,0.0,0.577115701830224,0.577115701830224,0.0,-20770.39410886976,-20770.39410886976,2077.616526588806,2077.616526588806,2077.616526588806,0.0,0.0,1307.6165265888062,0.0,770
2077.039410886976,0.0,-20770.39410886976,1307.6165265888062,26115.39940300515,0.0,-0.0,0.6330545512570032,0.47997237932604736,0.0,799.2,0.0,0.0,1.0,888.0,-0.0,180,-43.283156565359626,0.0,118,-59.16221760417964,0.0,118,-41.274603972006375,0.0,118,-56.1890054014509,0.0,118,-0.4383441762869822,0.0,118,-53.121987862359695,0.0,0.0,0.577115701830224,0.577115701830224,0.0,-20770.39410886976,-20770.39410886976,2077.616526588806,2077.616526588806,2077.616526588806,0.0,0.0,1307.6165265888062,0.0,770
2077.039410886976,0.0,-20770.39410886976,1307.6165265888062,27292.254276935077,0.0,-0.0,0.6615822916378221,0.47997237932604736,0.0,799.2,0.0,0.0,1.0,888.0,-0.0,180,-2.389015790535629,0.0,118,-24.473537309030696,0.0,118,-28.884113117192637,0.0,118,-8.777200947148234,0.0,118,-8.70375366592441,0.0,118,-30.976396169625104,0.0,0.0,0.577115701830224,0.577115701830224,0.0,-20770.39410886976,-20770.39410886976,2077.616526588806,2077.616526588806,2077.616526588806,0.0,0.0,1307.6165265888062,0.0,770
2077.039410886976,0.0,-20770.39410886976,1307.6165265888062,28469.109150865002,0.0,-0.0,0.6901100320186411,0.47997237932604736,0.0,799.2,0.0,0.0,1.0,888.0,-0.0,180,-11.6884402167036,0.0,118,-45.75744478071599,0.0,118,-48.83796362000359,0.0,118,-20.86355311465763,0.0,118,-22.997244719532482,0.0,118,-55.36387857464231,0.0,0.0,0.577115701830224,0.577115701830224,0.0,-20770.39410886976,-20770.39410886976,2077.616526588806,2077.616526588806,2077.616526588806,0.0,0.0,1307.6165265888062,0.0,770
1700.9092378494781,0.0,-17009.09237849478,931.381843917233,29645.96402479493,0.0,-0.0,0.7186377723994601,0.47997237932604736,0.0,799.2,0.0,0.0,1.0,888.0,-0.0,180,-29.81525967055667,0.0,118,-55.075969469694584,0.0,118,-58.25260190159165,0.0,118,-59.96842754170396,0.0,118,-36.889529323954584,0.0,118,-22.357949926497284,0.0,0.0,0.472606067754787,0.472606067754787,0.0,-17009.09237849478,-17009.09237849478,1701.381843917233,1701.381843917233,1701.381843917233,0.0,0.0,931.381843917233,0.0,770
1700.9092378494781,0.0,-17009.09237849478,931.381843917233,30484.207684320438,0.0,-0.0,0.7389573530245179,0.47997237932604736,0.0,799.2,0.0,0.0,1.0,888.0,-0.0,180,-49.9995017235751,0.0,118,-46.550709376963546,0.0,118,-43.161556940611604,0.0,118,-57.65366135939006,0.0,118,-14.985724124179534,0.0,118,-44.75822837791061,0.0,0.0,0.472606067754787,0.472606067754787,0.0,-17009.09237849478,-17009.09237849478,1701.381843917233,1701.381843917233,1701.381843917233,0.0,0.0,931.381843917233,0.0,770
1700.9092378494781,0.0,-17009.09237849478,931.381843917233,31322.451343845947,0.0,-0.0,0.7592769336495757,0.47997237932604736,0.0,799.2,0.0,0.0,1.0,888.0,-0.0,180,-27.924145902849546,0.0,118,-2.6924576588119242,0.0,118,-59.42812550653248,0.0,118,-59.959771948162,0.0,118,-45.08491638683342,0.0,118,-8.46178133684689,0.0,0.0,0.472606067754787,0.472606067754787,0.0,-17009.09237849478,-17009.09237849478,1701.381843917233,1701.381843917233,1701.381843917233,0.0,0.0,931.381843917233,0.0,770
1700.9092378494781,0.0,-17009.09237849478,931.381843917233,32160.695003371457,0.0,-0.0,0.7795965142746335,0.47997237932604736,0.0,799.2,0.0,0.0,1.0,888.0,-0.0,180,-8.305275888188246,0.0,118,-45.31881352841376,0.0,118,-40.86049318398185,0.0,118,-33.0574122886983,0.0,118,-35.04149168754139,0.0,118,-37.997100042339355,0.0,0.0,0.472606067754787,0.472606067754787,0.0,-17009.09237849478,-17009.09237849478,1701.381843917233,1701.381843917233,1701.381843917233,0.0,0.0,931.381843917233,0.0,770
1700.9092378494781,0.0,-17009.09237849478,931.381843917233,32998.938662896966,0.0,-0.0,0.7999160948996913,0.47997237932604736,0.0,799.2,0.0,0.0,1.0,888.0,-0.0,180,-57.9175599754611,0.0,118,-33.80368676333511,0.0,118,-8.58096347906354,0.0,118,-17.08145487559161,0.0,118,-10.100625462894683,0.0,118,-59.83224059073498,0.0,0.0,0.472606067754787,0.472606067754787,0.0,-17009.09237849478,-17009.09237849478,1701.381843917233,1701.381843917233,1701.381843917233,0.0,0.0,931.381843917233,0.0,770
1700.9092378494781,0.0,-17009.09237849478,931.381843917233,33837.18232242248,0.0,-0.0,0.8202356755247492,0.47997237932604736,0.0,799.2,0.0,0.0,1.0,888.0,-0.0,180,-7.860591407061436,0.0,118,-24.824830147467946,0.0,118,-25.067917444915494,0.0,118,-35.14180628858789,0.0,118,-3.6886354610655214,0.0,118,-7.191842819494583,0.0,0.0,0.472606067754787,0.472606067754787,0.0,-17009.09237849478,-17009.09237849478,1701.381843917233,1701.381843917233,1701.381843917233,0.0,0.0,931.381843917233,0.0,770
1190.7249466601381,0.0,-11907.24946660138,421.0557954922192,34675.42598194799,0.0,-0.0,0.8405552561498071,0.47997237932604736,0.0,799.2,0.0,0.0,1.0,888.0,-0.0,180,-51.61069066232923,0.0,118,-24.822833776793765,0.0,118,-0.9854442129349339,0.0,118,-0.9181822526378136,0.0,118,-19.840266446632782,0.0,118,-55.85628350246828,0.0,0.0,0.330848832081172,0.330848832081172,0.0,-11907.24946660138,-11907.24946660138,1191.0557954922192,1191.0557954922192,1191.0557954922192,0.0,0.0,421.0557954922192,0.0,770
1190.7249466601381,0.0,-11907.24946660138,359.0557954922192,35054.37619789099,0.0,-0.0,0.8497412599784498,0.47997237932604736,0.0,799.2,0.0,0.0,1.0,888.0,-0.0,180,-31.528378012715855,0.0,118,-55.697800522142145,0.0,118,-22.93510550691139,0.0,180,-15.898781989978678,0.0,118,-16.3368639431266,0.0,118,-7.045930227779122,0.0,0.0,0.330848832081172,0.330848832081172,0.0,-11907.24946660138,-11907.24946660138,1191.0557954922192,1191.0557954922192,1191.0557954922192,0.0,0.0,359.0557954922192,0.0,832
1190.7249466601381,0.0,-11907.24946660138,359.0557954922192,35377.526413833984,0.0,-0.0,0.8575746349073761,0.47997237932604736,0.0,799.2,0.0,0.0,1.0,888.0,-0.0,180,-59.65685179924559,0.0,118,-1.223511715641732,0.0,118,-22.4671708597907,0.0,180,-24.718537696038695,0.0,118,-7.464631237791481,0.0,118,-0.46253900606652243,0.0,0.0,0.330848832081172,0.330848832081172,0.0,-11907.24946660138,-11907.24946660138,1191.0557954922192,1191.0557954922192,1191.0557954922192,0.0,0.0,359.0557954922192,0.0,832
1190.7249466601381,0.0,-11907.24946660138,297.0557954922192,35700.67662977698,0.0,-0.0,0.8654080098363023,0.47997237932604736,0.0,799.2,0.0,0.0,1.0,888.0,-0.0,180,-30.27086103324639,0.0,118,-36.42813340736279,0.0,118,-3.1221416176772143,0.0,180,-53.23089164646391,0.0,180,-49.230883489080114,0.0,118,-25.639492279304754,0.0,0.0,0.330848832081172,0.330848832081172,0.0,-11907.24946660138,-11907.24946660138,1191.0557954922192,1191.0557954922192,1191.0557954922192,0.0,0.0,297.0557954922192,0.0,894
1190.7249466601381,0.0,-11907.24946660138,297.0557954922192,35968.02684571998,0.0,-0.0,0.8718887558655123,0.47997237932604736,0.0,799.2,0.0,0.0,1.0,888.0,-0.0,180,-21.68254133719256,0.0,118,-44.41545633553192,0.0,118,-13.272146258288192,0.0,180,-40.910152226492194,0.0,180,-45.10678220480133,0.0,118,-41.22741895570112,0.0,0.0,0.330848832081172,0.330848832081172,0.0,-11907.24946660138,-11907.24946660138,1191.0557954922192,1191.0557954922192,1191.0557954922192,0.0,0.0,297.0557954922192,0.0,894
1190.7249466601381,0.0,-11907.24946660138,297.0557954922192,36235.37706166298,0.0,-0.0,0.8783695018947223,0.47997237932604736,0.0,799.2,0.0,0.0,1.0,888.0,-0.0,180,-44.832284003604194,0.0,118,-4.124485090477991,0.0,118,-37.97688126384217,0.0,180,-47.517092596397646,0.0,180,-3.0214899092867253,0.0,118,-59.205577316067775,0.0,0.0,0.330848832081172,0.330848832081172,0.0,-11907.24946660138,-11907.24946660138,1191.0557954922192,1191.0557954922192,1191.0557954922192,0.0,0.0,297.0557954922192,0.0,894
544.8561194122128,0.0,-5448.561194122129,0.0,36502.727277605976,348.9924896126796,-0.0,0.8848502479239322,0.47997237932604736,0.0,799.2,0.0,0.0,1.0,888.0,-0.0,180,-12.352220464930417,0.0,118,-25.360112925750048,0.0,118,-27.912647298200397,0.0,180,-58.80813622427183,0.0,180,-35.15210551944412,0.0,118,-37.45328526396512,0.0,0.0,0.151390975107589,0.151390975107589,0.0,-5448.561194122129,-5448.561194122129,894.0,894.0,545.0075103873204,0.0,348.9924896126796,0.0,0.0,894
544.8561194122128,0.0,-5448.561194122129,0.0,36114.957844703,348.9924896126796,-0.0,0.8754504604441616,0.47997237932604736,0.0,799.2,0.0,0.0,1.0,888.0,-0.0,180,-53.26937491795786,0.0,118,-27.23843580948723,0.0,118,-0.2091704797244942,0.0,180,-51.19704049709723,0.0,180,-2.4550909313031033,0.0,118,-36.02604391606068,0.0,0.0,0.151390975107589,0.151390975107589,0.0,-5448.561194122129,-5448.561194122129,894.0,894.0,545.0075103873204,0.0,348.9924896126796,0.0,0.0,894
544.8561194122128,0.0,-5448.561194122129,0.0,35727.18841180002,348.9924896126796,-0.0,0.8660506729643911,0.47997237932604736,0.0,799.2,0.0,0.0,1.0,888.0,-0.0,180,-5.363969566469267,0.0,118,-53.20440598248501,0.0,118,-2.7906129185388617,0.0,180,-49.06579925358346,0.0,180,-1.4459054082020995,0.0,118,-4.917167802812543,0.0,0.0,0.151390975107589,0.151390975107589,0.0,-5448.561194122129,-5448.561194122129,894.0,894.0,545.0075103873204,0.0,348.9924896126796,0.0,0.0,894
544.8561194122128,0.0,-5448.561194122129,0.0,35339.41897889705,348.9924896126796,-0.0,0.8566508854846204,0.47997237932604736,0.0,799.2,0.0,0.0,1.0,888.0,-0.0,180,-48.34020008680453,0.0,118,-23.5968363954902,0.0,118,-50.73302968545027,0.0,180,-38.55350203170533,0.0,180,-8.189398460165553,0.0,118,-42.10776924264445,0.0,0.0,0.151390975107589,0.151390975107589,0.0,-5448.561194122129,-5448.561194122129,894.0,894.0,545.0075103873204,0.0,348.9924896126796,0.0,0.0,894
544.8561194122128,0.0,-5448.561194122129,0.0,34951.64954599407,348.9924896126796,-0.0,0.8472510980048499,0.47997237932604736,0.0,799.2,0.0,0.0,1.0,888.0,-0.0,180,-53.8211486863833,0.0,118,-56.1465872323949,0.0,118,-57.93455159761699,0.0,180,-33.61267884463851,0.0,180,-19.2410305753907,0.0,118,-18.213489037161914,0.0,0.0,0.151390975107589,0.151390975107589,0.0,-5448.561194122129,-5448.561194122129,894.0,894.0,545.0075103873204,0.0,348.9924896126796,0.0,0.0,894
544.8561194122128,0.0,-5448.561194122129,0.0,34563.880113091094,410.9924896126796,-0.0,0.8378513105250792,0.47997237932604736,0.0,799.2,0.0,0.0,1.0,888.0,-0.0,180,-45.19381649711362,0.0,118,-27.900554367132425,0.0,180,-1.5462467512887512,0.0,180,-57.492422647208095,0.0,180,-15.347057401384687,0.0,118,-19.036461772075718,0.0,0.0,0.151390975107589,0.151390975107589,0.0,-5448.561194122129,-5448.561194122129,956.0,956.0,545.0075103873204,0.0,410.9924896126796,0.0,0.0,956
11.065484064357097,0.0,-110.65484064357096,0.0,34107.22179129923,944.931441336014,-0.0,0.8267816108234365,0.47997237932604736,0.0,799.2,0.0,0.0,1.0,888.0,-0.0,180,-51.24898390835072,0.0,118,-46.96084090972659,0.0,180,-45.04996618264883,0.0,180,-8.484706262144378,0.0,180,-35.06703600071402,0.0,118,-9.219385330654429,0.0,0.0,0.003074599628885,0.003074599628885,0.0,-110.65484064357096,-110.65484064357096,956.0,956.0,11.068558663985982,0.0,944.931441336014,0.0,0.0,956
11.065484064357097,0.0,-110.65484064357096,0.0,33057.297967592545,944.931441336014,-0.0,0.8013307630376589,0.47997237932604736,0.0,799.2,0.0,0.0,1.0,888.0,-0.0,180,-34.632072889355946,0.0,118,-41.75977417290878,0.0,180,-20.242825454759295,0.0,180,-42.559080573778125,0.0,180,-48.2621237800462,0.0,118,-41.05656918672261,0.0,0.0,0.003074599628885,0.003074599628885,0.0,-110.65484064357096,-110.65484064357096,956.0,956.0,11.068558663985982,0.0,944.931441336014,0.0,0.0,956
11.065484064357097,0.0,-110.65484064357096,0.0,32007.374143885863,944.931441336014,-0.0,0.7758799152518814,0.47997237932604736,0.0,799.2,0.0,0.0,1.0,888.0,-0.0,180,-6.265348882139115,0.0,118,-46.332776104618304,0.0,180,-32.06601703714482,0.0,180,-31.171138129801722,0.0,180,-8.911866856839275,0.0,118,-16.277149845231296,0.0,0.0,0.003074599628885,0.003074599628885,0.0,-110.65484064357096,-110.65484064357096,956.0,956.0,11.068558663985982,0.0,944.931441336014,0.0,0.0,956
11.065484064357097,0.0,-110.65484064357096,0.0,30957.45032017918,944.931441336014,-0.0,0.7504290674661038,0.47997237932604736,0.0,799.2,0.0,0.0,1.0,888.0,-0.0,180,-21.022730488158224,0.0,118,-24.75591110448912,0.0,180,-14.642540439435463,0.0,180,-50.79319947416267,0.0,180,-56.461502091272365,0.0,118,-41.72849069185147,0.0,0.0,0.003074599628885,0.003074599628885,0.0,-110.65484064357096,-110.65484064357096,956.0,956.0,11.068558663985982,0.0,944.931441336014,0.0,0.0,956
11.065484064357097,0.0,-110.65484064357096,0.0,29907.5264964725,944.931441336014,-0.0,0.7249782196803263,0.47997237932604736,0.0,799.2,0.0,0.0,1.0,888.0,-0.0,180,-20.57367008885604,0.0,118,-23.54377264165898,0.0,180,-18.222653110390475,0.0,180,-36.53440564339617,0.0,180,-27.845307300985116,0.0,118,-18.423962924981154,0.0,0.0,0.003074599628885,0.003074599628885,0.0,-110.65484064357096,-110.65484064357096,956.0,956.0,11.068558663985982,0.0,944.931441336014,0.0,0.0,956
11.065484064357097,0.0,-110.65484064357096,0.0,28857.602672765817,944.931441336014,-0.0,0.6995273718945487,0.47997237932604736,0.0,799.2,0.0,0.0,1.0,888.0,-0.0,180,-57.41148083421401,0.0,118,-10.470177099926875,0.0,180,-12.737910133128878,0.0,180,-14.53239127434431,0.0,180,-40.80300861174777,0.0,118,-4.880947464737735,0.0,0.0,0.003074599628885,0.003074599628885,0.0,-110.65484064357096,-110.65484064357096,956.0,956.0,11.068558663985982,0.0,944.931441336014,0.0,0.0,956
0.0,0.0,-0.0,0.0,27807.678849059135,956.0,-0.0,0.6740765241087712,0.47997237932604736,0.0,799.2,0.0,0.0,1.0,888.0,-0.0,180,-25.489130948684778,0.0,118,-13.878664890314843,0.0,180,-57.46807407741047,0.0,180,-44.06495941270047,0.0,180,-57.507426055399385,0.0,118,-5.087512308101754,0.0,0.0,0.0,0.0,0.0,0.0,0.0,956.0,956.0,0.0,0.0,956.0,0.0,0.0,956
0.0,0.0,-0.0,0.0,26745.456626836913,956.0,-0.0,0.6483275550102274,0.47997237932604736,0.0,799.2,0.0,0.0,1.0,888.0,-0.0,180,-35.2526468651101,0.0,118,-48.897060883507706,0.0,180,-48.48942399108895,0.0,180,-28.591692725807118,0.0,180,-24.918285968187416,0.0,118,-11.105537834118637,0.0,0.0,0.0,0.0,0.0,0.0,0.0,956.0,956.0,0.0,0.0,956.0,0.0,0.0,956
0.0,0.0,-0.0,0.0,25683.23440461469,956.0,-0.0,0.6225785859116838,0.47997237932604736,0.0,799.2,0.0,0.0,1.0,888.0,-0.0,180,-16.52268943711283,0.0,118,-42.04484947696478,0.0,180,-46.13427534986522,0.0,180,-57.64677635706633,0.0,180,-59.59193047622503,0.0,118,-23.06589267536404,0.0,0.0,0.0,0.0,0.0,0.0,0.0,956.0,956.0,0.0,0.0,956.0,0.0,0.0,956
0.0,0.0,-0.0,0.0,24621.012182392467,956.0,-0.0,0.5968296168131401,0.47997237932604736,0.0,799.2,0.0,0.0,1.0,888.0,-0.0,180,-13.217297919797343,0.0,118,-27.84631876099948,0.0,180,-46.420018755658305,0.0,180,-1.968812485535587,0.0,180,-25.895623575540995,0.0,118,-12.746387055717378,0.0,0.0,0.0,0.0,0.0,0.0,0.0,956.0,956.0,0.0,0.0,956.0,0.0,0.0,956
0.0,0.0,-0.0,0.0,23558.789960170245,956.0,-0.0,0.5710806477145964,0.47997237932604736,0.0,799.2,0.0,0.0,1.0,888.0,-0.0,180,-43.74499162166023,0.0,118,-49.06160795956056,0.0,180,-12.819705093111311,0.0,180,-11.290927148054234,0.0,180,-53.481439020749036,0.0,118,-37.01210707143028,0.0,0.0,0.0,0.0,0.0,0.0,0.0,956.0,956.0,0.0,0.0,956.0,0.0,0.0,956
0.0,0.0,-0.0,0.0,22496.567737948022,956.0,-0.0,0.5453316786160527,0.47997237932604736,0.0,799.2,0.0,0.0,1.0,888.0,-0.0,180,-4.2210354114529185,0.0,118,-17.66710603350923,0.0,180,-43.58818735307857,0.0,180,-37.61613347448124,0.0,180,-55.62590438023233,0.0,118,-54.52886666876744,0.0,0.0,0.0,0.0,0.0,0.0,0.0,956.0,956.0,0.0,0.0,956.0,0.0,0.0,956
0.0,0.0,-0.0,0.0,21434.3455157258,956.0,-0.0,0.5195827095175091,0.47997237932604736,0.0,799.2,0.0,0.0,1.0,888.0,-0.0,180,-7.987427133445859,0.0,118,-27.677176071986533,0.0,180,-1.2217714282179637,0.0,180,-7.396437330491505,0.0,180,-1.780928786066447,0.0,118,-18.761171725637315,0.0,0.0,0.0,0.0,0.0,0.0,0.0,956.0,956.0,0.0,0.0,956.0,0.0,0.0,956
0.0,0.0,-0.0,0.0,20372.123293503577,956.0,-0.0,0.49383374041896533,0.47997237932604736,0.0,799.2,0.0,0.0,1.0,888.0,-0.0,180,-46.62872755088295,0.0,118,-12.360501685361331,0.0,180,-2.702782371937724,0.0,180,-26.515104659607577,0.0,180,-17.690741941441456,0.0,118,-14.006538205325077,0.0,0.0,0.0,0.0,0.0,0.0,0.0,956.0,956.0,0.0,0.0,956.0,0.0,0.0,956
0.0,0.0,-0.0,0.0,19309.901071281354,956.0,-0.0,0.46808477132042164,0.47997237932604736,0.0,799.2,0.0,0.0,1.0,888.0,-0.0,180,-54.733291407127645,0.0,118,-47.93483258630695,0.0,180,-1.8423058364737832,0.0,180,-40.32796782238591,0.0,180,-25.492273123203997,0.0,118,-39.15427782620638,0.0,0.0,0.0,0.0,0.0,0.0,0.0,956.0,956.0,0.0,0.0,956.0,0.0,0.0,956
0.0,0.0,-0.0,0.0,18247.67884905913,956.0,-0.0,0.44233580222187796,0.47997237932604736,0.0,799.2,0.0,0.0,1.0,888.0,-0.0,180,-7.906827471912665,0.0,118,-30.49866404012953,0.0,180,-57.42050866598419,0.0,180,-57.34402669709197,0.0,180,-46.688488534557365,0.0,118,-7.944586386062591,0.0,0.0,0.0,0.0,0.0,0.0,0.0,956.0,956.0,0.0,0.0,956.0,0.0,0.0,956
0.0,0.0,-0.0,0.0,17185.45662683691,956.0,-0.0,0.4165868331233343,0.47997237932604736,0.0,799.2,0.0,0.0,1.0,888.0,-0.0,180,-36.30954546470952,0.0,118,-15.076134248042369,0.0,180,-32.152190267685036,0.0,180,-22.271125171207963,0.0,180,-44.51650598122154,0.0,118,-34.922058096952355,0.0,0.0,0.0,0.0,0.0,0.0,0.0,956.0,956.0,0.0,0.0,956.0,0.0,0.0,956
0.0,0.0,-0.0,0.0,16123.234404614686,956.0,-0.0,0.3908378640247906,0.47997237932604736,0.0,799.2,0.0,0.0,1.0,888.0,-0.0,180,-17.6095884595986,0.0,118,-48.39929577089084,0.0,180,-55.23455124097251,0.0,180,-26.95261287621618,0.0,180,-38.161016957326154,0.0,118,-30.143811783380134,0.0,0.0,0.0,0.0,0.0,0.0,0.0,956.0,956.0,0.0,0.0,956.0,0.0,0.0,956
0.0,0.0,-0.0,0.0,15061.012182392464,956.0,-0.0,0.3650888949262469,0.47997237932604736,0.0,799.2,0.0,0.0,1.0,888.0,-0.0,180,-17.702420385349292,0.0,118,-19.335253956915185,0.0,180,-1.8454918692950772,0.0,180,-17.51006104488277,0.0,180,-40.05516541549395,0.0,118,-39.139328382430264,0.0,0.0,0.0,0.0,0.0,0.0,0.0,956.0,956.0,0.0,0.0,956.0,0.0,0.0,956
0.0,0.0,-0.0,0.0,13998.789960170241,956.0,-0.0,0.3393399258277032,0.47997237932604736,0.0,799.2,0.0,0.0,1.0,888.0,-0.0,180,-32.05807879174721,0.0,118,-24.340699918293765,0.0,180,-23.873705248016016,0.0,180,-52.01787100912371,0.0,180,-52.21093466000917,0.0,118,-9.101770795873339,0.0,0.0,0.0,0.0,0.0,0.0,0.0,956.0,956.0,0.0,0.0,956.0,0.0,0.0,956
0.0,0.0,-0.0,0.0,12936.567737948018,956.0,-0.0,0.31359095672915954,0.47997237932604736,0.0,799.2,0.0,0.0,1.0,888.0,-0.0,180,-39.93464104561691,0.0,118,-22.15413376379591,0.0,180,-36.708553947781866,0.0,180,-30.349136410962828,0.0,180,-4.575896055042248,0.0,118,-33.02074759464873,0.0,0.0,0.0,0.0,0.0,0.0,0.0,956.0,956.0,0.0,0.0,956.0,0.0,0.0,956
0.0,0.0,-0.0,0.0,11874.345515725796,956.0,-0.0,0.28784198763061586,0.47997237932604736,0.0,799.2,0.0,0.0,1.0,888.0,-0.0,180,-26.786505745447215,0.0,118,-46.01659444842761,0.0,180,-17.431402186851116,0.0,180,-46.95497436373435,0.0,180,-50.59148301464123,0.0,118,-24.331852764187005,0.0,0.0,0.0,0.0,0.0,0.0,0.0,956.0,956.0,0.0,0.0,956.0,0.0,0.0,956
0.0,0.0,-0.0,0.0,10812.123293503573,956.0,-0.0,0.2620930185320722,0.47997237932604736,0.0,799.2,0.0,0.0,1.0,888.0,-0.0,180,-52.25130092622472,0.0,118,-43.38063535872323,0.0,180,-15.909231844180027,0.0,180,-45.44586053746183,0.0,180,-29.76543929934262,0.0,118,-53.56161777216298,0.0,0.0,0.0,0.0,0.0,0.0,0.0,956.0,956.0,0.0,0.0,956.0,0.0,0.0,956
0.0,0.0,-0.0,0.0,9749.90107128135,956.0,-0.0,0.2363440494335285,0.47997237932604736,0.0,799.2,0.0,0.0,1.0,888.0,-0.0,180,-5.2985079586690365,0.0,118,-15.292825385388724,0.0,180,-35.696472107305425,0.0,180,-3.8226362260746494,0.0,180,-4.578745199413252,0.0,118,-22.37781633496296,0.0,0.0,0.0,0.0,0.0,0.0,0.0,956.0,956.0,0.0,0.0,956.0,0.0,0.0,956
0.0,0.0,-0.0,0.0,8687.678849059128,956.0,-0.0,0.2105950803349848,0.47997237932604736,0.0,799.2,0.0,0.0,1.0,888.0,-0.0,180,-22.673480805371863,0.0,118,-6.895224762132113,0.0,180,-16.819950092676827,0.0,180,-51.46110081027998,0.0,180,-55.341813626831794,0.0,118,-14.959359013564967,0.0,0.0,0.0,0.0,0.0,0.0,0.0,956.0,956.0,0.0,0.0,956.0,0.0,0.0,956
0.0,0.0,-0.0,0.0,7625.456626836905,956.0,-0.0,0.18484611123644112,0.47997237932604736,0.0,799.2,0.0,0.0,1.0,888.0,-0.0,180,-42.94212282451561,0.0,118,-9.09948866552301,0.0,180,-28.387080020984083,0.0,180,-28.924946848035475,0.0,180,-47.3379042435126,0.0,118,-55.17979656012598,0.0,0.0,0.0,0.0,0.0,0.0,0.0,956.0,956.0,0.0,0.0,956.0,0.0,0.0,956
0.0,0.0,-0.0,0.0,6563.234404614683,894.0,-0.0,0.15909714213789744,0.47997237932604736,0.0,799.2,0.0,0.0,1.0,888.0,-0.0,180,-30.405990126690053,0.0,118,-36.8728671372901,0.0,180,-46.75226361340363,0.0,118,-21.87372093723755,0.0,180,-40.67507788332331,0.0,118,-52.05263262182069,0.0,0.0,0.0,0.0,0.0,0.0,0.0,894.0,894.0,0.0,0.0,894.0,0.0,0.0,894
0.0,0.0,-0.0,0.0,5569.90107128135,894.0,-0.0,0.13501808526122586,0.47997237932604736,0.0,799.2,0.0,0.0,1.0,888.0,-0.0,180,-8.375412505688951,0.0,118,-10.736488250048275,0.0,180,-27.996582994845248,0.0,118,-47.04778105924475,0.0,180,-46.428596532198576,0.0,118,-6.5997998056710045,0.0,0.0,0.0,0.0,0.0,0.0,0.0,894.0,894.0,0.0,0.0,894.0,0.0,0.0,894
0.0,0.0,-0.0,0.0,4576.567737948017,894.0,-0.0,0.11093902838455426,0.47997237932604736,0.0,799.2,0.0,0.0,1.0,888.0,-0.0,180,-54.40843229986487,0.0,118,-2.9966213096827787,0.0,180,-8.701253328241478,0.0,118,-15.498847003066736,0.0,180,-30.090688129420702,0.0,118,-23.381186109491427,0.0,0.0,0.0,0.0,0.0,0.0,0.0,894.0,894.0,0.0,0.0,894.0,0.0,0.0,894
0.0,0.0,-0.0,0.0,3583.2344046146836,832.0,-0.0,0.08685997150788266,0.47997237932604736,0.0,799.2,0.0,0.0,1.0,888.0,-0.0,180,-35.047763198198545,0.0,118,-4.905301664410651,0.0,180,-16.20259601371812,0.0,118,-49.90540304850575,0.0,118,-52.69626994405588,0.0,118,-2.2216331776972553,0.0,0.0,0.0,0.0,0.0,0.0,0.0,832.0,832.0,0.0,0.0,832.0,0.0,0.0,832
0.0,0.0,-0.0,0.0,2658.7899601702393,832.0,-0.0,0.06445082685308315,0.47997237932604736,0.0,799.2,0.0,0.0,1.0,888.0,-0.0,180,-59.78138343862177,0.0,118,-17.39361507721575,0.0,180,-8.917923006534354,0.0,118,-46.95837838153352,0.0,118,-33.86721615284516,0.0,118,-44.995680412226015,0.0,0.0,0.0,0.0,0.0,0.0,0.0,832.0,832.0,0.0,0.0,832.0,0.0,0.0,832
0.0,0.0,-0.0,0.0,1734.345515725795,832.0,-0.0,0.042041682198283636,0.47997237932604736,0.0,799.2,0.0,0.0,1.0,888.0,-0.0,180,-56.66333791788206,0.0,118,-23.236176676188187,0.0,180,-53.46701267124266,0.0,118,-23.816075281264677,0.0,118,-17.547630442034375,0.0,118,-10.378909848984478,0.0,0.0,0.0,0.0,0.0,0.0,0.0,832.0,832.0,0.0,0.0,832.0,0.0,0.0,832
0.0,0.0,-0.0,0.0,809.9010712813505,728.9109641532154,-0.0,0.01963253754348412,0.47997237932604736,49.47988981780937,799.2,0.0,103.08903584678455,1.0,888.0,-91543.06383194469,180,-24.729584389341365,0.0,118,-9.159354283100933,0.0,180,-52.74200136507977,0.0,118,-40.54919313892136,0.0,118,-1.0808964830738699,0.0,118,-34.911509887448425,0.0,0.0,0.0,0.0,0.0,-91543.06383194469,-91543.06383194469,832.0,832.0,0.0,0.0,832.0,0.0,0.0,832
0.0,0.0,-0.0,0.0,0.0,0.0,-0.0,0.0,0.47997237932604736,399.3370195992714,799.2,0.0,832.0,1.0,888.0,-738816.0,180,-39.48170334290773,0.0,118,-48.24695698281911,0.0,180,-39.49454289038445,0.0,118,-17.605300722091727,0.0,118,-40.11138774986531,0.0,118,-36.878237990028076,0.0,0.0,0.0,0.0,0.0,-738816.0,-738816.0,832.0,832.0,0.0,0.0,832.0,0.0,0.0,832
0.0,0.0,-0.0,0.0,0.0,0.0,-0.0,0.0,0.47997237932604736,399.3370195992714,799.2,0.0,832.0,1.0,888.0,-738816.0,180,-40.718263343811195,0.0,118,-38.83380003906178,0.0,180,-32.976581425104314,0.0,118,-26.116786460086377,0.0,118,-3.797585451747556,0.0,118,-6.590609199367798,0.0,0.0,0.0,0.0,0.0,-738816.0,-738816.0,832.0,832.0,0.0,0.0,832.0,0.0,0.0,832
0.0,0.0,-0.0,0.0,0.0,0.0,-0.0,0.0,0.47997237932604736,369.57873208105644,799.2,0.0,770.0,1.0,888.0,-683760.0,180,-18.80052511548399,0.0,118,-9.703872602601113,0.0,118,-46.869827306525465,0.0,118,-58.707942452045835,0.0,118,-36.04047986297922,0.0,118,-9.50540427216403,0.0,0.0,0.0,0.0,0.0,-683760.0,-683760.0,770.0,770.0,0.0,0.0,770.0,0.0,0.0,770
0.0,0.0,-0.0,0.0,0.0,0.0,-0.0,0.0,0.47997237932604736,369.57873208105644,799.2,0.0,770.0,1.0,888.0,-683760.0,180,-7.72698355650844,0.0,118,-9.978739776986922,0.0,118,-30.968365418698475,0.0,118,-5.028120049715101,0.0,118,-14.231112252518551,0.0,118,-3.728432134576991,0.0,0.0,0.0,0.0,0.0,-683760.0,-683760.0,770.0,770.0,0.0,0.0,770.0,0.0,0.0,770
0.0,0.0,-0.0,0.0,0.0,0.0,-0.0,0.0,0.47997237932604736,369.57873208105644,799.2,0.0,770.0,1.0,888.0,-683760.0,180,-31.811273680743128,0.0,118,-28.327204750350226,0.0,118,-21.55367144963206,0.0,118,-6.302693250174205,0.0,118,-14.456811673992117,0.0,118,-20.470856936959322,0.0,0.0,0.0,0.0,0.0,-683760.0,-683760.0,770.0,770.0,0.0,0.0,770.0,0.0,0.0,770
0.0,0.0,-0.0,0.0,0.0,0.0,-0.0,0.0,0.47997237932604736,369.57873208105644,799.2,0.0,770.0,1.0,888.0,-683760.0,180,-16.286424526432086,0.0,118,-52.255965409024796,0.0,118,-49.50243238349912,0.0,118,-3.9422902622937395,0.0,118,-52.23141038636325,0.0,118,-38.686529927579244,0.0,0.0,0.0,0.0,0.0,-683760.0,-683760.0,770.0,770.0,0.0,0.0,770.0,0.0,0.0,770
0.0,0.0,-0.0,0.0,0.0,0.0,-0.0,0.0,0.47997237932604736,369.57873208105644,799.2,0.0,770.0,1.0,888.0,-683760.0,180,-31.06296567052621,0.0,118,-39.757780619062984,0.0,118,-52.86230940759258,0.0,118,-52.18443677472798,0.0,118,-27.022816250968017,0.0,118,-33.19977723150521,0.0,0.0,0.0,0.0,0.0,-683760.0,-683760.0,770.0,770.0,0.0,0.0,770.0,0.0,0.0,770
0.0,0.0,-0.0,0.0,0.0,0.0,-0.0,0.0,0.47997237932604736,369.57873208105644,799.2,0.0,770.0,1.0,888.0,-683760.0,180,-25.779716698689608,0.0,118,-45.90066837028492,0.0,118,-24.979393223102445,0.0,118,-38.10572560686021,0.0,118,-26.129417031447222,0.0,118,-58.8018562406918,0.0,0.0,0.0,0.0,0.0,-683760.0,-683760.0,770.0,770.0,0.0,0.0,770.0,0.0,0.0,770
0.0,0.0,-0.0,0.0,0.0,0.0,-0.0,0.0,0.47997237932604736,370.53867683970856,799.2,0.0,772.0,1.0,888.0,-685536.0,180,-21.851590173981855,0.0,118,-10.056592542610776,0.0,118,-52.00341153981158,0.0,118,-50.463727207190814,0.0,118,-1.3682664166763225,0.0,120,-29.24660147589813,0.0,0.0,0.0,0.0,0.0,-685536.0,-685536.0,772.0,772.0,0.0,0.0,772.0,0.0,0.0,772
0.0,0.0,-0.0,0.0,0.0,0.0,-0.0,0.0,0.47997237932604736,370.53867683970856,799.2,0.0,772.0,1.0,888.0,-685536.0,180,-24.905130287629515,0.0,118,-12.777410227755656,0.0,118,-24.250153872272357,0.0,118,-46.562150495965284,0.0,118,-53.381636727774115,0.0,120,-52.64590124089344,0.0,0.0,0.0,0.0,0.0,-685536.0,-685536.0,772.0,772.0,0.0,0.0,772.0,0.0,0.0,772
0.0,0.0,-0.0,0.0,0.0,0.0,-0.0,0.0,0.47997237932604736,370.53867683970856,799.2,0.0,772.0,1.0,888.0,-685536.0,180,-41.470640965042435,0.0,118,-35.1515246990151,0.0,118,-0.2722342836462799,0.0,118,-49.66406877347915,0.0,118,-57.782903384718445,0.0,120,-11.296945318874114,0.0,0.0,0.0,0.0,0.0,-685536.0,-685536.0,772.0,772.0,0.0,0.0,772.0,0.0,0.0,772
0.0,0.0,-0.0,0.0,0.0,0.0,-0.0,0.0,0.47997237932604736,370.53867683970856,799.2,0.0,772.0,1.0,888.0,-685536.0,180,-10.108850075815479,0.0,118,-3.9072699036127623,0.0,118,-0.8325348105937125,0.0,118,-58.11719588870161,0.0,118,-19.203674416106672,0.0,120,-48.3163533684657,0.0,0.0,0.0,0.0,0.0,-685536.0,-685536.0,772.0,772.0,0.0,0.0,772.0,0.0,0.0,772
0.0,0.0,-0.0,0.0,0.0,0.0,-0.0,0.0,0.47997237932604736,370.53867683970856,799.2,0.0,772.0,1.0,888.0,-685536.0,180,-25.46269937147907,0.0,118,-22.51430047049,0.0,118,-15.976752060702292,0.0,118,-32.612299536955746,0.0,118,-7.73927537014073,0.0,120,-28.4075102437116,0.0,0.0,0.0,0.0,0.0,-685536.0,-685536.0,772.0,772.0,0.0,0.0,772.0,0.0,0.0,772
0.0,0.0,-0.0,0.0,0.0,0.0,-0.0,0.0,0.47997237932604736,370.53867683970856,799.2,0.0,772.0,1.0,888.0,-685536.0,180,-36.51724858873756,0.0,118,-10.163951720123096,0.0,118,-21.207402852290688,0.0,118,-34.82357273552346,0.0,118,-26.99257275903803,0.0,120,-41.675564230236304,0.0,0.0,0.0,0.0,0.0,-685536.0,-685536.0,772.0,772.0,0.0,0.0,772.0,0.0,0.0,772
0.0,0.0,-0.0,0.0,0.0,0.0,-0.0,0.0,0.47997237932604736,370.53867683970856,799.2,0.0,772.0,1.0,888.0,-685536.0,180,-45.21724168770161,0.0,118,-12.232735924815225,0.0,118,-58.14771743073221,0.0,118,-46.11782393513962,0.0,118,-59.77071691581358,0.0,120,-7.8504362933971255,0.0,0.0,0.0,0.0,0.0,-685536.0,-685536.0,772.0,772.0,0.0,0.0,772.0,0.0,0.0,772
0.0,0.0,-0.0,0.0,0.0,0.0,-0.0,0.0,0.47997237932604736,370.53867683970856,799.2,0.0,772.0,1.0,888.0,-685536.0,180,-19.875465420016155,0.0,118,-33.19313209756585,0.0,118,-49.272424864966005,0.0,118,-31.455236280276484,0.0,118,-36.125851777862025,0.0,120,-27.68861542727476,0.0,0.0,0.0,0.0,0.0,-685536.0,-685536.0,772.0,772.0,0.0,0.0,772.0,0.0,0.0,772
0.0,0.0,-0.0,0.0,0.0,0.0,-0.0,0.0,0.47997237932604736,370.53867683970856,799.2,0.0,772.0,1.0,888.0,-685536.0,180,-17.00281748106111,0.0,118,-54.194739351455546,0.0,118,-48.41673501899762,0.0,118,-3.630832211372814,0.0,118,-48.205763661326095,0.0,120,-36.38099423238751,0.0,0.0,0.0,0.0,0.0,-685536.0,-685536.0,772.0,772.0,0.0,0.0,772.0,0.0,0.0,772
0.0,0.0,-0.0,0.0,0.0,0.0,-0.0,0.0,0.47997237932604736,371.49862159836067,799.2,0.0,774.0,1.0,888.0,-687312.0,180,-14.245578145417376,0.0,118,-37.18640804823126,0.0,118,-15.737584867841077,0.0,118,-32.78121488357849,0.0,120,-58.91770295955161,0.0,120,-29.20351769910228,0.0,0.0,0.0,0.0,0.0,-687312.0,-687312.0,774.0,774.0,0.0,0.0,774.0,0.0,0.0,774
0.0,0.0,-0.0,0.0,0.0,0.0,-0.0,0.0,0.47997237932604736,371.49862159836067,799.2,0.0,774.0,1.0,888.0,-687312.0,180,-22.721226253092265,0.0,118,-31.198823362644717,0.0,118,-21.200056794580334,0.0,118,-59.80233506301888,0.0,120,-1.3998724103683124,0.0,120,-25.596766353977916,0.0,0.0,0.0,0.0,0.0,-687312.0,-687312.0,774.0,774.0,0.0,0.0,774.0,0.0,0.0,774
0.0,0.0,-0.0,0.0,0.0,0.0,-0.0,0.0,0.47997237932604736,371.49862159836067,799.2,0.0,774.0,1.0,888.0,-687312.0,180,-28.223632050646383,0.0,118,-23.610740764172252,0.0,118,-9.034503867974914,0.0,118,-49.524401024243886,0.0,120,-25.032392907634122,0.0,120,-6.900255592290225,0.0,0.0,0.0,0.0,0.0,-687312.0,-687312.0,774.0,774.0,0.0,0.0,774.0,0.0,0.0,774
0.0,0.0,-0.0,0.0,0.0,0.0,-0.0,0.0,0.47997237932604736,371.49862159836067,799.2,0.0,774.0,1.0,888.0,-687312.0,180,-55.24654101284509,0.0,118,-10.58985514733537,0.0,118,-34.01749936923509,0.0,118,-15.311752452266074,0.0,120,-5.480529059082473,0.0,120,-14.260003173897033,0.0,0.0,0.0,0.0,0.0,-687312.0,-687312.0,774.0,774.0,0.0,0.0,774.0,0.0,0.0,774
0.0,0.0,-0.0,0.0,0.0,0.0,-0.0,0.0,0.47997237932604736,371.49862159836067,799.2,0.0,774.0,1.0,888.0,-687312.0,180,-31.395329342507132,0.0,118,-49.05565859172658,0.0,118,-58.036897007251106,0.0,118,-57.20580098084642,0.0,120,-35.06198481047074,0.0,120,-49.496416011289085,0.0,0.0,0.0,0.0,0.0,-687312.0,-687312.0,774.0,774.0,0.0,0.0,774.0,0.0,0.0,774
0.0,0.0,-0.0,0.0,0.0,0.0,-0.0,0.0,0.47997237932604736,371.49862159836067,799.2,0.0,774.0,1.0,888.0,-687312.0,180,-4.3104364587693045,0.0,118,-23.956687916016797,0.0,118,-34.360297364652965,0.0,118,-13.828010340858025,0.0,120,-50.0307580474176,0.0,120,-34.31239207491318,0.0,0.0,0.0,0.0,0.0,-687312.0,-687312.0,774.0,774.0,0.0,0.0,774.0,0.0,0.0,774
0.0,0.0,-0.0,0.0,0.0,0.0,-0.0,0.0,0.47997237932604736,371.49862159836067,799.2,0.0,774.0,1.0,888.0,-687312.0,180,-53.5022045240551,0.0,118,-45.95502868334798,0.0,118,-58.00088219382695,0.0,118,-56.61108334713826,0.0,120,-35.513845337003154,0.0,120,-37.45697566074783,0.0,0.0,0.0,0.0,0.0,-687312.0,-687312.0,774.0,774.0,0.0,0.0,774.0,0.0,0.0,774
0.0,0.0,-0.0,0.0,0.0,0.0,-0.0,0.0,0.47997237932604736,371.49862159836067,799.2,0.0,774.0,1.0,888.0,-687312.0,180,-2.288927779930523,0.0,118,-45.42359822099646,0.0,118,-13.463497905859638,0.0,118,-48.03085639526378,0.0,120,-48.705176072108664,0.0,120,-42.33155240949695,0.0,0.0,0.0,0.0,0.0,-687312.0,-687312.0,774.0,774.0,0.0,0.0,774.0,0.0,0.0,774
0.0,0.0,-0.0,0.0,0.0,0.0,-0.0,0.0,0.47997237932604736,371.49862159836067,799.2,0.0,774.0,1.0,888.0,-687312.0,180,-1.8564665327216434,0.0,118,-59.148590486180005,0.0,118,-7.054768981427917,0.0,118,-39.791504557284924,0.0,120,-45.54010234910563,0.0,120,-10.578582166868973,0.0,0.0,0.0,0.0,0.0,-687312.0,-687312.0,774.0,774.0,0.0,0.0,774.0,0.0,0.0,774
0.0,0.0,-0.0,0.0,0.0,0.0,-0.0,0.0,0.47997237932604736,371.49862159836067,799.2,0.0,774.0,1.0,888.0,-687312.0,180,-44.10478736152059,0.0,118,-39.96550044105268,0.0,118,-4.507136965625231,0.0,118,-39.24024635659131,0.0,120,-1.9111523146657294,0.0,120,-39.35295483681949,0.0,0.0,0.0,0.0,0.0,-687312.0,-687312.0,774.0,774.0,0.0,0.0,774.0,0.0,0.0,774
0.0,0.0,-0.0,0.0,0.0,0.0,-0.0,0.0,0.47997237932604736,371.49862159836067,799.2,0.0,774.0,1.0,888.0,-687312.0,180,-53.86401161986404,0.0,118,-58.45049550122873,0.0,118,-5.298389409059987,0.0,118,-57.270399852303456,0.0,120,-5.973185938566425,0.0,120,-32.36084122541104,0.0,0.0,0.0,0.0,0.0,-687312.0,-687312.0,774.0,774.0,0.0,0.0,774.0,0.0,0.0,774
0.0,0.0,-0.0,0.0,0.0,0.0,-0.0,0.0,0.47997237932604736,371.49862159836067,799.2,0.0,774.0,1.0,888.0,-687312.0,180,-24.973325826487205,0.0,118,-7.72038519824118,0.0,118,-41.877396659688614,0.0,118,-54.640926084365596,0.0,120,-6.094715318103505,0.0,120,-55.48777782788714,0.0,0.0,0.0,0.0,0.0,-687312.0,-687312.0,774.0,774.0,0.0,0.0,774.0,0.0,0.0,774
0.0,0.0,-0.0,0.0,0.0,0.0,-0.0,0.0,0.47997237932604736,371.49862159836067,799.2,0.0,774.0,1.0,888.0,-687312.0,180,-57.919835274518526,0.0,118,-46.642792908799834,0.0,118,-11.188127699156317,0.0,118,-55.75175265281799,0.0,120,-13.45934838445925,0.0,120,-50.95353605991912,0.0,0.0,0.0,0.0,0.0,-687312.0,-687312.0,774.0,774.0,0.0,0.0,774.0,0.0,0.0,774
0.0,0.0,-0.0,0.0,0.0,0.0,-0.0,0.0,0.47997237932604736,371.49862159836067,799.2,0.0,774.0,1.0,888.0,-687312.0,180,-34.91729573867339,0.0,118,-54.94862811721603,0.0,118,-21.129864502428788,0.0,118,-44.53708573970296,0.0,120,-19.405065101446596,0.0,120,-10.926932640971268,0.0,0.0,0.0,0.0,0.0,-687312.0,-687312.0,774.0,774.0,0.0,0.0,774.0,0.0,0.0,774
0.0,0.0,-0.0,0.0,0.0,0.0,-0.0,0.0,0.47997237932604736,371.49862159836067,799.2,0.0,774.0,1.0,888.0,-687312.0,180,-39.66268725306311,0.0,118,-42.153224304613396,0.0,118,-46.16475879382487,0.0,118,-51.886192592905246,0.0,120,-8.662982500231625,0.0,120,-34.51135243795669,0.0,0.0,0.0,0.0,0.0,-687312.0,-687312.0,774.0,774.0,0.0,0.0,774.0,0.0,0.0,774
0.0,0.0,-0.0,0.0,0.0,0.0,-0.0,0.0,0.47997237932604736,371.49862159836067,799.2,0.0,774.0,1.0,888.0,-687312.0,180,-56.668618601864175,0.0,118,-4.42059370749091,0.0,118,-13.704000386728993,0.0,118,-59.281489450957864,0.0,120,-15.781027008910069,0.0,120,-1.5277257232058217,0.0,0.0,0.0,0.0,0.0,-687312.0,-687312.0,774.0,774.0,0.0,0.0,774.0,0.0,0.0,774
0.0,0.0,-0.0,0.0,0.0,0.0,-0.0,0.0,0.47997237932604736,371.49862159836067,799.2,0.0,774.0,1.0,888.0,-687312.0,180,-44.942786613126806,0.0,118,-16.258870095441438,0.0,118,-16.227865401744126,0.0,118,-38.52265942074549,0.0,120,-3.5394231254783715,0.0,120,-48.973798539035485,0.0,0.0,0.0,0.0,0.0,-687312.0,-687312.0,774.0,774.0,0.0,0.0,774.0,0.0,0.0,774
0.0,0.0,-0.0,0.0,0.0,0.0,-0.0,0.0,0.47997237932604736,371.49862159836067,799.2,0.0,774.0,1.0,888.0,-687312.0,180,-29.311532313218787,0.0,118,-36.4824372286691,0.0,118,-54.14975828102131,0.0,118,-45.65404495177358,0.0,120,-37.538065912350056,0.0,120,-33.91115048643497,0.0,0.0,0.0,0.0,0.0,-687312.0,-687312.0,774.0,774.0,0.0,0.0,774.0,0.0,0.0,774
0.0,0.0,-0.0,0.0,0.0,0.0,-0.0,0.0,0.47997237932604736,372.4585663570127,799.2,0.0,776.0,1.0,888.0,-689088.0,180,-57.90841991866916,0.0,118,-1.7177472597411558,0.0,118,-59.369588033565094,0.0,120,-16.442805921058383,0.0,120,-45.673674671234416,0.0,120,-29.184406756097314,0.0,0.0,0.0,0.0,0.0,-689088.0,-689088.0,776.0,776.0,0.0,0.0,776.0,0.0,0.0,776
0.0,0.0,-0.0,0.0,0.0,0.0,-0.0,0.0,0.47997237932604736,372.4585663570127,799.2,0.0,776.0,1.0,888.0,-689088.0,180,-3.644544501691387,0.0,118,-33.253128144381535,0.0,118,-43.90926360686916,0.0,120,-11.962688929962846,0.0,120,-20.679236599364316,0.0,120,-51.93577540176396,0.0,0.0,0.0,0.0,0.0,-689088.0,-689088.0,776.0,776.0,0.0,0.0,776.0,0.0,0.0,776
0.0,0.0,-0.0,0.0,0.0,0.0,-0.0,0.0,0.47997237932604736,372.4585663570127,799.2,0.0,776.0,1.0,888.0,-689088.0,180,-46.35116172489396,0.0,118,-38.75009227856444,0.0,118,-36.626209681123996,0.0,120,-16.58133470308576,0.0,120,-39.23988073530191,0.0,120,-34.9334834597965,0.0,0.0,0.0,0.0,0.0,-689088.0,-689088.0,776.0,776.0,0.0,0.0,776.0,0.0,0.0,776
0.0,0.0,-0.0,0.0,0.0,0.0,-0.0,0.0,0.47997237932604736,372.4585663570127,799.2,0.0,776.0,1.0,888.0,-689088.0,180,-45.23463366275822,0.0,118,-23.06546299984628,0.0,118,-0.9643824465399775,0.0,120,-4.684769634522283,0.0,120,-27.254317177744657,0.0,120,-38.52829148239061,0.0,0.0,0.0,0.0,0.0,-689088.0,-689088.0,776.0,776.0,0.0,0.0,776.0,0.0,0.0,776
0.0,0.0,-0.0,0.0,0.0,0.0,-0.0,0.0,0.47997237932604736,372.4585663570127,799.2,0.0,776.0,1.0,888.0,-689088.0,180,-30.6087808142629,0.0,118,-9.47952422506809,0.0,118,-3.8395079656784903,0.0,120,-35.90501741341558,0.0,120,-32.73511056505772,0.0,120,-45.8752156094623,0.0,0.0,0.0,0.0,0.0,-689088.0,-689088.0,776.0,776.0,0.0,0.0,776.0,0.0,0.0,776
0.0,0.0,-0.0,0.0,0.0,0.0,-0.0,0.0,0.47997237932604736,372.4585663570127,799.2,0.0,776.0,1.0,888.0,-689088.0,180,-38.35369262485561,0.0,118,-11.588187023925563,0.0,118,-21.826104700073984,0.0,120,-2.8244303784244273,0.0,120,-46.2954554774955,0.0,120,-5.980408843829732,0.0,0.0,0.0,0.0,0.0,-689088.0,-689088.0,776.0,776.0,0.0,0.0,776.0,0.0,0.0,776
0.0,0.0,-0.0,0.0,0.0,0.0,-0.0,0.0,0.47997237932604736,372.4585663570127,799.2,0.0,776.0,1.0,888.0,-689088.0,180,-22.42344641928073,0.0,118,-11.725581311280639,0.0,118,-12.01566294712693,0.0,120,-2.30780605788242,0.0,120,-33.48587236533884,0.0,120,-35.91412591437313,0.0,0.0,0.0,0.0,0.0,-689088.0,-689088.0,776.0,776.0,0.0,0.0,776.0,0.0,0.0,776
0.0,0.0,-0.0,0.0,0.0,0.0,-0.0,0.0,0.47997237932604736,372.4585663570127,799.2,0.0,776.0,1.0,888.0,-689088.0,180,-25.343011538754638,0.0,118,-12.220311464781092,0.0,118,-7.013619829877797,0.0,120,-30.953032196867728,0.0,120,-57.27890319808974,0.0,120,-48.300607383329805,0.0,0.0,0.0,0.0,0.0,-689088.0,-689088.0,776.0,776.0,0.0,0.0,776.0,0.0,0.0,776
0.0,0.0,-0.0,0.0,0.0,0.0,-0.0,0.0,0.47997237932604736,372.4585663570127,799.2,0.0,776.0,1.0,888.0,-689088.0,180,-41.46544504559121,0.0,118,-13.694263476802625,0.0,118,-56.464687706280145,0.0,120,-18.30681335204209,0.0,120,-37.24965693890885,0.0,120,-23.619724439931964,0.0,0.0,0.0,0.0,0.0,-689088.0,-689088.0,776.0,776.0,0.0,0.0,776.0,0.0,0.0,776
0.0,0.0,-0.0,0.0,0.0,0.0,-0.0,0.0,0.47997237932604736,372.4585663570127,799.2,0.0,776.0,1.0,888.0,-689088.0,180,-40.89357825069608,0.0,118,-24.460635206008455,0.0,118,-32.85914394787428,0.0,120,-15.793220943990608,0.0,120,-25.953057458928516,0.0,120,-13.837494149557708,0.0,0.0,0.0,0.0,0.0,-689088.0,-689088.0,776.0,776.0,0.0,0.0,776.0,0.0,0.0,776
0.0,0.0,-0.0,0.0,0.0,0.0,-0.0,0.0,0.47997237932604736,372.4585663570127,799.2,0.0,776.0,1.0,888.0,-689088.0,180,-22.207239720981246,0.0,118,-38.200560522024425,0.0,118,-42.04265781756325,0.0,120,-38.597350440618065,0.0,120,-29.883357245605698,0.0,120,-18.438406804280604,0.0,0.0,0.0,0.0,0.0,-689088.0,-689088.0,776.0,776.0,0.0,0.0,776.0,0.0,0.0,776
0.0,0.0,-0.0,0.0,0.0,0.0,-0.0,0.0,0.47997237932604736,372.4585663570127,799.2,0.0,776.0,1.0,888.0,-689088.0,180,-30.61954517323939,0.0,118,-10.90212916058372,0.0,118,-7.0376835902249635,0.0,120,-20.79693865516074,0.0,120,-55.739980264869125,0.0,120,-16.39004829531085,0.0,0.0,0.0,0.0,0.0,-689088.0,-689088.0,776.0,776.0,0.0,0.0,776.0,0.0,0.0,776
0.0,0.0,-0.0,0.0,0.0,0.0,-0.0,0.0,0.47997237932604736,372.4585663570127,799.2,0.0,776.0,1.0,888.0,-689088.0,180,-4.067407757830493,0.0,118,-12.884940954170007,0.0,118,-37.24359260571499,0.0,120,-14.996813737397565,0.0,120,-6.002114551251109,0.0,120,-6.591784268203387,0.0,0.0,0.0,0.0,0.0,-689088.0,-689088.0,776.0,776.0,0.0,0.0,776.0,0.0,0.0,776
0.0,0.0,-0.0,0.0,0.0,0.0,-0.0,0.0,0.47997237932604736,372.4585663570127,799.2,0.0,776.0,1.0,888.0,-689088.0,180,-47.122909589662584,0.0,118,-0.4646906596831202,0.0,118,-12.539978769410357,0.0,120,-28.182940509646357,0.0,120,-7.228687236180146,0.0,120,-32.39733604099662,0.0,0.0,0.0,0.0,0.0,-689088.0,-689088.0,776.0,776.0,0.0,0.0,776.0,0.0,0.0,776
0.0,0.0,-0.0,0.0,0.0,0.0,-0.0,0.0,0.47997237932604736,372.4585663570127,799.2,0.0,776.0,1.0,888.0,-689088.0,180,-56.06969733037872,0.0,118,-8.142711176484704,0.0,118,-34.093799071684025,0.0,120,-36.14576599847566,0.0,120,-54.87813237490791,0.0,120,-40.290464585411115,0.0,0.0,0.0,0.0,0.0,-689088.0,-689088.0,776.0,776.0,0.0,0.0,776.0,0.0,0.0,776
0.0,0.0,-0.0,0.0,0.0,0.0,-0.0,0.0,0.47997237932604736,372.4585663570127,799.2,0.0,776.0,1.0,888.0,-689088.0,180,-10.884936588247244,0.0,118,-50.37870170154418,0.0,118,-38.99144904283834,0.0,120,-39.70169317998403,0.0,120,-30.806324153234645,0.0,120,-31.2074072762949,0.0,0.0,0.0,0.0,0.0,-689088.0,-689088.0,776.0,776.0,0.0,0.0,776.0,0.0,0.0,776
116.1565899796357,0.0,-1161.565899796357,0.0,0.0,0.0,-0.0,0.0,0.47997237932604736,316.69112053291354,799.2,0.0,659.8111353357353,1.0,888.0,-585912.288178133,180,-41.0122864824081,0.0,118,-31.438296369218662,0.0,118,-54.39587333751986,0.0,120,-9.38852676718944,0.0,120,-29.456176251784107,0.0,120,-49.26904723815373,0.0,0.0,0.0322746846289624,0.0322746846289624,0.0,-587073.8540779293,-587073.8540779293,776.0,776.0,116.18886466426466,0.0,659.8111353357353,0.0,0.0,776
116.1565899796357,0.0,-1161.565899796357,0.0,0.0,0.0,-0.0,0.0,0.47997237932604736,316.69112053291354,799.2,0.0,659.8111353357353,1.0,888.0,-585912.288178133,180,-9.574542883451452,0.0,118,-3.972276648927242,0.0,118,-27.064597076207612,0.0,120,-40.60166646356039,0.0,120,-36.235843320737,0.0,120,-28.482619912269637,0.0,0.0,0.0322746846289624,0.0322746846289624,0.0,-587073.8540779293,-587073.8540779293,776.0,776.0,116.18886466426466,0.0,659.8111353357353,0.0,0.0,776
116.1565899796357,0.0,-1161.565899796357,0.0,0.0,0.0,-0.0,0.0,0.47997237932604736,316.69112053291354,799.2,0.0,659.8111353357353,1.0,888.0,-585912.288178133,180,-20.06819773098075,0.0,118,-47.932442028740645,0.0,118,-7.184617899123376,0.0,120,-5.730283085329613,0.0,120,-6.727453231262452,0.0,120,-38.10648834841498,0.0,0.0,0.0322746846289624,0.0322746846289624,0.0,-587073.8540779293,-587073.8540779293,776.0,776.0,116.18886466426466,0.0,659.8111353357353,0.0,0.0,776
116.1565899796357,0.0,-1161.565899796357,0.0,0.0,0.0,-0.0,0.0,0.47997237932604736,316.69112053291354,799.2,0.0,659.8111353357353,1.0,888.0,-585912.288178133,180,-36.04555441687339,0.0,118,-36.58023379473069,0.0,118,-33.18857274675772,0.0,120,-50.046569689303304,0.0,120,-39.83691724117475,0.0,120,-1.8031035160419595,0.0,0.0,0.0322746846289624,0.0322746846289624,0.0,-587073.8540779293,-587073.8540779293,776.0,776.0,116.18886466426466,0.0,659.8111353357353,0.0,0.0,776
116.1565899796357,0.0,-1161.565899796357,0.0,0.0,0.0,-0.0,0.0,0.47997237932604736,316.69112053291354,799.2,0.0,659.8111353357353,1.0,888.0,-585912.288178133,180,-20.917531921741315,0.0,118,-32.55546872273646,0.0,118,-54.8869986764632,0.0,120,-19.948006232579708,0.0,120,-3.9060044050424536,0.0,120,-42.029620894469765,0.0,0.0,0.0322746846289624,0.0322746846289624,0.0,-587073.8540779293,-587073.8540779293,776.0,776.0,116.18886466426466,0.0,659.8111353357353,0.0,0.0,776
116.1565899796357,0.0,-1161.565899796357,0.0,0.0,0.0,-0.0,0.0,0.47997237932604736,316.69112053291354,799.2,0.0,659.8111353357353,1.0,888.0,-585912.288178133,180,-13.55972701525154,0.0,118,-42.46969757878778,0.0,118,-52.9493715934283,0.0,120,-42.48863715990432,0.0,120,-14.611296213254247,0.0,120,-11.483481333399592,0.0,0.0,0.0322746846289624,0.0322746846289624,0.0,-587073.8540779293,-587073.8540779293,776.0,776.0,116.18886466426466,0.0,659.8111353357353,0.0,0.0,776
586.3094450728695,0.0,-5863.094450728695,0.0,0.0,0.0,-0.0,0.0,0.47997237932604736,90.96803516983445,799.2,0.0,189.5276459398916,1.0,888.0,-168300.54959462376,180,-27.878021454562536,0.0,118,-7.73973907295924,0.0,118,-15.71648758983329,0.0,120,-48.33262427912881,0.0,120,-50.86039765971896,0.0,120,-44.60635620262058,0.0,0.0,0.162908987238919,0.162908987238919,0.0,-174163.64404535247,-174163.64404535247,776.0,776.0,586.4723540601084,0.0,189.5276459398916,0.0,0.0,776
586.3094450728695,0.0,-5863.094450728695,0.0,0.0,0.0,-0.0,0.0,0.47997237932604736,90.96803516983445,799.2,0.0,189.5276459398916,1.0,888.0,-168300.54959462376,180,-56.57287364470542,0.0,118,-0.29232392505779137,0.0,118,-46.18226249016415,0.0,120,-54.60550575447762,0.0,120,-53.546128635192005,0.0,120,-36.04671226700227,0.0,0.0,0.162908987238919,0.162908987238919,0.0,-174163.64404535247,-174163.64404535247,776.0,776.0,586.4723540601084,0.0,189.5276459398916,0.0,0.0,776
586.3094450728695,0.0,-5863.094450728695,0.0,0.0,0.0,-0.0,0.0,0.47997237932604736,90.96803516983445,799.2,0.0,189.5276459398916,1.0,888.0,-168300.54959462376,180,-49.554194765674104,0.0,118,-24.825260714621308,0.0,118,-7.019741409031754,0.0,120,-13.321971245882997,0.0,120,-38.42318197933488,0.0,120,-43.37735567113502,0.0,0.0,0.162908987238919,0.162908987238919,0.0,-174163.64404535247,-174163.64404535247,776.0,776.0,586.4723540601084,0.0,189.5276459398916,0.0,0.0,776
586.3094450728695,0.0,-5863.094450728695,0.0,0.0,0.0,-0.0,0.0,0.47997237932604736,90.96803516983445,799.2,0.0,189.5276459398916,1.0,888.0,-168300.54959462376,180,-36.63031278295324,0.0,118,-35.34053099684192,0.0,118,-35.25362070568862,0.0,120,-57.06140685625854,0.0,120,-49.91530808497896,0.0,120,-57.83190423555943,0.0,0.0,0.162908987238919,0.162908987238919,0.0,-174163.64404535247,-174163.64404535247,776.0,776.0,586.4723540601084,0.0,189.5276459398916,0.0,0.0,776
586.3094450728695,0.0,-5863.094450728695,0.0,0.0,0.0,-0.0,0.0,0.47997237932604736,90.96803516983445,799.2,0.0,189.5276459398916,1.0,888.0,-168300.54959462376,180,-32.1593238179605,0.0,118,-46.38147495558073,0.0,118,-46.23376632372867,0.0,120,-5.923564209996517,0.0,120,-24.34785676222132,0.0,120,-54.65341139050487,0.0,0.0,0.162908987238919,0.162908987238919,0.0,-174163.64404535247,-174163.64404535247,776.0,776.0,586.4723540601084,0.0,189.5276459398916,0.0,0.0,776
586.3094450728695,0.0,-5863.094450728695,0.0,0.0,0.0,-0.0,0.0,0.47997237932604736,90.96803516983445,799.2,0.0,189.5276459398916,1.0,888.0,-168300.54959462376,180,-8.219724661557414,0.0,118,-45.463678152047926,0.0,118,-20.048356211958033,0.0,120,-35.598603144040794,0.0,120,-15.41711291088433,0.0,120,-37.02325615163005,0.0,0.0,0.162908987238919,0.162908987238919,0.0,-174163.64404535247,-174163.64404535247,776.0,776.0,586.4723540601084,0.0,189.5276459398916,0.0,0.0,776
1193.6503723960232,0.0,-11936.503723960232,417.9820340721544,0.0,0.0,-0.0,0.0,0.47997237932604736,0.0,799.2,0.0,0.0,1.0,888.0,-0.0,180,-34.14268314593417,0.0,118,-21.712916445331935,0.0,118,-36.24549075116235,0.0,120,-48.40737660329176,0.0,120,-24.613168713785555,0.0,120,-27.86979061803647,0.0,0.0,0.331661676131154,0.331661676131154,0.0,-11936.503723960232,-11936.503723960232,1193.9820340721544,1193.9820340721544,1193.9820340721544,0.0,0.0,417.9820340721544,0.0,776
1193.6503723960232,0.0,-11936.503723960232,417.9820340721544,376.18383066493897,0.0,-0.0,0.009118944820132814,0.47997237932604736,0.0,799.2,0.0,0.0,1.0,888.0,-0.0,180,-37.00855986579466,0.0,118,-4.9658485031946515,0.0,118,-8.025425689039313,0.0,120,-15.812503638880651,0.0,120,-2.457934513901865,0.0,120,-30.990963081366594,0.0,0.0,0.331661676131154,0.331661676131154,0.0,-11936.503723960232,-11936.503723960232,1193.9820340721544,1193.9820340721544,1193.9820340721544,0.0,0.0,417.9820340721544,0.0,776
1193.6503723960232,0.0,-11936.503723960232,417.9820340721544,752.3676613298779,0.0,-0.0,0.01823788964026563,0.47997237932604736,0.0,799.2,0.0,0.0,1.0,888.0,-0.0,180,-29.606834697413376,0.0,118,-56.990710942317925,0.0,118,-24.228483464100403,0.0,120,-32.57257875780157,0.0,120,-5.967212933274009,0.0,120,-3.633365972927576,0.0,0.0,0.331661676131154,0.331661676131154,0.0,-11936.503723960232,-11936.503723960232,1193.9820340721544,1193.9820340721544,1193.9820340721544,0.0,0.0,417.9820340721544,0.0,776
1193.6503723960232,0.0,-11936.503723960232,417.9820340721544,1128.5514919948168,0.0,-0.0,0.02735683446039844,0.47997237932604736,0.0,799.2,0.0,0.0,1.0,888.0,-0.0,180,-50.441127420499626,0.0,118,-6.5409416201128145,0.0,118,-12.859438386641111,0.0,120,-7.115231639416503,0.0,120,-25.22892873858531,0.0,120,-45.64272947099353,0.0,0.0,0.331661676131154,0.331661676131154,0.0,-11936.503723960232,-11936.503723960232,1193.9820340721544,1193.9820340721544,1193.9820340721544,0.0,0.0,417.9820340721544,0.0,776
1193.6503723960232,0.0,-11936.503723960232,417.9820340721544,1504.7353226597559,0.0,-0.0,0.03647577928053126,0.47997237932604736,0.0,799.2,0.0,0.0,1.0,888.0,-0.0,180,-53.43237597511604,0.0,118,-17.159243039262652,0.0,118,-52.69116514811282,0.0,120,-51.08436891458105,0.0,120,-49.794744712947924,0.0,120,-45.49933461899385,0.0,0.0,0.331661676131154,0.331661676131154,0.0,-11936.503723960232,-11936.503723960232,1193.9820340721544,1193.9820340721544,1193.9820340721544,0.0,0.0,417.9820340721544,0.0,776
1193.6503723960232,0.0,-11936.503723960232,417.9820340721544,1880.919153324695,0.0,-0.0,0.04559472410066407,0.47997237932604736,0.0,799.2,0.0,0.0,1.0,888.0,-0.0,180,-33.14773970542185,0.0,118,-51.986883022994306,0.0,118,-53.22622939934398,0.0,120,-27.729463095531766,0.0,120,-1.3367190879094903,0.0,120,-31.70324146601257,0.0,0.0,0.331661676131154,0.331661676131154,0.0,-11936.503723960232,-11936.503723960232,1193.9820340721544,1193.9820340721544,1193.9820340721544,0.0,0.0,417.9820340721544,0.0,776
1820.3953074337205,0.0,-18203.953074337205,1050.9011132985256,2257.1029839896337,0.0,-0.0,0.05471366892079688,0.47997237932604736,0.0,799.2,0.0,0.0,1.0,888.0,-0.0,180,-58.985935908945166,0.0,118,-57.683412944019096,0.0,118,-58.67646406928459,0.0,118,-53.34088012686785,0.0,118,-37.05068415536009,0.0,118,-38.459631380234455,0.0,0.0,0.505805864805146,0.505805864805146,0.0,-18203.953074337205,-18203.953074337205,1820.9011132985256,1820.9011132985256,1820.9011132985256,0.0,0.0,1050.9011132985256,0.0,770
1820.3953074337205,0.0,-18203.953074337205,1050.9011132985256,3202.9139859583065,0.0,-0.0,0.0776407530593728,0.47997237932604736,0.0,799.2,0.0,0.0,1.0,888.0,-0.0,180,-11.88602599689965,0.0,118,-45.65479264468305,0.0,118,-19.49879650124112,0.0,118,-14.471192395671473,0.0,118,-54.81120982734987,0.0,118,-51.55571683447374,0.0,0.0,0.505805864805146,0.505805864805146,0.0,-18203.953074337205,-18203.953074337205,1820.9011132985256,1820.9011132985256,1820.9011132985256,0.0,0.0,1050.9011132985256,0.0,770
1820.3953074337205,0.0,-18203.953074337205,1050.9011132985256,4148.724987926979,0.0,-0.0,0.10056783719794873,0.47997237932604736,0.0,799.2,0.0,0.0,1.0,888.0,-0.0,180,-52.38027246239245,0.0,118,-0.6156139246677617,0.0,118,-21.151148874470074,0.0,118,-5.867982817882864,0.0,118,-15.484115744608038,0.0,118,-33.24459638399656,0.0,0.0,0.505805864805146,0.505805864805146,0.0,-18203.953074337205,-18203.953074337205,1820.9011132985256,1820.9011132985256,1820.9011132985256,0.0,0.0,1050.9011132985256,0.0,770
1820.3953074337205,0.0,-18203.953074337205,1050.9011132985256,5094.535989895652,0.0,-0.0,0.12349492133652466,0.47997237932604736,0.0,799.2,0.0,0.0,1.0,888.0,-0.0,180,-10.072661361295951,0.0,118,-54.85622733548198,0.0,118,-26.523542371836527,0.0,118,-36.33013318915665,0.0,118,-41.18321218064368,0.0,118,-13.439088101390169,0.0,0.0,0.505805864805146,0.505805864805146,0.0,-18203.953074337205,-18203.953074337205,1820.9011132985256,1820.9011132985256,1820.9011132985256,0.0,0.0,1050.9011132985256,0.0,770
1820.3953074337205,0.0,-18203.953074337205,1050.9011132985256,6040.346991864325,0.0,-0.0,0.1464220054751006,0.47997237932604736,0.0,799.2,0.0,0.0,1.0,888.0,-0.0,180,-10.231311044532124,0.0,118,-58.61922904641364,0.0,118,-35.721285479755814,0.0,118,-48.791082745144884,0.0,118,-44.53331358746467,0.0,118,-17.47876682066575,0.0,0.0,0.505805864805146,0.505805864805146,0.0,-18203.953074337205,-18203.953074337205,1820.9011132985256,1820.9011132985256,1820.9011132985256,0.0,0.0,1050.9011132985256,0.0,770
1820.3953074337205,0.0,-18203.953074337205,1050.9011132985256,6986.157993832998,0.0,-0.0,0.16934908961367653,0.47997237932604736,0.0,799.2,0.0,0.0,1.0,888.0,-0.0,180,-59.88592175999298,0.0,118,-19.333463450860545,0.0,118,-27.588757421145637,0.0,118,-55.25605617356358,0.0,118,-53.273962166882434,0.0,118,-54.86361811587629,0.0,0.0,0.505805864805146,0.505805864805146,0.0,-18203.953074337205,-18203.953074337205,1820.9011132985256,1820.9011132985256,1820.9011132985256,0.0,0.0,1050.9011132985256,0.0,770
2257.080493999087,0.0,-22570.80493999087,1487.7076350088118,7931.968995801671,0.0,-0.0,0.19227617375225245,0.47997237932604736,0.0,799.2,0.0,0.0,1.0,888.0,-0.0,180,-30.505795581197678,0.0,118,-57.716097645348405,0.0,118,-42.04881562320986,0.0,118,-7.915888698611568,0.0,118,-22.69808254754753,0.0,118,-6.300376669568641,0.0,0.0,0.62714100972467,0.62714100972467,0.0,-22570.80493999087,-22570.80493999087,2257.707635008812,2257.707635008812,2257.707635008812,0.0,0.0,1487.7076350088118,0.0,770
2257.080493999087,0.0,-22570.80493999087,1487.7076350088118,9270.9058673096,0.0,-0.0,0.2247328889367949,0.47997237932604736,0.0,799.2,0.0,0.0,1.0,888.0,-0.0,180,-11.978748088443984,0.0,118,-52.06100565015888,0.0,118,-23.455121032249725,0.0,118,-52.31674009928135,0.0,118,-51.37996881719507,0.0,118,-51.34365917049898,0.0,0.0,0.62714100972467,0.62714100972467,0.0,-22570.80493999087,-22570.80493999087,2257.707635008812,2257.707635008812,2257.707635008812,0.0,0.0,1487.7076350088118,0.0,770
2257.080493999087,0.0,-22570.80493999087,1487.7076350088118,10609.842738817531,0.0,-0.0,0.2571896041213374,0.47997237932604736,0.0,799.2,0.0,0.0,1.0,888.0,-0.0,180,-51.90299991680105,0.0,118,-48.503333601606194,0.0,118,-26.712214891086216,0.0,118,-57.23890747629349,0.0,118,-2.0287049004508595,0.0,118,-44.16385699455718,0.0,0.0,0.62714100972467,0.62714100972467,0.0,-22570.80493999087,-22570.80493999087,2257.707635008812,2257.707635008812,2257.707635008812,0.0,0.0,1487.7076350088118,0.0,770
2257.080493999087,0.0,-22570.80493999087,1487.7076350088118,11948.779610325462,0.0,-0.0,0.28964631930587986,0.47997237932604736,0.0,799.2,0.0,0.0,1.0,888.0,-0.0,180,-12.723938048652293,0.0,118,-33.04635334342134,0.0,118,-39.14549543721094,0.0,118,-27.368951856463248,0.0,118,-46.65360622519266,0.0,118,-12.85848962796343,0.0,0.0,0.62714100972467,0.62714100972467,0.0,-22570.80493999087,-22570.80493999087,2257.707635008812,2257.707635008812,2257.707635008812,0.0,0.0,1487.7076350088118,0.0,770
2257.080493999087,0.0,-22570.80493999087,1487.7076350088118,13287.716481833393,0.0,-0.0,0.3221030344904223,0.47997237932604736,0.0,799.2,0.0,0.0,1.0,888.0,-0.0,180,-33.61870907030375,0.0,118,-59.33610581950772,0.0,118,-15.716118160554828,0.0,118,-26.520424150319343,0.0,118,-47.82640169102984,0.0,118,-39.09757262369842,0.0,0.0,0.62714100972467,0.62714100972467,0.0,-22570.80493999087,-22570.80493999087,2257.707635008812,2257.707635008812,2257.707635008812,0.0,0.0,1487.7076350088118,0.0,770
2257.080493999087,0.0,-22570.80493999087,1487.7076350088118,14626.653353341324,0.0,-0.0,0.35455974967496484,0.47997237932604736,0.0,799.2,0.0,0.0,1.0,888.0,-0.0,180,-14.38652774070505,0.0,118,-46.963868030245436,0.0,118,-52.2980764317912,0.0,118,-58.177536248027025,0.0,118,-4.873894066960862,0.0,118,-24.61410869108603,0.0,0.0,0.62714100972467,0.62714100972467,0.0,-22570.80493999087,-22570.80493999087,2257.707635008812,2257.707635008812,2257.707635008812,0.0,0.0,1487.7076350088118,0.0,770
2376.215664326075,0.0,-23762.15664326075,1606.875907633751,15965.590224849255,0.0,-0.0,0.3870164648595073,0.47997237932604736,0.0,799.2,0.0,0.0,1.0,888.0,-0.0,180,-5.682500121505203,0.0,118,-30.293642322622105,0.0,118,-24.966518195816192,0.0,118,-24.805202306176092,0.0,118,-39.92177750588025,0.0,118,-23.37233816559996,0.0,0.0,0.660243307676042,0.660243307676042,0.0,-23762.15664326075,-23762.15664326075,2376.875907633751,2376.875907633751,2376.875907633751,0.0,0.0,1606.875907633751,0.0,770
2376.215664326075,0.0,-23762.15664326075,1606.875907633751,17411.778541719632,0.0,-0.0,0.42207302600343327,0.47997237932604736,0.0,799.2,0.0,0.0,1.0,888.0,-0.0,180,-12.971653761778164,0.0,118,-52.15560205734627,0.0,118,-19.416698675643026,0.0,118,-45.28623363661216,0.0,118,-43.97577942937966,0.0,118,-53.79543404858463,0.0,0.0,0.660243307676042,0.660243307676042,0.0,-23762.15664326075,-23762.15664326075,2376.875907633751,2376.875907633751,2376.875907633751,0.0,0.0,1606.875907633751,0.0,770
2376.215664326075,0.0,-23762.15664326075,1606.875907633751,18857.966858590007,0.0,-0.0,0.45712958714735913,0.47997237932604736,0.0,799.2,0.0,0.0,1.0,888.0,-0.0,180,-14.814291418743558,0.0,118,-0.9139194217758995,0.0,118,-58.51400067784598,0.0,118,-55.77878798285818,0.0,118,-11.49029886440715,0.0,118,-25.879500910545875,0.0,0.0,0.660243307676042,0.660243307676042,0.0,-23762.15664326075,-23762.15664326075,2376.875907633751,2376.875907633751,2376.875907633751,0.0,0.0,1606.875907633751,0.0,770
2376.215664326075,0.0,-23762.15664326075,1606.875907633751,20304.155175460382,0.0,-0.0,0.49218614829128504,0.47997237932604736,0.0,799.2,0.0,0.0,1.0,888.0,-0.0,180,-33.078278453844334,0.0,118,-29.255733388020936,0.0,118,-6.714620416794799,0.0,118,-51.27343774579659,0.0,118,-1.5896400502596642,0.0,118,-46.761373363506536,0.0,0.0,0.660243307676042,0.660243307676042,0.0,-23762.15664326075,-23762.15664326075,2376.875907633751,2376.875907633751,2376.875907633751,0.0,0.0,1606.875907633751,0.0,770
2376.215664326075,0.0,-23762.15664326075,1600.875907633751,21750.343492330758,0.0,-0.0,0.527242709435211,0.47997237932604736,0.0,799.2,0.0,0.0,1.0,888.0,-0.0,180,-46.25068201513635,0.0,118,-47.605758644343055,0.0,118,-47.67980950205089,0.0,120,-16.649710202020945,0.0,120,-9.066481579064959,0.0,120,-47.679045613852054,0.0,0.0,0.660243307676042,0.660243307676042,0.0,-23762.15664326075,-23762.15664326075,2376.875907633751,2376.875907633751,2376.875907633751,0.0,0.0,1600.875907633751,0.0,776
2376.215664326075,0.0,-23762.15664326075,1604.875907633751,23191.131809201135,0.0,-0.0,0.5621683710081966,0.47997237932604736,0.0,799.2,0.0,0.0,1.0,888.0,-0.0,180,-42.577926100174174,0.0,118,-34.09709746006844,0.0,118,-32.14039469340466,0.0,118,-55.08306162189792,0.0,120,-37.985867287326535,0.0,118,-50.78384525868897,0.0,0.0,0.660243307676042,0.660243307676042,0.0,-23762.15664326075,-23762.15664326075,2376.875907633751,2376.875907633751,2376.875907633751,0.0,0.0,1604.875907633751,0.0,772
2235.0610228264836,0.0,-22350.610228264835,1341.6820456169326,24635.52012607151,0.0,-0.0,0.5971812989618092,0.47997237932604736,0.0,799.2,0.0,0.0,1.0,888.0,-0.0,180,-26.3675456942094,0.0,118,-48.63752500245085,0.0,118,-40.26927225604404,0.0,180,-20.738831078261363,0.0,118,-44.24208255447684,0.0,180,-31.33091768528197,0.0,0.0,0.621022790449148,0.621022790449148,0.0,-22350.610228264835,-22350.610228264835,2235.6820456169326,2235.6820456169326,2235.6820456169326,0.0,0.0,1341.6820456169326,0.0,894
2235.0610228264836,0.0,-22350.610228264835,1341.6820456169326,25843.03396712675,0.0,-0.0,0.6264522329800681,0.47997237932604736,0.0,799.2,0.0,0.0,1.0,888.0,-0.0,180,-24.513463592644264,0.0,118,-10.000381642700727,0.0,118,-16.471075310611358,0.0,180,-44.688413028611706,0.0,118,-3.2760733012747156,0.0,180,-35.879044288388506,0.0,0.0,0.621022790449148,0.621022790449148,0.0,-22350.610228264835,-22350.610228264835,2235.6820456169326,2235.6820456169326,2235.6820456169326,0.0,0.0,1341.6820456169326,0.0,894
2235.0610228264836,0.0,-22350.610228264835,1341.6820456169326,27050.54780818199,0.0,-0.0,0.6557231669983271,0.47997237932604736,0.0,799.2,0.0,0.0,1.0,888.0,-0.0,180,-50.60403920520942,0.0,118,-6.79397111019118,0.0,118,-51.83485063028746,0.0,180,-23.73271871747165,0.0,118,-22.549889041816034,0.0,180,-33.13864339126984,0.0,0.0,0.621022790449148,0.621022790449148,0.0,-22350.610228264835,-22350.610228264835,2235.6820456169326,2235.6820456169326,2235.6820456169326,0.0,0.0,1341.6820456169326,0.0,894
2235.0610228264836,0.0,-22350.610228264835,1341.6820456169326,28258.06164923723,0.0,-0.0,0.6849941010165862,0.47997237932604736,0.0,799.2,0.0,0.0,1.0,888.0,-0.0,180,-39.340598573195095,0.0,118,-23.63375754195578,0.0,118,-54.6112299700512,0.0,180,-19.548026094389154,0.0,118,-42.79873334567833,0.0,180,-27.19568065537895,0.0,0.0,0.621022790449148,0.621022790449148,0.0,-22350.610228264835,-22350.610228264835,2235.6820456169326,2235.6820456169326,2235.6820456169326,0.0,0.0,1341.6820456169326,0.0,894
2235.0610228264836,0.0,-22350.610228264835,1341.6820456169326,29465.575490292467,0.0,-0.0,0.7142650350348452,0.47997237932604736,0.0,799.2,0.0,0.0,1.0,888.0,-0.0,180,-33.379956796650525,0.0,118,-34.60832634504736,0.0,118,-32.85194004922103,0.0,180,-24.30153167065481,0.0,118,-3.1312243827831754,0.0,180,-28.899152296733067,0.0,0.0,0.621022790449148,0.621022790449148,0.0,-22350.610228264835,-22350.610228264835,2235.6820456169326,2235.6820456169326,2235.6820456169326,0.0,0.0,1341.6820456169326,0.0,894
2235.0610228264836,0.0,-22350.610228264835,1341.6820456169326,30673.089331347706,0.0,-0.0,0.7435359690531042,0.47997237932604736,0.0,799.2,0.0,0.0,1.0,888.0,-0.0,180,-51.745123130349015,0.0,118,-2.178738320546141,0.0,118,-45.53422819080941,0.0,180,-19.02766549980402,0.0,118,-29.70594220915874,0.0,180,-39.62842382822643,0.0,0.0,0.621022790449148,0.621022790449148,0.0,-22350.610228264835,-22350.610228264835,2235.6820456169326,2235.6820456169326,2235.6820456169326,0.0,0.0,1341.6820456169326,0.0,894
1884.4587736908761,0.0,-18844.58773690876,990.982379907517,31880.603172402945,0.0,-0.0,0.7728069030713631,0.47997237932604736,0.0,799.2,0.0,0.0,1.0,888.0,-0.0,180,-1.2489055230862767,0.0,118,-13.861358118835378,0.0,118,-31.673551294868567,0.0,180,-50.36504402230029,0.0,118,-11.696339452756275,0.0,180,-26.79063800976883,0.0,0.0,0.523606216640977,0.523606216640977,0.0,-18844.58773690876,-18844.58773690876,1884.982379907517,1884.982379907517,1884.982379907517,0.0,0.0,990.982379907517,0.0,894
1884.4587736908761,0.0,-18844.58773690876,990.982379907517,32772.48731431971,0.0,-0.0,0.7944267644612443,0.47997237932604736,0.0,799.2,0.0,0.0,1.0,888.0,-0.0,180,-31.443781371276756,0.0,118,-11.725807224268824,0.0,118,-26.31841427838383,0.0,180,-51.93544515624954,0.0,118,-0.8113438556531016,0.0,180,-14.167917568121755,0.0,0.0,0.523606216640977,0.523606216640977,0.0,-18844.58773690876,-18844.58773690876,1884.982379907517,1884.982379907517,1884.982379907517,0.0,0.0,990.982379907517,0.0,894
1884.4587736908761,0.0,-18844.58773690876,990.982379907517,33664.37145623648,0.0,-0.0,0.8160466258511254,0.47997237932604736,0.0,799.2,0.0,0.0,1.0,888.0,-0.0,180,-48.26467254047026,0.0,118,-43.323354129845555,0.0,118,-43.93610266873004,0.0,180,-42.20051704869435,0.0,118,-24.24427155179126,0.0,180,-33.98322959669322,0.0,0.0,0.523606216640977,0.523606216640977,0.0,-18844.58773690876,-18844.58773690876,1884.982379907517,1884.982379907517,1884.982379907517,0.0,0.0,990.982379907517,0.0,894
1884.4587736908761,0.0,-18844.58773690876,990.982379907517,34556.25559815324,0.0,-0.0,0.8376664872410066,0.47997237932604736,0.0,799.2,0.0,0.0,1.0,888.0,-0.0,180,-17.734598939944494,0.0,118,-52.94120398586607,0.0,118,-41.02493956952938,0.0,180,-0.8134786113503889,0.0,118,-49.924804701620154,0.0,180,-46.07517070007616,0.0,0.0,0.523606216640977,0.523606216640977,0.0,-18844.58773690876,-18844.58773690876,1884.982379907517,1884.982379907517,1884.982379907517,0.0,0.0,990.982379907517,0.0,894
1884.4587736908761,0.0,-18844.58773690876,990.982379907517,35448.13974007001,0.0,-0.0,0.8592863486308876,0.47997237932604736,0.0,799.2,0.0,0.0,1.0,888.0,-0.0,180,-20.200025823221807,0.0,118,-32.50329601622712,0.0,118,-30.01257720257199,0.0,180,-17.431428902784006,0.0,118,-4.609484662829768,0.0,180,-35.97724350080523,0.0,0.0,0.523606216640977,0.523606216640977,0.0,-18844.58773690876,-18844.58773690876,1884.982379907517,1884.982379907517,1884.982379907517,0.0,0.0,990.982379907517,0.0,894
1884.4587736908761,0.0,-18844.58773690876,990.982379907517,36340.02388198677,0.0,-0.0,0.8809062100207687,0.47997237932604736,0.0,799.2,0.0,0.0,1.0,888.0,-0.0,180,-40.82813254784866,0.0,118,-29.266215382938512,0.0,118,-1.7494511737506335,0.0,180,-38.934858767686755,0.0,118,-28.122526487724237,0.0,180,-26.423422920880842,0.0,0.0,0.523606216640977,0.523606216640977,0.0,-18844.58773690876,-18844.58773690876,1884.982379907517,1884.982379907517,1884.982379907517,0.0,0.0,990.982379907517,0.0,894
1316.8712120882533,0.0,-13168.712120882534,423.2371112858327,37231.90802390354,0.0,-0.0,0.9025260714106499,0.47997237932604736,0.0,799.2,0.0,0.0,1.0,888.0,-0.0,180,-13.657583223360788,0.0,118,-44.28106226407922,0.0,118,-3.376987206509634,0.0,180,-10.377840041941438,0.0,118,-15.37814266601993,0.0,180,-8.207293126703926,0.0,0.0,0.365899197579398,0.365899197579398,0.0,-13168.712120882534,-13168.712120882534,1317.2371112858327,1317.2371112858327,1317.2371112858327,0.0,0.0,423.2371112858327,0.0,894
1316.8712120882533,0.0,-13168.712120882534,423.2371112858327,37612.82142406079,0.0,-0.0,0.9117596641228709,0.47997237932604736,0.0,799.2,0.0,0.0,1.0,888.0,-0.0,180,-29.709636740586436,0.0,118,-46.33832596993121,0.0,118,-22.813958513083485,0.0,180,-44.33359108211771,0.0,118,-9.998696172242285,0.0,180,-12.847154704272263,0.0,0.0,0.365899197579398,0.365899197579398,0.0,-13168.712120882534,-13168.712120882534,1317.2371112858327,1317.2371112858327,1317.2371112858327,0.0,0.0,423.2371112858327,0.0,894
1316.8712120882533,0.0,-13168.712120882534,361.2371112858327,37993.734824218045,0.0,-0.0,0.9209932568350919,0.47997237932604736,0.0,799.2,0.0,0.0,1.0,888.0,-0.0,180,-9.95433999139708,0.0,118,-58.051255097038016,0.0,118,-58.500970027283635,0.0,180,-2.934946774331544,0.0,180,-55.65318290927126,0.0,180,-18.90187890916784,0.0,0.0,0.365899197579398,0.365899197579398,0.0,-13168.712120882534,-13168.712120882534,1317.2371112858327,1317.2371112858327,1317.2371112858327,0.0,0.0,361.2371112858327,0.0,956
1316.8712120882533,0.0,-13168.712120882534,361.2371112858327,38318.848224375295,0.0,-0.0,0.9288742206475964,0.47997237932604736,0.0,799.2,0.0,0.0,1.0,888.0,-0.0,180,-57.520391296702925,0.0,118,-28.870136407801912,0.0,118,-30.228653313299688,0.0,180,-7.4468621185968775,0.0,180,-18.24347627325644,0.0,180,-49.48364229949897,0.0,0.0,0.365899197579398,0.365899197579398,0.0,-13168.712120882534,-13168.712120882534,1317.2371112858327,1317.2371112858327,1317.2371112858327,0.0,0.0,361.2371112858327,0.0,956
1316.8712120882533,0.0,-13168.712120882534,361.2371112858327,38643.961624532545,0.0,-0.0,0.936755184460101,0.47997237932604736,0.0,799.2,0.0,0.0,1.0,888.0,-0.0,180,-50.5281941334604,0.0,118,-38.63893907044681,0.0,118,-20.905713582224166,0.0,180,-22.462349213451933,0.0,180,-12.363759018662673,0.0,180,-8.233820765298033,0.0,0.0,0.365899197579398,0.365899197579398,0.0,-13168.712120882534,-13168.712120882534,1317.2371112858327,1317.2371112858327,1317.2371112858327,0.0,0.0,361.2371112858327,0.0,956
1316.8712120882533,0.0,-13168.712120882534,361.2371112858327,38969.075024689795,0.0,-0.0,0.9446361482726056,0.47997237932604736,0.0,799.2,0.0,0.0,1.0,888.0,-0.0,180,-39.20505282331003,0.0,118,-42.09794568255351,0.0,118,-14.389507968552929,0.0,180,-33.59574370803884,0.0,180,-15.556765017967233,0.0,180,-16.325513677284683,0.0,0.0,0.365899197579398,0.365899197579398,0.0,-13168.712120882534,-13168.712120882534,1317.2371112858327,1317.2371112858327,1317.2371112858327,0.0,0.0,361.2371112858327,0.0,956
592.5270244671575,0.0,-5925.270244671575,0.0,39294.188424847045,363.3083389603315,-0.0,0.95251711208511,0.47997237932604736,0.0,799.2,0.0,0.0,1.0,888.0,-0.0,180,-29.638805458682725,0.0,118,-6.347230872862582,0.0,118,-44.55811237799545,0.0,180,-21.0446506327804,0.0,180,-51.80335982055529,0.0,180,-8.33824584150496,0.0,0.0,0.164636572511019,0.164636572511019,0.0,-5925.270244671575,-5925.270244671575,956.0,956.0,592.6916610396685,0.0,363.3083389603315,0.0,0.0,956
592.5270244671575,0.0,-5925.270244671575,0.0,38890.5124926689,363.3083389603315,-0.0,0.9427317405441762,0.47997237932604736,0.0,799.2,0.0,0.0,1.0,888.0,-0.0,180,-20.820460258810737,0.0,118,-58.95073496593236,0.0,118,-47.22410258022636,0.0,180,-22.92828219561628,0.0,180,-18.41601034238302,0.0,180,-20.34470613073892,0.0,0.0,0.164636572511019,0.164636572511019,0.0,-5925.270244671575,-5925.270244671575,956.0,956.0,592.6916610396685,0.0,363.3083389603315,0.0,0.0,956
592.5270244671575,0.0,-5925.270244671575,0.0,38486.83656049076,363.3083389603315,-0.0,0.9329463690032425,0.47997237932604736,0.0,799.2,0.0,0.0,1.0,888.0,-0.0,180,-14.507377199896185,0.0,118,-18.73942029463358,0.0,118,-0.35596702300130234,0.0,180,-59.74019258740229,0.0,180,-21.225511364607105,0.0,180,-20.220331938050244,0.0,0.0,0.164636572511019,0.164636572511019,0.0,-5925.270244671575,-5925.270244671575,956.0,956.0,592.6916610396685,0.0,363.3083389603315,0.0,0.0,956
592.5270244671575,0.0,-5925.270244671575,0.0,38083.16062831262,363.3083389603315,-0.0,0.9231609974623086,0.47997237932604736,0.0,799.2,0.0,0.0,1.0,888.0,-0.0,180,-37.441667105235084,0.0,118,-27.729286830562437,0.0,118,-14.313475860349968,0.0,180,-8.418417669587722,0.0,180,-18.03396933161039,0.0,180,-23.327444461531016,0.0,0.0,0.164636572511019,0.164636572511019,0.0,-5925.270244671575,-5925.270244671575,956.0,956.0,592.6916610396685,0.0,363.3083389603315,0.0,0.0,956
592.5270244671575,0.0,-5925.270244671575,0.0,37679.484696134474,363.3083389603315,-0.0,0.9133756259213748,0.47997237932604736,0.0,799.2,0.0,0.0,1.0,888.0,-0.0,180,-41.706450796208415,0.0,118,-2.761533673998362,0.0,118,-32.398257408142605,0.0,180,-20.493005390315354,0.0,180,-21.9679686515575,0.0,180,-22.298155119672316,0.0,0.0,0.164636572511019,0.164636572511019,0.0,-5925.270244671575,-5925.270244671575,956.0,956.0,592.6916610396685,0.0,363.3083389603315,0.0,0.0,956
592.5270244671575,0.0,-5925.270244671575,0.0,37275.80876395633,363.3083389603315,-0.0,0.9035902543804409,0.47997237932604736,0.0,799.2,0.0,0.0,1.0,888.0,-0.0,180,-36.386806759128774,0.0,118,-52.04293356001863,0.0,118,-14.722631991165665,0.0,180,-1.9224597331057725,0.0,180,-11.171043944405849,0.0,180,-45.148360482833766,0.0,0.0,0.164636572511019,0.164636572511019,0.0,-5925.270244671575,-5925.270244671575,956.0,956.0,592.6916610396685,0.0,363.3083389603315,0.0,0.0,956
16.657844622805715,0.0,-166.57844622805715,0.0,36872.13283177819,939.3375269124477,-0.0,0.8938048828395071,0.47997237932604736,0.0,799.2,0.0,0.0,1.0,888.0,-0.0,180,-30.126922260655732,0.0,118,-6.49514692489638,0.0,118,-11.879125256722432,0.0,180,-16.831551860685234,0.0,180,-42.23516161719055,0.0,180,-54.17038294382708,0.0,0.0,0.0046284647465423,0.0046284647465423,0.0,-166.57844622805715,-166.57844622805715,956.0,956.0,16.662473087552257,0.0,939.3375269124477,0.0,0.0,956
16.657844622805715,0.0,-166.57844622805715,0.0,35828.424468542136,939.3375269124477,-0.0,0.8685047019257299,0.47997237932604736,0.0,799.2,0.0,0.0,1.0,888.0,-0.0,180,-16.226025594140125,0.0,118,-28.66177285713842,0.0,118,-22.731241108902438,0.0,180,-21.351996404915443,0.0,180,-9.053734822030766,0.0,180,-20.4190009902468,0.0,0.0,0.0046284647465423,0.0046284647465423,0.0,-166.57844622805715,-166.57844622805715,956.0,956.0,16.662473087552257,0.0,939.3375269124477,0.0,0.0,956
16.657844622805715,0.0,-166.57844622805715,0.0,34784.716105306085,939.3375269124477,-0.0,0.8432045210119526,0.47997237932604736,0.0,799.2,0.0,0.0,1.0,888.0,-0.0,180,-7.380084057076546,0.0,118,-45.48159155794529,0.0,118,-55.97207884268315,0.0,180,-59.93213268384696,0.0,180,-43.2805716060323,0.0,180,-44.06467972152398,0.0,0.0,0.0046284647465423,0.0046284647465423,0.0,-166.57844622805715,-166.57844622805715,956.0,956.0,16.662473087552257,0.0,939.3375269124477,0.0,0.0,956
16.657844622805715,0.0,-166.57844622805715,0.0,33741.00774207003,939.3375269124477,-0.0,0.8179043400981755,0.47997237932604736,0.0,799.2,0.0,0.0,1.0,888.0,-0.0,180,-44.77728039083179,0.0,118,-59.29705227139295,0.0,118,-36.196598516956236,0.0,180,-31.79737985644921,0.0,180,-51.98594075456639,0.0,180,-38.36167324334359,0.0,0.0,0.0046284647465423,0.0046284647465423,0.0,-166.57844622805715,-166.57844622805715,956.0,956.0,16.662473087552257,0.0,939.3375269124477,0.0,0.0,956
16.657844622805715,0.0,-166.57844622805715,0.0,32697.29937883398,939.3375269124477,-0.0,0.7926041591843982,0.47997237932604736,0.0,799.2,0.0,0.0,1.0,888.0,-0.0,180,-16.196514527070896,0.0,118,-48.29569237961891,0.0,118,-37.74277105008511,0.0,180,-56.95200170347453,0.0,180,-45.368891733112086,0.0,180,-8.086089090289175,0.0,0.0,0.0046284647465423,0.0046284647465423,0.0,-166.57844622805715,-166.57844622805715,956.0,956.0,16.662473087552257,0.0,939.3375269124477,0.0,0.0,956
16.657844622805715,0.0,-166.57844622805715,0.0,31653.59101559793,939.3375269124477,-0.0,0.767303978270621,0.47997237932604736,0.0,799.2,0.0,0.0,1.0,888.0,-0.0,180,-36.16471056052964,0.0,118,-8.772462376248756,0.0,118,-26.452172207007965,0.0,180,-21.839665216687592,0.0,180,-38.50011675441282,0.0,180,-56.32500444940619,0.0,0.0,0.0046284647465423,0.0046284647465423,0.0,-166.57844622805715,-166.57844622805715,956.0,956.0,16.662473087552257,0.0,939.3375269124477,0.0,0.0,956
0.0,0.0,-0.0,0.0,30609.882652361877,956.0,-0.0,0.7420037973568439,0.47997237932604736,0.0,799.2,0.0,0.0,1.0,888.0,-0.0,180,-20.932004702594906,0.0,118,-35.46276276604443,0.0,118,-29.243669481124343,0.0,180,-21.93470299293364,0.0,180,-4.312089253187792,0.0,180,-1.073561426484544,0.0,0.0,0.0,0.0,0.0,0.0,0.0,956.0,956.0,0.0,0.0,956.0,0.0,0.0,956
0.0,0.0,-0.0,0.0,29547.660430139655,956.0,-0.0,0.7162548282583001,0.47997237932604736,0.0,799.2,0.0,0.0,1.0,888.0,-0.0,180,-25.502518131625568,0.0,118,-48.61558778796579,0.0,118,-38.985663166620384,0.0,180,-32.71830969917075,0.0,180,-35.24329513455651,0.0,180,-10.414215879048903,0.0,0.0,0.0,0.0,0.0,0.0,0.0,956.0,956.0,0.0,0.0,956.0,0.0,0.0,956
0.0,0.0,-0.0,0.0,28485.438207917432,956.0,-0.0,0.6905058591597565,0.47997237932604736,0.0,799.2,0.0,0.0,1.0,888.0,-0.0,180,-6.308320457261045,0.0,118,-20.771969027911265,0.0,118,-49.70131383699683,0.0,180,-47.57121363732899,0.0,180,-40.928649747424366,0.0,180,-38.03581639460749,0.0,0.0,0.0,0.0,0.0,0.0,0.0,956.0,956.0,0.0,0.0,956.0,0.0,0.0,956
0.0,0.0,-0.0,0.0,27423.21598569521,956.0,-0.0,0.6647568900612127,0.47997237932604736,0.0,799.2,0.0,0.0,1.0,888.0,-0.0,180,-46.1052639352143,0.0,118,-10.258258196505931,0.0,118,-25.189486962891667,0.0,180,-29.41005911420264,0.0,180,-6.657721783551233,0.0,180,-20.93563284864847,0.0,0.0,0.0,0.0,0.0,0.0,0.0,956.0,956.0,0.0,0.0,956.0,0.0,0.0,956
0.0,0.0,-0.0,0.0,26360.993763472987,956.0,-0.0,0.639007920962669,0.47997237932604736,0.0,799.2,0.0,0.0,1.0,888.0,-0.0,180,-39.37618894099406,0.0,118,-22.054136586236417,0.0,118,-22.666395166225556,0.0,180,-53.852113145665,0.0,180,-33.948654858044016,0.0,180,-45.72429379274153,0.0,0.0,0.0,0.0,0.0,0.0,0.0,956.0,956.0,0.0,0.0,956.0,0.0,0.0,956
0.0,0.0,-0.0,0.0,25298.771541250764,956.0,-0.0,0.6132589518641254,0.47997237932604736,0.0,799.2,0.0,0.0,1.0,888.0,-0.0,180,-15.801337105852424,0.0,118,-55.56300173240217,0.0,118,-38.63253152811614,0.0,180,-11.847895942523404,0.0,180,-44.67300932667699,0.0,180,-1.8056857057417819,0.0,0.0,0.0,0.0,0.0,0.0,0.0,956.0,956.0,0.0,0.0,956.0,0.0,0.0,956
0.0,0.0,-0.0,0.0,24236.54931902854,956.0,-0.0,0.5875099827655816,0.47997237932604736,0.0,799.2,0.0,0.0,1.0,888.0,-0.0,180,-20.29757048900472,0.0,118,-55.45828351807283,0.0,118,-36.62995260213206,0.0,180,-15.971771406227456,0.0,180,-32.18240321514131,0.0,180,-21.155030202305046,0.0,0.0,0.0,0.0,0.0,0.0,0.0,956.0,956.0,0.0,0.0,956.0,0.0,0.0,956
0.0,0.0,-0.0,0.0,23174.32709680632,956.0,-0.0,0.561761013667038,0.47997237932604736,0.0,799.2,0.0,0.0,1.0,888.0,-0.0,180,-23.381811546091477,0.0,118,-54.055780359891884,0.0,118,-15.970402633853137,0.0,180,-13.448946441502194,0.0,180,-46.76618068669165,0.0,180,-15.675575896397223,0.0,0.0,0.0,0.0,0.0,0.0,0.0,956.0,956.0,0.0,0.0,956.0,0.0,0.0,956
0.0,0.0,-0.0,0.0,22112.104874584096,956.0,-0.0,0.5360120445684943,0.47997237932604736,0.0,799.2,0.0,0.0,1.0,888.0,-0.0,180,-56.8558287147037,0.0,118,-43.19712794627564,0.0,118,-6.7842197699415845,0.0,180,-35.56283148977878,0.0,180,-9.22805136130693,0.0,180,-38.683303170047864,0.0,0.0,0.0,0.0,0.0,0.0,0.0,956.0,956.0,0.0,0.0,956.0,0.0,0.0,956
0.0,0.0,-0.0,0.0,21049.882652361874,956.0,-0.0,0.5102630754699506,0.47997237932604736,0.0,799.2,0.0,0.0,1.0,888.0,-0.0,180,-22.95867984147756,0.0,118,-5.224647002639715,0.0,118,-46.84595990345367,0.0,180,-40.22775348028679,0.0,180,-46.65845740103144,0.0,180,-26.97975511180443,0.0,0.0,0.0,0.0,0.0,0.0,0.0,956.0,956.0,0.0,0.0,956.0,0.0,0.0,956
0.0,0.0,-0.0,0.0,19987.66043013965,956.0,-0.0,0.48451410637140696,0.47997237932604736,0.0,799.2,0.0,0.0,1.0,888.0,-0.0,180,-8.36400611925157,0.0,118,-49.02960439903885,0.0,118,-6.694429434323923,0.0,180,-55.7817785947472,0.0,180,-16.625793091804052,0.0,180,-8.505240294422723,0.0,0.0,0.0,0.0,0.0,0.0,0.0,956.0,956.0,0.0,0.0,956.0,0.0,0.0,956
0.0,0.0,-0.0,0.0,18925.43820791743,956.0,-0.0,0.4587651372728633,0.47997237932604736,0.0,799.2,0.0,0.0,1.0,888.0,-0.0,180,-8.298226686625936,0.0,118,-58.83377637415792,0.0,118,-11.189871617610548,0.0,180,-28.880296205697952,0.0,180,-22.12877772816389,0.0,180,-23.746763171854095,0.0,0.0,0.0,0.0,0.0,0.0,0.0,956.0,956.0,0.0,0.0,956.0,0.0,0.0,956
0.0,0.0,-0.0,0.0,17863.215985695206,956.0,-0.0,0.4330161681743196,0.47997237932604736,0.0,799.2,0.0,0.0,1.0,888.0,-0.0,180,-38.46420896623847,0.0,118,-15.147112190334706,0.0,118,-35.5443219792064,0.0,180,-24.90038541216292,0.0,180,-58.78313116683875,0.0,180,-38.73062193577952,0.0,0.0,0.0,0.0,0.0,0.0,0.0,956.0,956.0,0.0,0.0,956.0,0.0,0.0,956
0.0,0.0,-0.0,0.0,16800.993763472983,956.0,-0.0,0.4072671990757759,0.47997237932604736,0.0,799.2,0.0,0.0,1.0,888.0,-0.0,180,-1.9634086763316594,0.0,118,-22.258664567220073,0.0,118,-58.42062935754625,0.0,180,-34.966397927764774,0.0,180,-26.2862012413985,0.0,180,-51.050616073639056,0.0,0.0,0.0,0.0,0.0,0.0,0.0,956.0,956.0,0.0,0.0,956.0,0.0,0.0,956
0.0,0.0,-0.0,0.0,15738.77154125076,956.0,-0.0,0.3815182299772322,0.47997237932604736,0.0,799.2,0.0,0.0,1.0,888.0,-0.0,180,-56.035672879397744,0.0,118,-14.554301009748743,0.0,118,-7.582223968122033,0.0,180,-16.89971757308657,0.0,180,-13.729236187597246,0.0,180,-31.973515581530584,0.0,0.0,0.0,0.0,0.0,0.0,0.0,956.0,956.0,0.0,0.0,956.0,0.0,0.0,956
0.0,0.0,-0.0,0.0,14676.549319028538,956.0,-0.0,0.35576926087868854,0.47997237932604736,0.0,799.2,0.0,0.0,1.0,888.0,-0.0,180,-51.01152088452836,0.0,118,-11.305119564688065,0.0,118,-7.893705213015907,0.0,180,-55.1287364466705,0.0,180,-37.50118227696584,0.0,180,-1.9209809551068724,0.0,0.0,0.0,0.0,0.0,0.0,0.0,956.0,956.0,0.0,0.0,956.0,0.0,0.0,956
0.0,0.0,-0.0,0.0,13614.327096806315,956.0,-0.0,0.33002029178014486,0.47997237932604736,0.0,799.2,0.0,0.0,1.0,888.0,-0.0,180,-30.24948553753461,0.0,118,-52.5554290088043,0.0,118,-56.50214727733522,0.0,180,-28.646811514701373,0.0,180,-9.498976794766232,0.0,180,-35.75021422339142,0.0,0.0,0.0,0.0,0.0,0.0,0.0,956.0,956.0,0.0,0.0,956.0,0.0,0.0,956
0.0,0.0,-0.0,0.0,12552.104874584093,956.0,-0.0,0.3042713226816012,0.47997237932604736,0.0,799.2,0.0,0.0,1.0,888.0,-0.0,180,-54.72154735620293,0.0,118,-50.20445152663847,0.0,118,-9.188441089182486,0.0,180,-33.00117844079495,0.0,180,-26.970564380788545,0.0,180,-12.427349648120094,0.0,0.0,0.0,0.0,0.0,0.0,0.0,956.0,956.0,0.0,0.0,956.0,0.0,0.0,956
0.0,0.0,-0.0,0.0,11489.88265236187,956.0,-0.0,0.2785223535830575,0.47997237932604736,0.0,799.2,0.0,0.0,1.0,888.0,-0.0,180,-24.271018085202353,0.0,118,-6.017186366021332,0.0,118,-1.3598472613224244,0.0,180,-27.03204188843387,0.0,180,-1.6897074306444915,0.0,180,-28.759299460738504,0.0,0.0,0.0,0.0,0.0,0.0,0.0,956.0,956.0,0.0,0.0,956.0,0.0,0.0,956
0.0,0.0,-0.0,0.0,10427.660430139647,956.0,-0.0,0.2527733844845138,0.47997237932604736,0.0,799.2,0.0,0.0,1.0,888.0,-0.0,180,-10.890696874955282,0.0,118,-25.097638096528303,0.0,118,-21.443277835639705,0.0,180,-44.237051670231416,0.0,180,-37.486554169289974,0.0,180,-5.47879146813548,0.0,0.0,0.0,0.0,0.0,0.0,0.0,956.0,956.0,0.0,0.0,956.0,0.0,0.0,956
0.0,0.0,-0.0,0.0,9365.438207917425,956.0,-0.0,0.2270244153859701,0.47997237932604736,0.0,799.2,0.0,0.0,1.0,888.0,-0.0,180,-21.761847337486603,0.0,118,-32.00371116756232,0.0,118,-1.3026829765784886,0.0,180,-36.00241929417312,0.0,180,-30.68821410790349,0.0,180,-58.586526457584156,0.0,0.0,0.0,0.0,0.0,0.0,0.0,956.0,956.0,0.0,0.0,956.0,0.0,0.0,956
0.0,0.0,-0.0,0.0,8303.215985695202,956.0,-0.0,0.2012754462874264,0.47997237932604736,0.0,799.2,0.0,0.0,1.0,888.0,-0.0,180,-55.69480217857215,0.0,118,-30.804557174719186,0.0,118,-47.101685561041634,0.0,180,-44.393936177908635,0.0,180,-30.221132309913493,0.0,180,-37.01973649541916,0.0,0.0,0.0,0.0,0.0,0.0,0.0,956.0,956.0,0.0,0.0,956.0,0.0,0.0,956
0.0,0.0,-0.0,0.0,7240.9937634729795,956.0,-0.0,0.17552647718888273,0.47997237932604736,0.0,799.2,0.0,0.0,1.0,888.0,-0.0,180,-35.26842888297006,0.0,118,-35.736081075344785,0.0,118,-21.69264328105909,0.0,180,-29.707995898997655,0.0,180,-28.152147456442453,0.0,180,-48.40889778005228,0.0,0.0,0.0,0.0,0.0,0.0,0.0,956.0,956.0,0.0,0.0,956.0,0.0,0.0,956
0.0,0.0,-0.0,0.0,6178.771541250757,956.0,-0.0,0.14977750809033905,0.47997237932604736,0.0,799.2,0.0,0.0,1.0,888.0,-0.0,180,-38.230661861933946,0.0,118,-1.4205429573098494,0.0,118,-13.357786777099605,0.0,180,-44.232744028388666,0.0,180,-16.895329232728862,0.0,180,-37.54147855737507,0.0,0.0,0.0,0.0,0.0,0.0,0.0,956.0,956.0,0.0,0.0,956.0,0.0,0.0,956
0.0,0.0,-0.0,0.0,5116.549319028534,956.0,-0.0,0.12402853899179536,0.47997237932604736,0.0,799.2,0.0,0.0,1.0,888.0,-0.0,180,-27.139017555909575,0.0,118,-48.63240668471028,0.0,118,-51.59287831875508,0.0,180,-32.52468450548281,0.0,180,-14.300288843423775,0.0,180,-7.037524795952699,0.0,0.0,0.0,0.0,0.0,0.0,0.0,956.0,956.0,0.0,0.0,956.0,0.0,0.0,956
0.0,0.0,-0.0,0.0,4054.327096806312,956.0,-0.0,0.09827956989325169,0.47997237932604736,0.0,799.2,0.0,0.0,1.0,888.0,-0.0,180,-16.407237982164073,0.0,118,-15.028087402746404,0.0,118,-17.953411261929507,0.0,180,-21.64640465141346,0.0,180,-30.447681747597386,0.0,180,-35.55700339844098,0.0,0.0,0.0,0.0,0.0,0.0,0.0,956.0,956.0,0.0,0.0,956.0,0.0,0.0,956
0.0,0.0,-0.0,0.0,2992.10487458409,956.0,-0.0,0.07253060079470802,0.47997237932604736,0.0,799.2,0.0,0.0,1.0,888.0,-0.0,180,-41.07477543310518,0.0,118,-12.529106866139143,0.0,118,-1.10878012115041,0.0,180,-53.58654280306102,0.0,180,-33.698509557960875,0.0,180,-57.87163857472168,0.0,0.0,0.0,0.0,0.0,0.0,0.0,956.0,956.0,0.0,0.0,956.0,0.0,0.0,956
0.0,0.0,-0.0,0.0,1929.8826523618677,832.0,-0.0,0.046781631696164346,0.47997237932604736,0.0,799.2,0.0,0.0,1.0,888.0,-0.0,180,-35.04537808267353,0.0,118,-30.887890221484064,0.0,118,-27.690178667653175,0.0,118,-14.871302864167626,0.0,118,-59.2996148849285,0.0,180,-7.393163220189569,0.0,0.0,0.0,0.0,0.0,0.0,0.0,832.0,832.0,0.0,0.0,832.0,0.0,0.0,832
0.0,0.0,-0.0,0.0,1005.4382079174233,832.0,-0.0,0.024372487041364826,0.47997237932604736,0.0,799.2,0.0,0.0,1.0,888.0,-0.0,180,-47.83677889530054,0.0,118,-10.668159477336054,0.0,118,-24.25909130867251,0.0,118,-10.309429942942392,0.0,118,-21.924842268048735,0.0,180,-23.80574482252194,0.0,0.0,0.0,0.0,0.0,0.0,0.0,832.0,832.0,0.0,0.0,832.0,0.0,0.0,832
0.0,0.0,-0.0,0.0,80.9937634729788,72.89438712568092,-0.0,0.0019633423865653117,0.47997237932604736,364.3497271710443,799.2,0.0,759.105612874319,1.0,888.0,-674085.7842323954,180,-0.20297672182214566,0.0,118,-46.58395419807181,0.0,118,-16.48443007999638,0.0,118,-38.036651641022175,0.0,118,-30.666035012418583,0.0,180,-13.258659635492414,0.0,0.0,0.0,0.0,0.0,-674085.7842323954,-674085.7842323954,832.0,832.0,0.0,0.0,832.0,0.0,0.0,832
0.0,0.0,-0.0,0.0,0.0,0.0,-0.0,0.0,0.47997237932604736,399.3370195992714,799.2,0.0,832.0,1.0,888.0,-738816.0,180,-59.06813405992402,0.0,118,-36.0001390775441,0.0,118,-21.301023821646808,0.0,118,-59.80390949579685,0.0,118,-17.303822360831592,0.0,180,-25.811288952086592,0.0,0.0,0.0,0.0,0.0,-738816.0,-738816.0,832.0,832.0,0.0,0.0,832.0,0.0,0.0,832
0.0,0.0,-0.0,0.0,0.0,0.0,-0.0,0.0,0.47997237932604736,399.3370195992714,799.2,0.0,832.0,1.0,888.0,-738816.0,180,-38.91004212536441,0.0,118,-28.710540825323907,0.0,118,-4.061111835941274,0.0,118,-14.767303370406148,0.0,118,-10.649656720362032,0.0,180,-44.1761619430156,0.0,0.0,0.0,0.0,0.0,-738816.0,-738816.0,832.0,832.0,0.0,0.0,832.0,0.0,0.0,832
0.0,0.0,-0.0,0.0,0.0,0.0,-0.0,0.0,0.47997237932604736,369.57873208105644,799.2,0.0,770.0,1.0,888.0,-683760.0,118,-23.31833941187079,0.0,118,-56.61328144561716,0.0,118,-33.86600677995904,0.0,118,-22.53579110057509,0.0,118,-5.528223279532853,0.0,180,-2.480878662133732,0.0,0.0,0.0,0.0,0.0,-683760.0,-683760.0,770.0,770.0,0.0,0.0,770.0,0.0,0.0,770
0.0,0.0,-0.0,0.0,0.0,0.0,-0.0,0.0,0.47997237932604736,369.57873208105644,799.2,0.0,770.0,1.0,888.0,-683760.0,118,-43.549438048667696,0.0,118,-21.627170172400128,0.0,118,-20.270777831723443,0.0,118,-55.09005598843684,0.0,118,-7.365612322342159,0.0,180,-23.641149991720273,0.0,0.0,0.0,0.0,0.0,-683760.0,-683760.0,770.0,770.0,0.0,0.0,770.0,0.0,0.0,770
0.0,0.0,-0.0,0.0,0.0,0.0,-0.0,0.0,0.47997237932604736,369.57873208105644,799.2,0.0,770.0,1.0,888.0,-683760.0,118,-34.96637137151287,0.0,118,-32.06309431722829,0.0,118,-6.2913257831043135,0.0,118,-30.09276027024914,0.0,118,-43.31550937507448,0.0,180,-40.797402124139964,0.0,0.0,0.0,0.0,0.0,-683760.0,-683760.0,770.0,770.0,0.0,0.0,770.0,0.0,0.0,770
0.0,0.0,-0.0,0.0,0.0,0.0,-0.0,0.0,0.47997237932604736,369.57873208105644,799.2,0.0,770.0,1.0,888.0,-683760.0,118,-37.16768072665168,0.0,118,-8.566491694601003,0.0,118,-58.37290849442556,0.0,118,-56.63076495779235,0.0,118,-20.418300547276097,0.0,180,-45.96479351219481,0.0,0.0,0.0,0.0,0.0,-683760.0,-683760.0,770.0,770.0,0.0,0.0,770.0,0.0,0.0,770
0.0,0.0,-0.0,0.0,0.0,0.0,-0.0,0.0,0.47997237932604736,369.57873208105644,799.2,0.0,770.0,1.0,888.0,-683760.0,118,-18.81883455507453,0.0,118,-25.118025758433205,0.0,118,-20.349862671131607,0.0,118,-30.061286307046398,0.0,118,-23.418023086045054,0.0,180,-20.246560786599737,0.0,0.0,0.0,0.0,0.0,-683760.0,-683760.0,770.0,770.0,0.0,0.0,770.0,0.0,0.0,770
0.0,0.0,-0.0,0.0,0.0,0.0,-0.0,0.0,0.47997237932604736,369.57873208105644,799.2,0.0,770.0,1.0,888.0,-683760.0,118,-45.497665583218996,0.0,118,-35.981827161721846,0.0,118,-24.796363984535507,0.0,118,-15.015459454334383,0.0,118,-18.095073108399195,0.0,180,-57.17471995231108,0.0,0.0,0.0,0.0,0.0,-683760.0,-683760.0,770.0,770.0,0.0,0.0,770.0,0.0,0.0,770
0.0,0.0,-0.0,0.0,0.0,0.0,-0.0,0.0,0.47997237932604736,369.57873208105644,799.2,0.0,770.0,1.0,888.0,-683760.0,118,-35.127590823799196,0.0,118,-48.301633416909986,0.0,118,-19.27604286286973,0.0,118,-28.03116670173187,0.0,118,-5.441765538589793,0.0,180,-39.741572349114556,0.0,0.0,0.0,0.0,0.0,-683760.0,-683760.0,770.0,770.0,0.0,0.0,770.0,0.0,0.0,770
0.0,0.0,-0.0,0.0,0.0,0.0,-0.0,0.0,0.47997237932604736,369.57873208105644,799.2,0.0,770.0,1.0,888.0,-683760.0,118,-49.79538727208456,0.0,118,-50.83102184172304,0.0,118,-14.694222859014928,0.0,118,-43.1651814606533,0.0,118,-28.37560075588835,0.0,180,-13.888231194539728,0.0,0.0,0.0,0.0,0.0,-683760.0,-683760.0,770.0,770.0,0.0,0.0,770.0,0.0,0.0,770
0.0,0.0,-0.0,0.0,0.0,0.0,-0.0,0.0,0.47997237932604736,369.57873208105644,799.2,0.0,770.0,1.0,888.0,-683760.0,118,-3.9469639245227928,0.0,118,-26.19865223560613,0.0,118,-51.59220774436973,0.0,118,-46.81036391746277,0.0,118,-11.622181056007099,0.0,180,-26.922568000019005,0.0,0.0,0.0,0.0,0.0,-683760.0,-683760.0,770.0,770.0,0.0,0.0,770.0,0.0,0.0,770
0.0,0.0,-0.0,0.0,0.0,0.0,-0.0,0.0,0.47997237932604736,369.57873208105644,799.2,0.0,770.0,1.0,888.0,-683760.0,118,-30.19699998717132,0.0,118,-40.35834107309741,0.0,118,-8.848233043497464,0.0,118,-49.365181736920405,0.0,118,-9.393218133394045,0.0,180,-16.729183447939683,0.0,0.0,0.0,0.0,0.0,-683760.0,-683760.0,770.0,770.0,0.0,0.0,770.0,0.0,0.0,770
0.0,0.0,-0.0,0.0,0.0,0.0,-0.0,0.0,0.47997237932604736,339.82044456284154,799.2,0.0,708.0,1.0,888.0,-628704.0,118,-51.87940259972043,0.0,118,-42.28048224888097,0.0,118,-0.3766801690476229,0.0,118,-22.132882929613857,0.0,118,-21.029559272474373,0.0,118,-30.373098403119464,0.0,0.0,0.0,0.0,0.0,-628704.0,-628704.0,708.0,708.0,0.0,0.0,708.0,0.0,0.0,708
0.0,0.0,-0.0,0.0,0.0,0.0,-0.0,0.0,0.47997237932604736,339.82044456284154,799.2,0.0,708.0,1.0,888.0,-628704.0,118,-46.67034563485144,0.0,118,-31.338498086586416,0.0,118,-30.246990541614338,0.0,118,-53.811968382908475,0.0,118,-21.596339373607908,0.0,118,-45.89446103269366,0.0,0.0,0.0,0.0,0.0,-628704.0,-628704.0,708.0,708.0,0.0,0.0,708.0,0.0,0.0,708
0.0,0.0,-0.0,0.0,0.0,0.0,-0.0,0.0,0.47997237932604736,339.82044456284154,799.2,0.0,708.0,1.0,888.0,-628704.0,118,-4.407701412284135,0.0,118,-34.184163432507255,0.0,118,-38.4838615340768,0.0,118,-59.760017728220824,0.0,118,-13.645725659579476,0.0,118,-45.93603661613882,0.0,0.0,0.0,0.0,0.0,-628704.0,-628704.0,708.0,708.0,0.0,0.0,708.0,0.0,0.0,708
0.0,0.0,-0.0,0.0,0.0,0.0,-0.0,0.0,0.47997237932604736,339.82044456284154,799.2,0.0,708.0,1.0,888.0,-628704.0,118,-15.31431376200561,0.0,118,-22.825509768404007,0.0,118,-28.27584340187489,0.0,118,-58.60373082022555,0.0,118,-29.341508941548284,0.0,118,-27.453784164331005,0.0,0.0,0.0,0.0,0.0,-628704.0,-628704.0,708.0,708.0,0.0,0.0,708.0,0.0,0.0,708
0.0,0.0,-0.0,0.0,0.0,0.0,-0.0,0.0,0.47997237932604736,339.82044456284154,799.2,0.0,708.0,1.0,888.0,-628704.0,118,-56.14187894871648,0.0,118,-48.5746729008692,0.0,118,-40.36288745714172,0.0,118,-55.49209966061662,0.0,118,-44.12231906949776,0.0,118,-54.02787991069662,0.0,0.0,0.0,0.0,0.0,-628704.0,-628704.0,708.0,708.0,0.0,0.0,708.0,0.0,0.0,708
0.0,0.0,-0.0,0.0,0.0,0.0,-0.0,0.0,0.47997237932604736,339.82044456284154,799.2,0.0,708.0,1.0,888.0,-628704.0,118,-35.6021416358196,0.0,118,-36.84294347841344,0.0,118,-43.404358479688824,0.0,118,-18.981189143173218,0.0,118,-20.266841482100745,0.0,118,-25.86249340327797,0.0,0.0,0.0,0.0,0.0,-628704.0,-628704.0,708.0,708.0,0.0,0.0,708.0,0.0,0.0,708
0.0,0.0,-0.0,0.0,0.0,0.0,-0.0,0.0,0.47997237932604736,339.82044456284154,799.2,0.0,708.0,1.0,888.0,-628704.0,118,-50.57520518033759,0.0,118,-32.82471437570835,0.0,118,-49.22874970433844,0.0,118,-18.782957353699178,0.0,118,-20.289858564820904,0.0,118,-41.688610667719,0.0,0.0,0.0,0.0,0.0,-628704.0,-628704.0,708.0,708.0,0.0,0.0,708.0,0.0,0.0,708
0.0,0.0,-0.0,0.0,0.0,0.0,-0.0,0.0,0.47997237932604736,339.82044456284154,799.2,0.0,708.0,1.0,888.0,-628704.0,118,-51.77414477056443,0.0,118,-16.28614596815263,0.0,118,-33.19244524227876,0.0,118,-34.454164463560105,0.0,118,-55.140698482667034,0.0,118,-17.808373384015137,0.0,0.0,0.0,0.0,0.0,-628704.0,-628704.0,708.0,708.0,0.0,0.0,708.0,0.0,0.0,708
0.0,0.0,-0.0,0.0,0.0,0.0,-0.0,0.0,0.47997237932604736,339.82044456284154,799.2,0.0,708.0,1.0,888.0,-628704.0,118,-34.143801645060016,0.0,118,-50.51117877985493,0.0,118,-58.05825129219604,0.0,118,-5.4817933442822175,0.0,118,-59.61951735144761,0.0,118,-36.2335188739843,0.0,0.0,0.0,0.0,0.0,-628704.0,-628704.0,708.0,708.0,0.0,0.0,708.0,0.0,0.0,708
0.0,0.0,-0.0,0.0,0.0,0.0,-0.0,0.0,0.47997237932604736,339.82044456284154,799.2,0.0,708.0,1.0,888.0,-628704.0,118,-20.660502806000725,0.0,118,-13.032966093018594,0.0,118,-20.708952491555493,0.0,118,-53.29672681110508,0.0,118,-4.215125425909667,0.0,118,-32.96377913134679,0.0,0.0,0.0,0.0,0.0,-628704.0,-628704.0,708.0,708.0,0.0,0.0,708.0,0.0,0.0,708
0.0,0.0,-0.0,0.0,0.0,0.0,-0.0,0.0,0.47997237932604736,339.82044456284154,799.2,0.0,708.0,1.0,888.0,-628704.0,118,-7.7541605081147775,0.0,118,-8.35064990192122,0.0,118,-53.77641903526074,0.0,118,-52.1048699239607,0.0,118,-23.635617790605608,0.0,118,-39.20691876828475,0.0,0.0,0.0,0.0,0.0,-628704.0,-628704.0,708.0,708.0,0.0,0.0,708.0,0.0,0.0,708
0.0,0.0,-0.0,0.0,0.0,0.0,-0.0,0.0,0.47997237932604736,339.82044456284154,799.2,0.0,708.0,1.0,888.0,-628704.0,118,-5.862438688410472,0.0,118,-9.501128740294352,0.0,118,-54.70633028381596,0.0,118,-19.003402081250794,0.0,118,-3.044565685109999,0.0,118,-37.26807791480463,0.0,0.0,0.0,0.0,0.0,-628704.0,-628704.0,708.0,708.0,0.0,0.0,708.0,0.0,0.0,708
0.0,0.0,-0.0,0.0,0.0,0.0,-0.0,0.0,0.47997237932604736,339.82044456284154,799.2,0.0,708.0,1.0,888.0,-628704.0,118,-43.481527194858515,0.0,118,-16.538915833329916,0.0,118,-28.429017016998163,0.0,118,-52.38672540653079,0.0,118,-57.991885805619155,0.0,118,-38.548411253532684,0.0,0.0,0.0,0.0,0.0,-628704.0,-628704.0,708.0,708.0,0.0,0.0,708.0,0.0,0.0,708
0.0,0.0,-0.0,0.0,0.0,0.0,-0.0,0.0,0.47997237932604736,339.82044456284154,799.2,0.0,708.0,1.0,888.0,-628704.0,118,-36.787350577726706,0.0,118,-58.1440487435819,0.0,118,-16.928476528090748,0.0,118,-33.19477122210936,0.0,118,-21.133681306758966,0.0,118,-7.235157823894656,0.0,0.0,0.0,0.0,0.0,-628704.0,-628704.0,708.0,708.0,0.0,0.0,708.0,0.0,0.0,708
0.0,0.0,-0.0,0.0,0.0,0.0,-0.0,0.0,0.47997237932604736,339.82044456284154,799.2,0.0,708.0,1.0,888.0,-628704.0,118,-15.182627213618222,0.0,118,-2.786068498392178,0.0,118,-24.366151314931194,0.0,118,-25.957247810287196,0.0,118,-18.247459606562263,0.0,118,-5.866107835544727,0.0,0.0,0.0,0.0,0.0,-628704.0,-628704.0,708.0,708.0,0.0,0.0,708.0,0.0,0.0,708
0.0,0.0,-0.0,0.0,0.0,0.0,-0.0,0.0,0.47997237932604736,339.82044456284154,799.2,0.0,708.0,1.0,888.0,-628704.0,118,-53.09612505520184,0.0,118,-25.479222133827943,0.0,118,-31.770111591074166,0.0,118,-19.982139360341545,0.0,118,-37.91399315732663,0.0,118,-18.22318761030834,0.0,0.0,0.0,0.0,0.0,-628704.0,-628704.0,708.0,708.0,0.0,0.0,708.0,0.0,0.0,708
0.0,0.0,-0.0,0.0,0.0,0.0,-0.0,0.0,0.47997237932604736,339.82044456284154,799.2,0.0,708.0,1.0,888.0,-628704.0,118,-3.2169071139451844,0.0,118,-55.824737428330344,0.0,118,-2.114607433291793,0.0,118,-10.895106863889502,0.0,118,-27.77914488022879,0.0,118,-37.59639871373955,0.0,0.0,0.0,0.0,0.0,-628704.0,-628704.0,708.0,708.0,0.0,0.0,708.0,0.0,0.0,708
0.0,0.0,-0.0,0.0,0.0,0.0,-0.0,0.0,0.47997237932604736,339.82044456284154,799.2,0.0,708.0,1.0,888.0,-628704.0,118,-52.59394819485486,0.0,118,-33.372682446369325,0.0,118,-39.69681343337547,0.0,118,-47.30310469068798,0.0,118,-3.195002125825017,0.0,118,-38.8529844208073,0.0,0.0,0.0,0.0,0.0,-628704.0,-628704.0,708.0,708.0,0.0,0.0,708.0,0.0,0.0,708
0.0,0.0,-0.0,0.0,0.0,0.0,-0.0,0.0,0.47997237932604736,339.82044456284154,799.2,0.0,708.0,1.0,888.0,-628704.0,118,-9.552384519603125,0.0,118,-28.209366387907842,0.0,118,-31.718833177116004,0.0,118,-9.80079101576652,0.0,118,-14.023092961908066,0.0,118,-12.674222755911986,0.0,0.0,0.0,0.0,0.0,-628704.0,-628704.0,708.0,708.0,0.0,0.0,708.0,0.0,0.0,708
0.0,0.0,-0.0,0.0,0.0,0.0,-0.0,0.0,0.47997237932604736,339.82044456284154,799.2,0.0,708.0,1.0,888.0,-628704.0,118,-9.51869692523887,0.0,118,-58.133203803437524,0.0,118,-0.5410583599474283,0.0,118,-15.326279374187855,0.0,118,-4.301372147432396,0.0,118,-7.0951647727688405,0.0,0.0,0.0,0.0,0.0,-628704.0,-628704.0,708.0,708.0,0.0,0.0,708.0,0.0,0.0,708
0.0,0.0,-0.0,0.0,0.0,0.0,-0.0,0.0,0.47997237932604736,339.82044456284154,799.2,0.0,708.0,1.0,888.0,-628704.0,118,-41.00746484531718,0.0,118,-10.12234846743214,0.0,118,-25.16209871353825,0.0,118,-41.90258227906854,0.0,118,-36.01171186671819,0.0,118,-50.699291525551935,0.0,0.0,0.0,0.0,0.0,-628704.0,-628704.0,708.0,708.0,0.0,0.0,708.0,0.0,0.0,708
0.0,0.0,-0.0,0.0,0.0,0.0,-0.0,0.0,0.47997237932604736,339.82044456284154,799.2,0.0,708.0,1.0,888.0,-628704.0,118,-18.891189843857,0.0,118,-37.49233051994337,0.0,118,-13.108994083026444,0.0,118,-35.12313424664622,0.0,118,-18.981365383254673,0.0,118,-48.91324444235482,0.0,0.0,0.0,0.0,0.0,-628704.0,-628704.0,708.0,708.0,0.0,0.0,708.0,0.0,0.0,708
0.0,0.0,-0.0,0.0,0.0,0.0,-0.0,0.0,0.47997237932604736,339.82044456284154,799.2,0.0,708.0,1.0,888.0,-628704.0,118,-53.36221758926398,0.0,118,-56.40793023031923,0.0,118,-27.381372117921885,0.0,118,-19.53393123829932,0.0,118,-52.87486289892291,0.0,118,-34.57970620383607,0.0,0.0,0.0,0.0,0.0,-628704.0,-628704.0,708.0,708.0,0.0,0.0,708.0,0.0,0.0,708
0.0,0.0,-0.0,0.0,0.0,0.0,-0.0,0.0,0.47997237932604736,339.82044456284154,799.2,0.0,708.0,1.0,888.0,-628704.0,118,-54.601223078650584,0.0,118,-5.735438517456062,0.0,118,-47.375223358140495,0.0,118,-48.8337568859119,0.0,118,-33.62466904732202,0.0,118,-0.2571109160548657,0.0,0.0,0.0,0.0,0.0,-628704.0,-628704.0,708.0,708.0,0.0,0.0,708.0,0.0,0.0,708
0.0,0.0,-0.0,0.0,0.0,0.0,-0.0,0.0,0.47997237932604736,339.82044456284154,799.2,0.0,708.0,1.0,888.0,-628704.0,118,-4.4367131730998395,0.0,118,-23.359053539422995,0.0,118,-6.505055786267615,0.0,118,-45.933489697834226,0.0,118,-41.2605432488997,0.0,118,-56.29111727787382,0.0,0.0,0.0,0.0,0.0,-628704.0,-628704.0,708.0,708.0,0.0,0.0,708.0,0.0,0.0,708
0.0,0.0,-0.0,0.0,0.0,0.0,-0.0,0.0,0.47997237932604736,339.82044456284154,799.2,0.0,708.0,1.0,888.0,-628704.0,118,-5.300355920013098,0.0,118,-41.35459635106652,0.0,118,-56.2518794469268,0.0,118,-36.32444850182692,0.0,118,-28.531845312398314,0.0,118,-3.6610367691013668,0.0,0.0,0.0,0.0,0.0,-628704.0,-628704.0,708.0,708.0,0.0,0.0,708.0,0.0,0.0,708
0.0,0.0,-0.0,0.0,0.0,0.0,-0.0,0.0,0.47997237932604736,339.82044456284154,799.2,0.0,708.0,1.0,888.0,-628704.0,118,-13.244656822596285,0.0,118,-6.3875153977735355,0.0,118,-15.560329809165143,0.0,118,-27.508344757782996,0.0,118,-39.40868451754105,0.0,118,-6.626451216180422,0.0,0.0,0.0,0.0,0.0,-628704.0,-628704.0,708.0,708.0,0.0,0.0,708.0,0.0,0.0,708
0.0,0.0,-0.0,0.0,0.0,0.0,-0.0,0.0,0.47997237932604736,339.82044456284154,799.2,0.0,708.0,1.0,888.0,-628704.0,118,-3.6190668925239344,0.0,118,-5.034904821809363,0.0,118,-38.94234496654076,0.0,118,-9.448669588322714,0.0,118,-38.94456146006427,0.0,118,-26.00728015991183,0.0,0.0,0.0,0.0,0.0,-628704.0,-628704.0,708.0,708.0,0.0,0.0,708.0,0.0,0.0,708
0.0,0.0,-0.0,0.0,0.0,0.0,-0.0,0.0,0.47997237932604736,339.82044456284154,799.2,0.0,708.0,1.0,888.0,-628704.0,118,-8.363088014614416,0.0,118,-57.96873715966747,0.0,118,-33.19484355509318,0.0,118,-17.68206640779466,0.0,118,-25.175570099363036,0.0,118,-47.64596217650255,0.0,0.0,0.0,0.0,0.0,-628704.0,-628704.0,708.0,708.0,0.0,0.0,708.0,0.0,0.0,708
0.0,0.0,-0.0,0.0,0.0,0.0,-0.0,0.0,0.47997237932604736,339.82044456284154,799.2,0.0,708.0,1.0,888.0,-628704.0,118,-28.35357668889708,0.0,118,-52.13155866243278,0.0,118,-49.9889796400897,0.0,118,-30.36800192162214,0.0,118,-42.98544247539806,0.0,118,-18.002261093150615,0.0,0.0,0.0,0.0,0.0,-628704.0,-628704.0,708.0,708.0,0.0,0.0,708.0,0.0,0.0,708
0.0,0.0,-0.0,0.0,0.0,0.0,-0.0,0.0,0.47997237932604736,339.82044456284154,799.2,0.0,708.0,1.0,888.0,-628704.0,118,-23.785769902682958,0.0,118,-33.467918251472774,0.0,118,-48.38937074427126,0.0,118,-55.36938518465529,0.0,118,-30.158166736836353,0.0,118,-57.78024820093996,0.0,0.0,0.0,0.0,0.0,-628704.0,-628704.0,708.0,708.0,0.0,0.0,708.0,0.0,0.0,708
0.0,0.0,-0.0,0.0,0.0,0.0,-0.0,0.0,0.47997237932604736,339.82044456284154,799.2,0.0,708.0,1.0,888.0,-628704.0,118,-40.408205307065884,0.0,118,-45.13830872228431,0.0,118,-45.50829290239829,0.0,118,-23.20336496485045,0.0,118,-52.485372480627525,0.0,118,-27.680411546707848,0.0,0.0,0.0,0.0,0.0,-628704.0,-628704.0,708.0,708.0,0.0,0.0,708.0,0.0,0.0,708
0.0,0.0,-0.0,0.0,0.0,0.0,-0.0,0.0,0.47997237932604736,339.82044456284154,799.2,0.0,708.0,1.0,888.0,-628704.0,118,-8.723781166789752,0.0,118,-41.430603184611584,0.0,118,-20.044630074720374,0.0,118,-30.60539015070318,0.0,118,-45.37428161171679,0.0,118,-24.295086040242055,0.0,0.0,0.0,0.0,0.0,-628704.0,-628704.0,708.0,708.0,0.0,0.0,708.0,0.0,0.0,708
0.0,0.0,-0.0,0.0,0.0,0.0,-0.0,0.0,0.47997237932604736,339.82044456284154,799.2,0.0,708.0,1.0,888.0,-628704.0,118,-11.984901990624962,0.0,118,-33.85284313075589,0.0,118,-32.957702461323855,0.0,118,-16.13781825775876,0.0,118,-23.503045555030596,0.0,118,-34.11475833025419,0.0,0.0,0.0,0.0,0.0,-628704.0,-628704.0,708.0,708.0,0.0,0.0,708.0,0.0,0.0,708
0.0,0.0,-0.0,0.0,0.0,0.0,-0.0,0.0,0.47997237932604736,339.82044456284154,799.2,0.0,708.0,1.0,888.0,-628704.0,118,-46.317155488015935,0.0,118,-13.723172367242306,0.0,118,-56.16049170893509,0.0,118,-57.981248289294896,0.0,118,-4.0839755011928,0.0,118,-45.205681317876255,0.0,0.0,0.0,0.0,0.0,-628704.0,-628704.0,708.0,708.0,0.0,0.0,708.0,0.0,0.0,708
0.0,0.0,-0.0,0.0,0.0,0.0,-0.0,0.0,0.47997237932604736,339.82044456284154,799.2,0.0,708.0,1.0,888.0,-628704.0,118,-1.637352189339858,0.0,118,-35.32938114731074,0.0,118,-32.19026868467969,0.0,118,-10.10317465410737,0.0,118,-31.94338650893702,0.0,118,-4.482587438749929,0.0,0.0,0.0,0.0,0.0,-628704.0,-628704.0,708.0,708.0,0.0,0.0,708.0,0.0,0.0,708
156.10134873269192,0.0,-1561.0134873269192,0.0,0.0,0.0,-0.0,0.0,0.47997237932604736,265.83523545596245,799.2,0.0,553.8552777333451,1.0,888.0,-491823.48662721046,118,-2.4331946127087467,0.0,118,-38.263158190428236,0.0,118,-1.427675276123268,0.0,118,-54.88550174269783,0.0,120,-42.553548144024205,0.0,118,-15.19715862522446,0.0,0.0,0.0433735339629597,0.0433735339629597,0.0,-493384.50011453737,-493384.50011453737,710.0,710.0,156.14472226665487,0.0,553.8552777333451,0.0,0.0,710
156.10134873269192,0.0,-1561.0134873269192,0.0,0.0,0.0,-0.0,0.0,0.47997237932604736,265.83523545596245,799.2,0.0,553.8552777333451,1.0,888.0,-491823.48662721046,118,-36.95189760727127,0.0,118,-38.28830360276223,0.0,118,-59.43635014228305,0.0,118,-12.413412931830713,0.0,120,-29.34706031508673,0.0,118,-42.166941275097145,0.0,0.0,0.0433735339629597,0.0433735339629597,0.0,-493384.50011453737,-493384.50011453737,710.0,710.0,156.14472226665487,0.0,553.8552777333451,0.0,0.0,710
156.10134873269192,0.0,-1561.0134873269192,0.0,0.0,0.0,-0.0,0.0,0.47997237932604736,265.83523545596245,799.2,0.0,553.8552777333451,1.0,888.0,-491823.48662721046,118,-19.344869342697116,0.0,118,-6.020084532838039,0.0,118,-18.7326172828385,0.0,118,-45.477502787296544,0.0,120,-56.41106525613047,0.0,118,-38.88911720808784,0.0,0.0,0.0433735339629597,0.0433735339629597,0.0,-493384.50011453737,-493384.50011453737,710.0,710.0,156.14472226665487,0.0,553.8552777333451,0.0,0.0,710
156.10134873269192,0.0,-1561.0134873269192,0.0,0.0,0.0,-0.0,0.0,0.47997237932604736,265.83523545596245,799.2,0.0,553.8552777333451,1.0,888.0,-491823.48662721046,118,-3.770759241899302,0.0,118,-28.552138375258444,0.0,118,-26.5292598752509,0.0,118,-39.70921104157741,0.0,120,-35.533003539092086,0.0,118,-57.266857244879034,0.0,0.0,0.0433735339629597,0.0433735339629597,0.0,-493384.50011453737,-493384.50011453737,710.0,710.0,156.14472226665487,0.0,553.8552777333451,0.0,0.0,710
156.10134873269192,0.0,-1561.0134873269192,0.0,0.0,0.0,-0.0,0.0,0.47997237932604736,265.83523545596245,799.2,0.0,553.8552777333451,1.0,888.0,-491823.48662721046,118,-12.34707450110908,0.0,118,-55.260444117238954,0.0,118,-34.2508668378926,0.0,118,-19.370146971678437,0.0,120,-3.2091223602044683,0.0,118,-7.708421539765091,0.0,0.0,0.0433735339629597,0.0433735339629597,0.0,-493384.50011453737,-493384.50011453737,710.0,710.0,156.14472226665487,0.0,553.8552777333451,0.0,0.0,710
156.10134873269192,0.0,-1561.0134873269192,0.0,0.0,0.0,-0.0,0.0,0.47997237932604736,265.83523545596245,799.2,0.0,553.8552777333451,1.0,888.0,-491823.48662721046,118,-11.863248444848926,0.0,118,-4.213132556588155,0.0,118,-16.19245038939097,0.0,118,-39.407946117655165,0.0,120,-28.591629191275164,0.0,118,-58.454113416640475,0.0,0.0,0.0433735339629597,0.0433735339629597,0.0,-493384.50011453737,-493384.50011453737,710.0,710.0,156.14472226665487,0.0,553.8552777333451,0.0,0.0,710
681.3008485618286,0.0,-6813.008485618286,0.0,0.0,0.0,-0.0,0.0,0.47997237932604736,13.683939875571609,799.2,0.0,28.5098486183432,1.0,888.0,-25316.74557308876,118,-12.332441044914923,0.0,118,-12.8028529144208,0.0,118,-1.5524625153154559,0.0,118,-44.41228984501934,0.0,120,-51.584896319833554,0.0,118,-36.929970360920834,0.0,0.0,0.189302819828238,0.189302819828238,0.0,-32129.754058707047,-32129.754058707047,710.0,710.0,681.4901513816568,0.0,28.5098486183432,0.0,0.0,710
681.3008485618286,0.0,-6813.008485618286,0.0,0.0,0.0,-0.0,0.0,0.47997237932604736,13.683939875571609,799.2,0.0,28.5098486183432,1.0,888.0,-25316.74557308876,118,-42.4656928629629,0.0,118,-17.856135580373294,0.0,118,-5.945705101194716,0.0,118,-43.97893989300929,0.0,120,-53.62943112726752,0.0,118,-19.12706424054783,0.0,0.0,0.189302819828238,0.189302819828238,0.0,-32129.754058707047,-32129.754058707047,710.0,710.0,681.4901513816568,0.0,28.5098486183432,0.0,0.0,710
681.3008485618286,0.0,-6813.008485618286,0.0,0.0,0.0,-0.0,0.0,0.47997237932604736,13.683939875571609,799.2,0.0,28.5098486183432,1.0,888.0,-25316.74557308876,118,-26.986629638229715,0.0,118,-9.328228576641447,0.0,118,-20.39329791519472,0.0,118,-22.22512883730879,0.0,120,-52.839895796655455,0.0,118,-5.5482624170543415,0.0,0.0,0.189302819828238,0.189302819828238,0.0,-32129.754058707047,-32129.754058707047,710.0,710.0,681.4901513816568,0.0,28.5098486183432,0.0,0.0,710
681.3008485618286,0.0,-6813.008485618286,0.0,0.0,0.0,-0.0,0.0,0.47997237932604736,13.683939875571609,799.2,0.0,28.5098486183432,1.0,888.0,-25316.74557308876,118,-57.439235032118376,0.0,118,-31.982276006938246,0.0,118,-58.92062322342541,0.0,118,-58.13679116832532,0.0,120,-44.933975903461466,0.0,118,-5.158083824165034,0.0,0.0,0.189302819828238,0.189302819828238,0.0,-32129.754058707047,-32129.754058707047,710.0,710.0,681.4901513816568,0.0,28.5098486183432,0.0,0.0,710
681.3008485618286,0.0,-6813.008485618286,0.0,0.0,0.0,-0.0,0.0,0.47997237932604736,13.683939875571609,799.2,0.0,28.5098486183432,1.0,888.0,-25316.74557308876,118,-3.5671216987797605,0.0,118,-7.947937255955431,0.0,118,-22.662561490389166,0.0,118,-42.02993615397291,0.0,120,-11.402989176069305,0.0,118,-25.08033443059429,0.0,0.0,0.189302819828238,0.189302819828238,0.0,-32129.754058707047,-32129.754058707047,710.0,710.0,681.4901513816568,0.0,28.5098486183432,0.0,0.0,710
681.3008485618286,0.0,-6813.008485618286,0.0,0.0,0.0,-0.0,0.0,0.47997237932604736,13.683939875571609,799.2,0.0,28.5098486183432,1.0,888.0,-25316.74557308876,118,-2.8150071983783898,0.0,118,-53.390253933074284,0.0,118,-35.850460830850444,0.0,118,-13.619822624058278,0.0,120,-53.17789374259918,0.0,118,-29.652530227031765,0.0,0.0,0.189302819828238,0.189302819828238,0.0,-32129.754058707047,-32129.754058707047,710.0,710.0,681.4901513816568,0.0,28.5098486183432,0.0,0.0,710
1240.9477971951576,0.0,-12409.477971951575,531.2926006953508,0.0,0.0,-0.0,0.0,0.47997237932604736,0.0,799.2,0.0,0.0,1.0,888.0,-0.0,118,-37.11282700383624,0.0,118,-59.98278999167225,0.0,118,-54.32833850427915,0.0,118,-15.080928046017718,0.0,120,-30.68440436780763,0.0,118,-7.1393895173648225,0.0,0.0,0.344803500193153,0.344803500193153,0.0,-12409.477971951575,-12409.477971951575,1241.2926006953508,1241.2926006953508,1241.2926006953508,0.0,0.0,531.2926006953508,0.0,710
1240.9477971951576,0.0,-12409.477971951575,531.2926006953508,478.1633406258157,0.0,-0.0,0.011590995579129171,0.47997237932604736,0.0,799.2,0.0,0.0,1.0,888.0,-0.0,118,-53.53310301731642,0.0,118,-50.868722688778846,0.0,118,-32.36279462826384,0.0,118,-59.749489121423665,0.0,120,-23.447088691185456,0.0,118,-26.1609706775191,0.0,0.0,0.344803500193153,0.344803500193153,0.0,-12409.477971951575,-12409.477971951575,1241.2926006953508,1241.2926006953508,1241.2926006953508,0.0,0.0,531.2926006953508,0.0,710
1240.9477971951576,0.0,-12409.477971951575,531.2926006953508,956.3266812516314,0.0,-0.0,0.023181991158258343,0.47997237932604736,0.0,799.2,0.0,0.0,1.0,888.0,-0.0,118,-41.349538276108284,0.0,118,-31.169816404307976,0.0,118,-0.08319971731168607,0.0,118,-35.62644978142939,0.0,120,-39.948109336461556,0.0,118,-23.7859243085364,0.0,0.0,0.344803500193153,0.344803500193153,0.0,-12409.477971951575,-12409.477971951575,1241.2926006953508,1241.2926006953508,1241.2926006953508,0.0,0.0,531.2926006953508,0.0,710
1240.9477971951576,0.0,-12409.477971951575,531.2926006953508,1434.4900218774471,0.0,-0.0,0.03477298673738752,0.47997237932604736,0.0,799.2,0.0,0.0,1.0,888.0,-0.0,118,-18.736470487171164,0.0,118,-17.773130685078634,0.0,118,-52.51619823181123,0.0,118,-27.334406116646864,0.0,120,-33.4807000245596,0.0,118,-0.7169437686776292,0.0,0.0,0.344803500193153,0.344803500193153,0.0,-12409.477971951575,-12409.477971951575,1241.2926006953508,1241.2926006953508,1241.2926006953508,0.0,0.0,531.2926006953508,0.0,710
1240.9477971951576,0.0,-12409.477971951575,531.2926006953508,1912.6533625032628,0.0,-0.0,0.046363982316516686,0.47997237932604736,0.0,799.2,0.0,0.0,1.0,888.0,-0.0,118,-30.255939593560402,0.0,118,-21.457340756885625,0.0,118,-49.202692501691516,0.0,118,-17.573650910843508,0.0,120,-1.763719352588835,0.0,118,-35.909569735286354,0.0,0.0,0.344803500193153,0.344803500193153,0.0,-12409.477971951575,-12409.477971951575,1241.2926006953508,1241.2926006953508,1241.2926006953508,0.0,0.0,531.2926006953508,0.0,710
1240.9477971951576,0.0,-12409.477971951575,531.2926006953508,2390.8167031290786,0.0,-0.0,0.05795497789564586,0.47997237932604736,0.0,799.2,0.0,0.0,1.0,888.0,-0.0,118,-38.043201970749614,0.0,118,-50.09571279332773,0.0,118,-50.96940392073086,0.0,118,-42.36355506796761,0.0,120,-51.55702338268388,0.0,118,-30.118958953430962,0.0,0.0,0.344803500193153,0.344803500193153,0.0,-12409.477971951575,-12409.477971951575,1241.2926006953508,1241.2926006953508,1241.2926006953508,0.0,0.0,531.2926006953508,0.0,710
1669.5587601533332,0.0,-16695.58760153333,960.0226553353707,2868.9800437548943,0.0,-0.0,0.06954597347477504,0.47997237932604736,0.0,799.2,0.0,0.0,1.0,888.0,-0.0,118,-50.295647360846914,0.0,118,-6.65385152218148,0.0,118,-19.971984219626243,0.0,118,-50.54127711616545,0.0,120,-45.78974490916391,0.0,118,-19.869736744532233,0.0,0.0,0.463895182037603,0.463895182037603,0.0,-16695.58760153333,-16695.58760153333,1670.0226553353707,1670.0226553353707,1670.0226553353707,0.0,0.0,960.0226553353707,0.0,710
1669.5587601533332,0.0,-16695.58760153333,960.0226553353707,3733.000433556728,0.0,-0.0,0.09049039908750219,0.47997237932604736,0.0,799.2,0.0,0.0,1.0,888.0,-0.0,118,-31.43234536774109,0.0,118,-17.92039032902389,0.0,118,-45.10559034125285,0.0,118,-38.55584665959862,0.0,120,-31.938025733848658,0.0,118,-57.86957656149442,0.0,0.0,0.463895182037603,0.463895182037603,0.0,-16695.58760153333,-16695.58760153333,1670.0226553353707,1670.0226553353707,1670.0226553353707,0.0,0.0,960.0226553353707,0.0,710
1669.5587601533332,0.0,-16695.58760153333,960.0226553353707,4597.020823358562,0.0,-0.0,0.11143482470022936,0.47997237932604736,0.0,799.2,0.0,0.0,1.0,888.0,-0.0,118,-16.477565789968487,0.0,118,-10.199540812260038,0.0,118,-52.28313600140778,0.0,118,-32.47857640557966,0.0,120,-26.181328073023234,0.0,118,-4.273388559994542,0.0,0.0,0.463895182037603,0.463895182037603,0.0,-16695.58760153333,-16695.58760153333,1670.0226553353707,1670.0226553353707,1670.0226553353707,0.0,0.0,960.0226553353707,0.0,710
1669.5587601533332,0.0,-16695.58760153333,960.0226553353707,5461.041213160395,0.0,-0.0,0.13237925031295653,0.47997237932604736,0.0,799.2,0.0,0.0,1.0,888.0,-0.0,118,-53.49959929276505,0.0,118,-53.80365557874111,0.0,118,-19.70645664819073,0.0,118,-36.83629040855189,0.0,120,-7.808197277166508,0.0,118,-47.37867933956754,0.0,0.0,0.463895182037603,0.463895182037603,0.0,-16695.58760153333,-16695.58760153333,1670.0226553353707,1670.0226553353707,1670.0226553353707,0.0,0.0,960.0226553353707,0.0,710
1669.5587601533332,0.0,-16695.58760153333,960.0226553353707,6325.061602962229,0.0,-0.0,0.1533236759256837,0.47997237932604736,0.0,799.2,0.0,0.0,1.0,888.0,-0.0,118,-27.65139757485317,0.0,118,-38.04836764856821,0.0,118,-35.104468860208065,0.0,118,-28.100056309549732,0.0,120,-51.49400226906922,0.0,118,-53.778987723252,0.0,0.0,0.463895182037603,0.463895182037603,0.0,-16695.58760153333,-16695.58760153333,1670.0226553353707,1670.0226553353707,1670.0226553353707,0.0,0.0,960.0226553353707,0.0,710
1669.5587601533332,0.0,-16695.58760153333,960.0226553353707,7189.081992764062,0.0,-0.0,0.17426810153841082,0.47997237932604736,0.0,799.2,0.0,0.0,1.0,888.0,-0.0,118,-54.277193642320384,0.0,118,-11.75937305053903,0.0,118,-53.562236181470524,0.0,118,-12.518928671033994,0.0,120,-1.681684113924391,0.0,118,-3.9597849831892673,0.0,0.0,0.463895182037603,0.463895182037603,0.0,-16695.58760153333,-16695.58760153333,1670.0226553353707,1670.0226553353707,1670.0226553353707,0.0,0.0,960.0226553353707,0.0,710
1933.634885440389,0.0,-19336.348854403892,1164.172155483579,8053.102382565896,0.0,-0.0,0.195212527151138,0.47997237932604736,0.0,799.2,0.0,0.0,1.0,888.0,-0.0,118,-30.96993085932686,0.0,180,-33.05127673614469,0.0,118,-46.77014949394064,0.0,118,-46.1201801192826,0.0,118,-4.505454550242762,0.0,118,-7.640598539985666,0.0,0.0,0.537270043189883,0.537270043189883,0.0,-19336.348854403892,-19336.348854403892,1934.172155483579,1934.172155483579,1934.172155483579,0.0,0.0,1164.172155483579,0.0,770
1933.634885440389,0.0,-19336.348854403892,1102.172155483579,9100.857322501117,0.0,-0.0,0.22061079976004452,0.47997237932604736,0.0,799.2,0.0,0.0,1.0,888.0,-0.0,118,-45.28880435070585,0.0,180,-56.71700092074535,0.0,118,-12.447797001808592,0.0,180,-15.117614574156526,0.0,118,-0.3804455064490764,0.0,118,-51.53583340602312,0.0,0.0,0.537270043189883,0.537270043189883,0.0,-19336.348854403892,-19336.348854403892,1934.172155483579,1934.172155483579,1934.172155483579,0.0,0.0,1102.172155483579,0.0,832
1933.634885440389,0.0,-19336.348854403892,1040.172155483579,10092.812262436339,0.0,-0.0,0.24465644346923468,0.47997237932604736,0.0,799.2,0.0,0.0,1.0,888.0,-0.0,180,-54.35453204738609,0.0,180,-40.0072982878602,0.0,118,-6.339730311527481,0.0,180,-47.510670720506845,0.0,118,-48.230240643250184,0.0,118,-20.61835643179019,0.0,0.0,0.537270043189883,0.537270043189883,0.0,-19336.348854403892,-19336.348854403892,1934.172155483579,1934.172155483579,1934.172155483579,0.0,0.0,1040.172155483579,0.0,894
1933.634885440389,0.0,-19336.348854403892,1040.172155483579,11028.96720237156,0.0,-0.0,0.26734945827870843,0.47997237932604736,0.0,799.2,0.0,0.0,1.0,888.0,-0.0,180,-45.52947892148078,0.0,180,-44.53599574160235,0.0,118,-30.276489737269575,0.0,180,-29.848230596284058,0.0,118,-14.376689346525025,0.0,118,-15.107466339393715,0.0,0.0,0.537270043189883,0.537270043189883,0.0,-19336.348854403892,-19336.348854403892,1934.172155483579,1934.172155483579,1934.172155483579,0.0,0.0,1040.172155483579,0.0,894
1933.634885440389,0.0,-19336.348854403892,1102.172155483579,11965.12214230678,0.0,-0.0,0.2900424730881822,0.47997237932604736,0.0,799.2,0.0,0.0,1.0,888.0,-0.0,180,-46.20656529868921,0.0,118,-29.447451295192117,0.0,118,-35.84066704767558,0.0,180,-10.70337283412572,0.0,118,-48.99859658795548,0.0,118,-30.83264324903783,0.0,0.0,0.537270043189883,0.537270043189883,0.0,-19336.348854403892,-19336.348854403892,1934.172155483579,1934.172155483579,1934.172155483579,0.0,0.0,1102.172155483579,0.0,832
1933.634885440389,0.0,-19336.348854403892,1040.172155483579,12957.077082242002,0.0,-0.0,0.31408811679737236,0.47997237932604736,0.0,799.2,0.0,0.0,1.0,888.0,-0.0,180,-59.10324092235598,0.0,180,-58.512853628191834,0.0,118,-46.046485054520865,0.0,180,-27.484123176746667,0.0,118,-4.758791231108774,0.0,118,-20.349267105223024,0.0,0.0,0.537270043189883,0.537270043189883,0.0,-19336.348854403892,-19336.348854403892,1934.172155483579,1934.172155483579,1934.172155483579,0.0,0.0,1040.172155483579,0.0,894
2029.4299061747633,0.0,-20294.29906174763,1135.99379333958,13893.232022177222,0.0,-0.0,0.3367811316068461,0.47997237932604736,0.0,799.2,0.0,0.0,1.0,888.0,-0.0,180,-32.63683950626828,0.0,180,-31.859145613722568,0.0,118,-6.303370307518854,0.0,180,-3.165355704167092,0.0,118,-29.212854842664846,0.0,118,-43.44507165820561,0.0,0.0,0.56388716481655,0.56388716481655,0.0,-20294.29906174763,-20294.29906174763,2029.99379333958,2029.99379333958,2029.99379333958,0.0,0.0,1135.99379333958,0.0,894
2029.4299061747633,0.0,-20294.29906174763,1135.99379333958,14915.626436182845,0.0,-0.0,0.3615646482966777,0.47997237932604736,0.0,799.2,0.0,0.0,1.0,888.0,-0.0,180,-15.13953089528679,0.0,180,-40.18535216600439,0.0,118,-19.70567776103334,0.0,180,-42.491864269205955,0.0,118,-17.44286722975005,0.0,118,-46.180491090954646,0.0,0.0,0.56388716481655,0.56388716481655,0.0,-20294.29906174763,-20294.29906174763,2029.99379333958,2029.99379333958,2029.99379333958,0.0,0.0,1135.99379333958,0.0,894
2029.4299061747633,0.0,-20294.29906174763,1135.99379333958,15938.020850188468,0.0,-0.0,0.3863481649865093,0.47997237932604736,0.0,799.2,0.0,0.0,1.0,888.0,-0.0,180,-23.13829248835023,0.0,180,-59.861873592986356,0.0,118,-17.00197234793217,0.0,180,-48.32421607839579,0.0,118,-19.36697766091834,0.0,118,-6.144435153825542,0.0,0.0,0.56388716481655,0.56388716481655,0.0,-20294.29906174763,-20294.29906174763,2029.99379333958,2029.99379333958,2029.99379333958,0.0,0.0,1135.99379333958,0.0,894
2029.4299061747633,0.0,-20294.29906174763,1135.99379333958,16960.41526419409,0.0,-0.0,0.41113168167634084,0.47997237932604736,0.0,799.2,0.0,0.0,1.0,888.0,-0.0,180,-29.059593381181102,0.0,180,-54.160775572285985,0.0,118,-54.327183491548965,0.0,180,-3.5509146271676917,0.0,118,-51.77131944662436,0.0,118,-23.078102227787646,0.0,0.0,0.56388716481655,0.56388716481655,0.0,-20294.29906174763,-20294.29906174763,2029.99379333958,2029.99379333958,2029.99379333958,0.0,0.0,1135.99379333958,0.0,894
2029.4299061747633,0.0,-20294.29906174763,1135.99379333958,17982.809678199712,0.0,-0.0,0.43591519836617243,0.47997237932604736,0.0,799.2,0.0,0.0,1.0,888.0,-0.0,180,-31.99302820659869,0.0,180,-2.518723812545629,0.0,118,-22.71507894620666,0.0,180,-57.15461092377717,0.0,118,-42.42192632332536,0.0,118,-20.506599357832783,0.0,0.0,0.56388716481655,0.56388716481655,0.0,-20294.29906174763,-20294.29906174763,2029.99379333958,2029.99379333958,2029.99379333958,0.0,0.0,1135.99379333958,0.0,894
2029.4299061747633,0.0,-20294.29906174763,1135.99379333958,19005.204092205335,0.0,-0.0,0.460698715056004,0.47997237932604736,0.0,799.2,0.0,0.0,1.0,888.0,-0.0,180,-11.011340064258032,0.0,180,-52.76341157672336,0.0,118,-33.128344925460055,0.0,180,-31.546660063253057,0.0,118,-43.647384660955126,0.0,118,-40.42184607920764,0.0,0.0,0.56388716481655,0.56388716481655,0.0,-20294.29906174763,-20294.29906174763,2029.99379333958,2029.99379333958,2029.99379333958,0.0,0.0,1135.99379333958,0.0,894
1928.0298845250888,0.0,-19280.298845250887,1096.5655971909753,20027.598506210958,0.0,-0.0,0.48548223174583566,0.47997237932604736,0.0,799.2,0.0,0.0,1.0,888.0,-0.0,180,-11.374867164128444,0.0,180,-34.675766849472275,0.0,118,-7.351826409517994,0.0,118,-34.41339212171502,0.0,118,-35.78590924022631,0.0,118,-25.92464246673908,0.0,0.0,0.535712665886382,0.535712665886382,0.0,-19280.298845250887,-19280.298845250887,1928.5655971909753,1928.5655971909753,1928.5655971909753,0.0,0.0,1096.5655971909753,0.0,832
1928.0298845250888,0.0,-19280.298845250887,1096.5655971909753,21014.507543682834,0.0,-0.0,0.5094055594425335,0.47997237932604736,0.0,799.2,0.0,0.0,1.0,888.0,-0.0,180,-58.116647164498204,0.0,180,-15.59788087948349,0.0,118,-3.257162653331891,0.0,118,-50.0385535179534,0.0,118,-9.654080492911373,0.0,118,-2.6080514811241096,0.0,0.0,0.535712665886382,0.535712665886382,0.0,-19280.298845250887,-19280.298845250887,1928.5655971909753,1928.5655971909753,1928.5655971909753,0.0,0.0,1096.5655971909753,0.0,832
1928.0298845250888,0.0,-19280.298845250887,1096.5655971909753,22001.41658115471,0.0,-0.0,0.5333288871392313,0.47997237932604736,0.0,799.2,0.0,0.0,1.0,888.0,-0.0,180,-30.26708981633996,0.0,180,-30.55300875957904,0.0,118,-14.83574984522579,0.0,118,-23.678096272242435,0.0,118,-25.721196500846737,0.0,118,-43.47029544903396,0.0,0.0,0.535712665886382,0.535712665886382,0.0,-19280.298845250887,-19280.298845250887,1928.5655971909753,1928.5655971909753,1928.5655971909753,0.0,0.0,1096.5655971909753,0.0,832
1928.0298845250888,0.0,-19280.298845250887,1096.5655971909753,22988.325618626586,0.0,-0.0,0.5572522148359291,0.47997237932604736,0.0,799.2,0.0,0.0,1.0,888.0,-0.0,180,-4.026754766073384,0.0,180,-55.08801665647724,0.0,118,-38.55242961530744,0.0,118,-13.65275054481095,0.0,118,-2.0721744109750007,0.0,118,-57.40060481528049,0.0,0.0,0.535712665886382,0.535712665886382,0.0,-19280.298845250887,-19280.298845250887,1928.5655971909753,1928.5655971909753,1928.5655971909753,0.0,0.0,1096.5655971909753,0.0,832
1928.0298845250888,0.0,-19280.298845250887,1096.5655971909753,23975.234656098462,0.0,-0.0,0.581175542532627,0.47997237932604736,0.0,799.2,0.0,0.0,1.0,888.0,-0.0,180,-55.27815560584934,0.0,180,-42.47831048691337,0.0,118,-18.57723514189719,0.0,118,-57.998598379783594,0.0,118,-25.46556279222443,0.0,118,-29.558775181572507,0.0,0.0,0.535712665886382,0.535712665886382,0.0,-19280.298845250887,-19280.298845250887,1928.5655971909753,1928.5655971909753,1928.5655971909753,0.0,0.0,1096.5655971909753,0.0,832
1928.0298845250888,0.0,-19280.298845250887,1096.5655971909753,24962.14369357034,0.0,-0.0,0.6050988702293248,0.47997237932604736,0.0,799.2,0.0,0.0,1.0,888.0,-0.0,180,-53.530000251374375,0.0,180,-3.443155712811059,0.0,118,-7.403505561408594,0.0,118,-46.544526408422065,0.0,118,-55.78702401578962,0.0,118,-5.744269341547012,0.0,0.0,0.535712665886382,0.535712665886382,0.0,-19280.298845250887,-19280.298845250887,1928.5655971909753,1928.5655971909753,1928.5655971909753,0.0,0.0,1096.5655971909753,0.0,832
1655.1868983702575,0.0,-16551.868983702574,823.6468002592185,25949.052731042215,0.0,-0.0,0.6290221979260228,0.47997237932604736,0.0,799.2,0.0,0.0,1.0,888.0,-0.0,180,-58.46559438972421,0.0,180,-39.790175474923934,0.0,118,-34.988874137107985,0.0,118,-14.072547967743855,0.0,118,-51.90750475349904,0.0,118,-2.3762608396769758,0.0,0.0,0.459901888960894,0.459901888960894,0.0,-16551.868983702574,-16551.868983702574,1655.6468002592185,1655.6468002592185,1655.6468002592185,0.0,0.0,823.6468002592185,0.0,832
1655.1868983702575,0.0,-16551.868983702574,823.6468002592185,26690.33485127551,0.0,-0.0,0.6469913667194025,0.47997237932604736,0.0,799.2,0.0,0.0,1.0,888.0,-0.0,180,-8.758137106214024,0.0,180,-43.60667770721358,0.0,118,-32.71339979830429,0.0,118,-39.076213398301306,0.0,118,-54.95154132556768,0.0,118,-9.783317957874297,0.0,0.0,0.459901888960894,0.459901888960894,0.0,-16551.868983702574,-16551.868983702574,1655.6468002592185,1655.6468002592185,1655.6468002592185,0.0,0.0,823.6468002592185,0.0,832
1655.1868983702575,0.0,-16551.868983702574,823.6468002592185,27431.616971508807,0.0,-0.0,0.6649605355127822,0.47997237932604736,0.0,799.2,0.0,0.0,1.0,888.0,-0.0,180,-50.85022855402313,0.0,180,-25.82384468702071,0.0,118,-12.068470105303621,0.0,118,-26.234379291101035,0.0,118,-30.99343073054171,0.0,118,-39.15247084426109,0.0,0.0,0.459901888960894,0.459901888960894,0.0,-16551.868983702574,-16551.868983702574,1655.6468002592185,1655.6468002592185,1655.6468002592185,0.0,0.0,823.6468002592185,0.0,832
1655.1868983702575,0.0,-16551.868983702574,823.6468002592185,28172.899091742103,0.0,-0.0,0.6829297043061621,0.47997237932604736,0.0,799.2,0.0,0.0,1.0,888.0,-0.0,180,-38.23355988631393,0.0,180,-19.71323283942286,0.0,118,-17.843086118496622,0.0,118,-34.4975829896332,0.0,118,-13.13687464299231,0.0,118,-42.15492031838217,0.0,0.0,0.459901888960894,0.459901888960894,0.0,-16551.868983702574,-16551.868983702574,1655.6468002592185,1655.6468002592185,1655.6468002592185,0.0,0.0,823.6468002592185,0.0,832
1655.1868983702575,0.0,-16551.868983702574,761.6468002592185,28914.1812119754,0.0,-0.0,0.7008988730995418,0.47997237932604736,0.0,799.2,0.0,0.0,1.0,888.0,-0.0,180,-34.87850476132167,0.0,180,-54.139424481565214,0.0,118,-48.60481866479519,0.0,118,-39.22167724718511,0.0,118,-0.3759066628196006,0.0,180,-23.52975547499537,0.0,0.0,0.459901888960894,0.459901888960894,0.0,-16551.868983702574,-16551.868983702574,1655.6468002592185,1655.6468002592185,1655.6468002592185,0.0,0.0,761.6468002592185,0.0,894
1655.1868983702575,0.0,-16551.868983702574,761.6468002592185,29599.663332208696,0.0,-0.0,0.7175154129932052,0.47997237932604736,0.0,799.2,0.0,0.0,1.0,888.0,-0.0,180,-52.84859011068291,0.0,180,-4.009213625701687,0.0,118,-48.84325619824757,0.0,118,-4.802409849965523,0.0,118,-33.038050222740324,0.0,180,-51.01704582399962,0.0,0.0,0.459901888960894,0.459901888960894,0.0,-16551.868983702574,-16551.868983702574,1655.6468002592185,1655.6468002592185,1655.6468002592185,0.0,0.0,761.6468002592185,0.0,894
1182.2488647745517,0.0,-11822.488647745518,288.57735848524203,30285.145452441993,0.0,-0.0,0.7341319528868687,0.47997237932604736,0.0,799.2,0.0,0.0,1.0,888.0,-0.0,180,-7.6235438817891925,0.0,180,-50.4944297433778,0.0,118,-54.4835757053077,0.0,118,-14.634153014892796,0.0,118,-56.66627778067719,0.0,180,-49.0512973674678,0.0,0.0,0.328493710690345,0.328493710690345,0.0,-11822.488647745518,-11822.488647745518,1182.577358485242,1182.577358485242,1182.577358485242,0.0,0.0,288.57735848524203,0.0,894
1182.2488647745517,0.0,-11822.488647745518,288.57735848524203,30544.865075078713,0.0,-0.0,0.7404277282883357,0.47997237932604736,0.0,799.2,0.0,0.0,1.0,888.0,-0.0,180,-22.180215691024255,0.0,180,-34.8220025025565,0.0,118,-44.78167436378371,0.0,118,-41.48044898648226,0.0,118,-56.526712855913274,0.0,180,-14.17321800500372,0.0,0.0,0.328493710690345,0.328493710690345,0.0,-11822.488647745518,-11822.488647745518,1182.577358485242,1182.577358485242,1182.577358485242,0.0,0.0,288.57735848524203,0.0,894
1182.2488647745517,0.0,-11822.488647745518,288.57735848524203,30804.584697715432,0.0,-0.0,0.7467235036898028,0.47997237932604736,0.0,799.2,0.0,0.0,1.0,888.0,-0.0,180,-48.47876155600992,0.0,180,-54.11956863770885,0.0,118,-53.889312843659525,0.0,118,-12.004602728803903,0.0,118,-23.958600878137705,0.0,180,-21.744279296598005,0.0,0.0,0.328493710690345,0.328493710690345,0.0,-11822.488647745518,-11822.488647745518,1182.577358485242,1182.577358485242,1182.577358485242,0.0,0.0,288.57735848524203,0.0,894
1182.2488647745517,0.0,-11822.488647745518,288.57735848524203,31064.304320352152,0.0,-0.0,0.7530192790912698,0.47997237932604736,0.0,799.2,0.0,0.0,1.0,888.0,-0.0,180,-21.985762528818313,0.0,180,-28.3858071669629,0.0,118,-54.751796867485226,0.0,118,-34.39761009706572,0.0,118,-54.29435852687147,0.0,180,-0.10924904068601471,0.0,0.0,0.328493710690345,0.328493710690345,0.0,-11822.488647745518,-11822.488647745518,1182.577358485242,1182.577358485242,1182.577358485242,0.0,0.0,288.57735848524203,0.0,894
1182.2488647745517,0.0,-11822.488647745518,288.57735848524203,31324.02394298887,0.0,-0.0,0.7593150544927368,0.47997237932604736,0.0,799.2,0.0,0.0,1.0,888.0,-0.0,180,-13.494225965875284,0.0,180,-28.620251358374148,0.0,118,-28.907976900901414,0.0,118,-26.50904488558109,0.0,118,-29.274090651043267,0.0,180,-2.3160504871849508,0.0,0.0,0.328493710690345,0.328493710690345,0.0,-11822.488647745518,-11822.488647745518,1182.577358485242,1182.577358485242,1182.577358485242,0.0,0.0,288.57735848524203,0.0,894
1182.2488647745517,0.0,-11822.488647745518,288.57735848524203,31583.74356562559,0.0,-0.0,0.7656108298942038,0.47997237932604736,0.0,799.2,0.0,0.0,1.0,888.0,-0.0,180,-44.919120894838365,0.0,180,-21.239192847171932,0.0,118,-21.825337034425804,0.0,118,-20.31240798250638,0.0,118,-46.35790378331626,0.0,180,-14.334266632247415,0.0,0.0,0.328493710690345,0.328493710690345,0.0,-11822.488647745518,-11822.488647745518,1182.577358485242,1182.577358485242,1182.577358485242,0.0,0.0,288.57735848524203,0.0,894
538.7841231827102,0.0,-5387.841231827102,0.0,31843.46318826231,355.06617297644993,-0.0,0.7719066052956709,0.47997237932604736,0.0,799.2,0.0,0.0,1.0,888.0,-0.0,180,-57.58139128898536,0.0,180,-9.708225227585105,0.0,118,-30.830143956867875,0.0,118,-21.528453191788497,0.0,118,-52.39689133804458,0.0,180,-12.321596256829427,0.0,0.0,0.149703840839875,0.149703840839875,0.0,-5387.841231827102,-5387.841231827102,894.0,894.0,538.9338270235501,0.0,355.06617297644993,0.0,0.0,894
538.7841231827102,0.0,-5387.841231827102,0.0,31448.945218288478,355.06617297644993,-0.0,0.7623432288145948,0.47997237932604736,0.0,799.2,0.0,0.0,1.0,888.0,-0.0,180,-29.40888980874284,0.0,180,-4.697143435063955,0.0,118,-18.76089131261821,0.0,118,-46.03069316446495,0.0,118,-31.620115073840864,0.0,180,-58.34674696122516,0.0,0.0,0.149703840839875,0.149703840839875,0.0,-5387.841231827102,-5387.841231827102,894.0,894.0,538.9338270235501,0.0,355.06617297644993,0.0,0.0,894
538.7841231827102,0.0,-5387.841231827102,0.0,31054.427248314645,355.06617297644993,-0.0,0.7527798523335186,0.47997237932604736,0.0,799.2,0.0,0.0,1.0,888.0,-0.0,180,-13.380720641089281,0.0,180,-3.680243621576773,0.0,118,-13.580206537859818,0.0,118,-19.34443145727371,0.0,118,-12.964531276933931,0.0,180,-7.954438650559026,0.0,0.0,0.149703840839875,0.149703840839875,0.0,-5387.841231827102,-5387.841231827102,894.0,894.0,538.9338270235501,0.0,355.06617297644993,0.0,0.0,894
538.7841231827102,0.0,-5387.841231827102,0.0,30659.909278340812,355.06617297644993,-0.0,0.7432164758524425,0.47997237932604736,0.0,799.2,0.0,0.0,1.0,888.0,-0.0,180,-37.0903529879471,0.0,180,-5.5722131380223905,0.0,118,-17.042681788214765,0.0,118,-21.724280639428017,0.0,118,-14.624800642050133,0.0,180,-13.417986698821503,0.0,0.0,0.149703840839875,0.149703840839875,0.0,-5387.841231827102,-5387.841231827102,894.0,894.0,538.9338270235501,0.0,355.06617297644993,0.0,0.0,894
538.7841231827102,0.0,-5387.841231827102,0.0,30265.39130836698,417.06617297644993,-0.0,0.7336530993713665,0.47997237932604736,0.0,799.2,0.0,0.0,1.0,888.0,-0.0,180,-47.919780977645125,0.0,180,-43.31657720592808,0.0,118,-48.81431924494444,0.0,180,-45.77216644817975,0.0,118,-51.08216468787145,0.0,180,-3.683444832401108,0.0,0.0,0.149703840839875,0.149703840839875,0.0,-5387.841231827102,-5387.841231827102,956.0,956.0,538.9338270235501,0.0,417.06617297644993,0.0,0.0,956
538.7841231827102,0.0,-5387.841231827102,0.0,29801.984449504256,417.06617297644993,-0.0,0.7224198106684182,0.47997237932604736,0.0,799.2,0.0,0.0,1.0,888.0,-0.0,180,-4.060952198305577,0.0,180,-40.44142257288194,0.0,118,-35.38062359022728,0.0,180,-27.182854020700788,0.0,118,-51.73904869160119,0.0,180,-34.32627688723162,0.0,0.0,0.149703840839875,0.149703840839875,0.0,-5387.841231827102,-5387.841231827102,956.0,956.0,538.9338270235501,0.0,417.06617297644993,0.0,0.0,956
20.09687959218323,0.0,-200.9687959218323,0.0,29338.577590641533,935.8975363901474,-0.0,0.7111865219654699,0.47997237932604736,0.0,799.2,0.0,0.0,1.0,888.0,-0.0,180,-17.136785216327784,0.0,180,-4.370032441769036,0.0,118,-14.96447552809537,0.0,180,-12.571902739445964,0.0,118,-3.3303980232478003,0.0,180,-48.669855605170014,0.0,0.0,0.0055840176694035,0.0055840176694035,0.0,-200.9687959218323,-200.9687959218323,956.0,956.0,20.102463609852634,0.0,935.8975363901474,0.0,0.0,956
20.09687959218323,0.0,-200.9687959218323,0.0,28298.691439096925,935.8975363901474,-0.0,0.6859789939906655,0.47997237932604736,0.0,799.2,0.0,0.0,1.0,888.0,-0.0,180,-19.294446811648818,0.0,180,-31.955794197022986,0.0,118,-53.811288476102774,0.0,180,-31.092200745165023,0.0,118,-25.396317956003035,0.0,180,-21.22390415831604,0.0,0.0,0.0055840176694035,0.0055840176694035,0.0,-200.9687959218323,-200.9687959218323,956.0,956.0,20.102463609852634,0.0,935.8975363901474,0.0,0.0,956
20.09687959218323,0.0,-200.9687959218323,0.0,27258.805287552317,935.8975363901474,-0.0,0.6607714660158611,0.47997237932604736,0.0,799.2,0.0,0.0,1.0,888.0,-0.0,180,-29.309370204058798,0.0,180,-27.884795781601728,0.0,118,-14.913989356344945,0.0,180,-23.8106297858761,0.0,118,-52.03077735100274,0.0,180,-31.19739817403715,0.0,0.0,0.0055840176694035,0.0055840176694035,0.0,-200.9687959218323,-200.9687959218323,956.0,956.0,20.102463609852634,0.0,935.8975363901474,0.0,0.0,956
20.09687959218323,0.0,-200.9687959218323,0.0,26218.91913600771,873.8975363901474,-0.0,0.6355639380410566,0.47997237932604736,0.0,799.2,0.0,0.0,1.0,888.0,-0.0,180,-55.36572582421942,0.0,180,-37.19222752570961,0.0,118,-59.09076059833096,0.0,180,-6.170550776196803,0.0,118,-57.444720018698845,0.0,118,-11.575359141079726,0.0,0.0,0.0055840176694035,0.0055840176694035,0.0,-200.9687959218323,-200.9687959218323,894.0,894.0,20.102463609852634,0.0,873.8975363901474,0.0,0.0,894
20.09687959218323,0.0,-200.9687959218323,0.0,25247.92187335199,873.8975363901474,-0.0,0.6120263222881243,0.47997237932604736,0.0,799.2,0.0,0.0,1.0,888.0,-0.0,180,-36.64566279094608,0.0,180,-58.41038233972223,0.0,118,-50.84278507665012,0.0,180,-52.854425441839744,0.0,118,-2.833663329950329,0.0,118,-57.26698845995262,0.0,0.0,0.0055840176694035,0.0055840176694035,0.0,-200.9687959218323,-200.9687959218323,894.0,894.0,20.102463609852634,0.0,873.8975363901474,0.0,0.0,894
20.09687959218323,0.0,-200.9687959218323,0.0,24276.924610696267,873.8975363901474,-0.0,0.5884887065351918,0.47997237932604736,0.0,799.2,0.0,0.0,1.0,888.0,-0.0,180,-30.97133867516511,0.0,180,-1.3702202148374276,0.0,118,-21.18606103584447,0.0,180,-19.811688432108078,0.0,118,-51.38723584965853,0.0,118,-20.428450729443338,0.0,0.0,0.0055840176694035,0.0055840176694035,0.0,-200.9687959218323,-200.9687959218323,894.0,894.0,20.102463609852634,0.0,873.8975363901474,0.0,0.0,894
0.0,0.0,-0.0,0.0,23305.927348040546,894.0,-0.0,0.5649510907822594,0.47997237932604736,0.0,799.2,0.0,0.0,1.0,888.0,-0.0,180,-26.71850364689657,0.0,180,-31.95247222994544,0.0,118,-46.65410919545307,0.0,180,-15.459939067598798,0.0,118,-48.22968463847431,0.0,118,-42.901370559592046,0.0,0.0,0.0,0.0,0.0,0.0,0.0,894.0,894.0,0.0,0.0,894.0,0.0,0.0,894
0.0,0.0,-0.0,0.0,22312.594014707214,894.0,-0.0,0.5408720339055878,0.47997237932604736,0.0,799.2,0.0,0.0,1.0,888.0,-0.0,180,-6.645987548703207,0.0,180,-2.5213698275806684,0.0,118,-10.677470894962127,0.0,180,-2.702668047778851,0.0,118,-33.143836052350075,0.0,118,-5.264624230958191,0.0,0.0,0.0,0.0,0.0,0.0,0.0,894.0,894.0,0.0,0.0,894.0,0.0,0.0,894
0.0,0.0,-0.0,0.0,21319.260681373882,894.0,-0.0,0.5167929770289162,0.47997237932604736,0.0,799.2,0.0,0.0,1.0,888.0,-0.0,180,-14.12229338537655,0.0,180,-50.5614736458999,0.0,118,-27.524182986156653,0.0,180,-33.63975663112995,0.0,118,-2.9474291610739867,0.0,118,-50.002326823571664,0.0,0.0,0.0,0.0,0.0,0.0,0.0,894.0,894.0,0.0,0.0,894.0,0.0,0.0,894
0.0,0.0,-0.0,0.0,20325.92734804055,894.0,-0.0,0.4927139201522447,0.47997237932604736,0.0,799.2,0.0,0.0,1.0,888.0,-0.0,180,-29.098758793630807,0.0,180,-30.31736010197132,0.0,118,-50.413044149199344,0.0,180,-59.379382397030774,0.0,118,-41.81143351976375,0.0,118,-24.997683982083302,0.0,0.0,0.0,0.0,0.0,0.0,0.0,894.0,894.0,0.0,0.0,894.0,0.0,0.0,894
0.0,0.0,-0.0,0.0,19332.594014707218,894.0,-0.0,0.46863486327557313,0.47997237932604736,0.0,799.2,0.0,0.0,1.0,888.0,-0.0,180,-47.2802682628997,0.0,180,-51.01420849714163,0.0,118,-8.379481740298969,0.0,180,-16.001281314032823,0.0,118,-7.216519715926419,0.0,118,-57.409434591321116,0.0,0.0,0.0,0.0,0.0,0.0,0.0,894.0,894.0,0.0,0.0,894.0,0.0,0.0,894
0.0,0.0,-0.0,0.0,18339.260681373886,894.0,-0.0,0.4445558063989016,0.47997237932604736,0.0,799.2,0.0,0.0,1.0,888.0,-0.0,180,-55.976245156487295,0.0,180,-8.120456584638836,0.0,118,-9.430960441628988,0.0,180,-6.054785822480047,0.0,118,-33.54828327309608,0.0,118,-50.53425793884504,0.0,0.0,0.0,0.0,0.0,0.0,0.0,894.0,894.0,0.0,0.0,894.0,0.0,0.0,894
0.0,0.0,-0.0,0.0,17345.927348040554,894.0,-0.0,0.42047674952222996,0.47997237932604736,0.0,799.2,0.0,0.0,1.0,888.0,-0.0,180,-36.72458352972947,0.0,180,-26.078196972447845,0.0,118,-25.505405423094718,0.0,180,-52.089719058292275,0.0,118,-43.15511214676154,0.0,118,-48.341653864170304,0.0,0.0,0.0,0.0,0.0,0.0,0.0,894.0,894.0,0.0,0.0,894.0,0.0,0.0,894
0.0,0.0,-0.0,0.0,16352.59401470722,956.0,-0.0,0.39639769264555835,0.47997237932604736,0.0,799.2,0.0,0.0,1.0,888.0,-0.0,180,-15.351130879499992,0.0,180,-3.3014199170405223,0.0,118,-1.4541675110798535,0.0,180,-59.21254542043661,0.0,180,-22.372332838496472,0.0,118,-33.35235740449389,0.0,0.0,0.0,0.0,0.0,0.0,0.0,956.0,956.0,0.0,0.0,956.0,0.0,0.0,956
0.0,0.0,-0.0,0.0,15290.371792484997,956.0,-0.0,0.37064872354701467,0.47997237932604736,0.0,799.2,0.0,0.0,1.0,888.0,-0.0,180,-53.3394413433425,0.0,180,-35.49586284403873,0.0,118,-10.739864209123805,0.0,180,-12.149204185933009,0.0,180,-29.535448992188066,0.0,118,-28.240357029911504,0.0,0.0,0.0,0.0,0.0,0.0,0.0,956.0,956.0,0.0,0.0,956.0,0.0,0.0,956
0.0,0.0,-0.0,0.0,14228.149570262774,956.0,-0.0,0.344899754448471,0.47997237932604736,0.0,799.2,0.0,0.0,1.0,888.0,-0.0,180,-31.396689325649334,0.0,180,-21.193707827225165,0.0,118,-17.05587841994451,0.0,180,-17.032808644032137,0.0,180,-33.57195483303582,0.0,118,-58.011259617411184,0.0,0.0,0.0,0.0,0.0,0.0,0.0,956.0,956.0,0.0,0.0,956.0,0.0,0.0,956
0.0,0.0,-0.0,0.0,13165.927348040552,956.0,-0.0,0.3191507853499273,0.47997237932604736,0.0,799.2,0.0,0.0,1.0,888.0,-0.0,180,-23.708844025154594,0.0,180,-52.46215599540514,0.0,118,-52.23699867398252,0.0,180,-39.968187954436424,0.0,180,-32.26827295314605,0.0,118,-19.927561363688092,0.0,0.0,0.0,0.0,0.0,0.0,0.0,956.0,956.0,0.0,0.0,956.0,0.0,0.0,956
0.0,0.0,-0.0,0.0,12103.70512581833,956.0,-0.0,0.2934018162513836,0.47997237932604736,0.0,799.2,0.0,0.0,1.0,888.0,-0.0,180,-35.41385040624141,0.0,180,-34.003101769543875,0.0,118,-18.090683861348708,0.0,180,-43.01080839913588,0.0,180,-3.3127736089017334,0.0,118,-57.87596102588502,0.0,0.0,0.0,0.0,0.0,0.0,0.0,956.0,956.0,0.0,0.0,956.0,0.0,0.0,956
0.0,0.0,-0.0,0.0,11041.482903596107,956.0,-0.0,0.26765284715283993,0.47997237932604736,0.0,799.2,0.0,0.0,1.0,888.0,-0.0,180,-0.5265007515029452,0.0,180,-1.4879919925262786,0.0,118,-32.69070983007232,0.0,180,-44.86179132628312,0.0,180,-37.69958295903301,0.0,118,-33.60703694610882,0.0,0.0,0.0,0.0,0.0,0.0,0.0,956.0,956.0,0.0,0.0,956.0,0.0,0.0,956
0.0,0.0,-0.0,0.0,9979.260681373884,956.0,-0.0,0.24190387805429628,0.47997237932604736,0.0,799.2,0.0,0.0,1.0,888.0,-0.0,180,-31.989462736440213,0.0,180,-53.64142295244634,0.0,118,-52.37637135903953,0.0,180,-15.157390523699208,0.0,180,-43.92875201737334,0.0,118,-50.99115419913775,0.0,0.0,0.0,0.0,0.0,0.0,0.0,956.0,956.0,0.0,0.0,956.0,0.0,0.0,956
0.0,0.0,-0.0,0.0,8917.038459151661,956.0,-0.0,0.2161549089557526,0.47997237932604736,0.0,799.2,0.0,0.0,1.0,888.0,-0.0,180,-37.81768334978726,0.0,180,-22.3418854669353,0.0,118,-48.28306361799143,0.0,180,-58.42963056341546,0.0,180,-7.940807115443591,0.0,118,-18.870757222922933,0.0,0.0,0.0,0.0,0.0,0.0,0.0,956.0,956.0,0.0,0.0,956.0,0.0,0.0,956
0.0,0.0,-0.0,0.0,7854.816236929439,956.0,-0.0,0.1904059398572089,0.47997237932604736,0.0,799.2,0.0,0.0,1.0,888.0,-0.0,180,-16.84542742622611,0.0,180,-51.97082050983054,0.0,118,-59.40859946078,0.0,180,-11.920633859936325,0.0,180,-30.43415870497804,0.0,118,-53.003030257504776,0.0,0.0,0.0,0.0,0.0,0.0,0.0,956.0,956.0,0.0,0.0,956.0,0.0,0.0,956
0.0,0.0,-0.0,0.0,6792.594014707216,956.0,-0.0,0.1646569707586652,0.47997237932604736,0.0,799.2,0.0,0.0,1.0,888.0,-0.0,180,-39.190450940059364,0.0,180,-17.371576696463894,0.0,118,-45.277870186549116,0.0,180,-36.68317640986529,0.0,180,-9.869327253270075,0.0,118,-40.07773921696385,0.0,0.0,0.0,0.0,0.0,0.0,0.0,956.0,956.0,0.0,0.0,956.0,0.0,0.0,956
0.0,0.0,-0.0,0.0,5730.371792484993,894.0,-0.0,0.13890800166012152,0.47997237932604736,0.0,799.2,0.0,0.0,1.0,888.0,-0.0,180,-9.46843220403304,0.0,180,-52.79744500832772,0.0,118,-21.183462987943948,0.0,180,-23.70033720935187,0.0,118,-51.11345908536838,0.0,118,-54.605041812723854,0.0,0.0,0.0,0.0,0.0,0.0,0.0,894.0,894.0,0.0,0.0,894.0,0.0,0.0,894
0.0,0.0,-0.0,0.0,4737.03845915166,894.0,-0.0,0.11482894478344995,0.47997237932604736,0.0,799.2,0.0,0.0,1.0,888.0,-0.0,180,-14.914160875349818,0.0,180,-15.299248904047154,0.0,118,-45.437117503097454,0.0,180,-13.12162737834014,0.0,118,-45.75226842066676,0.0,118,-36.910024420831334,0.0,0.0,0.0,0.0,0.0,0.0,0.0,894.0,894.0,0.0,0.0,894.0,0.0,0.0,894
0.0,0.0,-0.0,0.0,3743.7051258183274,894.0,-0.0,0.09074988790677835,0.47997237932604736,0.0,799.2,0.0,0.0,1.0,888.0,-0.0,180,-22.162876606393525,0.0,180,-55.32211382007975,0.0,118,-58.3948549769343,0.0,180,-0.5242653064507841,0.0,118,-44.3610109879029,0.0,118,-47.20471167121736,0.0,0.0,0.0,0.0,0.0,0.0,0.0,894.0,894.0,0.0,0.0,894.0,0.0,0.0,894
0.0,0.0,-0.0,0.0,2750.3717924849943,894.0,-0.0,0.06667083103010676,0.47997237932604736,0.0,799.2,0.0,0.0,1.0,888.0,-0.0,180,-13.092422376670909,0.0,180,-56.06426450573265,0.0,118,-18.90732162090474,0.0,180,-25.64548609353174,0.0,118,-51.4597593331824,0.0,118,-6.7299702879821455,0.0,0.0,0.0,0.0,0.0,0.0,0.0,894.0,894.0,0.0,0.0,894.0,0.0,0.0,894
0.0,0.0,-0.0,0.0,1757.038459151661,894.0,-0.0,0.04259177415343517,0.47997237932604736,0.0,799.2,0.0,0.0,1.0,888.0,-0.0,180,-3.455904548309201,0.0,180,-38.71304158754271,0.0,118,-48.77049885312013,0.0,180,-50.09181898181237,0.0,118,-4.13046909864528,0.0,118,-49.486021297927394,0.0,0.0,0.0,0.0,0.0,0.0,0.0,894.0,894.0,0.0,0.0,894.0,0.0,0.0,894
0.0,0.0,-0.0,0.0,763.7051258183278,687.3346132364951,-0.0,0.018512717276763575,0.47997237932604736,99.19367740921726,799.2,0.0,206.6653867635049,1.0,888.0,-183518.86344599235,180,-40.65427451725234,0.0,180,-12.878038350026195,0.0,118,-0.4062944928748946,0.0,180,-3.22531328309156,0.0,118,-18.104063815948845,0.0,118,-20.021955457060344,0.0,0.0,0.0,0.0,0.0,-183518.86344599235,-183518.86344599235,894.0,894.0,0.0,0.0,894.0,0.0,0.0,894
0.0,0.0,-0.0,0.0,0.0,0.0,-0.0,0.0,0.47997237932604736,429.09530711748636,799.2,0.0,894.0,1.0,888.0,-793872.0,180,-28.455462419343707,0.0,180,-0.5297449122390008,0.0,118,-38.41014024719264,0.0,180,-47.587364127831044,0.0,118,-6.457404388916162,0.0,118,-30.56718688120716,0.0,0.0,0.0,0.0,0.0,-793872.0,-793872.0,894.0,894.0,0.0,0.0,894.0,0.0,0.0,894
0.0,0.0,-0.0,0.0,0.0,0.0,-0.0,0.0,0.47997237932604736,399.3370195992714,799.2,0.0,832.0,1.0,888.0,-738816.0,180,-2.041664305621027,0.0,180,-53.34866957534692,0.0,118,-2.933172104313484,0.0,118,-21.945685104773347,0.0,118,-28.96299263569373,0.0,118,-5.237583418067626,0.0,0.0,0.0,0.0,0.0,-738816.0,-738816.0,832.0,832.0,0.0,0.0,832.0,0.0,0.0,832
0.0,0.0,-0.0,0.0,0.0,0.0,-0.0,0.0,0.47997237932604736,369.57873208105644,799.2,0.0,770.0,1.0,888.0,-683760.0,180,-38.067320998342225,0.0,118,-56.95216940886327,0.0,118,-52.00669474301796,0.0,118,-3.4688655826737813,0.0,118,-37.16664606757911,0.0,118,-20.353026706886197,0.0,0.0,0.0,0.0,0.0,-683760.0,-683760.0,770.0,770.0,0.0,0.0,770.0,0.0,0.0,770
0.0,0.0,-0.0,0.0,0.0,0.0,-0.0,0.0,0.47997237932604736,369.57873208105644,799.2,0.0,770.0,1.0,888.0,-683760.0,180,-23.27113048658001,0.0,118,-21.21699082712157,0.0,118,-47.29783187162751,0.0,118,-40.25459027372461,0.0,118,-31.97708433150051,0.0,118,-7.606271316281883,0.0,0.0,0.0,0.0,0.0,-683760.0,-683760.0,770.0,770.0,0.0,0.0,770.0,0.0,0.0,770
0.0,0.0,-0.0,0.0,0.0,0.0,-0.0,0.0,0.47997237932604736,369.57873208105644,799.2,0.0,770.0,1.0,888.0,-683760.0,180,-36.93068985870103,0.0,118,-33.92234646384803,0.0,118,-2.199290454139118,0.0,118,-23.57050461203556,0.0,118,-27.072102339532037,0.0,118,-24.94893483950673,0.0,0.0,0.0,0.0,0.0,-683760.0,-683760.0,770.0,770.0,0.0,0.0,770.0,0.0,0.0,770
0.0,0.0,-0.0,0.0,0.0,0.0,-0.0,0.0,0.47997237932604736,369.57873208105644,799.2,0.0,770.0,1.0,888.0,-683760.0,180,-58.681340338959615,0.0,118,-59.47994237876068,0.0,118,-7.0255136863160565,0.0,118,-26.46866183384646,0.0,118,-1.5869269037327527,0.0,118,-19.702805869081303,0.0,0.0,0.0,0.0,0.0,-683760.0,-683760.0,770.0,770.0,0.0,0.0,770.0,0.0,0.0,770
0.0,0.0,-0.0,0.0,0.0,0.0,-0.0,0.0,0.47997237932604736,369.57873208105644,799.2,0.0,770.0,1.0,888.0,-683760.0,180,-47.35685276351721,0.0,118,-9.566919675168826,0.0,118,-51.27553284394301,0.0,118,-55.71986921505888,0.0,118,-19.649176245308702,0.0,118,-44.30135767973681,0.0,0.0,0.0,0.0,0.0,-683760.0,-683760.0,770.0,770.0,0.0,0.0,770.0,0.0,0.0,770
0.0,0.0,-0.0,0.0,0.0,0.0,-0.0,0.0,0.47997237932604736,369.57873208105644,799.2,0.0,770.0,1.0,888.0,-683760.0,180,-0.3336498195398674,0.0,118,-42.1986688241431,0.0,118,-34.65836628590793,0.0,118,-29.484030448775098,0.0,118,-24.531463646215762,0.0,118,-53.94397721257167,0.0,0.0,0.0,0.0,0.0,-683760.0,-683760.0,770.0,770.0,0.0,0.0,770.0,0.0,0.0,770
0.0,0.0,-0.0,0.0,0.0,0.0,-0.0,0.0,0.47997237932604736,369.57873208105644,799.2,0.0,770.0,1.0,888.0,-683760.0,180,-55.02151608651371,0.0,118,-13.503353992069602,0.0,118,-3.2261129176744885,0.0,118,-58.58665378320657,0.0,118,-15.148830164563915,0.0,118,-7.202541986267099,0.0,0.0,0.0,0.0,0.0,-683760.0,-683760.0,770.0,770.0,0.0,0.0,770.0,0.0,0.0,770
0.0,0.0,-0.0,0.0,0.0,0.0,-0.0,0.0,0.47997237932604736,369.57873208105644,799.2,0.0,770.0,1.0,888.0,-683760.0,180,-28.81028149603434,0.0,118,-24.943674069123418,0.0,118,-49.60052063554826,0.0,118,-15.360910157758987,0.0,118,-19.6363405012734,0.0,118,-5.795130186066428,0.0,0.0,0.0,0.0,0.0,-683760.0,-683760.0,770.0,770.0,0.0,0.0,770.0,0.0,0.0,770
0.0,0.0,-0.0,0.0,0.0,0.0,-0.0,0.0,0.47997237932604736,369.57873208105644,799.2,0.0,770.0,1.0,888.0,-683760.0,180,-57.86761926307917,0.0,118,-43.41006220054106,0.0,118,-20.52461815735624,0.0,118,-38.79805505117089,0.0,118,-22.924907165984305,0.0,118,-16.020881861348528,0.0,0.0,0.0,0.0,0.0,-683760.0,-683760.0,770.0,770.0,0.0,0.0,770.0,0.0,0.0,770
0.0,0.0,-0.0,0.0,0.0,0.0,-0.0,0.0,0.47997237932604736,369.57873208105644,799.2,0.0,770.0,1.0,888.0,-683760.0,180,-5.581100287499217,0.0,118,-47.084802991322135,0.0,118,-51.49136289693385,0.0,118,-40.88511481540855,0.0,118,-9.782118595196511,0.0,118,-9.734302056453657,0.0,0.0,0.0,0.0,0.0,-683760.0,-683760.0,770.0,770.0,0.0,0.0,770.0,0.0,0.0,770
0.0,0.0,-0.0,0.0,0.0,0.0,-0.0,0.0,0.47997237932604736,340.7803893214936,799.2,0.0,710.0,1.0,888.0,-630480.0,120,-52.70667215622258,0.0,118,-47.5469151618601,0.0,118,-1.606480244890025,0.0,118,-39.17227362186907,0.0,118,-5.375047040855332,0.0,118,-15.13225116837721,0.0,0.0,0.0,0.0,0.0,-630480.0,-630480.0,710.0,710.0,0.0,0.0,710.0,0.0,0.0,710
0.0,0.0,-0.0,0.0,0.0,0.0,-0.0,0.0,0.47997237932604736,340.7803893214936,799.2,0.0,710.0,1.0,888.0,-630480.0,120,-24.471539512629587,0.0,118,-16.18723200172809,0.0,118,-56.52875109578067,0.0,118,-11.654629657245511,0.0,118,-14.832789852265805,0.0,118,-44.696723496417306,0.0,0.0,0.0,0.0,0.0,-630480.0,-630480.0,710.0,710.0,0.0,0.0,710.0,0.0,0.0,710
0.0,0.0,-0.0,0.0,0.0,0.0,-0.0,0.0,0.47997237932604736,341.7403340801457,799.2,0.0,712.0,1.0,888.0,-632256.0,120,-47.40823951070372,0.0,118,-22.153255569547884,0.0,118,-17.796612970297506,0.0,118,-50.41622376595406,0.0,118,-36.338346257884766,0.0,120,-37.645997008283935,0.0,0.0,0.0,0.0,0.0,-632256.0,-632256.0,712.0,712.0,0.0,0.0,712.0,0.0,0.0,712
0.0,0.0,-0.0,0.0,0.0,0.0,-0.0,0.0,0.47997237932604736,341.7403340801457,799.2,0.0,712.0,1.0,888.0,-632256.0,120,-41.028822343360346,0.0,118,-30.158094698825263,0.0,118,-11.753768204581698,0.0,118,-17.799317630528783,0.0,118,-44.81288024316104,0.0,120,-15.872160283221707,0.0,0.0,0.0,0.0,0.0,-632256.0,-632256.0,712.0,712.0,0.0,0.0,712.0,0.0,0.0,712
0.0,0.0,-0.0,0.0,0.0,0.0,-0.0,0.0,0.47997237932604736,341.7403340801457,799.2,0.0,712.0,1.0,888.0,-632256.0,120,-0.9120267716171426,0.0,118,-7.793979147390296,0.0,118,-40.61085185986057,0.0,118,-46.26349214294811,0.0,118,-5.091197868056612,0.0,120,-50.196079872878194,0.0,0.0,0.0,0.0,0.0,-632256.0,-632256.0,712.0,712.0,0.0,0.0,712.0,0.0,0.0,712
0.0,0.0,-0.0,0.0,0.0,0.0,-0.0,0.0,0.47997237932604736,341.7403340801457,799.2,0.0,712.0,1.0,888.0,-632256.0,120,-15.723146730364013,0.0,118,-20.80928950624742,0.0,118,-0.9003839910899658,0.0,118,-35.86568964796368,0.0,118,-21.02784697096623,0.0,120,-16.56174047954621,0.0,0.0,0.0,0.0,0.0,-632256.0,-632256.0,712.0,712.0,0.0,0.0,712.0,0.0,0.0,712
0.0,0.0,-0.0,0.0,0.0,0.0,-0.0,0.0,0.47997237932604736,341.7403340801457,799.2,0.0,712.0,1.0,888.0,-632256.0,120,-38.47778091357215,0.0,118,-41.46668518197627,0.0,118,-26.27486774270976,0.0,118,-47.800980676089075,0.0,118,-21.27671490390445,0.0,120,-34.993955133305455,0.0,0.0,0.0,0.0,0.0,-632256.0,-632256.0,712.0,712.0,0.0,0.0,712.0,0.0,0.0,712
0.0,0.0,-0.0,0.0,0.0,0.0,-0.0,0.0,0.47997237932604736,341.7403340801457,799.2,0.0,712.0,1.0,888.0,-632256.0,120,-44.61636373319824,0.0,118,-55.92745515612024,0.0,118,-35.7128584280297,0.0,118,-14.947175753043071,0.0,118,-37.543772752943056,0.0,120,-32.720858157874595,0.0,0.0,0.0,0.0,0.0,-632256.0,-632256.0,712.0,712.0,0.0,0.0,712.0,0.0,0.0,712
0.0,0.0,-0.0,0.0,0.0,0.0,-0.0,0.0,0.47997237932604736,341.7403340801457,799.2,0.0,712.0,1.0,888.0,-632256.0,120,-1.102338780567258,0.0,118,-13.368962518323064,0.0,118,-18.239956712832733,0.0,118,-56.48889106187283,0.0,118,-19.87150912230178,0.0,120,-25.926184063948106,0.0,0.0,0.0,0.0,0.0,-632256.0,-632256.0,712.0,712.0,0.0,0.0,712.0,0.0,0.0,712
0.0,0.0,-0.0,0.0,0.0,0.0,-0.0,0.0,0.47997237932604736,341.7403340801457,799.2,0.0,712.0,1.0,888.0,-632256.0,120,-35.87321282211058,0.0,118,-39.37697032382118,0.0,118,-54.54357854608484,0.0,118,-15.639838718761318,0.0,118,-56.50975918173244,0.0,120,-27.83112889108304,0.0,0.0,0.0,0.0,0.0,-632256.0,-632256.0,712.0,712.0,0.0,0.0,712.0,0.0,0.0,712
0.0,0.0,-0.0,0.0,0.0,0.0,-0.0,0.0,0.47997237932604736,341.7403340801457,799.2,0.0,712.0,1.0,888.0,-632256.0,120,-35.453204083432965,0.0,118,-32.724194511238345,0.0,118,-26.868993955789115,0.0,118,-30.751650139624992,0.0,118,-18.995462266528083,0.0,120,-54.08282286073451,0.0,0.0,0.0,0.0,0.0,-632256.0,-632256.0,712.0,712.0,0.0,0.0,712.0,0.0,0.0,712
0.0,0.0,-0.0,0.0,0.0,0.0,-0.0,0.0,0.47997237932604736,341.7403340801457,799.2,0.0,712.0,1.0,888.0,-632256.0,120,-49.93598991838209,0.0,118,-57.23690872997467,0.0,118,-29.580367495461843,0.0,118,-52.65912695800422,0.0,118,-20.746731558821622,0.0,120,-12.983960959103127,0.0,0.0,0.0,0.0,0.0,-632256.0,-632256.0,712.0,712.0,0.0,0.0,712.0,0.0,0.0,712
0.0,0.0,-0.0,0.0,0.0,0.0,-0.0,0.0,0.47997237932604736,341.7403340801457,799.2,0.0,712.0,1.0,888.0,-632256.0,120,-10.645623550822709,0.0,118,-16.52324387135948,0.0,118,-53.99360677611394,0.0,118,-31.283062445281818,0.0,118,-16.618694829734523,0.0,120,-4.675299377804385,0.0,0.0,0.0,0.0,0.0,-632256.0,-632256.0,712.0,712.0,0.0,0.0,712.0,0.0,0.0,712
0.0,0.0,-0.0,0.0,0.0,0.0,-0.0,0.0,0.47997237932604736,341.7403340801457,799.2,0.0,712.0,1.0,888.0,-632256.0,120,-8.137165617047518,0.0,118,-0.35472708103228223,0.0,118,-29.63712590251937,0.0,118,-3.646428515888045,0.0,118,-3.4788514403644233,0.0,120,-2.240932156388611,0.0,0.0,0.0,0.0,0.0,-632256.0,-632256.0,712.0,712.0,0.0,0.0,712.0,0.0,0.0,712
0.0,0.0,-0.0,0.0,0.0,0.0,-0.0,0.0,0.47997237932604736,341.7403340801457,799.2,0.0,712.0,1.0,888.0,-632256.0,120,-58.4611695809304,0.0,118,-26.891921254646025,0.0,118,-37.07814055468182,0.0,118,-19.10734335828733,0.0,118,-50.47727508092309,0.0,120,-9.68370914316239,0.0,0.0,0.0,0.0,0.0,-632256.0,-632256.0,712.0,712.0,0.0,0.0,712.0,0.0,0.0,712
0.0,0.0,-0.0,0.0,0.0,0.0,-0.0,0.0,0.47997237932604736,341.7403340801457,799.2,0.0,712.0,1.0,888.0,-632256.0,120,-38.53589932797765,0.0,118,-47.12120642947811,0.0,118,-53.85614879978263,0.0,118,-51.24666888592782,0.0,118,-35.92078647299978,0.0,120,-23.44934476541519,0.0,0.0,0.0,0.0,0.0,-632256.0,-632256.0,712.0,712.0,0.0,0.0,712.0,0.0,0.0,712
0.0,0.0,-0.0,0.0,0.0,0.0,-0.0,0.0,0.47997237932604736,341.7403340801457,799.2,0.0,712.0,1.0,888.0,-632256.0,120,-50.1363003938757,0.0,118,-45.08521489889526,0.0,118,-51.04160462474535,0.0,118,-21.382492612886146,0.0,118,-7.2915493942913105,0.0,120,-10.202435559909375,0.0,0.0,0.0,0.0,0.0,-632256.0,-632256.0,712.0,712.0,0.0,0.0,712.0,0.0,0.0,712
0.0,0.0,-0.0,0.0,0.0,0.0,-0.0,0.0,0.47997237932604736,342.70027883879783,799.2,0.0,714.0,1.0,888.0,-634032.0,120,-47.11592755623502,0.0,118,-30.066509386269033,0.0,118,-43.24443524476714,0.0,118,-45.76142056496445,0.0,120,-16.120080484556787,0.0,120,-29.649064364401514,0.0,0.0,0.0,0.0,0.0,-634032.0,-634032.0,714.0,714.0,0.0,0.0,714.0,0.0,0.0,714
0.0,0.0,-0.0,0.0,0.0,0.0,-0.0,0.0,0.47997237932604736,342.70027883879783,799.2,0.0,714.0,1.0,888.0,-634032.0,120,-51.10963837730709,0.0,118,-45.99843066377678,0.0,118,-26.206222457054903,0.0,118,-47.79348849072013,0.0,120,-24.3463356902085,0.0,120,-59.8617594879105,0.0,0.0,0.0,0.0,0.0,-634032.0,-634032.0,714.0,714.0,0.0,0.0,714.0,0.0,0.0,714
0.0,0.0,-0.0,0.0,0.0,0.0,-0.0,0.0,0.47997237932604736,342.70027883879783,799.2,0.0,714.0,1.0,888.0,-634032.0,120,-32.915762477322644,0.0,118,-36.22992234227511,0.0,118,-11.08598111942622,0.0,118,-47.88788198711286,0.0,120,-52.462146688082,0.0,120,-0.1816120788776754,0.0,0.0,0.0,0.0,0.0,-634032.0,-634032.0,714.0,714.0,0.0,0.0,714.0,0.0,0.0,714
0.0,0.0,-0.0,0.0,0.0,0.0,-0.0,0.0,0.47997237932604736,342.70027883879783,799.2,0.0,714.0,1.0,888.0,-634032.0,120,-20.064620875680543,0.0,118,-34.44621132242559,0.0,118,-32.699043524912156,0.0,118,-17.447312676626968,0.0,120,-11.161056177357104,0.0,120,-21.804157246575144,0.0,0.0,0.0,0.0,0.0,-634032.0,-634032.0,714.0,714.0,0.0,0.0,714.0,0.0,0.0,714
0.0,0.0,-0.0,0.0,0.0,0.0,-0.0,0.0,0.47997237932604736,342.70027883879783,799.2,0.0,714.0,1.0,888.0,-634032.0,120,-53.26448133999319,0.0,118,-57.592631920594094,0.0,118,-3.818846887383407,0.0,118,-2.381522664940212,0.0,120,-8.17648958472823,0.0,120,-47.77546812965439,0.0,0.0,0.0,0.0,0.0,-634032.0,-634032.0,714.0,714.0,0.0,0.0,714.0,0.0,0.0,714
0.0,0.0,-0.0,0.0,0.0,0.0,-0.0,0.0,0.47997237932604736,342.70027883879783,799.2,0.0,714.0,1.0,888.0,-634032.0,120,-6.5758449871107505,0.0,118,-35.821258484438694,0.0,118,-48.94877957955325,0.0,118,-46.49529246763138,0.0,120,-30.453696517680275,0.0,120,-44.64470257278603,0.0,0.0,0.0,0.0,0.0,-634032.0,-634032.0,714.0,714.0,0.0,0.0,714.0,0.0,0.0,714
0.0,0.0,-0.0,0.0,0.0,0.0,-0.0,0.0,0.47997237932604736,342.70027883879783,799.2,0.0,714.0,1.0,888.0,-634032.0,120,-35.734488530086715,0.0,118,-13.834715160235774,0.0,118,-43.08744862821248,0.0,118,-46.83292475259443,0.0,120,-35.72465312642973,0.0,120,-2.9228950763727113,0.0,0.0,0.0,0.0,0.0,-634032.0,-634032.0,714.0,714.0,0.0,0.0,714.0,0.0,0.0,714
0.0,0.0,-0.0,0.0,0.0,0.0,-0.0,0.0,0.47997237932604736,342.70027883879783,799.2,0.0,714.0,1.0,888.0,-634032.0,120,-39.253330556306565,0.0,118,-38.46680094358843,0.0,118,-38.59253468932746,0.0,118,-1.4785319978129863,0.0,120,-20.285096283003373,0.0,120,-15.61679891355988,0.0,0.0,0.0,0.0,0.0,-634032.0,-634032.0,714.0,714.0,0.0,0.0,714.0,0.0,0.0,714
0.0,0.0,-0.0,0.0,0.0,0.0,-0.0,0.0,0.47997237932604736,342.70027883879783,799.2,0.0,714.0,1.0,888.0,-634032.0,120,-43.23988178481815,0.0,118,-20.516519464665734,0.0,118,-9.131139183634938,0.0,118,-22.7268524263999,0.0,120,-59.02635860957976,0.0,120,-26.95212632746959,0.0,0.0,0.0,0.0,0.0,-634032.0,-634032.0,714.0,714.0,0.0,0.0,714.0,0.0,0.0,714
0.0,0.0,-0.0,0.0,0.0,0.0,-0.0,0.0,0.47997237932604736,342.70027883879783,799.2,0.0,714.0,1.0,888.0,-634032.0,120,-27.95524809824191,0.0,118,-27.836622354463863,0.0,118,-28.153893771963077,0.0,118,-36.03382647847551,0.0,120,-21.87012045470343,0.0,120,-40.34790017298891,0.0,0.0,0.0,0.0,0.0,-634032.0,-634032.0,714.0,714.0,0.0,0.0,714.0,0.0,0.0,714
0.0,0.0,-0.0,0.0,0.0,0.0,-0.0,0.0,0.47997237932604736,342.70027883879783,799.2,0.0,714.0,1.0,888.0,-634032.0,120,-53.526081406524156,0.0,118,-48.69533241389523,0.0,118,-49.42266673638022,0.0,118,-6.17505761652605,0.0,120,-59.98339577247073,0.0,120,-21.762272707314033,0.0,0.0,0.0,0.0,0.0,-634032.0,-634032.0,714.0,714.0,0.0,0.0,714.0,0.0,0.0,714
0.0,0.0,-0.0,0.0,0.0,0.0,-0.0,0.0,0.47997237932604736,342.70027883879783,799.2,0.0,714.0,1.0,888.0,-634032.0,120,-9.556140111594546,0.0,118,-37.70433399459657,0.0,118,-12.380479468611236,0.0,118,-19.473569442671316,0.0,120,-34.106125983766304,0.0,120,-33.35553212262495,0.0,0.0,0.0,0.0,0.0,-634032.0,-634032.0,714.0,714.0,0.0,0.0,714.0,0.0,0.0,714
0.0,0.0,-0.0,0.0,0.0,0.0,-0.0,0.0,0.47997237932604736,343.6602235974499,799.2,0.0,716.0,1.0,888.0,-635808.0,120,-36.011370458835216,0.0,118,-32.672949397858254,0.0,118,-36.27636438547319,0.0,120,-30.30046263951843,0.0,120,-8.760800550113268,0.0,120,-45.66225427005174,0.0,0.0,0.0,0.0,0.0,-635808.0,-635808.0,716.0,716.0,0.0,0.0,716.0,0.0,0.0,716
0.0,0.0,-0.0,0.0,0.0,0.0,-0.0,0.0,0.47997237932604736,343.6602235974499,799.2,0.0,716.0,1.0,888.0,-635808.0,120,-38.507527116054526,0.0,118,-24.529333481360634,0.0,118,-18.832626787297194,0.0,120,-56.68235392298682,0.0,120,-32.751727901025745,0.0,120,-53.006941554030895,0.0,0.0,0.0,0.0,0.0,-635808.0,-635808.0,716.0,716.0,0.0,0.0,716.0,0.0,0.0,716
0.0,0.0,-0.0,0.0,0.0,0.0,-0.0,0.0,0.47997237932604736,343.6602235974499,799.2,0.0,716.0,1.0,888.0,-635808.0,120,-10.389784469732142,0.0,118,-33.96316538559469,0.0,118,-42.73765886908582,0.0,120,-19.88404259239553,0.0,120,-47.516205634198535,0.0,120,-12.249299754405188,0.0,0.0,0.0,0.0,0.0,-635808.0,-635808.0,716.0,716.0,0.0,0.0,716.0,0.0,0.0,716
0.0,0.0,-0.0,0.0,0.0,0.0,-0.0,0.0,0.47997237932604736,343.6602235974499,799.2,0.0,716.0,1.0,888.0,-635808.0,120,-58.25043641034641,0.0,118,-8.06555487063018,0.0,118,-28.262787602431946,0.0,120,-14.602963819847684,0.0,120,-0.7242429155923347,0.0,120,-15.893369682973589,0.0,0.0,0.0,0.0,0.0,-635808.0,-635808.0,716.0,716.0,0.0,0.0,716.0,0.0,0.0,716
0.0,0.0,-0.0,0.0,0.0,0.0,-0.0,0.0,0.47997237932604736,343.6602235974499,799.2,0.0,716.0,1.0,888.0,-635808.0,120,-8.12139613609304,0.0,118,-26.863022697302277,0.0,118,-53.96042448965521,0.0,120,-17.868823018165575,0.0,120,-7.322574024605841,0.0,120,-39.5378121574388,0.0,0.0,0.0,0.0,0.0,-635808.0,-635808.0,716.0,716.0,0.0,0.0,716.0,0.0,0.0,716
0.0,0.0,-0.0,0.0,0.0,0.0,-0.0,0.0,0.47997237932604736,343.6602235974499,799.2,0.0,716.0,1.0,888.0,-635808.0,120,-15.190601509298023,0.0,118,-20.410553901899895,0.0,118,-6.651653284484369,0.0,120,-12.047486656503255,0.0,120,-35.278643044088916,0.0,120,-58.01099097652745,0.0,0.0,0.0,0.0,0.0,-635808.0,-635808.0,716.0,716.0,0.0,0.0,716.0,0.0,0.0,716
0.0,0.0,-0.0,0.0,0.0,0.0,-0.0,0.0,0.47997237932604736,343.6602235974499,799.2,0.0,716.0,1.0,888.0,-635808.0,120,-32.50407884423521,0.0,118,-0.1806598230084311,0.0,118,-23.887473579545627,0.0,120,-25.48181166396033,0.0,120,-36.69795823505582,0.0,120,-39.738380845221066,0.0,0.0,0.0,0.0,0.0,-635808.0,-635808.0,716.0,716.0,0.0,0.0,716.0,0.0,0.0,716
0.0,0.0,-0.0,0.0,0.0,0.0,-0.0,0.0,0.47997237932604736,343.6602235974499,799.2,0.0,716.0,1.0,888.0,-635808.0,120,-28.93260811574685,0.0,118,-44.06523984082108,0.0,118,-11.13511765246301,0.0,120,-49.465471925779795,0.0,120,-35.891188881999504,0.0,120,-3.6582542210182267,0.0,0.0,0.0,0.0,0.0,-635808.0,-635808.0,716.0,716.0,0.0,0.0,716.0,0.0,0.0,716
0.0,0.0,-0.0,0.0,0.0,0.0,-0.0,0.0,0.47997237932604736,343.6602235974499,799.2,0.0,716.0,1.0,888.0,-635808.0,120,-31.008321007512322,0.0,118,-16.944651878011648,0.0,118,-52.857517038354004,0.0,120,-8.64104627424986,0.0,120,-36.84491592339391,0.0,120,-27.065467517023357,0.0,0.0,0.0,0.0,0.0,-635808.0,-635808.0,716.0,716.0,0.0,0.0,716.0,0.0,0.0,716
0.0,0.0,-0.0,0.0,0.0,0.0,-0.0,0.0,0.47997237932604736,343.6602235974499,799.2,0.0,716.0,1.0,888.0,-635808.0,120,-41.076378583691074,0.0,118,-31.341375174767705,0.0,118,-36.60429825410098,0.0,120,-13.067498540695313,0.0,120,-58.27286813454399,0.0,120,-29.06874751749622,0.0,0.0,0.0,0.0,0.0,-635808.0,-635808.0,716.0,716.0,0.0,0.0,716.0,0.0,0.0,716
0.0,0.0,-0.0,0.0,0.0,0.0,-0.0,0.0,0.47997237932604736,343.6602235974499,799.2,0.0,716.0,1.0,888.0,-635808.0,120,-39.15795986549215,0.0,118,-8.694415984464117,0.0,118,-35.51348853540869,0.0,120,-7.338698998035538,0.0,120,-19.57346742932885,0.0,120,-58.62989158309062,0.0,0.0,0.0,0.0,0.0,-635808.0,-635808.0,716.0,716.0,0.0,0.0,716.0,0.0,0.0,716
0.0,0.0,-0.0,0.0,0.0,0.0,-0.0,0.0,0.47997237932604736,343.6602235974499,799.2,0.0,716.0,1.0,888.0,-635808.0,120,-50.32216808249309,0.0,118,-1.6005253408599307,0.0,118,-10.78230327157759,0.0,120,-44.98911976700085,0.0,120,-20.542161285324227,0.0,120,-13.703659083117339,0.0,0.0,0.0,0.0,0.0,-635808.0,-635808.0,716.0,716.0,0.0,0.0,716.0,0.0,0.0,716
0.0,0.0,-0.0,0.0,0.0,0.0,-0.0,0.0,0.47997237932604736,343.6602235974499,799.2,0.0,716.0,1.0,888.0,-635808.0,120,-55.79170958212617,0.0,118,-57.044298502768115,0.0,118,-26.93809520955264,0.0,120,-57.771721749147964,0.0,120,-37.689375206009345,0.0,120,-53.16504855861227,0.0,0.0,0.0,0.0,0.0,-635808.0,-635808.0,716.0,716.0,0.0,0.0,716.0,0.0,0.0,716
0.0,0.0,-0.0,0.0,0.0,0.0,-0.0,0.0,0.47997237932604736,343.6602235974499,799.2,0.0,716.0,1.0,888.0,-635808.0,120,-25.09337948190901,0.0,118,-8.011715952570386,0.0,118,-50.37573468107152,0.0,120,-42.050758520215204,0.0,120,-55.619554491815926,0.0,120,-0.07815664096693542,0.0,0.0,0.0,0.0,0.0,-635808.0,-635808.0,716.0,716.0,0.0,0.0,716.0,0.0,0.0,716
168.0154581197035,0.0,-1680.154581197035,0.0,0.0,0.0,-0.0,0.0,0.47997237932604736,262.99503740401514,799.2,0.0,547.9378579519498,1.0,888.0,-486568.81786133145,120,-1.8388338136928484,0.0,118,-46.555910157586005,0.0,118,-29.602021590227178,0.0,120,-36.33830803857345,0.0,120,-49.09645050862201,0.0,120,-37.58093426810246,0.0,0.0,0.0466839283466806,0.0466839283466806,0.0,-488248.97244252847,-488248.97244252847,716.0,716.0,168.0621420480502,0.0,547.9378579519498,0.0,0.0,716
168.0154581197035,0.0,-1680.154581197035,0.0,0.0,0.0,-0.0,0.0,0.47997237932604736,262.99503740401514,799.2,0.0,547.9378579519498,1.0,888.0,-486568.81786133145,120,-57.558299777326674,0.0,118,-8.582507261546048,0.0,118,-9.570941486769618,0.0,120,-26.30125852889871,0.0,120,-32.01792416983862,0.0,120,-46.58485456258195,0.0,0.0,0.0466839283466806,0.0466839283466806,0.0,-488248.97244252847,-488248.97244252847,716.0,716.0,168.0621420480502,0.0,547.9378579519498,0.0,0.0,716
168.0154581197035,0.0,-1680.154581197035,0.0,0.0,0.0,-0.0,0.0,0.47997237932604736,262.99503740401514,799.2,0.0,547.9378579519498,1.0,888.0,-486568.81786133145,120,-53.35564071067961,0.0,118,-14.816993947972534,0.0,118,-50.641383806921034,0.0,120,-58.055977943488706,0.0,120,-7.849618973483263,0.0,120,-59.22431856777875,0.0,0.0,0.0466839283466806,0.0466839283466806,0.0,-488248.97244252847,-488248.97244252847,716.0,716.0,168.0621420480502,0.0,547.9378579519498,0.0,0.0,716
168.0154581197035,0.0,-1680.154581197035,0.0,0.0,0.0,-0.0,0.0,0.47997237932604736,262.99503740401514,799.2,0.0,547.9378579519498,1.0,888.0,-486568.81786133145,120,-9.08723650540627,0.0,118,-26.538070108975532,0.0,118,-15.094112471767382,0.0,120,-37.316545865495954,0.0,120,-1.7268117818245043,0.0,120,-22.078955656656163,0.0,0.0,0.0466839283466806,0.0466839283466806,0.0,-488248.97244252847,-488248.97244252847,716.0,716.0,168.0621420480502,0.0,547.9378579519498,0.0,0.0,716
168.0154581197035,0.0,-1680.154581197035,0.0,0.0,0.0,-0.0,0.0,0.47997237932604736,262.99503740401514,799.2,0.0,547.9378579519498,1.0,888.0,-486568.81786133145,120,-25.28636856426695,0.0,118,-45.087873740234,0.0,118,-57.73068586744272,0.0,120,-39.384093714518485,0.0,120,-32.558425711931626,0.0,120,-46.23314092104417,0.0,0.0,0.0466839283466806,0.0466839283466806,0.0,-488248.97244252847,-488248.97244252847,716.0,716.0,168.0621420480502,0.0,547.9378579519498,0.0,0.0,716
168.0154581197035,0.0,-1680.154581197035,0.0,0.0,0.0,-0.0,0.0,0.47997237932604736,262.99503740401514,799.2,0.0,547.9378579519498,1.0,888.0,-486568.81786133145,120,-33.93423313421466,0.0,118,-58.90776962458812,0.0,118,-20.816716868595044,0.0,120,-2.2344368216613164,0.0,120,-36.9087612411561,0.0,120,-38.398114177489724,0.0,0.0,0.0466839283466806,0.0466839283466806,0.0,-488248.97244252847,-488248.97244252847,716.0,716.0,168.0621420480502,0.0,547.9378579519498,0.0,0.0,716
766.7452272505544,0.0,-7667.452272505544,50.95827121478078,0.0,0.0,-0.0,0.0,0.47997237932604736,0.0,799.2,0.0,0.0,1.0,888.0,-0.0,120,-38.55160724817838,0.0,118,-11.180268367745548,0.0,118,-8.700282794909612,0.0,120,-35.070959827612974,0.0,120,-14.217817578289402,0.0,120,-4.628005547917602,0.0,0.0,0.213043964226328,0.213043964226328,0.0,-7667.452272505544,-7667.452272505544,766.9582712147808,766.9582712147808,766.9582712147808,0.0,0.0,50.95827121478078,0.0,716
766.7452272505544,0.0,-7667.452272505544,50.95827121478078,45.862444093302706,0.0,-0.0,0.0011117359729790005,0.47997237932604736,0.0,799.2,0.0,0.0,1.0,888.0,-0.0,120,-29.82541404028527,0.0,118,-7.464694742302851,0.0,118,-13.99596872892788,0.0,120,-40.451451917394245,0.0,120,-33.904603445876624,0.0,120,-53.347685282165756,0.0,0.0,0.213043964226328,0.213043964226328,0.0,-7667.452272505544,-7667.452272505544,766.9582712147808,766.9582712147808,766.9582712147808,0.0,0.0,50.95827121478078,0.0,716
766.7452272505544,0.0,-7667.452272505544,50.95827121478078,91.72488818660541,0.0,-0.0,0.002223471945958001,0.47997237932604736,0.0,799.2,0.0,0.0,1.0,888.0,-0.0,120,-14.919512085652965,0.0,118,-44.45679807997415,0.0,118,-10.027188179020674,0.0,120,-28.74600689774083,0.0,120,-13.2275943371302,0.0,120,-27.03570848073831,0.0,0.0,0.213043964226328,0.213043964226328,0.0,-7667.452272505544,-7667.452272505544,766.9582712147808,766.9582712147808,766.9582712147808,0.0,0.0,50.95827121478078,0.0,716
766.7452272505544,0.0,-7667.452272505544,50.95827121478078,137.5873322799081,0.0,-0.0,0.0033352079189370013,0.47997237932604736,0.0,799.2,0.0,0.0,1.0,888.0,-0.0,120,-32.366256382420005,0.0,118,-39.77858302113991,0.0,118,-0.878886837068944,0.0,120,-13.93502938182148,0.0,120,-26.87224712374825,0.0,120,-13.77952532324695,0.0,0.0,0.213043964226328,0.213043964226328,0.0,-7667.452272505544,-7667.452272505544,766.9582712147808,766.9582712147808,766.9582712147808,0.0,0.0,50.95827121478078,0.0,716
766.7452272505544,0.0,-7667.452272505544,50.95827121478078,183.44977637321082,0.0,-0.0,0.004446943891916002,0.47997237932604736,0.0,799.2,0.0,0.0,1.0,888.0,-0.0,120,-57.05101797956033,0.0,118,-36.104712332103176,0.0,118,-26.14604799351816,0.0,120,-47.79192820024743,0.0,120,-42.67306166751652,0.0,120,-42.93966624406507,0.0,0.0,0.213043964226328,0.213043964226328,0.0,-7667.452272505544,-7667.452272505544,766.9582712147808,766.9582712147808,766.9582712147808,0.0,0.0,50.95827121478078,0.0,716
766.7452272505544,0.0,-7667.452272505544,50.95827121478078,229.31222046651354,0.0,-0.0,0.005558679864895002,0.47997237932604736,0.0,799.2,0.0,0.0,1.0,888.0,-0.0,120,-41.06487478925227,0.0,118,-36.35039280564481,0.0,118,-18.24668196149489,0.0,120,-7.230242443076258,0.0,120,-38.84029611396095,0.0,120,-17.30857836994066,0.0,0.0,0.213043964226328,0.213043964226328,0.0,-7667.452272505544,-7667.452272505544,766.9582712147808,766.9582712147808,766.9582712147808,0.0,0.0,50.95827121478078,0.0,716
1408.399020031177,0.0,-14083.990200311771,692.7903506841449,275.1746645598162,0.0,-0.0,0.006670415837874003,0.47997237932604736,0.0,799.2,0.0,0.0,1.0,888.0,-0.0,120,-46.558888698439596,0.0,118,-45.4007557330042,0.0,118,-55.482912457652,0.0,120,-22.047071133979102,0.0,120,-14.176128994863008,0.0,120,-25.189563892414974,0.0,0.0,0.391330652967818,0.391330652967818,0.0,-14083.990200311771,-14083.990200311771,1408.7903506841449,1408.7903506841449,1408.7903506841449,0.0,0.0,692.7903506841449,0.0,716
1408.399020031177,0.0,-14083.990200311771,692.7903506841449,898.6859801755465,0.0,-0.0,0.021784742447229208,0.47997237932604736,0.0,799.2,0.0,0.0,1.0,888.0,-0.0,120,-1.4768231963019751,0.0,118,-19.677831976829648,0.0,118,-23.095859131036235,0.0,120,-2.9117272850418496,0.0,120,-27.410536072571904,0.0,120,-5.455700830164528,0.0,0.0,0.391330652967818,0.391330652967818,0.0,-14083.990200311771,-14083.990200311771,1408.7903506841449,1408.7903506841449,1408.7903506841449,0.0,0.0,692.7903506841449,0.0,716
1408.399020031177,0.0,-14083.990200311771,692.7903506841449,1522.197295791277,0.0,-0.0,0.03689906905658442,0.47997237932604736,0.0,799.2,0.0,0.0,1.0,888.0,-0.0,120,-9.42710898649012,0.0,118,-21.365696326564006,0.0,118,-38.49272185131779,0.0,120,-39.53450816874777,0.0,120,-11.616926453518449,0.0,120,-56.46204585802698,0.0,0.0,0.391330652967818,0.391330652967818,0.0,-14083.990200311771,-14083.990200311771,1408.7903506841449,1408.7903506841449,1408.7903506841449,0.0,0.0,692.7903506841449,0.0,716
1408.399020031177,0.0,-14083.990200311771,692.7903506841449,2145.708611407007,0.0,-0.0,0.05201339566593962,0.47997237932604736,0.0,799.2,0.0,0.0,1.0,888.0,-0.0,120,-52.96005814031089,0.0,118,-21.784308790740223,0.0,118,-46.90039925522964,0.0,120,-53.33195190518863,0.0,120,-30.355337598105006,0.0,120,-45.40207215102255,0.0,0.0,0.391330652967818,0.391330652967818,0.0,-14083.990200311771,-14083.990200311771,1408.7903506841449,1408.7903506841449,1408.7903506841449,0.0,0.0,692.7903506841449,0.0,716
1408.399020031177,0.0,-14083.990200311771,692.7903506841449,2769.2199270227375,0.0,-0.0,0.06712772227529483,0.47997237932604736,0.0,799.2,0.0,0.0,1.0,888.0,-0.0,120,-39.204342320226715,0.0,118,-10.183354831201958,0.0,118,-26.79126354367917,0.0,120,-44.72706442833485,0.0,120,-56.32432686822592,0.0,120,-13.95094488685528,0.0,0.0,0.391330652967818,0.391330652967818,0.0,-14083.990200311771,-14083.990200311771,1408.7903506841449,1408.7903506841449,1408.7903506841449,0.0,0.0,692.7903506841449,0.0,716
1408.399020031177,0.0,-14083.990200311771,692.7903506841449,3392.731242638468,0.0,-0.0,0.08224204888465003,0.47997237932604736,0.0,799.2,0.0,0.0,1.0,888.0,-0.0,120,-44.36497442723157,0.0,118,-24.562334145115063,0.0,118,-40.684293833416874,0.0,120,-40.532312202917275,0.0,120,-59.736808231700486,0.0,120,-0.530132036470905,0.0,0.0,0.391330652967818,0.391330652967818,0.0,-14083.990200311771,-14083.990200311771,1408.7903506841449,1408.7903506841449,1408.7903506841449,0.0,0.0,692.7903506841449,0.0,716
1873.002132931015,0.0,-18730.02132931015,1157.5225558631992,4016.2425582541982,0.0,-0.0,0.09735637549400525,0.47997237932604736,0.0,799.2,0.0,0.0,1.0,888.0,-0.0,120,-22.31788029058151,0.0,118,-39.92525629473144,0.0,118,-50.196112386352034,0.0,120,-11.733977231332622,0.0,120,-17.41344347162704,0.0,120,-32.04765983529565,0.0,0.0,0.520422932184222,0.520422932184222,0.0,-18730.02132931015,-18730.02132931015,1873.5225558631992,1873.5225558631992,1873.5225558631992,0.0,0.0,1157.5225558631992,0.0,716
1873.002132931015,0.0,-18730.02132931015,1157.5225558631992,5058.012858531078,0.0,-0.0,0.1226095764800397,0.47997237932604736,0.0,799.2,0.0,0.0,1.0,888.0,-0.0,120,-24.55795710800912,0.0,118,-44.41105233714329,0.0,118,-4.999697932592902,0.0,120,-10.408403656865705,0.0,120,-28.164978610382764,0.0,120,-36.927869125769135,0.0,0.0,0.520422932184222,0.520422932184222,0.0,-18730.02132931015,-18730.02132931015,1873.5225558631992,1873.5225558631992,1873.5225558631992,0.0,0.0,1157.5225558631992,0.0,716
1873.002132931015,0.0,-18730.02132931015,1157.5225558631992,6099.783158807957,0.0,-0.0,0.14786277746607415,0.47997237932604736,0.0,799.2,0.0,0.0,1.0,888.0,-0.0,120,-9.908667275663545,0.0,118,-45.9470104474166,0.0,118,-37.11373279885196,0.0,120,-43.42767037992069,0.0,120,-31.54395982345769,0.0,120,-8.545680675836687,0.0,0.0,0.520422932184222,0.520422932184222,0.0,-18730.02132931015,-18730.02132931015,1873.5225558631992,1873.5225558631992,1873.5225558631992,0.0,0.0,1157.5225558631992,0.0,716
1873.002132931015,0.0,-18730.02132931015,1157.5225558631992,7141.5534590848365,0.0,-0.0,0.1731159784521086,0.47997237932604736,0.0,799.2,0.0,0.0,1.0,888.0,-0.0,120,-3.711461033837684,0.0,118,-0.10779981555194329,0.0,118,-55.15289917518842,0.0,120,-22.409919399718227,0.0,120,-35.862576476108444,0.0,120,-37.03099025020068,0.0,0.0,0.520422932184222,0.520422932184222,0.0,-18730.02132931015,-18730.02132931015,1873.5225558631992,1873.5225558631992,1873.5225558631992,0.0,0.0,1157.5225558631992,0.0,716
1873.002132931015,0.0,-18730.02132931015,1157.5225558631992,8183.323759361716,0.0,-0.0,0.19836917943814306,0.47997237932604736,0.0,799.2,0.0,0.0,1.0,888.0,-0.0,120,-47.05039377038394,0.0,118,-1.4099105573434434,0.0,118,-1.3309096362668105,0.0,120,-19.788760543551124,0.0,120,-56.75110666227627,0.0,120,-43.94200199527162,0.0,0.0,0.520422932184222,0.520422932184222,0.0,-18730.02132931015,-18730.02132931015,1873.5225558631992,1873.5225558631992,1873.5225558631992,0.0,0.0,1157.5225558631992,0.0,716
1873.002132931015,0.0,-18730.02132931015,1157.5225558631992,9225.094059638595,0.0,-0.0,0.22362238042417754,0.47997237932604736,0.0,799.2,0.0,0.0,1.0,888.0,-0.0,120,-38.27933791942979,0.0,118,-8.127531100140903,0.0,118,-43.885991874154286,0.0,120,-38.95151481562835,0.0,120,-21.653703192521597,0.0,120,-37.32811293082864,0.0,0.0,0.520422932184222,0.520422932184222,0.0,-18730.02132931015,-18730.02132931015,1873.5225558631992,1873.5225558631992,1873.5225558631992,0.0,0.0,1157.5225558631992,0.0,716
2159.839351655043,0.0,-21598.39351655043,1444.4394737310795,10266.864359915475,0.0,-0.0,0.248875581410212,0.47997237932604736,0.0,799.2,0.0,0.0,1.0,888.0,-0.0,120,-35.359651911426376,0.0,118,-16.773458266192836,0.0,118,-48.70520846543536,0.0,120,-43.97793486090542,0.0,120,-5.6821556830336455,0.0,120,-27.233219122201003,0.0,0.0,0.600122076036411,0.600122076036411,0.0,-21598.39351655043,-21598.39351655043,2160.4394737310795,2160.4394737310795,2160.4394737310795,0.0,0.0,1444.4394737310795,0.0,716
2159.839351655043,0.0,-21598.39351655043,1446.4394737310795,11566.859886273447,0.0,-0.0,0.2803883326369827,0.47997237932604736,0.0,799.2,0.0,0.0,1.0,888.0,-0.0,120,-55.34666874795885,0.0,118,-9.387704830809955,0.0,118,-51.62238629413893,0.0,118,-42.69866801151271,0.0,120,-10.559377287632792,0.0,120,-24.797817957422982,0.0,0.0,0.600122076036411,0.600122076036411,0.0,-21598.39351655043,-21598.39351655043,2160.4394737310795,2160.4394737310795,2160.4394737310795,0.0,0.0,1446.4394737310795,0.0,714
2159.839351655043,0.0,-21598.39351655043,1448.4394737310795,12868.655412631419,0.0,-0.0,0.31194471705406684,0.47997237932604736,0.0,799.2,0.0,0.0,1.0,888.0,-0.0,118,-54.466695058768046,0.0,118,-39.7953095097496,0.0,118,-27.067591272144757,0.0,118,-59.83239869728365,0.0,120,-0.3678532005538204,0.0,120,-18.885894642634028,0.0,0.0,0.600122076036411,0.600122076036411,0.0,-21598.39351655043,-21598.39351655043,2160.4394737310795,2160.4394737310795,2160.4394737310795,0.0,0.0,1448.4394737310795,0.0,712
2159.839351655043,0.0,-21598.39351655043,1448.4394737310795,14172.25093898939,0.0,-0.0,0.34354473466146435,0.47997237932604736,0.0,799.2,0.0,0.0,1.0,888.0,-0.0,118,-55.5460064949994,0.0,118,-7.062380152957754,0.0,118,-1.8040723715462836,0.0,118,-59.30394190535668,0.0,120,-25.53827205306685,0.0,120,-55.112622194463526,0.0,0.0,0.600122076036411,0.600122076036411,0.0,-21598.39351655043,-21598.39351655043,2160.4394737310795,2160.4394737310795,2160.4394737310795,0.0,0.0,1448.4394737310795,0.0,712
2159.839351655043,0.0,-21598.39351655043,1388.4394737310795,15475.84646534736,0.0,-0.0,0.3751447522688619,0.47997237932604736,0.0,799.2,0.0,0.0,1.0,888.0,-0.0,118,-20.379949052070412,0.0,180,-40.33724232794464,0.0,118,-8.639446401843472,0.0,118,-5.243644515322348,0.0,120,-5.054554523099468,0.0,118,-10.048228595945293,0.0,0.0,0.600122076036411,0.600122076036411,0.0,-21598.39351655043,-21598.39351655043,2160.4394737310795,2160.4394737310795,2160.4394737310795,0.0,0.0,1388.4394737310795,0.0,772
2159.839351655043,0.0,-21598.39351655043,1326.4394737310795,16725.44199170533,0.0,-0.0,0.4054357741668565,0.47997237932604736,0.0,799.2,0.0,0.0,1.0,888.0,-0.0,118,-52.239087955573936,0.0,180,-42.558382172980025,0.0,118,-56.59338747710581,0.0,180,-50.60024231499193,0.0,120,-4.998349526211623,0.0,118,-35.67999026283944,0.0,0.0,0.600122076036411,0.600122076036411,0.0,-21598.39351655043,-21598.39351655043,2160.4394737310795,2160.4394737310795,2160.4394737310795,0.0,0.0,1326.4394737310795,0.0,834
2252.6098399099187,0.0,-22526.098399099188,1481.2357387262314,17919.237518063303,0.0,-0.0,0.4343741671651347,0.47997237932604736,0.0,799.2,0.0,0.0,1.0,888.0,-0.0,118,-37.11703120218638,0.0,118,-59.72651576262625,0.0,118,-55.71406652180453,0.0,180,-12.355789045919753,0.0,118,-24.364983045842795,0.0,120,-21.27834874890728,0.0,0.0,0.625898816312842,0.625898816312842,0.0,-22526.098399099188,-22526.098399099188,2253.2357387262314,2253.2357387262314,2253.2357387262314,0.0,0.0,1481.2357387262314,0.0,772
2252.6098399099187,0.0,-22526.098399099188,1483.2357387262314,19252.34968291691,0.0,-0.0,0.4666896876085838,0.47997237932604736,0.0,799.2,0.0,0.0,1.0,888.0,-0.0,118,-14.373762720105002,0.0,118,-54.50355658622296,0.0,118,-53.00539229939655,0.0,180,-18.913887113735573,0.0,118,-1.823773866342473,0.0,118,-46.82384811447314,0.0,0.0,0.625898816312842,0.625898816312842,0.0,-22526.098399099188,-22526.098399099188,2253.2357387262314,2253.2357387262314,2253.2357387262314,0.0,0.0,1483.2357387262314,0.0,770
2252.6098399099187,0.0,-22526.098399099188,1483.2357387262314,20587.26184777052,0.0,-0.0,0.49904884124234644,0.47997237932604736,0.0,799.2,0.0,0.0,1.0,888.0,-0.0,118,-11.577533439297271,0.0,118,-2.944316927360784,0.0,118,-18.71619068194884,0.0,180,-56.94347611188961,0.0,118,-47.5784651046822,0.0,118,-19.442799875047754,0.0,0.0,0.625898816312842,0.625898816312842,0.0,-22526.098399099188,-22526.098399099188,2253.2357387262314,2253.2357387262314,2253.2357387262314,0.0,0.0,1483.2357387262314,0.0,770
2252.6098399099187,0.0,-22526.098399099188,1483.2357387262314,21922.174012624127,0.0,-0.0,0.5314079948761091,0.47997237932604736,0.0,799.2,0.0,0.0,1.0,888.0,-0.0,118,-35.56618673121197,0.0,118,-37.40595839729795,0.0,118,-34.30409920956861,0.0,180,-52.518657403583624,0.0,118,-30.864523226347828,0.0,118,-47.0523413300665,0.0,0.0,0.625898816312842,0.625898816312842,0.0,-22526.098399099188,-22526.098399099188,2253.2357387262314,2253.2357387262314,2253.2357387262314,0.0,0.0,1483.2357387262314,0.0,770
2252.6098399099187,0.0,-22526.098399099188,1359.2357387262314,23257.086177477737,0.0,-0.0,0.5637671485098716,0.47997237932604736,0.0,799.2,0.0,0.0,1.0,888.0,-0.0,180,-12.90399739395106,0.0,180,-39.80884369050372,0.0,118,-29.797468859999412,0.0,180,-46.830559295131266,0.0,118,-30.597207236962557,0.0,118,-1.3527910561981171,0.0,0.0,0.625898816312842,0.625898816312842,0.0,-22526.098399099188,-22526.098399099188,2253.2357387262314,2253.2357387262314,2253.2357387262314,0.0,0.0,1359.2357387262314,0.0,894
2252.6098399099187,0.0,-22526.098399099188,1359.2357387262314,24480.398342331344,0.0,-0.0,0.5934210443442015,0.47997237932604736,0.0,799.2,0.0,0.0,1.0,888.0,-0.0,180,-15.033134389770515,0.0,180,-57.19730001782133,0.0,118,-49.106064430992,0.0,180,-48.38845387102157,0.0,118,-5.421855468710472,0.0,118,-14.02472358444804,0.0,0.0,0.625898816312842,0.625898816312842,0.0,-22526.098399099188,-22526.098399099188,2253.2357387262314,2253.2357387262314,2253.2357387262314,0.0,0.0,1359.2357387262314,0.0,894
2114.3032303750256,0.0,-21143.032303750257,1220.8907000139184,25703.71050718495,0.0,-0.0,0.6230749401785313,0.47997237932604736,0.0,799.2,0.0,0.0,1.0,888.0,-0.0,180,-30.74311361282709,0.0,180,-52.72249932656786,0.0,118,-56.965306026082914,0.0,180,-20.683247945455694,0.0,118,-26.26233333068385,0.0,118,-47.020494319818866,0.0,0.0,0.587469638892755,0.587469638892755,0.0,-21143.032303750257,-21143.032303750257,2114.8907000139184,2114.8907000139184,2114.8907000139184,0.0,0.0,1220.8907000139184,0.0,894
2114.3032303750256,0.0,-21143.032303750257,1220.8907000139184,26802.51213719748,0.0,-0.0,0.6497106183113344,0.47997237932604736,0.0,799.2,0.0,0.0,1.0,888.0,-0.0,180,-17.399326698277292,0.0,180,-32.79834643078942,0.0,118,-18.4626234730858,0.0,180,-42.955326918677784,0.0,118,-40.72032184794924,0.0,118,-4.441764642427932,0.0,0.0,0.587469638892755,0.587469638892755,0.0,-21143.032303750257,-21143.032303750257,2114.8907000139184,2114.8907000139184,2114.8907000139184,0.0,0.0,1220.8907000139184,0.0,894
2114.3032303750256,0.0,-21143.032303750257,1220.8907000139184,27901.313767210006,0.0,-0.0,0.6763462964441376,0.47997237932604736,0.0,799.2,0.0,0.0,1.0,888.0,-0.0,180,-15.602554065423348,0.0,180,-29.126667432973086,0.0,118,-12.806994292749476,0.0,180,-4.733287659303416,0.0,118,-44.494253803075566,0.0,118,-49.92856283243724,0.0,0.0,0.587469638892755,0.587469638892755,0.0,-21143.032303750257,-21143.032303750257,2114.8907000139184,2114.8907000139184,2114.8907000139184,0.0,0.0,1220.8907000139184,0.0,894
2114.3032303750256,0.0,-21143.032303750257,1282.8907000139184,29000.115397222533,0.0,-0.0,0.7029819745769407,0.47997237932604736,0.0,799.2,0.0,0.0,1.0,888.0,-0.0,180,-20.306158205163577,0.0,118,-58.85917488183769,0.0,118,-1.1621899499041244,0.0,180,-20.48215111827485,0.0,118,-25.296148245403,0.0,118,-20.666876060318938,0.0,0.0,0.587469638892755,0.587469638892755,0.0,-21143.032303750257,-21143.032303750257,2114.8907000139184,2114.8907000139184,2114.8907000139184,0.0,0.0,1282.8907000139184,0.0,832
2114.3032303750256,0.0,-21143.032303750257,1220.8907000139184,30154.71702723506,0.0,-0.0,0.7309702816094601,0.47997237932604736,0.0,799.2,0.0,0.0,1.0,888.0,-0.0,180,-14.468248858943385,0.0,180,-23.990587698018725,0.0,118,-50.97997473884978,0.0,180,-11.498631989978495,0.0,118,-45.09674674964033,0.0,118,-20.1468108803514,0.0,0.0,0.587469638892755,0.587469638892755,0.0,-21143.032303750257,-21143.032303750257,2114.8907000139184,2114.8907000139184,2114.8907000139184,0.0,0.0,1220.8907000139184,0.0,894
2114.3032303750256,0.0,-21143.032303750257,1220.8907000139184,31253.518657247587,0.0,-0.0,0.7576059597422633,0.47997237932604736,0.0,799.2,0.0,0.0,1.0,888.0,-0.0,180,-15.101687010341145,0.0,180,-36.93194152476229,0.0,118,-45.78814482968667,0.0,180,-59.428887404689256,0.0,118,-22.106583205277563,0.0,118,-2.7804814892691687,0.0,0.0,0.587469638892755,0.587469638892755,0.0,-21143.032303750257,-21143.032303750257,2114.8907000139184,2114.8907000139184,2114.8907000139184,0.0,0.0,1220.8907000139184,0.0,894
1762.521326956641,0.0,-17625.213269566408,869.0110522489322,32352.320287260114,0.0,-0.0,0.7842416378750664,0.47997237932604736,0.0,799.2,0.0,0.0,1.0,888.0,-0.0,180,-25.913207531604684,0.0,180,-43.62051039110967,0.0,118,-58.12868747484767,0.0,180,-36.271303732819376,0.0,118,-9.795283257187059,0.0,118,-36.031020703547775,0.0,0.0,0.48972529229137,0.48972529229137,0.0,-17625.213269566408,-17625.213269566408,1763.0110522489322,1763.0110522489322,1763.0110522489322,0.0,0.0,869.0110522489322,0.0,894
1762.521326956641,0.0,-17625.213269566408,869.0110522489322,33134.430234284155,0.0,-0.0,0.803200500188693,0.47997237932604736,0.0,799.2,0.0,0.0,1.0,888.0,-0.0,180,-48.029309618086046,0.0,180,-37.67530241109371,0.0,118,-47.50759145840294,0.0,180,-22.607941674385962,0.0,118,-23.01110735949086,0.0,118,-40.73142471057258,0.0,0.0,0.48972529229137,0.48972529229137,0.0,-17625.213269566408,-17625.213269566408,1763.0110522489322,1763.0110522489322,1763.0110522489322,0.0,0.0,869.0110522489322,0.0,894
1762.521326956641,0.0,-17625.213269566408,869.0110522489322,33916.54018130819,0.0,-0.0,0.8221593625023196,0.47997237932604736,0.0,799.2,0.0,0.0,1.0,888.0,-0.0,180,-46.904692993632004,0.0,180,-9.86256296007439,0.0,118,-39.70182474572529,0.0,180,-38.317736270429705,0.0,118,-5.149938448962059,0.0,118,-57.06698694088604,0.0,0.0,0.48972529229137,0.48972529229137,0.0,-17625.213269566408,-17625.213269566408,1763.0110522489322,1763.0110522489322,1763.0110522489322,0.0,0.0,869.0110522489322,0.0,894
1762.521326956641,0.0,-17625.213269566408,869.0110522489322,34698.65012833223,0.0,-0.0,0.8411182248159462,0.47997237932604736,0.0,799.2,0.0,0.0,1.0,888.0,-0.0,180,-12.593276093078885,0.0,180,-54.3854271375219,0.0,118,-12.444446163110145,0.0,180,-18.990634570137402,0.0,118,-37.22918210207089,0.0,118,-5.504823215909854,0.0,0.0,0.48972529229137,0.48972529229137,0.0,-17625.213269566408,-17625.213269566408,1763.0110522489322,1763.0110522489322,1763.0110522489322,0.0,0.0,869.0110522489322,0.0,894
1762.521326956641,0.0,-17625.213269566408,869.0110522489322,35480.760075356266,0.0,-0.0,0.8600770871295728,0.47997237932604736,0.0,799.2,0.0,0.0,1.0,888.0,-0.0,180,-35.784438701910446,0.0,180,-43.58975902112946,0.0,118,-28.274414571944618,0.0,180,-40.33651961393444,0.0,118,-47.6727337313218,0.0,118,-57.07741391966493,0.0,0.0,0.48972529229137,0.48972529229137,0.0,-17625.213269566408,-17625.213269566408,1763.0110522489322,1763.0110522489322,1763.0110522489322,0.0,0.0,869.0110522489322,0.0,894
1762.521326956641,0.0,-17625.213269566408,869.0110522489322,36262.8700223803,0.0,-0.0,0.8790359494431993,0.47997237932604736,0.0,799.2,0.0,0.0,1.0,888.0,-0.0,180,-51.700008733128115,0.0,180,-48.589005402889605,0.0,118,-50.792627355591605,0.0,180,-48.78196914616478,0.0,118,-45.80201003875877,0.0,118,-32.49146625503762,0.0,0.0,0.48972529229137,0.48972529229137,0.0,-17625.213269566408,-17625.213269566408,1763.0110522489322,1763.0110522489322,1763.0110522489322,0.0,0.0,869.0110522489322,0.0,894
1232.0044550753935,0.0,-12320.044550753935,400.3467736236223,37044.97996940434,0.0,-0.0,0.8979948117568259,0.47997237932604736,0.0,799.2,0.0,0.0,1.0,888.0,-0.0,180,-48.9123527683981,0.0,118,-40.66630918496217,0.0,118,-22.868842692207572,0.0,180,-46.56965762486544,0.0,118,-17.33535909603473,0.0,118,-34.82078066720622,0.0,0.0,0.342318548228784,0.342318548228784,0.0,-12320.044550753935,-12320.044550753935,1232.3467736236223,1232.3467736236223,1232.3467736236223,0.0,0.0,400.3467736236223,0.0,832
1232.0044550753935,0.0,-12320.044550753935,400.3467736236223,37405.2920656656,0.0,-0.0,0.9067290152392699,0.47997237932604736,0.0,799.2,0.0,0.0,1.0,888.0,-0.0,180,-11.502905127338705,0.0,118,-36.488730401721284,0.0,118,-39.48385607284058,0.0,180,-38.28746127874944,0.0,118,-40.770271549137725,0.0,118,-9.333792291457112,0.0,0.0,0.342318548228784,0.342318548228784,0.0,-12320.044550753935,-12320.044550753935,1232.3467736236223,1232.3467736236223,1232.3467736236223,0.0,0.0,400.3467736236223,0.0,832
1232.0044550753935,0.0,-12320.044550753935,400.3467736236223,37765.60416192686,0.0,-0.0,0.9154632187217138,0.47997237932604736,0.0,799.2,0.0,0.0,1.0,888.0,-0.0,180,-23.50433092145618,0.0,118,-34.58146256139883,0.0,118,-51.131881597800124,0.0,180,-12.335551891870718,0.0,118,-13.230940508260607,0.0,118,-36.31189665465392,0.0,0.0,0.342318548228784,0.342318548228784,0.0,-12320.044550753935,-12320.044550753935,1232.3467736236223,1232.3467736236223,1232.3467736236223,0.0,0.0,400.3467736236223,0.0,832
1232.0044550753935,0.0,-12320.044550753935,400.3467736236223,38125.91625818812,0.0,-0.0,0.9241974222041577,0.47997237932604736,0.0,799.2,0.0,0.0,1.0,888.0,-0.0,180,-37.50955714255448,0.0,118,-13.664899151804985,0.0,118,-46.73909556314042,0.0,180,-22.599792056282,0.0,118,-23.553703773654902,0.0,118,-28.349107609947108,0.0,0.0,0.342318548228784,0.342318548228784,0.0,-12320.044550753935,-12320.044550753935,1232.3467736236223,1232.3467736236223,1232.3467736236223,0.0,0.0,400.3467736236223,0.0,832
1232.0044550753935,0.0,-12320.044550753935,400.3467736236223,38486.22835444938,0.0,-0.0,0.9329316256866016,0.47997237932604736,0.0,799.2,0.0,0.0,1.0,888.0,-0.0,180,-59.13025451283787,0.0,118,-27.87858425445753,0.0,118,-2.1463141093224025,0.0,180,-13.962400759840413,0.0,118,-2.9308782495870256,0.0,118,-50.844377457285375,0.0,0.0,0.342318548228784,0.342318548228784,0.0,-12320.044550753935,-12320.044550753935,1232.3467736236223,1232.3467736236223,1232.3467736236223,0.0,0.0,400.3467736236223,0.0,832
1232.0044550753935,0.0,-12320.044550753935,400.3467736236223,38846.540450710636,0.0,-0.0,0.9416658291690455,0.47997237932604736,0.0,799.2,0.0,0.0,1.0,888.0,-0.0,180,-51.52446196964283,0.0,118,-43.60885583317771,0.0,118,-46.304037121816286,0.0,180,-9.324021001453941,0.0,118,-20.563462454733926,0.0,118,-15.589140636750361,0.0,0.0,0.342318548228784,0.342318548228784,0.0,-12320.044550753935,-12320.044550753935,1232.3467736236223,1232.3467736236223,1232.3467736236223,0.0,0.0,400.3467736236223,0.0,832
568.3147682576314,0.0,-5683.147682576314,0.0,39206.852546971895,263.5273226653312,-0.0,0.9504000326514894,0.47997237932604736,0.0,799.2,0.0,0.0,1.0,888.0,-0.0,180,-50.7966893112791,0.0,118,-8.850694189771124,0.0,118,-42.006035296209156,0.0,180,-19.743017267494597,0.0,118,-50.66677673995734,0.0,118,-55.00422453477077,0.0,0.0,0.157909077037408,0.157909077037408,0.0,-5683.147682576314,-5683.147682576314,832.0,832.0,568.4726773346688,0.0,263.5273226653312,0.0,0.0,832
568.3147682576314,0.0,-5683.147682576314,0.0,38914.04441067708,263.5273226653312,-0.0,0.9433021697980045,0.47997237932604736,0.0,799.2,0.0,0.0,1.0,888.0,-0.0,180,-54.647569938643905,0.0,118,-29.345174832432583,0.0,118,-48.919640991372724,0.0,180,-6.157653501349789,0.0,118,-17.478186179101524,0.0,118,-38.45109667995318,0.0,0.0,0.157909077037408,0.157909077037408,0.0,-5683.147682576314,-5683.147682576314,832.0,832.0,568.4726773346688,0.0,263.5273226653312,0.0,0.0,832
568.3147682576314,0.0,-5683.147682576314,0.0,38621.23627438227,263.5273226653312,-0.0,0.9362043069445196,0.47997237932604736,0.0,799.2,0.0,0.0,1.0,888.0,-0.0,180,-49.08841101218662,0.0,118,-38.39980364334271,0.0,118,-43.65229645194407,0.0,180,-48.1285794114763,0.0,118,-28.758788188110497,0.0,118,-52.72268779472478,0.0,0.0,0.157909077037408,0.157909077037408,0.0,-5683.147682576314,-5683.147682576314,832.0,832.0,568.4726773346688,0.0,263.5273226653312,0.0,0.0,832
568.3147682576314,0.0,-5683.147682576314,0.0,38328.42813808745,263.5273226653312,-0.0,0.9291064440910347,0.47997237932604736,0.0,799.2,0.0,0.0,1.0,888.0,-0.0,180,-14.036448472248857,0.0,118,-45.898892142224916,0.0,118,-58.293997935051486,0.0,180,-6.733512383260978,0.0,118,-31.845668784006964,0.0,118,-19.69466224842899,0.0,0.0,0.157909077037408,0.157909077037408,0.0,-5683.147682576314,-5683.147682576314,832.0,832.0,568.4726773346688,0.0,263.5273226653312,0.0,0.0,832
568.3147682576314,0.0,-5683.147682576314,0.0,38035.62000179264,325.5273226653312,-0.0,0.9220085812375497,0.47997237932604736,0.0,799.2,0.0,0.0,1.0,888.0,-0.0,180,-15.179454972586132,0.0,180,-36.92300466523189,0.0,118,-11.728899229047204,0.0,180,-33.40974579912422,0.0,118,-2.8397549631861274,0.0,118,-55.04789630990692,0.0,0.0,0.157909077037408,0.157909077037408,0.0,-5683.147682576314,-5683.147682576314,894.0,894.0,568.4726773346688,0.0,325.5273226653312,0.0,0.0,894
568.3147682576314,0.0,-5683.147682576314,0.0,37673.922976608934,325.5273226653312,-0.0,0.9132408061621926,0.47997237932604736,0.0,799.2,0.0,0.0,1.0,888.0,-0.0,180,-6.992699576749839,0.0,180,-57.90634752752242,0.0,118,-22.63981712335181,0.0,180,-39.64831167459542,0.0,118,-31.073591736797024,0.0,118,-35.07386078302656,0.0,0.0,0.157909077037408,0.157909077037408,0.0,-5683.147682576314,-5683.147682576314,894.0,894.0,568.4726773346688,0.0,325.5273226653312,0.0,0.0,894
27.332554953367975,0.0,-273.32554953367975,0.0,37312.22595142523,866.6598505606767,-0.0,0.9044730310868356,0.47997237932604736,0.0,799.2,0.0,0.0,1.0,888.0,-0.0,180,-8.676635588233502,0.0,180,-23.89339524020128,0.0,118,-0.23680978061553004,0.0,180,-28.414313516778854,0.0,118,-0.002208027687842229,0.0,118,-18.096168070556416,0.0,0.0,0.0075944859553676,0.0075944859553676,0.0,-273.32554953367975,-273.32554953367975,894.0,894.0,27.34014943932334,0.0,866.6598505606767,0.0,0.0,894
27.332554953367975,0.0,-273.32554953367975,0.0,36349.27056191336,866.6598505606767,-0.0,0.8811303556568822,0.47997237932604736,0.0,799.2,0.0,0.0,1.0,888.0,-0.0,180,-58.70243905212929,0.0,180,-45.57938686030357,0.0,118,-6.7828571146995875,0.0,180,-22.060536878662248,0.0,118,-46.942917051871945,0.0,118,-49.85355604341734,0.0,0.0,0.0075944859553676,0.0075944859553676,0.0,-273.32554953367975,-273.32554953367975,894.0,894.0,27.34014943932334,0.0,866.6598505606767,0.0,0.0,894
27.332554953367975,0.0,-273.32554953367975,0.0,35386.3151724015,866.6598505606767,-0.0,0.8577876802269289,0.47997237932604736,0.0,799.2,0.0,0.0,1.0,888.0,-0.0,180,-52.34354769936087,0.0,180,-1.042868034689599,0.0,118,-46.1418356788347,0.0,180,-25.80226633590225,0.0,118,-35.4669442302043,0.0,118,-11.62725035017461,0.0,0.0,0.0075944859553676,0.0075944859553676,0.0,-273.32554953367975,-273.32554953367975,894.0,894.0,27.34014943932334,0.0,866.6598505606767,0.0,0.0,894
27.332554953367975,0.0,-273.32554953367975,0.0,34423.35978288963,866.6598505606767,-0.0,0.8344450047969755,0.47997237932604736,0.0,799.2,0.0,0.0,1.0,888.0,-0.0,180,-21.049794649531066,0.0,180,-13.878867789484474,0.0,118,-11.037916753418909,0.0,180,-28.794003964453278,0.0,118,-52.866559640984384,0.0,118,-4.128699657285706,0.0,0.0,0.0075944859553676,0.0075944859553676,0.0,-273.32554953367975,-273.32554953367975,894.0,894.0,27.34014943932334,0.0,866.6598505606767,0.0,0.0,894
27.332554953367975,0.0,-273.32554953367975,0.0,33460.404393377765,866.6598505606767,-0.0,0.8111023293670222,0.47997237932604736,0.0,799.2,0.0,0.0,1.0,888.0,-0.0,180,-14.796240919358532,0.0,180,-29.669893064127738,0.0,118,-34.560981735239196,0.0,180,-33.72265064234004,0.0,118,-6.326871228945876,0.0,118,-52.785397454083565,0.0,0.0,0.0075944859553676,0.0075944859553676,0.0,-273.32554953367975,-273.32554953367975,894.0,894.0,27.34014943932334,0.0,866.6598505606767,0.0,0.0,894
27.332554953367975,0.0,-273.32554953367975,0.0,32497.449003865902,866.6598505606767,-0.0,0.7877596539370689,0.47997237932604736,0.0,799.2,0.0,0.0,1.0,888.0,-0.0,180,-51.814215766500155,0.0,180,-16.923120926096917,0.0,118,-4.670176793382932,0.0,180,-28.121970046486556,0.0,118,-20.924350117040888,0.0,118,-18.935174769459366,0.0,0.0,0.0075944859553676,0.0075944859553676,0.0,-273.32554953367975,-273.32554953367975,894.0,894.0,27.34014943932334,0.0,866.6598505606767,0.0,0.0,894
0.0,0.0,-0.0,0.0,31534.49361435404,894.0,-0.0,0.7644169785071157,0.47997237932604736,0.0,799.2,0.0,0.0,1.0,888.0,-0.0,180,-38.12116793552299,0.0,180,-36.64263795349427,0.0,118,-35.959941481250944,0.0,180,-20.90214059794033,0.0,118,-45.145176571411454,0.0,118,-55.81208943752006,0.0,0.0,0.0,0.0,0.0,0.0,0.0,894.0,894.0,0.0,0.0,894.0,0.0,0.0,894
0.0,0.0,-0.0,0.0,30541.160281020708,894.0,-0.0,0.740337921630444,0.47997237932604736,0.0,799.2,0.0,0.0,1.0,888.0,-0.0,180,-48.36701984689771,0.0,180,-9.868448157836173,0.0,118,-22.485549496587062,0.0,180,-41.46387587352073,0.0,118,-50.90770502655648,0.0,118,-23.357772434195113,0.0,0.0,0.0,0.0,0.0,0.0,0.0,894.0,894.0,0.0,0.0,894.0,0.0,0.0,894
0.0,0.0,-0.0,0.0,29547.826947687376,894.0,-0.0,0.7162588647537724,0.47997237932604736,0.0,799.2,0.0,0.0,1.0,888.0,-0.0,180,-47.13750778923305,0.0,180,-36.414264349898396,0.0,118,-23.949705221961356,0.0,180,-28.383448586747793,0.0,118,-41.611572177181806,0.0,118,-51.978603674320475,0.0,0.0,0.0,0.0,0.0,0.0,0.0,894.0,894.0,0.0,0.0,894.0,0.0,0.0,894
0.0,0.0,-0.0,0.0,28554.493614354044,894.0,-0.0,0.6921798078771009,0.47997237932604736,0.0,799.2,0.0,0.0,1.0,888.0,-0.0,180,-14.47844522537795,0.0,180,-15.4304803802062,0.0,118,-8.87537409302041,0.0,180,-40.0675252351359,0.0,118,-29.347177273039573,0.0,118,-12.861164130404909,0.0,0.0,0.0,0.0,0.0,0.0,0.0,894.0,894.0,0.0,0.0,894.0,0.0,0.0,894
0.0,0.0,-0.0,0.0,27561.16028102071,894.0,-0.0,0.6681007510004293,0.47997237932604736,0.0,799.2,0.0,0.0,1.0,888.0,-0.0,180,-34.41415369047082,0.0,180,-6.289007174769033,0.0,118,-24.97210207103962,0.0,180,-1.789922589912989,0.0,118,-53.4492456744117,0.0,118,-59.698345045682416,0.0,0.0,0.0,0.0,0.0,0.0,0.0,894.0,894.0,0.0,0.0,894.0,0.0,0.0,894
0.0,0.0,-0.0,0.0,26567.82694768738,832.0,-0.0,0.6440216941237578,0.47997237932604736,0.0,799.2,0.0,0.0,1.0,888.0,-0.0,180,-3.57568618787095,0.0,118,-4.717944032499039,0.0,118,-21.226012884311032,0.0,180,-47.02213930604217,0.0,118,-12.141097495599942,0.0,118,-3.1728815607880256,0.0,0.0,0.0,0.0,0.0,0.0,0.0,832.0,832.0,0.0,0.0,832.0,0.0,0.0,832
0.0,0.0,-0.0,0.0,25643.382503242934,832.0,-0.0,0.6216125494689583,0.47997237932604736,0.0,799.2,0.0,0.0,1.0,888.0,-0.0,180,-8.406083806278504,0.0,118,-43.49674895862187,0.0,118,-2.3890943681437093,0.0,180,-14.233436050105276,0.0,118,-13.294908695178558,0.0,118,-28.532408787113635,0.0,0.0,0.0,0.0,0.0,0.0,0.0,832.0,832.0,0.0,0.0,832.0,0.0,0.0,832
0.0,0.0,-0.0,0.0,24718.93805879849,832.0,-0.0,0.5992034048141587,0.47997237932604736,0.0,799.2,0.0,0.0,1.0,888.0,-0.0,180,-8.689625203547383,0.0,118,-44.77297179197016,0.0,118,-0.3620009278305658,0.0,180,-27.14658012876495,0.0,118,-44.90081884439389,0.0,118,-5.323199294277781,0.0,0.0,0.0,0.0,0.0,0.0,0.0,832.0,832.0,0.0,0.0,832.0,0.0,0.0,832
0.0,0.0,-0.0,0.0,23794.493614354044,832.0,-0.0,0.5767942601593592,0.47997237932604736,0.0,799.2,0.0,0.0,1.0,888.0,-0.0,180,-10.5784035544124,0.0,118,-30.855146347744256,0.0,118,-58.75301838536161,0.0,180,-8.064555577885068,0.0,118,-56.5083658213897,0.0,118,-27.267890243587463,0.0,0.0,0.0,0.0,0.0,0.0,0.0,832.0,832.0,0.0,0.0,832.0,0.0,0.0,832
0.0,0.0,-0.0,0.0,22870.0491699096,832.0,-0.0,0.5543851155045596,0.47997237932604736,0.0,799.2,0.0,0.0,1.0,888.0,-0.0,180,-25.055065418111347,0.0,118,-2.1296726091426943,0.0,118,-30.50861811768972,0.0,180,-41.22771809986654,0.0,118,-51.08326959545722,0.0,118,-25.00139865773371,0.0,0.0,0.0,0.0,0.0,0.0,0.0,832.0,832.0,0.0,0.0,832.0,0.0,0.0,832
0.0,0.0,-0.0,0.0,21945.604725465153,832.0,-0.0,0.5319759708497601,0.47997237932604736,0.0,799.2,0.0,0.0,1.0,888.0,-0.0,180,-34.343269289351724,0.0,118,-24.873172300394884,0.0,118,-22.959332586012554,0.0,180,-19.12194988064246,0.0,118,-38.77454709624462,0.0,118,-22.47534199795342,0.0,0.0,0.0,0.0,0.0,0.0,0.0,832.0,832.0,0.0,0.0,832.0,0.0,0.0,832
0.0,0.0,-0.0,0.0,21021.160281020708,832.0,-0.0,0.5095668261949605,0.47997237932604736,0.0,799.2,0.0,0.0,1.0,888.0,-0.0,180,-5.257309002429698,0.0,118,-15.523451911575776,0.0,118,-11.55533484237159,0.0,180,-28.631601457276435,0.0,118,-52.81902182617834,0.0,118,-37.681840888254456,0.0,0.0,0.0,0.0,0.0,0.0,0.0,832.0,832.0,0.0,0.0,832.0,0.0,0.0,832
0.0,0.0,-0.0,0.0,20096.715836576263,832.0,-0.0,0.48715768154016104,0.47997237932604736,0.0,799.2,0.0,0.0,1.0,888.0,-0.0,180,-30.163837346446044,0.0,118,-37.83937888523489,0.0,118,-49.25043865968248,0.0,180,-19.24304958181143,0.0,118,-49.05115853518589,0.0,118,-17.81402582006421,0.0,0.0,0.0,0.0,0.0,0.0,0.0,832.0,832.0,0.0,0.0,832.0,0.0,0.0,832
0.0,0.0,-0.0,0.0,19172.271392131817,832.0,-0.0,0.4647485368853615,0.47997237932604736,0.0,799.2,0.0,0.0,1.0,888.0,-0.0,180,-19.50426342028714,0.0,118,-21.134647791668037,0.0,118,-30.427807530415855,0.0,180,-52.4749922179593,0.0,118,-14.503395726175729,0.0,118,-43.49565347920412,0.0,0.0,0.0,0.0,0.0,0.0,0.0,832.0,832.0,0.0,0.0,832.0,0.0,0.0,832
0.0,0.0,-0.0,0.0,18247.826947687372,832.0,-0.0,0.44233939223056196,0.47997237932604736,0.0,799.2,0.0,0.0,1.0,888.0,-0.0,180,-25.552735653286586,0.0,118,-18.39537970842371,0.0,118,-23.967399536499236,0.0,180,-47.17134483033634,0.0,118,-14.430402604833334,0.0,118,-37.33953152597294,0.0,0.0,0.0,0.0,0.0,0.0,0.0,832.0,832.0,0.0,0.0,832.0,0.0,0.0,832
0.0,0.0,-0.0,0.0,17323.382503242927,832.0,-0.0,0.4199302475757624,0.47997237932604736,0.0,799.2,0.0,0.0,1.0,888.0,-0.0,180,-14.193016843700983,0.0,118,-16.306368804283363,0.0,118,-20.48992248626142,0.0,180,-59.02051783479315,0.0,118,-43.301684670545946,0.0,118,-13.587848301361058,0.0,0.0,0.0,0.0,0.0,0.0,0.0,832.0,832.0,0.0,0.0,832.0,0.0,0.0,832
0.0,0.0,-0.0,0.0,16398.93805879848,770.0,-0.0,0.3975211029209629,0.47997237932604736,0.0,799.2,0.0,0.0,1.0,888.0,-0.0,118,-22.28437284436382,0.0,118,-55.04693364991242,0.0,118,-50.70672486655164,0.0,180,-33.39856378903664,0.0,118,-28.48515482819549,0.0,118,-34.644029919768954,0.0,0.0,0.0,0.0,0.0,0.0,0.0,770.0,770.0,0.0,0.0,770.0,0.0,0.0,770
0.0,0.0,-0.0,0.0,15543.382503242927,770.0,-0.0,0.37678187048803546,0.47997237932604736,0.0,799.2,0.0,0.0,1.0,888.0,-0.0,118,-38.354209636939224,0.0,118,-43.735364217020496,0.0,118,-53.17233234259956,0.0,180,-55.05702735446517,0.0,118,-34.50350018269414,0.0,118,-17.869905828070063,0.0,0.0,0.0,0.0,0.0,0.0,0.0,770.0,770.0,0.0,0.0,770.0,0.0,0.0,770
0.0,0.0,-0.0,0.0,14687.826947687372,770.0,-0.0,0.35604263805510805,0.47997237932604736,0.0,799.2,0.0,0.0,1.0,888.0,-0.0,118,-23.135293626755892,0.0,118,-59.47100793491485,0.0,118,-2.29378259052611,0.0,180,-9.459440297555812,0.0,118,-35.387425573980366,0.0,118,-45.06876012019342,0.0,0.0,0.0,0.0,0.0,0.0,0.0,770.0,770.0,0.0,0.0,770.0,0.0,0.0,770
0.0,0.0,-0.0,0.0,13832.271392131817,770.0,-0.0,0.33530340562218064,0.47997237932604736,0.0,799.2,0.0,0.0,1.0,888.0,-0.0,118,-14.638593740343298,0.0,118,-7.304227659144418,0.0,118,-50.24391725713323,0.0,180,-58.67887677104765,0.0,118,-32.2415392579581,0.0,118,-55.69082228335997,0.0,0.0,0.0,0.0,0.0,0.0,0.0,770.0,770.0,0.0,0.0,770.0,0.0,0.0,770
0.0,0.0,-0.0,0.0,12976.715836576263,770.0,-0.0,0.3145641731892532,0.47997237932604736,0.0,799.2,0.0,0.0,1.0,888.0,-0.0,118,-32.20908883407929,0.0,118,-7.136692267608611,0.0,118,-54.444996444320516,0.0,180,-58.619570464323644,0.0,118,-28.14276173895025,0.0,118,-56.8464077119728,0.0,0.0,0.0,0.0,0.0,0.0,0.0,770.0,770.0,0.0,0.0,770.0,0.0,0.0,770
0.0,0.0,-0.0,0.0,12121.160281020708,770.0,-0.0,0.2938249407563258,0.47997237932604736,0.0,799.2,0.0,0.0,1.0,888.0,-0.0,118,-49.8679548067108,0.0,118,-47.52688105856028,0.0,118,-6.7754531258619455,0.0,180,-24.737222559442337,0.0,118,-49.642682832107184,0.0,118,-23.624069429337982,0.0,0.0,0.0,0.0,0.0,0.0,0.0,770.0,770.0,0.0,0.0,770.0,0.0,0.0,770
0.0,0.0,-0.0,0.0,11265.604725465153,770.0,-0.0,0.27308570832339835,0.47997237932604736,0.0,799.2,0.0,0.0,1.0,888.0,-0.0,118,-4.4954501886763225,0.0,118,-57.35232284728339,0.0,118,-47.21699539143751,0.0,180,-52.61922122261621,0.0,118,-41.43746448312942,0.0,118,-46.229152726679544,0.0,0.0,0.0,0.0,0.0,0.0,0.0,770.0,770.0,0.0,0.0,770.0,0.0,0.0,770
0.0,0.0,-0.0,0.0,10410.049169909598,770.0,-0.0,0.25234647589047093,0.47997237932604736,0.0,799.2,0.0,0.0,1.0,888.0,-0.0,118,-10.93900914402737,0.0,118,-31.434780108380235,0.0,118,-22.30340149669282,0.0,180,-35.7582076534303,0.0,118,-24.347372572318026,0.0,118,-19.179027531566874,0.0,0.0,0.0,0.0,0.0,0.0,0.0,770.0,770.0,0.0,0.0,770.0,0.0,0.0,770
0.0,0.0,-0.0,0.0,9554.493614354044,770.0,-0.0,0.23160724345754355,0.47997237932604736,0.0,799.2,0.0,0.0,1.0,888.0,-0.0,118,-50.898738741353014,0.0,118,-28.47622875887625,0.0,118,-33.31073129838721,0.0,180,-41.02675714012528,0.0,118,-27.084397105026675,0.0,118,-22.051125275808957,0.0,0.0,0.0,0.0,0.0,0.0,0.0,770.0,770.0,0.0,0.0,770.0,0.0,0.0,770
0.0,0.0,-0.0,0.0,8698.938058798489,770.0,-0.0,0.2108680110246161,0.47997237932604736,0.0,799.2,0.0,0.0,1.0,888.0,-0.0,118,-55.75602125379164,0.0,118,-3.489146081791965,0.0,118,-26.041905616463218,0.0,180,-48.959540054258476,0.0,118,-46.08775944364212,0.0,118,-58.237696642279744,0.0,0.0,0.0,0.0,0.0,0.0,0.0,770.0,770.0,0.0,0.0,770.0,0.0,0.0,770
0.0,0.0,-0.0,0.0,7843.382503242933,770.0,-0.0,0.19012877859168867,0.47997237932604736,0.0,799.2,0.0,0.0,1.0,888.0,-0.0,118,-19.279993598772666,0.0,118,-5.923583866000435,0.0,118,-38.144203010991546,0.0,180,-35.1556376209716,0.0,118,-8.973340640914794,0.0,118,-20.613464609734592,0.0,0.0,0.0,0.0,0.0,0.0,0.0,770.0,770.0,0.0,0.0,770.0,0.0,0.0,770
0.0,0.0,-0.0,0.0,6987.8269476873775,770.0,-0.0,0.16938954615876123,0.47997237932604736,0.0,799.2,0.0,0.0,1.0,888.0,-0.0,118,-59.21297433360869,0.0,118,-37.96327261858422,0.0,118,-27.47597455450993,0.0,180,-52.96783674687658,0.0,118,-57.642631671934446,0.0,118,-43.47061711402544,0.0,0.0,0.0,0.0,0.0,0.0,0.0,770.0,770.0,0.0,0.0,770.0,0.0,0.0,770
0.0,0.0,-0.0,0.0,6132.271392131822,770.0,-0.0,0.1486503137258338,0.47997237932604736,0.0,799.2,0.0,0.0,1.0,888.0,-0.0,118,-31.977635782969173,0.0,118,-40.438766274231526,0.0,118,-51.70624837189121,0.0,180,-24.543988795824074,0.0,118,-26.891068510103008,0.0,118,-0.028858946439345168,0.0,0.0,0.0,0.0,0.0,0.0,0.0,770.0,770.0,0.0,0.0,770.0,0.0,0.0,770
0.0,0.0,-0.0,0.0,5276.715836576266,708.0,-0.0,0.12791108129290638,0.47997237932604736,0.0,799.2,0.0,0.0,1.0,888.0,-0.0,118,-5.923224446566053,0.0,118,-24.84375903939031,0.0,118,-25.524867127037826,0.0,118,-31.506738117320058,0.0,118,-50.51605872827385,0.0,118,-50.276273880160645,0.0,0.0,0.0,0.0,0.0,0.0,0.0,708.0,708.0,0.0,0.0,708.0,0.0,0.0,708
0.0,0.0,-0.0,0.0,4490.049169909599,708.0,-0.0,0.108841761081851,0.47997237932604736,0.0,799.2,0.0,0.0,1.0,888.0,-0.0,118,-38.927847568907,0.0,118,-18.200863691788914,0.0,118,-35.327071554278106,0.0,118,-6.691229065608937,0.0,118,-33.849456531316946,0.0,118,-34.03793356899714,0.0,0.0,0.0,0.0,0.0,0.0,0.0,708.0,708.0,0.0,0.0,708.0,0.0,0.0,708
0.0,0.0,-0.0,0.0,3703.3825032429327,708.0,-0.0,0.08977244087079564,0.47997237932604736,0.0,799.2,0.0,0.0,1.0,888.0,-0.0,118,-31.723089935710522,0.0,118,-46.92647580077974,0.0,118,-50.81596559564348,0.0,118,-20.578430006182305,0.0,118,-12.685827886864525,0.0,118,-52.49163956571539,0.0,0.0,0.0,0.0,0.0,0.0,0.0,708.0,708.0,0.0,0.0,708.0,0.0,0.0,708
0.0,0.0,-0.0,0.0,2916.715836576266,708.0,-0.0,0.07070312065974028,0.47997237932604736,0.0,799.2,0.0,0.0,1.0,888.0,-0.0,118,-43.26500706413125,0.0,118,-42.42454464733525,0.0,118,-12.54831191825333,0.0,118,-27.05620427303979,0.0,118,-8.63318930715131,0.0,118,-51.335579353331035,0.0,0.0,0.0,0.0,0.0,0.0,0.0,708.0,708.0,0.0,0.0,708.0,0.0,0.0,708
0.0,0.0,-0.0,0.0,2130.0491699095996,708.0,-0.0,0.05163380044868494,0.47997237932604736,0.0,799.2,0.0,0.0,1.0,888.0,-0.0,118,-25.900144649363373,0.0,118,-20.508363200516463,0.0,118,-6.543203879863531,0.0,118,-8.234550969586493,0.0,118,-33.13974968605333,0.0,118,-0.9706695638923102,0.0,0.0,0.0,0.0,0.0,0.0,0.0,708.0,708.0,0.0,0.0,708.0,0.0,0.0,708
0.0,0.0,-0.0,0.0,1343.3825032429331,708.0,-0.0,0.03256448023762958,0.47997237932604736,0.0,799.2,0.0,0.0,1.0,888.0,-0.0,118,-57.4736902200054,0.0,118,-59.642891794156455,0.0,118,-26.448487069232584,0.0,118,-11.852071072507385,0.0,118,-39.09451388186007,0.0,118,-15.486732336667808,0.0,0.0,0.0,0.0,0.0,0.0,0.0,708.0,708.0,0.0,0.0,708.0,0.0,0.0,708
0.0,0.0,-0.0,0.0,556.7158365762665,501.04425291863987,-0.0,0.013495160026574225,0.47997237932604736,99.3330423418401,799.2,0.0,206.95574708136013,1.0,888.0,-183776.7034082478,118,-29.04118888435624,0.0,118,-52.67491793307234,0.0,118,-14.178766926029567,0.0,118,-31.074022733857625,0.0,118,-22.74478210711383,0.0,118,-3.56319600045115,0.0,0.0,0.0,0.0,0.0,-183776.7034082478,-183776.7034082478,708.0,708.0,0.0,0.0,708.0,0.0,0.0,708
0.0,0.0,-0.0,0.0,0.0,0.0,-0.0,0.0,0.47997237932604736,339.82044456284154,799.2,0.0,708.0,1.0,888.0,-628704.0,118,-36.39019480409508,0.0,118,-14.098796986259474,0.0,118,-27.83112658836918,0.0,118,-31.97430435399375,0.0,118,-26.273600827877203,0.0,118,-54.56967562939364,0.0,0.0,0.0,0.0,0.0,-628704.0,-628704.0,708.0,708.0,0.0,0.0,708.0,0.0,0.0,708
0.0,0.0,-0.0,0.0,0.0,0.0,-0.0,0.0,0.47997237932604736,339.82044456284154,799.2,0.0,708.0,1.0,888.0,-628704.0,118,-36.64848949544995,0.0,118,-9.803835210905735,0.0,118,-0.002293692006833936,0.0,118,-24.407410471712684,0.0,118,-21.140229274059056,0.0,118,-49.88711867890386,0.0,0.0,0.0,0.0,0.0,-628704.0,-628704.0,708.0,708.0,0.0,0.0,708.0,0.0,0.0,708
0.0,0.0,-0.0,0.0,0.0,0.0,-0.0,0.0,0.47997237932604736,339.82044456284154,799.2,0.0,708.0,1.0,888.0,-628704.0,118,-48.00613168116487,0.0,118,-9.032768717366725,0.0,118,-9.634368600681022,0.0,118,-27.640791755837878,0.0,118,-18.490177293098146,0.0,118,-37.34808766172838,0.0,0.0,0.0,0.0,0.0,-628704.0,-628704.0,708.0,708.0,0.0,0.0,708.0,0.0,0.0,708
0.0,0.0,-0.0,0.0,0.0,0.0,-0.0,0.0,0.47997237932604736,339.82044456284154,799.2,0.0,708.0,1.0,888.0,-628704.0,118,-16.84475213922566,0.0,118,-28.31962861751762,0.0,118,-56.798763052146576,0.0,118,-12.916724019001155,0.0,118,-23.059960906451092,0.0,118,-14.532337163813773,0.0,0.0,0.0,0.0,0.0,-628704.0,-628704.0,708.0,708.0,0.0,0.0,708.0,0.0,0.0,708
0.0,0.0,-0.0,0.0,0.0,0.0,-0.0,0.0,0.47997237932604736,339.82044456284154,799.2,0.0,708.0,1.0,888.0,-628704.0,118,-10.908468217002474,0.0,118,-1.572221137518004,0.0,118,-19.20953315876734,0.0,118,-37.60272777007563,0.0,118,-5.135585457215248,0.0,118,-57.8911422088911,0.0,0.0,0.0,0.0,0.0,-628704.0,-628704.0,708.0,708.0,0.0,0.0,708.0,0.0,0.0,708
0.0,0.0,-0.0,0.0,0.0,0.0,-0.0,0.0,0.47997237932604736,339.82044456284154,799.2,0.0,708.0,1.0,888.0,-628704.0,118,-1.727202806128274,0.0,118,-17.911565729454942,0.0,118,-38.678499461720925,0.0,118,-31.24458219065249,0.0,118,-23.65114826691093,0.0,118,-23.479855468521265,0.0,0.0,0.0,0.0,0.0,-628704.0,-628704.0,708.0,708.0,0.0,0.0,708.0,0.0,0.0,708
0.0,0.0,-0.0,0.0,0.0,0.0,-0.0,0.0,0.47997237932604736,340.7803893214936,799.2,0.0,710.0,1.0,888.0,-630480.0,118,-22.06256051507278,0.0,118,-3.1547764895980124,0.0,118,-51.50591669457099,0.0,118,-51.32893460313121,0.0,120,-19.860665440428093,0.0,118,-0.9779668541854725,0.0,0.0,0.0,0.0,0.0,-630480.0,-630480.0,710.0,710.0,0.0,0.0,710.0,0.0,0.0,710
0.0,0.0,-0.0,0.0,0.0,0.0,-0.0,0.0,0.47997237932604736,340.7803893214936,799.2,0.0,710.0,1.0,888.0,-630480.0,118,-58.17477653437818,0.0,118,-10.729642237127777,0.0,118,-36.910367400177236,0.0,118,-34.862586383015355,0.0,120,-46.966089266748995,0.0,118,-25.487217832764685,0.0,0.0,0.0,0.0,0.0,-630480.0,-630480.0,710.0,710.0,0.0,0.0,710.0,0.0,0.0,710
0.0,0.0,-0.0,0.0,0.0,0.0,-0.0,0.0,0.47997237932604736,341.7403340801457,799.2,0.0,712.0,1.0,888.0,-632256.0,120,-39.89049494862114,0.0,118,-11.517320746995567,0.0,118,-31.91489923768595,0.0,118,-0.3222419972935553,0.0,120,-48.90828076900553,0.0,118,-49.21703470068599,0.0,0.0,0.0,0.0,0.0,-632256.0,-632256.0,712.0,712.0,0.0,0.0,712.0,0.0,0.0,712
0.0,0.0,-0.0,0.0,0.0,0.0,-0.0,0.0,0.47997237932604736,341.7403340801457,799.2,0.0,712.0,1.0,888.0,-632256.0,120,-7.572260775184045,0.0,118,-11.685231259811733,0.0,118,-16.26230428176025,0.0,118,-43.543071829586864,0.0,120,-6.65916526722561,0.0,118,-43.80659010101355,0.0,0.0,0.0,0.0,0.0,-632256.0,-632256.0,712.0,712.0,0.0,0.0,712.0,0.0,0.0,712
0.0,0.0,-0.0,0.0,0.0,0.0,-0.0,0.0,0.47997237932604736,341.7403340801457,799.2,0.0,712.0,1.0,888.0,-632256.0,120,-50.07874246282599,0.0,118,-0.41303226056306874,0.0,118,-20.632525969229608,0.0,118,-33.93244046986433,0.0,120,-52.86708323082123,0.0,118,-46.740029650846054,0.0,0.0,0.0,0.0,0.0,-632256.0,-632256.0,712.0,712.0,0.0,0.0,712.0,0.0,0.0,712
0.0,0.0,-0.0,0.0,0.0,0.0,-0.0,0.0,0.47997237932604736,341.7403340801457,799.2,0.0,712.0,1.0,888.0,-632256.0,120,-56.23430322223145,0.0,118,-3.0089346277870455,0.0,118,-32.53138863513729,0.0,118,-43.99052571694842,0.0,120,-27.945494166571297,0.0,118,-23.677828328345576,0.0,0.0,0.0,0.0,0.0,-632256.0,-632256.0,712.0,712.0,0.0,0.0,712.0,0.0,0.0,712
0.0,0.0,-0.0,0.0,0.0,0.0,-0.0,0.0,0.47997237932604736,341.7403340801457,799.2,0.0,712.0,1.0,888.0,-632256.0,120,-9.313585989217936,0.0,118,-31.58484077971829,0.0,118,-41.63791817656222,0.0,118,-38.43999420847859,0.0,120,-1.2723387660677377,0.0,118,-36.986044020284695,0.0,0.0,0.0,0.0,0.0,-632256.0,-632256.0,712.0,712.0,0.0,0.0,712.0,0.0,0.0,712
0.0,0.0,-0.0,0.0,0.0,0.0,-0.0,0.0,0.47997237932604736,341.7403340801457,799.2,0.0,712.0,1.0,888.0,-632256.0,120,-29.310011629359757,0.0,118,-5.777817669016758,0.0,118,-24.65134929445317,0.0,118,-23.211915528111962,0.0,120,-11.509193898438996,0.0,118,-14.628086197142105,0.0,0.0,0.0,0.0,0.0,-632256.0,-632256.0,712.0,712.0,0.0,0.0,712.0,0.0,0.0,712
0.0,0.0,-0.0,0.0,0.0,0.0,-0.0,0.0,0.47997237932604736,341.7403340801457,799.2,0.0,712.0,1.0,888.0,-632256.0,120,-9.023223735848713,0.0,118,-50.27478926579115,0.0,118,-31.68896793488601,0.0,118,-38.9289922267886,0.0,120,-11.595025943819202,0.0,118,-48.190328610797785,0.0,0.0,0.0,0.0,0.0,-632256.0,-632256.0,712.0,712.0,0.0,0.0,712.0,0.0,0.0,712
0.0,0.0,-0.0,0.0,0.0,0.0,-0.0,0.0,0.47997237932604736,341.7403340801457,799.2,0.0,712.0,1.0,888.0,-632256.0,120,-47.07543979832567,0.0,118,-11.40459999324533,0.0,118,-32.77684621776491,0.0,118,-37.32782026715191,0.0,120,-40.29656660598521,0.0,118,-42.59870218865392,0.0,0.0,0.0,0.0,0.0,-632256.0,-632256.0,712.0,712.0,0.0,0.0,712.0,0.0,0.0,712
0.0,0.0,-0.0,0.0,0.0,0.0,-0.0,0.0,0.47997237932604736,341.7403340801457,799.2,0.0,712.0,1.0,888.0,-632256.0,120,-46.66499442359819,0.0,118,-34.59569624371102,0.0,118,-57.96803050582648,0.0,118,-20.348608061283954,0.0,120,-13.98590635566781,0.0,118,-22.8296872432568,0.0,0.0,0.0,0.0,0.0,-632256.0,-632256.0,712.0,712.0,0.0,0.0,712.0,0.0,0.0,712
0.0,0.0,-0.0,0.0,0.0,0.0,-0.0,0.0,0.47997237932604736,341.7403340801457,799.2,0.0,712.0,1.0,888.0,-632256.0,120,-21.06529395808893,0.0,118,-6.782305587270734,0.0,118,-17.152710517935716,0.0,118,-0.2601855951695242,0.0,120,-53.814218627174455,0.0,118,-27.41718288393453,0.0,0.0,0.0,0.0,0.0,-632256.0,-632256.0,712.0,712.0,0.0,0.0,712.0,0.0,0.0,712
0.0,0.0,-0.0,0.0,0.0,0.0,-0.0,0.0,0.47997237932604736,341.7403340801457,799.2,0.0,712.0,1.0,888.0,-632256.0,120,-42.91832152950394,0.0,118,-9.225676285674204,0.0,118,-5.357525471571998,0.0,118,-9.940682666101978,0.0,120,-24.206993544285616,0.0,118,-56.27113046647021,0.0,0.0,0.0,0.0,0.0,-632256.0,-632256.0,712.0,712.0,0.0,0.0,712.0,0.0,0.0,712
0.0,0.0,-0.0,0.0,0.0,0.0,-0.0,0.0,0.47997237932604736,341.7403340801457,799.2,0.0,712.0,1.0,888.0,-632256.0,120,-58.85304456069111,0.0,118,-40.00533925644473,0.0,118,-34.99599484284639,0.0,118,-56.95433655354228,0.0,120,-8.109116240720262,0.0,118,-51.98667897559428,0.0,0.0,0.0,0.0,0.0,-632256.0,-632256.0,712.0,712.0,0.0,0.0,712.0,0.0,0.0,712
0.0,0.0,-0.0,0.0,0.0,0.0,-0.0,0.0,0.47997237932604736,341.7403340801457,799.2,0.0,712.0,1.0,888.0,-632256.0,120,-21.72536298359486,0.0,118,-10.719041588557623,0.0,118,-37.39003301127359,0.0,118,-45.33663942128845,0.0,120,-18.74861136952601,0.0,118,-27.669084688112015,0.0,0.0,0.0,0.0,0.0,-632256.0,-632256.0,712.0,712.0,0.0,0.0,712.0,0.0,0.0,712
0.0,0.0,-0.0,0.0,0.0,0.0,-0.0,0.0,0.47997237932604736,341.7403340801457,799.2,0.0,712.0,1.0,888.0,-632256.0,120,-46.930850462674066,0.0,118,-49.2870890999225,0.0,118,-17.058521978606144,0.0,118,-29.23206922772373,0.0,120,-16.47057921037799,0.0,118,-1.5408265473014593,0.0,0.0,0.0,0.0,0.0,-632256.0,-632256.0,712.0,712.0,0.0,0.0,712.0,0.0,0.0,712
0.0,0.0,-0.0,0.0,0.0,0.0,-0.0,0.0,0.47997237932604736,341.7403340801457,799.2,0.0,712.0,1.0,888.0,-632256.0,120,-40.255484061595205,0.0,118,-12.052861425834475,0.0,118,-20.979663738087247,0.0,118,-22.033637257422075,0.0,120,-8.77700522508567,0.0,118,-25.70748172734237,0.0,0.0,0.0,0.0,0.0,-632256.0,-632256.0,712.0,712.0,0.0,0.0,712.0,0.0,0.0,712
0.0,0.0,-0.0,0.0,0.0,0.0,-0.0,0.0,0.47997237932604736,341.7403340801457,799.2,0.0,712.0,1.0,888.0,-632256.0,120,-16.756816614486183,0.0,118,-24.880637949877002,0.0,118,-25.124581877637496,0.0,118,-14.279161240202455,0.0,120,-3.7563588679698934,0.0,118,-22.04163942521057,0.0,0.0,0.0,0.0,0.0,-632256.0,-632256.0,712.0,712.0,0.0,0.0,712.0,0.0,0.0,712
0.0,0.0,-0.0,0.0,0.0,0.0,-0.0,0.0,0.47997237932604736,341.7403340801457,799.2,0.0,712.0,1.0,888.0,-632256.0,120,-58.26743114599333,0.0,118,-49.06135631616005,0.0,118,-38.171157774375445,0.0,118,-30.281760391801086,0.0,120,-56.11873440562223,0.0,118,-31.10797657749137,0.0,0.0,0.0,0.0,0.0,-632256.0,-632256.0,712.0,712.0,0.0,0.0,712.0,0.0,0.0,712
0.0,0.0,-0.0,0.0,0.0,0.0,-0.0,0.0,0.47997237932604736,341.7403340801457,799.2,0.0,712.0,1.0,888.0,-632256.0,120,-34.60249920279577,0.0,118,-22.531770264116194,0.0,118,-9.786157224521844,0.0,118,-46.61314559395396,0.0,120,-49.88350060709232,0.0,118,-9.751953904712058,0.0,0.0,0.0,0.0,0.0,-632256.0,-632256.0,712.0,712.0,0.0,0.0,712.0,0.0,0.0,712
0.0,0.0,-0.0,0.0,0.0,0.0,-0.0,0.0,0.47997237932604736,341.7403340801457,799.2,0.0,712.0,1.0,888.0,-632256.0,120,-11.769657348561033,0.0,118,-32.65174600840742,0.0,118,-51.183593482035,0.0,118,-3.9691313999115874,0.0,120,-32.41044730444172,0.0,118,-49.590000130204956,0.0,0.0,0.0,0.0,0.0,-632256.0,-632256.0,712.0,712.0,0.0,0.0,712.0,0.0,0.0,712
0.0,0.0,-0.0,0.0,0.0,0.0,-0.0,0.0,0.47997237932604736,341.7403340801457,799.2,0.0,712.0,1.0,888.0,-632256.0,120,-27.364849305344585,0.0,118,-6.865892221268863,0.0,118,-13.87961624551805,0.0,118,-33.73156015353662,0.0,120,-14.198748079441314,0.0,118,-45.95536148481004,0.0,0.0,0.0,0.0,0.0,-632256.0,-632256.0,712.0,712.0,0.0,0.0,712.0,0.0,0.0,712
0.0,0.0,-0.0,0.0,0.0,0.0,-0.0,0.0,0.47997237932604736,341.7403340801457,799.2,0.0,712.0,1.0,888.0,-632256.0,120,-59.11961710258591,0.0,118,-9.579538030192003,0.0,118,-20.74167579981489,0.0,118,-31.277053839749797,0.0,120,-29.614454487604128,0.0,118,-13.795127535866767,0.0,0.0,0.0,0.0,0.0,-632256.0,-632256.0,712.0,712.0,0.0,0.0,712.0,0.0,0.0,712
0.0,0.0,-0.0,0.0,0.0,0.0,-0.0,0.0,0.47997237932604736,341.7403340801457,799.2,0.0,712.0,1.0,888.0,-632256.0,120,-23.271424439099896,0.0,118,-56.350198165816934,0.0,118,-9.443079970548416,0.0,118,-53.4266441671078,0.0,120,-59.34975981356095,0.0,118,-22.599099326668327,0.0,0.0,0.0,0.0,0.0,-632256.0,-632256.0,712.0,712.0,0.0,0.0,712.0,0.0,0.0,712
0.0,0.0,-0.0,0.0,0.0,0.0,-0.0,0.0,0.47997237932604736,341.7403340801457,799.2,0.0,712.0,1.0,888.0,-632256.0,120,-30.801803763778572,0.0,118,-36.88231826688917,0.0,118,-44.39011180984379,0.0,118,-11.021202472645008,0.0,120,-14.778739182597961,0.0,118,-49.93638852552234,0.0,0.0,0.0,0.0,0.0,-632256.0,-632256.0,712.0,712.0,0.0,0.0,712.0,0.0,0.0,712
0.0,0.0,-0.0,0.0,0.0,0.0,-0.0,0.0,0.47997237932604736,341.7403340801457,799.2,0.0,712.0,1.0,888.0,-632256.0,120,-11.203741467167543,0.0,118,-26.617870680584684,0.0,118,-16.738511366884218,0.0,118,-23.955236326383616,0.0,120,-12.586787914224963,0.0,118,-11.477673958289445,0.0,0.0,0.0,0.0,0.0,-632256.0,-632256.0,712.0,712.0,0.0,0.0,712.0,0.0,0.0,712
0.0,0.0,-0.0,0.0,0.0,0.0,-0.0,0.0,0.47997237932604736,341.7403340801457,799.2,0.0,712.0,1.0,888.0,-632256.0,120,-25.60519921804553,0.0,118,-51.31036439322964,0.0,118,-3.484203099118366,0.0,118,-59.78642183455121,0.0,120,-44.897818807360494,0.0,118,-24.953207851866036,0.0,0.0,0.0,0.0,0.0,-632256.0,-632256.0,712.0,712.0,0.0,0.0,712.0,0.0,0.0,712
0.0,0.0,-0.0,0.0,0.0,0.0,-0.0,0.0,0.47997237932604736,342.70027883879783,799.2,0.0,714.0,1.0,888.0,-634032.0,120,-54.11874299924243,0.0,118,-12.139516736625763,0.0,118,-41.56433865082989,0.0,120,-48.30451318772745,0.0,120,-3.1274687088846664,0.0,118,-3.443463585867801,0.0,0.0,0.0,0.0,0.0,-634032.0,-634032.0,714.0,714.0,0.0,0.0,714.0,0.0,0.0,714
0.0,0.0,-0.0,0.0,0.0,0.0,-0.0,0.0,0.47997237932604736,342.70027883879783,799.2,0.0,714.0,1.0,888.0,-634032.0,120,-49.378178823564205,0.0,118,-46.38929287951826,0.0,118,-32.157400574053376,0.0,120,-40.55350454007003,0.0,120,-56.334967819881136,0.0,118,-40.72706308350628,0.0,0.0,0.0,0.0,0.0,-634032.0,-634032.0,714.0,714.0,0.0,0.0,714.0,0.0,0.0,714
0.0,0.0,-0.0,0.0,0.0,0.0,-0.0,0.0,0.47997237932604736,342.70027883879783,799.2,0.0,714.0,1.0,888.0,-634032.0,120,-4.0409817084259,0.0,118,-56.23567950017457,0.0,118,-35.27977328112912,0.0,120,-24.487482241300718,0.0,120,-10.821272435273022,0.0,118,-41.00038779031131,0.0,0.0,0.0,0.0,0.0,-634032.0,-634032.0,714.0,714.0,0.0,0.0,714.0,0.0,0.0,714
0.0,0.0,-0.0,0.0,0.0,0.0,-0.0,0.0,0.47997237932604736,342.70027883879783,799.2,0.0,714.0,1.0,888.0,-634032.0,120,-6.70371404181928,0.0,118,-58.54698906884688,0.0,118,-47.47714171484306,0.0,120,-18.9640993092489,0.0,120,-32.56378438385306,0.0,118,-36.10703983543081,0.0,0.0,0.0,0.0,0.0,-634032.0,-634032.0,714.0,714.0,0.0,0.0,714.0,0.0,0.0,714
0.0,0.0,-0.0,0.0,0.0,0.0,-0.0,0.0,0.47997237932604736,342.70027883879783,799.2,0.0,714.0,1.0,888.0,-634032.0,120,-37.981281041898065,0.0,118,-15.951113854103081,0.0,118,-36.078939824853535,0.0,120,-41.43021328086773,0.0,120,-25.520378523745855,0.0,118,-42.26516333418089,0.0,0.0,0.0,0.0,0.0,-634032.0,-634032.0,714.0,714.0,0.0,0.0,714.0,0.0,0.0,714
0.0,0.0,-0.0,0.0,0.0,0.0,-0.0,0.0,0.47997237932604736,342.70027883879783,799.2,0.0,714.0,1.0,888.0,-634032.0,120,-12.556076212561019,0.0,118,-52.017579694548175,0.0,118,-39.389503745807176,0.0,120,-0.061156886546014366,0.0,120,-45.68870352219163,0.0,118,-54.98780067467146,0.0,0.0,0.0,0.0,0.0,-634032.0,-634032.0,714.0,714.0,0.0,0.0,714.0,0.0,0.0,714
0.0,0.0,-0.0,0.0,0.0,0.0,-0.0,0.0,0.47997237932604736,342.70027883879783,799.2,0.0,714.0,1.0,888.0,-634032.0,120,-44.15224046753454,0.0,118,-34.05245383966546,0.0,118,-22.581390280156455,0.0,120,-24.099453763336943,0.0,120,-44.480583295662775,0.0,118,-11.990541325636615,0.0,0.0,0.0,0.0,0.0,-634032.0,-634032.0,714.0,714.0,0.0,0.0,714.0,0.0,0.0,714
0.0,0.0,-0.0,0.0,0.0,0.0,-0.0,0.0,0.47997237932604736,342.70027883879783,799.2,0.0,714.0,1.0,888.0,-634032.0,120,-27.309536439814327,0.0,118,-57.799172710448474,0.0,118,-22.432469963584364,0.0,120,-42.08501875780555,0.0,120,-17.357327142504147,0.0,118,-8.06820124760749,0.0,0.0,0.0,0.0,0.0,-634032.0,-634032.0,714.0,714.0,0.0,0.0,714.0,0.0,0.0,714
0.0,0.0,-0.0,0.0,0.0,0.0,-0.0,0.0,0.47997237932604736,342.70027883879783,799.2,0.0,714.0,1.0,888.0,-634032.0,120,-3.970839515572968,0.0,118,-15.151502475638388,0.0,118,-8.272418460017878,0.0,120,-57.63734814921678,0.0,120,-49.193227412138576,0.0,118,-19.636017073257257,0.0,0.0,0.0,0.0,0.0,-634032.0,-634032.0,714.0,714.0,0.0,0.0,714.0,0.0,0.0,714
174.22575689414106,0.0,-1742.2575689414107,0.0,0.0,0.0,-0.0,0.0,0.47997237932604736,259.05349254402023,799.2,0.0,539.7258336151965,1.0,888.0,-479276.5402502945,120,-52.54624065152258,0.0,118,-22.666787903075186,0.0,118,-28.41965530022871,0.0,120,-10.406122476337579,0.0,120,-38.24165558014046,0.0,118,-44.50221742390404,0.0,0.0,0.0484094906624454,0.0484094906624454,0.0,-481018.7978192359,-481018.7978192359,714.0,714.0,174.2741663848035,0.0,539.7258336151965,0.0,0.0,714
174.22575689414106,0.0,-1742.2575689414107,0.0,0.0,0.0,-0.0,0.0,0.47997237932604736,259.05349254402023,799.2,0.0,539.7258336151965,1.0,888.0,-479276.5402502945,120,-28.539056103029456,0.0,118,-16.47840552708265,0.0,118,-42.565250227976605,0.0,120,-50.36065545638965,0.0,120,-21.308594992065963,0.0,118,-49.11161706623859,0.0,0.0,0.0484094906624454,0.0484094906624454,0.0,-481018.7978192359,-481018.7978192359,714.0,714.0,174.2741663848035,0.0,539.7258336151965,0.0,0.0,714
174.22575689414106,0.0,-1742.2575689414107,0.0,0.0,0.0,-0.0,0.0,0.47997237932604736,259.05349254402023,799.2,0.0,539.7258336151965,1.0,888.0,-479276.5402502945,120,-24.76648331664142,0.0,118,-41.55651800158538,0.0,118,-13.828125624184498,0.0,120,-13.606561907711448,0.0,120,-7.602367440395479,0.0,118,-56.784083346250995,0.0,0.0,0.0484094906624454,0.0484094906624454,0.0,-481018.7978192359,-481018.7978192359,714.0,714.0,174.2741663848035,0.0,539.7258336151965,0.0,0.0,714
174.22575689414106,0.0,-1742.2575689414107,0.0,0.0,0.0,-0.0,0.0,0.47997237932604736,259.05349254402023,799.2,0.0,539.7258336151965,1.0,888.0,-479276.5402502945,120,-9.598708258890191,0.0,118,-44.02596830727945,0.0,118,-54.786980090141796,0.0,120,-17.767015457937433,0.0,120,-35.3559986940595,0.0,118,-22.138269351689267,0.0,0.0,0.0484094906624454,0.0484094906624454,0.0,-481018.7978192359,-481018.7978192359,714.0,714.0,174.2741663848035,0.0,539.7258336151965,0.0,0.0,714
174.22575689414106,0.0,-1742.2575689414107,0.0,0.0,0.0,-0.0,0.0,0.47997237932604736,259.05349254402023,799.2,0.0,539.7258336151965,1.0,888.0,-479276.5402502945,120,-42.58022282350127,0.0,118,-16.879221131484957,0.0,118,-1.0754144515607922,0.0,120,-32.16287214218108,0.0,120,-34.90955125383719,0.0,118,-56.886890396368265,0.0,0.0,0.0484094906624454,0.0484094906624454,0.0,-481018.7978192359,-481018.7978192359,714.0,714.0,174.2741663848035,0.0,539.7258336151965,0.0,0.0,714
174.22575689414106,0.0,-1742.2575689414107,0.0,0.0,0.0,-0.0,0.0,0.47997237932604736,259.05349254402023,799.2,0.0,539.7258336151965,1.0,888.0,-479276.5402502945,120,-44.83823434933855,0.0,118,-40.98876521310083,0.0,118,-7.534458739478174,0.0,120,-32.125696315124145,0.0,120,-22.22114519988508,0.0,118,-44.94036672312203,0.0,0.0,0.0484094906624454,0.0484094906624454,0.0,-481018.7978192359,-481018.7978192359,714.0,714.0,174.2741663848035,0.0,539.7258336151965,0.0,0.0,714
786.0190174210036,0.0,-7860.190174210036,72.23741670342122,0.0,0.0,-0.0,0.0,0.47997237932604736,0.0,799.2,0.0,0.0,1.0,888.0,-0.0,120,-54.03415385830573,0.0,118,-21.495906383406165,0.0,118,-54.36283329624274,0.0,120,-42.277547739618825,0.0,120,-5.316841585793302,0.0,118,-5.557282568300179,0.0,0.0,0.218399282417617,0.218399282417617,0.0,-7860.190174210036,-7860.190174210036,786.2374167034212,786.2374167034212,786.2374167034212,0.0,0.0,72.23741670342122,0.0,714
786.0190174210036,0.0,-7860.190174210036,72.23741670342122,65.0136750330791,0.0,-0.0,0.0015759744753855258,0.47997237932604736,0.0,799.2,0.0,0.0,1.0,888.0,-0.0,120,-35.039143883914285,0.0,118,-47.87616607539783,0.0,118,-51.3000765334244,0.0,120,-36.669778059771325,0.0,120,-52.730501153454156,0.0,118,-12.034279035667625,0.0,0.0,0.218399282417617,0.218399282417617,0.0,-7860.190174210036,-7860.190174210036,786.2374167034212,786.2374167034212,786.2374167034212,0.0,0.0,72.23741670342122,0.0,714
786.0190174210036,0.0,-7860.190174210036,72.23741670342122,130.0273500661582,0.0,-0.0,0.0031519489507710516,0.47997237932604736,0.0,799.2,0.0,0.0,1.0,888.0,-0.0,120,-20.236530751453444,0.0,118,-3.430134618265097,0.0,118,-31.059483289318415,0.0,120,-47.386065076748864,0.0,120,-26.225114760114906,0.0,118,-30.769921881483246,0.0,0.0,0.218399282417617,0.218399282417617,0.0,-7860.190174210036,-7860.190174210036,786.2374167034212,786.2374167034212,786.2374167034212,0.0,0.0,72.23741670342122,0.0,714
786.0190174210036,0.0,-7860.190174210036,72.23741670342122,195.0410250992373,0.0,-0.0,0.004727923426156577,0.47997237932604736,0.0,799.2,0.0,0.0,1.0,888.0,-0.0,120,-37.103012832739395,0.0,118,-47.784412079551,0.0,118,-10.216030186213324,0.0,120,-37.90315820872088,0.0,120,-24.86551812974128,0.0,118,-0.09026038270475434,0.0,0.0,0.218399282417617,0.218399282417617,0.0,-7860.190174210036,-7860.190174210036,786.2374167034212,786.2374167034212,786.2374167034212,0.0,0.0,72.23741670342122,0.0,714
786.0190174210036,0.0,-7860.190174210036,72.23741670342122,260.0547001323164,0.0,-0.0,0.006303897901542103,0.47997237932604736,0.0,799.2,0.0,0.0,1.0,888.0,-0.0,120,-30.451039049835437,0.0,118,-1.6210357871394598,0.0,118,-36.499140502097376,0.0,120,-36.34570583394038,0.0,120,-20.66301499356194,0.0,118,-31.77490824138625,0.0,0.0,0.218399282417617,0.218399282417617,0.0,-7860.190174210036,-7860.190174210036,786.2374167034212,786.2374167034212,786.2374167034212,0.0,0.0,72.23741670342122,0.0,714
786.0190174210036,0.0,-7860.190174210036,72.23741670342122,325.0683751653955,0.0,-0.0,0.00787987237692763,0.47997237932604736,0.0,799.2,0.0,0.0,1.0,888.0,-0.0,120,-45.25156908562513,0.0,118,-43.63391245963262,0.0,118,-5.305931686084038,0.0,120,-11.235318786824294,0.0,120,-24.83473956277162,0.0,118,-26.748211679550607,0.0,0.0,0.218399282417617,0.218399282417617,0.0,-7860.190174210036,-7860.190174210036,786.2374167034212,786.2374167034212,786.2374167034212,0.0,0.0,72.23741670342122,0.0,714
1457.5817417221278,0.0,-14575.817417221278,743.9867380382495,390.0820501984746,0.0,-0.0,0.009455846852313154,0.47997237932604736,0.0,799.2,0.0,0.0,1.0,888.0,-0.0,120,-54.97129453830584,0.0,118,-34.17611594477079,0.0,118,-13.317077096117302,0.0,120,-7.159959278058919,0.0,120,-47.4201462199134,0.0,118,-58.14756476409232,0.0,0.0,0.404996316121736,0.404996316121736,0.0,-14575.817417221278,-14575.817417221278,1457.9867380382495,1457.9867380382495,1457.9867380382495,0.0,0.0,743.9867380382495,0.0,714
1457.5817417221278,0.0,-14575.817417221278,743.9867380382495,1059.670114432899,0.0,-0.0,0.02568710431805927,0.47997237932604736,0.0,799.2,0.0,0.0,1.0,888.0,-0.0,120,-20.88429838320218,0.0,118,-43.100395716928,0.0,118,-53.123207459654836,0.0,120,-9.481717909495673,0.0,120,-15.051515621236728,0.0,118,-45.21656318279667,0.0,0.0,0.404996316121736,0.404996316121736,0.0,-14575.817417221278,-14575.817417221278,1457.9867380382495,1457.9867380382495,1457.9867380382495,0.0,0.0,743.9867380382495,0.0,714
1457.5817417221278,0.0,-14575.817417221278,743.9867380382495,1729.2581786673236,0.0,-0.0,0.04191836178380538,0.47997237932604736,0.0,799.2,0.0,0.0,1.0,888.0,-0.0,120,-23.071631404474708,0.0,118,-50.51869202860112,0.0,118,-23.15862015812578,0.0,120,-26.061017700975313,0.0,120,-45.43920679481927,0.0,118,-28.928580975249048,0.0,0.0,0.404996316121736,0.404996316121736,0.0,-14575.817417221278,-14575.817417221278,1457.9867380382495,1457.9867380382495,1457.9867380382495,0.0,0.0,743.9867380382495,0.0,714
1457.5817417221278,0.0,-14575.817417221278,743.9867380382495,2398.846242901748,0.0,-0.0,0.058149619249551504,0.47997237932604736,0.0,799.2,0.0,0.0,1.0,888.0,-0.0,120,-9.507710439129172,0.0,118,-52.05367337653707,0.0,118,-52.27896173914161,0.0,120,-32.341489578270256,0.0,120,-10.058998788468509,0.0,118,-41.494243173743925,0.0,0.0,0.404996316121736,0.404996316121736,0.0,-14575.817417221278,-14575.817417221278,1457.9867380382495,1457.9867380382495,1457.9867380382495,0.0,0.0,743.9867380382495,0.0,714
1457.5817417221278,0.0,-14575.817417221278,743.9867380382495,3068.4343071361727,0.0,-0.0,0.07438087671529763,0.47997237932604736,0.0,799.2,0.0,0.0,1.0,888.0,-0.0,120,-31.51573077214461,0.0,118,-51.629196472859,0.0,118,-0.023711583621657262,0.0,120,-26.49480211888356,0.0,120,-14.487294474577059,0.0,118,-34.68849212356723,0.0,0.0,0.404996316121736,0.404996316121736,0.0,-14575.817417221278,-14575.817417221278,1457.9867380382495,1457.9867380382495,1457.9867380382495,0.0,0.0,743.9867380382495,0.0,714
1457.5817417221278,0.0,-14575.817417221278,743.9867380382495,3738.0223713705973,0.0,-0.0,0.09061213418104373,0.47997237932604736,0.0,799.2,0.0,0.0,1.0,888.0,-0.0,120,-37.69862297097242,0.0,118,-34.87586007189604,0.0,118,-21.907834948775935,0.0,120,-26.709655025522252,0.0,120,-28.281380936002392,0.0,118,-43.82883299876992,0.0,0.0,0.404996316121736,0.404996316121736,0.0,-14575.817417221278,-14575.817417221278,1457.9867380382495,1457.9867380382495,1457.9867380382495,0.0,0.0,743.9867380382495,0.0,714
1960.6341970719247,0.0,-19606.341970719248,1247.1789690077603,4407.610435605022,0.0,-0.0,0.10684339164678985,0.47997237932604736,0.0,799.2,0.0,0.0,1.0,888.0,-0.0,120,-20.28858159544744,0.0,118,-45.4956966745021,0.0,118,-55.36316481648726,0.0,120,-59.79348297459898,0.0,120,-1.472671612126104,0.0,118,-27.617399515997374,0.0,0.0,0.544771935835489,0.544771935835489,0.0,-19606.341970719248,-19606.341970719248,1961.1789690077603,1961.1789690077603,1961.1789690077603,0.0,0.0,1247.1789690077603,0.0,714
1960.6341970719247,0.0,-19606.341970719248,1247.1789690077603,5530.071507712006,0.0,-0.0,0.13405259030160244,0.47997237932604736,0.0,799.2,0.0,0.0,1.0,888.0,-0.0,120,-24.595225419113977,0.0,118,-45.32631507518525,0.0,118,-17.70809277284393,0.0,120,-35.5483272520986,0.0,120,-24.38392120080511,0.0,118,-5.634633671759211,0.0,0.0,0.544771935835489,0.544771935835489,0.0,-19606.341970719248,-19606.341970719248,1961.1789690077603,1961.1789690077603,1961.1789690077603,0.0,0.0,1247.1789690077603,0.0,714
1960.6341970719247,0.0,-19606.341970719248,1247.1789690077603,6652.53257981899,0.0,-0.0,0.16126178895641505,0.47997237932604736,0.0,799.2,0.0,0.0,1.0,888.0,-0.0,120,-25.330417386730705,0.0,118,-46.41618505671861,0.0,118,-7.401369865975558,0.0,120,-17.106307116916366,0.0,120,-5.990530276525017,0.0,118,-58.97221464748515,0.0,0.0,0.544771935835489,0.544771935835489,0.0,-19606.341970719248,-19606.341970719248,1961.1789690077603,1961.1789690077603,1961.1789690077603,0.0,0.0,1247.1789690077603,0.0,714
1960.6341970719247,0.0,-19606.341970719248,1247.1789690077603,7774.993651925974,0.0,-0.0,0.18847098761122763,0.47997237932604736,0.0,799.2,0.0,0.0,1.0,888.0,-0.0,120,-35.284790228148346,0.0,118,-15.9894369355896,0.0,118,-5.807536597981249,0.0,120,-26.028278879710435,0.0,120,-25.09180170646838,0.0,118,-4.407658642064575,0.0,0.0,0.544771935835489,0.544771935835489,0.0,-19606.341970719248,-19606.341970719248,1961.1789690077603,1961.1789690077603,1961.1789690077603,0.0,0.0,1247.1789690077603,0.0,714
1960.6341970719247,0.0,-19606.341970719248,1247.1789690077603,8897.454724032958,0.0,-0.0,0.21568018626604024,0.47997237932604736,0.0,799.2,0.0,0.0,1.0,888.0,-0.0,120,-38.50828562491825,0.0,118,-45.48070330306753,0.0,118,-1.5972394594180783,0.0,120,-15.128590328371331,0.0,120,-30.398428274789303,0.0,118,-19.497879742244898,0.0,0.0,0.544771935835489,0.544771935835489,0.0,-19606.341970719248,-19606.341970719248,1961.1789690077603,1961.1789690077603,1961.1789690077603,0.0,0.0,1247.1789690077603,0.0,714
1960.6341970719247,0.0,-19606.341970719248,1247.1789690077603,10019.915796139941,0.0,-0.0,0.24288938492085282,0.47997237932604736,0.0,799.2,0.0,0.0,1.0,888.0,-0.0,120,-17.138930715122715,0.0,118,-32.571977476749296,0.0,118,-48.185216072128064,0.0,120,-4.208749078981406,0.0,120,-26.86951775937906,0.0,118,-28.541659143927948,0.0,0.0,0.544771935835489,0.544771935835489,0.0,-19606.341970719248,-19606.341970719248,1961.1789690077603,1961.1789690077603,1961.1789690077603,0.0,0.0,1247.1789690077603,0.0,714
2242.5848686850645,0.0,-22425.848686850644,1529.2079820134018,11142.376868246925,0.0,-0.0,0.2700985835756654,0.47997237932604736,0.0,799.2,0.0,0.0,1.0,888.0,-0.0,120,-28.21815635297671,0.0,118,-57.96015618770694,0.0,118,-13.223813852074414,0.0,120,-34.52382014480908,0.0,120,-38.608582841509005,0.0,118,-59.106376172135505,0.0,0.0,0.623113328337056,0.623113328337056,0.0,-22425.848686850644,-22425.848686850644,2243.2079820134018,2243.2079820134018,2243.2079820134018,0.0,0.0,1529.2079820134018,0.0,714
2242.5848686850645,0.0,-22425.848686850644,1531.2079820134018,12518.664052058986,0.0,-0.0,0.3034606950296702,0.47997237932604736,0.0,799.2,0.0,0.0,1.0,888.0,-0.0,118,-50.17740672687759,0.0,118,-34.26054622679265,0.0,118,-15.566328033556076,0.0,120,-45.728308546041134,0.0,120,-33.50480778697666,0.0,118,-11.610229289261632,0.0,0.0,0.623113328337056,0.623113328337056,0.0,-22425.848686850644,-22425.848686850644,2243.2079820134018,2243.2079820134018,2243.2079820134018,0.0,0.0,1531.2079820134018,0.0,712
2242.5848686850645,0.0,-22425.848686850644,1531.2079820134018,13896.751235871048,0.0,-0.0,0.3368664396739885,0.47997237932604736,0.0,799.2,0.0,0.0,1.0,888.0,-0.0,118,-7.72433496596175,0.0,118,-20.105302988044052,0.0,118,-52.86089942517976,0.0,120,-55.758765754482646,0.0,120,-39.65655662590833,0.0,118,-31.963547920663558,0.0,0.0,0.623113328337056,0.623113328337056,0.0,-22425.848686850644,-22425.848686850644,2243.2079820134018,2243.2079820134018,2243.2079820134018,0.0,0.0,1531.2079820134018,0.0,712
2242.5848686850645,0.0,-22425.848686850644,1531.2079820134018,15274.83841968311,0.0,-0.0,0.3702721843183068,0.47997237932604736,0.0,799.2,0.0,0.0,1.0,888.0,-0.0,118,-14.35400029654193,0.0,118,-6.666102836077126,0.0,118,-35.15536808683385,0.0,120,-28.137299754621843,0.0,120,-56.99792721136063,0.0,118,-53.290543010787886,0.0,0.0,0.623113328337056,0.623113328337056,0.0,-22425.848686850644,-22425.848686850644,2243.2079820134018,2243.2079820134018,2243.2079820134018,0.0,0.0,1531.2079820134018,0.0,712
2242.5848686850645,0.0,-22425.848686850644,1529.2079820134018,16652.925603495172,0.0,-0.0,0.40367792896262505,0.47997237932604736,0.0,799.2,0.0,0.0,1.0,888.0,-0.0,120,-58.21468773418132,0.0,118,-10.62803722483022,0.0,118,-23.207621680381504,0.0,120,-21.677463554601708,0.0,120,-50.65643367435493,0.0,118,-52.69351422034758,0.0,0.0,0.623113328337056,0.623113328337056,0.0,-22425.848686850644,-22425.848686850644,2243.2079820134018,2243.2079820134018,2243.2079820134018,0.0,0.0,1529.2079820134018,0.0,714
2242.5848686850645,0.0,-22425.848686850644,1529.2079820134018,18029.212787307235,0.0,-0.0,0.4370400404166299,0.47997237932604736,0.0,799.2,0.0,0.0,1.0,888.0,-0.0,120,-44.01713109294102,0.0,118,-4.8193180051581885,0.0,118,-28.0266696450421,0.0,120,-33.5634263922284,0.0,120,-54.65401928485701,0.0,118,-18.120112953219415,0.0,0.0,0.623113328337056,0.623113328337056,0.0,-22425.848686850644,-22425.848686850644,2243.2079820134018,2243.2079820134018,2243.2079820134018,0.0,0.0,1529.2079820134018,0.0,714
2313.2373657061016,0.0,-23132.373657061016,1599.8801101811518,19405.499971119298,0.0,-0.0,0.47040215187063483,0.47997237932604736,0.0,799.2,0.0,0.0,1.0,888.0,-0.0,120,-56.71026756002811,0.0,118,-49.31989302051066,0.0,118,-29.343903034884754,0.0,120,-14.03239834733412,0.0,120,-57.16846378140573,0.0,118,-4.051824276072158,0.0,0.0,0.64274447505032,0.64274447505032,0.0,-23132.373657061016,-23132.373657061016,2313.880110181152,2313.880110181152,2313.880110181152,0.0,0.0,1599.8801101811518,0.0,714
2313.2373657061016,0.0,-23132.373657061016,1601.8801101811518,20845.392070282334,0.0,-0.0,0.505306088533739,0.47997237932604736,0.0,799.2,0.0,0.0,1.0,888.0,-0.0,120,-11.657303233373186,0.0,118,-10.286060404820818,0.0,118,-26.456987256443607,0.0,120,-50.92769612230346,0.0,118,-11.472443912764255,0.0,118,-12.189204051164548,0.0,0.0,0.64274447505032,0.64274447505032,0.0,-23132.373657061016,-23132.373657061016,2313.880110181152,2313.880110181152,2313.880110181152,0.0,0.0,1601.8801101811518,0.0,712
2313.2373657061016,0.0,-23132.373657061016,1603.8801101811518,22287.08416944537,0.0,-0.0,0.5402536583871566,0.47997237932604736,0.0,799.2,0.0,0.0,1.0,888.0,-0.0,120,-32.223459899556566,0.0,118,-21.845063787943545,0.0,118,-32.49035201040063,0.0,118,-37.53645549389471,0.0,118,-9.405147963931704,0.0,118,-28.01822704850206,0.0,0.0,0.64274447505032,0.64274447505032,0.0,-23132.373657061016,-23132.373657061016,2313.880110181152,2313.880110181152,2313.880110181152,0.0,0.0,1603.8801101811518,0.0,710
2313.2373657061016,0.0,-23132.373657061016,1603.8801101811518,23730.576268608405,0.0,-0.0,0.5752448614308876,0.47997237932604736,0.0,799.2,0.0,0.0,1.0,888.0,-0.0,120,-11.624779130041782,0.0,118,-45.09823795474671,0.0,118,-13.216268735514024,0.0,118,-28.917395978174383,0.0,118,-14.830490258981051,0.0,118,-26.132823603649587,0.0,0.0,0.64274447505032,0.64274447505032,0.0,-23132.373657061016,-23132.373657061016,2313.880110181152,2313.880110181152,2313.880110181152,0.0,0.0,1603.8801101811518,0.0,710
2313.2373657061016,0.0,-23132.373657061016,1603.8801101811518,25174.06836777144,0.0,-0.0,0.6102360644746185,0.47997237932604736,0.0,799.2,0.0,0.0,1.0,888.0,-0.0,120,-21.632173214416,0.0,118,-55.513666014761846,0.0,118,-10.359512632137218,0.0,118,-17.225992834071203,0.0,118,-32.74578123362743,0.0,118,-11.159984823599613,0.0,0.0,0.64274447505032,0.64274447505032,0.0,-23132.373657061016,-23132.373657061016,2313.880110181152,2313.880110181152,2313.880110181152,0.0,0.0,1603.8801101811518,0.0,710
2313.2373657061016,0.0,-23132.373657061016,1603.8801101811518,26617.560466934476,0.0,-0.0,0.6452272675183496,0.47997237932604736,0.0,799.2,0.0,0.0,1.0,888.0,-0.0,120,-35.70039346328675,0.0,118,-13.206958361256325,0.0,118,-1.1696750818884283,0.0,118,-27.151186049386503,0.0,118,-22.809577280522717,0.0,118,-47.51872725650546,0.0,0.0,0.64274447505032,0.64274447505032,0.0,-23132.373657061016,-23132.373657061016,2313.880110181152,2313.880110181152,2313.880110181152,0.0,0.0,1603.8801101811518,0.0,710
2167.9863624382956,0.0,-21679.863624382957,1458.5887482016851,28061.05256609751,0.0,-0.0,0.6802184705620806,0.47997237932604736,0.0,799.2,0.0,0.0,1.0,888.0,-0.0,120,-48.95857772067241,0.0,118,-48.36281282280336,0.0,118,-57.26884492999464,0.0,118,-20.828896504775027,0.0,118,-13.201487011506787,0.0,118,-50.90503157888836,0.0,0.0,0.602385763389357,0.602385763389357,0.0,-21679.863624382957,-21679.863624382957,2168.588748201685,2168.588748201685,2168.588748201685,0.0,0.0,1458.5887482016851,0.0,710
2167.9863624382956,0.0,-21679.863624382957,1458.5887482016851,29373.782439479026,0.0,-0.0,0.7120399107817377,0.47997237932604736,0.0,799.2,0.0,0.0,1.0,888.0,-0.0,120,-36.59447232126103,0.0,118,-16.074309860598333,0.0,118,-23.60240417591205,0.0,118,-22.386129460017777,0.0,118,-9.373995812790653,0.0,118,-9.204680899836486,0.0,0.0,0.602385763389357,0.602385763389357,0.0,-21679.863624382957,-21679.863624382957,2168.588748201685,2168.588748201685,2168.588748201685,0.0,0.0,1458.5887482016851,0.0,710
2167.9863624382956,0.0,-21679.863624382957,1458.5887482016851,30686.51231286054,0.0,-0.0,0.7438613510013948,0.47997237932604736,0.0,799.2,0.0,0.0,1.0,888.0,-0.0,120,-54.64127545826702,0.0,118,-34.70636161778546,0.0,118,-29.92281674060291,0.0,118,-30.257989688555465,0.0,118,-11.6874860329148,0.0,118,-15.628514587982703,0.0,0.0,0.602385763389357,0.602385763389357,0.0,-21679.863624382957,-21679.863624382957,2168.588748201685,2168.588748201685,2168.588748201685,0.0,0.0,1458.5887482016851,0.0,710
2167.9863624382956,0.0,-21679.863624382957,1458.5887482016851,31999.242186242056,0.0,-0.0,0.775682791221052,0.47997237932604736,0.0,799.2,0.0,0.0,1.0,888.0,-0.0,120,-12.185583478318605,0.0,118,-18.32754952803632,0.0,118,-28.93736375715427,0.0,118,-54.375603711989385,0.0,118,-5.594674860792659,0.0,118,-28.67396066320757,0.0,0.0,0.602385763389357,0.602385763389357,0.0,-21679.863624382957,-21679.863624382957,2168.588748201685,2168.588748201685,2168.588748201685,0.0,0.0,1458.5887482016851,0.0,710
2167.9863624382956,0.0,-21679.863624382957,1458.5887482016851,33311.97205962357,0.0,-0.0,0.807504231440709,0.47997237932604736,0.0,799.2,0.0,0.0,1.0,888.0,-0.0,120,-55.38210703305241,0.0,118,-1.0739069387913092,0.0,118,-28.19141176705939,0.0,118,-45.43787702586474,0.0,118,-3.347026283020891,0.0,118,-56.04665036210871,0.0,0.0,0.602385763389357,0.602385763389357,0.0,-21679.863624382957,-21679.863624382957,2168.588748201685,2168.588748201685,2168.588748201685,0.0,0.0,1458.5887482016851,0.0,710
2167.9863624382956,0.0,-21679.863624382957,1396.5887482016851,34624.70193300509,0.0,-0.0,0.8393256716603663,0.47997237932604736,0.0,799.2,0.0,0.0,1.0,888.0,-0.0,120,-56.06789552244979,0.0,118,-39.88595260680161,0.0,118,-50.40946761478779,0.0,118,-34.835789152402256,0.0,180,-16.607286163419584,0.0,118,-19.622556567740347,0.0,0.0,0.602385763389357,0.602385763389357,0.0,-21679.863624382957,-21679.863624382957,2168.588748201685,2168.588748201685,2168.588748201685,0.0,0.0,1396.5887482016851,0.0,772
1835.9770167702486,0.0,-18359.770167702485,1064.4871520902736,35881.631806386606,0.0,-0.0,0.869794482980307,0.47997237932604736,0.0,799.2,0.0,0.0,1.0,888.0,-0.0,120,-6.307685446216851,0.0,118,-33.35549893532117,0.0,118,-23.015534346019795,0.0,118,-54.9908546975758,0.0,180,-23.733735291303674,0.0,118,-39.277923342450016,0.0,0.0,0.510135320025076,0.510135320025076,0.0,-18359.770167702485,-18359.770167702485,1836.4871520902736,1836.4871520902736,1836.4871520902736,0.0,0.0,1064.4871520902736,0.0,772
1835.9770167702486,0.0,-18359.770167702485,1064.4871520902736,36839.67024326785,0.0,-0.0,0.8930179682269859,0.47997237932604736,0.0,799.2,0.0,0.0,1.0,888.0,-0.0,120,-59.51148272201388,0.0,118,-37.801948998682214,0.0,118,-49.21890921343236,0.0,118,-32.62899972109962,0.0,180,-15.33619853863167,0.0,118,-28.7901991692894,0.0,0.0,0.510135320025076,0.510135320025076,0.0,-18359.770167702485,-18359.770167702485,1836.4871520902736,1836.4871520902736,1836.4871520902736,0.0,0.0,1064.4871520902736,0.0,772
1835.9770167702486,0.0,-18359.770167702485,1064.4871520902736,37797.708680149095,0.0,-0.0,0.9162414534736648,0.47997237932604736,0.0,799.2,0.0,0.0,1.0,888.0,-0.0,120,-50.78934775689295,0.0,118,-7.092283526172418,0.0,118,-44.856802700774296,0.0,118,-30.259118970808416,0.0,180,-38.44242493029169,0.0,118,-44.953606721205325,0.0,0.0,0.510135320025076,0.510135320025076,0.0,-18359.770167702485,-18359.770167702485,1836.4871520902736,1836.4871520902736,1836.4871520902736,0.0,0.0,1064.4871520902736,0.0,772
1835.9770167702486,0.0,-18359.770167702485,1064.4871520902736,38755.74711703034,0.0,-0.0,0.9394649387203438,0.47997237932604736,0.0,799.2,0.0,0.0,1.0,888.0,-0.0,120,-3.2230461654017994,0.0,118,-21.374743570268436,0.0,118,-28.742223723172966,0.0,118,-59.186014026396265,0.0,180,-34.10094748744743,0.0,118,-44.9682193485235,0.0,0.0,0.510135320025076,0.510135320025076,0.0,-18359.770167702485,-18359.770167702485,1836.4871520902736,1836.4871520902736,1836.4871520902736,0.0,0.0,1064.4871520902736,0.0,772
1835.9770167702486,0.0,-18359.770167702485,1064.4871520902736,39713.785553911584,0.0,-0.0,0.9626884239670226,0.47997237932604736,0.0,799.2,0.0,0.0,1.0,888.0,-0.0,120,-8.35985722604434,0.0,118,-41.20037856590379,0.0,118,-30.689092586368137,0.0,118,-58.09076825610985,0.0,180,-56.51143208798832,0.0,118,-51.99978022344948,0.0,0.0,0.510135320025076,0.510135320025076,0.0,-18359.770167702485,-18359.770167702485,1836.4871520902736,1836.4871520902736,1836.4871520902736,0.0,0.0,1064.4871520902736,0.0,772
1835.9770167702486,0.0,-18359.770167702485,645.751121341301,40671.82399079283,0.0,-0.0,0.9859119092137015,0.47997237932604736,0.0,799.2,418.73603074897267,0.0,1.0,888.0,334653.83577457897,120,-28.675199089874404,0.0,118,-20.81575481098253,0.0,118,-10.368675325022075,0.0,118,-49.219549112051176,0.0,180,-32.52346930024537,0.0,118,-59.87425775360367,0.0,0.0,0.510135320025076,0.510135320025076,0.0,316294.0656068765,316294.0656068765,1836.4871520902736,1836.4871520902736,1836.4871520902736,0.0,0.0,1064.4871520902736,0.0,772
1295.4049351369724,0.0,-12954.049351369724,0.0,41253.0,0.0,-0.0,1.0,0.47997237932604736,0.0,799.2,523.7648698230344,0.0,1.0,888.0,418592.88396256906,120,-29.60771010721482,0.0,118,-0.06887864421686984,0.0,118,-12.256448713192365,0.0,118,-35.30359270980377,0.0,180,-45.799525155856,0.0,118,-58.71380515028024,0.0,0.0,0.359934686061954,0.359934686061954,0.0,405638.83461119933,405638.83461119933,1295.7648698230344,1295.7648698230344,1295.7648698230344,0.0,0.0,523.7648698230344,0.0,772
1295.4049351369724,0.0,-12954.049351369724,0.0,41253.0,0.0,-0.0,1.0,0.47997237932604736,0.0,799.2,523.7648698230344,0.0,1.0,888.0,418592.88396256906,120,-27.322359857205303,0.0,118,-11.370728082225757,0.0,118,-3.28107850987027,0.0,118,-49.426428445238344,0.0,180,-34.30667376369231,0.0,118,-37.156581629332145,0.0,0.0,0.359934686061954,0.359934686061954,0.0,405638.83461119933,405638.83461119933,1295.7648698230344,1295.7648698230344,1295.7648698230344,0.0,0.0,523.7648698230344,0.0,772
1295.4049351369724,0.0,-12954.049351369724,0.0,41253.0,0.0,-0.0,1.0,0.47997237932604736,0.0,799.2,523.7648698230344,0.0,1.0,888.0,418592.88396256906,120,-8.335177693141315,0.0,118,-40.638352838929706,0.0,118,-37.6091450899947,0.0,118,-39.94309772324545,0.0,180,-48.248881613004286,0.0,118,-53.475763244182396,0.0,0.0,0.359934686061954,0.359934686061954,0.0,405638.83461119933,405638.83461119933,1295.7648698230344,1295.7648698230344,1295.7648698230344,0.0,0.0,523.7648698230344,0.0,772
1295.4049351369724,0.0,-12954.049351369724,0.0,41253.0,0.0,-0.0,1.0,0.47997237932604736,0.0,799.2,523.7648698230344,0.0,1.0,888.0,418592.88396256906,120,-35.06325401493279,0.0,118,-41.92296976152961,0.0,118,-12.9395666334999,0.0,118,-26.3445582902049,0.0,180,-51.511020819566205,0.0,118,-5.152034962268819,0.0,0.0,0.359934686061954,0.359934686061954,0.0,405638.83461119933,405638.83461119933,1295.7648698230344,1295.7648698230344,1295.7648698230344,0.0,0.0,523.7648698230344,0.0,772
1295.4049351369724,0.0,-12954.049351369724,0.0,41253.0,0.0,-0.0,1.0,0.47997237932604736,0.0,799.2,523.7648698230344,0.0,1.0,888.0,418592.88396256906,120,-42.352609555431286,0.0,118,-44.96555562687391,0.0,118,-5.216497469163728,0.0,118,-9.225125520660855,0.0,180,-19.85699014428328,0.0,118,-3.6366666036264372,0.0,0.0,0.359934686061954,0.359934686061954,0.0,405638.83461119933,405638.83461119933,1295.7648698230344,1295.7648698230344,1295.7648698230344,0.0,0.0,523.7648698230344,0.0,772
1295.4049351369724,0.0,-12954.049351369724,0.0,41253.0,0.0,-0.0,1.0,0.47997237932604736,0.0,799.2,523.7648698230344,0.0,1.0,888.0,418592.88396256906,120,-6.588026164157994,0.0,118,-57.95248436547127,0.0,118,-44.418712947074624,0.0,118,-4.187495935667478,0.0,180,-58.42102972616182,0.0,118,-9.364777607629762,0.0,0.0,0.359934686061954,0.359934686061954,0.0,405638.83461119933,405638.83461119933,1295.7648698230344,1295.7648698230344,1295.7648698230344,0.0,0.0,523.7648698230344,0.0,772
596.0626322281549,0.0,-5960.62632228155,0.0,41253.0,175.77174881318206,-0.0,1.0,0.47997237932604736,0.0,799.2,0.0,0.0,1.0,888.0,-0.0,120,-6.070059189039121,0.0,118,-18.78587071436268,0.0,118,-2.5401731553001383,0.0,118,-44.01668696405577,0.0,180,-7.328975480117322,0.0,118,-26.517504831738968,0.0,0.0,0.165618958663005,0.165618958663005,0.0,-5960.62632228155,-5960.62632228155,772.0,772.0,596.2282511868179,0.0,175.77174881318206,0.0,0.0,772
596.0626322281549,0.0,-5960.62632228155,0.0,41057.698056874244,175.77174881318206,-0.0,0.9952657517483393,0.47997237932604736,0.0,799.2,0.0,0.0,1.0,888.0,-0.0,120,-32.48582657437613,0.0,118,-2.3516654631547818,0.0,118,-13.832768578969523,0.0,118,-58.87793105052664,0.0,180,-52.23108207964111,0.0,118,-20.396417147531583,0.0,0.0,0.165618958663005,0.165618958663005,0.0,-5960.62632228155,-5960.62632228155,772.0,772.0,596.2282511868179,0.0,175.77174881318206,0.0,0.0,772
596.0626322281549,0.0,-5960.62632228155,0.0,40862.39611374849,175.77174881318206,-0.0,0.9905315034966787,0.47997237932604736,0.0,799.2,0.0,0.0,1.0,888.0,-0.0,120,-21.50309449915068,0.0,118,-39.94834401633009,0.0,118,-43.265032624617426,0.0,118,-43.85094563707748,0.0,180,-27.65777987481905,0.0,118,-19.322704341687704,0.0,0.0,0.165618958663005,0.165618958663005,0.0,-5960.62632228155,-5960.62632228155,772.0,772.0,596.2282511868179,0.0,175.77174881318206,0.0,0.0,772
596.0626322281549,0.0,-5960.62632228155,0.0,40667.09417062273,237.77174881318206,-0.0,0.985797255245018,0.47997237932604736,0.0,799.2,0.0,0.0,1.0,888.0,-0.0,120,-45.04565751881431,0.0,118,-57.36614479813889,0.0,180,-39.59284073498056,0.0,118,-16.74623533439672,0.0,180,-20.842148064737813,0.0,118,-17.423100328124175,0.0,0.0,0.165618958663005,0.165618958663005,0.0,-5960.62632228155,-5960.62632228155,834.0,834.0,596.2282511868179,0.0,237.77174881318206,0.0,0.0,834
596.0626322281549,0.0,-5960.62632228155,0.0,40402.903338608085,237.77174881318206,-0.0,0.9793930947714853,0.47997237932604736,0.0,799.2,0.0,0.0,1.0,888.0,-0.0,120,-27.68836980528359,0.0,118,-18.12260499863422,0.0,180,-13.01988317673457,0.0,118,-50.456968481247806,0.0,180,-34.67439191126618,0.0,118,-4.652159304618504,0.0,0.0,0.165618958663005,0.165618958663005,0.0,-5960.62632228155,-5960.62632228155,834.0,834.0,596.2282511868179,0.0,237.77174881318206,0.0,0.0,834
596.0626322281549,0.0,-5960.62632228155,0.0,40138.71250659344,237.77174881318206,-0.0,0.9729889342979526,0.47997237932604736,0.0,799.2,0.0,0.0,1.0,888.0,-0.0,120,-27.983392905469554,0.0,118,-16.31236905129314,0.0,180,-55.647349359329546,0.0,118,-40.50911400589748,0.0,180,-4.275676517305804,0.0,118,-11.959141215454638,0.0,0.0,0.165618958663005,0.165618958663005,0.0,-5960.62632228155,-5960.62632228155,834.0,834.0,596.2282511868179,0.0,237.77174881318206,0.0,0.0,834
35.80157924968356,0.0,-358.0157924968356,0.0,39874.52167457879,858.1884731039564,-0.0,0.9665847738244199,0.47997237932604736,0.0,799.2,0.0,0.0,1.0,888.0,-0.0,180,-23.94775010098837,0.0,118,-24.101175269261894,0.0,180,-33.775226830982234,0.0,118,-16.262434921440082,0.0,180,-51.50604123766508,0.0,118,-22.55635537223054,0.0,0.0,0.0099476463600121,0.0099476463600121,0.0,-358.0157924968356,-358.0157924968356,894.0,894.0,35.811526896043574,0.0,858.1884731039564,0.0,0.0,894
35.80157924968356,0.0,-358.0157924968356,0.0,38920.97892668551,858.1884731039564,-0.0,0.9434702670517419,0.47997237932604736,0.0,799.2,0.0,0.0,1.0,888.0,-0.0,180,-12.245683968894678,0.0,118,-5.913364109651804,0.0,180,-45.97578568218649,0.0,118,-53.02116905104475,0.0,180,-44.072115213330775,0.0,118,-49.84060759969411,0.0,0.0,0.0099476463600121,0.0099476463600121,0.0,-358.0157924968356,-358.0157924968356,894.0,894.0,35.811526896043574,0.0,858.1884731039564,0.0,0.0,894
35.80157924968356,0.0,-358.0157924968356,0.0,37967.436178792224,858.1884731039564,-0.0,0.920355760279064,0.47997237932604736,0.0,799.2,0.0,0.0,1.0,888.0,-0.0,180,-50.348023506075194,0.0,118,-59.88424126001926,0.0,180,-6.772537730007821,0.0,118,-17.4774599809463,0.0,180,-46.77736611783696,0.0,118,-16.139388243293922,0.0,0.0,0.0099476463600121,0.0099476463600121,0.0,-358.0157924968356,-358.0157924968356,894.0,894.0,35.811526896043574,0.0,858.1884731039564,0.0,0.0,894
35.80157924968356,0.0,-358.0157924968356,0.0,37013.89343089894,858.1884731039564,-0.0,0.897241253506386,0.47997237932604736,0.0,799.2,0.0,0.0,1.0,888.0,-0.0,180,-47.47387716748761,0.0,118,-52.69858797730156,0.0,180,-5.704627215809821,0.0,118,-22.230891131725063,0.0,180,-50.650796042409084,0.0,118,-26.017842339169068,0.0,0.0,0.0099476463600121,0.0099476463600121,0.0,-358.0157924968356,-358.0157924968356,894.0,894.0,35.811526896043574,0.0,858.1884731039564,0.0,0.0,894
35.80157924968356,0.0,-358.0157924968356,0.0,36060.35068300566,858.1884731039564,-0.0,0.874126746733708,0.47997237932604736,0.0,799.2,0.0,0.0,1.0,888.0,-0.0,180,-35.50421734851458,0.0,118,-59.29519838164622,0.0,180,-27.39454715138021,0.0,118,-18.58962435965792,0.0,180,-35.58741662153344,0.0,118,-36.59750671623772,0.0,0.0,0.0099476463600121,0.0099476463600121,0.0,-358.0157924968356,-358.0157924968356,894.0,894.0,35.811526896043574,0.0,858.1884731039564,0.0,0.0,894
35.80157924968356,0.0,-358.0157924968356,0.0,35106.807935112374,858.1884731039564,-0.0,0.85101223996103,0.47997237932604736,0.0,799.2,0.0,0.0,1.0,888.0,-0.0,180,-23.581388482343847,0.0,118,-35.263720194669794,0.0,180,-13.472763414328881,0.0,118,-7.593547988976446,0.0,180,-27.919895532615506,0.0,118,-38.43467269020399,0.0,0.0,0.0099476463600121,0.0099476463600121,0.0,-358.0157924968356,-358.0157924968356,894.0,894.0,35.811526896043574,0.0,858.1884731039564,0.0,0.0,894
0.0,0.0,-0.0,0.0,34153.26518721909,894.0,-0.0,0.8278977331883521,0.47997237932604736,0.0,799.2,0.0,0.0,1.0,888.0,-0.0,180,-56.357554262166786,0.0,118,-14.316852281751235,0.0,180,-8.32262694110967,0.0,118,-7.349569393617639,0.0,180,-48.64053975101947,0.0,118,-46.56352070908394,0.0,0.0,0.0,0.0,0.0,0.0,0.0,894.0,894.0,0.0,0.0,894.0,0.0,0.0,894
0.0,0.0,-0.0,0.0,33159.931853885755,894.0,-0.0,0.8038186763116805,0.47997237932604736,0.0,799.2,0.0,0.0,1.0,888.0,-0.0,180,-5.869044127293899,0.0,118,-39.22965421843467,0.0,180,-8.93806774743475,0.0,118,-59.90617139575469,0.0,180,-52.25993999697037,0.0,118,-41.976535286702145,0.0,0.0,0.0,0.0,0.0,0.0,0.0,894.0,894.0,0.0,0.0,894.0,0.0,0.0,894
0.0,0.0,-0.0,0.0,32166.598520552423,894.0,-0.0,0.7797396194350089,0.47997237932604736,0.0,799.2,0.0,0.0,1.0,888.0,-0.0,180,-29.556614700613245,0.0,118,-2.5734077912132602,0.0,180,-50.17043036624194,0.0,118,-48.45220464438241,0.0,180,-47.6885385865025,0.0,118,-34.77808267730869,0.0,0.0,0.0,0.0,0.0,0.0,0.0,894.0,894.0,0.0,0.0,894.0,0.0,0.0,894
0.0,0.0,-0.0,0.0,31173.26518721909,832.0,-0.0,0.7556605625583374,0.47997237932604736,0.0,799.2,0.0,0.0,1.0,888.0,-0.0,180,-52.92063605758348,0.0,118,-2.513402577991133,0.0,118,-5.211299162076717,0.0,118,-54.67148702307756,0.0,180,-12.895488273004494,0.0,118,-18.210586315016883,0.0,0.0,0.0,0.0,0.0,0.0,0.0,832.0,832.0,0.0,0.0,832.0,0.0,0.0,832
0.0,0.0,-0.0,0.0,30248.820742774646,832.0,-0.0,0.7332514179035379,0.47997237932604736,0.0,799.2,0.0,0.0,1.0,888.0,-0.0,180,-38.096122254085564,0.0,118,-51.44622333034721,0.0,118,-20.60736086928403,0.0,118,-5.5308958677710045,0.0,180,-28.638384972259374,0.0,118,-25.894895161517205,0.0,0.0,0.0,0.0,0.0,0.0,0.0,832.0,832.0,0.0,0.0,832.0,0.0,0.0,832
0.0,0.0,-0.0,0.0,29324.3762983302,832.0,-0.0,0.7108422732487383,0.47997237932604736,0.0,799.2,0.0,0.0,1.0,888.0,-0.0,180,-59.20883552353255,0.0,118,-55.163526616000745,0.0,118,-54.79926126960461,0.0,118,-55.92798087943676,0.0,180,-10.479096295240687,0.0,118,-49.246503838863404,0.0,0.0,0.0,0.0,0.0,0.0,0.0,832.0,832.0,0.0,0.0,832.0,0.0,0.0,832
0.0,0.0,-0.0,0.0,28399.931853885755,832.0,-0.0,0.6884331285939388,0.47997237932604736,0.0,799.2,0.0,0.0,1.0,888.0,-0.0,180,-30.251278077137137,0.0,118,-11.767070618938387,0.0,118,-9.96459832982213,0.0,118,-18.465579498064873,0.0,180,-44.89674960340615,0.0,118,-6.810353994654319,0.0,0.0,0.0,0.0,0.0,0.0,0.0,832.0,832.0,0.0,0.0,832.0,0.0,0.0,832
0.0,0.0,-0.0,0.0,27475.48740944131,770.0,-0.0,0.6660239839391392,0.47997237932604736,0.0,799.2,0.0,0.0,1.0,888.0,-0.0,180,-33.05190371316795,0.0,118,-7.146972120402202,0.0,118,-34.845335901793426,0.0,118,-42.17160667541315,0.0,118,-12.907314238987595,0.0,118,-58.44482397987658,0.0,0.0,0.0,0.0,0.0,0.0,0.0,770.0,770.0,0.0,0.0,770.0,0.0,0.0,770
0.0,0.0,-0.0,0.0,26619.931853885755,770.0,-0.0,0.6452847515062118,0.47997237932604736,0.0,799.2,0.0,0.0,1.0,888.0,-0.0,180,-57.657490696860386,0.0,118,-42.96740291048282,0.0,118,-59.61632732064173,0.0,118,-19.479444178399355,0.0,118,-57.93833004204557,0.0,118,-27.680232976165282,0.0,0.0,0.0,0.0,0.0,0.0,0.0,770.0,770.0,0.0,0.0,770.0,0.0,0.0,770
0.0,0.0,-0.0,0.0,25764.3762983302,770.0,-0.0,0.6245455190732844,0.47997237932604736,0.0,799.2,0.0,0.0,1.0,888.0,-0.0,180,-50.04811292651033,0.0,118,-3.5725334364451156,0.0,118,-47.64942966024535,0.0,118,-28.084751906759212,0.0,118,-43.70912835832218,0.0,118,-51.33288985565035,0.0,0.0,0.0,0.0,0.0,0.0,0.0,770.0,770.0,0.0,0.0,770.0,0.0,0.0,770
0.0,0.0,-0.0,0.0,24908.820742774646,770.0,-0.0,0.603806286640357,0.47997237932604736,0.0,799.2,0.0,0.0,1.0,888.0,-0.0,180,-51.23378860703476,0.0,118,-27.792205924076402,0.0,118,-18.09481101459514,0.0,118,-39.8719517601031,0.0,118,-4.019964187788654,0.0,118,-58.34113121339441,0.0,0.0,0.0,0.0,0.0,0.0,0.0,770.0,770.0,0.0,0.0,770.0,0.0,0.0,770
0.0,0.0,-0.0,0.0,24053.26518721909,708.0,-0.0,0.5830670542074295,0.47997237932604736,0.0,799.2,0.0,0.0,1.0,888.0,-0.0,118,-46.38054439650846,0.0,118,-29.64398638860806,0.0,118,-54.973902023338496,0.0,118,-19.82346445451327,0.0,118,-44.727064345451154,0.0,118,-42.152428499639605,0.0,0.0,0.0,0.0,0.0,0.0,0.0,708.0,708.0,0.0,0.0,708.0,0.0,0.0,708
0.0,0.0,-0.0,0.0,23266.598520552423,710.0,-0.0,0.5639977339963742,0.47997237932604736,0.0,799.2,0.0,0.0,1.0,888.0,-0.0,118,-16.524312175029046,0.0,118,-31.278954274379263,0.0,118,-8.201704656860452,0.0,118,-14.668504532476135,0.0,118,-33.244930218818,0.0,120,-50.751069454240636,0.0,0.0,0.0,0.0,0.0,0.0,0.0,710.0,710.0,0.0,0.0,710.0,0.0,0.0,710
0.0,0.0,-0.0,0.0,22477.709631663532,710.0,-0.0,0.5448745456491293,0.47997237932604736,0.0,799.2,0.0,0.0,1.0,888.0,-0.0,118,-0.5945129829610507,0.0,118,-11.409807894831037,0.0,118,-8.328793360243875,0.0,118,-42.08144130065482,0.0,118,-2.3099251736717785,0.0,120,-21.959769135060533,0.0,0.0,0.0,0.0,0.0,0.0,0.0,710.0,710.0,0.0,0.0,710.0,0.0,0.0,710
0.0,0.0,-0.0,0.0,21688.820742774642,710.0,-0.0,0.5257513573018845,0.47997237932604736,0.0,799.2,0.0,0.0,1.0,888.0,-0.0,118,-15.318137799015982,0.0,118,-12.720240705882864,0.0,118,-46.448158313968065,0.0,118,-52.14005967863492,0.0,118,-56.962067832445285,0.0,120,-41.42899425055754,0.0,0.0,0.0,0.0,0.0,0.0,0.0,710.0,710.0,0.0,0.0,710.0,0.0,0.0,710
0.0,0.0,-0.0,0.0,20899.93185388575,710.0,-0.0,0.5066281689546397,0.47997237932604736,0.0,799.2,0.0,0.0,1.0,888.0,-0.0,118,-39.00464079744732,0.0,118,-50.648311439320345,0.0,118,-25.661878349886557,0.0,118,-30.48493645451861,0.0,118,-46.723293406983444,0.0,120,-18.74813504700689,0.0,0.0,0.0,0.0,0.0,0.0,0.0,710.0,710.0,0.0,0.0,710.0,0.0,0.0,710
0.0,0.0,-0.0,0.0,20111.04296499686,710.0,-0.0,0.4875049806073949,0.47997237932604736,0.0,799.2,0.0,0.0,1.0,888.0,-0.0,118,-20.47647732182972,0.0,118,-41.495999489070066,0.0,118,-46.71313650784381,0.0,118,-12.686147773938007,0.0,118,-40.84042115066205,0.0,120,-45.06461024078721,0.0,0.0,0.0,0.0,0.0,0.0,0.0,710.0,710.0,0.0,0.0,710.0,0.0,0.0,710
0.0,0.0,-0.0,0.0,19322.15407610797,710.0,-0.0,0.4683817922601501,0.47997237932604736,0.0,799.2,0.0,0.0,1.0,888.0,-0.0,118,-49.5031960837476,0.0,118,-7.385165081115337,0.0,118,-54.829236174557444,0.0,118,-3.889249178240246,0.0,118,-54.46253181586128,0.0,120,-52.94904791554396,0.0,0.0,0.0,0.0,0.0,0.0,0.0,710.0,710.0,0.0,0.0,710.0,0.0,0.0,710
0.0,0.0,-0.0,0.0,18533.26518721908,710.0,-0.0,0.44925860391290523,0.47997237932604736,0.0,799.2,0.0,0.0,1.0,888.0,-0.0,118,-30.94506356429448,0.0,118,-41.94886576757628,0.0,118,-39.83170432684662,0.0,118,-52.89844147590727,0.0,118,-12.235599872300305,0.0,120,-37.89938404627189,0.0,0.0,0.0,0.0,0.0,0.0,0.0,710.0,710.0,0.0,0.0,710.0,0.0,0.0,710
0.0,0.0,-0.0,0.0,17744.37629833019,710.0,-0.0,0.43013541556566043,0.47997237932604736,0.0,799.2,0.0,0.0,1.0,888.0,-0.0,118,-37.37005279801832,0.0,118,-21.694769569986924,0.0,118,-34.0374050341463,0.0,118,-17.038593551754083,0.0,118,-12.897464952047601,0.0,120,-1.9000226243772422,0.0,0.0,0.0,0.0,0.0,0.0,0.0,710.0,710.0,0.0,0.0,710.0,0.0,0.0,710
0.0,0.0,-0.0,0.0,16955.4874094413,710.0,-0.0,0.4110122272184156,0.47997237932604736,0.0,799.2,0.0,0.0,1.0,888.0,-0.0,118,-17.727241401004484,0.0,118,-34.57850037922539,0.0,118,-31.640276000512337,0.0,118,-43.49083748028685,0.0,118,-35.091411020788314,0.0,120,-29.00447820515871,0.0,0.0,0.0,0.0,0.0,0.0,0.0,710.0,710.0,0.0,0.0,710.0,0.0,0.0,710
0.0,0.0,-0.0,0.0,16166.59852055241,710.0,-0.0,0.3918890388711708,0.47997237932604736,0.0,799.2,0.0,0.0,1.0,888.0,-0.0,118,-32.08971367991579,0.0,118,-12.77656034666937,0.0,118,-11.953303481719717,0.0,118,-57.63283354588352,0.0,118,-45.94351068738083,0.0,120,-3.4484338216591692,0.0,0.0,0.0,0.0,0.0,0.0,0.0,710.0,710.0,0.0,0.0,710.0,0.0,0.0,710
0.0,0.0,-0.0,0.0,15377.709631663522,710.0,-0.0,0.3727658505239261,0.47997237932604736,0.0,799.2,0.0,0.0,1.0,888.0,-0.0,118,-43.866837023940356,0.0,118,-49.433882616706164,0.0,118,-53.55789495236361,0.0,118,-17.64121761309856,0.0,118,-49.32531130432159,0.0,120,-35.010829090282094,0.0,0.0,0.0,0.0,0.0,0.0,0.0,710.0,710.0,0.0,0.0,710.0,0.0,0.0,710
0.0,0.0,-0.0,0.0,14588.820742774633,710.0,-0.0,0.3536426621766813,0.47997237932604736,0.0,799.2,0.0,0.0,1.0,888.0,-0.0,118,-34.42443934005146,0.0,118,-31.57700584494199,0.0,118,-47.45996744059281,0.0,118,-1.160536175910356,0.0,118,-1.4624860577607324,0.0,120,-15.8987565956068,0.0,0.0,0.0,0.0,0.0,0.0,0.0,710.0,710.0,0.0,0.0,710.0,0.0,0.0,710
0.0,0.0,-0.0,0.0,13799.931853885744,710.0,-0.0,0.33451947382943653,0.47997237932604736,0.0,799.2,0.0,0.0,1.0,888.0,-0.0,118,-14.743841292830968,0.0,118,-35.43043754725974,0.0,118,-52.23822457316184,0.0,118,-7.576146479162864,0.0,118,-30.671130275168167,0.0,120,-44.26559790983895,0.0,0.0,0.0,0.0,0.0,0.0,0.0,710.0,710.0,0.0,0.0,710.0,0.0,0.0,710
0.0,0.0,-0.0,0.0,13011.042964996856,710.0,-0.0,0.31539628548219173,0.47997237932604736,0.0,799.2,0.0,0.0,1.0,888.0,-0.0,118,-7.054725834570769,0.0,118,-56.621730209221234,0.0,118,-35.01060660887706,0.0,118,-41.958333062021104,0.0,118,-26.934932064817584,0.0,120,-7.744909698857862,0.0,0.0,0.0,0.0,0.0,0.0,0.0,710.0,710.0,0.0,0.0,710.0,0.0,0.0,710
0.0,0.0,-0.0,0.0,12222.154076107967,710.0,-0.0,0.296273097134947,0.47997237932604736,0.0,799.2,0.0,0.0,1.0,888.0,-0.0,118,-50.99024276027157,0.0,118,-58.648011305914075,0.0,118,-17.626512130121988,0.0,118,-6.965240001236223,0.0,118,-39.481373781549934,0.0,120,-28.147273309855265,0.0,0.0,0.0,0.0,0.0,0.0,0.0,710.0,710.0,0.0,0.0,710.0,0.0,0.0,710
0.0,0.0,-0.0,0.0,11433.265187219078,710.0,-0.0,0.2771499087877022,0.47997237932604736,0.0,799.2,0.0,0.0,1.0,888.0,-0.0,118,-12.010144359519288,0.0,118,-2.7563753142339675,0.0,118,-59.9928190839161,0.0,118,-53.08455791195593,0.0,118,-7.765760855914749,0.0,120,-29.1943532008598,0.0,0.0,0.0,0.0,0.0,0.0,0.0,710.0,710.0,0.0,0.0,710.0,0.0,0.0,710
0.0,0.0,-0.0,0.0,10644.37629833019,710.0,-0.0,0.25802672044045744,0.47997237932604736,0.0,799.2,0.0,0.0,1.0,888.0,-0.0,118,-20.096361106655603,0.0,118,-44.044977061571984,0.0,118,-4.322972134323331,0.0,118,-0.1504642879582363,0.0,118,-40.54806023276598,0.0,120,-57.780876924916875,0.0,0.0,0.0,0.0,0.0,0.0,0.0,710.0,710.0,0.0,0.0,710.0,0.0,0.0,710
0.0,0.0,-0.0,0.0,9855.4874094413,710.0,-0.0,0.23890353209321263,0.47997237932604736,0.0,799.2,0.0,0.0,1.0,888.0,-0.0,118,-45.48227598055708,0.0,118,-34.633372052699265,0.0,118,-14.605874584871088,0.0,118,-51.2039506348042,0.0,118,-39.930512574798854,0.0,120,-38.75904419158091,0.0,0.0,0.0,0.0,0.0,0.0,0.0,710.0,710.0,0.0,0.0,710.0,0.0,0.0,710
0.0,0.0,-0.0,0.0,9066.598520552412,710.0,-0.0,0.21978034374596786,0.47997237932604736,0.0,799.2,0.0,0.0,1.0,888.0,-0.0,118,-28.81897062353551,0.0,118,-28.91151458391268,0.0,118,-37.48300758910554,0.0,118,-7.994392263422756,0.0,118,-53.11035246567764,0.0,120,-9.267656503448329,0.0,0.0,0.0,0.0,0.0,0.0,0.0,710.0,710.0,0.0,0.0,710.0,0.0,0.0,710
0.0,0.0,-0.0,0.0,8277.709631663523,710.0,-0.0,0.20065715539872309,0.47997237932604736,0.0,799.2,0.0,0.0,1.0,888.0,-0.0,118,-4.559781444231108,0.0,118,-22.478827831222013,0.0,118,-3.4604393602224426,0.0,118,-44.40324650499717,0.0,118,-48.32493023017971,0.0,120,-1.1166894316412401,0.0,0.0,0.0,0.0,0.0,0.0,0.0,710.0,710.0,0.0,0.0,710.0,0.0,0.0,710
0.0,0.0,-0.0,0.0,7488.820742774635,710.0,-0.0,0.1815339670514783,0.47997237932604736,0.0,799.2,0.0,0.0,1.0,888.0,-0.0,118,-4.918533678617463,0.0,118,-37.16806848405125,0.0,118,-11.46130941194221,0.0,118,-50.03789594810746,0.0,118,-26.544712043825843,0.0,120,-52.463503003789796,0.0,0.0,0.0,0.0,0.0,0.0,0.0,710.0,710.0,0.0,0.0,710.0,0.0,0.0,710
0.0,0.0,-0.0,0.0,6699.931853885746,710.0,-0.0,0.16241077870423354,0.47997237932604736,0.0,799.2,0.0,0.0,1.0,888.0,-0.0,118,-20.22051587580777,0.0,118,-5.583441447453197,0.0,118,-5.230940009788165,0.0,118,-55.207673686216026,0.0,118,-0.04598552746252649,0.0,120,-26.93838959650054,0.0,0.0,0.0,0.0,0.0,0.0,0.0,710.0,710.0,0.0,0.0,710.0,0.0,0.0,710
0.0,0.0,-0.0,0.0,5911.042964996857,710.0,-0.0,0.14328759035698876,0.47997237932604736,0.0,799.2,0.0,0.0,1.0,888.0,-0.0,118,-1.5366810107183415,0.0,118,-29.182740219623568,0.0,118,-30.95350327229396,0.0,118,-37.94888988192529,0.0,118,-48.11540532230642,0.0,120,-50.02803354330287,0.0,0.0,0.0,0.0,0.0,0.0,0.0,710.0,710.0,0.0,0.0,710.0,0.0,0.0,710
0.0,0.0,-0.0,0.0,5122.154076107969,710.0,-0.0,0.12416440200974399,0.47997237932604736,0.0,799.2,0.0,0.0,1.0,888.0,-0.0,118,-39.876262575280236,0.0,118,-44.659903955117066,0.0,118,-19.295775096697298,0.0,118,-49.787394039940565,0.0,118,-26.335845561169346,0.0,120,-30.616582494169865,0.0,0.0,0.0,0.0,0.0,0.0,0.0,710.0,710.0,0.0,0.0,710.0,0.0,0.0,710
0.0,0.0,-0.0,0.0,4333.26518721908,710.0,-0.0,0.10504121366249922,0.47997237932604736,0.0,799.2,0.0,0.0,1.0,888.0,-0.0,118,-44.373066961496114,0.0,118,-57.447982312687884,0.0,118,-49.50369021079338,0.0,118,-12.089258758582949,0.0,118,-36.04081644753101,0.0,120,-11.762818806768818,0.0,0.0,0.0,0.0,0.0,0.0,0.0,710.0,710.0,0.0,0.0,710.0,0.0,0.0,710
0.0,0.0,-0.0,0.0,3544.3762983301913,710.0,-0.0,0.08591802531525444,0.47997237932604736,0.0,799.2,0.0,0.0,1.0,888.0,-0.0,118,-27.12191994309081,0.0,118,-55.98785181807501,0.0,118,-19.782460517794473,0.0,118,-10.93943920972806,0.0,118,-51.33216395669222,0.0,120,-43.301634125334814,0.0,0.0,0.0,0.0,0.0,0.0,0.0,710.0,710.0,0.0,0.0,710.0,0.0,0.0,710
0.0,0.0,-0.0,0.0,2755.4874094413026,710.0,-0.0,0.06679483696800967,0.47997237932604736,0.0,799.2,0.0,0.0,1.0,888.0,-0.0,118,-56.34666581613598,0.0,118,-58.96711616020774,0.0,118,-40.44511066806533,0.0,118,-55.82338524375562,0.0,118,-37.77090360733052,0.0,120,-46.11197688446323,0.0,0.0,0.0,0.0,0.0,0.0,0.0,710.0,710.0,0.0,0.0,710.0,0.0,0.0,710
0.0,0.0,-0.0,0.0,1966.5985205524137,710.0,-0.0,0.04767164862076488,0.47997237932604736,0.0,799.2,0.0,0.0,1.0,888.0,-0.0,118,-5.212096545073914,0.0,118,-10.706522630929953,0.0,118,-21.00683420825637,0.0,118,-23.976851027185,0.0,118,-35.4858721078265,0.0,120,-20.57339260160798,0.0,0.0,0.0,0.0,0.0,0.0,0.0,710.0,710.0,0.0,0.0,710.0,0.0,0.0,710
0.0,0.0,-0.0,0.0,1177.7096316635248,710.0,-0.0,0.0285484602735201,0.47997237932604736,0.0,799.2,0.0,0.0,1.0,888.0,-0.0,118,-55.730056301751695,0.0,118,-50.18543283448986,0.0,118,-14.118776016751468,0.0,118,-11.637542487303229,0.0,118,-58.22386242956739,0.0,120,-56.2705034304457,0.0,0.0,0.0,0.0,0.0,0.0,0.0,710.0,710.0,0.0,0.0,710.0,0.0,0.0,710
0.0,0.0,-0.0,0.0,388.82074277463585,349.9386684971723,-0.0,0.009425271926275321,0.47997237932604736,172.81949398471693,799.2,0.0,360.0613315028277,1.0,888.0,-319734.462374511,118,-28.688921472728317,0.0,118,-24.251989793730765,0.0,118,-3.7251661974677175,0.0,118,-39.42866002087884,0.0,118,-12.170412137423806,0.0,120,-30.65718950176644,0.0,0.0,0.0,0.0,0.0,-319734.462374511,-319734.462374511,710.0,710.0,0.0,0.0,710.0,0.0,0.0,710
0.0,0.0,-0.0,0.0,0.0,0.0,-0.0,0.0,0.47997237932604736,340.7803893214936,799.2,0.0,710.0,1.0,888.0,-630480.0,118,-54.6682133982956,0.0,118,-40.77619721016837,0.0,118,-10.230981887125413,0.0,118,-31.863047202852336,0.0,118,-32.78491457113747,0.0,120,-45.616705654387395,0.0,0.0,0.0,0.0,0.0,-630480.0,-630480.0,710.0,710.0,0.0,0.0,710.0,0.0,0.0,710
0.0,0.0,-0.0,0.0,0.0,0.0,-0.0,0.0,0.47997237932604736,340.7803893214936,799.2,0.0,710.0,1.0,888.0,-630480.0,118,-46.78113540877938,0.0,118,-21.067955877731478,0.0,118,-37.23818426764883,0.0,118,-40.5829389490293,0.0,118,-59.52231573473209,0.0,120,-44.09749675064587,0.0,0.0,0.0,0.0,0.0,-630480.0,-630480.0,710.0,710.0,0.0,0.0,710.0,0.0,0.0,710
0.0,0.0,-0.0,0.0,0.0,0.0,-0.0,0.0,0.47997237932604736,340.7803893214936,799.2,0.0,710.0,1.0,888.0,-630480.0,118,-26.07045828651399,0.0,118,-5.141021249640407,0.0,118,-16.182982542064813,0.0,118,-2.4086740223500347,0.0,118,-27.734178165642128,0.0,120,-51.9418291240677,0.0,0.0,0.0,0.0,0.0,-630480.0,-630480.0,710.0,710.0,0.0,0.0,710.0,0.0,0.0,710
0.0,0.0,-0.0,0.0,0.0,0.0,-0.0,0.0,0.47997237932604736,341.7403340801457,799.2,0.0,712.0,1.0,888.0,-632256.0,118,-43.27310269515784,0.0,118,-49.36371894340905,0.0,120,-48.315221973232326,0.0,118,-16.011419644774676,0.0,118,-23.393120059205398,0.0,120,-32.136012672040586,0.0,0.0,0.0,0.0,0.0,-632256.0,-632256.0,712.0,712.0,0.0,0.0,712.0,0.0,0.0,712
0.0,0.0,-0.0,0.0,0.0,0.0,-0.0,0.0,0.47997237932604736,341.7403340801457,799.2,0.0,712.0,1.0,888.0,-632256.0,118,-53.79265114822711,0.0,118,-30.626547855359178,0.0,120,-39.63808626179205,0.0,118,-11.716784539809346,0.0,118,-26.08906011234386,0.0,120,-26.38088934345969,0.0,0.0,0.0,0.0,0.0,-632256.0,-632256.0,712.0,712.0,0.0,0.0,712.0,0.0,0.0,712
0.0,0.0,-0.0,0.0,0.0,0.0,-0.0,0.0,0.47997237932604736,342.70027883879783,799.2,0.0,714.0,1.0,888.0,-634032.0,118,-7.279938361913443,0.0,118,-46.57843350605773,0.0,120,-50.83653007166084,0.0,118,-38.000420344984946,0.0,120,-6.822744636066542,0.0,120,-33.941758035870976,0.0,0.0,0.0,0.0,0.0,-634032.0,-634032.0,714.0,714.0,0.0,0.0,714.0,0.0,0.0,714
0.0,0.0,-0.0,0.0,0.0,0.0,-0.0,0.0,0.47997237932604736,342.70027883879783,799.2,0.0,714.0,1.0,888.0,-634032.0,118,-31.00873885268664,0.0,118,-10.723332518185618,0.0,120,-5.425162066302541,0.0,118,-56.848127892259605,0.0,120,-5.8042157679313755,0.0,120,-18.11628258483377,0.0,0.0,0.0,0.0,0.0,-634032.0,-634032.0,714.0,714.0,0.0,0.0,714.0,0.0,0.0,714
0.0,0.0,-0.0,0.0,0.0,0.0,-0.0,0.0,0.47997237932604736,342.70027883879783,799.2,0.0,714.0,1.0,888.0,-634032.0,118,-30.042765718747525,0.0,118,-53.65047237682453,0.0,120,-59.98674769216196,0.0,118,-45.54041987341098,0.0,120,-42.43479816338608,0.0,120,-59.55168910564035,0.0,0.0,0.0,0.0,0.0,-634032.0,-634032.0,714.0,714.0,0.0,0.0,714.0,0.0,0.0,714
0.0,0.0,-0.0,0.0,0.0,0.0,-0.0,0.0,0.47997237932604736,342.70027883879783,799.2,0.0,714.0,1.0,888.0,-634032.0,118,-52.70820686756182,0.0,118,-54.16095816464198,0.0,120,-53.60334489080371,0.0,118,-24.591103530498096,0.0,120,-26.288334864807013,0.0,120,-12.277991902292861,0.0,0.0,0.0,0.0,0.0,-634032.0,-634032.0,714.0,714.0,0.0,0.0,714.0,0.0,0.0,714
0.0,0.0,-0.0,0.0,0.0,0.0,-0.0,0.0,0.47997237932604736,342.70027883879783,799.2,0.0,714.0,1.0,888.0,-634032.0,118,-7.211380469531472,0.0,118,-33.47267625842403,0.0,120,-45.733368583923266,0.0,118,-14.047156187529154,0.0,120,-37.90991195646845,0.0,120,-14.819425064850037,0.0,0.0,0.0,0.0,0.0,-634032.0,-634032.0,714.0,714.0,0.0,0.0,714.0,0.0,0.0,714
0.0,0.0,-0.0,0.0,0.0,0.0,-0.0,0.0,0.47997237932604736,342.70027883879783,799.2,0.0,714.0,1.0,888.0,-634032.0,118,-39.26124669411907,0.0,118,-48.54049077494823,0.0,120,-6.838479864685407,0.0,118,-34.58989673121617,0.0,120,-50.26628284666728,0.0,120,-41.19815422533867,0.0,0.0,0.0,0.0,0.0,-634032.0,-634032.0,714.0,714.0,0.0,0.0,714.0,0.0,0.0,714
0.0,0.0,-0.0,0.0,0.0,0.0,-0.0,0.0,0.47997237932604736,342.70027883879783,799.2,0.0,714.0,1.0,888.0,-634032.0,118,-32.85000356046103,0.0,118,-0.9219898948633909,0.0,120,-40.10052632521675,0.0,118,-46.21380714183251,0.0,120,-30.764732755507215,0.0,120,-8.441852560050048,0.0,0.0,0.0,0.0,0.0,-634032.0,-634032.0,714.0,714.0,0.0,0.0,714.0,0.0,0.0,714
0.0,0.0,-0.0,0.0,0.0,0.0,-0.0,0.0,0.47997237932604736,342.70027883879783,799.2,0.0,714.0,1.0,888.0,-634032.0,118,-42.754727071015076,0.0,118,-58.135473846387015,0.0,120,-6.690778820672203,0.0,118,-39.76144618324637,0.0,120,-22.317921830803257,0.0,120,-53.50092681660043,0.0,0.0,0.0,0.0,0.0,-634032.0,-634032.0,714.0,714.0,0.0,0.0,714.0,0.0,0.0,714
0.0,0.0,-0.0,0.0,0.0,0.0,-0.0,0.0,0.47997237932604736,342.70027883879783,799.2,0.0,714.0,1.0,888.0,-634032.0,118,-56.25804976991109,0.0,118,-43.09487256803258,0.0,120,-32.48069441798616,0.0,118,-54.63783516948482,0.0,120,-19.090073175659413,0.0,120,-35.443153649500964,0.0,0.0,0.0,0.0,0.0,-634032.0,-634032.0,714.0,714.0,0.0,0.0,714.0,0.0,0.0,714
0.0,0.0,-0.0,0.0,0.0,0.0,-0.0,0.0,0.47997237932604736,342.70027883879783,799.2,0.0,714.0,1.0,888.0,-634032.0,118,-21.632031692196144,0.0,118,-56.22440866080899,0.0,120,-30.27686564627032,0.0,118,-22.720018014943918,0.0,120,-30.748508908602144,0.0,120,-40.42326918835603,0.0,0.0,0.0,0.0,0.0,-634032.0,-634032.0,714.0,714.0,0.0,0.0,714.0,0.0,0.0,714
0.0,0.0,-0.0,0.0,0.0,0.0,-0.0,0.0,0.47997237932604736,342.70027883879783,799.2,0.0,714.0,1.0,888.0,-634032.0,118,-9.754724580159998,0.0,118,-11.306551876592053,0.0,120,-20.027318046864742,0.0,118,-59.314911362986464,0.0,120,-28.33456887716013,0.0,120,-42.361269470698176,0.0,0.0,0.0,0.0,0.0,-634032.0,-634032.0,714.0,714.0,0.0,0.0,714.0,0.0,0.0,714
0.0,0.0,-0.0,0.0,0.0,0.0,-0.0,0.0,0.47997237932604736,342.70027883879783,799.2,0.0,714.0,1.0,888.0,-634032.0,118,-16.62469678507021,0.0,118,-24.98458903023119,0.0,120,-17.10581367490215,0.0,118,-59.89120872060795,0.0,120,-29.426679665987347,0.0,120,-18.53330465280227,0.0,0.0,0.0,0.0,0.0,-634032.0,-634032.0,714.0,714.0,0.0,0.0,714.0,0.0,0.0,714
0.0,0.0,-0.0,0.0,0.0,0.0,-0.0,0.0,0.47997237932604736,342.70027883879783,799.2,0.0,714.0,1.0,888.0,-634032.0,118,-9.841935202117595,0.0,118,-22.260142435379493,0.0,120,-50.72654199207456,0.0,118,-21.302217875901338,0.0,120,-54.125114016535065,0.0,120,-12.823246516818019,0.0,0.0,0.0,0.0,0.0,-634032.0,-634032.0,714.0,714.0,0.0,0.0,714.0,0.0,0.0,714
0.0,0.0,-0.0,0.0,0.0,0.0,-0.0,0.0,0.47997237932604736,342.70027883879783,799.2,0.0,714.0,1.0,888.0,-634032.0,118,-18.465155208785276,0.0,118,-37.80010014146791,0.0,120,-13.6881543554496,0.0,118,-57.356687336941796,0.0,120,-15.03849727017833,0.0,120,-2.393196774262194,0.0,0.0,0.0,0.0,0.0,-634032.0,-634032.0,714.0,714.0,0.0,0.0,714.0,0.0,0.0,714
0.0,0.0,-0.0,0.0,0.0,0.0,-0.0,0.0,0.47997237932604736,342.70027883879783,799.2,0.0,714.0,1.0,888.0,-634032.0,118,-56.34907471502964,0.0,118,-58.55204851762926,0.0,120,-46.39965147605922,0.0,118,-33.64284876539713,0.0,120,-0.870253623809365,0.0,120,-1.863987954907571,0.0,0.0,0.0,0.0,0.0,-634032.0,-634032.0,714.0,714.0,0.0,0.0,714.0,0.0,0.0,714
0.0,0.0,-0.0,0.0,0.0,0.0,-0.0,0.0,0.47997237932604736,343.6602235974499,799.2,0.0,716.0,1.0,888.0,-635808.0,120,-55.182532015116664,0.0,118,-21.011180657229573,0.0,120,-22.937713945756247,0.0,118,-26.811056596380947,0.0,120,-12.514197711340314,0.0,120,-20.454521576906096,0.0,0.0,0.0,0.0,0.0,-635808.0,-635808.0,716.0,716.0,0.0,0.0,716.0,0.0,0.0,716
0.0,0.0,-0.0,0.0,0.0,0.0,-0.0,0.0,0.47997237932604736,343.6602235974499,799.2,0.0,716.0,1.0,888.0,-635808.0,120,-36.2207332084608,0.0,118,-9.158089675242243,0.0,120,-7.098074286908888,0.0,118,-20.39991989731792,0.0,120,-59.404568865420025,0.0,120,-13.248643087767444,0.0,0.0,0.0,0.0,0.0,-635808.0,-635808.0,716.0,716.0,0.0,0.0,716.0,0.0,0.0,716
0.0,0.0,-0.0,0.0,0.0,0.0,-0.0,0.0,0.47997237932604736,343.6602235974499,799.2,0.0,716.0,1.0,888.0,-635808.0,120,-32.92274076975611,0.0,118,-34.90251787154267,0.0,120,-35.70654109687607,0.0,118,-25.833540747539544,0.0,120,-6.855429485563851,0.0,120,-42.97685730914521,0.0,0.0,0.0,0.0,0.0,-635808.0,-635808.0,716.0,716.0,0.0,0.0,716.0,0.0,0.0,716
0.0,0.0,-0.0,0.0,0.0,0.0,-0.0,0.0,0.47997237932604736,343.6602235974499,799.2,0.0,716.0,1.0,888.0,-635808.0,120,-55.68470778110735,0.0,118,-15.344793724478885,0.0,120,-25.67157949346916,0.0,118,-30.490461008331163,0.0,120,-47.464122284076716,0.0,120,-40.18909217403096,0.0,0.0,0.0,0.0,0.0,-635808.0,-635808.0,716.0,716.0,0.0,0.0,716.0,0.0,0.0,716
0.0,0.0,-0.0,0.0,0.0,0.0,-0.0,0.0,0.47997237932604736,343.6602235974499,799.2,0.0,716.0,1.0,888.0,-635808.0,120,-7.1168058624270785,0.0,118,-6.232703989926387,0.0,120,-43.4605090445233,0.0,118,-31.536221951905006,0.0,120,-51.431095901189416,0.0,120,-54.57847701927253,0.0,0.0,0.0,0.0,0.0,-635808.0,-635808.0,716.0,716.0,0.0,0.0,716.0,0.0,0.0,716
0.0,0.0,-0.0,0.0,0.0,0.0,-0.0,0.0,0.47997237932604736,343.6602235974499,799.2,0.0,716.0,1.0,888.0,-635808.0,120,-51.850274406908376,0.0,118,-44.46727818206163,0.0,120,-55.558101537222896,0.0,118,-49.83597107249123,0.0,120,-48.032075199299605,0.0,120,-59.13077450689873,0.0,0.0,0.0,0.0,0.0,-635808.0,-635808.0,716.0,716.0,0.0,0.0,716.0,0.0,0.0,716
0.0,0.0,-0.0,0.0,0.0,0.0,-0.0,0.0,0.47997237932604736,343.6602235974499,799.2,0.0,716.0,1.0,888.0,-635808.0,120,-21.721155289697307,0.0,118,-46.290480083343475,0.0,120,-58.226083137268006,0.0,118,-7.6181816270960905,0.0,120,-14.068893851726045,0.0,120,-46.529917358880624,0.0,0.0,0.0,0.0,0.0,-635808.0,-635808.0,716.0,716.0,0.0,0.0,716.0,0.0,0.0,716
0.0,0.0,-0.0,0.0,0.0,0.0,-0.0,0.0,0.47997237932604736,343.6602235974499,799.2,0.0,716.0,1.0,888.0,-635808.0,120,-56.806828008350756,0.0,118,-43.45890226544167,0.0,120,-21.649511755557505,0.0,118,-2.514805560733002,0.0,120,-23.48795543825862,0.0,120,-37.53648236927903,0.0,0.0,0.0,0.0,0.0,-635808.0,-635808.0,716.0,716.0,0.0,0.0,716.0,0.0,0.0,716
0.0,0.0,-0.0,0.0,0.0,0.0,-0.0,0.0,0.47997237932604736,343.6602235974499,799.2,0.0,716.0,1.0,888.0,-635808.0,120,-28.38659996142576,0.0,118,-31.273747146235134,0.0,120,-3.4304936503417793,0.0,118,-22.55913870425848,0.0,120,-29.54690860581042,0.0,120,-38.09781655886554,0.0,0.0,0.0,0.0,0.0,-635808.0,-635808.0,716.0,716.0,0.0,0.0,716.0,0.0,0.0,716
0.0,0.0,-0.0,0.0,0.0,0.0,-0.0,0.0,0.47997237932604736,343.6602235974499,799.2,0.0,716.0,1.0,888.0,-635808.0,120,-59.16394654122926,0.0,118,-20.342654477467757,0.0,120,-55.600325035037805,0.0,118,-4.650582999395287,0.0,120,-47.032436158088274,0.0,120,-53.91711897495975,0.0,0.0,0.0,0.0,0.0,-635808.0,-635808.0,716.0,716.0,0.0,0.0,716.0,0.0,0.0,716
0.0,0.0,-0.0,0.0,0.0,0.0,-0.0,0.0,0.47997237932604736,343.6602235974499,799.2,0.0,716.0,1.0,888.0,-635808.0,120,-2.5417572791089538,0.0,118,-48.603865297081136,0.0,120,-23.33102276000688,0.0,118,-51.17756668347786,0.0,120,-18.41583215027521,0.0,120,-53.51508741750635,0.0,0.0,0.0,0.0,0.0,-635808.0,-635808.0,716.0,716.0,0.0,0.0,716.0,0.0,0.0,716
0.0,0.0,-0.0,0.0,0.0,0.0,-0.0,0.0,0.47997237932604736,343.6602235974499,799.2,0.0,716.0,1.0,888.0,-635808.0,120,-32.94656390152943,0.0,118,-59.96502471508512,0.0,120,-16.81007473866294,0.0,118,-20.746533111837337,0.0,120,-6.467262049095144,0.0,120,-38.16014025323753,0.0,0.0,0.0,0.0,0.0,-635808.0,-635808.0,716.0,716.0,0.0,0.0,716.0,0.0,0.0,716
0.0,0.0,-0.0,0.0,0.0,0.0,-0.0,0.0,0.47997237932604736,343.6602235974499,799.2,0.0,716.0,1.0,888.0,-635808.0,120,-26.698737325564554,0.0,118,-5.9768877604819215,0.0,120,-22.84476017931191,0.0,118,-43.56405218436842,0.0,120,-17.218336148229067,0.0,120,-42.34047801038378,0.0,0.0,0.0,0.0,0.0,-635808.0,-635808.0,716.0,716.0,0.0,0.0,716.0,0.0,0.0,716
0.0,0.0,-0.0,0.0,0.0,0.0,-0.0,0.0,0.47997237932604736,343.6602235974499,799.2,0.0,716.0,1.0,888.0,-635808.0,120,-40.907509665533915,0.0,118,-21.230455003485524,0.0,120,-9.401414606783876,0.0,118,-34.66627633196414,0.0,120,-44.08814246228871,0.0,120,-2.037854587429284,0.0,0.0,0.0,0.0,0.0,-635808.0,-635808.0,716.0,716.0,0.0,0.0,716.0,0.0,0.0,716
0.0,0.0,-0.0,0.0,0.0,0.0,-0.0,0.0,0.47997237932604736,343.6602235974499,799.2,0.0,716.0,1.0,888.0,-635808.0,120,-20.54729906965371,0.0,118,-38.61530155855488,0.0,120,-47.59036504375568,0.0,118,-42.78184247970748,0.0,120,-45.553475671459424,0.0,120,-27.709697352012853,0.0,0.0,0.0,0.0,0.0,-635808.0,-635808.0,716.0,716.0,0.0,0.0,716.0,0.0,0.0,716
0.0,0.0,-0.0,0.0,0.0,0.0,-0.0,0.0,0.47997237932604736,343.6602235974499,799.2,0.0,716.0,1.0,888.0,-635808.0,120,-9.49358847483213,0.0,118,-19.405009476873396,0.0,120,-10.415152035681796,0.0,118,-30.918645174612934,0.0,120,-46.5761039502309,0.0,120,-59.05882922748123,0.0,0.0,0.0,0.0,0.0,-635808.0,-635808.0,716.0,716.0,0.0,0.0,716.0,0.0,0.0,716
181.55657832743694,0.0,-1815.5657832743693,0.0,0.0,0.0,-0.0,0.0,0.47997237932604736,256.4938678387345,799.2,0.0,534.3929752768066,1.0,888.0,-474540.9620458043,120,-54.00509366164007,0.0,118,-59.99907489822015,0.0,120,-24.693967305996132,0.0,118,-53.5872889600875,0.0,120,-18.364316332919223,0.0,120,-46.743198639525275,0.0,0.0,0.0504463957564426,0.0504463957564426,0.0,-476356.52782907867,-476356.52782907867,716.0,716.0,181.60702472319338,0.0,534.3929752768066,0.0,0.0,716
181.55657832743694,0.0,-1815.5657832743693,0.0,0.0,0.0,-0.0,0.0,0.47997237932604736,256.4938678387345,799.2,0.0,534.3929752768066,1.0,888.0,-474540.9620458043,120,-47.57477381899421,0.0,118,-59.391292051731355,0.0,120,-53.84266824130901,0.0,118,-48.78441848938076,0.0,120,-38.71786443795339,0.0,120,-42.844066116477805,0.0,0.0,0.0504463957564426,0.0504463957564426,0.0,-476356.52782907867,-476356.52782907867,716.0,716.0,181.60702472319338,0.0,534.3929752768066,0.0,0.0,716
181.55657832743694,0.0,-1815.5657832743693,0.0,0.0,0.0,-0.0,0.0,0.47997237932604736,256.4938678387345,799.2,0.0,534.3929752768066,1.0,888.0,-474540.9620458043,120,-18.724494286647435,0.0,118,-11.197735487000863,0.0,120,-23.959951884716343,0.0,118,-43.73919317149231,0.0,120,-24.75458511082768,0.0,120,-31.135270351581305,0.0,0.0,0.0504463957564426,0.0504463957564426,0.0,-476356.52782907867,-476356.52782907867,716.0,716.0,181.60702472319338,0.0,534.3929752768066,0.0,0.0,716
181.55657832743694,0.0,-1815.5657832743693,0.0,0.0,0.0,-0.0,0.0,0.47997237932604736,256.4938678387345,799.2,0.0,534.3929752768066,1.0,888.0,-474540.9620458043,120,-52.91817500988775,0.0,118,-38.32870902524777,0.0,120,-36.38039836892045,0.0,118,-8.418196517712575,0.0,120,-29.77631262891672,0.0,120,-46.500020049783274,0.0,0.0,0.0504463957564426,0.0504463957564426,0.0,-476356.52782907867,-476356.52782907867,716.0,716.0,181.60702472319338,0.0,534.3929752768066,0.0,0.0,716
181.55657832743694,0.0,-1815.5657832743693,0.0,0.0,0.0,-0.0,0.0,0.47997237932604736,256.4938678387345,799.2,0.0,534.3929752768066,1.0,888.0,-474540.9620458043,120,-44.40570751012199,0.0,118,-8.98962249998305,0.0,120,-52.56119763546119,0.0,118,-33.77220153651818,0.0,120,-32.18045507778083,0.0,120,-42.32250569591169,0.0,0.0,0.0504463957564426,0.0504463957564426,0.0,-476356.52782907867,-476356.52782907867,716.0,716.0,181.60702472319338,0.0,534.3929752768066,0.0,0.0,716
181.55657832743694,0.0,-1815.5657832743693,0.0,0.0,0.0,-0.0,0.0,0.47997237932604736,256.4938678387345,799.2,0.0,534.3929752768066,1.0,888.0,-474540.9620458043,120,-27.822529353999922,0.0,118,-56.196063931661584,0.0,120,-46.848804090876065,0.0,118,-49.44018937017397,0.0,120,-40.62445095701696,0.0,120,-19.347917986257844,0.0,0.0,0.0504463957564426,0.0504463957564426,0.0,-476356.52782907867,-476356.52782907867,716.0,716.0,181.60702472319338,0.0,534.3929752768066,0.0,0.0,716
803.386037064639,0.0,-8033.86037064639,87.6092618596,0.0,0.0,-0.0,0.0,0.47997237932604736,0.0,799.2,0.0,0.0,1.0,888.0,-0.0,120,-32.50170616404644,0.0,118,-45.7112822004663,0.0,120,-13.612273473166665,0.0,118,-41.32236686207854,0.0,120,-29.942975414629867,0.0,120,-0.17576404193416773,0.0,0.0,0.223224794961,0.223224794961,0.0,-8033.86037064639,-8033.86037064639,803.6092618596,803.6092618596,803.6092618596,0.0,0.0,87.6092618596,0.0,716
803.386037064639,0.0,-8033.86037064639,87.6092618596,78.84833567364,0.0,-0.0,0.001911335797969602,0.47997237932604736,0.0,799.2,0.0,0.0,1.0,888.0,-0.0,120,-32.726734843004344,0.0,118,-38.242179975645996,0.0,120,-50.67834210964056,0.0,118,-8.49426815252517,0.0,120,-51.284199314917494,0.0,120,-41.50558754129517,0.0,0.0,0.223224794961,0.223224794961,0.0,-8033.86037064639,-8033.86037064639,803.6092618596,803.6092618596,803.6092618596,0.0,0.0,87.6092618596,0.0,716
803.386037064639,0.0,-8033.86037064639,87.6092618596,157.69667134728,0.0,-0.0,0.003822671595939204,0.47997237932604736,0.0,799.2,0.0,0.0,1.0,888.0,-0.0,120,-2.482545972092216,0.0,118,-38.88740839393575,0.0,120,-43.09527067047029,0.0,118,-16.729536262475968,0.0,120,-2.5510827542774495,0.0,120,-59.19919353752256,0.0,0.0,0.223224794961,0.223224794961,0.0,-8033.86037064639,-8033.86037064639,803.6092618596,803.6092618596,803.6092618596,0.0,0.0,87.6092618596,0.0,716
803.386037064639,0.0,-8033.86037064639,87.6092618596,236.54500702091997,0.0,-0.0,0.005734007393908806,0.47997237932604736,0.0,799.2,0.0,0.0,1.0,888.0,-0.0,120,-29.222922480035717,0.0,118,-42.328090395489525,0.0,120,-23.01566543490879,0.0,118,-28.351064373456282,0.0,120,-11.26486010235345,0.0,120,-1.5486981504672537,0.0,0.0,0.223224794961,0.223224794961,0.0,-8033.86037064639,-8033.86037064639,803.6092618596,803.6092618596,803.6092618596,0.0,0.0,87.6092618596,0.0,716
803.386037064639,0.0,-8033.86037064639,87.6092618596,315.39334269456,0.0,-0.0,0.007645343191878408,0.47997237932604736,0.0,799.2,0.0,0.0,1.0,888.0,-0.0,120,-2.937506709543627,0.0,118,-0.5470557434625789,0.0,120,-32.93511294436585,0.0,118,-29.590437044632477,0.0,120,-8.102145961142813,0.0,120,-11.399959364479788,0.0,0.0,0.223224794961,0.223224794961,0.0,-8033.86037064639,-8033.86037064639,803.6092618596,803.6092618596,803.6092618596,0.0,0.0,87.6092618596,0.0,716
803.386037064639,0.0,-8033.86037064639,87.6092618596,394.2416783682,0.0,-0.0,0.00955667898984801,0.47997237932604736,0.0,799.2,0.0,0.0,1.0,888.0,-0.0,120,-9.535843875656315,0.0,118,-49.54534184964306,0.0,120,-42.04912383448025,0.0,118,-55.92491149351484,0.0,120,-26.900067010279933,0.0,120,-8.13302121334585,0.0,0.0,0.223224794961,0.223224794961,0.0,-8033.86037064639,-8033.86037064639,803.6092618596,803.6092618596,803.6092618596,0.0,0.0,87.6092618596,0.0,716
1486.2731710463008,0.0,-14862.73171046301,770.6861394183616,473.09001404184,0.0,-0.0,0.011468014787817614,0.47997237932604736,0.0,799.2,0.0,0.0,1.0,888.0,-0.0,120,-10.55496716491115,0.0,118,-50.483563807382325,0.0,120,-50.54623561951196,0.0,118,-11.801980714328247,0.0,120,-58.50316745411439,0.0,120,-38.81686574718988,0.0,0.0,0.412968372060656,0.412968372060656,0.0,-14862.73171046301,-14862.73171046301,1486.6861394183616,1486.6861394183616,1486.6861394183616,0.0,0.0,770.6861394183616,0.0,716
1486.2731710463008,0.0,-14862.73171046301,770.6861394183616,1166.7075395183654,0.0,-0.0,0.028281762284400293,0.47997237932604736,0.0,799.2,0.0,0.0,1.0,888.0,-0.0,120,-38.595553728767,0.0,118,-59.38076009195941,0.0,120,-3.285364939697646,0.0,118,-21.783669532766233,0.0,120,-36.98868294339507,0.0,120,-6.790987453197355,0.0,0.0,0.412968372060656,0.412968372060656,0.0,-14862.73171046301,-14862.73171046301,1486.6861394183616,1486.6861394183616,1486.6861394183616,0.0,0.0,770.6861394183616,0.0,716
1486.2731710463008,0.0,-14862.73171046301,770.6861394183616,1860.325064994891,0.0,-0.0,0.04509550978098298,0.47997237932604736,0.0,799.2,0.0,0.0,1.0,888.0,-0.0,120,-4.406620988002182,0.0,118,-48.99193411470839,0.0,120,-11.4275615642673,0.0,118,-0.3234678179275008,0.0,120,-37.9136162464533,0.0,120,-42.34411438484514,0.0,0.0,0.412968372060656,0.412968372060656,0.0,-14862.73171046301,-14862.73171046301,1486.6861394183616,1486.6861394183616,1486.6861394183616,0.0,0.0,770.6861394183616,0.0,716
1486.2731710463008,0.0,-14862.73171046301,770.6861394183616,2553.942590471416,0.0,-0.0,0.06190925727756566,0.47997237932604736,0.0,799.2,0.0,0.0,1.0,888.0,-0.0,120,-32.91110556071582,0.0,118,-27.13635164911657,0.0,120,-59.02986026640991,0.0,118,-56.559501166665925,0.0,120,-42.523184191994964,0.0,120,-51.94414918648254,0.0,0.0,0.412968372060656,0.412968372060656,0.0,-14862.73171046301,-14862.73171046301,1486.6861394183616,1486.6861394183616,1486.6861394183616,0.0,0.0,770.6861394183616,0.0,716
1486.2731710463008,0.0,-14862.73171046301,770.6861394183616,3247.5601159479415,0.0,-0.0,0.07872300477414834,0.47997237932604736,0.0,799.2,0.0,0.0,1.0,888.0,-0.0,120,-18.91372359845387,0.0,118,-39.60262949523689,0.0,120,-41.1844549343293,0.0,118,-24.932260886078193,0.0,120,-59.16297686773632,0.0,120,-17.26072426339539,0.0,0.0,0.412968372060656,0.412968372060656,0.0,-14862.73171046301,-14862.73171046301,1486.6861394183616,1486.6861394183616,1486.6861394183616,0.0,0.0,770.6861394183616,0.0,716
1486.2731710463008,0.0,-14862.73171046301,770.6861394183616,3941.177641424467,0.0,-0.0,0.09553675227073102,0.47997237932604736,0.0,799.2,0.0,0.0,1.0,888.0,-0.0,120,-33.70595020933776,0.0,118,-32.110065808458174,0.0,120,-43.131849079132515,0.0,118,-38.21049026997206,0.0,120,-18.624592344779312,0.0,120,-23.758608743291063,0.0,0.0,0.412968372060656,0.412968372060656,0.0,-14862.73171046301,-14862.73171046301,1486.6861394183616,1486.6861394183616,1486.6861394183616,0.0,0.0,770.6861394183616,0.0,716
1991.3090596240531,0.0,-19913.09059624053,1275.8623547225873,4634.795166900993,0.0,-0.0,0.11235049976731372,0.47997237932604736,0.0,799.2,0.0,0.0,1.0,888.0,-0.0,120,-51.63382437661875,0.0,118,-10.57613122444569,0.0,120,-55.72599686253067,0.0,118,-32.51777396851246,0.0,120,-31.282525411623034,0.0,120,-6.031443755351633,0.0,0.0,0.553295098534052,0.553295098534052,0.0,-19913.09059624053,-19913.09059624053,1991.8623547225873,1991.8623547225873,1991.8623547225873,0.0,0.0,1275.8623547225873,0.0,716
1991.3090596240531,0.0,-19913.09059624053,1275.8623547225873,5783.071286151321,0.0,-0.0,0.14018547223599062,0.47997237932604736,0.0,799.2,0.0,0.0,1.0,888.0,-0.0,120,-26.070404212242117,0.0,118,-22.02936829267026,0.0,120,-50.27128113422953,0.0,118,-21.320418127119318,0.0,120,-10.739088527060465,0.0,120,-39.287930177076746,0.0,0.0,0.553295098534052,0.553295098534052,0.0,-19913.09059624053,-19913.09059624053,1991.8623547225873,1991.8623547225873,1991.8623547225873,0.0,0.0,1275.8623547225873,0.0,716
1991.3090596240531,0.0,-19913.09059624053,1275.8623547225873,6931.34740540165,0.0,-0.0,0.16802044470466754,0.47997237932604736,0.0,799.2,0.0,0.0,1.0,888.0,-0.0,120,-11.086886287047843,0.0,118,-2.438063750823125,0.0,120,-11.621547839541112,0.0,118,-23.358198246196096,0.0,120,-32.793499627205264,0.0,120,-41.358391112721954,0.0,0.0,0.553295098534052,0.553295098534052,0.0,-19913.09059624053,-19913.09059624053,1991.8623547225873,1991.8623547225873,1991.8623547225873,0.0,0.0,1275.8623547225873,0.0,716
1991.3090596240531,0.0,-19913.09059624053,1275.8623547225873,8079.623524651978,0.0,-0.0,0.19585541717334445,0.47997237932604736,0.0,799.2,0.0,0.0,1.0,888.0,-0.0,120,-48.156625601245494,0.0,118,-31.720848414911323,0.0,120,-56.15612816404062,0.0,118,-59.43379238822863,0.0,120,-44.573289971346604,0.0,120,-30.44054420216981,0.0,0.0,0.553295098534052,0.553295098534052,0.0,-19913.09059624053,-19913.09059624053,1991.8623547225873,1991.8623547225873,1991.8623547225873,0.0,0.0,1275.8623547225873,0.0,716
1991.3090596240531,0.0,-19913.09059624053,1275.8623547225873,9227.899643902307,0.0,-0.0,0.22369038964202134,0.47997237932604736,0.0,799.2,0.0,0.0,1.0,888.0,-0.0,120,-0.7007376521494524,0.0,118,-38.7808451375586,0.0,120,-25.990035148209266,0.0,118,-5.6748742035592965,0.0,120,-43.33446422451724,0.0,120,-49.46837475051008,0.0,0.0,0.553295098534052,0.553295098534052,0.0,-19913.09059624053,-19913.09059624053,1991.8623547225873,1991.8623547225873,1991.8623547225873,0.0,0.0,1275.8623547225873,0.0,716
1991.3090596240531,0.0,-19913.09059624053,1275.8623547225873,10376.175763152634,0.0,-0.0,0.25152536211069826,0.47997237932604736,0.0,799.2,0.0,0.0,1.0,888.0,-0.0,120,-11.185536927494459,0.0,118,-40.89987613688698,0.0,120,-48.08076286223782,0.0,118,-46.375010175813486,0.0,120,-16.667762990594934,0.0,120,-47.310910602578794,0.0,0.0,0.553295098534052,0.553295098534052,0.0,-19913.09059624053,-19913.09059624053,1991.8623547225873,1991.8623547225873,1991.8623547225873,0.0,0.0,1275.8623547225873,0.0,716
2273.1389675843184,0.0,-22731.389675843184,1557.770570520574,11524.451882402962,0.0,-0.0,0.27936033457937515,0.47997237932604736,0.0,799.2,0.0,0.0,1.0,888.0,-0.0,120,-40.606748746158274,0.0,118,-44.178504639943526,0.0,120,-41.54968506106322,0.0,118,-45.256021436054844,0.0,120,-22.503394279243047,0.0,120,-45.95776988287877,0.0,0.0,0.631602936255715,0.631602936255715,0.0,-22731.389675843184,-22731.389675843184,2273.770570520574,2273.770570520574,2273.770570520574,0.0,0.0,1557.770570520574,0.0,716
2273.1389675843184,0.0,-22731.389675843184,1557.770570520574,12926.445395871478,0.0,-0.0,0.31334558446346883,0.47997237932604736,0.0,799.2,0.0,0.0,1.0,888.0,-0.0,120,-13.4414576614614,0.0,118,-55.35782645001383,0.0,120,-51.92982969482741,0.0,118,-0.6657663944504955,0.0,120,-13.081400594937127,0.0,120,-40.627531791418335,0.0,0.0,0.631602936255715,0.631602936255715,0.0,-22731.389675843184,-22731.389675843184,2273.770570520574,2273.770570520574,2273.770570520574,0.0,0.0,1557.770570520574,0.0,716
2273.1389675843184,0.0,-22731.389675843184,1557.770570520574,14328.438909339995,0.0,-0.0,0.34733083434756246,0.47997237932604736,0.0,799.2,0.0,0.0,1.0,888.0,-0.0,120,-27.893930861478353,0.0,118,-31.55628831700933,0.0,120,-53.320223743073655,0.0,118,-30.770875400913308,0.0,120,-5.281229566184593,0.0,120,-29.5143809309048,0.0,0.0,0.631602936255715,0.631602936255715,0.0,-22731.389675843184,-22731.389675843184,2273.770570520574,2273.770570520574,2273.770570520574,0.0,0.0,1557.770570520574,0.0,716
2273.1389675843184,0.0,-22731.389675843184,1557.770570520574,15730.432422808512,0.0,-0.0,0.38131608423165614,0.47997237932604736,0.0,799.2,0.0,0.0,1.0,888.0,-0.0,120,-41.334687145651,0.0,118,-59.411298363214485,0.0,120,-40.39339097564612,0.0,118,-19.724510324609284,0.0,120,-29.124925041678534,0.0,120,-39.19134735148539,0.0,0.0,0.631602936255715,0.631602936255715,0.0,-22731.389675843184,-22731.389675843184,2273.770570520574,2273.770570520574,2273.770570520574,0.0,0.0,1557.770570520574,0.0,716
2273.1389675843184,0.0,-22731.389675843184,1557.770570520574,17132.425936277028,0.0,-0.0,0.4153013341157498,0.47997237932604736,0.0,799.2,0.0,0.0,1.0,888.0,-0.0,120,-26.490817431243595,0.0,118,-47.02170971756105,0.0,120,-31.8938861956944,0.0,118,-47.146586115183986,0.0,120,-9.24001272438933,0.0,120,-46.727018327669754,0.0,0.0,0.631602936255715,0.631602936255715,0.0,-22731.389675843184,-22731.389675843184,2273.770570520574,2273.770570520574,2273.770570520574,0.0,0.0,1557.770570520574,0.0,716
2273.1389675843184,0.0,-22731.389675843184,1557.770570520574,18534.419449745546,0.0,-0.0,0.44928658399984356,0.47997237932604736,0.0,799.2,0.0,0.0,1.0,888.0,-0.0,120,-53.44536308576383,0.0,118,-33.68202548138902,0.0,120,-39.675457363715736,0.0,118,-39.1197303202385,0.0,120,-15.038782472708709,0.0,120,-5.707785173760027,0.0,0.0,0.631602936255715,0.631602936255715,0.0,-22731.389675843184,-22731.389675843184,2273.770570520574,2273.770570520574,2273.770570520574,0.0,0.0,1557.770570520574,0.0,716
2345.665911545582,0.0,-23456.65911545582,1632.3176664529296,19936.41296321406,0.0,-0.0,0.4832718338839372,0.47997237932604736,0.0,799.2,0.0,0.0,1.0,888.0,-0.0,120,-7.942994105810408,0.0,118,-40.4727497384312,0.0,120,-45.515609089907954,0.0,118,-2.5194758342099033,0.0,118,-20.901535923116732,0.0,120,-9.357137900282035,0.0,0.0,0.651754907348036,0.651754907348036,0.0,-23456.65911545582,-23456.65911545582,2346.3176664529296,2346.3176664529296,2346.3176664529296,0.0,0.0,1632.3176664529296,0.0,714
2345.665911545582,0.0,-23456.65911545582,1636.3176664529296,21405.498863021698,0.0,-0.0,0.518883447580096,0.47997237932604736,0.0,799.2,0.0,0.0,1.0,888.0,-0.0,118,-3.2228791921492084,0.0,118,-16.632366155527052,0.0,118,-37.4601247142063,0.0,118,-40.05881535768688,0.0,118,-7.57063780835014,0.0,120,-27.60267386825675,0.0,0.0,0.651754907348036,0.651754907348036,0.0,-23456.65911545582,-23456.65911545582,2346.3176664529296,2346.3176664529296,2346.3176664529296,0.0,0.0,1636.3176664529296,0.0,710
2345.665911545582,0.0,-23456.65911545582,1638.3176664529296,22878.184762829333,0.0,-0.0,0.5545823276568815,0.47997237932604736,0.0,799.2,0.0,0.0,1.0,888.0,-0.0,118,-11.562715379744354,0.0,118,-58.245723501022475,0.0,118,-4.043094384982524,0.0,118,-37.832161661513425,0.0,118,-20.864729081460546,0.0,118,-48.275297830274326,0.0,0.0,0.651754907348036,0.651754907348036,0.0,-23456.65911545582,-23456.65911545582,2346.3176664529296,2346.3176664529296,2346.3176664529296,0.0,0.0,1638.3176664529296,0.0,708
2345.665911545582,0.0,-23456.65911545582,1638.3176664529296,24352.67066263697,0.0,-0.0,0.5903248409239805,0.47997237932604736,0.0,799.2,0.0,0.0,1.0,888.0,-0.0,118,-13.906956546837545,0.0,118,-11.406363465499433,0.0,118,-8.877057733147558,0.0,118,-1.6124976294025006,0.0,118,-25.32846327572819,0.0,118,-6.895727783220902,0.0,0.0,0.651754907348036,0.651754907348036,0.0,-23456.65911545582,-23456.65911545582,2346.3176664529296,2346.3176664529296,2346.3176664529296,0.0,0.0,1638.3176664529296,0.0,708
2345.665911545582,0.0,-23456.65911545582,1638.3176664529296,25827.15656244461,0.0,-0.0,0.6260673541910796,0.47997237932604736,0.0,799.2,0.0,0.0,1.0,888.0,-0.0,118,-3.1970153652598987,0.0,118,-3.600481176411585,0.0,118,-56.864422631937884,0.0,118,-21.051802403193744,0.0,118,-20.29664101260699,0.0,118,-17.81702620349285,0.0,0.0,0.651754907348036,0.651754907348036,0.0,-23456.65911545582,-23456.65911545582,2346.3176664529296,2346.3176664529296,2346.3176664529296,0.0,0.0,1638.3176664529296,0.0,708
2345.665911545582,0.0,-23456.65911545582,1638.3176664529296,27301.642462252246,0.0,-0.0,0.6618098674581787,0.47997237932604736,0.0,799.2,0.0,0.0,1.0,888.0,-0.0,118,-0.5717696246228354,0.0,118,-22.028417147609176,0.0,118,-57.20504161269968,0.0,118,-44.71550493984683,0.0,118,-47.42292501076621,0.0,118,-48.92550952116209,0.0,0.0,0.651754907348036,0.651754907348036,0.0,-23456.65911545582,-23456.65911545582,2346.3176664529296,2346.3176664529296,2346.3176664529296,0.0,0.0,1638.3176664529296,0.0,708
2200.051675002138,0.0,-22000.51675002138,1492.6629702716577,28776.128362059884,0.0,-0.0,0.6975523807252778,0.47997237932604736,0.0,799.2,0.0,0.0,1.0,888.0,-0.0,118,-41.57342659583372,0.0,118,-19.5276242343243,0.0,118,-16.850140901686494,0.0,118,-43.43903440932255,0.0,118,-55.160792143398716,0.0,118,-10.244044205104801,0.0,0.0,0.611295269519905,0.611295269519905,0.0,-22000.51675002138,-22000.51675002138,2200.6629702716577,2200.6629702716577,2200.6629702716577,0.0,0.0,1492.6629702716577,0.0,708
2200.051675002138,0.0,-22000.51675002138,1492.6629702716577,30119.525035304378,0.0,-0.0,0.7301172044531156,0.47997237932604736,0.0,799.2,0.0,0.0,1.0,888.0,-0.0,118,-13.444539554340611,0.0,118,-12.589033488903716,0.0,118,-41.17138261598651,0.0,118,-40.08873596120198,0.0,118,-43.56622708940981,0.0,118,-13.979181209759524,0.0,0.0,0.611295269519905,0.611295269519905,0.0,-22000.51675002138,-22000.51675002138,2200.6629702716577,2200.6629702716577,2200.6629702716577,0.0,0.0,1492.6629702716577,0.0,708
2200.051675002138,0.0,-22000.51675002138,1488.6629702716577,31462.92170854887,0.0,-0.0,0.7626820281809534,0.47997237932604736,0.0,799.2,0.0,0.0,1.0,888.0,-0.0,120,-5.786650940231559,0.0,118,-50.46757288460045,0.0,118,-23.84479390213465,0.0,118,-3.360328860184094,0.0,120,-46.410213197712,0.0,118,-51.108878135306874,0.0,0.0,0.611295269519905,0.611295269519905,0.0,-22000.51675002138,-22000.51675002138,2200.6629702716577,2200.6629702716577,2200.6629702716577,0.0,0.0,1488.6629702716577,0.0,712
2200.051675002138,0.0,-22000.51675002138,1492.6629702716577,32802.71838179336,0.0,-0.0,0.7951595855281643,0.47997237932604736,0.0,799.2,0.0,0.0,1.0,888.0,-0.0,118,-47.31291140460208,0.0,118,-6.665014729930681,0.0,118,-22.893914426949824,0.0,118,-42.4494161728372,0.0,118,-52.6024095425244,0.0,118,-56.52283162039551,0.0,0.0,0.611295269519905,0.611295269519905,0.0,-22000.51675002138,-22000.51675002138,2200.6629702716577,2200.6629702716577,2200.6629702716577,0.0,0.0,1492.6629702716577,0.0,708
2200.051675002138,0.0,-22000.51675002138,1492.6629702716577,34146.11505503785,0.0,-0.0,0.827724409256002,0.47997237932604736,0.0,799.2,0.0,0.0,1.0,888.0,-0.0,118,-31.502956169937587,0.0,118,-4.81046218470186,0.0,118,-19.95486740420964,0.0,118,-15.839903470281802,0.0,118,-48.05260789173204,0.0,118,-33.775964840103676,0.0,0.0,0.611295269519905,0.611295269519905,0.0,-22000.51675002138,-22000.51675002138,2200.6629702716577,2200.6629702716577,2200.6629702716577,0.0,0.0,1492.6629702716577,0.0,708
2200.051675002138,0.0,-22000.51675002138,1492.6629702716577,35489.51172828234,0.0,-0.0,0.8602892329838397,0.47997237932604736,0.0,799.2,0.0,0.0,1.0,888.0,-0.0,118,-27.009616501026265,0.0,118,-12.191324293263925,0.0,118,-59.60930264518503,0.0,118,-43.64258957646725,0.0,118,-25.506105382205984,0.0,118,-5.972119001667036,0.0,0.0,0.611295269519905,0.611295269519905,0.0,-22000.51675002138,-22000.51675002138,2200.6629702716577,2200.6629702716577,2200.6629702716577,0.0,0.0,1492.6629702716577,0.0,708
1862.8013373816834,0.0,-18628.013373816833,1155.3189259722312,36832.90840152683,0.0,-0.0,0.8928540567116775,0.47997237932604736,0.0,799.2,0.0,0.0,1.0,888.0,-0.0,118,-7.378604595082439,0.0,118,-56.082531719232655,0.0,118,-25.662999890334635,0.0,118,-6.454338174437561,0.0,118,-52.42040997114586,0.0,118,-48.66993783633959,0.0,0.0,0.517588590547842,0.517588590547842,0.0,-18628.013373816833,-18628.013373816833,1863.3189259722312,1863.3189259722312,1863.3189259722312,0.0,0.0,1155.3189259722312,0.0,708
1862.8013373816834,0.0,-18628.013373816833,1155.3189259722312,37872.69543490184,0.0,-0.0,0.9180591819965055,0.47997237932604736,0.0,799.2,0.0,0.0,1.0,888.0,-0.0,118,-18.654245696847312,0.0,118,-3.34009199143251,0.0,118,-40.04664775692055,0.0,118,-45.64166418143414,0.0,118,-51.60163192052083,0.0,118,-13.848752333040892,0.0,0.0,0.517588590547842,0.517588590547842,0.0,-18628.013373816833,-18628.013373816833,1863.3189259722312,1863.3189259722312,1863.3189259722312,0.0,0.0,1155.3189259722312,0.0,708
1862.8013373816834,0.0,-18628.013373816833,1153.3189259722312,38912.48246827685,0.0,-0.0,0.9432643072813335,0.47997237932604736,0.0,799.2,0.0,0.0,1.0,888.0,-0.0,118,-43.029902919868135,0.0,118,-22.490959634878408,0.0,118,-52.67891418616409,0.0,118,-30.037959814020898,0.0,120,-0.851727401074247,0.0,118,-23.816413221528077,0.0,0.0,0.517588590547842,0.517588590547842,0.0,-18628.013373816833,-18628.013373816833,1863.3189259722312,1863.3189259722312,1863.3189259722312,0.0,0.0,1153.3189259722312,0.0,710
1862.8013373816834,0.0,-18628.013373816833,1153.3189259722312,39950.46950165186,0.0,-0.0,0.968425799375848,0.47997237932604736,0.0,799.2,0.0,0.0,1.0,888.0,-0.0,118,-54.54517030108798,0.0,118,-59.64054244696423,0.0,118,-6.280802772819221,0.0,118,-48.35254081431105,0.0,120,-19.23415388658285,0.0,118,-50.65630196361718,0.0,0.0,0.517588590547842,0.517588590547842,0.0,-18628.013373816833,-18628.013373816833,1863.3189259722312,1863.3189259722312,1863.3189259722312,0.0,0.0,1153.3189259722312,0.0,710
1862.8013373816834,0.0,-18628.013373816833,293.93718330348037,40988.45653502687,0.0,-0.0,0.9935872914703626,0.47997237932604736,0.0,799.2,861.3817426687508,0.0,1.0,888.0,688416.2887408657,118,-12.750401586858748,0.0,118,-32.613801247381424,0.0,118,-18.524171209519952,0.0,118,-49.52774384402282,0.0,118,-58.91306269496171,0.0,118,-45.88793888351413,0.0,0.0,0.517588590547842,0.517588590547842,0.0,669788.2753670488,669788.2753670488,1863.3189259722312,1863.3189259722312,1863.3189259722312,0.0,0.0,1155.3189259722312,0.0,708
1862.8013373816834,0.0,-18628.013373816833,0.0,41253.0,0.0,-0.0,1.0,0.47997237932604736,0.0,799.2,1155.3189259722312,0.0,1.0,888.0,923330.8856370073,118,-40.56941695128043,0.0,118,-15.50064234784362,0.0,118,-36.55634308033222,0.0,118,-1.3330014325440698,0.0,118,-45.479635915361094,0.0,118,-55.805168439637455,0.0,0.0,0.517588590547842,0.517588590547842,0.0,904702.8722631905,904702.8722631905,1863.3189259722312,1863.3189259722312,1863.3189259722312,0.0,0.0,1155.3189259722312,0.0,708
1315.4428729997455,0.0,-13154.428729997455,0.0,41253.0,0.0,-0.0,1.0,0.47997237932604736,0.0,799.2,607.8083753262251,0.0,1.0,888.0,485760.45356071915,118,-15.895390770233819,0.0,118,-27.73295350389329,0.0,118,-56.175489027608265,0.0,118,-3.956345750936472,0.0,118,-10.168610105200306,0.0,118,-11.224267371964679,0.0,0.0,0.365502326479507,0.365502326479507,0.0,472606.02483072167,472606.02483072167,1315.8083753262251,1315.8083753262251,1315.8083753262251,0.0,0.0,607.8083753262251,0.0,708
1315.4428729997455,0.0,-13154.428729997455,0.0,41253.0,0.0,-0.0,1.0,0.47997237932604736,0.0,799.2,607.8083753262251,0.0,1.0,888.0,485760.45356071915,118,-30.247842752599045,0.0,118,-28.408289848007083,0.0,118,-6.278753765862475,0.0,118,-34.565248178689146,0.0,118,-33.29882135234927,0.0,118,-36.90917132453362,0.0,0.0,0.365502326479507,0.365502326479507,0.0,472606.02483072167,472606.02483072167,1315.8083753262251,1315.8083753262251,1315.8083753262251,0.0,0.0,607.8083753262251,0.0,708
1315.4428729997455,0.0,-13154.428729997455,0.0,41253.0,0.0,-0.0,1.0,0.47997237932604736,0.0,799.2,607.8083753262251,0.0,1.0,888.0,485760.45356071915,118,-8.330072069890164,0.0,118,-9.447764397191749,0.0,118,-19.373893355828525,0.0,118,-38.43287948023619,0.0,118,-57.02594215401201,0.0,118,-34.21573883866047,0.0,0.0,0.365502326479507,0.365502326479507,0.0,472606.02483072167,472606.02483072167,1315.8083753262251,1315.8083753262251,1315.8083753262251,0.0,0.0,607.8083753262251,0.0,708
1315.4428729997455,0.0,-13154.428729997455,0.0,41253.0,0.0,-0.0,1.0,0.47997237932604736,0.0,799.2,607.8083753262251,0.0,1.0,888.0,485760.45356071915,118,-11.84534236099313,0.0,118,-52.1736440142635,0.0,118,-15.013428743991994,0.0,118,-4.700826250158028,0.0,118,-35.21413143849521,0.0,118,-46.34100178033891,0.0,0.0,0.365502326479507,0.365502326479507,0.0,472606.02483072167,472606.02483072167,1315.8083753262251,1315.8083753262251,1315.8083753262251,0.0,0.0,607.8083753262251,0.0,708
1315.4428729997455,0.0,-13154.428729997455,0.0,41253.0,0.0,-0.0,1.0,0.47997237932604736,0.0,799.2,607.8083753262251,0.0,1.0,888.0,485760.45356071915,118,-10.796469570101939,0.0,118,-4.599456767681717,0.0,118,-42.224163775634565,0.0,118,-22.83958504744835,0.0,118,-35.884337270577404,0.0,118,-5.322432886838568,0.0,0.0,0.365502326479507,0.365502326479507,0.0,472606.02483072167,472606.02483072167,1315.8083753262251,1315.8083753262251,1315.8083753262251,0.0,0.0,607.8083753262251,0.0,708
1315.4428729997455,0.0,-13154.428729997455,0.0,41253.0,0.0,-0.0,1.0,0.47997237932604736,0.0,799.2,607.8083753262251,0.0,1.0,888.0,485760.45356071915,118,-23.734303942972986,0.0,118,-31.656325521712436,0.0,118,-13.229340165428887,0.0,118,-39.12390916922846,0.0,118,-18.51322432860117,0.0,118,-3.8975620465808003,0.0,0.0,0.365502326479507,0.365502326479507,0.0,472606.02483072167,472606.02483072167,1315.8083753262251,1315.8083753262251,1315.8083753262251,0.0,0.0,607.8083753262251,0.0,708
608.6652944286275,0.0,-6086.652944286275,0.0,41253.0,161.1655849005116,-0.0,1.0,0.47997237932604736,0.0,799.2,0.0,0.0,1.0,888.0,-0.0,118,-16.79030957112348,0.0,118,-6.575280567116035,0.0,118,-28.84143478770239,0.0,118,-50.171393258611374,0.0,180,-3.7453676565202487,0.0,118,-52.66375672654552,0.0,0.0,0.169120670860969,0.169120670860969,0.0,-6086.652944286275,-6086.652944286275,770.0,770.0,608.8344150994884,0.0,161.1655849005116,0.0,0.0,770
608.6652944286275,0.0,-6086.652944286275,0.0,41073.92712788832,161.1655849005116,-0.0,0.9956591551617656,0.47997237932604736,0.0,799.2,0.0,0.0,1.0,888.0,-0.0,118,-43.13908529237232,0.0,118,-22.897320311758367,0.0,118,-43.12005063530015,0.0,118,-39.065197111865814,0.0,180,-55.97186919159084,0.0,118,-24.443412641563825,0.0,0.0,0.169120670860969,0.169120670860969,0.0,-6086.652944286275,-6086.652944286275,770.0,770.0,608.8344150994884,0.0,161.1655849005116,0.0,0.0,770
608.6652944286275,0.0,-6086.652944286275,0.0,40894.854255776634,161.1655849005116,-0.0,0.9913183103235312,0.47997237932604736,0.0,799.2,0.0,0.0,1.0,888.0,-0.0,118,-49.93463704618769,0.0,118,-15.534256531944589,0.0,118,-25.650323407795216,0.0,118,-51.025661099642505,0.0,180,-31.658926596488307,0.0,118,-32.24063068089606,0.0,0.0,0.169120670860969,0.169120670860969,0.0,-6086.652944286275,-6086.652944286275,770.0,770.0,608.8344150994884,0.0,161.1655849005116,0.0,0.0,770
608.6652944286275,0.0,-6086.652944286275,0.0,40715.78138366495,161.1655849005116,-0.0,0.9869774654852969,0.47997237932604736,0.0,799.2,0.0,0.0,1.0,888.0,-0.0,118,-43.628946060060706,0.0,118,-44.66149423928735,0.0,118,-18.80425469506681,0.0,118,-18.881936625646986,0.0,180,-38.26742594398702,0.0,118,-32.147999450695394,0.0,0.0,0.169120670860969,0.169120670860969,0.0,-6086.652944286275,-6086.652944286275,770.0,770.0,608.8344150994884,0.0,161.1655849005116,0.0,0.0,770
608.6652944286275,0.0,-6086.652944286275,0.0,40536.70851155327,161.1655849005116,-0.0,0.9826366206470625,0.47997237932604736,0.0,799.2,0.0,0.0,1.0,888.0,-0.0,118,-58.585302669498645,0.0,118,-42.19105433301374,0.0,118,-34.03718115314678,0.0,118,-4.235439487970643,0.0,180,-11.920059236250044,0.0,118,-57.35228364259433,0.0,0.0,0.169120670860969,0.169120670860969,0.0,-6086.652944286275,-6086.652944286275,770.0,770.0,608.8344150994884,0.0,161.1655849005116,0.0,0.0,770
608.6652944286275,0.0,-6086.652944286275,0.0,40357.635639441585,161.1655849005116,-0.0,0.9782957758088281,0.47997237932604736,0.0,799.2,0.0,0.0,1.0,888.0,-0.0,118,-32.84195297056952,0.0,118,-0.19374862357079303,0.0,118,-7.178568026615572,0.0,118,-43.36498366399697,0.0,180,-48.89384047637619,0.0,118,-39.45974577150537,0.0,0.0,0.169120670860969,0.169120670860969,0.0,-6086.652944286275,-6086.652944286275,770.0,770.0,608.8344150994884,0.0,161.1655849005116,0.0,0.0,770
44.41616000982022,0.0,-444.16160009820214,0.0,40178.5627673299,725.5714987398297,-0.0,0.9739549309705937,0.47997237932604736,0.0,799.2,0.0,0.0,1.0,888.0,-0.0,118,-0.3021264119047773,0.0,118,-52.1944014029104,0.0,118,-52.14067903110228,0.0,118,-45.14787989617512,0.0,180,-10.468771557848978,0.0,118,-1.1939672484305386,0.0,0.0,0.0123412503500473,0.0123412503500473,0.0,-444.16160009820214,-444.16160009820214,770.0,770.0,44.428501260170265,0.0,725.5714987398297,0.0,0.0,770
44.41616000982022,0.0,-444.16160009820214,0.0,39372.37221317454,725.5714987398297,-0.0,0.9544123388159537,0.47997237932604736,0.0,799.2,0.0,0.0,1.0,888.0,-0.0,118,-41.13667391466162,0.0,118,-44.745206618376805,0.0,118,-35.08149517494768,0.0,118,-55.916385026056176,0.0,180,-2.769243736596041,0.0,118,-7.82815817166425,0.0,0.0,0.0123412503500473,0.0123412503500473,0.0,-444.16160009820214,-444.16160009820214,770.0,770.0,44.428501260170265,0.0,725.5714987398297,0.0,0.0,770
44.41616000982022,0.0,-444.16160009820214,0.0,38566.181659019174,725.5714987398297,-0.0,0.9348697466613137,0.47997237932604736,0.0,799.2,0.0,0.0,1.0,888.0,-0.0,118,-28.999968746609987,0.0,118,-16.617569405008858,0.0,118,-55.04370450811107,0.0,118,-56.456886458167354,0.0,180,-5.297845109777361,0.0,118,-17.29360138233005,0.0,0.0,0.0123412503500473,0.0123412503500473,0.0,-444.16160009820214,-444.16160009820214,770.0,770.0,44.428501260170265,0.0,725.5714987398297,0.0,0.0,770
44.41616000982022,0.0,-444.16160009820214,0.0,37759.99110486381,725.5714987398297,-0.0,0.9153271545066737,0.47997237932604736,0.0,799.2,0.0,0.0,1.0,888.0,-0.0,118,-41.28932402313313,0.0,118,-59.41296514318394,0.0,118,-11.960699426029235,0.0,118,-47.35039909789913,0.0,180,-4.420959473812493,0.0,118,-33.807100313424755,0.0,0.0,0.0123412503500473,0.0123412503500473,0.0,-444.16160009820214,-444.16160009820214,770.0,770.0,44.428501260170265,0.0,725.5714987398297,0.0,0.0,770
44.41616000982022,0.0,-444.16160009820214,0.0,36953.800550708445,725.5714987398297,-0.0,0.8957845623520336,0.47997237932604736,0.0,799.2,0.0,0.0,1.0,888.0,-0.0,118,-6.446407725380714,0.0,118,-6.214080118981018,0.0,118,-15.904659646044001,0.0,118,-46.67054822559765,0.0,180,-12.459340701757952,0.0,118,-28.255056048524093,0.0,0.0,0.0123412503500473,0.0123412503500473,0.0,-444.16160009820214,-444.16160009820214,770.0,770.0,44.428501260170265,0.0,725.5714987398297,0.0,0.0,770
44.41616000982022,0.0,-444.16160009820214,0.0,36147.60999655308,725.5714987398297,-0.0,0.8762419701973937,0.47997237932604736,0.0,799.2,0.0,0.0,1.0,888.0,-0.0,118,-4.154656695693193,0.0,118,-47.24622369430632,0.0,118,-50.36342082906383,0.0,118,-9.608624563459472,0.0,180,-2.917977030954606,0.0,118,-46.26471909484339,0.0,0.0,0.0123412503500473,0.0123412503500473,0.0,-444.16160009820214,-444.16160009820214,770.0,770.0,44.428501260170265,0.0,725.5714987398297,0.0,0.0,770
0.0,0.0,-0.0,0.0,35341.41944239772,770.0,-0.0,0.8566993780427536,0.47997237932604736,0.0,799.2,0.0,0.0,1.0,888.0,-0.0,118,-40.728897563772094,0.0,118,-33.840716601357336,0.0,118,-34.91827904921782,0.0,118,-37.98788178845573,0.0,180,-29.70051337379269,0.0,118,-49.375204199014426,0.0,0.0,0.0,0.0,0.0,0.0,0.0,770.0,770.0,0.0,0.0,770.0,0.0,0.0,770
0.0,0.0,-0.0,0.0,34485.86388684216,770.0,-0.0,0.8359601456098262,0.47997237932604736,0.0,799.2,0.0,0.0,1.0,888.0,-0.0,118,-47.78869125909133,0.0,118,-2.1661612472723157,0.0,118,-17.762309365256822,0.0,118,-59.784140968676965,0.0,180,-28.091150368504497,0.0,118,-58.428212245059626,0.0,0.0,0.0,0.0,0.0,0.0,0.0,770.0,770.0,0.0,0.0,770.0,0.0,0.0,770
0.0,0.0,-0.0,0.0,33630.30833128661,770.0,-0.0,0.8152209131768988,0.47997237932604736,0.0,799.2,0.0,0.0,1.0,888.0,-0.0,118,-9.704259686739443,0.0,118,-33.15189409250365,0.0,118,-9.972654952160001,0.0,118,-13.397521342511132,0.0,180,-17.46349590883745,0.0,118,-32.719806708818254,0.0,0.0,0.0,0.0,0.0,0.0,0.0,770.0,770.0,0.0,0.0,770.0,0.0,0.0,770
0.0,0.0,-0.0,0.0,32774.75277573105,770.0,-0.0,0.7944816807439714,0.47997237932604736,0.0,799.2,0.0,0.0,1.0,888.0,-0.0,118,-27.970348062143692,0.0,118,-42.14696679285002,0.0,118,-39.1466605959888,0.0,118,-13.249013452865368,0.0,180,-29.369186531594412,0.0,118,-35.79489474438309,0.0,0.0,0.0,0.0,0.0,0.0,0.0,770.0,770.0,0.0,0.0,770.0,0.0,0.0,770
0.0,0.0,-0.0,0.0,31919.197220175498,770.0,-0.0,0.773742448311044,0.47997237932604736,0.0,799.2,0.0,0.0,1.0,888.0,-0.0,118,-0.1625576883039992,0.0,118,-0.7985740340843317,0.0,118,-56.122498490990665,0.0,118,-31.737849397363053,0.0,180,-39.10973728269003,0.0,118,-29.067776897599067,0.0,0.0,0.0,0.0,0.0,0.0,0.0,770.0,770.0,0.0,0.0,770.0,0.0,0.0,770
0.0,0.0,-0.0,0.0,31063.641664619943,770.0,-0.0,0.7530032158781166,0.47997237932604736,0.0,799.2,0.0,0.0,1.0,888.0,-0.0,118,-53.23632754775531,0.0,118,-54.18466781386243,0.0,118,-47.6343644413239,0.0,118,-24.572390675049988,0.0,180,-23.88569499161504,0.0,118,-36.02526016078261,0.0,0.0,0.0,0.0,0.0,0.0,0.0,770.0,770.0,0.0,0.0,770.0,0.0,0.0,770
0.0,0.0,-0.0,0.0,30208.08610906439,770.0,-0.0,0.7322639834451892,0.47997237932604736,0.0,799.2,0.0,0.0,1.0,888.0,-0.0,118,-26.206146432184077,0.0,118,-11.046439562578538,0.0,118,-58.313185211837805,0.0,118,-39.678289893673075,0.0,180,-57.410395828593245,0.0,118,-46.023914278358774,0.0,0.0,0.0,0.0,0.0,0.0,0.0,770.0,770.0,0.0,0.0,770.0,0.0,0.0,770
0.0,0.0,-0.0,0.0,29352.530553508834,770.0,-0.0,0.7115247510122618,0.47997237932604736,0.0,799.2,0.0,0.0,1.0,888.0,-0.0,118,-39.23071548715097,0.0,118,-11.139270336481905,0.0,118,-19.744757504439107,0.0,118,-54.10833559880766,0.0,180,-49.65941569380484,0.0,118,-38.92257466784547,0.0,0.0,0.0,0.0,0.0,0.0,0.0,770.0,770.0,0.0,0.0,770.0,0.0,0.0,770
0.0,0.0,-0.0,0.0,28496.97499795328,770.0,-0.0,0.6907855185793343,0.47997237932604736,0.0,799.2,0.0,0.0,1.0,888.0,-0.0,118,-14.328013820915807,0.0,118,-53.852461503709286,0.0,118,-21.787670365138545,0.0,118,-23.043433709766333,0.0,180,-23.095604781271238,0.0,118,-25.877704118763354,0.0,0.0,0.0,0.0,0.0,0.0,0.0,770.0,770.0,0.0,0.0,770.0,0.0,0.0,770
0.0,0.0,-0.0,0.0,27641.419442397724,770.0,-0.0,0.6700462861464069,0.47997237932604736,0.0,799.2,0.0,0.0,1.0,888.0,-0.0,118,-2.866707290126498,0.0,118,-30.520316698348363,0.0,118,-45.97293802351028,0.0,118,-34.760253682618696,0.0,180,-43.24546780243644,0.0,118,-11.240642917474,0.0,0.0,0.0,0.0,0.0,0.0,0.0,770.0,770.0,0.0,0.0,770.0,0.0,0.0,770
0.0,0.0,-0.0,0.0,26785.86388684217,770.0,-0.0,0.6493070537134795,0.47997237932604736,0.0,799.2,0.0,0.0,1.0,888.0,-0.0,118,-23.766316608921027,0.0,118,-53.55724196519662,0.0,118,-16.50352992273634,0.0,118,-18.466499614467654,0.0,180,-2.357945737592666,0.0,118,-49.282167087033095,0.0,0.0,0.0,0.0,0.0,0.0,0.0,770.0,770.0,0.0,0.0,770.0,0.0,0.0,770
0.0,0.0,-0.0,0.0,25930.308331286615,770.0,-0.0,0.6285678212805521,0.47997237932604736,0.0,799.2,0.0,0.0,1.0,888.0,-0.0,118,-42.10959488616458,0.0,118,-23.662230549122178,0.0,118,-17.911670918296245,0.0,118,-50.064490276147176,0.0,180,-39.167959464004085,0.0,118,-5.820773649665762,0.0,0.0,0.0,0.0,0.0,0.0,0.0,770.0,770.0,0.0,0.0,770.0,0.0,0.0,770
0.0,0.0,-0.0,0.0,25074.75277573106,770.0,-0.0,0.6078285888476247,0.47997237932604736,0.0,799.2,0.0,0.0,1.0,888.0,-0.0,118,-28.218272028836747,0.0,118,-46.29554134531405,0.0,118,-29.59316825499004,0.0,118,-51.439313024400676,0.0,180,-48.96351435625301,0.0,118,-15.273378932994913,0.0,0.0,0.0,0.0,0.0,0.0,0.0,770.0,770.0,0.0,0.0,770.0,0.0,0.0,770
0.0,0.0,-0.0,0.0,24219.197220175505,770.0,-0.0,0.5870893564146973,0.47997237932604736,0.0,799.2,0.0,0.0,1.0,888.0,-0.0,118,-6.146717618988575,0.0,118,-17.254235973789847,0.0,118,-49.31648131013887,0.0,118,-35.204986113049216,0.0,180,-56.102556538261155,0.0,118,-9.672508164359279,0.0,0.0,0.0,0.0,0.0,0.0,0.0,770.0,770.0,0.0,0.0,770.0,0.0,0.0,770
0.0,0.0,-0.0,0.0,23363.64166461995,770.0,-0.0,0.5663501239817699,0.47997237932604736,0.0,799.2,0.0,0.0,1.0,888.0,-0.0,118,-43.74765972669613,0.0,118,-31.511365284480924,0.0,118,-53.80624175890756,0.0,118,-15.171731410827432,0.0,180,-28.898867963569078,0.0,118,-43.23245063293385,0.0,0.0,0.0,0.0,0.0,0.0,0.0,770.0,770.0,0.0,0.0,770.0,0.0,0.0,770
0.0,0.0,-0.0,0.0,22508.086109064396,770.0,-0.0,0.5456108915488425,0.47997237932604736,0.0,799.2,0.0,0.0,1.0,888.0,-0.0,118,-29.702232693349302,0.0,118,-9.31087600094924,0.0,118,-58.55714505110997,0.0,118,-10.991881575175881,0.0,180,-39.606521123298265,0.0,118,-37.65070348132737,0.0,0.0,0.0,0.0,0.0,0.0,0.0,770.0,770.0,0.0,0.0,770.0,0.0,0.0,770
0.0,0.0,-0.0,0.0,21652.53055350884,770.0,-0.0,0.5248716591159149,0.47997237932604736,0.0,799.2,0.0,0.0,1.0,888.0,-0.0,118,-17.00702373608603,0.0,118,-44.723810054832526,0.0,118,-27.17173468260746,0.0,118,-1.4883756162496264,0.0,180,-13.168107800952013,0.0,118,-16.31877994441863,0.0,0.0,0.0,0.0,0.0,0.0,0.0,770.0,770.0,0.0,0.0,770.0,0.0,0.0,770
0.0,0.0,-0.0,0.0,20796.974997953286,770.0,-0.0,0.5041324266829875,0.47997237932604736,0.0,799.2,0.0,0.0,1.0,888.0,-0.0,118,-35.50811756999768,0.0,118,-6.975156318829918,0.0,118,-24.297626412079836,0.0,118,-37.03964185998244,0.0,180,-47.1387261194702,0.0,118,-34.058524006667895,0.0,0.0,0.0,0.0,0.0,0.0,0.0,770.0,770.0,0.0,0.0,770.0,0.0,0.0,770
0.0,0.0,-0.0,0.0,19941.41944239773,770.0,-0.0,0.48339319425006017,0.47997237932604736,0.0,799.2,0.0,0.0,1.0,888.0,-0.0,118,-16.00192317416535,0.0,118,-22.64559652196831,0.0,118,-15.1625669106325,0.0,118,-28.34685528133412,0.0,180,-9.44360726312707,0.0,118,-20.566727529124023,0.0,0.0,0.0,0.0,0.0,0.0,0.0,770.0,770.0,0.0,0.0,770.0,0.0,0.0,770
0.0,0.0,-0.0,0.0,19085.863886842177,708.0,-0.0,0.46265396181713275,0.47997237932604736,0.0,799.2,0.0,0.0,1.0,888.0,-0.0,118,-24.94455845451738,0.0,118,-56.90047467021952,0.0,118,-2.3559210717683032,0.0,118,-10.12776715290667,0.0,118,-59.19403261904922,0.0,118,-9.724665721654963,0.0,0.0,0.0,0.0,0.0,0.0,0.0,708.0,708.0,0.0,0.0,708.0,0.0,0.0,708
0.0,0.0,-0.0,0.0,18299.19722017551,770.0,-0.0,0.44358464160607736,0.47997237932604736,0.0,799.2,0.0,0.0,1.0,888.0,-0.0,118,-35.1426967635484,0.0,118,-41.33613065902598,0.0,118,-45.41260436747352,0.0,118,-4.066907274797349,0.0,180,-56.09964205959379,0.0,118,-12.907203978583015,0.0,0.0,0.0,0.0,0.0,0.0,0.0,770.0,770.0,0.0,0.0,770.0,0.0,0.0,770
0.0,0.0,-0.0,0.0,17443.641664619954,770.0,-0.0,0.42284540917314994,0.47997237932604736,0.0,799.2,0.0,0.0,1.0,888.0,-0.0,118,-56.812449835406156,0.0,118,-19.705280457240406,0.0,118,-27.819819087620143,0.0,118,-13.808877437959435,0.0,180,-11.41471502202316,0.0,118,-50.12772159682341,0.0,0.0,0.0,0.0,0.0,0.0,0.0,770.0,770.0,0.0,0.0,770.0,0.0,0.0,770
0.0,0.0,-0.0,0.0,16588.0861090644,770.0,-0.0,0.40210617674022253,0.47997237932604736,0.0,799.2,0.0,0.0,1.0,888.0,-0.0,118,-3.642110811919579,0.0,118,-38.6046824557734,0.0,118,-57.48150472285678,0.0,118,-18.44868522266301,0.0,180,-41.61018048619951,0.0,118,-0.5553313079995004,0.0,0.0,0.0,0.0,0.0,0.0,0.0,770.0,770.0,0.0,0.0,770.0,0.0,0.0,770
0.0,0.0,-0.0,0.0,15732.530553508845,772.0,-0.0,0.3813669443072951,0.47997237932604736,0.0,799.2,0.0,0.0,1.0,888.0,-0.0,120,-20.428722536349106,0.0,118,-40.92885577723985,0.0,118,-21.94448193845618,0.0,118,-3.9880298460976937,0.0,180,-33.554957810704465,0.0,118,-17.77196151356798,0.0,0.0,0.0,0.0,0.0,0.0,0.0,772.0,772.0,0.0,0.0,772.0,0.0,0.0,772
0.0,0.0,-0.0,0.0,14874.752775731067,772.0,-0.0,0.36057384373817825,0.47997237932604736,0.0,799.2,0.0,0.0,1.0,888.0,-0.0,120,-2.6633014163337387,0.0,118,-50.58055617124769,0.0,118,-53.7070513546053,0.0,118,-39.29528326391822,0.0,180,-29.309810699999254,0.0,118,-42.30546777986019,0.0,0.0,0.0,0.0,0.0,0.0,0.0,772.0,772.0,0.0,0.0,772.0,0.0,0.0,772
0.0,0.0,-0.0,0.0,14016.97499795329,772.0,-0.0,0.33978074316906137,0.47997237932604736,0.0,799.2,0.0,0.0,1.0,888.0,-0.0,120,-48.54718152293549,0.0,118,-3.273625004935665,0.0,118,-18.616275330607234,0.0,118,-4.113939585639892,0.0,180,-1.6510068931742428,0.0,118,-47.77503655738339,0.0,0.0,0.0,0.0,0.0,0.0,0.0,772.0,772.0,0.0,0.0,772.0,0.0,0.0,772
0.0,0.0,-0.0,0.0,13159.197220175512,772.0,-0.0,0.31898764259994455,0.47997237932604736,0.0,799.2,0.0,0.0,1.0,888.0,-0.0,120,-17.76626410683794,0.0,118,-0.5409303082009354,0.0,118,-17.386482679882587,0.0,118,-45.870642150161906,0.0,180,-8.715365561472872,0.0,118,-2.7221451627764925,0.0,0.0,0.0,0.0,0.0,0.0,0.0,772.0,772.0,0.0,0.0,772.0,0.0,0.0,772
0.0,0.0,-0.0,0.0,12301.419442397735,772.0,-0.0,0.2981945420308277,0.47997237932604736,0.0,799.2,0.0,0.0,1.0,888.0,-0.0,120,-33.87638008751661,0.0,118,-45.71378519911144,0.0,118,-23.3883559594146,0.0,118,-25.68325433479323,0.0,180,-0.4677300937807072,0.0,118,-0.455632172357312,0.0,0.0,0.0,0.0,0.0,0.0,0.0,772.0,772.0,0.0,0.0,772.0,0.0,0.0,772
0.0,0.0,-0.0,0.0,11443.641664619958,772.0,-0.0,0.27740144146171086,0.47997237932604736,0.0,799.2,0.0,0.0,1.0,888.0,-0.0,120,-52.65521073608835,0.0,118,-2.079031495678476,0.0,118,-11.369488022575638,0.0,118,-0.2674600034067631,0.0,180,-12.116261520576959,0.0,118,-33.406454368577855,0.0,0.0,0.0,0.0,0.0,0.0,0.0,772.0,772.0,0.0,0.0,772.0,0.0,0.0,772
0.0,0.0,-0.0,0.0,10585.86388684218,772.0,-0.0,0.256608340892594,0.47997237932604736,0.0,799.2,0.0,0.0,1.0,888.0,-0.0,120,-45.996745655988526,0.0,118,-35.99864818034236,0.0,118,-7.705283853556864,0.0,118,-18.249507117780603,0.0,180,-24.74314262197136,0.0,118,-23.278357437204008,0.0,0.0,0.0,0.0,0.0,0.0,0.0,772.0,772.0,0.0,0.0,772.0,0.0,0.0,772
0.0,0.0,-0.0,0.0,9728.086109064403,772.0,-0.0,0.23581524032347714,0.47997237932604736,0.0,799.2,0.0,0.0,1.0,888.0,-0.0,120,-7.245028752076774,0.0,118,-52.920748462666914,0.0,118,-57.30155996009763,0.0,118,-29.88422102629893,0.0,180,-19.317442001335596,0.0,118,-20.387476928753724,0.0,0.0,0.0,0.0,0.0,0.0,0.0,772.0,772.0,0.0,0.0,772.0,0.0,0.0,772
0.0,0.0,-0.0,0.0,8870.308331286626,772.0,-0.0,0.2150221397543603,0.47997237932604736,0.0,799.2,0.0,0.0,1.0,888.0,-0.0,120,-57.43044831953412,0.0,118,-9.618159767608244,0.0,118,-43.121056506526315,0.0,118,-47.51803690610468,0.0,180,-36.991108826376646,0.0,118,-47.55424578371743,0.0,0.0,0.0,0.0,0.0,0.0,0.0,772.0,772.0,0.0,0.0,772.0,0.0,0.0,772
0.0,0.0,-0.0,0.0,8012.530553508848,772.0,-0.0,0.19422903918524345,0.47997237932604736,0.0,799.2,0.0,0.0,1.0,888.0,-0.0,120,-16.914618120738144,0.0,118,-16.889555377735924,0.0,118,-34.092762507775014,0.0,118,-8.09855914577756,0.0,180,-15.40800764975992,0.0,118,-9.175379688053766,0.0,0.0,0.0,0.0,0.0,0.0,0.0,772.0,772.0,0.0,0.0,772.0,0.0,0.0,772
0.0,0.0,-0.0,0.0,7154.752775731071,772.0,-0.0,0.1734359386161266,0.47997237932604736,0.0,799.2,0.0,0.0,1.0,888.0,-0.0,120,-11.824876335589124,0.0,118,-44.72308801887094,0.0,118,-12.384857526288332,0.0,118,-33.790279094723964,0.0,180,-47.59796626409814,0.0,118,-5.1492016804560015,0.0,0.0,0.0,0.0,0.0,0.0,0.0,772.0,772.0,0.0,0.0,772.0,0.0,0.0,772
0.0,0.0,-0.0,0.0,6296.9749979532935,770.0,-0.0,0.15264283804700976,0.47997237932604736,0.0,799.2,0.0,0.0,1.0,888.0,-0.0,118,-32.95614709773362,0.0,118,-41.19796435598462,0.0,118,-17.675847897657576,0.0,118,-14.124477143590589,0.0,180,-7.880685884135912,0.0,118,-16.14100046597313,0.0,0.0,0.0,0.0,0.0,0.0,0.0,770.0,770.0,0.0,0.0,770.0,0.0,0.0,770
0.0,0.0,-0.0,0.0,5441.419442397738,834.0,-0.0,0.13190360561408232,0.47997237932604736,0.0,799.2,0.0,0.0,1.0,888.0,-0.0,118,-12.839387447437991,0.0,118,-29.748394797941188,0.0,180,-48.200087737843035,0.0,118,-1.8574507136386997,0.0,180,-55.22319194016056,0.0,120,-21.438350699988106,0.0,0.0,0.0,0.0,0.0,0.0,0.0,834.0,834.0,0.0,0.0,834.0,0.0,0.0,834
0.0,0.0,-0.0,0.0,4514.752775731071,836.0,-0.0,0.10944059282309337,0.47997237932604736,0.0,799.2,0.0,0.0,1.0,888.0,-0.0,120,-55.48113007416681,0.0,118,-11.977145389369317,0.0,180,-12.03888342774457,0.0,118,-15.426728061112584,0.0,180,-40.50203281332164,0.0,120,-1.68744599193134,0.0,0.0,0.0,0.0,0.0,0.0,0.0,836.0,836.0,0.0,0.0,836.0,0.0,0.0,836
0.0,0.0,-0.0,0.0,3585.863886842182,774.0,-0.0,0.08692371189591502,0.47997237932604736,0.0,799.2,0.0,0.0,1.0,888.0,-0.0,120,-9.472438386372586,0.0,118,-26.069104525002228,0.0,118,-45.80506697261206,0.0,118,-45.05111099553218,0.0,180,-42.73114777574244,0.0,120,-45.5100024270661,0.0,0.0,0.0,0.0,0.0,0.0,0.0,774.0,774.0,0.0,0.0,774.0,0.0,0.0,774
0.0,0.0,-0.0,0.0,2725.863886842182,774.0,-0.0,0.06607674319060873,0.47997237932604736,0.0,799.2,0.0,0.0,1.0,888.0,-0.0,120,-23.94040372347679,0.0,118,-3.9679937617923455,0.0,118,-23.392073240567598,0.0,118,-49.665228893603086,0.0,180,-12.849752120126702,0.0,120,-38.10796451384358,0.0,0.0,0.0,0.0,0.0,0.0,0.0,774.0,774.0,0.0,0.0,774.0,0.0,0.0,774
0.0,0.0,-0.0,0.0,1865.8638868421822,712.0,-0.0,0.04522977448530246,0.47997237932604736,0.0,799.2,0.0,0.0,1.0,888.0,-0.0,120,-41.13409336128369,0.0,118,-53.26434034961957,0.0,118,-9.940468927242488,0.0,118,-5.164833062140042,0.0,118,-26.08235097412313,0.0,120,-31.936267491316745,0.0,0.0,0.0,0.0,0.0,0.0,0.0,712.0,712.0,0.0,0.0,712.0,0.0,0.0,712
0.0,0.0,-0.0,0.0,1074.752775731071,712.0,-0.0,0.026052718001868255,0.47997237932604736,0.0,799.2,0.0,0.0,1.0,888.0,-0.0,120,-20.959019864762112,0.0,118,-46.62589705103666,0.0,118,-37.57493430090792,0.0,118,-33.047564052889044,0.0,118,-45.08417628884506,0.0,120,-26.622443128906188,0.0,0.0,0.0,0.0,0.0,0.0,0.0,712.0,712.0,0.0,0.0,712.0,0.0,0.0,712
0.0,0.0,-0.0,0.0,283.64166461996,255.277498157964,-0.0,0.006875661518434053,0.47997237932604736,219.21418590086705,799.2,0.0,456.72250184203597,1.0,888.0,-405569.58163572795,120,-36.01158961855593,0.0,118,-29.436976941960403,0.0,118,-31.982843849835888,0.0,118,-7.2310628201504645,0.0,118,-10.916690391526757,0.0,120,-21.322993024565392,0.0,0.0,0.0,0.0,0.0,-405569.58163572795,-405569.58163572795,712.0,712.0,0.0,0.0,712.0,0.0,0.0,712
0.0,0.0,-0.0,0.0,0.0,0.0,-0.0,0.0,0.47997237932604736,341.7403340801457,799.2,0.0,712.0,1.0,888.0,-632256.0,120,-57.826572543560296,0.0,118,-58.986967320723856,0.0,118,-42.878831941533704,0.0,118,-32.933140030666166,0.0,118,-17.964531946730716,0.0,120,-16.587554996214557,0.0,0.0,0.0,0.0,0.0,-632256.0,-632256.0,712.0,712.0,0.0,0.0,712.0,0.0,0.0,712
0.0,0.0,-0.0,0.0,0.0,0.0,-0.0,0.0,0.47997237932604736,341.7403340801457,799.2,0.0,712.0,1.0,888.0,-632256.0,120,-0.4282432657291868,0.0,118,-52.569096719914945,0.0,118,-13.921534099358146,0.0,118,-52.04664271519424,0.0,118,-57.38239836531254,0.0,120,-36.64964297317982,0.0,0.0,0.0,0.0,0.0,-632256.0,-632256.0,712.0,712.0,0.0,0.0,712.0,0.0,0.0,712
0.0,0.0,-0.0,0.0,0.0,0.0,-0.0,0.0,0.47997237932604736,342.70027883879783,799.2,0.0,714.0,1.0,888.0,-634032.0,120,-40.81663274661973,0.0,118,-39.84934527839748,0.0,120,-39.108206406109886,0.0,118,-19.681712342476448,0.0,118,-19.741899417483488,0.0,120,-28.499056040588595,0.0,0.0,0.0,0.0,0.0,-634032.0,-634032.0,714.0,714.0,0.0,0.0,714.0,0.0,0.0,714
0.0,0.0,-0.0,0.0,0.0,0.0,-0.0,0.0,0.47997237932604736,342.70027883879783,799.2,0.0,714.0,1.0,888.0,-634032.0,120,-41.981290570668676,0.0,118,-26.9898266868894,0.0,120,-11.967993544881082,0.0,118,-37.693515158907815,0.0,118,-19.41498925821567,0.0,120,-41.351633454181325,0.0,0.0,0.0,0.0,0.0,-634032.0,-634032.0,714.0,714.0,0.0,0.0,714.0,0.0,0.0,714
0.0,0.0,-0.0,0.0,0.0,0.0,-0.0,0.0,0.47997237932604736,342.70027883879783,799.2,0.0,714.0,1.0,888.0,-634032.0,120,-55.63939117838954,0.0,118,-26.688388589362532,0.0,120,-12.549117627245806,0.0,118,-50.51080308670356,0.0,118,-42.359274172042944,0.0,120,-30.512220302764774,0.0,0.0,0.0,0.0,0.0,-634032.0,-634032.0,714.0,714.0,0.0,0.0,714.0,0.0,0.0,714
0.0,0.0,-0.0,0.0,0.0,0.0,-0.0,0.0,0.47997237932604736,342.70027883879783,799.2,0.0,714.0,1.0,888.0,-634032.0,120,-1.6013264853110432,0.0,118,-6.84964913352262,0.0,120,-27.821476268611388,0.0,118,-58.18049118097109,0.0,118,-0.39104885339480644,0.0,120,-22.536174329342632,0.0,0.0,0.0,0.0,0.0,-634032.0,-634032.0,714.0,714.0,0.0,0.0,714.0,0.0,0.0,714
0.0,0.0,-0.0,0.0,0.0,0.0,-0.0,0.0,0.47997237932604736,342.70027883879783,799.2,0.0,714.0,1.0,888.0,-634032.0,120,-44.634007052203124,0.0,118,-12.496591572232909,0.0,120,-1.6355267742133894,0.0,118,-22.0628343501493,0.0,118,-37.159720276564464,0.0,120,-38.57409400407425,0.0,0.0,0.0,0.0,0.0,-634032.0,-634032.0,714.0,714.0,0.0,0.0,714.0,0.0,0.0,714
0.0,0.0,-0.0,0.0,0.0,0.0,-0.0,0.0,0.47997237932604736,342.70027883879783,799.2,0.0,714.0,1.0,888.0,-634032.0,120,-1.0330854917911925,0.0,118,-33.21844944473531,0.0,120,-6.857304678329104,0.0,118,-19.170593481933224,0.0,118,-1.8183053494262835,0.0,120,-56.29447508463934,0.0,0.0,0.0,0.0,0.0,-634032.0,-634032.0,714.0,714.0,0.0,0.0,714.0,0.0,0.0,714
0.0,0.0,-0.0,0.0,0.0,0.0,-0.0,0.0,0.47997237932604736,342.70027883879783,799.2,0.0,714.0,1.0,888.0,-634032.0,120,-35.89681602791788,0.0,118,-24.100193011075394,0.0,120,-36.175900206141954,0.0,118,-15.598499361261728,0.0,118,-54.25243947478502,0.0,120,-16.581594062742077,0.0,0.0,0.0,0.0,0.0,-634032.0,-634032.0,714.0,714.0,0.0,0.0,714.0,0.0,0.0,714
0.0,0.0,-0.0,0.0,0.0,0.0,-0.0,0.0,0.47997237932604736,342.70027883879783,799.2,0.0,714.0,1.0,888.0,-634032.0,120,-19.40491989651726,0.0,118,-10.687356438514254,0.0,120,-23.169832971432776,0.0,118,-42.12885150889873,0.0,118,-9.149724783934015,0.0,120,-46.14305735702498,0.0,0.0,0.0,0.0,0.0,-634032.0,-634032.0,714.0,714.0,0.0,0.0,714.0,0.0,0.0,714
0.0,0.0,-0.0,0.0,0.0,0.0,-0.0,0.0,0.47997237932604736,342.70027883879783,799.2,0.0,714.0,1.0,888.0,-634032.0,120,-33.26732870894484,0.0,118,-40.17664516885451,0.0,120,-42.34491565521347,0.0,118,-36.16992685966176,0.0,118,-50.69866126585054,0.0,120,-0.23611647831154325,0.0,0.0,0.0,0.0,0.0,-634032.0,-634032.0,714.0,714.0,0.0,0.0,714.0,0.0,0.0,714
0.0,0.0,-0.0,0.0,0.0,0.0,-0.0,0.0,0.47997237932604736,342.70027883879783,799.2,0.0,714.0,1.0,888.0,-634032.0,120,-35.051755594812924,0.0,118,-54.62226057060866,0.0,120,-42.303991721810696,0.0,118,-47.394791906676275,0.0,118,-51.8797451409602,0.0,120,-54.97803991957197,0.0,0.0,0.0,0.0,0.0,-634032.0,-634032.0,714.0,714.0,0.0,0.0,714.0,0.0,0.0,714
0.0,0.0,-0.0,0.0,0.0,0.0,-0.0,0.0,0.47997237932604736,342.70027883879783,799.2,0.0,714.0,1.0,888.0,-634032.0,120,-54.869099360197666,0.0,118,-2.947216203568497,0.0,120,-41.02441099088019,0.0,118,-19.83415868304629,0.0,118,-54.02167743536367,0.0,120,-36.32537099517643,0.0,0.0,0.0,0.0,0.0,-634032.0,-634032.0,714.0,714.0,0.0,0.0,714.0,0.0,0.0,714
0.0,0.0,-0.0,0.0,0.0,0.0,-0.0,0.0,0.47997237932604736,342.70027883879783,799.2,0.0,714.0,1.0,888.0,-634032.0,120,-35.87808625557018,0.0,118,-45.62707456336798,0.0,120,-5.748106144957596,0.0,118,-55.20182476041845,0.0,118,-56.49388240568146,0.0,120,-14.510301727952896,0.0,0.0,0.0,0.0,0.0,-634032.0,-634032.0,714.0,714.0,0.0,0.0,714.0,0.0,0.0,714
0.0,0.0,-0.0,0.0,0.0,0.0,-0.0,0.0,0.47997237932604736,342.70027883879783,799.2,0.0,714.0,1.0,888.0,-634032.0,120,-4.901181982215716,0.0,118,-44.636540622870406,0.0,120,-17.19185541353583,0.0,118,-26.34456678041039,0.0,118,-59.363973883788745,0.0,120,-32.11941773537531,0.0,0.0,0.0,0.0,0.0,-634032.0,-634032.0,714.0,714.0,0.0,0.0,714.0,0.0,0.0,714
0.0,0.0,-0.0,0.0,0.0,0.0,-0.0,0.0,0.47997237932604736,342.70027883879783,799.2,0.0,714.0,1.0,888.0,-634032.0,120,-34.16169908616399,0.0,118,-59.27888436014188,0.0,120,-8.317645414249435,0.0,118,-4.9285628005502735,0.0,118,-39.25668391596507,0.0,120,-40.68269320917743,0.0,0.0,0.0,0.0,0.0,-634032.0,-634032.0,714.0,714.0,0.0,0.0,714.0,0.0,0.0,714
0.0,0.0,-0.0,0.0,0.0,0.0,-0.0,0.0,0.47997237932604736,342.70027883879783,799.2,0.0,714.0,1.0,888.0,-634032.0,120,-11.857768914904801,0.0,118,-5.9927381256396695,0.0,120,-15.03998249645505,0.0,118,-18.94126639035666,0.0,118,-58.3067496602756,0.0,120,-37.51351062743449,0.0,0.0,0.0,0.0,0.0,-634032.0,-634032.0,714.0,714.0,0.0,0.0,714.0,0.0,0.0,714
0.0,0.0,-0.0,0.0,0.0,0.0,-0.0,0.0,0.47997237932604736,342.70027883879783,799.2,0.0,714.0,1.0,888.0,-634032.0,120,-22.144015853266417,0.0,118,-50.874445194013404,0.0,120,-9.471776124753728,0.0,118,-41.14980238986249,0.0,118,-16.88202950224554,0.0,120,-30.031740288945727,0.0,0.0,0.0,0.0,0.0,-634032.0,-634032.0,714.0,714.0,0.0,0.0,714.0,0.0,0.0,714
0.0,0.0,-0.0,0.0,0.0,0.0,-0.0,0.0,0.47997237932604736,342.70027883879783,799.2,0.0,714.0,1.0,888.0,-634032.0,120,-18.46296442153166,0.0,118,-39.685175809956455,0.0,120,-20.58925581822947,0.0,118,-18.297544471803878,0.0,118,-37.3932858006298,0.0,120,-55.27780153427573,0.0,0.0,0.0,0.0,0.0,-634032.0,-634032.0,714.0,714.0,0.0,0.0,714.0,0.0,0.0,714
0.0,0.0,-0.0,0.0,0.0,0.0,-0.0,0.0,0.47997237932604736,342.70027883879783,799.2,0.0,714.0,1.0,888.0,-634032.0,120,-33.72635398923165,0.0,118,-2.0367668885544155,0.0,120,-29.430594662323053,0.0,118,-15.731279570264325,0.0,118,-20.388267070260973,0.0,120,-17.021951694455645,0.0,0.0,0.0,0.0,0.0,-634032.0,-634032.0,714.0,714.0,0.0,0.0,714.0,0.0,0.0,714
0.0,0.0,-0.0,0.0,0.0,0.0,-0.0,0.0,0.47997237932604736,342.70027883879783,799.2,0.0,714.0,1.0,888.0,-634032.0,120,-15.340078569301907,0.0,118,-21.76863552088698,0.0,120,-44.87101725587663,0.0,118,-26.322174138144184,0.0,118,-41.28101003576603,0.0,120,-20.013114368005546,0.0,0.0,0.0,0.0,0.0,-634032.0,-634032.0,714.0,714.0,0.0,0.0,714.0,0.0,0.0,714
0.0,0.0,-0.0,0.0,0.0,0.0,-0.0,0.0,0.47997237932604736,342.70027883879783,799.2,0.0,714.0,1.0,888.0,-634032.0,120,-21.1750636417247,0.0,118,-49.01504039867387,0.0,120,-50.60735470133734,0.0,118,-5.732183168546651,0.0,118,-33.71456268274052,0.0,120,-6.318895483559701,0.0,0.0,0.0,0.0,0.0,-634032.0,-634032.0,714.0,714.0,0.0,0.0,714.0,0.0,0.0,714
0.0,0.0,-0.0,0.0,0.0,0.0,-0.0,0.0,0.47997237932604736,342.70027883879783,799.2,0.0,714.0,1.0,888.0,-634032.0,120,-14.246078199043904,0.0,118,-21.784888792971678,0.0,120,-38.803829832193074,0.0,118,-7.975588746324833,0.0,118,-31.681466293895237,0.0,120,-29.565791240195367,0.0,0.0,0.0,0.0,0.0,-634032.0,-634032.0,714.0,714.0,0.0,0.0,714.0,0.0,0.0,714
0.0,0.0,-0.0,0.0,0.0,0.0,-0.0,0.0,0.47997237932604736,342.70027883879783,799.2,0.0,714.0,1.0,888.0,-634032.0,120,-30.66480039876844,0.0,118,-44.46949590548922,0.0,120,-48.755928826791695,0.0,118,-28.890664790037675,0.0,118,-55.748049209963774,0.0,120,-9.24124565769169,0.0,0.0,0.0,0.0,0.0,-634032.0,-634032.0,714.0,714.0,0.0,0.0,714.0,0.0,0.0,714
0.0,0.0,-0.0,0.0,0.0,0.0,-0.0,0.0,0.47997237932604736,342.70027883879783,799.2,0.0,714.0,1.0,888.0,-634032.0,120,-23.47450582543934,0.0,118,-52.75029326909186,0.0,120,-46.673821995555144,0.0,118,-54.8750921839512,0.0,118,-50.16268272907463,0.0,120,-22.24421581449521,0.0,0.0,0.0,0.0,0.0,-634032.0,-634032.0,714.0,714.0,0.0,0.0,714.0,0.0,0.0,714
0.0,0.0,-0.0,0.0,0.0,0.0,-0.0,0.0,0.47997237932604736,342.70027883879783,799.2,0.0,714.0,1.0,888.0,-634032.0,120,-33.02072625007895,0.0,118,-49.00891310188027,0.0,120,-29.272825497200877,0.0,118,-36.38698989704324,0.0,118,-52.37666751186412,0.0,120,-44.68583690601287,0.0,0.0,0.0,0.0,0.0,-634032.0,-634032.0,714.0,714.0,0.0,0.0,714.0,0.0,0.0,714
0.0,0.0,-0.0,0.0,0.0,0.0,-0.0,0.0,0.47997237932604736,342.70027883879783,799.2,0.0,714.0,1.0,888.0,-634032.0,120,-40.1514064638514,0.0,118,-38.19823881608516,0.0,120,-2.022051932218303,0.0,118,-16.5113817826628,0.0,118,-22.21070042778535,0.0,120,-5.155035841542739,0.0,0.0,0.0,0.0,0.0,-634032.0,-634032.0,714.0,714.0,0.0,0.0,714.0,0.0,0.0,714
0.0,0.0,-0.0,0.0,0.0,0.0,-0.0,0.0,0.47997237932604736,342.70027883879783,799.2,0.0,714.0,1.0,888.0,-634032.0,120,-23.98939219429541,0.0,118,-37.2218499196172,0.0,120,-42.07740080658713,0.0,118,-52.514392578318045,0.0,118,-19.818702236179867,0.0,120,-54.2516832561709,0.0,0.0,0.0,0.0,0.0,-634032.0,-634032.0,714.0,714.0,0.0,0.0,714.0,0.0,0.0,714
0.0,0.0,-0.0,0.0,0.0,0.0,-0.0,0.0,0.47997237932604736,342.70027883879783,799.2,0.0,714.0,1.0,888.0,-634032.0,120,-24.01148146325759,0.0,118,-47.244586044049356,0.0,120,-3.786816530722945,0.0,118,-42.36374896378743,0.0,118,-9.561227586646794,0.0,120,-12.460799897871858,0.0,0.0,0.0,0.0,0.0,-634032.0,-634032.0,714.0,714.0,0.0,0.0,714.0,0.0,0.0,714
0.0,0.0,-0.0,0.0,0.0,0.0,-0.0,0.0,0.47997237932604736,342.70027883879783,799.2,0.0,714.0,1.0,888.0,-634032.0,120,-29.762925709808115,0.0,118,-4.434612794651174,0.0,120,-42.108472670160566,0.0,118,-11.333277056054737,0.0,118,-6.812545756745305,0.0,120,-40.74689540492243,0.0,0.0,0.0,0.0,0.0,-634032.0,-634032.0,714.0,714.0,0.0,0.0,714.0,0.0,0.0,714
0.0,0.0,-0.0,0.0,0.0,0.0,-0.0,0.0,0.47997237932604736,342.70027883879783,799.2,0.0,714.0,1.0,888.0,-634032.0,120,-1.7024708481294448,0.0,118,-34.949992314535265,0.0,120,-39.16080172321864,0.0,118,-3.209585993572659,0.0,118,-45.41311153083769,0.0,120,-37.3824160629564,0.0,0.0,0.0,0.0,0.0,-634032.0,-634032.0,714.0,714.0,0.0,0.0,714.0,0.0,0.0,714
0.0,0.0,-0.0,0.0,0.0,0.0,-0.0,0.0,0.47997237932604736,342.70027883879783,799.2,0.0,714.0,1.0,888.0,-634032.0,120,-20.3804653853916,0.0,118,-1.7562489693065775,0.0,120,-4.896764066743302,0.0,118,-51.8947161254077,0.0,118,-21.531448397738846,0.0,120,-7.222240546236181,0.0,0.0,0.0,0.0,0.0,-634032.0,-634032.0,714.0,714.0,0.0,0.0,714.0,0.0,0.0,714
0.0,0.0,-0.0,0.0,0.0,0.0,-0.0,0.0,0.47997237932604736,342.70027883879783,799.2,0.0,714.0,1.0,888.0,-634032.0,120,-35.448269384217426,0.0,118,-26.51655487007052,0.0,120,-29.226708342431362,0.0,118,-50.94378490240196,0.0,118,-9.120350950468907,0.0,120,-14.618146434562718,0.0,0.0,0.0,0.0,0.0,-634032.0,-634032.0,714.0,714.0,0.0,0.0,714.0,0.0,0.0,714
0.0,0.0,-0.0,0.0,0.0,0.0,-0.0,0.0,0.47997237932604736,342.70027883879783,799.2,0.0,714.0,1.0,888.0,-634032.0,120,-4.171329265583912,0.0,118,-7.847809024527745,0.0,120,-59.826279510577386,0.0,118,-22.004192258157257,0.0,118,-42.2063327140913,0.0,120,-44.931832088283365,0.0,0.0,0.0,0.0,0.0,-634032.0,-634032.0,714.0,714.0,0.0,0.0,714.0,0.0,0.0,714
0.0,0.0,-0.0,0.0,0.0,0.0,-0.0,0.0,0.47997237932604736,342.70027883879783,799.2,0.0,714.0,1.0,888.0,-634032.0,120,-36.645240364599594,0.0,118,-24.50081860564267,0.0,120,-31.600917356881183,0.0,118,-35.50621243816023,0.0,118,-41.74037321033224,0.0,120,-8.340405380718988,0.0,0.0,0.0,0.0,0.0,-634032.0,-634032.0,714.0,714.0,0.0,0.0,714.0,0.0,0.0,714
0.0,0.0,-0.0,0.0,0.0,0.0,-0.0,0.0,0.47997237932604736,342.70027883879783,799.2,0.0,714.0,1.0,888.0,-634032.0,120,-45.604898284655405,0.0,118,-5.89165406374838,0.0,120,-56.02894935773933,0.0,118,-23.42584041356443,0.0,118,-23.95224513973129,0.0,120,-52.02346858748215,0.0,0.0,0.0,0.0,0.0,-634032.0,-634032.0,714.0,714.0,0.0,0.0,714.0,0.0,0.0,714
184.46831421335202,0.0,-1844.68314213352,0.0,0.0,0.0,-0.0,0.0,0.47997237932604736,254.13598196197344,799.2,0.0,529.4804303506343,1.0,888.0,-470178.62215136323,120,-44.54817231585022,0.0,118,-6.535546532662446,0.0,120,-18.956982122899138,0.0,118,-17.60127345156214,0.0,118,-25.181732619214113,0.0,120,-46.36595936434091,0.0,0.0,0.0512554360137127,0.0512554360137127,0.0,-472023.30529349676,-472023.30529349676,714.0,714.0,184.51956964936574,0.0,529.4804303506343,0.0,0.0,714
184.46831421335202,0.0,-1844.68314213352,0.0,0.0,0.0,-0.0,0.0,0.47997237932604736,254.13598196197344,799.2,0.0,529.4804303506343,1.0,888.0,-470178.62215136323,120,-44.17864775434174,0.0,118,-47.516315574926736,0.0,120,-37.929352631954124,0.0,118,-32.64746389432686,0.0,118,-5.8939274389895635,0.0,120,-39.94546881974064,0.0,0.0,0.0512554360137127,0.0512554360137127,0.0,-472023.30529349676,-472023.30529349676,714.0,714.0,184.51956964936574,0.0,529.4804303506343,0.0,0.0,714
184.46831421335202,0.0,-1844.68314213352,0.0,0.0,0.0,-0.0,0.0,0.47997237932604736,254.13598196197344,799.2,0.0,529.4804303506343,1.0,888.0,-470178.62215136323,120,-44.13761155039959,0.0,118,-17.561607394057475,0.0,120,-8.737221426035632,0.0,118,-5.4140810519382505,0.0,118,-11.249103353279041,0.0,120,-41.31294797910846,0.0,0.0,0.0512554360137127,0.0512554360137127,0.0,-472023.30529349676,-472023.30529349676,714.0,714.0,184.51956964936574,0.0,529.4804303506343,0.0,0.0,714
184.46831421335202,0.0,-1844.68314213352,0.0,0.0,0.0,-0.0,0.0,0.47997237932604736,254.13598196197344,799.2,0.0,529.4804303506343,1.0,888.0,-470178.62215136323,120,-56.2750788932879,0.0,118,-2.5406862629128235,0.0,120,-47.45813187580282,0.0,118,-8.62084305270577,0.0,118,-7.97634334330173,0.0,120,-28.38546353945581,0.0,0.0,0.0512554360137127,0.0512554360137127,0.0,-472023.30529349676,-472023.30529349676,714.0,714.0,184.51956964936574,0.0,529.4804303506343,0.0,0.0,714
184.46831421335202,0.0,-1844.68314213352,0.0,0.0,0.0,-0.0,0.0,0.47997237932604736,254.13598196197344,799.2,0.0,529.4804303506343,1.0,888.0,-470178.62215136323,120,-52.60689413166186,0.0,118,-39.27136345645227,0.0,120,-35.582282424179525,0.0,118,-31.572342989154926,0.0,118,-47.59146737351468,0.0,120,-41.8604521148442,0.0,0.0,0.0512554360137127,0.0512554360137127,0.0,-472023.30529349676,-472023.30529349676,714.0,714.0,184.51956964936574,0.0,529.4804303506343,0.0,0.0,714
184.46831421335202,0.0,-1844.68314213352,0.0,0.0,0.0,-0.0,0.0,0.47997237932604736,254.13598196197344,799.2,0.0,529.4804303506343,1.0,888.0,-470178.62215136323,120,-27.567955963950787,0.0,118,-19.09529120634424,0.0,120,-11.090298833013506,0.0,118,-18.33736591773527,0.0,118,-34.77585423155033,0.0,120,-0.26833574193707577,0.0,0.0,0.0512554360137127,0.0512554360137127,0.0,-472023.30529349676,-472023.30529349676,714.0,714.0,184.51956964936574,0.0,529.4804303506343,0.0,0.0,714
817.6508929955719,0.0,-8176.5089299557185,103.87808135150283,0.0,0.0,-0.0,0.0,0.47997237932604736,0.0,799.2,0.0,0.0,1.0,888.0,-0.0,120,-20.63816749228691,0.0,118,-37.595916023097764,0.0,120,-30.904709047702326,0.0,118,-47.62618549323493,0.0,118,-45.390430454927404,0.0,120,-6.732293299427776,0.0,0.0,0.227188355930973,0.227188355930973,0.0,-8176.5089299557185,-8176.5089299557185,817.8780813515028,817.8780813515028,817.8780813515028,0.0,0.0,103.87808135150283,0.0,714
817.6508929955719,0.0,-8176.5089299557185,103.87808135150283,93.49027321635255,0.0,-0.0,0.0022662660465021345,0.47997237932604736,0.0,799.2,0.0,0.0,1.0,888.0,-0.0,120,-13.53199807340108,0.0,118,-31.026710520028534,0.0,120,-15.623208151907322,0.0,118,-5.387095308321128,0.0,118,-20.70652344991805,0.0,120,-43.57765407692929,0.0,0.0,0.227188355930973,0.227188355930973,0.0,-8176.5089299557185,-8176.5089299557185,817.8780813515028,817.8780813515028,817.8780813515028,0.0,0.0,103.87808135150283,0.0,714
817.6508929955719,0.0,-8176.5089299557185,103.87808135150283,186.9805464327051,0.0,-0.0,0.004532532093004269,0.47997237932604736,0.0,799.2,0.0,0.0,1.0,888.0,-0.0,120,-47.68731347749318,0.0,118,-38.36394282828779,0.0,120,-37.14158080194181,0.0,118,-12.453568666017642,0.0,118,-19.0646402132801,0.0,120,-22.475192493323558,0.0,0.0,0.227188355930973,0.227188355930973,0.0,-8176.5089299557185,-8176.5089299557185,817.8780813515028,817.8780813515028,817.8780813515028,0.0,0.0,103.87808135150283,0.0,714
817.6508929955719,0.0,-8176.5089299557185,103.87808135150283,280.47081964905766,0.0,-0.0,0.006798798139506404,0.47997237932604736,0.0,799.2,0.0,0.0,1.0,888.0,-0.0,120,-17.197230126237443,0.0,118,-49.77699701588422,0.0,120,-50.705137446144825,0.0,118,-27.144201467117462,0.0,118,-30.234021166368827,0.0,120,-50.44392796644336,0.0,0.0,0.227188355930973,0.227188355930973,0.0,-8176.5089299557185,-8176.5089299557185,817.8780813515028,817.8780813515028,817.8780813515028,0.0,0.0,103.87808135150283,0.0,714
817.6508929955719,0.0,-8176.5089299557185,103.87808135150283,373.9610928654102,0.0,-0.0,0.009065064186008538,0.47997237932604736,0.0,799.2,0.0,0.0,1.0,888.0,-0.0,120,-19.662998670550664,0.0,118,-32.84916395303832,0.0,120,-10.39482492405366,0.0,118,-22.125620972349907,0.0,118,-3.797247748831878,0.0,120,-2.411808466386418,0.0,0.0,0.227188355930973,0.227188355930973,0.0,-8176.5089299557185,-8176.5089299557185,817.8780813515028,817.8780813515028,817.8780813515028,0.0,0.0,103.87808135150283,0.0,714
817.6508929955719,0.0,-8176.5089299557185,103.87808135150283,467.4513660817627,0.0,-0.0,0.011331330232510671,0.47997237932604736,0.0,799.2,0.0,0.0,1.0,888.0,-0.0,120,-17.09221585022099,0.0,118,-27.343543558439325,0.0,120,-5.243367897896176,0.0,118,-52.03342895836918,0.0,118,-46.808866645808905,0.0,120,-13.214089959227117,0.0,0.0,0.227188355930973,0.227188355930973,0.0,-8176.5089299557185,-8176.5089299557185,817.8780813515028,817.8780813515028,817.8780813515028,0.0,0.0,103.87808135150283,0.0,714
1507.3107298714024,0.0,-15073.107298714023,793.7295436335228,560.9416392981153,0.0,-0.0,0.013597596279012808,0.47997237932604736,0.0,799.2,0.0,0.0,1.0,888.0,-0.0,120,-23.49502353222689,0.0,118,-50.64901702153014,0.0,120,-50.796707138623404,0.0,118,-51.367006997041784,0.0,118,-0.4603251850316714,0.0,120,-7.825114488713208,0.0,0.0,0.418813762120423,0.418813762120423,0.0,-15073.107298714023,-15073.107298714023,1507.7295436335228,1507.7295436335228,1507.7295436335228,0.0,0.0,793.7295436335228,0.0,714
1507.3107298714024,0.0,-15073.107298714023,793.7295436335228,1275.2982285682858,0.0,-0.0,0.030914072396390224,0.47997237932604736,0.0,799.2,0.0,0.0,1.0,888.0,-0.0,120,-2.4018762883288347,0.0,118,-22.95724532131877,0.0,120,-26.971410264103557,0.0,118,-30.236387394079628,0.0,118,-39.5703795008208,0.0,120,-46.5187413966005,0.0,0.0,0.418813762120423,0.418813762120423,0.0,-15073.107298714023,-15073.107298714023,1507.7295436335228,1507.7295436335228,1507.7295436335228,0.0,0.0,793.7295436335228,0.0,714
1507.3107298714024,0.0,-15073.107298714023,793.7295436335228,1989.6548178384564,0.0,-0.0,0.04823054851376764,0.47997237932604736,0.0,799.2,0.0,0.0,1.0,888.0,-0.0,120,-4.051491521434887,0.0,118,-21.395877357792,0.0,120,-23.977152547702406,0.0,118,-31.8187763912442,0.0,118,-39.91673395774739,0.0,120,-30.559458241919756,0.0,0.0,0.418813762120423,0.418813762120423,0.0,-15073.107298714023,-15073.107298714023,1507.7295436335228,1507.7295436335228,1507.7295436335228,0.0,0.0,793.7295436335228,0.0,714
1507.3107298714024,0.0,-15073.107298714023,793.7295436335228,2704.011407108627,0.0,-0.0,0.06554702463114505,0.47997237932604736,0.0,799.2,0.0,0.0,1.0,888.0,-0.0,120,-27.06220642639716,0.0,118,-51.77190812495974,0.0,120,-6.420856025074563,0.0,118,-58.7700582651424,0.0,118,-3.381296006800645,0.0,120,-14.2369955539788,0.0,0.0,0.418813762120423,0.418813762120423,0.0,-15073.107298714023,-15073.107298714023,1507.7295436335228,1507.7295436335228,1507.7295436335228,0.0,0.0,793.7295436335228,0.0,714
1507.3107298714024,0.0,-15073.107298714023,793.7295436335228,3418.367996378797,0.0,-0.0,0.08286350074852246,0.47997237932604736,0.0,799.2,0.0,0.0,1.0,888.0,-0.0,120,-44.98600745291253,0.0,118,-28.01000242950076,0.0,120,-43.34625297534143,0.0,118,-30.223269215685534,0.0,118,-33.691259537889266,0.0,120,-14.731731631204802,0.0,0.0,0.418813762120423,0.418813762120423,0.0,-15073.107298714023,-15073.107298714023,1507.7295436335228,1507.7295436335228,1507.7295436335228,0.0,0.0,793.7295436335228,0.0,714
1507.3107298714024,0.0,-15073.107298714023,793.7295436335228,4132.724585648968,0.0,-0.0,0.10017997686589988,0.47997237932604736,0.0,799.2,0.0,0.0,1.0,888.0,-0.0,120,-13.584896327120335,0.0,118,-38.39779667998859,0.0,120,-25.82505159853549,0.0,118,-9.064457712627041,0.0,118,-15.183609368242072,0.0,120,-2.4877489816824805,0.0,0.0,0.418813762120423,0.418813762120423,0.0,-15073.107298714023,-15073.107298714023,1507.7295436335228,1507.7295436335228,1507.7295436335228,0.0,0.0,793.7295436335228,0.0,714
2001.5356530512863,0.0,-20015.356530512865,1288.0917896595251,4847.081174919139,0.0,-0.0,0.11749645298327731,0.47997237932604736,0.0,799.2,0.0,0.0,1.0,888.0,-0.0,120,-16.503400604349313,0.0,118,-33.33621215502678,0.0,120,-54.298985099345934,0.0,118,-11.9555269900921,0.0,118,-58.83033495728602,0.0,120,-38.116947817933486,0.0,0.0,0.556136608238757,0.556136608238757,0.0,-20015.356530512865,-20015.356530512865,2002.0917896595251,2002.0917896595251,2002.0917896595251,0.0,0.0,1288.0917896595251,0.0,714
2001.5356530512863,0.0,-20015.356530512865,1288.0917896595251,6006.363785612712,0.0,-0.0,0.1455982300829688,0.47997237932604736,0.0,799.2,0.0,0.0,1.0,888.0,-0.0,120,-21.830275207280117,0.0,118,-10.897865290260683,0.0,120,-42.80078683874006,0.0,118,-32.984848001571386,0.0,118,-39.73894190674864,0.0,120,-8.203848292068425,0.0,0.0,0.556136608238757,0.556136608238757,0.0,-20015.356530512865,-20015.356530512865,2002.0917896595251,2002.0917896595251,2002.0917896595251,0.0,0.0,1288.0917896595251,0.0,714
2001.5356530512863,0.0,-20015.356530512865,1288.0917896595251,7165.646396306284,0.0,-0.0,0.17370000718266027,0.47997237932604736,0.0,799.2,0.0,0.0,1.0,888.0,-0.0,120,-40.8309310051818,0.0,118,-25.033514351529895,0.0,120,-27.107846573093518,0.0,118,-4.317240399197226,0.0,118,-21.00694292458371,0.0,120,-44.704744733104036,0.0,0.0,0.556136608238757,0.556136608238757,0.0,-20015.356530512865,-20015.356530512865,2002.0917896595251,2002.0917896595251,2002.0917896595251,0.0,0.0,1288.0917896595251,0.0,714
2001.5356530512863,0.0,-20015.356530512865,1288.0917896595251,8324.929006999857,0.0,-0.0,0.20180178428235176,0.47997237932604736,0.0,799.2,0.0,0.0,1.0,888.0,-0.0,120,-27.17262051297795,0.0,118,-48.19449715242486,0.0,120,-5.386336167048304,0.0,118,-4.870350630584883,0.0,118,-22.109119684372242,0.0,120,-54.72704925745736,0.0,0.0,0.556136608238757,0.556136608238757,0.0,-20015.356530512865,-20015.356530512865,2002.0917896595251,2002.0917896595251,2002.0917896595251,0.0,0.0,1288.0917896595251,0.0,714
2001.5356530512863,0.0,-20015.356530512865,1288.0917896595251,9484.211617693429,0.0,-0.0,0.2299035613820432,0.47997237932604736,0.0,799.2,0.0,0.0,1.0,888.0,-0.0,120,-28.28278358845948,0.0,118,-25.86608407190822,0.0,120,-29.25236371333885,0.0,118,-24.827950077551776,0.0,118,-28.846137441895443,0.0,120,-40.388512760217324,0.0,0.0,0.556136608238757,0.556136608238757,0.0,-20015.356530512865,-20015.356530512865,2002.0917896595251,2002.0917896595251,2002.0917896595251,0.0,0.0,1288.0917896595251,0.0,714
2001.5356530512863,0.0,-20015.356530512865,1288.0917896595251,10643.494228387,0.0,-0.0,0.2580053384817347,0.47997237932604736,0.0,799.2,0.0,0.0,1.0,888.0,-0.0,120,-30.222357908449368,0.0,118,-45.90268032630836,0.0,120,-55.9919286982593,0.0,118,-16.18680475923967,0.0,118,-13.854413692810741,0.0,120,-13.409558750720388,0.0,0.0,0.556136608238757,0.556136608238757,0.0,-20015.356530512865,-20015.356530512865,2002.0917896595251,2002.0917896595251,2002.0917896595251,0.0,0.0,1288.0917896595251,0.0,714
2271.976978174009,0.0,-22719.76978174009,1558.6082582457443,11802.776839080572,0.0,-0.0,0.28610711558142615,0.47997237932604736,0.0,799.2,0.0,0.0,1.0,888.0,-0.0,120,-10.985478994541094,0.0,118,-41.000248091479165,0.0,120,-56.50718689864761,0.0,118,-26.842428307494764,0.0,118,-52.71487831976318,0.0,120,-35.099131036527105,0.0,0.0,0.631280071734929,0.631280071734929,0.0,-22719.76978174009,-22719.76978174009,2272.6082582457443,2272.6082582457443,2272.6082582457443,0.0,0.0,1558.6082582457443,0.0,714
2271.976978174009,0.0,-22719.76978174009,1558.6082582457443,13205.524271501741,0.0,-0.0,0.3201106409594876,0.47997237932604736,0.0,799.2,0.0,0.0,1.0,888.0,-0.0,120,-14.511611319305038,0.0,118,-48.336842224812465,0.0,120,-14.023101782276761,0.0,118,-40.18730564577303,0.0,118,-4.88647349824165,0.0,120,-57.558240295651004,0.0,0.0,0.631280071734929,0.631280071734929,0.0,-22719.76978174009,-22719.76978174009,2272.6082582457443,2272.6082582457443,2272.6082582457443,0.0,0.0,1558.6082582457443,0.0,714
2271.976978174009,0.0,-22719.76978174009,1558.6082582457443,14608.27170392291,0.0,-0.0,0.35411416633754905,0.47997237932604736,0.0,799.2,0.0,0.0,1.0,888.0,-0.0,120,-13.787957811692898,0.0,118,-24.370096701817435,0.0,120,-33.33397079336619,0.0,118,-0.5378342535349212,0.0,118,-14.446491723437262,0.0,120,-47.195045648203305,0.0,0.0,0.631280071734929,0.631280071734929,0.0,-22719.76978174009,-22719.76978174009,2272.6082582457443,2272.6082582457443,2272.6082582457443,0.0,0.0,1558.6082582457443,0.0,714
2271.976978174009,0.0,-22719.76978174009,1558.6082582457443,16011.019136344079,0.0,-0.0,0.3881176917156105,0.47997237932604736,0.0,799.2,0.0,0.0,1.0,888.0,-0.0,120,-2.6164112051206323,0.0,118,-26.947907156957942,0.0,120,-39.09026046840294,0.0,118,-31.361390017384437,0.0,118,-52.20699482548639,0.0,120,-37.730940905795855,0.0,0.0,0.631280071734929,0.631280071734929,0.0,-22719.76978174009,-22719.76978174009,2272.6082582457443,2272.6082582457443,2272.6082582457443,0.0,0.0,1558.6082582457443,0.0,714
2271.976978174009,0.0,-22719.76978174009,1498.6082582457443,17413.766568765248,0.0,-0.0,0.42212121709367195,0.47997237932604736,0.0,799.2,0.0,0.0,1.0,888.0,-0.0,120,-25.90689405783403,0.0,118,-13.74780821152098,0.0,118,-39.02000825477526,0.0,118,-47.65117443798664,0.0,180,-1.2508661356115147,0.0,120,-49.04744435375309,0.0,0.0,0.631280071734929,0.631280071734929,0.0,-22719.76978174009,-22719.76978174009,2272.6082582457443,2272.6082582457443,2272.6082582457443,0.0,0.0,1498.6082582457443,0.0,774
2271.976978174009,0.0,-22719.76978174009,1558.6082582457443,18762.514001186417,0.0,-0.0,0.45481574676233044,0.47997237932604736,0.0,799.2,0.0,0.0,1.0,888.0,-0.0,120,-5.6715162905379435,0.0,118,-41.145760692212384,0.0,120,-30.26189525321023,0.0,118,-1.921120733079822,0.0,118,-15.654472912190842,0.0,120,-9.251273692408004,0.0,0.0,0.631280071734929,0.631280071734929,0.0,-22719.76978174009,-22719.76978174009,2272.6082582457443,2272.6082582457443,2272.6082582457443,0.0,0.0,1558.6082582457443,0.0,714
2344.478439571951,0.0,-23444.78439571951,1631.1298645343218,20165.261433607586,0.0,-0.0,0.4888192721403919,0.47997237932604736,0.0,799.2,0.0,0.0,1.0,888.0,-0.0,120,-45.4604934392657,0.0,118,-16.435873616682215,0.0,120,-39.595502051238476,0.0,118,-41.29269955763058,0.0,118,-9.20810419861876,0.0,120,-1.2958896426681843,0.0,0.0,0.651424962370645,0.651424962370645,0.0,-23444.78439571951,-23444.78439571951,2345.1298645343218,2345.1298645343218,2345.1298645343218,0.0,0.0,1631.1298645343218,0.0,714
2344.478439571951,0.0,-23444.78439571951,1633.1298645343218,21633.278311688475,0.0,-0.0,0.524404972042966,0.47997237932604736,0.0,799.2,0.0,0.0,1.0,888.0,-0.0,120,-19.807911734040182,0.0,118,-46.55260001117041,0.0,118,-32.79680490618468,0.0,118,-22.24785860806587,0.0,118,-44.050365491903015,0.0,120,-32.48631860925542,0.0,0.0,0.651424962370645,0.651424962370645,0.0,-23444.78439571951,-23444.78439571951,2345.1298645343218,2345.1298645343218,2345.1298645343218,0.0,0.0,1633.1298645343218,0.0,712
2344.478439571951,0.0,-23444.78439571951,1635.1298645343218,23103.095189769363,0.0,-0.0,0.5600343051358535,0.47997237932604736,0.0,799.2,0.0,0.0,1.0,888.0,-0.0,120,-57.83172057416915,0.0,118,-34.03217287559404,0.0,118,-36.95024590748301,0.0,118,-28.368889767685364,0.0,118,-21.44316628700128,0.0,118,-36.46496921827328,0.0,0.0,0.651424962370645,0.651424962370645,0.0,-23444.78439571951,-23444.78439571951,2345.1298645343218,2345.1298645343218,2345.1298645343218,0.0,0.0,1635.1298645343218,0.0,710
2344.478439571951,0.0,-23444.78439571951,1635.1298645343218,24574.712067850254,0.0,-0.0,0.5957072714190544,0.47997237932604736,0.0,799.2,0.0,0.0,1.0,888.0,-0.0,120,-59.20442072891691,0.0,118,-28.53383315781621,0.0,118,-8.11696502593508,0.0,118,-46.52892243216149,0.0,118,-47.83818610647186,0.0,118,-0.5621499737669167,0.0,0.0,0.651424962370645,0.651424962370645,0.0,-23444.78439571951,-23444.78439571951,2345.1298645343218,2345.1298645343218,2345.1298645343218,0.0,0.0,1635.1298645343218,0.0,710
2344.478439571951,0.0,-23444.78439571951,1635.1298645343218,26046.328945931145,0.0,-0.0,0.6313802377022555,0.47997237932604736,0.0,799.2,0.0,0.0,1.0,888.0,-0.0,120,-32.381992209490164,0.0,118,-44.11724729784329,0.0,118,-57.13938919483712,0.0,118,-46.388001631127544,0.0,118,-20.4816533063248,0.0,118,-36.683821278054786,0.0,0.0,0.651424962370645,0.651424962370645,0.0,-23444.78439571951,-23444.78439571951,2345.1298645343218,2345.1298645343218,2345.1298645343218,0.0,0.0,1635.1298645343218,0.0,710
2344.478439571951,0.0,-23444.78439571951,1635.1298645343218,27517.945824012037,0.0,-0.0,0.6670532039854565,0.47997237932604736,0.0,799.2,0.0,0.0,1.0,888.0,-0.0,120,-23.350158138427524,0.0,118,-25.72637368338554,0.0,118,-9.107982231420536,0.0,118,-15.782456056376663,0.0,118,-53.53873784028007,0.0,118,-38.51129879816178,0.0,0.0,0.651424962370645,0.651424962370645,0.0,-23444.78439571951,-23444.78439571951,2345.1298645343218,2345.1298645343218,2345.1298645343218,0.0,0.0,1635.1298645343218,0.0,710
2205.673181915808,0.0,-22056.73181915808,1496.2860391489048,28989.562702092928,0.0,-0.0,0.7027261702686575,0.47997237932604736,0.0,799.2,0.0,0.0,1.0,888.0,-0.0,120,-41.47255429481941,0.0,118,-20.425034266519404,0.0,118,-9.866084988067277,0.0,118,-22.51000175099662,0.0,118,-50.786948148938286,0.0,118,-23.326956029365316,0.0,0.0,0.612857233096918,0.612857233096918,0.0,-22056.73181915808,-22056.73181915808,2206.286039148905,2206.286039148905,2206.286039148905,0.0,0.0,1496.2860391489048,0.0,710
2205.673181915808,0.0,-22056.73181915808,1496.2860391489048,30336.22013732694,0.0,-0.0,0.7353700370234151,0.47997237932604736,0.0,799.2,0.0,0.0,1.0,888.0,-0.0,120,-59.70298950777851,0.0,118,-37.400494425324545,0.0,118,-53.324575675643906,0.0,118,-38.50036398092463,0.0,118,-59.15080417335673,0.0,118,-49.72028643433946,0.0,0.0,0.612857233096918,0.612857233096918,0.0,-22056.73181915808,-22056.73181915808,2206.286039148905,2206.286039148905,2206.286039148905,0.0,0.0,1496.2860391489048,0.0,710
2205.673181915808,0.0,-22056.73181915808,1498.2860391489048,31682.877572560956,0.0,-0.0,0.7680139037781727,0.47997237932604736,0.0,799.2,0.0,0.0,1.0,888.0,-0.0,118,-27.980820941911887,0.0,118,-29.481833415817917,0.0,118,-17.42209032644874,0.0,118,-41.72408438319034,0.0,118,-42.0515430358906,0.0,118,-56.86169821176608,0.0,0.0,0.612857233096918,0.612857233096918,0.0,-22056.73181915808,-22056.73181915808,2206.286039148905,2206.286039148905,2206.286039148905,0.0,0.0,1498.2860391489048,0.0,708
2205.673181915808,0.0,-22056.73181915808,1498.2860391489048,33031.33500779497,0.0,-0.0,0.8007014037232437,0.47997237932604736,0.0,799.2,0.0,0.0,1.0,888.0,-0.0,118,-26.202720279757923,0.0,118,-56.254928809764216,0.0,118,-46.86160239349102,0.0,118,-21.179124988916257,0.0,118,-48.71898102250644,0.0,118,-18.58818364509987,0.0,0.0,0.612857233096918,0.612857233096918,0.0,-22056.73181915808,-22056.73181915808,2206.286039148905,2206.286039148905,2206.286039148905,0.0,0.0,1498.2860391489048,0.0,708
2205.673181915808,0.0,-22056.73181915808,1498.2860391489048,34379.792443028986,0.0,-0.0,0.8333889036683146,0.47997237932604736,0.0,799.2,0.0,0.0,1.0,888.0,-0.0,118,-2.2469630093677284,0.0,118,-39.827451869856674,0.0,118,-59.39118091142871,0.0,118,-30.04363134262338,0.0,118,-10.043262040130234,0.0,118,-55.57565131622726,0.0,0.0,0.612857233096918,0.612857233096918,0.0,-22056.73181915808,-22056.73181915808,2206.286039148905,2206.286039148905,2206.286039148905,0.0,0.0,1498.2860391489048,0.0,708
2205.673181915808,0.0,-22056.73181915808,1498.2860391489048,35728.249878263,0.0,-0.0,0.8660764036133857,0.47997237932604736,0.0,799.2,0.0,0.0,1.0,888.0,-0.0,118,-26.165804388842584,0.0,118,-36.76847915582653,0.0,118,-22.816808265603512,0.0,118,-52.28721948768025,0.0,118,-25.146696698013496,0.0,118,-20.76140302914713,0.0,0.0,0.612857233096918,0.612857233096918,0.0,-22056.73181915808,-22056.73181915808,2206.286039148905,2206.286039148905,2206.286039148905,0.0,0.0,1498.2860391489048,0.0,708
1870.1373554916422,0.0,-18701.373554916423,1162.6569824312064,37076.70731349701,0.0,-0.0,0.8987639035584567,0.47997237932604736,0.0,799.2,0.0,0.0,1.0,888.0,-0.0,118,-45.41977468408865,0.0,118,-25.29057206195492,0.0,118,-30.29347893680197,0.0,118,-33.60141450246492,0.0,118,-20.524853801311714,0.0,118,-16.262838279422052,0.0,0.0,0.519626939564224,0.519626939564224,0.0,-18701.373554916423,-18701.373554916423,1870.6569824312064,1870.6569824312064,1870.6569824312064,0.0,0.0,1162.6569824312064,0.0,708
1870.1373554916422,0.0,-18701.373554916423,1162.6569824312064,38123.0985976851,0.0,-0.0,0.9241291202502873,0.47997237932604736,0.0,799.2,0.0,0.0,1.0,888.0,-0.0,118,-31.16607044226416,0.0,118,-49.912544416471206,0.0,118,-39.95919176795668,0.0,118,-14.972969984200331,0.0,118,-38.89006935747778,0.0,118,-43.617240822417024,0.0,0.0,0.519626939564224,0.519626939564224,0.0,-18701.373554916423,-18701.373554916423,1870.6569824312064,1870.6569824312064,1870.6569824312064,0.0,0.0,1162.6569824312064,0.0,708
1870.1373554916422,0.0,-18701.373554916423,1162.6569824312064,39169.48988187319,0.0,-0.0,0.9494943369421179,0.47997237932604736,0.0,799.2,0.0,0.0,1.0,888.0,-0.0,118,-39.39209241279082,0.0,118,-49.59618804530508,0.0,118,-34.88507313855648,0.0,118,-44.232443879180956,0.0,118,-59.568704710328745,0.0,118,-29.848229164528203,0.0,0.0,0.519626939564224,0.519626939564224,0.0,-18701.373554916423,-18701.373554916423,1870.6569824312064,1870.6569824312064,1870.6569824312064,0.0,0.0,1162.6569824312064,0.0,708
1870.1373554916422,0.0,-18701.373554916423,1152.3542599319142,40215.88116606128,0.0,-0.0,0.9748595536339485,0.47997237932604736,0.0,799.2,10.302722499292258,0.0,1.0,888.0,8233.935821434374,118,-44.86623721678366,0.0,118,-56.37876283618273,0.0,118,-34.118830988000454,0.0,118,-25.672219433044905,0.0,118,-14.749762721454196,0.0,118,-30.23127836787262,0.0,0.0,0.519626939564224,0.519626939564224,0.0,-10467.43773348205,-10467.43773348205,1870.6569824312064,1870.6569824312064,1870.6569824312064,0.0,0.0,1162.6569824312064,0.0,708
1870.1373554916422,0.0,-18701.373554916423,0.0,41253.0,0.0,-0.0,1.0,0.47997237932604736,0.0,799.2,1100.6569824312064,0.0,1.0,888.0,879645.0603590203,118,-27.386802217030525,0.0,118,-52.762122297262785,0.0,118,-38.74785781245521,0.0,118,-32.817084479483384,0.0,180,-10.683916637909778,0.0,118,-48.57313724293354,0.0,0.0,0.519626939564224,0.519626939564224,0.0,860943.6868041038,860943.6868041038,1870.6569824312064,1870.6569824312064,1870.6569824312064,0.0,0.0,1100.6569824312064,0.0,770
1870.1373554916422,0.0,-18701.373554916423,0.0,41253.0,0.0,-0.0,1.0,0.47997237932604736,0.0,799.2,1100.6569824312064,0.0,1.0,888.0,879645.0603590203,118,-20.619535318499942,0.0,118,-17.758002861951145,0.0,118,-28.490189863811878,0.0,118,-10.593719514634167,0.0,180,-12.991406643323515,0.0,118,-35.051532928609184,0.0,0.0,0.519626939564224,0.519626939564224,0.0,860943.6868041038,860943.6868041038,1870.6569824312064,1870.6569824312064,1870.6569824312064,0.0,0.0,1100.6569824312064,0.0,770
1324.4913995600123,0.0,-13244.913995600124,0.0,41253.0,0.0,-0.0,1.0,0.47997237932604736,0.0,799.2,554.8594160644745,0.0,1.0,888.0,443443.64531872806,118,-27.378875145088358,0.0,118,-39.86662434831969,0.0,118,-43.230515163140026,0.0,118,-15.776305205274081,0.0,180,-19.475050660922097,0.0,118,-29.5506689951186,0.0,0.0,0.368016504462354,0.368016504462354,0.0,430198.7313231279,430198.7313231279,1324.8594160644745,1324.8594160644745,1324.8594160644745,0.0,0.0,554.8594160644745,0.0,770
1324.4913995600123,0.0,-13244.913995600124,0.0,41253.0,0.0,-0.0,1.0,0.47997237932604736,0.0,799.2,554.8594160644745,0.0,1.0,888.0,443443.64531872806,118,-54.98995657319238,0.0,118,-25.037740095238476,0.0,118,-5.818773290891032,0.0,118,-40.531660835478405,0.0,180,-22.55917323434493,0.0,118,-34.392079411163735,0.0,0.0,0.368016504462354,0.368016504462354,0.0,430198.7313231279,430198.7313231279,1324.8594160644745,1324.8594160644745,1324.8594160644745,0.0,0.0,554.8594160644745,0.0,770
1324.4913995600123,0.0,-13244.913995600124,0.0,41253.0,0.0,-0.0,1.0,0.47997237932604736,0.0,799.2,554.8594160644745,0.0,1.0,888.0,443443.64531872806,118,-45.89828867407903,0.0,118,-48.907843201918176,0.0,118,-51.577926198029374,0.0,118,-36.61682551591651,0.0,180,-37.17592448389557,0.0,118,-39.19388325226022,0.0,0.0,0.368016504462354,0.368016504462354,0.0,430198.7313231279,430198.7313231279,1324.8594160644745,1324.8594160644745,1324.8594160644745,0.0,0.0,554.8594160644745,0.0,770
1324.4913995600123,0.0,-13244.913995600124,0.0,41253.0,0.0,-0.0,1.0,0.47997237932604736,0.0,799.2,552.8594160644745,0.0,1.0,888.0,441845.2453187281,120,-35.535685948314196,0.0,118,-58.08980660973008,0.0,118,-35.48427559154883,0.0,118,-52.58765620602785,0.0,180,-24.39393096858584,0.0,118,-50.72221116564472,0.0,0.0,0.368016504462354,0.368016504462354,0.0,428600.33132312796,428600.33132312796,1324.8594160644745,1324.8594160644745,1324.8594160644745,0.0,0.0,552.8594160644745,0.0,772
1324.4913995600123,0.0,-13244.913995600124,0.0,41253.0,0.0,-0.0,1.0,0.47997237932604736,0.0,799.2,552.8594160644745,0.0,1.0,888.0,441845.2453187281,120,-56.674060069753956,0.0,118,-23.051704665462125,0.0,118,-47.76836593840939,0.0,118,-59.33045675536501,0.0,180,-22.93597564201599,0.0,118,-40.18403915916439,0.0,0.0,0.368016504462354,0.368016504462354,0.0,428600.33132312796,428600.33132312796,1324.8594160644745,1324.8594160644745,1324.8594160644745,0.0,0.0,552.8594160644745,0.0,772
1324.4913995600123,0.0,-13244.913995600124,0.0,41253.0,0.0,-0.0,1.0,0.47997237932604736,0.0,799.2,554.8594160644745,0.0,1.0,888.0,443443.64531872806,118,-34.744102604461304,0.0,118,-21.731341448864615,0.0,118,-4.10390743192004,0.0,118,-51.04966221442974,0.0,180,-13.397918226738215,0.0,118,-2.935719589492929,0.0,0.0,0.368016504462354,0.368016504462354,0.0,430198.7313231279,430198.7313231279,1324.8594160644745,1324.8594160644745,1324.8594160644745,0.0,0.0,554.8594160644745,0.0,770
617.1966547655936,0.0,-6171.966547655937,0.0,41253.0,152.63185408276274,-0.0,1.0,0.47997237932604736,0.0,799.2,0.0,0.0,1.0,888.0,-0.0,118,-24.521896716746713,0.0,118,-35.91213995300602,0.0,118,-24.97919947521274,0.0,118,-3.1116637947630066,0.0,180,-48.893706126661726,0.0,118,-38.510020199246036,0.0,0.0,0.171491151643677,0.171491151643677,0.0,-6171.966547655937,-6171.966547655937,770.0,770.0,617.3681459172373,0.0,152.63185408276274,0.0,0.0,770
617.1966547655936,0.0,-6171.966547655937,0.0,41083.40905101915,152.63185408276274,-0.0,0.9958890032487129,0.47997237932604736,0.0,799.2,0.0,0.0,1.0,888.0,-0.0,118,-39.760760977341874,0.0,118,-9.2069128565448,0.0,118,-12.062056909651362,0.0,118,-39.82094269271018,0.0,180,-23.6691896072815,0.0,118,-12.316383007806586,0.0,0.0,0.171491151643677,0.171491151643677,0.0,-6171.966547655937,-6171.966547655937,770.0,770.0,617.3681459172373,0.0,152.63185408276274,0.0,0.0,770
617.1966547655936,0.0,-6171.966547655937,0.0,40913.818102038305,152.63185408276274,-0.0,0.9917780064974258,0.47997237932604736,0.0,799.2,0.0,0.0,1.0,888.0,-0.0,118,-14.990783132374137,0.0,118,-3.906694499159764,0.0,118,-44.15702859856759,0.0,118,-38.88721065964109,0.0,180,-4.987477968502274,0.0,118,-17.427401156811367,0.0,0.0,0.171491151643677,0.171491151643677,0.0,-6171.966547655937,-6171.966547655937,770.0,770.0,617.3681459172373,0.0,152.63185408276274,0.0,0.0,770
617.1966547655936,0.0,-6171.966547655937,0.0,40744.22715305746,152.63185408276274,-0.0,0.9876670097461386,0.47997237932604736,0.0,799.2,0.0,0.0,1.0,888.0,-0.0,118,-31.526206024960064,0.0,118,-13.810831183893765,0.0,118,-50.48217420899826,0.0,118,-11.527315388983759,0.0,180,-51.92884865433264,0.0,118,-14.84176994479865,0.0,0.0,0.171491151643677,0.171491151643677,0.0,-6171.966547655937,-6171.966547655937,770.0,770.0,617.3681459172373,0.0,152.63185408276274,0.0,0.0,770
617.1966547655936,0.0,-6171.966547655937,0.0,40574.63620407661,152.63185408276274,-0.0,0.9835560129948515,0.47997237932604736,0.0,799.2,0.0,0.0,1.0,888.0,-0.0,118,-37.55036881321071,0.0,118,-28.696075036580474,0.0,118,-44.48935867568657,0.0,118,-31.400757298201395,0.0,180,-51.77636642260611,0.0,118,-19.394412032265464,0.0,0.0,0.171491151643677,0.171491151643677,0.0,-6171.966547655937,-6171.966547655937,770.0,770.0,617.3681459172373,0.0,152.63185408276274,0.0,0.0,770
617.1966547655936,0.0,-6171.966547655937,0.0,40405.04525509576,152.63185408276274,-0.0,0.9794450162435644,0.47997237932604736,0.0,799.2,0.0,0.0,1.0,888.0,-0.0,118,-25.953524249366183,0.0,118,-22.490170685671092,0.0,118,-13.044714889990281,0.0,118,-21.863877201266614,0.0,180,-12.309238923405296,0.0,118,-11.218637219105272,0.0,0.0,0.171491151643677,0.171491151643677,0.0,-6171.966547655937,-6171.966547655937,770.0,770.0,617.3681459172373,0.0,152.63185408276274,0.0,0.0,770
52.32664914042095,0.0,-523.2664914042094,0.0,40235.454306114916,717.6588116405903,-0.0,0.9753340194922773,0.47997237932604736,0.0,799.2,0.0,0.0,1.0,888.0,-0.0,118,-58.24908035692519,0.0,118,-31.519819103691706,0.0,118,-35.8178598947231,0.0,118,-39.639241544176826,0.0,180,-28.07617832877001,0.0,118,-27.545901681867722,0.0,0.0,0.0145392189887249,0.0145392189887249,0.0,-523.2664914042094,-523.2664914042094,770.0,770.0,52.34118835940967,0.0,717.6588116405903,0.0,0.0,770
52.32664914042095,0.0,-523.2664914042094,0.0,39438.05562651426,717.6588116405903,-0.0,0.9560045481907803,0.47997237932604736,0.0,799.2,0.0,0.0,1.0,888.0,-0.0,118,-53.56679126839583,0.0,118,-57.56075201639828,0.0,118,-58.993887972321815,0.0,118,-21.681744627388145,0.0,180,-32.011826103152124,0.0,118,-58.83960605561848,0.0,0.0,0.0145392189887249,0.0145392189887249,0.0,-523.2664914042094,-523.2664914042094,770.0,770.0,52.34118835940967,0.0,717.6588116405903,0.0,0.0,770
52.32664914042095,0.0,-523.2664914042094,0.0,38640.6569469136,717.6588116405903,-0.0,0.9366750768892832,0.47997237932604736,0.0,799.2,0.0,0.0,1.0,888.0,-0.0,118,-2.3616494524438836,0.0,118,-13.481511669594028,0.0,118,-17.631718855309593,0.0,118,-6.862831081202508,0.0,180,-18.13824658935479,0.0,118,-36.00801523870554,0.0,0.0,0.0145392189887249,0.0145392189887249,0.0,-523.2664914042094,-523.2664914042094,770.0,770.0,52.34118835940967,0.0,717.6588116405903,0.0,0.0,770
52.32664914042095,0.0,-523.2664914042094,0.0,37843.258267312944,717.6588116405903,-0.0,0.9173456055877862,0.47997237932604736,0.0,799.2,0.0,0.0,1.0,888.0,-0.0,118,-20.345738622667774,0.0,118,-41.24953561767913,0.0,118,-9.359671454568169,0.0,118,-20.17479011507708,0.0,180,-12.088199272281223,0.0,118,-57.484652434343396,0.0,0.0,0.0145392189887249,0.0145392189887249,0.0,-523.2664914042094,-523.2664914042094,770.0,770.0,52.34118835940967,0.0,717.6588116405903,0.0,0.0,770
52.32664914042095,0.0,-523.2664914042094,0.0,37045.859587712286,717.6588116405903,-0.0,0.8980161342862891,0.47997237932604736,0.0,799.2,0.0,0.0,1.0,888.0,-0.0,118,-0.8393723960707478,0.0,118,-41.69479497526744,0.0,118,-1.1299926843791264,0.0,118,-11.838836022388639,0.0,180,-42.490542530812135,0.0,118,-31.56841881226858,0.0,0.0,0.0145392189887249,0.0145392189887249,0.0,-523.2664914042094,-523.2664914042094,770.0,770.0,52.34118835940967,0.0,717.6588116405903,0.0,0.0,770
52.32664914042095,0.0,-523.2664914042094,0.0,36248.46090811163,717.6588116405903,-0.0,0.8786866629847921,0.47997237932604736,0.0,799.2,0.0,0.0,1.0,888.0,-0.0,118,-18.341976013530655,0.0,118,-40.65416146966723,0.0,118,-34.90802169410012,0.0,118,-12.71357481510837,0.0,180,-18.394221499457856,0.0,118,-14.116400217750725,0.0,0.0,0.0145392189887249,0.0145392189887249,0.0,-523.2664914042094,-523.2664914042094,770.0,770.0,52.34118835940967,0.0,717.6588116405903,0.0,0.0,770
0.0,0.0,-0.0,0.0,35451.06222851097,770.0,-0.0,0.859357191683295,0.47997237932604736,0.0,799.2,0.0,0.0,1.0,888.0,-0.0,118,-3.212978415293517,0.0,118,-37.892576770618895,0.0,118,-56.59519667746147,0.0,118,-21.590042179553592,0.0,180,-56.998905866969324,0.0,118,-58.7023034339228,0.0,0.0,0.0,0.0,0.0,0.0,0.0,770.0,770.0,0.0,0.0,770.0,0.0,0.0,770
0.0,0.0,-0.0,0.0,34595.50667295542,770.0,-0.0,0.8386179592503676,0.47997237932604736,0.0,799.2,0.0,0.0,1.0,888.0,-0.0,118,-11.549000947634426,0.0,118,-22.20652300486401,0.0,118,-5.587773484462717,0.0,118,-40.800606839162974,0.0,180,-24.588433760480605,0.0,118,-35.50860559694197,0.0,0.0,0.0,0.0,0.0,0.0,0.0,770.0,770.0,0.0,0.0,770.0,0.0,0.0,770
0.0,0.0,-0.0,0.0,33739.95111739986,770.0,-0.0,0.8178787268174402,0.47997237932604736,0.0,799.2,0.0,0.0,1.0,888.0,-0.0,118,-47.47889848529371,0.0,118,-54.02576074225364,0.0,118,-36.137589419667755,0.0,118,-54.9811300741973,0.0,180,-17.34442949056195,0.0,118,-55.174166482675886,0.0,0.0,0.0,0.0,0.0,0.0,0.0,770.0,770.0,0.0,0.0,770.0,0.0,0.0,770
0.0,0.0,-0.0,0.0,32884.39556184431,770.0,-0.0,0.7971394943845128,0.47997237932604736,0.0,799.2,0.0,0.0,1.0,888.0,-0.0,118,-22.63795293094228,0.0,118,-51.94694210516308,0.0,118,-46.8503067924806,0.0,118,-54.56530592563429,0.0,180,-21.763889563479854,0.0,118,-12.670828305485738,0.0,0.0,0.0,0.0,0.0,0.0,0.0,770.0,770.0,0.0,0.0,770.0,0.0,0.0,770
0.0,0.0,-0.0,0.0,32028.840006288752,770.0,-0.0,0.7764002619515854,0.47997237932604736,0.0,799.2,0.0,0.0,1.0,888.0,-0.0,118,-25.235778413503255,0.0,118,-4.051074817765256,0.0,118,-14.410381982810808,0.0,118,-40.5095106940361,0.0,180,-48.4010382779937,0.0,118,-43.020527873133744,0.0,0.0,0.0,0.0,0.0,0.0,0.0,770.0,770.0,0.0,0.0,770.0,0.0,0.0,770
0.0,0.0,-0.0,0.0,31173.284450733197,770.0,-0.0,0.755661029518658,0.47997237932604736,0.0,799.2,0.0,0.0,1.0,888.0,-0.0,118,-2.7520678445508806,0.0,118,-33.392999130159176,0.0,118,-8.106588450126432,0.0,118,-44.98655053801159,0.0,180,-32.771485645246884,0.0,118,-28.42033576170772,0.0,0.0,0.0,0.0,0.0,0.0,0.0,770.0,770.0,0.0,0.0,770.0,0.0,0.0,770
0.0,0.0,-0.0,0.0,30317.728895177643,770.0,-0.0,0.7349217970857306,0.47997237932604736,0.0,799.2,0.0,0.0,1.0,888.0,-0.0,118,-4.548514330300602,0.0,118,-4.244163990733352,0.0,118,-9.775493965220583,0.0,118,-14.576674633315193,0.0,180,-25.284223437922503,0.0,118,-7.357444834167357,0.0,0.0,0.0,0.0,0.0,0.0,0.0,770.0,770.0,0.0,0.0,770.0,0.0,0.0,770
0.0,0.0,-0.0,0.0,29462.173339622088,770.0,-0.0,0.7141825646528032,0.47997237932604736,0.0,799.2,0.0,0.0,1.0,888.0,-0.0,118,-38.02805048874967,0.0,118,-47.41423019971021,0.0,118,-2.198584713017062,0.0,118,-50.220558092379996,0.0,180,-48.69927739406261,0.0,118,-23.503716725466113,0.0,0.0,0.0,0.0,0.0,0.0,0.0,770.0,770.0,0.0,0.0,770.0,0.0,0.0,770
0.0,0.0,-0.0,0.0,28606.617784066533,770.0,-0.0,0.6934433322198758,0.47997237932604736,0.0,799.2,0.0,0.0,1.0,888.0,-0.0,118,-54.774300422880835,0.0,118,-23.469136005195214,0.0,118,-28.29261189716073,0.0,118,-36.83804361324221,0.0,180,-42.90019690320855,0.0,118,-44.344784152848995,0.0,0.0,0.0,0.0,0.0,0.0,0.0,770.0,770.0,0.0,0.0,770.0,0.0,0.0,770
0.0,0.0,-0.0,0.0,27751.06222851098,770.0,-0.0,0.6727040997869483,0.47997237932604736,0.0,799.2,0.0,0.0,1.0,888.0,-0.0,118,-47.18344665863344,0.0,118,-37.809773039758674,0.0,118,-18.031993057742895,0.0,118,-8.01722975583965,0.0,180,-54.77602953771174,0.0,118,-36.704118644595766,0.0,0.0,0.0,0.0,0.0,0.0,0.0,770.0,770.0,0.0,0.0,770.0,0.0,0.0,770
0.0,0.0,-0.0,0.0,26895.506672955424,770.0,-0.0,0.6519648673540209,0.47997237932604736,0.0,799.2,0.0,0.0,1.0,888.0,-0.0,118,-33.392715505605906,0.0,118,-3.4345982495677463,0.0,118,-43.4458562365965,0.0,118,-37.46445803424444,0.0,180,-44.59037196230466,0.0,118,-33.570676550223155,0.0,0.0,0.0,0.0,0.0,0.0,0.0,770.0,770.0,0.0,0.0,770.0,0.0,0.0,770
0.0,0.0,-0.0,0.0,26039.95111739987,770.0,-0.0,0.6312256349210935,0.47997237932604736,0.0,799.2,0.0,0.0,1.0,888.0,-0.0,118,-17.68066448007176,0.0,118,-10.40719835725562,0.0,118,-28.765296503837327,0.0,118,-22.70794663859716,0.0,180,-2.351248737320042,0.0,118,-23.03443259442258,0.0,0.0,0.0,0.0,0.0,0.0,0.0,770.0,770.0,0.0,0.0,770.0,0.0,0.0,770
0.0,0.0,-0.0,0.0,25184.395561844314,770.0,-0.0,0.6104864024881661,0.47997237932604736,0.0,799.2,0.0,0.0,1.0,888.0,-0.0,118,-58.048518373560654,0.0,118,-52.87998002875746,0.0,118,-31.5480268996918,0.0,118,-26.725777033577074,0.0,180,-28.211455754268727,0.0,118,-43.094581027842345,0.0,0.0,0.0,0.0,0.0,0.0,0.0,770.0,770.0,0.0,0.0,770.0,0.0,0.0,770
0.0,0.0,-0.0,0.0,24328.84000628876,770.0,-0.0,0.5897471700552387,0.47997237932604736,0.0,799.2,0.0,0.0,1.0,888.0,-0.0,118,-34.08930435872565,0.0,118,-46.651558047903,0.0,118,-4.294422752345543,0.0,118,-1.447532384348773,0.0,180,-51.5511357403219,0.0,118,-48.8468225474361,0.0,0.0,0.0,0.0,0.0,0.0,0.0,770.0,770.0,0.0,0.0,770.0,0.0,0.0,770
0.0,0.0,-0.0,0.0,23473.284450733205,770.0,-0.0,0.5690079376223112,0.47997237932604736,0.0,799.2,0.0,0.0,1.0,888.0,-0.0,118,-50.79578348358264,0.0,118,-33.55361454926294,0.0,118,-0.8477628757606359,0.0,118,-36.503355790696865,0.0,180,-0.8870484416616109,0.0,118,-53.01430314074897,0.0,0.0,0.0,0.0,0.0,0.0,0.0,770.0,770.0,0.0,0.0,770.0,0.0,0.0,770
0.0,0.0,-0.0,0.0,22617.72889517765,770.0,-0.0,0.5482687051893838,0.47997237932604736,0.0,799.2,0.0,0.0,1.0,888.0,-0.0,118,-46.32588322016975,0.0,118,-15.775324446312604,0.0,118,-43.880537700889505,0.0,118,-6.133129703600531,0.0,180,-52.85822739243187,0.0,118,-2.963146662960683,0.0,0.0,0.0,0.0,0.0,0.0,0.0,770.0,770.0,0.0,0.0,770.0,0.0,0.0,770
0.0,0.0,-0.0,0.0,21762.173339622095,770.0,-0.0,0.5275294727564563,0.47997237932604736,0.0,799.2,0.0,0.0,1.0,888.0,-0.0,118,-21.60698845363558,0.0,118,-12.708004705084022,0.0,118,-5.1706142024965995,0.0,118,-14.174276661381821,0.0,180,-24.058087018498217,0.0,118,-6.480386592101704,0.0,0.0,0.0,0.0,0.0,0.0,0.0,770.0,770.0,0.0,0.0,770.0,0.0,0.0,770
0.0,0.0,-0.0,0.0,20906.61778406654,708.0,-0.0,0.5067902403235289,0.47997237932604736,0.0,799.2,0.0,0.0,1.0,888.0,-0.0,118,-48.46618523435985,0.0,118,-1.5255779525530078,0.0,118,-22.861796575239996,0.0,118,-51.44118774998127,0.0,118,-58.50078810036139,0.0,118,-11.934170752455186,0.0,0.0,0.0,0.0,0.0,0.0,0.0,708.0,708.0,0.0,0.0,708.0,0.0,0.0,708
0.0,0.0,-0.0,0.0,20119.951117399873,708.0,-0.0,0.4877209201124736,0.47997237932604736,0.0,799.2,0.0,0.0,1.0,888.0,-0.0,118,-21.18720460234033,0.0,118,-12.707842558885607,0.0,118,-40.40244806296146,0.0,118,-0.6774021636248673,0.0,118,-32.72281782327655,0.0,118,-40.778352206824025,0.0,0.0,0.0,0.0,0.0,0.0,0.0,708.0,708.0,0.0,0.0,708.0,0.0,0.0,708
0.0,0.0,-0.0,0.0,19333.284450733205,710.0,-0.0,0.4686515999014182,0.47997237932604736,0.0,799.2,0.0,0.0,1.0,888.0,-0.0,118,-30.4890465088161,0.0,118,-39.674157324274184,0.0,118,-32.88661607876764,0.0,118,-14.654886668552285,0.0,118,-4.327751880008924,0.0,120,-58.43317020040137,0.0,0.0,0.0,0.0,0.0,0.0,0.0,710.0,710.0,0.0,0.0,710.0,0.0,0.0,710
0.0,0.0,-0.0,0.0,18544.395561844314,710.0,-0.0,0.4495284115541734,0.47997237932604736,0.0,799.2,0.0,0.0,1.0,888.0,-0.0,118,-30.039894122883716,0.0,118,-54.0438432862468,0.0,118,-18.890172152366645,0.0,118,-40.93766314856416,0.0,118,-15.322014250173726,0.0,120,-28.36778655910485,0.0,0.0,0.0,0.0,0.0,0.0,0.0,710.0,710.0,0.0,0.0,710.0,0.0,0.0,710
0.0,0.0,-0.0,0.0,17755.506672955424,710.0,-0.0,0.43040522320692853,0.47997237932604736,0.0,799.2,0.0,0.0,1.0,888.0,-0.0,118,-28.163129863506743,0.0,118,-59.787200235830305,0.0,118,-32.82930701413735,0.0,118,-10.513615297561463,0.0,118,-51.05660361948905,0.0,120,-16.44069403477815,0.0,0.0,0.0,0.0,0.0,0.0,0.0,710.0,710.0,0.0,0.0,710.0,0.0,0.0,710
0.0,0.0,-0.0,0.0,16966.617784066533,712.0,-0.0,0.41128203485968373,0.47997237932604736,0.0,799.2,0.0,0.0,1.0,888.0,-0.0,118,-30.093360861514967,0.0,118,-47.26424047830966,0.0,120,-44.02084950905257,0.0,118,-8.693094516926127,0.0,118,-52.98562113160024,0.0,120,-45.94502670263432,0.0,0.0,0.0,0.0,0.0,0.0,0.0,712.0,712.0,0.0,0.0,712.0,0.0,0.0,712
0.0,0.0,-0.0,0.0,16175.506672955422,710.0,-0.0,0.3921049783762495,0.47997237932604736,0.0,799.2,0.0,0.0,1.0,888.0,-0.0,118,-42.57068088398158,0.0,118,-22.15835627269956,0.0,120,-44.52811773269215,0.0,118,-20.860378676565126,0.0,118,-1.872549342693055,0.0,118,-55.34493524792636,0.0,0.0,0.0,0.0,0.0,0.0,0.0,710.0,710.0,0.0,0.0,710.0,0.0,0.0,710
0.0,0.0,-0.0,0.0,15386.617784066533,710.0,-0.0,0.3729817900290048,0.47997237932604736,0.0,799.2,0.0,0.0,1.0,888.0,-0.0,118,-18.967384691588048,0.0,118,-48.04930617129576,0.0,120,-32.21508187876377,0.0,118,-23.33236671479851,0.0,118,-22.183931202719474,0.0,118,-13.850532821670372,0.0,0.0,0.0,0.0,0.0,0.0,0.0,710.0,710.0,0.0,0.0,710.0,0.0,0.0,710
0.0,0.0,-0.0,0.0,14597.728895177645,710.0,-0.0,0.35385860168176,0.47997237932604736,0.0,799.2,0.0,0.0,1.0,888.0,-0.0,118,-0.8336397687430441,0.0,118,-27.15474979696166,0.0,120,-0.3060698388072036,0.0,118,-2.847477653431041,0.0,118,-12.879622292386282,0.0,118,-9.314903207457533,0.0,0.0,0.0,0.0,0.0,0.0,0.0,710.0,710.0,0.0,0.0,710.0,0.0,0.0,710
0.0,0.0,-0.0,0.0,13808.840006288756,712.0,-0.0,0.33473541333451523,0.47997237932604736,0.0,799.2,0.0,0.0,1.0,888.0,-0.0,118,-44.22599387848509,0.0,118,-13.390859353292743,0.0,120,-29.012527066481923,0.0,118,-58.07043353610782,0.0,118,-11.258765306957258,0.0,120,-59.171420850972765,0.0,0.0,0.0,0.0,0.0,0.0,0.0,712.0,712.0,0.0,0.0,712.0,0.0,0.0,712
0.0,0.0,-0.0,0.0,13017.728895177645,712.0,-0.0,0.315558356851081,0.47997237932604736,0.0,799.2,0.0,0.0,1.0,888.0,-0.0,118,-28.806314274901908,0.0,118,-4.635506908727303,0.0,120,-11.625140017374846,0.0,118,-56.96065104467258,0.0,118,-17.384745942531133,0.0,120,-24.675448726502715,0.0,0.0,0.0,0.0,0.0,0.0,0.0,712.0,712.0,0.0,0.0,712.0,0.0,0.0,712
0.0,0.0,-0.0,0.0,12226.617784066533,712.0,-0.0,0.2963813003676468,0.47997237932604736,0.0,799.2,0.0,0.0,1.0,888.0,-0.0,118,-46.758904007258934,0.0,118,-51.11594126032454,0.0,120,-58.757778117085,0.0,118,-57.28276756027868,0.0,118,-7.60030061346966,0.0,120,-16.543784160843874,0.0,0.0,0.0,0.0,0.0,0.0,0.0,712.0,712.0,0.0,0.0,712.0,0.0,0.0,712
0.0,0.0,-0.0,0.0,11435.506672955422,712.0,-0.0,0.2772042438842126,0.47997237932604736,0.0,799.2,0.0,0.0,1.0,888.0,-0.0,118,-42.51351027708045,0.0,118,-2.9788739131163777,0.0,120,-18.587477804394453,0.0,118,-2.2230726458637795,0.0,118,-17.61959379525772,0.0,120,-26.472595007591867,0.0,0.0,0.0,0.0,0.0,0.0,0.0,712.0,712.0,0.0,0.0,712.0,0.0,0.0,712
0.0,0.0,-0.0,0.0,10644.39556184431,712.0,-0.0,0.2580271874007784,0.47997237932604736,0.0,799.2,0.0,0.0,1.0,888.0,-0.0,118,-39.48008255480957,0.0,118,-9.659555686892542,0.0,120,-11.848298026501238,0.0,118,-1.3736779570515067,0.0,118,-24.707465205782185,0.0,120,-19.73705733034872,0.0,0.0,0.0,0.0,0.0,0.0,0.0,712.0,712.0,0.0,0.0,712.0,0.0,0.0,712
0.0,0.0,-0.0,0.0,9853.2844507332,712.0,-0.0,0.23885013091734417,0.47997237932604736,0.0,799.2,0.0,0.0,1.0,888.0,-0.0,118,-24.66006481940971,0.0,118,-54.44512897430819,0.0,120,-18.37517531692025,0.0,118,-29.105378621654,0.0,118,-9.252036283568238,0.0,120,-56.3124292317636,0.0,0.0,0.0,0.0,0.0,0.0,0.0,712.0,712.0,0.0,0.0,712.0,0.0,0.0,712
0.0,0.0,-0.0,0.0,9062.173339622088,712.0,-0.0,0.21967307443390996,0.47997237932604736,0.0,799.2,0.0,0.0,1.0,888.0,-0.0,118,-31.256940866888925,0.0,118,-1.8830978136720677,0.0,120,-13.402003600705537,0.0,118,-20.55492261491664,0.0,118,-0.34441894883137536,0.0,120,-5.622606296709205,0.0,0.0,0.0,0.0,0.0,0.0,0.0,712.0,712.0,0.0,0.0,712.0,0.0,0.0,712
0.0,0.0,-0.0,0.0,8271.062228510977,712.0,-0.0,0.20049601795047575,0.47997237932604736,0.0,799.2,0.0,0.0,1.0,888.0,-0.0,118,-31.795118387370337,0.0,118,-39.44344647352504,0.0,120,-55.58119566326924,0.0,118,-30.441681695317534,0.0,118,-44.97044494902389,0.0,120,-41.14253664489468,0.0,0.0,0.0,0.0,0.0,0.0,0.0,712.0,712.0,0.0,0.0,712.0,0.0,0.0,712
0.0,0.0,-0.0,0.0,7479.951117399865,712.0,-0.0,0.18131896146704155,0.47997237932604736,0.0,799.2,0.0,0.0,1.0,888.0,-0.0,118,-33.87255201114115,0.0,118,-0.8996083104169261,0.0,120,-41.65455527183353,0.0,118,-13.20314068852353,0.0,118,-6.87869412757558,0.0,120,-1.202191840518192,0.0,0.0,0.0,0.0,0.0,0.0,0.0,712.0,712.0,0.0,0.0,712.0,0.0,0.0,712
0.0,0.0,-0.0,0.0,6688.840006288754,712.0,-0.0,0.16214190498360734,0.47997237932604736,0.0,799.2,0.0,0.0,1.0,888.0,-0.0,118,-44.20682732473927,0.0,118,-18.13958734297063,0.0,120,-55.25741718393009,0.0,118,-20.974275020049284,0.0,118,-34.36298892145883,0.0,120,-33.262595915422104,0.0,0.0,0.0,0.0,0.0,0.0,0.0,712.0,712.0,0.0,0.0,712.0,0.0,0.0,712
0.0,0.0,-0.0,0.0,5897.728895177643,712.0,-0.0,0.14296484850017313,0.47997237932604736,0.0,799.2,0.0,0.0,1.0,888.0,-0.0,118,-17.845317189062076,0.0,118,-0.7082258814029041,0.0,120,-21.62220341975475,0.0,118,-3.4214582719038744,0.0,118,-2.1904848787192477,0.0,120,-49.17840553077186,0.0,0.0,0.0,0.0,0.0,0.0,0.0,712.0,712.0,0.0,0.0,712.0,0.0,0.0,712
0.0,0.0,-0.0,0.0,5106.617784066531,712.0,-0.0,0.12378779201673894,0.47997237932604736,0.0,799.2,0.0,0.0,1.0,888.0,-0.0,118,-56.03568224949541,0.0,118,-29.565527559554884,0.0,120,-2.8318070738312007,0.0,118,-53.47398965480963,0.0,118,-6.871648864434318,0.0,120,-5.998351936575035,0.0,0.0,0.0,0.0,0.0,0.0,0.0,712.0,712.0,0.0,0.0,712.0,0.0,0.0,712
0.0,0.0,-0.0,0.0,4315.50667295542,712.0,-0.0,0.10461073553330473,0.47997237932604736,0.0,799.2,0.0,0.0,1.0,888.0,-0.0,118,-40.94631346981841,0.0,118,-16.074864381574965,0.0,120,-30.447196073528197,0.0,118,-5.5678417632526545,0.0,118,-10.47442047904963,0.0,120,-47.99969264954535,0.0,0.0,0.0,0.0,0.0,0.0,0.0,712.0,712.0,0.0,0.0,712.0,0.0,0.0,712
0.0,0.0,-0.0,0.0,3524.3955618443088,714.0,-0.0,0.08543367904987052,0.47997237932604736,0.0,799.2,0.0,0.0,1.0,888.0,-0.0,120,-2.0596759215245375,0.0,118,-28.473053347486378,0.0,120,-51.48536283222822,0.0,118,-5.938300080056289,0.0,118,-54.19767836511854,0.0,120,-43.15949600359755,0.0,0.0,0.0,0.0,0.0,0.0,0.0,714.0,714.0,0.0,0.0,714.0,0.0,0.0,714
0.0,0.0,-0.0,0.0,2731.0622285109757,714.0,-0.0,0.06620275443024691,0.47997237932604736,0.0,799.2,0.0,0.0,1.0,888.0,-0.0,120,-16.52865509984487,0.0,118,-51.20626883499135,0.0,120,-28.775690425655608,0.0,118,-11.845992481508318,0.0,118,-14.624461917500383,0.0,120,-36.967351199926235,0.0,0.0,0.0,0.0,0.0,0.0,0.0,714.0,714.0,0.0,0.0,714.0,0.0,0.0,714
0.0,0.0,-0.0,0.0,1937.7288951776425,714.0,-0.0,0.04697182981062329,0.47997237932604736,0.0,799.2,0.0,0.0,1.0,888.0,-0.0,120,-18.08752104078022,0.0,118,-38.32115283651907,0.0,120,-54.93997639355119,0.0,118,-12.201649552195413,0.0,118,-43.87975280192,0.0,120,-15.403169646485622,0.0,0.0,0.0,0.0,0.0,0.0,0.0,714.0,714.0,0.0,0.0,714.0,0.0,0.0,714
0.0,0.0,-0.0,0.0,1144.3955618443092,714.0,-0.0,0.027740905190999667,0.47997237932604736,0.0,799.2,0.0,0.0,1.0,888.0,-0.0,120,-51.26235846988947,0.0,118,-14.170677636809444,0.0,120,-32.49656865488378,0.0,118,-30.695936321561028,0.0,118,-33.16038945275463,0.0,120,-43.611890526783434,0.0,0.0,0.0,0.0,0.0,0.0,0.0,714.0,714.0,0.0,0.0,714.0,0.0,0.0,714
0.0,0.0,-0.0,0.0,351.06222851097596,315.9560056598784,-0.0,0.008509980571376044,0.47997237932604736,191.05012303987192,799.2,0.0,398.0439943401216,1.0,888.0,-353463.066974028,120,-39.93834179812725,0.0,118,-39.43545225054986,0.0,120,-46.44322318830012,0.0,118,-37.45255001868139,0.0,118,-32.22585665255053,0.0,120,-11.886922956764984,0.0,0.0,0.0,0.0,0.0,-353463.066974028,-353463.066974028,714.0,714.0,0.0,0.0,714.0,0.0,0.0,714
0.0,0.0,-0.0,0.0,0.0,0.0,-0.0,0.0,0.47997237932604736,342.70027883879783,799.2,0.0,714.0,1.0,888.0,-634032.0,120,-39.80049646659396,0.0,118,-57.28640922437534,0.0,120,-56.051466822238424,0.0,118,-48.303221418356216,0.0,118,-30.33250145603911,0.0,120,-3.242667737091869,0.0,0.0,0.0,0.0,0.0,-634032.0,-634032.0,714.0,714.0,0.0,0.0,714.0,0.0,0.0,714
0.0,0.0,-0.0,0.0,0.0,0.0,-0.0,0.0,0.47997237932604736,342.70027883879783,799.2,0.0,714.0,1.0,888.0,-634032.0,120,-30.771811265329557,0.0,118,-34.406318222138644,0.0,120,-38.917033702170976,0.0,118,-35.45949266294617,0.0,118,-55.27219303792108,0.0,120,-38.30077809335725,0.0,0.0,0.0,0.0,0.0,-634032.0,-634032.0,714.0,714.0,0.0,0.0,714.0,0.0,0.0,714
0.0,0.0,-0.0,0.0,0.0,0.0,-0.0,0.0,0.47997237932604736,342.70027883879783,799.2,0.0,714.0,1.0,888.0,-634032.0,120,-50.71237108934077,0.0,118,-59.83899124330688,0.0,120,-17.533634980066594,0.0,118,-36.227952319727464,0.0,118,-56.57575244376766,0.0,120,-0.6483572749086064,0.0,0.0,0.0,0.0,0.0,-634032.0,-634032.0,714.0,714.0,0.0,0.0,714.0,0.0,0.0,714
0.0,0.0,-0.0,0.0,0.0,0.0,-0.0,0.0,0.47997237932604736,342.70027883879783,799.2,0.0,714.0,1.0,888.0,-634032.0,120,-30.87412339092139,0.0,118,-14.357845659322345,0.0,120,-15.954190216074366,0.0,118,-14.645852084325718,0.0,118,-1.71766829299149,0.0,120,-18.283175836608812,0.0,0.0,0.0,0.0,0.0,-634032.0,-634032.0,714.0,714.0,0.0,0.0,714.0,0.0,0.0,714
0.0,0.0,-0.0,0.0,0.0,0.0,-0.0,0.0,0.47997237932604736,342.70027883879783,799.2,0.0,714.0,1.0,888.0,-634032.0,120,-23.960401553825257,0.0,118,-18.471157038975754,0.0,120,-32.73609241535264,0.0,118,-15.692927676257648,0.0,118,-57.54451686129237,0.0,120,-44.95821498325122,0.0,0.0,0.0,0.0,0.0,-634032.0,-634032.0,714.0,714.0,0.0,0.0,714.0,0.0,0.0,714
0.0,0.0,-0.0,0.0,0.0,0.0,-0.0,0.0,0.47997237932604736,342.70027883879783,799.2,0.0,714.0,1.0,888.0,-634032.0,120,-1.924308784790778,0.0,118,-6.221284831456262,0.0,120,-56.717551037467885,0.0,118,-24.090308602802676,0.0,118,-27.559948682260952,0.0,120,-26.703549870054268,0.0,0.0,0.0,0.0,0.0,-634032.0,-634032.0,714.0,714.0,0.0,0.0,714.0,0.0,0.0,714
0.0,0.0,-0.0,0.0,0.0,0.0,-0.0,0.0,0.47997237932604736,342.70027883879783,799.2,0.0,714.0,1.0,888.0,-634032.0,120,-10.52893140811317,0.0,118,-18.359914603318536,0.0,120,-36.782619666676446,0.0,118,-42.332116326111155,0.0,118,-52.24921521556972,0.0,120,-32.798606059335505,0.0,0.0,0.0,0.0,0.0,-634032.0,-634032.0,714.0,714.0,0.0,0.0,714.0,0.0,0.0,714
0.0,0.0,-0.0,0.0,0.0,0.0,-0.0,0.0,0.47997237932604736,342.70027883879783,799.2,0.0,714.0,1.0,888.0,-634032.0,120,-39.40905641277237,0.0,118,-28.63903805530885,0.0,120,-4.426624947914264,0.0,118,-47.28401014009228,0.0,118,-22.67143326581,0.0,120,-26.285240549183907,0.0,0.0,0.0,0.0,0.0,-634032.0,-634032.0,714.0,714.0,0.0,0.0,714.0,0.0,0.0,714
0.0,0.0,-0.0,0.0,0.0,0.0,-0.0,0.0,0.47997237932604736,342.70027883879783,799.2,0.0,714.0,1.0,888.0,-634032.0,120,-58.297002415271166,0.0,118,-43.48311800825431,0.0,120,-6.501934932197524,0.0,118,-5.05794628520974,0.0,118,-0.5607515848383771,0.0,120,-46.88464314520984,0.0,0.0,0.0,0.0,0.0,-634032.0,-634032.0,714.0,714.0,0.0,0.0,714.0,0.0,0.0,714
0.0,0.0,-0.0,0.0,0.0,0.0,-0.0,0.0,0.47997237932604736,342.70027883879783,799.2,0.0,714.0,1.0,888.0,-634032.0,120,-25.738345189222656,0.0,118,-21.67584390605612,0.0,120,-50.69489607352877,0.0,118,-55.2424415803009,0.0,118,-49.62010649109054,0.0,120,-43.49598282494566,0.0,0.0,0.0,0.0,0.0,-634032.0,-634032.0,714.0,714.0,0.0,0.0,714.0,0.0,0.0,714
0.0,0.0,-0.0,0.0,0.0,0.0,-0.0,0.0,0.47997237932604736,342.70027883879783,799.2,0.0,714.0,1.0,888.0,-634032.0,120,-8.089047649222543,0.0,118,-11.14047251819475,0.0,120,-30.54694899608281,0.0,118,-46.740376809371675,0.0,118,-34.71108989327319,0.0,120,-9.495483666854447,0.0,0.0,0.0,0.0,0.0,-634032.0,-634032.0,714.0,714.0,0.0,0.0,714.0,0.0,0.0,714
0.0,0.0,-0.0,0.0,0.0,0.0,-0.0,0.0,0.47997237932604736,342.70027883879783,799.2,0.0,714.0,1.0,888.0,-634032.0,120,-24.37489543130609,0.0,118,-36.592862909572275,0.0,120,-48.01439447151927,0.0,118,-47.267774923721255,0.0,118,-25.11797994465979,0.0,120,-54.90445272870149,0.0,0.0,0.0,0.0,0.0,-634032.0,-634032.0,714.0,714.0,0.0,0.0,714.0,0.0,0.0,714
0.0,0.0,-0.0,0.0,0.0,0.0,-0.0,0.0,0.47997237932604736,342.70027883879783,799.2,0.0,714.0,1.0,888.0,-634032.0,120,-22.081946566678464,0.0,118,-55.1759152739506,0.0,120,-47.37148553561771,0.0,118,-10.471769855165942,0.0,118,-59.01944853576691,0.0,120,-26.794576825005294,0.0,0.0,0.0,0.0,0.0,-634032.0,-634032.0,714.0,714.0,0.0,0.0,714.0,0.0,0.0,714
0.0,0.0,-0.0,0.0,0.0,0.0,-0.0,0.0,0.47997237932604736,342.70027883879783,799.2,0.0,714.0,1.0,888.0,-634032.0,120,-1.0405323162603497,0.0,118,-57.64094846038466,0.0,120,-16.701900292815232,0.0,118,-25.860052124322067,0.0,118,-37.4481729484835,0.0,120,-2.7856320671447365,0.0,0.0,0.0,0.0,0.0,-634032.0,-634032.0,714.0,714.0,0.0,0.0,714.0,0.0,0.0,714
0.0,0.0,-0.0,0.0,0.0,0.0,-0.0,0.0,0.47997237932604736,342.70027883879783,799.2,0.0,714.0,1.0,888.0,-634032.0,120,-58.03414983130032,0.0,118,-31.988167032309278,0.0,120,-10.861158946172653,0.0,118,-31.46077629265764,0.0,118,-14.842878530030914,0.0,120,-17.814193871246147,0.0,0.0,0.0,0.0,0.0,-634032.0,-634032.0,714.0,714.0,0.0,0.0,714.0,0.0,0.0,714
0.0,0.0,-0.0,0.0,0.0,0.0,-0.0,0.0,0.47997237932604736,342.70027883879783,799.2,0.0,714.0,1.0,888.0,-634032.0,120,-41.64442068084464,0.0,118,-11.46986973044865,0.0,120,-55.59686011568931,0.0,118,-59.751117518373576,0.0,118,-54.57267926184736,0.0,120,-59.91294441757503,0.0,0.0,0.0,0.0,0.0,-634032.0,-634032.0,714.0,714.0,0.0,0.0,714.0,0.0,0.0,714
0.0,0.0,-0.0,0.0,0.0,0.0,-0.0,0.0,0.47997237932604736,342.70027883879783,799.2,0.0,714.0,1.0,888.0,-634032.0,120,-14.442161523918076,0.0,118,-6.493313000093128,0.0,120,-34.403897082360814,0.0,118,-18.431035210241284,0.0,118,-55.68401818038406,0.0,120,-4.2241656370966325,0.0,0.0,0.0,0.0,0.0,-634032.0,-634032.0,714.0,714.0,0.0,0.0,714.0,0.0,0.0,714
0.0,0.0,-0.0,0.0,0.0,0.0,-0.0,0.0,0.47997237932604736,342.70027883879783,799.2,0.0,714.0,1.0,888.0,-634032.0,120,-49.28819921950726,0.0,118,-43.20657672186927,0.0,120,-2.5952807948878354,0.0,118,-27.46604184235564,0.0,118,-22.961884833983905,0.0,120,-19.05984681625122,0.0,0.0,0.0,0.0,0.0,-634032.0,-634032.0,714.0,714.0,0.0,0.0,714.0,0.0,0.0,714
0.0,0.0,-0.0,0.0,0.0,0.0,-0.0,0.0,0.47997237932604736,342.70027883879783,799.2,0.0,714.0,1.0,888.0,-634032.0,120,-44.22722477154267,0.0,118,-18.134002460315394,0.0,120,-6.229339660816919,0.0,118,-19.633559661948873,0.0,118,-2.738850667567978,0.0,120,-46.82388302618433,0.0,0.0,0.0,0.0,0.0,-634032.0,-634032.0,714.0,714.0,0.0,0.0,714.0,0.0,0.0,714
0.0,0.0,-0.0,0.0,0.0,0.0,-0.0,0.0,0.47997237932604736,342.70027883879783,799.2,0.0,714.0,1.0,888.0,-634032.0,120,-51.132382480885425,0.0,118,-14.56307909346458,0.0,120,-56.71304174462268,0.0,118,-36.89295727882355,0.0,118,-10.583060037531347,0.0,120,-11.020463725309991,0.0,0.0,0.0,0.0,0.0,-634032.0,-634032.0,714.0,714.0,0.0,0.0,714.0,0.0,0.0,714
0.0,0.0,-0.0,0.0,0.0,0.0,-0.0,0.0,0.47997237932604736,342.70027883879783,799.2,0.0,714.0,1.0,888.0,-634032.0,120,-32.96654446478769,0.0,118,-15.438955373179805,0.0,120,-59.63443103973073,0.0,118,-58.54710591389043,0.0,118,-21.386673028767067,0.0,120,-12.23855712875626,0.0,0.0,0.0,0.0,0.0,-634032.0,-634032.0,714.0,714.0,0.0,0.0,714.0,0.0,0.0,714
0.0,0.0,-0.0,0.0,0.0,0.0,-0.0,0.0,0.47997237932604736,342.70027883879783,799.2,0.0,714.0,1.0,888.0,-634032.0,120,-44.4318316953273,0.0,118,-15.430921658170476,0.0,120,-20.499082668134363,0.0,118,-19.498350041142174,0.0,118,-48.980995188796925,0.0,120,-4.0672658968963855,0.0,0.0,0.0,0.0,0.0,-634032.0,-634032.0,714.0,714.0,0.0,0.0,714.0,0.0,0.0,714
0.0,0.0,-0.0,0.0,0.0,0.0,-0.0,0.0,0.47997237932604736,342.70027883879783,799.2,0.0,714.0,1.0,888.0,-634032.0,120,-44.67755785722131,0.0,118,-59.19224486373562,0.0,120,-54.05330626498991,0.0,118,-15.666493333143137,0.0,118,-31.36709011817208,0.0,120,-35.70088410092541,0.0,0.0,0.0,0.0,0.0,-634032.0,-634032.0,714.0,714.0,0.0,0.0,714.0,0.0,0.0,714
0.0,0.0,-0.0,0.0,0.0,0.0,-0.0,0.0,0.47997237932604736,342.70027883879783,799.2,0.0,714.0,1.0,888.0,-634032.0,120,-53.78137854897738,0.0,118,-31.127549478287545,0.0,120,-23.42266516994838,0.0,118,-40.562092822073474,0.0,118,-19.11141904226325,0.0,120,-22.633815343449594,0.0,0.0,0.0,0.0,0.0,-634032.0,-634032.0,714.0,714.0,0.0,0.0,714.0,0.0,0.0,714
0.0,0.0,-0.0,0.0,0.0,0.0,-0.0,0.0,0.47997237932604736,342.70027883879783,799.2,0.0,714.0,1.0,888.0,-634032.0,120,-0.8533879901188457,0.0,118,-8.924570765018991,0.0,120,-3.746737598396328,0.0,118,-33.98581238554185,0.0,118,-59.12120141332297,0.0,120,-54.70241205564807,0.0,0.0,0.0,0.0,0.0,-634032.0,-634032.0,714.0,714.0,0.0,0.0,714.0,0.0,0.0,714
0.0,0.0,-0.0,0.0,0.0,0.0,-0.0,0.0,0.47997237932604736,342.70027883879783,799.2,0.0,714.0,1.0,888.0,-634032.0,120,-11.016880338636469,0.0,118,-18.596675969107757,0.0,120,-26.820403174530053,0.0,118,-41.9796642047736,0.0,118,-19.42899409924616,0.0,120,-5.437388579344495,0.0,0.0,0.0,0.0,0.0,-634032.0,-634032.0,714.0,714.0,0.0,0.0,714.0,0.0,0.0,714
0.0,0.0,-0.0,0.0,0.0,0.0,-0.0,0.0,0.47997237932604736,342.70027883879783,799.2,0.0,714.0,1.0,888.0,-634032.0,120,-43.71313364714479,0.0,118,-5.684883736732454,0.0,120,-20.660376394801524,0.0,118,-40.652552353474675,0.0,118,-21.327344926677018,0.0,120,-4.520025710437987,0.0,0.0,0.0,0.0,0.0,-634032.0,-634032.0,714.0,714.0,0.0,0.0,714.0,0.0,0.0,714
0.0,0.0,-0.0,0.0,0.0,0.0,-0.0,0.0,0.47997237932604736,342.70027883879783,799.2,0.0,714.0,1.0,888.0,-634032.0,120,-22.57153384803029,0.0,118,-1.117256316839863,0.0,120,-43.06308294691964,0.0,118,-27.234529772176717,0.0,118,-55.556059044106554,0.0,120,-21.720917691768303,0.0,0.0,0.0,0.0,0.0,-634032.0,-634032.0,714.0,714.0,0.0,0.0,714.0,0.0,0.0,714
0.0,0.0,-0.0,0.0,0.0,0.0,-0.0,0.0,0.47997237932604736,342.70027883879783,799.2,0.0,714.0,1.0,888.0,-634032.0,120,-29.546582394366258,0.0,118,-4.3714671288463425,0.0,120,-12.536763775146653,0.0,118,-21.31401574611399,0.0,118,-51.72480544152889,0.0,120,-15.936428568787722,0.0,0.0,0.0,0.0,0.0,-634032.0,-634032.0,714.0,714.0,0.0,0.0,714.0,0.0,0.0,714
0.0,0.0,-0.0,0.0,0.0,0.0,-0.0,0.0,0.47997237932604736,342.70027883879783,799.2,0.0,714.0,1.0,888.0,-634032.0,120,-34.06098824014038,0.0,118,-40.03885025885161,0.0,120,-5.549795857130819,0.0,118,-0.8646659518975586,0.0,118,-47.43582049468218,0.0,120,-20.427409980666184,0.0,0.0,0.0,0.0,0.0,-634032.0,-634032.0,714.0,714.0,0.0,0.0,714.0,0.0,0.0,714
0.0,0.0,-0.0,0.0,0.0,0.0,-0.0,0.0,0.47997237932604736,342.70027883879783,799.2,0.0,714.0,1.0,888.0,-634032.0,120,-42.50578051426467,0.0,118,-39.97085565674435,0.0,120,-45.16135799894312,0.0,118,-43.327783126118035,0.0,118,-24.446770227778455,0.0,120,-31.68343098537866,0.0,0.0,0.0,0.0,0.0,-634032.0,-634032.0,714.0,714.0,0.0,0.0,714.0,0.0,0.0,714
0.0,0.0,-0.0,0.0,0.0,0.0,-0.0,0.0,0.47997237932604736,342.70027883879783,799.2,0.0,714.0,1.0,888.0,-634032.0,120,-2.4090240854461187,0.0,118,-54.13592264788365,0.0,120,-40.354692900309516,0.0,118,-0.6773079340908117,0.0,118,-8.577573848745597,0.0,120,-30.25270607455862,0.0,0.0,0.0,0.0,0.0,-634032.0,-634032.0,714.0,714.0,0.0,0.0,714.0,0.0,0.0,714
0.0,0.0,-0.0,0.0,0.0,0.0,-0.0,0.0,0.47997237932604736,342.70027883879783,799.2,0.0,714.0,1.0,888.0,-634032.0,120,-26.68246487865962,0.0,118,-3.2673528112737227,0.0,120,-10.547368344978509,0.0,118,-36.09283894697021,0.0,118,-56.560189957232474,0.0,120,-33.168862713093965,0.0,0.0,0.0,0.0,0.0,-634032.0,-634032.0,714.0,714.0,0.0,0.0,714.0,0.0,0.0,714
0.0,0.0,-0.0,0.0,0.0,0.0,-0.0,0.0,0.47997237932604736,342.70027883879783,799.2,0.0,714.0,1.0,888.0,-634032.0,120,-36.72683378629643,0.0,118,-39.56005743552763,0.0,120,-12.1418540925925,0.0,118,-12.743903641044607,0.0,118,-12.842134410472717,0.0,120,-2.538915481052759,0.0,0.0,0.0,0.0,0.0,-634032.0,-634032.0,714.0,714.0,0.0,0.0,714.0,0.0,0.0,714
182.36359069741118,0.0,-1823.6359069741118,0.0,0.0,0.0,-0.0,0.0,0.47997237932604736,255.14647180736677,799.2,0.0,531.5857386744428,1.0,888.0,-472048.1359429052,120,-26.406665554721723,0.0,118,-3.1627018328994083,0.0,120,-13.415271724006757,0.0,118,-48.20788391093797,0.0,118,-8.30082066756569,0.0,120,-15.322646916460984,0.0,0.0,0.0506706281459881,0.0506706281459881,0.0,-473871.7718498793,-473871.7718498793,714.0,714.0,182.41426132555716,0.0,531.5857386744428,0.0,0.0,714
182.36359069741118,0.0,-1823.6359069741118,0.0,0.0,0.0,-0.0,0.0,0.47997237932604736,255.14647180736677,799.2,0.0,531.5857386744428,1.0,888.0,-472048.1359429052,120,-27.71218669009157,0.0,118,-33.37681196358219,0.0,120,-30.149095570052168,0.0,118,-11.750182081232802,0.0,118,-13.928730088337138,0.0,120,-33.64122468633608,0.0,0.0,0.0506706281459881,0.0506706281459881,0.0,-473871.7718498793,-473871.7718498793,714.0,714.0,182.41426132555716,0.0,531.5857386744428,0.0,0.0,714
182.36359069741118,0.0,-1823.6359069741118,0.0,0.0,0.0,-0.0,0.0,0.47997237932604736,255.14647180736677,799.2,0.0,531.5857386744428,1.0,888.0,-472048.1359429052,120,-54.58490817328713,0.0,118,-22.614858302298142,0.0,120,-13.380253530762403,0.0,118,-4.520939735280553,0.0,118,-9.353742463246245,0.0,120,-55.78309269907246,0.0,0.0,0.0506706281459881,0.0506706281459881,0.0,-473871.7718498793,-473871.7718498793,714.0,714.0,182.41426132555716,0.0,531.5857386744428,0.0,0.0,714
182.36359069741118,0.0,-1823.6359069741118,0.0,0.0,0.0,-0.0,0.0,0.47997237932604736,255.14647180736677,799.2,0.0,531.5857386744428,1.0,888.0,-472048.1359429052,120,-18.32190713095127,0.0,118,-45.95583597583731,0.0,120,-15.722717634383878,0.0,118,-32.90679563479717,0.0,118,-26.22287399831889,0.0,120,-50.88337580185471,0.0,0.0,0.0506706281459881,0.0506706281459881,0.0,-473871.7718498793,-473871.7718498793,714.0,714.0,182.41426132555716,0.0,531.5857386744428,0.0,0.0,714
182.36359069741118,0.0,-1823.6359069741118,0.0,0.0,0.0,-0.0,0.0,0.47997237932604736,255.14647180736677,799.2,0.0,531.5857386744428,1.0,888.0,-472048.1359429052,120,-59.116512419464264,0.0,118,-41.791184285373205,0.0,120,-44.75455667349697,0.0,118,-18.583447178883286,0.0,118,-46.55770948640516,0.0,120,-53.177616250242785,0.0,0.0,0.0506706281459881,0.0506706281459881,0.0,-473871.7718498793,-473871.7718498793,714.0,714.0,182.41426132555716,0.0,531.5857386744428,0.0,0.0,714
182.36359069741118,0.0,-1823.6359069741118,0.0,0.0,0.0,-0.0,0.0,0.47997237932604736,255.14647180736677,799.2,0.0,531.5857386744428,1.0,888.0,-472048.1359429052,120,-22.535416293691934,0.0,118,-45.67833969994623,0.0,120,-11.404717471229445,0.0,118,-52.537831163217184,0.0,118,-1.8864008121110598,0.0,120,-21.162784355494235,0.0,0.0,0.0506706281459881,0.0506706281459881,0.0,-473871.7718498793,-473871.7718498793,714.0,714.0,182.41426132555716,0.0,531.5857386744428,0.0,0.0,714
792.102404184889,0.0,-7921.02404184889,78.32249376649077,0.0,0.0,-0.0,0.0,0.47997237932604736,0.0,799.2,0.0,0.0,1.0,888.0,-0.0,120,-25.175236610019283,0.0,118,-58.267716319549535,0.0,120,-43.83078640816869,0.0,118,-38.968118389962136,0.0,118,-0.8966028168940166,0.0,120,-46.06398000505878,0.0,0.0,0.220089581601803,0.220089581601803,0.0,-7921.02404184889,-7921.02404184889,792.3224937664908,792.3224937664908,792.3224937664908,0.0,0.0,78.32249376649077,0.0,714
792.102404184889,0.0,-7921.02404184889,78.32249376649077,70.49024438984169,0.0,-0.0,0.0017087301381679318,0.47997237932604736,0.0,799.2,0.0,0.0,1.0,888.0,-0.0,120,-1.379439669724749,0.0,118,-49.52461136530792,0.0,120,-40.77297496835827,0.0,118,-57.50402435835362,0.0,118,-40.51123020001128,0.0,120,-55.327344140631176,0.0,0.0,0.220089581601803,0.220089581601803,0.0,-7921.02404184889,-7921.02404184889,792.3224937664908,792.3224937664908,792.3224937664908,0.0,0.0,78.32249376649077,0.0,714
792.102404184889,0.0,-7921.02404184889,78.32249376649077,140.98048877968338,0.0,-0.0,0.0034174602763358637,0.47997237932604736,0.0,799.2,0.0,0.0,1.0,888.0,-0.0,120,-39.55741438787488,0.0,118,-43.876410488075315,0.0,120,-47.788157324879116,0.0,118,-39.88317371007764,0.0,118,-33.72356576855801,0.0,120,-11.239808636479346,0.0,0.0,0.220089581601803,0.220089581601803,0.0,-7921.02404184889,-7921.02404184889,792.3224937664908,792.3224937664908,792.3224937664908,0.0,0.0,78.32249376649077,0.0,714
792.102404184889,0.0,-7921.02404184889,78.32249376649077,211.4707331695251,0.0,-0.0,0.005126190414503796,0.47997237932604736,0.0,799.2,0.0,0.0,1.0,888.0,-0.0,120,-19.76576556788409,0.0,118,-59.08623178704976,0.0,120,-37.0499525951078,0.0,118,-41.724107912437404,0.0,118,-29.097190889872415,0.0,120,-27.444451229354488,0.0,0.0,0.220089581601803,0.220089581601803,0.0,-7921.02404184889,-7921.02404184889,792.3224937664908,792.3224937664908,792.3224937664908,0.0,0.0,78.32249376649077,0.0,714
792.102404184889,0.0,-7921.02404184889,78.32249376649077,281.96097755936677,0.0,-0.0,0.006834920552671727,0.47997237932604736,0.0,799.2,0.0,0.0,1.0,888.0,-0.0,120,-8.698276164744435,0.0,118,-7.052645889136224,0.0,120,-42.06245410235036,0.0,118,-6.54956184745031,0.0,118,-22.679844742979572,0.0,120,-7.143759364102118,0.0,0.0,0.220089581601803,0.220089581601803,0.0,-7921.02404184889,-7921.02404184889,792.3224937664908,792.3224937664908,792.3224937664908,0.0,0.0,78.32249376649077,0.0,714
792.102404184889,0.0,-7921.02404184889,78.32249376649077,352.45122194920845,0.0,-0.0,0.00854365069083966,0.47997237932604736,0.0,799.2,0.0,0.0,1.0,888.0,-0.0,120,-38.893045451943,0.0,118,-12.023016405118758,0.0,120,-56.89149345253577,0.0,118,-18.267037283833687,0.0,118,-20.072843019489742,0.0,120,-13.161093230487946,0.0,0.0,0.220089581601803,0.220089581601803,0.0,-7921.02404184889,-7921.02404184889,792.3224937664908,792.3224937664908,792.3224937664908,0.0,0.0,78.32249376649077,0.0,714
1435.0959361630667,0.0,-14350.959361630667,721.4946846865907,422.9414663390501,0.0,-0.0,0.01025238082900759,0.47997237932604736,0.0,799.2,0.0,0.0,1.0,888.0,-0.0,120,-52.16969017317998,0.0,118,-12.071240482275435,0.0,120,-59.574118428276364,0.0,118,-46.61441256591659,0.0,118,-26.780183037369056,0.0,120,-14.696946426929294,0.0,0.0,0.398748523524053,0.398748523524053,0.0,-14350.959361630667,-14350.959361630667,1435.4946846865907,1435.4946846865907,1435.4946846865907,0.0,0.0,721.4946846865907,0.0,714
1435.0959361630667,0.0,-14350.959361630667,721.4946846865907,1072.2866825569818,0.0,-0.0,0.025992938272537312,0.47997237932604736,0.0,799.2,0.0,0.0,1.0,888.0,-0.0,120,-18.947610927577518,0.0,118,-46.51353382942931,0.0,120,-2.084318831142231,0.0,118,-29.03701200285946,0.0,118,-54.88563810268926,0.0,120,-30.238717318010252,0.0,0.0,0.398748523524053,0.398748523524053,0.0,-14350.959361630667,-14350.959361630667,1435.4946846865907,1435.4946846865907,1435.4946846865907,0.0,0.0,721.4946846865907,0.0,714
1435.0959361630667,0.0,-14350.959361630667,721.4946846865907,1721.6318987749135,0.0,-0.0,0.041733495716067034,0.47997237932604736,0.0,799.2,0.0,0.0,1.0,888.0,-0.0,120,-9.321627854799031,0.0,118,-58.059996756551826,0.0,120,-33.40889386298477,0.0,118,-25.44483941554816,0.0,118,-18.169013020070494,0.0,120,-17.87585023308107,0.0,0.0,0.398748523524053,0.398748523524053,0.0,-14350.959361630667,-14350.959361630667,1435.4946846865907,1435.4946846865907,1435.4946846865907,0.0,0.0,721.4946846865907,0.0,714
1435.0959361630667,0.0,-14350.959361630667,721.4946846865907,2370.977114992845,0.0,-0.0,0.057474053159596764,0.47997237932604736,0.0,799.2,0.0,0.0,1.0,888.0,-0.0,120,-54.538258081740516,0.0,118,-38.95744575488017,0.0,120,-42.938068971794145,0.0,118,-23.175091724130322,0.0,118,-18.323808246742214,0.0,120,-48.23310208036188,0.0,0.0,0.398748523524053,0.398748523524053,0.0,-14350.959361630667,-14350.959361630667,1435.4946846865907,1435.4946846865907,1435.4946846865907,0.0,0.0,721.4946846865907,0.0,714
1435.0959361630667,0.0,-14350.959361630667,721.4946846865907,3020.3223312107766,0.0,-0.0,0.07321461060312648,0.47997237932604736,0.0,799.2,0.0,0.0,1.0,888.0,-0.0,120,-26.645905969597692,0.0,118,-32.52179751828319,0.0,120,-27.480941145762706,0.0,118,-49.80136199356896,0.0,118,-48.76743980910606,0.0,120,-44.72264207467234,0.0,0.0,0.398748523524053,0.398748523524053,0.0,-14350.959361630667,-14350.959361630667,1435.4946846865907,1435.4946846865907,1435.4946846865907,0.0,0.0,721.4946846865907,0.0,714
1435.0959361630667,0.0,-14350.959361630667,721.4946846865907,3669.6675474287085,0.0,-0.0,0.08895516804665621,0.47997237932604736,0.0,799.2,0.0,0.0,1.0,888.0,-0.0,120,-30.069969903333767,0.0,118,-51.84866128673373,0.0,120,-57.961770137988076,0.0,118,-34.05471625927779,0.0,118,-54.94684591369526,0.0,120,-28.181470515705623,0.0,0.0,0.398748523524053,0.398748523524053,0.0,-14350.959361630667,-14350.959361630667,1435.4946846865907,1435.4946846865907,1435.4946846865907,0.0,0.0,721.4946846865907,0.0,714
1894.325767124941,0.0,-18943.25767124941,1180.852114934645,4319.01276364664,0.0,-0.0,0.10469572549018594,0.47997237932604736,0.0,799.2,0.0,0.0,1.0,888.0,-0.0,120,-56.59689355290997,0.0,118,-34.708405317704255,0.0,120,-10.60160952536843,0.0,118,-16.88807975711346,0.0,118,-47.017471971313284,0.0,120,-38.91637125600471,0.0,0.0,0.526347809704068,0.526347809704068,0.0,-18943.25767124941,-18943.25767124941,1894.852114934645,1894.852114934645,1894.852114934645,0.0,0.0,1180.852114934645,0.0,714
1894.325767124941,0.0,-18943.25767124941,1180.852114934645,5381.7796670878215,0.0,-0.0,0.13045789802166682,0.47997237932604736,0.0,799.2,0.0,0.0,1.0,888.0,-0.0,120,-10.896315388357342,0.0,118,-44.660472958280764,0.0,120,-5.789005253464666,0.0,118,-23.74557815769189,0.0,118,-24.385351796861194,0.0,120,-22.61081796136152,0.0,0.0,0.526347809704068,0.526347809704068,0.0,-18943.25767124941,-18943.25767124941,1894.852114934645,1894.852114934645,1894.852114934645,0.0,0.0,1180.852114934645,0.0,714
1894.325767124941,0.0,-18943.25767124941,1180.852114934645,6444.546570529003,0.0,-0.0,0.1562200705531477,0.47997237932604736,0.0,799.2,0.0,0.0,1.0,888.0,-0.0,120,-1.1426462849541341,0.0,118,-21.301532998136917,0.0,120,-38.91291241745515,0.0,118,-42.801972103168325,0.0,118,-53.35708531628697,0.0,120,-22.640582137873004,0.0,0.0,0.526347809704068,0.526347809704068,0.0,-18943.25767124941,-18943.25767124941,1894.852114934645,1894.852114934645,1894.852114934645,0.0,0.0,1180.852114934645,0.0,714
1894.325767124941,0.0,-18943.25767124941,1180.852114934645,7507.313473970184,0.0,-0.0,0.1819822430846286,0.47997237932604736,0.0,799.2,0.0,0.0,1.0,888.0,-0.0,120,-37.892182528488235,0.0,118,-40.40037258705995,0.0,120,-37.57406796606877,0.0,118,-7.06995815014735,0.0,118,-33.31232447749134,0.0,120,-24.557445914954847,0.0,0.0,0.526347809704068,0.526347809704068,0.0,-18943.25767124941,-18943.25767124941,1894.852114934645,1894.852114934645,1894.852114934645,0.0,0.0,1180.852114934645,0.0,714
1894.325767124941,0.0,-18943.25767124941,1180.852114934645,8570.080377411365,0.0,-0.0,0.20774441561610948,0.47997237932604736,0.0,799.2,0.0,0.0,1.0,888.0,-0.0,120,-50.759193174765,0.0,118,-3.3111061493905125,0.0,120,-31.994043353397313,0.0,118,-43.86036460307352,0.0,118,-34.28718256038641,0.0,120,-55.309920448895554,0.0,0.0,0.526347809704068,0.526347809704068,0.0,-18943.25767124941,-18943.25767124941,1894.852114934645,1894.852114934645,1894.852114934645,0.0,0.0,1180.852114934645,0.0,714
1894.325767124941,0.0,-18943.25767124941,1180.852114934645,9632.847280852546,0.0,-0.0,0.23350658814759037,0.47997237932604736,0.0,799.2,0.0,0.0,1.0,888.0,-0.0,120,-46.956583956053706,0.0,118,-0.37000025011436843,0.0,120,-58.24060078396569,0.0,118,-18.998798660133854,0.0,118,-46.86734845214224,0.0,120,-27.63480163348616,0.0,0.0,0.526347809704068,0.526347809704068,0.0,-18943.25767124941,-18943.25767124941,1894.852114934645,1894.852114934645,1894.852114934645,0.0,0.0,1180.852114934645,0.0,714
2191.282630520208,0.0,-21912.826305202077,1477.8914892672265,10695.614184293727,0.0,-0.0,0.2592687606790713,0.47997237932604736,0.0,799.2,0.0,0.0,1.0,888.0,-0.0,120,-21.475421217890734,0.0,118,-24.39018890763258,0.0,120,-1.022892796035788,0.0,118,-15.295215342413888,0.0,118,-35.07684558626323,0.0,120,-53.797448612931355,0.0,0.0,0.608858747018674,0.608858747018674,0.0,-21912.826305202077,-21912.826305202077,2191.8914892672265,2191.8914892672265,2191.8914892672265,0.0,0.0,1477.8914892672265,0.0,714
2191.282630520208,0.0,-21912.826305202077,1477.8914892672265,12025.71652463423,0.0,-0.0,0.2915113209859702,0.47997237932604736,0.0,799.2,0.0,0.0,1.0,888.0,-0.0,120,-4.613857824994303,0.0,118,-56.32085258137541,0.0,120,-28.820892627668776,0.0,118,-52.879042776637085,0.0,118,-31.874680876112357,0.0,120,-42.6853701395915,0.0,0.0,0.608858747018674,0.608858747018674,0.0,-21912.826305202077,-21912.826305202077,2191.8914892672265,2191.8914892672265,2191.8914892672265,0.0,0.0,1477.8914892672265,0.0,714
2191.282630520208,0.0,-21912.826305202077,1477.8914892672265,13355.818864974734,0.0,-0.0,0.3237538812928692,0.47997237932604736,0.0,799.2,0.0,0.0,1.0,888.0,-0.0,120,-2.34192864224531,0.0,118,-56.59586736119854,0.0,120,-3.9255315288926473,0.0,118,-52.691678038966565,0.0,118,-47.41533283754868,0.0,120,-15.981768589621906,0.0,0.0,0.608858747018674,0.608858747018674,0.0,-21912.826305202077,-21912.826305202077,2191.8914892672265,2191.8914892672265,2191.8914892672265,0.0,0.0,1477.8914892672265,0.0,714
2191.282630520208,0.0,-21912.826305202077,1477.8914892672265,14685.921205315237,0.0,-0.0,0.3559964415997682,0.47997237932604736,0.0,799.2,0.0,0.0,1.0,888.0,-0.0,120,-38.404428632663816,0.0,118,-48.92702907885029,0.0,120,-39.678317043403396,0.0,118,-18.841471281584216,0.0,118,-52.802405287789384,0.0,120,-31.58119505074646,0.0,0.0,0.608858747018674,0.608858747018674,0.0,-21912.826305202077,-21912.826305202077,2191.8914892672265,2191.8914892672265,2191.8914892672265,0.0,0.0,1477.8914892672265,0.0,714
2191.282630520208,0.0,-21912.826305202077,1477.8914892672265,16016.02354565574,0.0,-0.0,0.38823900190666716,0.47997237932604736,0.0,799.2,0.0,0.0,1.0,888.0,-0.0,120,-44.9718344538278,0.0,118,-8.246218274918158,0.0,120,-9.296919306884046,0.0,118,-17.24929859533261,0.0,118,-8.310428405154834,0.0,120,-54.08992894343311,0.0,0.0,0.608858747018674,0.608858747018674,0.0,-21912.826305202077,-21912.826305202077,2191.8914892672265,2191.8914892672265,2191.8914892672265,0.0,0.0,1477.8914892672265,0.0,714
2191.282630520208,0.0,-21912.826305202077,1477.8914892672265,17346.125885996244,0.0,-0.0,0.42048156221356614,0.47997237932604736,0.0,799.2,0.0,0.0,1.0,888.0,-0.0,120,-23.606905044112704,0.0,118,-18.159834314996747,0.0,120,-29.5097025482697,0.0,118,-50.89670813617528,0.0,118,-38.449071293309764,0.0,120,-58.39909402017067,0.0,0.0,0.608858747018674,0.608858747018674,0.0,-21912.826305202077,-21912.826305202077,2191.8914892672265,2191.8914892672265,2191.8914892672265,0.0,0.0,1477.8914892672265,0.0,714
2310.72038176775,0.0,-23107.203817677502,1597.3624268863296,18676.22822633675,0.0,-0.0,0.4527241225204651,0.47997237932604736,0.0,799.2,0.0,0.0,1.0,888.0,-0.0,120,-49.72322832834876,0.0,118,-4.536567703333989,0.0,120,-42.717297403890306,0.0,118,-47.36831988131898,0.0,118,-14.230988219788152,0.0,120,-1.9185081216426103,0.0,0.0,0.642045118579536,0.642045118579536,0.0,-23107.203817677502,-23107.203817677502,2311.3624268863296,2311.3624268863296,2311.3624268863296,0.0,0.0,1597.3624268863296,0.0,714
2310.72038176775,0.0,-23107.203817677502,1597.3624268863296,20113.854410534444,0.0,-0.0,0.48757313190639334,0.47997237932604736,0.0,799.2,0.0,0.0,1.0,888.0,-0.0,120,-33.92819540189377,0.0,118,-18.0139230780211,0.0,120,-27.671859298046023,0.0,118,-43.245860103961256,0.0,118,-58.66684729790071,0.0,120,-24.59937341049674,0.0,0.0,0.642045118579536,0.642045118579536,0.0,-23107.203817677502,-23107.203817677502,2311.3624268863296,2311.3624268863296,2311.3624268863296,0.0,0.0,1597.3624268863296,0.0,714
2310.72038176775,0.0,-23107.203817677502,1597.3624268863296,21551.48059473214,0.0,-0.0,0.5224221412923216,0.47997237932604736,0.0,799.2,0.0,0.0,1.0,888.0,-0.0,120,-57.822182361997676,0.0,118,-11.91063807096134,0.0,120,-43.302690578046935,0.0,118,-58.81791622485889,0.0,118,-6.163120301987779,0.0,120,-31.45373652873776,0.0,0.0,0.642045118579536,0.642045118579536,0.0,-23107.203817677502,-23107.203817677502,2311.3624268863296,2311.3624268863296,2311.3624268863296,0.0,0.0,1597.3624268863296,0.0,714
2310.72038176775,0.0,-23107.203817677502,1597.3624268863296,22989.106778929836,0.0,-0.0,0.5572711506782497,0.47997237932604736,0.0,799.2,0.0,0.0,1.0,888.0,-0.0,120,-54.06578526088197,0.0,118,-42.138302490481834,0.0,120,-41.69034588674249,0.0,118,-43.55375238848853,0.0,118,-19.661155561967362,0.0,120,-18.40773572632124,0.0,0.0,0.642045118579536,0.642045118579536,0.0,-23107.203817677502,-23107.203817677502,2311.3624268863296,2311.3624268863296,2311.3624268863296,0.0,0.0,1597.3624268863296,0.0,714
2310.72038176775,0.0,-23107.203817677502,1599.3624268863296,24426.73296312753,0.0,-0.0,0.5921201600641779,0.47997237932604736,0.0,799.2,0.0,0.0,1.0,888.0,-0.0,120,-0.23326112050564562,0.0,118,-26.023266725106254,0.0,118,-7.619137137274484,0.0,118,-59.28147809704956,0.0,118,-5.541801584948427,0.0,120,-49.55427520816203,0.0,0.0,0.642045118579536,0.642045118579536,0.0,-23107.203817677502,-23107.203817677502,2311.3624268863296,2311.3624268863296,2311.3624268863296,0.0,0.0,1599.3624268863296,0.0,712
2310.72038176775,0.0,-23107.203817677502,1537.3624268863296,25866.159147325227,0.0,-0.0,0.6270128026404195,0.47997237932604736,0.0,799.2,0.0,0.0,1.0,888.0,-0.0,120,-19.10396298401164,0.0,118,-14.529202514328798,0.0,118,-23.911151384858286,0.0,118,-22.9642949522488,0.0,180,-22.10708659868645,0.0,120,-5.573635656594926,0.0,0.0,0.642045118579536,0.642045118579536,0.0,-23107.203817677502,-23107.203817677502,2311.3624268863296,2311.3624268863296,2311.3624268863296,0.0,0.0,1537.3624268863296,0.0,774
2192.564178101476,0.0,-21925.64178101476,1419.1733929328461,27249.785331522922,0.0,-0.0,0.6605528163169447,0.47997237932604736,0.0,799.2,0.0,0.0,1.0,888.0,-0.0,120,-35.35564033565505,0.0,118,-14.201359675965053,0.0,118,-18.622684553622733,0.0,118,-20.689710146755367,0.0,180,-36.327100168251675,0.0,120,-23.897901123545036,0.0,0.0,0.609214831370235,0.609214831370235,0.0,-21925.64178101476,-21925.64178101476,2193.173392932846,2193.173392932846,2193.173392932846,0.0,0.0,1419.1733929328461,0.0,774
2192.564178101476,0.0,-21925.64178101476,1421.1733929328461,28527.041385162483,0.0,-0.0,0.6915143476877436,0.47997237932604736,0.0,799.2,0.0,0.0,1.0,888.0,-0.0,120,-22.43488641663103,0.0,118,-51.728635876615876,0.0,118,-4.665773116557686,0.0,118,-45.76656968020832,0.0,180,-50.80586223060534,0.0,118,-24.674199388895968,0.0,0.0,0.609214831370235,0.609214831370235,0.0,-21925.64178101476,-21925.64178101476,2193.173392932846,2193.173392932846,2193.173392932846,0.0,0.0,1421.1733929328461,0.0,772
2192.564178101476,0.0,-21925.64178101476,1421.1733929328461,29806.097438802044,0.0,-0.0,0.7225195122488557,0.47997237932604736,0.0,799.2,0.0,0.0,1.0,888.0,-0.0,120,-39.2553304187238,0.0,118,-42.86470787256283,0.0,118,-15.987410437815226,0.0,118,-28.062594439117095,0.0,180,-48.842257153194815,0.0,118,-24.461528486477306,0.0,0.0,0.609214831370235,0.609214831370235,0.0,-21925.64178101476,-21925.64178101476,2193.173392932846,2193.173392932846,2193.173392932846,0.0,0.0,1421.1733929328461,0.0,772
2192.564178101476,0.0,-21925.64178101476,1421.1733929328461,31085.153492441605,0.0,-0.0,0.7535246768099678,0.47997237932604736,0.0,799.2,0.0,0.0,1.0,888.0,-0.0,120,-23.031276581324278,0.0,118,-56.95146698613061,0.0,118,-8.006051236464735,0.0,118,-43.207098178904154,0.0,180,-15.52044171462316,0.0,118,-53.94298552859475,0.0,0.0,0.609214831370235,0.609214831370235,0.0,-21925.64178101476,-21925.64178101476,2193.173392932846,2193.173392932846,2193.173392932846,0.0,0.0,1421.1733929328461,0.0,772
2192.564178101476,0.0,-21925.64178101476,1421.1733929328461,32364.209546081165,0.0,-0.0,0.7845298413710801,0.47997237932604736,0.0,799.2,0.0,0.0,1.0,888.0,-0.0,120,-33.253273066916535,0.0,118,-3.905504077362254,0.0,118,-9.805115770068877,0.0,118,-51.20559550852543,0.0,180,-37.597060834982535,0.0,118,-36.05112716491452,0.0,0.0,0.609214831370235,0.609214831370235,0.0,-21925.64178101476,-21925.64178101476,2193.173392932846,2193.173392932846,2193.173392932846,0.0,0.0,1421.1733929328461,0.0,772
2192.564178101476,0.0,-21925.64178101476,1421.1733929328461,33643.265599720726,0.0,-0.0,0.8155350059321922,0.47997237932604736,0.0,799.2,0.0,0.0,1.0,888.0,-0.0,120,-23.121512384349487,0.0,118,-13.003412507885157,0.0,118,-38.67480928904902,0.0,118,-28.818975447431786,0.0,180,-24.437830435633117,0.0,118,-6.793282394295879,0.0,0.0,0.609214831370235,0.609214831370235,0.0,-21925.64178101476,-21925.64178101476,2193.173392932846,2193.173392932846,2193.173392932846,0.0,0.0,1421.1733929328461,0.0,772
1885.20570038856,0.0,-18852.0570038856,1113.7295141424884,34922.32165336029,0.0,-0.0,0.8465401704933044,0.47997237932604736,0.0,799.2,0.0,0.0,1.0,888.0,-0.0,120,-12.224013106200351,0.0,118,-49.86430877046889,0.0,118,-9.031752971367428,0.0,118,-5.908284130847992,0.0,180,-37.88200005160113,0.0,118,-56.13339283496844,0.0,0.0,0.523813753928469,0.523813753928469,0.0,-18852.0570038856,-18852.0570038856,1885.7295141424884,1885.7295141424884,1885.7295141424884,0.0,0.0,1113.7295141424884,0.0,772
1885.20570038856,0.0,-18852.0570038856,1113.7295141424884,35924.67821608853,0.0,-0.0,0.870837956417437,0.47997237932604736,0.0,799.2,0.0,0.0,1.0,888.0,-0.0,120,-41.56683894431679,0.0,118,-10.764986601844894,0.0,118,-45.30488287114963,0.0,118,-45.909841688305676,0.0,180,-7.577889283343695,0.0,118,-25.53859840904766,0.0,0.0,0.523813753928469,0.523813753928469,0.0,-18852.0570038856,-18852.0570038856,1885.7295141424884,1885.7295141424884,1885.7295141424884,0.0,0.0,1113.7295141424884,0.0,772
1885.20570038856,0.0,-18852.0570038856,1113.7295141424884,36927.034778816764,0.0,-0.0,0.8951357423415695,0.47997237932604736,0.0,799.2,0.0,0.0,1.0,888.0,-0.0,120,-32.490899030688524,0.0,118,-27.484985160686538,0.0,118,-34.872993021883374,0.0,118,-20.716408184875764,0.0,180,-57.49596720318863,0.0,118,-42.95054762084644,0.0,0.0,0.523813753928469,0.523813753928469,0.0,-18852.0570038856,-18852.0570038856,1885.7295141424884,1885.7295141424884,1885.7295141424884,0.0,0.0,1113.7295141424884,0.0,772
1885.20570038856,0.0,-18852.0570038856,1113.7295141424884,37929.391341545,0.0,-0.0,0.9194335282657019,0.47997237932604736,0.0,799.2,0.0,0.0,1.0,888.0,-0.0,120,-42.751213567619324,0.0,118,-19.328751588946375,0.0,118,-2.2769847818204325,0.0,118,-8.09963394959604,0.0,180,-19.017514651215713,0.0,118,-26.64192548642474,0.0,0.0,0.523813753928469,0.523813753928469,0.0,-18852.0570038856,-18852.0570038856,1885.7295141424884,1885.7295141424884,1885.7295141424884,0.0,0.0,1113.7295141424884,0.0,772
1885.20570038856,0.0,-18852.0570038856,1113.7295141424884,38931.74790427324,0.0,-0.0,0.9437313141898344,0.47997237932604736,0.0,799.2,0.0,0.0,1.0,888.0,-0.0,120,-54.45574130098109,0.0,118,-39.70145034162289,0.0,118,-26.78833278531175,0.0,118,-21.947722201533026,0.0,180,-22.844876720776067,0.0,118,-40.24475334657261,0.0,0.0,0.523813753928469,0.523813753928469,0.0,-18852.0570038856,-18852.0570038856,1885.7295141424884,1885.7295141424884,1885.7295141424884,0.0,0.0,1113.7295141424884,0.0,772
1885.20570038856,0.0,-18852.0570038856,1113.7295141424884,39934.104467001474,0.0,-0.0,0.9680291001139668,0.47997237932604736,0.0,799.2,0.0,0.0,1.0,888.0,-0.0,120,-53.573519151894764,0.0,118,-29.26849629793162,0.0,118,-34.432573195802505,0.0,118,-39.75727859101174,0.0,180,-38.78444736980194,0.0,118,-1.9739357114879286,0.0,0.0,0.523813753928469,0.523813753928469,0.0,-18852.0570038856,-18852.0570038856,1885.7295141424884,1885.7295141424884,1885.7295141424884,0.0,0.0,1113.7295141424884,0.0,772
1337.756920269908,0.0,-13377.56920269908,351.70996696698745,40936.46102972971,0.0,-0.0,0.9923268860380994,0.47997237932604736,0.0,799.2,214.41865569810528,0.0,1.0,888.0,171363.38963392575,120,-48.68742435459379,0.0,118,-36.680067653678186,0.0,118,-51.34519477966681,0.0,118,-20.831940044436237,0.0,180,-22.183745715361542,0.0,118,-23.324934775305184,0.0,0.0,0.371702395184748,0.371702395184748,0.0,157985.82043122666,157985.82043122666,1338.1286226650927,1338.1286226650927,1338.1286226650927,0.0,0.0,566.1286226650927,0.0,772
1337.756920269908,0.0,-13377.56920269908,0.0,41253.0,0.0,-0.0,1.0,0.47997237932604736,0.0,799.2,566.1286226650927,0.0,1.0,888.0,452449.9952339421,120,-8.595776186086857,0.0,118,-39.24248460885085,0.0,118,-4.570156792960212,0.0,118,-40.825591641476144,0.0,180,-3.7933074429431657,0.0,118,-2.2638120015037866,0.0,0.0,0.371702395184748,0.371702395184748,0.0,439072.42603124306,439072.42603124306,1338.1286226650927,1338.1286226650927,1338.1286226650927,0.0,0.0,566.1286226650927,0.0,772
1337.756920269908,0.0,-13377.56920269908,0.0,41253.0,0.0,-0.0,1.0,0.47997237932604736,0.0,799.2,566.1286226650927,0.0,1.0,888.0,452449.9952339421,120,-23.496818270192726,0.0,118,-46.45295320679557,0.0,118,-23.083065902239742,0.0,118,-14.631130182813504,0.0,180,-0.6047757531000442,0.0,118,-55.56569498189393,0.0,0.0,0.371702395184748,0.371702395184748,0.0,439072.42603124306,439072.42603124306,1338.1286226650927,1338.1286226650927,1338.1286226650927,0.0,0.0,566.1286226650927,0.0,772
1337.756920269908,0.0,-13377.56920269908,0.0,41253.0,0.0,-0.0,1.0,0.47997237932604736,0.0,799.2,566.1286226650927,0.0,1.0,888.0,452449.9952339421,120,-20.568895559456514,0.0,118,-4.151863169591592,0.0,118,-59.50699901463181,0.0,118,-29.006952323410992,0.0,180,-14.913854601071993,0.0,118,-3.329475043267456,0.0,0.0,0.371702395184748,0.371702395184748,0.0,439072.42603124306,439072.42603124306,1338.1286226650927,1338.1286226650927,1338.1286226650927,0.0,0.0,566.1286226650927,0.0,772
1337.756920269908,0.0,-13377.56920269908,0.0,41253.0,0.0,-0.0,1.0,0.47997237932604736,0.0,799.2,566.1286226650927,0.0,1.0,888.0,452449.9952339421,120,-12.203366615503544,0.0,118,-47.69776134308479,0.0,118,-0.7262224685062768,0.0,118,-9.001282796588,0.0,180,-6.261488312795449,0.0,118,-44.38596144593881,0.0,0.0,0.371702395184748,0.371702395184748,0.0,439072.42603124306,439072.42603124306,1338.1286226650927,1338.1286226650927,1338.1286226650927,0.0,0.0,566.1286226650927,0.0,772
1337.756920269908,0.0,-13377.56920269908,0.0,41253.0,0.0,-0.0,1.0,0.47997237932604736,0.0,799.2,566.1286226650927,0.0,1.0,888.0,452449.9952339421,120,-5.149998897534214,0.0,118,-0.8035216077689822,0.0,118,-4.665888761669099,0.0,118,-53.89881653239982,0.0,180,-45.61878515535179,0.0,118,-45.28417306053581,0.0,0.0,0.371702395184748,0.371702395184748,0.0,439072.42603124306,439072.42603124306,1338.1286226650927,1338.1286226650927,1338.1286226650927,0.0,0.0,566.1286226650927,0.0,772
619.1957929624127,0.0,-6191.957929624127,0.0,41253.0,152.63216041548048,-0.0,1.0,0.47997237932604736,0.0,799.2,0.0,0.0,1.0,888.0,-0.0,120,-55.26541448425823,0.0,118,-40.88642482229383,0.0,118,-36.22799020280611,0.0,118,-2.677481091697018,0.0,180,-21.846707815395195,0.0,118,-29.70368787811492,0.0,0.0,0.172046622106811,0.172046622106811,0.0,-6191.957929624127,-6191.957929624127,772.0,772.0,619.3678395845195,0.0,152.63216041548048,0.0,0.0,772
619.1957929624127,0.0,-6191.957929624127,0.0,41083.40871064946,152.63216041548048,-0.0,0.9958889949979265,0.47997237932604736,0.0,799.2,0.0,0.0,1.0,888.0,-0.0,120,-21.97070093934058,0.0,118,-29.853272701775346,0.0,118,-10.02053000811727,0.0,118,-7.221418796289624,0.0,180,-47.97857381691115,0.0,118,-44.350158526215544,0.0,0.0,0.172046622106811,0.172046622106811,0.0,-6191.957929624127,-6191.957929624127,772.0,772.0,619.3678395845195,0.0,152.63216041548048,0.0,0.0,772
619.1957929624127,0.0,-6191.957929624127,0.0,40913.817421298925,152.63216041548048,-0.0,0.991777989995853,0.47997237932604736,0.0,799.2,0.0,0.0,1.0,888.0,-0.0,120,-52.775629252443416,0.0,118,-5.835889685612232,0.0,118,-45.19794666293343,0.0,118,-30.512052478601547,0.0,180,-38.46237284386166,0.0,118,-30.790031616493415,0.0,0.0,0.172046622106811,0.172046622106811,0.0,-6191.957929624127,-6191.957929624127,772.0,772.0,619.3678395845195,0.0,152.63216041548048,0.0,0.0,772
619.1957929624127,0.0,-6191.957929624127,0.0,40744.22613194839,152.63216041548048,-0.0,0.9876669849937796,0.47997237932604736,0.0,799.2,0.0,0.0,1.0,888.0,-0.0,120,-50.44783685498632,0.0,118,-7.515863644786731,0.0,118,-27.509159676208043,0.0,118,-56.37002916396558,0.0,180,-50.72570134375886,0.0,118,-39.910248373318694,0.0,0.0,0.172046622106811,0.172046622106811,0.0,-6191.957929624127,-6191.957929624127,772.0,772.0,619.3678395845195,0.0,152.63216041548048,0.0,0.0,772
619.1957929624127,0.0,-6191.957929624127,0.0,40574.63484259785,152.63216041548048,-0.0,0.9835559799917061,0.47997237932604736,0.0,799.2,0.0,0.0,1.0,888.0,-0.0,120,-37.38639312771959,0.0,118,-47.93039374341346,0.0,118,-40.51913424997114,0.0,118,-26.546332536284662,0.0,180,-38.87487333654289,0.0,118,-59.227859981906164,0.0,0.0,0.172046622106811,0.172046622106811,0.0,-6191.957929624127,-6191.957929624127,772.0,772.0,619.3678395845195,0.0,152.63216041548048,0.0,0.0,772
619.1957929624127,0.0,-6191.957929624127,0.0,40405.04355324731,152.63216041548048,-0.0,0.9794449749896326,0.47997237932604736,0.0,799.2,0.0,0.0,1.0,888.0,-0.0,120,-10.040704437098613,0.0,118,-55.03729738365915,0.0,118,-52.34253221999778,0.0,118,-43.707334789365376,0.0,180,-1.0271077218444047,0.0,118,-7.26650557202545,0.0,0.0,0.172046622106811,0.172046622106811,0.0,-6191.957929624127,-6191.957929624127,772.0,772.0,619.3678395845195,0.0,152.63216041548048,0.0,0.0,772
60.69481455368845,0.0,-606.9481455368846,0.0,40235.452263896776,711.2883210910591,-0.0,0.9753339699875591,0.47997237932604736,0.0,799.2,0.0,0.0,1.0,888.0,-0.0,120,-33.78132275263103,0.0,118,-10.74539763915599,0.0,118,-57.77430405261745,0.0,118,-47.08267207379756,0.0,180,-20.716687011992477,0.0,118,-14.71557969456844,0.0,0.0,0.0168643552524836,0.0168643552524836,0.0,-606.9481455368846,-606.9481455368846,772.0,772.0,60.71167890894094,0.0,711.2883210910591,0.0,0.0,772
60.69481455368845,0.0,-606.9481455368846,0.0,39445.13190712893,711.2883210910591,-0.0,0.9561760819123198,0.47997237932604736,0.0,799.2,0.0,0.0,1.0,888.0,-0.0,120,-37.066419653075975,0.0,118,-53.91687893843254,0.0,118,-13.337037562490309,0.0,118,-55.55983105878758,0.0,180,-42.80677836509096,0.0,118,-20.847010548962444,0.0,0.0,0.0168643552524836,0.0168643552524836,0.0,-606.9481455368846,-606.9481455368846,772.0,772.0,60.71167890894094,0.0,711.2883210910591,0.0,0.0,772
60.69481455368845,0.0,-606.9481455368846,0.0,38654.81155036109,711.2883210910591,-0.0,0.9370181938370807,0.47997237932604736,0.0,799.2,0.0,0.0,1.0,888.0,-0.0,120,-46.27679061604486,0.0,118,-23.494177341882096,0.0,118,-20.654655809580905,0.0,118,-1.8829543913216917,0.0,180,-18.31119013210988,0.0,118,-49.54559974030868,0.0,0.0,0.0168643552524836,0.0168643552524836,0.0,-606.9481455368846,-606.9481455368846,772.0,772.0,60.71167890894094,0.0,711.2883210910591,0.0,0.0,772
60.69481455368845,0.0,-606.9481455368846,0.0,37864.49119359325,711.2883210910591,-0.0,0.9178603057618415,0.47997237932604736,0.0,799.2,0.0,0.0,1.0,888.0,-0.0,120,-2.9243831028220835,0.0,118,-15.965198182729313,0.0,118,-38.933991672587865,0.0,118,-48.87746390600368,0.0,180,-36.205216937085424,0.0,118,-52.75253226428153,0.0,0.0,0.0168643552524836,0.0168643552524836,0.0,-606.9481455368846,-606.9481455368846,772.0,772.0,60.71167890894094,0.0,711.2883210910591,0.0,0.0,772
60.69481455368845,0.0,-606.9481455368846,0.0,37074.170836825404,711.2883210910591,-0.0,0.8987024176866023,0.47997237932604736,0.0,799.2,0.0,0.0,1.0,888.0,-0.0,120,-17.696864211480936,0.0,118,-56.11779697660419,0.0,118,-3.5652792085854523,0.0,118,-57.793401158541656,0.0,180,-43.22931739586268,0.0,118,-37.98196072713885,0.0,0.0,0.0168643552524836,0.0168643552524836,0.0,-606.9481455368846,-606.9481455368846,772.0,772.0,60.71167890894094,0.0,711.2883210910591,0.0,0.0,772
60.69481455368845,0.0,-606.9481455368846,0.0,36283.85048005756,711.2883210910591,-0.0,0.8795445296113631,0.47997237932604736,0.0,799.2,0.0,0.0,1.0,888.0,-0.0,120,-23.642113532064556,0.0,118,-4.5885205837010945,0.0,118,-33.55152813944361,0.0,118,-46.18983931705057,0.0,180,-12.240011024377681,0.0,118,-21.263591988145226,0.0,0.0,0.0168643552524836,0.0168643552524836,0.0,-606.9481455368846,-606.9481455368846,772.0,772.0,60.71167890894094,0.0,711.2883210910591,0.0,0.0,772
0.0,0.0,-0.0,0.0,35493.53012328972,772.0,-0.0,0.8603866415361239,0.47997237932604736,0.0,799.2,0.0,0.0,1.0,888.0,-0.0,120,-47.77451821747636,0.0,118,-48.08829778966599,0.0,118,-9.978883321157792,0.0,118,-32.098623414402766,0.0,180,-10.923428352736764,0.0,118,-44.503321857462936,0.0,0.0,0.0,0.0,0.0,0.0,0.0,772.0,772.0,0.0,0.0,772.0,0.0,0.0,772
0.0,0.0,-0.0,0.0,34635.75234551194,772.0,-0.0,0.8395935409670069,0.47997237932604736,0.0,799.2,0.0,0.0,1.0,888.0,-0.0,120,-59.63688153690685,0.0,118,-2.8444437574137216,0.0,118,-50.162499414324465,0.0,118,-11.593005115083965,0.0,180,-28.70199849947465,0.0,118,-46.08172646915478,0.0,0.0,0.0,0.0,0.0,0.0,0.0,772.0,772.0,0.0,0.0,772.0,0.0,0.0,772
0.0,0.0,-0.0,0.0,33777.974567734156,772.0,-0.0,0.81880044039789,0.47997237932604736,0.0,799.2,0.0,0.0,1.0,888.0,-0.0,120,-13.104098299600015,0.0,118,-52.57239363729825,0.0,118,-37.24465067185416,0.0,118,-18.126512393856906,0.0,180,-54.064438399755225,0.0,118,-54.78163554937974,0.0,0.0,0.0,0.0,0.0,0.0,0.0,772.0,772.0,0.0,0.0,772.0,0.0,0.0,772
0.0,0.0,-0.0,0.0,32920.196789956375,772.0,-0.0,0.798007339828773,0.47997237932604736,0.0,799.2,0.0,0.0,1.0,888.0,-0.0,120,-48.373051474348564,0.0,118,-54.601021126829565,0.0,118,-53.54554855758566,0.0,118,-12.129618507090301,0.0,180,-25.08970219669138,0.0,118,-20.28005573759669,0.0,0.0,0.0,0.0,0.0,0.0,0.0,772.0,772.0,0.0,0.0,772.0,0.0,0.0,772
0.0,0.0,-0.0,0.0,32062.419012178598,772.0,-0.0,0.7772142392596562,0.47997237932604736,0.0,799.2,0.0,0.0,1.0,888.0,-0.0,120,-53.48007097978257,0.0,118,-11.8893859367438,0.0,118,-20.980706847019515,0.0,118,-14.64341949599522,0.0,180,-9.518491682201498,0.0,118,-36.966058150458906,0.0,0.0,0.0,0.0,0.0,0.0,0.0,772.0,772.0,0.0,0.0,772.0,0.0,0.0,772
0.0,0.0,-0.0,0.0,31204.64123440082,772.0,-0.0,0.7564211386905394,0.47997237932604736,0.0,799.2,0.0,0.0,1.0,888.0,-0.0,120,-3.2217407051217894,0.0,118,-16.941618946197735,0.0,118,-30.238730577085754,0.0,118,-34.964779960538834,0.0,180,-3.3983598590225994,0.0,118,-8.028636506858742,0.0,0.0,0.0,0.0,0.0,0.0,0.0,772.0,772.0,0.0,0.0,772.0,0.0,0.0,772
0.0,0.0,-0.0,0.0,30346.863456623043,710.0,-0.0,0.7356280381214225,0.47997237932604736,0.0,799.2,0.0,0.0,1.0,888.0,-0.0,120,-13.204227494734802,0.0,118,-38.97440655639004,0.0,118,-39.11004161397476,0.0,118,-1.758417877481564,0.0,118,-40.54983627572358,0.0,118,-18.07003526457636,0.0,0.0,0.0,0.0,0.0,0.0,0.0,710.0,710.0,0.0,0.0,710.0,0.0,0.0,710
0.0,0.0,-0.0,0.0,29557.974567734153,710.0,-0.0,0.7165048497741777,0.47997237932604736,0.0,799.2,0.0,0.0,1.0,888.0,-0.0,120,-23.89823558054621,0.0,118,-28.76872118964006,0.0,118,-50.707518163403364,0.0,118,-12.663067681434114,0.0,118,-2.993539697740435,0.0,118,-1.1613215570593316,0.0,0.0,0.0,0.0,0.0,0.0,0.0,710.0,710.0,0.0,0.0,710.0,0.0,0.0,710
0.0,0.0,-0.0,0.0,28769.085678845262,710.0,-0.0,0.6973816614269329,0.47997237932604736,0.0,799.2,0.0,0.0,1.0,888.0,-0.0,120,-36.00285221269651,0.0,118,-57.10247157302365,0.0,118,-53.08665011148214,0.0,118,-29.716175914006048,0.0,118,-12.40784660327964,0.0,118,-13.84440929820112,0.0,0.0,0.0,0.0,0.0,0.0,0.0,710.0,710.0,0.0,0.0,710.0,0.0,0.0,710
0.0,0.0,-0.0,0.0,27980.19678995637,710.0,-0.0,0.678258473079688,0.47997237932604736,0.0,799.2,0.0,0.0,1.0,888.0,-0.0,120,-59.211976114486646,0.0,118,-27.55420387971772,0.0,118,-58.42199622515151,0.0,118,-50.391654137877175,0.0,118,-39.100953270879266,0.0,118,-46.87747874597811,0.0,0.0,0.0,0.0,0.0,0.0,0.0,710.0,710.0,0.0,0.0,710.0,0.0,0.0,710
0.0,0.0,-0.0,0.0,27191.30790106748,710.0,-0.0,0.6591352847324432,0.47997237932604736,0.0,799.2,0.0,0.0,1.0,888.0,-0.0,120,-57.59992395251941,0.0,118,-16.69494023053477,0.0,118,-52.11954185671671,0.0,118,-58.624992468432104,0.0,118,-10.063882829017434,0.0,118,-55.70960112145251,0.0,0.0,0.0,0.0,0.0,0.0,0.0,710.0,710.0,0.0,0.0,710.0,0.0,0.0,710
0.0,0.0,-0.0,0.0,26402.41901217859,710.0,-0.0,0.6400120963851984,0.47997237932604736,0.0,799.2,0.0,0.0,1.0,888.0,-0.0,120,-53.32221185303037,0.0,118,-4.318196579221379,0.0,118,-42.19614044956267,0.0,118,-38.227841057311366,0.0,118,-34.06333070207613,0.0,118,-56.311011596564256,0.0,0.0,0.0,0.0,0.0,0.0,0.0,710.0,710.0,0.0,0.0,710.0,0.0,0.0,710
0.0,0.0,-0.0,0.0,25613.5301232897,710.0,-0.0,0.6208889080379536,0.47997237932604736,0.0,799.2,0.0,0.0,1.0,888.0,-0.0,120,-28.579660599235723,0.0,118,-51.70802109750081,0.0,118,-21.013257254626478,0.0,118,-51.30212251806991,0.0,118,-46.12256750267648,0.0,118,-1.5267480457829286,0.0,0.0,0.0,0.0,0.0,0.0,0.0,710.0,710.0,0.0,0.0,710.0,0.0,0.0,710
0.0,0.0,-0.0,0.0,24824.64123440081,710.0,-0.0,0.6017657196907088,0.47997237932604736,0.0,799.2,0.0,0.0,1.0,888.0,-0.0,120,-48.99765129687829,0.0,118,-33.710535410531,0.0,118,-39.607731162901494,0.0,118,-4.859868711845796,0.0,118,-11.753802001333222,0.0,118,-38.851991221427625,0.0,0.0,0.0,0.0,0.0,0.0,0.0,710.0,710.0,0.0,0.0,710.0,0.0,0.0,710
0.0,0.0,-0.0,0.0,24035.75234551192,710.0,-0.0,0.582642531343464,0.47997237932604736,0.0,799.2,0.0,0.0,1.0,888.0,-0.0,120,-9.002838386834817,0.0,118,-5.267703938191371,0.0,118,-10.761487614750111,0.0,118,-50.10937113020932,0.0,118,-25.091306252404976,0.0,118,-21.141605117136788,0.0,0.0,0.0,0.0,0.0,0.0,0.0,710.0,710.0,0.0,0.0,710.0,0.0,0.0,710
0.0,0.0,-0.0,0.0,23246.86345662303,710.0,-0.0,0.5635193429962192,0.47997237932604736,0.0,799.2,0.0,0.0,1.0,888.0,-0.0,120,-3.0246935125023056,0.0,118,-29.29054159485633,0.0,118,-41.64331175478385,0.0,118,-49.49914347898349,0.0,118,-37.41538902086256,0.0,118,-45.513111205158374,0.0,0.0,0.0,0.0,0.0,0.0,0.0,710.0,710.0,0.0,0.0,710.0,0.0,0.0,710
0.0,0.0,-0.0,0.0,22457.974567734138,710.0,-0.0,0.5443961546489743,0.47997237932604736,0.0,799.2,0.0,0.0,1.0,888.0,-0.0,120,-59.30075511060349,0.0,118,-15.273221700538723,0.0,118,-40.49870978308642,0.0,118,-35.72720930731681,0.0,118,-27.675233913440426,0.0,118,-38.21997460329102,0.0,0.0,0.0,0.0,0.0,0.0,0.0,710.0,710.0,0.0,0.0,710.0,0.0,0.0,710
0.0,0.0,-0.0,0.0,21669.085678845247,710.0,-0.0,0.5252729663017295,0.47997237932604736,0.0,799.2,0.0,0.0,1.0,888.0,-0.0,120,-7.146750873648351,0.0,118,-5.338516879325046,0.0,118,-16.403129295472972,0.0,118,-36.49843550892759,0.0,118,-37.758483084060785,0.0,118,-14.921238034772495,0.0,0.0,0.0,0.0,0.0,0.0,0.0,710.0,710.0,0.0,0.0,710.0,0.0,0.0,710
0.0,0.0,-0.0,0.0,20880.196789956357,710.0,-0.0,0.5061497779544847,0.47997237932604736,0.0,799.2,0.0,0.0,1.0,888.0,-0.0,120,-57.61229544283618,0.0,118,-12.575825104928223,0.0,118,-5.059054538114047,0.0,118,-51.10980196457883,0.0,118,-1.060595628633605,0.0,118,-1.8397645684030195,0.0,0.0,0.0,0.0,0.0,0.0,0.0,710.0,710.0,0.0,0.0,710.0,0.0,0.0,710
0.0,0.0,-0.0,0.0,20091.307901067466,710.0,-0.0,0.4870265896072399,0.47997237932604736,0.0,799.2,0.0,0.0,1.0,888.0,-0.0,120,-32.31310066920563,0.0,118,-22.252112369979915,0.0,118,-6.2521976696405535,0.0,118,-41.64635269592779,0.0,118,-2.7849210560557314,0.0,118,-2.367924386320681,0.0,0.0,0.0,0.0,0.0,0.0,0.0,710.0,710.0,0.0,0.0,710.0,0.0,0.0,710
0.0,0.0,-0.0,0.0,19302.419012178576,710.0,-0.0,0.4679034012599951,0.47997237932604736,0.0,799.2,0.0,0.0,1.0,888.0,-0.0,120,-40.471809974655564,0.0,118,-34.65273344149435,0.0,118,-5.73556211660595,0.0,118,-51.87151673228747,0.0,118,-56.68780770487371,0.0,118,-12.545995039820216,0.0,0.0,0.0,0.0,0.0,0.0,0.0,710.0,710.0,0.0,0.0,710.0,0.0,0.0,710
0.0,0.0,-0.0,0.0,18513.530123289685,710.0,-0.0,0.4487802129127502,0.47997237932604736,0.0,799.2,0.0,0.0,1.0,888.0,-0.0,120,-18.79294321507951,0.0,118,-13.895774862532665,0.0,118,-7.517718953277484,0.0,118,-2.3125964357949846,0.0,118,-30.54335231900609,0.0,118,-26.10745511865644,0.0,0.0,0.0,0.0,0.0,0.0,0.0,710.0,710.0,0.0,0.0,710.0,0.0,0.0,710
0.0,0.0,-0.0,0.0,17724.641234400795,710.0,-0.0,0.4296570245655054,0.47997237932604736,0.0,799.2,0.0,0.0,1.0,888.0,-0.0,120,-34.15552002453378,0.0,118,-48.891416077998855,0.0,118,-24.0263806958086,0.0,118,-31.867111334416233,0.0,118,-53.0060773576393,0.0,118,-9.05481763238428,0.0,0.0,0.0,0.0,0.0,0.0,0.0,710.0,710.0,0.0,0.0,710.0,0.0,0.0,710
0.0,0.0,-0.0,0.0,16935.752345511904,710.0,-0.0,0.4105338362182606,0.47997237932604736,0.0,799.2,0.0,0.0,1.0,888.0,-0.0,120,-55.692683252442436,0.0,118,-5.258903850720909,0.0,118,-57.09975512051071,0.0,118,-11.214414406152818,0.0,118,-33.342954474684205,0.0,118,-18.38926413330529,0.0,0.0,0.0,0.0,0.0,0.0,0.0,710.0,710.0,0.0,0.0,710.0,0.0,0.0,710
0.0,0.0,-0.0,0.0,16146.863456623016,710.0,-0.0,0.3914106478710158,0.47997237932604736,0.0,799.2,0.0,0.0,1.0,888.0,-0.0,120,-2.101979349467704,0.0,118,-23.839454849954887,0.0,118,-41.43672617674551,0.0,118,-30.887065701405078,0.0,118,-11.418254364344635,0.0,118,-26.988104479499416,0.0,0.0,0.0,0.0,0.0,0.0,0.0,710.0,710.0,0.0,0.0,710.0,0.0,0.0,710
0.0,0.0,-0.0,0.0,15357.974567734127,710.0,-0.0,0.37228745952377107,0.47997237932604736,0.0,799.2,0.0,0.0,1.0,888.0,-0.0,120,-5.010123170441155,0.0,118,-9.497145108305405,0.0,118,-21.24053105736604,0.0,118,-36.97743573143248,0.0,118,-57.2024390998478,0.0,118,-37.6179704474705,0.0,0.0,0.0,0.0,0.0,0.0,0.0,710.0,710.0,0.0,0.0,710.0,0.0,0.0,710
0.0,0.0,-0.0,0.0,14569.085678845238,710.0,-0.0,0.35316427117652627,0.47997237932604736,0.0,799.2,0.0,0.0,1.0,888.0,-0.0,120,-40.57805359207979,0.0,118,-54.729848158238475,0.0,118,-15.865733444352344,0.0,118,-27.702827120441206,0.0,118,-45.786538126539384,0.0,118,-57.26543104131181,0.0,0.0,0.0,0.0,0.0,0.0,0.0,710.0,710.0,0.0,0.0,710.0,0.0,0.0,710
0.0,0.0,-0.0,0.0,13780.19678995635,710.0,-0.0,0.3340410828292815,0.47997237932604736,0.0,799.2,0.0,0.0,1.0,888.0,-0.0,120,-46.15174389105559,0.0,118,-54.39139969243069,0.0,118,-42.73555585938193,0.0,118,-51.67579233453796,0.0,118,-9.850437170592167,0.0,118,-50.963095932700845,0.0,0.0,0.0,0.0,0.0,0.0,0.0,710.0,710.0,0.0,0.0,710.0,0.0,0.0,710
0.0,0.0,-0.0,0.0,12991.307901067461,710.0,-0.0,0.3149178944820367,0.47997237932604736,0.0,799.2,0.0,0.0,1.0,888.0,-0.0,120,-24.366643027934366,0.0,118,-53.99676812953824,0.0,118,-10.618017378224403,0.0,118,-33.54973188808015,0.0,118,-4.506662859917771,0.0,118,-44.23918732430301,0.0,0.0,0.0,0.0,0.0,0.0,0.0,710.0,710.0,0.0,0.0,710.0,0.0,0.0,710
0.0,0.0,-0.0,0.0,12202.419012178572,710.0,-0.0,0.295794706134792,0.47997237932604736,0.0,799.2,0.0,0.0,1.0,888.0,-0.0,120,-4.388843320873217,0.0,118,-32.88385064939259,0.0,118,-53.84366534880978,0.0,118,-45.162211789301836,0.0,118,-30.37675539429371,0.0,118,-55.98298875676054,0.0,0.0,0.0,0.0,0.0,0.0,0.0,710.0,710.0,0.0,0.0,710.0,0.0,0.0,710
0.0,0.0,-0.0,0.0,11413.530123289684,710.0,-0.0,0.27667151778754717,0.47997237932604736,0.0,799.2,0.0,0.0,1.0,888.0,-0.0,120,-11.479938558663129,0.0,118,-34.47449968055665,0.0,118,-13.58352830303425,0.0,118,-41.2217810264911,0.0,118,-16.90613048647814,0.0,118,-20.22360095110734,0.0,0.0,0.0,0.0,0.0,0.0,0.0,710.0,710.0,0.0,0.0,710.0,0.0,0.0,710
0.0,0.0,-0.0,0.0,10624.641234400795,710.0,-0.0,0.2575483294403024,0.47997237932604736,0.0,799.2,0.0,0.0,1.0,888.0,-0.0,120,-41.19397550844327,0.0,118,-15.349075327929395,0.0,118,-4.611621821395886,0.0,118,-31.040432122999288,0.0,118,-33.69052735269391,0.0,118,-42.570983664178506,0.0,0.0,0.0,0.0,0.0,0.0,0.0,710.0,710.0,0.0,0.0,710.0,0.0,0.0,710
0.0,0.0,-0.0,0.0,9835.752345511906,710.0,-0.0,0.23842514109305762,0.47997237932604736,0.0,799.2,0.0,0.0,1.0,888.0,-0.0,120,-58.818348064723416,0.0,118,-24.985858051102024,0.0,118,-2.673231254991888,0.0,118,-8.411747163512839,0.0,118,-4.166784478465155,0.0,118,-39.10173865465751,0.0,0.0,0.0,0.0,0.0,0.0,0.0,710.0,710.0,0.0,0.0,710.0,0.0,0.0,710
0.0,0.0,-0.0,0.0,9046.863456623018,710.0,-0.0,0.21930195274581285,0.47997237932604736,0.0,799.2,0.0,0.0,1.0,888.0,-0.0,120,-23.573999272178984,0.0,118,-46.888172559208954,0.0,118,-27.136536020346185,0.0,118,-23.80055592696522,0.0,118,-14.057606245831247,0.0,118,-38.50155502413721,0.0,0.0,0.0,0.0,0.0,0.0,0.0,710.0,710.0,0.0,0.0,710.0,0.0,0.0,710
0.0,0.0,-0.0,0.0,8257.974567734129,710.0,-0.0,0.20017876439856808,0.47997237932604736,0.0,799.2,0.0,0.0,1.0,888.0,-0.0,120,-15.246515608910833,0.0,118,-59.547939601138665,0.0,118,-34.49798491576004,0.0,118,-22.963504808936047,0.0,118,-38.24235936237328,0.0,118,-22.53923900932921,0.0,0.0,0.0,0.0,0.0,0.0,0.0,710.0,710.0,0.0,0.0,710.0,0.0,0.0,710
0.0,0.0,-0.0,0.0,7469.08567884524,710.0,-0.0,0.1810555760513233,0.47997237932604736,0.0,799.2,0.0,0.0,1.0,888.0,-0.0,120,-19.106267588352225,0.0,118,-44.62743961875594,0.0,118,-44.21383784293179,0.0,118,-39.090049375541234,0.0,118,-15.98988616683138,0.0,118,-24.248423090741756,0.0,0.0,0.0,0.0,0.0,0.0,0.0,710.0,710.0,0.0,0.0,710.0,0.0,0.0,710
0.0,0.0,-0.0,0.0,6680.1967899563515,710.0,-0.0,0.16193238770407853,0.47997237932604736,0.0,799.2,0.0,0.0,1.0,888.0,-0.0,120,-57.722579369164734,0.0,118,-41.30662517153152,0.0,118,-30.345205430972456,0.0,118,-34.22794377838558,0.0,118,-23.719132437399306,0.0,118,-25.76194911296279,0.0,0.0,0.0,0.0,0.0,0.0,0.0,710.0,710.0,0.0,0.0,710.0,0.0,0.0,710
0.0,0.0,-0.0,0.0,5891.307901067463,710.0,-0.0,0.14280919935683375,0.47997237932604736,0.0,799.2,0.0,0.0,1.0,888.0,-0.0,120,-39.81023499042653,0.0,118,-57.463098905271245,0.0,118,-4.148584865420844,0.0,118,-29.69767792856112,0.0,118,-24.263887245210306,0.0,118,-20.782213617178282,0.0,0.0,0.0,0.0,0.0,0.0,0.0,710.0,710.0,0.0,0.0,710.0,0.0,0.0,710
0.0,0.0,-0.0,0.0,5102.419012178574,710.0,-0.0,0.12368601100958898,0.47997237932604736,0.0,799.2,0.0,0.0,1.0,888.0,-0.0,120,-54.59118613497133,0.0,118,-37.2466879510976,0.0,118,-46.32966106069026,0.0,118,-32.07360803470247,0.0,118,-12.102095452824278,0.0,118,-12.642821306891477,0.0,0.0,0.0,0.0,0.0,0.0,0.0,710.0,710.0,0.0,0.0,710.0,0.0,0.0,710
0.0,0.0,-0.0,0.0,4313.530123289685,710.0,-0.0,0.10456282266234421,0.47997237932604736,0.0,799.2,0.0,0.0,1.0,888.0,-0.0,120,-1.072387627624234,0.0,118,-15.773475073731735,0.0,118,-14.968529738799417,0.0,118,-0.9299252045256434,0.0,118,-47.62454229131589,0.0,118,-58.775679564896,0.0,0.0,0.0,0.0,0.0,0.0,0.0,710.0,710.0,0.0,0.0,710.0,0.0,0.0,710
0.0,0.0,-0.0,0.0,3524.6412344007967,710.0,-0.0,0.08543963431509943,0.47997237932604736,0.0,799.2,0.0,0.0,1.0,888.0,-0.0,120,-32.38075413660772,0.0,118,-45.2979517919325,0.0,118,-12.111814774458274,0.0,118,-25.799291499374775,0.0,118,-57.694165182844486,0.0,118,-1.536808456151768,0.0,0.0,0.0,0.0,0.0,0.0,0.0,710.0,710.0,0.0,0.0,710.0,0.0,0.0,710
0.0,0.0,-0.0,0.0,2735.752345511908,710.0,-0.0,0.06631644596785466,0.47997237932604736,0.0,799.2,0.0,0.0,1.0,888.0,-0.0,120,-31.71998451114031,0.0,118,-27.2309696353267,0.0,118,-57.9996175412221,0.0,118,-39.443590243646454,0.0,118,-2.573866109320593,0.0,118,-56.6076838995336,0.0,0.0,0.0,0.0,0.0,0.0,0.0,710.0,710.0,0.0,0.0,710.0,0.0,0.0,710
0.0,0.0,-0.0,0.0,1946.8634566230191,710.0,-0.0,0.04719325762060987,0.47997237932604736,0.0,799.2,0.0,0.0,1.0,888.0,-0.0,120,-48.278997791032346,0.0,118,-55.63116320692209,0.0,118,-21.649783320836377,0.0,118,-58.298388117332685,0.0,118,-24.1642496469271,0.0,118,-20.15222134496039,0.0,0.0,0.0,0.0,0.0,0.0,0.0,710.0,710.0,0.0,0.0,710.0,0.0,0.0,710
0.0,0.0,-0.0,0.0,1157.9745677341302,710.0,-0.0,0.028070069273365094,0.47997237932604736,0.0,799.2,0.0,0.0,1.0,888.0,-0.0,120,-49.63057279278968,0.0,118,-12.143676692277015,0.0,118,-18.360628670220706,0.0,118,-52.043049673540004,0.0,118,-49.949341699279906,0.0,118,-44.750108581747355,0.0,0.0,0.0,0.0,0.0,0.0,0.0,710.0,710.0,0.0,0.0,710.0,0.0,0.0,710
0.0,0.0,-0.0,0.0,369.0856788452413,332.1771109607172,-0.0,0.008946880926120315,0.47997237932604736,181.34455101602575,799.2,0.0,377.8228890392828,1.0,888.0,-335506.72546688316,120,-31.338558708348117,0.0,118,-0.9410390841914729,0.0,118,-45.484037560213835,0.0,118,-42.005458144102384,0.0,118,-50.61604395192233,0.0,118,-31.716402354667423,0.0,0.0,0.0,0.0,0.0,-335506.72546688316,-335506.72546688316,710.0,710.0,0.0,0.0,710.0,0.0,0.0,710
0.0,0.0,-0.0,0.0,0.0,0.0,-0.0,0.0,0.47997237932604736,340.7803893214936,799.2,0.0,710.0,1.0,888.0,-630480.0,120,-57.63003396487071,0.0,118,-0.14877363800209098,0.0,118,-58.25172951801,0.0,118,-46.139864130637704,0.0,118,-41.532768212958885,0.0,118,-2.082491640090336,0.0,0.0,0.0,0.0,0.0,-630480.0,-630480.0,710.0,710.0,0.0,0.0,710.0,0.0,0.0,710
0.0,0.0,-0.0,0.0,0.0,0.0,-0.0,0.0,0.47997237932604736,340.7803893214936,799.2,0.0,710.0,1.0,888.0,-630480.0,120,-0.15508088693868993,0.0,118,-40.46707202511224,0.0,118,-12.262935785108738,0.0,118,-25.001741535987613,0.0,118,-56.86547004275198,0.0,118,-15.84877286691029,0.0,0.0,0.0,0.0,0.0,-630480.0,-630480.0,710.0,710.0,0.0,0.0,710.0,0.0,0.0,710
0.0,0.0,-0.0,0.0,0.0,0.0,-0.0,0.0,0.47997237932604736,340.7803893214936,799.2,0.0,710.0,1.0,888.0,-630480.0,120,-53.44069411829982,0.0,118,-26.690512235379344,0.0,118,-57.16590734420988,0.0,118,-32.10211079529756,0.0,118,-4.169116233370596,0.0,118,-15.484629284344248,0.0,0.0,0.0,0.0,0.0,-630480.0,-630480.0,710.0,710.0,0.0,0.0,710.0,0.0,0.0,710
0.0,0.0,-0.0,0.0,0.0,0.0,-0.0,0.0,0.47997237932604736,340.7803893214936,799.2,0.0,710.0,1.0,888.0,-630480.0,120,-19.3990663061799,0.0,118,-47.92411331104168,0.0,118,-2.7025809200430784,0.0,118,-29.641103416645265,0.0,118,-23.711597414431864,0.0,118,-54.58193874094835,0.0,0.0,0.0,0.0,0.0,-630480.0,-630480.0,710.0,710.0,0.0,0.0,710.0,0.0,0.0,710
0.0,0.0,-0.0,0.0,0.0,0.0,-0.0,0.0,0.47997237932604736,340.7803893214936,799.2,0.0,710.0,1.0,888.0,-630480.0,120,-35.44561556684587,0.0,118,-33.85480728602027,0.0,118,-27.31085630873367,0.0,118,-19.10672390502127,0.0,118,-43.6285004632362,0.0,118,-17.775485304358114,0.0,0.0,0.0,0.0,0.0,-630480.0,-630480.0,710.0,710.0,0.0,0.0,710.0,0.0,0.0,710
0.0,0.0,-0.0,0.0,0.0,0.0,-0.0,0.0,0.47997237932604736,340.7803893214936,799.2,0.0,710.0,1.0,888.0,-630480.0,120,-17.94198631272088,0.0,118,-31.41919561535974,0.0,118,-45.16208673989731,0.0,118,-6.4469203695244826,0.0,118,-39.47247217119961,0.0,118,-53.307293481643725,0.0,0.0,0.0,0.0,0.0,-630480.0,-630480.0,710.0,710.0,0.0,0.0,710.0,0.0,0.0,710
0.0,0.0,-0.0,0.0,0.0,0.0,-0.0,0.0,0.47997237932604736,340.7803893214936,799.2,0.0,710.0,1.0,888.0,-630480.0,120,-33.94709844847608,0.0,118,-33.74690980636442,0.0,118,-50.6146873298953,0.0,118,-0.3929846664382963,0.0,118,-41.11743438818198,0.0,118,-58.097431797941574,0.0,0.0,0.0,0.0,0.0,-630480.0,-630480.0,710.0,710.0,0.0,0.0,710.0,0.0,0.0,710
0.0,0.0,-0.0,0.0,0.0,0.0,-0.0,0.0,0.47997237932604736,341.7403340801457,799.2,0.0,712.0,1.0,888.0,-632256.0,120,-21.440875670896684,0.0,118,-11.086670678557569,0.0,120,-52.96691713474021,0.0,118,-31.395201617086034,0.0,118,-41.595230379949726,0.0,118,-20.058610449734743,0.0,0.0,0.0,0.0,0.0,-632256.0,-632256.0,712.0,712.0,0.0,0.0,712.0,0.0,0.0,712
0.0,0.0,-0.0,0.0,0.0,0.0,-0.0,0.0,0.47997237932604736,341.7403340801457,799.2,0.0,712.0,1.0,888.0,-632256.0,120,-33.32557166812067,0.0,118,-5.718388541845867,0.0,120,-5.681319275742284,0.0,118,-42.0389391013238,0.0,118,-32.262763693944564,0.0,118,-50.80307511035743,0.0,0.0,0.0,0.0,0.0,-632256.0,-632256.0,712.0,712.0,0.0,0.0,712.0,0.0,0.0,712
0.0,0.0,-0.0,0.0,0.0,0.0,-0.0,0.0,0.47997237932604736,341.7403340801457,799.2,0.0,712.0,1.0,888.0,-632256.0,120,-33.35359136905409,0.0,118,-46.94466043732176,0.0,120,-22.505286613887755,0.0,118,-24.587949901408408,0.0,118,-8.825902670157415,0.0,118,-22.4864775203548,0.0,0.0,0.0,0.0,0.0,-632256.0,-632256.0,712.0,712.0,0.0,0.0,712.0,0.0,0.0,712
0.0,0.0,-0.0,0.0,0.0,0.0,-0.0,0.0,0.47997237932604736,341.7403340801457,799.2,0.0,712.0,1.0,888.0,-632256.0,120,-20.502197450921315,0.0,118,-38.69580319776686,0.0,120,-57.506845437316265,0.0,118,-51.44780654618623,0.0,118,-20.46962162748556,0.0,118,-11.962920364740574,0.0,0.0,0.0,0.0,0.0,-632256.0,-632256.0,712.0,712.0,0.0,0.0,712.0,0.0,0.0,712
0.0,0.0,-0.0,0.0,0.0,0.0,-0.0,0.0,0.47997237932604736,341.7403340801457,799.2,0.0,712.0,1.0,888.0,-632256.0,120,-57.63364343070482,0.0,118,-26.987109497641534,0.0,120,-23.173158322447463,0.0,118,-24.011885128624655,0.0,118,-13.141114835232774,0.0,118,-10.857028569198125,0.0,0.0,0.0,0.0,0.0,-632256.0,-632256.0,712.0,712.0,0.0,0.0,712.0,0.0,0.0,712
0.0,0.0,-0.0,0.0,0.0,0.0,-0.0,0.0,0.47997237932604736,341.7403340801457,799.2,0.0,712.0,1.0,888.0,-632256.0,120,-57.58232116483812,0.0,118,-26.57549673542535,0.0,120,-53.329886865624005,0.0,118,-48.539593118404184,0.0,118,-33.148819270789765,0.0,118,-4.1382961251547945,0.0,0.0,0.0,0.0,0.0,-632256.0,-632256.0,712.0,712.0,0.0,0.0,712.0,0.0,0.0,712
0.0,0.0,-0.0,0.0,0.0,0.0,-0.0,0.0,0.47997237932604736,341.7403340801457,799.2,0.0,712.0,1.0,888.0,-632256.0,120,-15.087030086084187,0.0,118,-34.18040431228955,0.0,120,-27.053948770945645,0.0,118,-40.54757420417853,0.0,118,-49.749844647989384,0.0,118,-9.34524886687072,0.0,0.0,0.0,0.0,0.0,-632256.0,-632256.0,712.0,712.0,0.0,0.0,712.0,0.0,0.0,712
0.0,0.0,-0.0,0.0,0.0,0.0,-0.0,0.0,0.47997237932604736,341.7403340801457,799.2,0.0,712.0,1.0,888.0,-632256.0,120,-50.97578991701948,0.0,118,-55.3990465367239,0.0,120,-37.686706725047046,0.0,118,-55.62702073801057,0.0,118,-15.347348091563116,0.0,118,-58.701877137210566,0.0,0.0,0.0,0.0,0.0,-632256.0,-632256.0,712.0,712.0,0.0,0.0,712.0,0.0,0.0,712
0.0,0.0,-0.0,0.0,0.0,0.0,-0.0,0.0,0.47997237932604736,341.7403340801457,799.2,0.0,712.0,1.0,888.0,-632256.0,120,-22.84602707899377,0.0,118,-46.8410334698078,0.0,120,-5.514872471193644,0.0,118,-19.321321723822194,0.0,118,-8.987319620673537,0.0,118,-40.556830643769466,0.0,0.0,0.0,0.0,0.0,-632256.0,-632256.0,712.0,712.0,0.0,0.0,712.0,0.0,0.0,712
0.0,0.0,-0.0,0.0,0.0,0.0,-0.0,0.0,0.47997237932604736,341.7403340801457,799.2,0.0,712.0,1.0,888.0,-632256.0,120,-56.445396112920854,0.0,118,-55.033932933060434,0.0,120,-28.6700164200413,0.0,118,-35.34115048047157,0.0,118,-39.54150583035022,0.0,118,-43.20417473034493,0.0,0.0,0.0,0.0,0.0,-632256.0,-632256.0,712.0,712.0,0.0,0.0,712.0,0.0,0.0,712
0.0,0.0,-0.0,0.0,0.0,0.0,-0.0,0.0,0.47997237932604736,341.7403340801457,799.2,0.0,712.0,1.0,888.0,-632256.0,120,-27.27807365313692,0.0,118,-36.725994892785636,0.0,120,-17.149119181104687,0.0,118,-55.593618729507035,0.0,118,-33.54115648085193,0.0,118,-44.19863439785608,0.0,0.0,0.0,0.0,0.0,-632256.0,-632256.0,712.0,712.0,0.0,0.0,712.0,0.0,0.0,712
0.0,0.0,-0.0,0.0,0.0,0.0,-0.0,0.0,0.47997237932604736,341.7403340801457,799.2,0.0,712.0,1.0,888.0,-632256.0,120,-21.602452966687306,0.0,118,-59.489124063917934,0.0,120,-38.63124961624534,0.0,118,-19.510084924859108,0.0,118,-27.242118223921977,0.0,118,-46.39035263841366,0.0,0.0,0.0,0.0,0.0,-632256.0,-632256.0,712.0,712.0,0.0,0.0,712.0,0.0,0.0,712
0.0,0.0,-0.0,0.0,0.0,0.0,-0.0,0.0,0.47997237932604736,341.7403340801457,799.2,0.0,712.0,1.0,888.0,-632256.0,120,-51.00186582781581,0.0,118,-4.814987922815237,0.0,120,-42.36751236185068,0.0,118,-31.069926368690066,0.0,118,-52.77480229510489,0.0,118,-15.91786262057748,0.0,0.0,0.0,0.0,0.0,-632256.0,-632256.0,712.0,712.0,0.0,0.0,712.0,0.0,0.0,712
0.0,0.0,-0.0,0.0,0.0,0.0,-0.0,0.0,0.47997237932604736,341.7403340801457,799.2,0.0,712.0,1.0,888.0,-632256.0,120,-56.17838983872574,0.0,118,-46.684929088686516,0.0,120,-52.98164218558383,0.0,118,-17.90058850468342,0.0,118,-3.3207103531736037,0.0,118,-18.992597555148063,0.0,0.0,0.0,0.0,0.0,-632256.0,-632256.0,712.0,712.0,0.0,0.0,712.0,0.0,0.0,712
0.0,0.0,-0.0,0.0,0.0,0.0,-0.0,0.0,0.47997237932604736,341.7403340801457,799.2,0.0,712.0,1.0,888.0,-632256.0,120,-38.95837558371743,0.0,118,-27.28127453292896,0.0,120,-17.88757852301641,0.0,118,-10.183406240598538,0.0,118,-12.961806926519795,0.0,118,-14.321753387851992,0.0,0.0,0.0,0.0,0.0,-632256.0,-632256.0,712.0,712.0,0.0,0.0,712.0,0.0,0.0,712
0.0,0.0,-0.0,0.0,0.0,0.0,-0.0,0.0,0.47997237932604736,341.7403340801457,799.2,0.0,712.0,1.0,888.0,-632256.0,120,-46.6104649749912,0.0,118,-21.908431652952828,0.0,120,-27.447935341335963,0.0,118,-57.43679787501176,0.0,118,-24.965969469857768,0.0,118,-21.208982335167107,0.0,0.0,0.0,0.0,0.0,-632256.0,-632256.0,712.0,712.0,0.0,0.0,712.0,0.0,0.0,712
0.0,0.0,-0.0,0.0,0.0,0.0,-0.0,0.0,0.47997237932604736,341.7403340801457,799.2,0.0,712.0,1.0,888.0,-632256.0,120,-8.399780966529013,0.0,118,-37.13112736094095,0.0,120,-39.489791571521216,0.0,118,-48.17967624232428,0.0,118,-49.665534826329846,0.0,118,-47.446808941939956,0.0,0.0,0.0,0.0,0.0,-632256.0,-632256.0,712.0,712.0,0.0,0.0,712.0,0.0,0.0,712
0.0,0.0,-0.0,0.0,0.0,0.0,-0.0,0.0,0.47997237932604736,341.7403340801457,799.2,0.0,712.0,1.0,888.0,-632256.0,120,-56.48906828985602,0.0,118,-43.76582654564484,0.0,120,-25.78362144580373,0.0,118,-28.32920676480319,0.0,118,-39.778497853169206,0.0,118,-44.44313505695739,0.0,0.0,0.0,0.0,0.0,-632256.0,-632256.0,712.0,712.0,0.0,0.0,712.0,0.0,0.0,712
0.0,0.0,-0.0,0.0,0.0,0.0,-0.0,0.0,0.47997237932604736,341.7403340801457,799.2,0.0,712.0,1.0,888.0,-632256.0,120,-23.504302302354045,0.0,118,-36.141368827889984,0.0,120,-32.59680692583129,0.0,118,-11.328674525497956,0.0,118,-8.388044695325682,0.0,118,-58.83460380875393,0.0,0.0,0.0,0.0,0.0,-632256.0,-632256.0,712.0,712.0,0.0,0.0,712.0,0.0,0.0,712
0.0,0.0,-0.0,0.0,0.0,0.0,-0.0,0.0,0.47997237932604736,341.7403340801457,799.2,0.0,712.0,1.0,888.0,-632256.0,120,-38.278574869052555,0.0,118,-26.64750984758127,0.0,120,-10.566929009513613,0.0,118,-42.139151974276444,0.0,118,-55.15359953580953,0.0,118,-29.55267409094045,0.0,0.0,0.0,0.0,0.0,-632256.0,-632256.0,712.0,712.0,0.0,0.0,712.0,0.0,0.0,712
0.0,0.0,-0.0,0.0,0.0,0.0,-0.0,0.0,0.47997237932604736,341.7403340801457,799.2,0.0,712.0,1.0,888.0,-632256.0,120,-35.70265221403046,0.0,118,-28.32866427195107,0.0,120,-56.20824788239467,0.0,118,-11.916293119265733,0.0,118,-12.993860639098603,0.0,118,-16.043081689411196,0.0,0.0,0.0,0.0,0.0,-632256.0,-632256.0,712.0,712.0,0.0,0.0,712.0,0.0,0.0,712
0.0,0.0,-0.0,0.0,0.0,0.0,-0.0,0.0,0.47997237932604736,341.7403340801457,799.2,0.0,712.0,1.0,888.0,-632256.0,120,-39.536706447376055,0.0,118,-44.02598911257163,0.0,120,-46.3233200153377,0.0,118,-14.465796249311039,0.0,118,-55.05283283320771,0.0,118,-9.29425236004102,0.0,0.0,0.0,0.0,0.0,-632256.0,-632256.0,712.0,712.0,0.0,0.0,712.0,0.0,0.0,712
0.0,0.0,-0.0,0.0,0.0,0.0,-0.0,0.0,0.47997237932604736,341.7403340801457,799.2,0.0,712.0,1.0,888.0,-632256.0,120,-7.034652931996675,0.0,118,-43.01754820064228,0.0,120,-19.357257798063703,0.0,118,-58.660126140309174,0.0,118,-25.297216037494806,0.0,118,-26.88289331358139,0.0,0.0,0.0,0.0,0.0,-632256.0,-632256.0,712.0,712.0,0.0,0.0,712.0,0.0,0.0,712
0.0,0.0,-0.0,0.0,0.0,0.0,-0.0,0.0,0.47997237932604736,341.7403340801457,799.2,0.0,712.0,1.0,888.0,-632256.0,120,-21.632957849590674,0.0,118,-2.279835776724397,0.0,120,-59.70471219426033,0.0,118,-34.02556795766091,0.0,118,-50.67057244398728,0.0,118,-1.5804241944618092,0.0,0.0,0.0,0.0,0.0,-632256.0,-632256.0,712.0,712.0,0.0,0.0,712.0,0.0,0.0,712
0.0,0.0,-0.0,0.0,0.0,0.0,-0.0,0.0,0.47997237932604736,341.7403340801457,799.2,0.0,712.0,1.0,888.0,-632256.0,120,-26.876302073691207,0.0,118,-37.04427576335048,0.0,120,-56.32463347480703,0.0,118,-56.16802073435343,0.0,118,-2.3904046702898674,0.0,118,-29.110951827746266,0.0,0.0,0.0,0.0,0.0,-632256.0,-632256.0,712.0,712.0,0.0,0.0,712.0,0.0,0.0,712
0.0,0.0,-0.0,0.0,0.0,0.0,-0.0,0.0,0.47997237932604736,341.7403340801457,799.2,0.0,712.0,1.0,888.0,-632256.0,120,-41.371265555602065,0.0,118,-57.59500105177915,0.0,120,-27.719120870409945,0.0,118,-50.152508368046426,0.0,118,-39.89353318626628,0.0,118,-28.41281492540674,0.0,0.0,0.0,0.0,0.0,-632256.0,-632256.0,712.0,712.0,0.0,0.0,712.0,0.0,0.0,712
179.82208717199129,0.0,-1798.2208717199128,0.0,0.0,0.0,-0.0,0.0,0.47997237932604736,255.40671748466374,799.2,0.0,532.1279483692224,1.0,888.0,-472529.6181518695,120,-37.61757060680416,0.0,118,-58.53736246230447,0.0,120,-21.22657936049474,0.0,118,-35.212176638114386,0.0,118,-50.123906440318436,0.0,118,-58.65961523142149,0.0,0.0,0.0499644587863271,0.0499644587863271,0.0,-474327.83902358945,-474327.83902358945,712.0,712.0,179.8720516307776,0.0,532.1279483692224,0.0,0.0,712
179.82208717199129,0.0,-1798.2208717199128,0.0,0.0,0.0,-0.0,0.0,0.47997237932604736,255.40671748466374,799.2,0.0,532.1279483692224,1.0,888.0,-472529.6181518695,120,-17.387629224089096,0.0,118,-33.391737749230956,0.0,120,-28.396535949401102,0.0,118,-59.31780658000548,0.0,118,-27.136159287041686,0.0,118,-54.30336293840038,0.0,0.0,0.0499644587863271,0.0499644587863271,0.0,-474327.83902358945,-474327.83902358945,712.0,712.0,179.8720516307776,0.0,532.1279483692224,0.0,0.0,712
179.82208717199129,0.0,-1798.2208717199128,0.0,0.0,0.0,-0.0,0.0,0.47997237932604736,255.40671748466374,799.2,0.0,532.1279483692224,1.0,888.0,-472529.6181518695,120,-7.268198064635798,0.0,118,-37.25810611281278,0.0,120,-45.0422053066206,0.0,118,-20.68016065488553,0.0,118,-26.656778912796902,0.0,118,-17.340041448279,0.0,0.0,0.0499644587863271,0.0499644587863271,0.0,-474327.83902358945,-474327.83902358945,712.0,712.0,179.8720516307776,0.0,532.1279483692224,0.0,0.0,712
179.82208717199129,0.0,-1798.2208717199128,0.0,0.0,0.0,-0.0,0.0,0.47997237932604736,255.40671748466374,799.2,0.0,532.1279483692224,1.0,888.0,-472529.6181518695,120,-40.8341463124372,0.0,118,-29.222994895453155,0.0,120,-21.871682047863178,0.0,118,-52.24743208367647,0.0,118,-57.67684314265087,0.0,118,-39.409213527189934,0.0,0.0,0.0499644587863271,0.0499644587863271,0.0,-474327.83902358945,-474327.83902358945,712.0,712.0,179.8720516307776,0.0,532.1279483692224,0.0,0.0,712
179.82208717199129,0.0,-1798.2208717199128,0.0,0.0,0.0,-0.0,0.0,0.47997237932604736,255.40671748466374,799.2,0.0,532.1279483692224,1.0,888.0,-472529.6181518695,120,-46.78783070927998,0.0,118,-55.839993823177934,0.0,120,-0.7164665232620293,0.0,118,-51.07470259189235,0.0,118,-40.610139716634094,0.0,118,-40.59916955790612,0.0,0.0,0.0499644587863271,0.0499644587863271,0.0,-474327.83902358945,-474327.83902358945,712.0,712.0,179.8720516307776,0.0,532.1279483692224,0.0,0.0,712
179.82208717199129,0.0,-1798.2208717199128,0.0,0.0,0.0,-0.0,0.0,0.47997237932604736,255.40671748466374,799.2,0.0,532.1279483692224,1.0,888.0,-472529.6181518695,120,-51.58646580086056,0.0,118,-51.2989489244952,0.0,120,-50.21677965238116,0.0,118,-18.647797361370596,0.0,118,-20.31261030382964,0.0,118,-51.5093037975662,0.0,0.0,0.0499644587863271,0.0499644587863271,0.0,-474327.83902358945,-474327.83902358945,712.0,712.0,179.8720516307776,0.0,532.1279483692224,0.0,0.0,712
814.1454676543327,0.0,-8141.454676543327,102.37168201044676,0.0,0.0,-0.0,0.0,0.47997237932604736,0.0,799.2,0.0,0.0,1.0,888.0,-0.0,120,-51.70108093426034,0.0,118,-7.6642277334143145,0.0,120,-9.731558411174948,0.0,118,-36.97419237513178,0.0,118,-28.120209516913093,0.0,118,-53.20679229974129,0.0,0.0,0.226214356114013,0.226214356114013,0.0,-8141.454676543327,-8141.454676543327,814.3716820104468,814.3716820104468,814.3716820104468,0.0,0.0,102.37168201044676,0.0,712
814.1454676543327,0.0,-8141.454676543327,102.37168201044676,92.1345138094021,0.0,-0.0,0.0022334015419339707,0.47997237932604736,0.0,799.2,0.0,0.0,1.0,888.0,-0.0,120,-45.61782555989649,0.0,118,-24.61799376158798,0.0,120,-46.273654770050825,0.0,118,-8.929132322173894,0.0,118,-31.60017513676339,0.0,118,-36.31181673361421,0.0,0.0,0.226214356114013,0.226214356114013,0.0,-8141.454676543327,-8141.454676543327,814.3716820104468,814.3716820104468,814.3716820104468,0.0,0.0,102.37168201044676,0.0,712
814.1454676543327,0.0,-8141.454676543327,102.37168201044676,184.2690276188042,0.0,-0.0,0.004466803083867941,0.47997237932604736,0.0,799.2,0.0,0.0,1.0,888.0,-0.0,120,-43.33207770928157,0.0,118,-56.84791911546764,0.0,120,-54.70376971095462,0.0,118,-2.1636618825461196,0.0,118,-25.175217919885682,0.0,118,-20.77490981482261,0.0,0.0,0.226214356114013,0.226214356114013,0.0,-8141.454676543327,-8141.454676543327,814.3716820104468,814.3716820104468,814.3716820104468,0.0,0.0,102.37168201044676,0.0,712
814.1454676543327,0.0,-8141.454676543327,102.37168201044676,276.40354142820627,0.0,-0.0,0.0067002046258019116,0.47997237932604736,0.0,799.2,0.0,0.0,1.0,888.0,-0.0,120,-12.256632535829084,0.0,118,-32.224251170345,0.0,120,-20.10916793366048,0.0,118,-14.2444874617788,0.0,118,-52.55381624751499,0.0,118,-11.27439181634127,0.0,0.0,0.226214356114013,0.226214356114013,0.0,-8141.454676543327,-8141.454676543327,814.3716820104468,814.3716820104468,814.3716820104468,0.0,0.0,102.37168201044676,0.0,712
814.1454676543327,0.0,-8141.454676543327,102.37168201044676,368.5380552376084,0.0,-0.0,0.008933606167735883,0.47997237932604736,0.0,799.2,0.0,0.0,1.0,888.0,-0.0,120,-43.667341736616606,0.0,118,-27.716384787808263,0.0,120,-8.467498114858142,0.0,118,-16.498614120034688,0.0,118,-45.367355308400086,0.0,118,-7.497326157166555,0.0,0.0,0.226214356114013,0.226214356114013,0.0,-8141.454676543327,-8141.454676543327,814.3716820104468,814.3716820104468,814.3716820104468,0.0,0.0,102.37168201044676,0.0,712
814.1454676543327,0.0,-8141.454676543327,102.37168201044676,460.6725690470105,0.0,-0.0,0.011167007709669854,0.47997237932604736,0.0,799.2,0.0,0.0,1.0,888.0,-0.0,120,-43.01158724774791,0.0,118,-49.91301538561927,0.0,120,-18.814069498479444,0.0,118,-25.251773213559694,0.0,118,-4.007766161410893,0.0,118,-37.41475970195806,0.0,0.0,0.226214356114013,0.226214356114013,0.0,-8141.454676543327,-8141.454676543327,814.3716820104468,814.3716820104468,814.3716820104468,0.0,0.0,102.37168201044676,0.0,712
1517.9054979679033,0.0,-15179.054979679033,806.3272555388864,552.8070828564125,0.0,-0.0,0.013400409251603823,0.47997237932604736,0.0,799.2,0.0,0.0,1.0,888.0,-0.0,120,-19.511011036030467,0.0,118,-42.719051238007616,0.0,120,-27.881749090694633,0.0,118,-35.224906120628255,0.0,118,-25.9968207982392,0.0,118,-23.86517110684768,0.0,0.0,0.421757570983024,0.421757570983024,0.0,-15179.054979679033,-15179.054979679033,1518.3272555388864,1518.3272555388864,1518.3272555388864,0.0,0.0,806.3272555388864,0.0,712
1517.9054979679033,0.0,-15179.054979679033,806.3272555388864,1278.5016128414104,0.0,-0.0,0.0309917245495215,0.47997237932604736,0.0,799.2,0.0,0.0,1.0,888.0,-0.0,120,-13.723579307413814,0.0,118,-36.80631041591846,0.0,120,-44.4922015036749,0.0,118,-2.9699525571312857,0.0,118,-33.6308095580512,0.0,118,-55.62910504220757,0.0,0.0,0.421757570983024,0.421757570983024,0.0,-15179.054979679033,-15179.054979679033,1518.3272555388864,1518.3272555388864,1518.3272555388864,0.0,0.0,806.3272555388864,0.0,712
1517.9054979679033,0.0,-15179.054979679033,806.3272555388864,2004.1961428264083,0.0,-0.0,0.048583039847439176,0.47997237932604736,0.0,799.2,0.0,0.0,1.0,888.0,-0.0,120,-58.60095175278246,0.0,118,-20.71054739602342,0.0,120,-19.680032755755597,0.0,118,-34.89691833847183,0.0,118,-30.274400518168314,0.0,118,-21.684289589542516,0.0,0.0,0.421757570983024,0.421757570983024,0.0,-15179.054979679033,-15179.054979679033,1518.3272555388864,1518.3272555388864,1518.3272555388864,0.0,0.0,806.3272555388864,0.0,712
1517.9054979679033,0.0,-15179.054979679033,804.3272555388864,2729.890672811406,0.0,-0.0,0.06617435514535686,0.47997237932604736,0.0,799.2,0.0,0.0,1.0,888.0,-0.0,120,-18.62311652547447,0.0,120,-56.739641078068985,0.0,120,-18.869088007015197,0.0,118,-8.239527544445846,0.0,118,-35.94284036179435,0.0,118,-29.49460762734804,0.0,0.0,0.421757570983024,0.421757570983024,0.0,-15179.054979679033,-15179.054979679033,1518.3272555388864,1518.3272555388864,1518.3272555388864,0.0,0.0,804.3272555388864,0.0,714
1517.9054979679033,0.0,-15179.054979679033,804.3272555388864,3453.785202796404,0.0,-0.0,0.0837220372529611,0.47997237932604736,0.0,799.2,0.0,0.0,1.0,888.0,-0.0,120,-17.94170507091074,0.0,120,-45.95943160409484,0.0,120,-15.040645131059202,0.0,118,-20.835336041125395,0.0,118,-4.698059298607586,0.0,118,-32.964665946585676,0.0,0.0,0.421757570983024,0.421757570983024,0.0,-15179.054979679033,-15179.054979679033,1518.3272555388864,1518.3272555388864,1518.3272555388864,0.0,0.0,804.3272555388864,0.0,714
1517.9054979679033,0.0,-15179.054979679033,804.3272555388864,4177.679732781402,0.0,-0.0,0.10126971936056534,0.47997237932604736,0.0,799.2,0.0,0.0,1.0,888.0,-0.0,120,-40.234076482939535,0.0,120,-6.864606242775078,0.0,120,-4.658984872935625,0.0,118,-49.01111301187797,0.0,118,-10.53551099862492,0.0,118,-51.77714436692261,0.0,0.0,0.421757570983024,0.421757570983024,0.0,-15179.054979679033,-15179.054979679033,1518.3272555388864,1518.3272555388864,1518.3272555388864,0.0,0.0,804.3272555388864,0.0,714
2033.8661914762924,0.0,-20338.661914762924,1320.4313112849827,4901.574262766399,0.0,-0.0,0.11881740146816958,0.47997237932604736,0.0,799.2,0.0,0.0,1.0,888.0,-0.0,120,-35.076011080945364,0.0,120,-4.221671720603681,0.0,120,-50.045457153377534,0.0,118,-21.59218989798882,0.0,118,-39.53045820157164,0.0,118,-40.03137455158115,0.0,0.0,0.565119808690273,0.565119808690273,0.0,-20338.661914762924,-20338.661914762924,2034.4313112849827,2034.4313112849827,2034.4313112849827,0.0,0.0,1320.4313112849827,0.0,714
2033.8661914762924,0.0,-20338.661914762924,1320.4313112849827,6089.962442922884,0.0,-0.0,0.14762471681872552,0.47997237932604736,0.0,799.2,0.0,0.0,1.0,888.0,-0.0,120,-26.881314404761284,0.0,120,-42.300303099235414,0.0,120,-25.05279906137001,0.0,118,-47.11517880654726,0.0,118,-57.64385024682967,0.0,118,-2.6999042440627696,0.0,0.0,0.565119808690273,0.565119808690273,0.0,-20338.661914762924,-20338.661914762924,2034.4313112849827,2034.4313112849827,2034.4313112849827,0.0,0.0,1320.4313112849827,0.0,714
2033.8661914762924,0.0,-20338.661914762924,1320.4313112849827,7278.350623079368,0.0,-0.0,0.17643203216928147,0.47997237932604736,0.0,799.2,0.0,0.0,1.0,888.0,-0.0,120,-57.89497611655343,0.0,120,-22.90253205427752,0.0,120,-33.3665197500625,0.0,118,-49.4227593571899,0.0,118,-16.752558033543213,0.0,118,-5.3968986829776995,0.0,0.0,0.565119808690273,0.565119808690273,0.0,-20338.661914762924,-20338.661914762924,2034.4313112849827,2034.4313112849827,2034.4313112849827,0.0,0.0,1320.4313112849827,0.0,714
2033.8661914762924,0.0,-20338.661914762924,1320.4313112849827,8466.738803235852,0.0,-0.0,0.20523934751983738,0.47997237932604736,0.0,799.2,0.0,0.0,1.0,888.0,-0.0,120,-46.56281005612707,0.0,120,-7.616263235072067,0.0,120,-48.08662600167336,0.0,118,-46.38945368950942,0.0,118,-54.078948691508856,0.0,118,-30.32743574950033,0.0,0.0,0.565119808690273,0.565119808690273,0.0,-20338.661914762924,-20338.661914762924,2034.4313112849827,2034.4313112849827,2034.4313112849827,0.0,0.0,1320.4313112849827,0.0,714
2033.8661914762924,0.0,-20338.661914762924,1320.4313112849827,9655.126983392336,0.0,-0.0,0.23404666287039333,0.47997237932604736,0.0,799.2,0.0,0.0,1.0,888.0,-0.0,120,-37.668924570084556,0.0,120,-3.5921343796844174,0.0,120,-30.852231379691524,0.0,118,-32.15354829298195,0.0,118,-9.009775407067629,0.0,118,-35.270558654961114,0.0,0.0,0.565119808690273,0.565119808690273,0.0,-20338.661914762924,-20338.661914762924,2034.4313112849827,2034.4313112849827,2034.4313112849827,0.0,0.0,1320.4313112849827,0.0,714
2033.8661914762924,0.0,-20338.661914762924,1320.4313112849827,10843.51516354882,0.0,-0.0,0.26285397822094925,0.47997237932604736,0.0,799.2,0.0,0.0,1.0,888.0,-0.0,120,-30.178284945546338,0.0,120,-1.416531012870692,0.0,120,-5.566174603421574,0.0,118,-21.071383161472706,0.0,118,-21.154311797453346,0.0,118,-44.836900885656874,0.0,0.0,0.565119808690273,0.565119808690273,0.0,-20338.661914762924,-20338.661914762924,2034.4313112849827,2034.4313112849827,2034.4313112849827,0.0,0.0,1320.4313112849827,0.0,714
2317.6396785982165,0.0,-23176.396785982164,1604.2836462777382,12031.903343705304,0.0,-0.0,0.2916612935715052,0.47997237932604736,0.0,799.2,0.0,0.0,1.0,888.0,-0.0,120,-2.244900660707887,0.0,120,-46.26121380312677,0.0,120,-16.98554622816109,0.0,118,-24.14118746810059,0.0,118,-55.10690814288344,0.0,118,-20.339505581837905,0.0,0.0,0.643967679521594,0.643967679521594,0.0,-23176.396785982164,-23176.396785982164,2318.283646277738,2318.283646277738,2318.283646277738,0.0,0.0,1604.2836462777382,0.0,714
2317.6396785982165,0.0,-23176.396785982164,1604.2836462777382,13475.758625355269,0.0,-0.0,0.3266613003988866,0.47997237932604736,0.0,799.2,0.0,0.0,1.0,888.0,-0.0,120,-45.657978353783115,0.0,120,-38.586783237563715,0.0,120,-38.69019540815623,0.0,118,-18.207629430894933,0.0,118,-43.11930758500522,0.0,118,-48.53103658955865,0.0,0.0,0.643967679521594,0.643967679521594,0.0,-23176.396785982164,-23176.396785982164,2318.283646277738,2318.283646277738,2318.283646277738,0.0,0.0,1604.2836462777382,0.0,714
2317.6396785982165,0.0,-23176.396785982164,1604.2836462777382,14919.613907005234,0.0,-0.0,0.361661307226268,0.47997237932604736,0.0,799.2,0.0,0.0,1.0,888.0,-0.0,120,-8.54201189859253,0.0,120,-24.54471087633741,0.0,120,-39.0907871732975,0.0,118,-9.133491421026164,0.0,118,-30.148283865421327,0.0,118,-39.28921408000836,0.0,0.0,0.643967679521594,0.643967679521594,0.0,-23176.396785982164,-23176.396785982164,2318.283646277738,2318.283646277738,2318.283646277738,0.0,0.0,1604.2836462777382,0.0,714
2317.6396785982165,0.0,-23176.396785982164,1604.2836462777382,16363.4691886552,0.0,-0.0,0.3966613140536494,0.47997237932604736,0.0,799.2,0.0,0.0,1.0,888.0,-0.0,120,-43.857913225902784,0.0,120,-50.046870808748615,0.0,120,-35.48172912294654,0.0,118,-30.6064500485491,0.0,118,-2.0166586548185905,0.0,118,-34.50227947514417,0.0,0.0,0.643967679521594,0.643967679521594,0.0,-23176.396785982164,-23176.396785982164,2318.283646277738,2318.283646277738,2318.283646277738,0.0,0.0,1604.2836462777382,0.0,714
2317.6396785982165,0.0,-23176.396785982164,1604.2836462777382,17807.324470305164,0.0,-0.0,0.4316613208810308,0.47997237932604736,0.0,799.2,0.0,0.0,1.0,888.0,-0.0,120,-14.89866039875137,0.0,120,-13.612103522792038,0.0,120,-1.5981581132748035,0.0,118,-45.85904554705392,0.0,118,-19.412962156709884,0.0,118,-50.38574456749019,0.0,0.0,0.643967679521594,0.643967679521594,0.0,-23176.396785982164,-23176.396785982164,2318.283646277738,2318.283646277738,2318.283646277738,0.0,0.0,1604.2836462777382,0.0,714
2317.6396785982165,0.0,-23176.396785982164,1604.2836462777382,19251.17975195513,0.0,-0.0,0.46666132770841223,0.47997237932604736,0.0,799.2,0.0,0.0,1.0,888.0,-0.0,120,-59.92163506193713,0.0,120,-18.606774195240877,0.0,120,-30.873076759295795,0.0,118,-5.42748736196801,0.0,118,-25.36831534930691,0.0,118,-57.22809412489953,0.0,0.0,0.643967679521594,0.643967679521594,0.0,-23176.396785982164,-23176.396785982164,2318.283646277738,2318.283646277738,2318.283646277738,0.0,0.0,1604.2836462777382,0.0,714
2385.6569006922614,0.0,-23856.569006922615,1672.3197672942874,20695.035033605094,0.0,-0.0,0.5016613345357936,0.47997237932604736,0.0,799.2,0.0,0.0,1.0,888.0,-0.0,120,-31.24463185389538,0.0,120,-14.206512332508352,0.0,120,-12.625385398888252,0.0,118,-27.008816334502384,0.0,118,-57.232451025026684,0.0,118,-20.597713830522082,0.0,0.0,0.662866602026191,0.662866602026191,0.0,-23856.569006922615,-23856.569006922615,2386.3197672942874,2386.3197672942874,2386.3197672942874,0.0,0.0,1672.3197672942874,0.0,714
2385.6569006922614,0.0,-23856.569006922615,1672.3197672942874,22200.122824169954,0.0,-0.0,0.5381456578714264,0.47997237932604736,0.0,799.2,0.0,0.0,1.0,888.0,-0.0,120,-13.365807226925924,0.0,120,-45.16807351048558,0.0,120,-25.488429293865867,0.0,118,-41.87680038759177,0.0,118,-30.419825973686134,0.0,118,-3.0155084067081606,0.0,0.0,0.662866602026191,0.662866602026191,0.0,-23856.569006922615,-23856.569006922615,2386.3197672942874,2386.3197672942874,2386.3197672942874,0.0,0.0,1672.3197672942874,0.0,714
2385.6569006922614,0.0,-23856.569006922615,1672.3197672942874,23705.210614734813,0.0,-0.0,0.5746299812070592,0.47997237932604736,0.0,799.2,0.0,0.0,1.0,888.0,-0.0,120,-59.699468351284516,0.0,120,-51.17619020605385,0.0,120,-18.279941377695966,0.0,118,-14.345108808574969,0.0,118,-32.35886654216398,0.0,118,-52.362846316067525,0.0,0.0,0.662866602026191,0.662866602026191,0.0,-23856.569006922615,-23856.569006922615,2386.3197672942874,2386.3197672942874,2386.3197672942874,0.0,0.0,1672.3197672942874,0.0,714
2385.6569006922614,0.0,-23856.569006922615,1674.3197672942874,25210.298405299673,0.0,-0.0,0.611114304542692,0.47997237932604736,0.0,799.2,0.0,0.0,1.0,888.0,-0.0,120,-7.836975752332142,0.0,118,-35.66708753400581,0.0,120,-57.490899194452325,0.0,118,-51.44043536316008,0.0,118,-28.978912250528165,0.0,118,-44.98968172295012,0.0,0.0,0.662866602026191,0.662866602026191,0.0,-23856.569006922615,-23856.569006922615,2386.3197672942874,2386.3197672942874,2386.3197672942874,0.0,0.0,1674.3197672942874,0.0,712
2385.6569006922614,0.0,-23856.569006922615,1674.3197672942874,26717.18619586453,0.0,-0.0,0.6476422610686382,0.47997237932604736,0.0,799.2,0.0,0.0,1.0,888.0,-0.0,120,-37.70021448646064,0.0,118,-55.667300346490784,0.0,120,-44.66974158129692,0.0,118,-14.243932059624091,0.0,118,-33.90500606139649,0.0,118,-7.316347614350304,0.0,0.0,0.662866602026191,0.662866602026191,0.0,-23856.569006922615,-23856.569006922615,2386.3197672942874,2386.3197672942874,2386.3197672942874,0.0,0.0,1674.3197672942874,0.0,712
2385.6569006922614,0.0,-23856.569006922615,1674.3197672942874,28224.07398642939,0.0,-0.0,0.6841702175945844,0.47997237932604736,0.0,799.2,0.0,0.0,1.0,888.0,-0.0,120,-48.78363104416174,0.0,118,-24.77242584972099,0.0,120,-13.337085026884504,0.0,118,-18.909025747066227,0.0,118,-35.576987972438594,0.0,118,-21.245091794722775,0.0,0.0,0.662866602026191,0.662866602026191,0.0,-23856.569006922615,-23856.569006922615,2386.3197672942874,2386.3197672942874,2386.3197672942874,0.0,0.0,1674.3197672942874,0.0,712
2227.5807618050876,0.0,-22275.807618050876,1516.1997061679122,29730.96177699425,0.0,-0.0,0.7206981741205306,0.47997237932604736,0.0,799.2,0.0,0.0,1.0,888.0,-0.0,120,-4.650893926471094,0.0,118,-10.623598093804745,0.0,120,-35.091516986482524,0.0,118,-57.16556217077257,0.0,118,-31.055415571928634,0.0,118,-25.67247793795073,0.0,0.0,0.61894436282442,0.61894436282442,0.0,-22275.807618050876,-22275.807618050876,2228.199706167912,2228.199706167912,2228.199706167912,0.0,0.0,1516.1997061679122,0.0,712
2227.5807618050876,0.0,-22275.807618050876,1516.1997061679122,31095.54151254537,0.0,-0.0,0.7537764892867275,0.47997237932604736,0.0,799.2,0.0,0.0,1.0,888.0,-0.0,120,-41.519934199297836,0.0,118,-8.250630666804424,0.0,120,-27.649345694267996,0.0,118,-55.59190091880822,0.0,118,-7.164838521717978,0.0,118,-9.540734881751487,0.0,0.0,0.61894436282442,0.61894436282442,0.0,-22275.807618050876,-22275.807618050876,2228.199706167912,2228.199706167912,2228.199706167912,0.0,0.0,1516.1997061679122,0.0,712
2227.5807618050876,0.0,-22275.807618050876,1516.1997061679122,32460.12124809649,0.0,-0.0,0.7868548044529243,0.47997237932604736,0.0,799.2,0.0,0.0,1.0,888.0,-0.0,120,-10.080522493585566,0.0,118,-35.51466529177689,0.0,120,-52.22392621474621,0.0,118,-45.352431567836504,0.0,118,-23.614727842407316,0.0,118,-21.59659217308011,0.0,0.0,0.61894436282442,0.61894436282442,0.0,-22275.807618050876,-22275.807618050876,2228.199706167912,2228.199706167912,2228.199706167912,0.0,0.0,1516.1997061679122,0.0,712
2227.5807618050876,0.0,-22275.807618050876,1516.1997061679122,33824.70098364761,0.0,-0.0,0.8199331196191214,0.47997237932604736,0.0,799.2,0.0,0.0,1.0,888.0,-0.0,120,-14.69741418410107,0.0,118,-37.240366361537305,0.0,120,-6.068681537801906,0.0,118,-8.630982087330768,0.0,118,-18.07661347207088,0.0,118,-27.885582863451397,0.0,0.0,0.61894436282442,0.61894436282442,0.0,-22275.807618050876,-22275.807618050876,2228.199706167912,2228.199706167912,2228.199706167912,0.0,0.0,1516.1997061679122,0.0,712
2227.5807618050876,0.0,-22275.807618050876,1516.1997061679122,35189.28071919874,0.0,-0.0,0.8530114347853184,0.47997237932604736,0.0,799.2,0.0,0.0,1.0,888.0,-0.0,120,-3.33914808799765,0.0,118,-12.927977367494666,0.0,120,-55.99081392652954,0.0,118,-28.53779225577222,0.0,118,-7.086490602928794,0.0,118,-5.400004454247183,0.0,0.0,0.61894436282442,0.61894436282442,0.0,-22275.807618050876,-22275.807618050876,2228.199706167912,2228.199706167912,2228.199706167912,0.0,0.0,1516.1997061679122,0.0,712
2227.5807618050876,0.0,-22275.807618050876,1516.1997061679122,36553.86045474986,0.0,-0.0,0.8860897499515153,0.47997237932604736,0.0,799.2,0.0,0.0,1.0,888.0,-0.0,120,-19.557973257244875,0.0,118,-38.98704608444247,0.0,120,-18.77820182508418,0.0,118,-29.670447800911155,0.0,118,-39.006465648883264,0.0,118,-27.586340436415504,0.0,0.0,0.61894436282442,0.61894436282442,0.0,-22275.807618050876,-22275.807618050876,2228.199706167912,2228.199706167912,2228.199706167912,0.0,0.0,1516.1997061679122,0.0,712
1889.5141243216328,0.0,-18895.141243216327,1178.0391351925196,37918.440190300986,0.0,-0.0,0.9191680651177123,0.47997237932604736,0.0,799.2,0.0,0.0,1.0,888.0,-0.0,120,-9.334929961598998,0.0,118,-15.814668409303962,0.0,120,-49.17095570492535,0.0,118,-26.595392454784154,0.0,118,-7.907326602190407,0.0,118,-43.858198435081945,0.0,0.0,0.525010870886811,0.525010870886811,0.0,-18895.141243216327,-18895.141243216327,1890.0391351925196,1890.0391351925196,1890.0391351925196,0.0,0.0,1178.0391351925196,0.0,712
1889.5141243216328,0.0,-18895.141243216327,1178.0391351925196,38978.675411974255,0.0,-0.0,0.9448688680089752,0.47997237932604736,0.0,799.2,0.0,0.0,1.0,888.0,-0.0,120,-44.88394690160279,0.0,118,-59.86050381950027,0.0,120,-13.515415996246254,0.0,118,-54.263414724045525,0.0,118,-16.00321882015515,0.0,118,-31.47280657588675,0.0,0.0,0.525010870886811,0.525010870886811,0.0,-18895.141243216327,-18895.141243216327,1890.0391351925196,1890.0391351925196,1890.0391351925196,0.0,0.0,1178.0391351925196,0.0,712
1889.5141243216328,0.0,-18895.141243216327,1178.0391351925196,40038.91063364752,0.0,-0.0,0.9705696709002382,0.47997237932604736,0.0,799.2,0.0,0.0,1.0,888.0,-0.0,120,-40.951594896054495,0.0,118,-33.31034146530814,0.0,120,-23.274206489481994,0.0,118,-14.036071059401875,0.0,118,-7.969023433832736,0.0,118,-5.220788754741252,0.0,0.0,0.525010870886811,0.525010870886811,0.0,-18895.141243216327,-18895.141243216327,1890.0391351925196,1890.0391351925196,1890.0391351925196,0.0,0.0,1178.0391351925196,0.0,712
1889.5141243216328,0.0,-18895.141243216327,170.94904964356425,41099.14585532079,0.0,-0.0,0.996270473791501,0.47997237932604736,0.0,799.2,1007.0900855489554,0.0,1.0,888.0,804866.3963707251,120,-43.22555890531743,0.0,118,-20.18052352709496,0.0,120,-27.010527746601102,0.0,118,-14.687701291050006,0.0,118,-12.265907081898995,0.0,118,-55.35095557972805,0.0,0.0,0.525010870886811,0.525010870886811,0.0,785971.2551275088,785971.2551275088,1890.0391351925196,1890.0391351925196,1890.0391351925196,0.0,0.0,1178.0391351925196,0.0,712
1889.5141243216328,0.0,-18895.141243216327,0.0,41253.0,0.0,-0.0,1.0,0.47997237932604736,0.0,799.2,1178.0391351925196,0.0,1.0,888.0,941488.8768458617,120,-15.70123899347915,0.0,118,-5.54522400138052,0.0,120,-40.86820691597103,0.0,118,-5.504100243210273,0.0,118,-24.090511839026448,0.0,118,-57.30035739526064,0.0,0.0,0.525010870886811,0.525010870886811,0.0,922593.7356026453,922593.7356026453,1890.0391351925196,1890.0391351925196,1890.0391351925196,0.0,0.0,1178.0391351925196,0.0,712
1889.5141243216328,0.0,-18895.141243216327,0.0,41253.0,0.0,-0.0,1.0,0.47997237932604736,0.0,799.2,1178.0391351925196,0.0,1.0,888.0,941488.8768458617,120,-27.830095312545037,0.0,118,-43.18889172924429,0.0,120,-35.09927789977131,0.0,118,-50.90695925193633,0.0,118,-42.30024974391273,0.0,118,-36.53350686291408,0.0,0.0,0.525010870886811,0.525010870886811,0.0,922593.7356026453,922593.7356026453,1890.0391351925196,1890.0391351925196,1890.0391351925196,0.0,0.0,1178.0391351925196,0.0,712
1342.5029218405855,0.0,-13425.029218405854,0.0,41253.0,0.0,-0.0,1.0,0.47997237932604736,0.0,799.2,630.8759429358454,0.0,1.0,888.0,504196.05359432765,120,-31.96065293823913,0.0,118,-28.154757448253157,0.0,120,-56.22144909090364,0.0,118,-54.9425170056884,0.0,118,-2.56573352135943,0.0,118,-1.882100118157064,0.0,0.0,0.373021095259957,0.373021095259957,0.0,490771.0243759218,490771.0243759218,1342.8759429358454,1342.8759429358454,1342.8759429358454,0.0,0.0,630.8759429358454,0.0,712
1342.5029218405855,0.0,-13425.029218405854,0.0,41253.0,0.0,-0.0,1.0,0.47997237932604736,0.0,799.2,630.8759429358454,0.0,1.0,888.0,504196.05359432765,120,-37.360339489809775,0.0,118,-12.732282174526695,0.0,120,-57.69054196559466,0.0,118,-44.474503462997106,0.0,118,-55.2322125481615,0.0,118,-1.8414035163177367,0.0,0.0,0.373021095259957,0.373021095259957,0.0,490771.0243759218,490771.0243759218,1342.8759429358454,1342.8759429358454,1342.8759429358454,0.0,0.0,630.8759429358454,0.0,712
1342.5029218405855,0.0,-13425.029218405854,0.0,41253.0,0.0,-0.0,1.0,0.47997237932604736,0.0,799.2,630.8759429358454,0.0,1.0,888.0,504196.05359432765,120,-23.990856573123047,0.0,118,-35.86314866037259,0.0,120,-39.61068616721161,0.0,118,-26.84580460746104,0.0,118,-40.951306820500555,0.0,118,-21.496069737546183,0.0,0.0,0.373021095259957,0.373021095259957,0.0,490771.0243759218,490771.0243759218,1342.8759429358454,1342.8759429358454,1342.8759429358454,0.0,0.0,630.8759429358454,0.0,712
1342.5029218405855,0.0,-13425.029218405854,0.0,41253.0,0.0,-0.0,1.0,0.47997237932604736,0.0,799.2,630.8759429358454,0.0,1.0,888.0,504196.05359432765,120,-3.7748956616879403,0.0,118,-20.915169481085073,0.0,120,-58.84019768001587,0.0,118,-9.477906265597955,0.0,118,-19.19046289437891,0.0,118,-7.090535795060118,0.0,0.0,0.373021095259957,0.373021095259957,0.0,490771.0243759218,490771.0243759218,1342.8759429358454,1342.8759429358454,1342.8759429358454,0.0,0.0,630.8759429358454,0.0,712
1342.5029218405855,0.0,-13425.029218405854,0.0,41253.0,0.0,-0.0,1.0,0.47997237932604736,0.0,799.2,630.8759429358454,0.0,1.0,888.0,504196.05359432765,120,-10.597625465533739,0.0,118,-57.78266154013636,0.0,120,-4.63538182756269,0.0,118,-50.18867710193711,0.0,118,-30.60089141256873,0.0,118,-47.71144380745474,0.0,0.0,0.373021095259957,0.373021095259957,0.0,490771.0243759218,490771.0243759218,1342.8759429358454,1342.8759429358454,1342.8759429358454,0.0,0.0,630.8759429358454,0.0,712
1342.5029218405855,0.0,-13425.029218405854,0.0,41253.0,0.0,-0.0,1.0,0.47997237932604736,0.0,799.2,630.8759429358454,0.0,1.0,888.0,504196.05359432765,120,-32.7414468054742,0.0,118,-40.5785398785095,0.0,120,-29.409998129827315,0.0,118,-58.34493396020204,0.0,118,-40.252241647345485,0.0,118,-23.26194077797934,0.0,0.0,0.373021095259957,0.373021095259957,0.0,490771.0243759218,490771.0243759218,1342.8759429358454,1342.8759429358454,1342.8759429358454,0.0,0.0,630.8759429358454,0.0,712
635.0546405672701,0.0,-6350.546405672701,0.0,41253.0,76.76890635116081,-0.0,1.0,0.47997237932604736,0.0,799.2,0.0,0.0,1.0,888.0,-0.0,120,-7.16753608165593,0.0,118,-7.032127927464447,0.0,120,-5.666998427830827,0.0,118,-33.76142687185525,0.0,118,-2.6625307512567375,0.0,118,-41.55962706143695,0.0,0.0,0.176453081569122,0.176453081569122,0.0,-6350.546405672701,-6350.546405672701,712.0,712.0,635.2310936488392,0.0,76.76890635116081,0.0,0.0,712
635.0546405672701,0.0,-6350.546405672701,0.0,41167.701215165376,76.76890635116081,-0.0,0.9979323010487813,0.47997237932604736,0.0,799.2,0.0,0.0,1.0,888.0,-0.0,120,-8.66327293258639,0.0,118,-37.800207248601794,0.0,120,-40.12337173380478,0.0,118,-10.78291526497215,0.0,118,-25.358357103382836,0.0,118,-1.854272785653115,0.0,0.0,0.176453081569122,0.176453081569122,0.0,-6350.546405672701,-6350.546405672701,712.0,712.0,635.2310936488392,0.0,76.76890635116081,0.0,0.0,712
635.0546405672701,0.0,-6350.546405672701,0.0,41082.40243033075,76.76890635116081,-0.0,0.9958646020975627,0.47997237932604736,0.0,799.2,0.0,0.0,1.0,888.0,-0.0,120,-0.19260317845458896,0.0,118,-21.910534921892992,0.0,120,-36.69300522643092,0.0,118,-20.661451004381725,0.0,118,-42.812626806337235,0.0,118,-45.15697517028667,0.0,0.0,0.176453081569122,0.176453081569122,0.0,-6350.546405672701,-6350.546405672701,712.0,712.0,635.2310936488392,0.0,76.76890635116081,0.0,0.0,712
635.0546405672701,0.0,-6350.546405672701,0.0,40997.10364549613,76.76890635116081,-0.0,0.993796903146344,0.47997237932604736,0.0,799.2,0.0,0.0,1.0,888.0,-0.0,120,-27.892298166239037,0.0,118,-54.82315455456172,0.0,120,-24.12391646331085,0.0,118,-59.740967679315325,0.0,118,-29.085270430810347,0.0,118,-19.567183587715594,0.0,0.0,0.176453081569122,0.176453081569122,0.0,-6350.546405672701,-6350.546405672701,712.0,712.0,635.2310936488392,0.0,76.76890635116081,0.0,0.0,712
635.0546405672701,0.0,-6350.546405672701,0.0,40911.804860661505,76.76890635116081,-0.0,0.9917292041951253,0.47997237932604736,0.0,799.2,0.0,0.0,1.0,888.0,-0.0,120,-2.219307308019254,0.0,118,-41.16882709548399,0.0,120,-18.42884049968939,0.0,118,-24.215412195002926,0.0,118,-19.486853678516308,0.0,118,-55.695387199744346,0.0,0.0,0.176453081569122,0.176453081569122,0.0,-6350.546405672701,-6350.546405672701,712.0,712.0,635.2310936488392,0.0,76.76890635116081,0.0,0.0,712
635.0546405672701,0.0,-6350.546405672701,0.0,40826.50607582688,76.76890635116081,-0.0,0.9896615052439066,0.47997237932604736,0.0,799.2,0.0,0.0,1.0,888.0,-0.0,120,-46.13505224619128,0.0,118,-13.54732621686229,0.0,120,-39.87081761605425,0.0,118,-46.08859454018442,0.0,118,-6.036492747870281,0.0,118,-38.29448786487605,0.0,0.0,0.176453081569122,0.176453081569122,0.0,-6350.546405672701,-6350.546405672701,712.0,712.0,635.2310936488392,0.0,76.76890635116081,0.0,0.0,712
66.4299523438495,0.0,-664.2995234384949,0.0,40741.20729099226,645.5515897644184,-0.0,0.987593806292688,0.47997237932604736,0.0,799.2,0.0,0.0,1.0,888.0,-0.0,120,-9.022959429451252,0.0,118,-19.74824053516582,0.0,120,-42.79969239619579,0.0,118,-50.645356168890906,0.0,118,-12.214798686587047,0.0,118,-36.95016874079894,0.0,0.0,0.018457891732106,0.018457891732106,0.0,-664.2995234384949,-664.2995234384949,712.0,712.0,66.4484102355816,0.0,645.5515897644184,0.0,0.0,712
66.4299523438495,0.0,-664.2995234384949,0.0,40023.92774680957,645.5515897644184,-0.0,0.9702064758153242,0.47997237932604736,0.0,799.2,0.0,0.0,1.0,888.0,-0.0,120,-14.158224271295188,0.0,118,-43.37347340022797,0.0,120,-53.80789465428584,0.0,118,-12.482798216344186,0.0,118,-34.95987484031464,0.0,118,-36.40579583611763,0.0,0.0,0.018457891732106,0.018457891732106,0.0,-664.2995234384949,-664.2995234384949,712.0,712.0,66.4484102355816,0.0,645.5515897644184,0.0,0.0,712
66.4299523438495,0.0,-664.2995234384949,0.0,39306.64820262688,645.5515897644184,-0.0,0.9528191453379603,0.47997237932604736,0.0,799.2,0.0,0.0,1.0,888.0,-0.0,120,-36.52956571912077,0.0,118,-30.70341467659969,0.0,120,-12.841002289606536,0.0,118,-22.768872928999155,0.0,118,-24.028990523089476,0.0,118,-59.19933674345829,0.0,0.0,0.018457891732106,0.018457891732106,0.0,-664.2995234384949,-664.2995234384949,712.0,712.0,66.4484102355816,0.0,645.5515897644184,0.0,0.0,712
66.4299523438495,0.0,-664.2995234384949,0.0,38589.36865844419,645.5515897644184,-0.0,0.9354318148605966,0.47997237932604736,0.0,799.2,0.0,0.0,1.0,888.0,-0.0,120,-1.2248322885639196,0.0,118,-49.877450027750385,0.0,120,-59.26219139902161,0.0,118,-24.182893393165635,0.0,118,-15.490572870268329,0.0,118,-10.519690148652547,0.0,0.0,0.018457891732106,0.018457891732106,0.0,-664.2995234384949,-664.2995234384949,712.0,712.0,66.4484102355816,0.0,645.5515897644184,0.0,0.0,712
66.4299523438495,0.0,-664.2995234384949,0.0,37872.0891142615,645.5515897644184,-0.0,0.9180444843832327,0.47997237932604736,0.0,799.2,0.0,0.0,1.0,888.0,-0.0,120,-31.485163730250015,0.0,118,-51.07768642601528,0.0,120,-47.038971505580676,0.0,118,-42.58317050256851,0.0,118,-23.341826332056506,0.0,118,-3.5722811892106154,0.0,0.0,0.018457891732106,0.018457891732106,0.0,-664.2995234384949,-664.2995234384949,712.0,712.0,66.4484102355816,0.0,645.5515897644184,0.0,0.0,712
66.4299523438495,0.0,-664.2995234384949,0.0,37154.80957007881,645.5515897644184,-0.0,0.900657153905869,0.47997237932604736,0.0,799.2,0.0,0.0,1.0,888.0,-0.0,120,-52.829297621451,0.0,118,-33.131675504457355,0.0,120,-40.40920525635559,0.0,118,-10.769591205463286,0.0,118,-31.2599636749083,0.0,118,-36.859084489427886,0.0,0.0,0.018457891732106,0.018457891732106,0.0,-664.2995234384949,-664.2995234384949,712.0,712.0,66.4484102355816,0.0,645.5515897644184,0.0,0.0,712
0.0,0.0,-0.0,0.0,36437.53002589612,712.0,-0.0,0.8832698234285051,0.47997237932604736,0.0,799.2,0.0,0.0,1.0,888.0,-0.0,120,-27.94491860526249,0.0,118,-15.1821424964563,0.0,120,-5.489811722648639,0.0,118,-18.37005328509222,0.0,118,-22.973480213509823,0.0,118,-8.81388910480772,0.0,0.0,0.0,0.0,0.0,0.0,0.0,712.0,712.0,0.0,0.0,712.0,0.0,0.0,712
0.0,0.0,-0.0,0.0,35646.41891478501,712.0,-0.0,0.864092766945071,0.47997237932604736,0.0,799.2,0.0,0.0,1.0,888.0,-0.0,120,-37.074344045729596,0.0,118,-48.53896521642151,0.0,120,-23.42132917918602,0.0,118,-32.539978653471046,0.0,118,-8.637851149849716,0.0,118,-53.11108522751332,0.0,0.0,0.0,0.0,0.0,0.0,0.0,712.0,712.0,0.0,0.0,712.0,0.0,0.0,712
0.0,0.0,-0.0,0.0,34855.3078036739,712.0,-0.0,0.8449157104616368,0.47997237932604736,0.0,799.2,0.0,0.0,1.0,888.0,-0.0,120,-49.53091705824905,0.0,118,-0.028965688701587666,0.0,120,-21.927784459643473,0.0,118,-56.28781892678117,0.0,118,-4.839150593722712,0.0,118,-17.211289784643306,0.0,0.0,0.0,0.0,0.0,0.0,0.0,712.0,712.0,0.0,0.0,712.0,0.0,0.0,712
0.0,0.0,-0.0,0.0,34064.19669256279,712.0,-0.0,0.8257386539782027,0.47997237932604736,0.0,799.2,0.0,0.0,1.0,888.0,-0.0,120,-2.8893927179171475,0.0,118,-36.06472651196558,0.0,120,-15.393201730017621,0.0,118,-59.48208524334098,0.0,118,-30.353712906372564,0.0,118,-37.48495813958312,0.0,0.0,0.0,0.0,0.0,0.0,0.0,712.0,712.0,0.0,0.0,712.0,0.0,0.0,712
0.0,0.0,-0.0,0.0,33273.08558145168,712.0,-0.0,0.8065615974947684,0.47997237932604736,0.0,799.2,0.0,0.0,1.0,888.0,-0.0,120,-17.657785461997403,0.0,118,-0.07873182674113854,0.0,120,-20.02642958417865,0.0,118,-11.472594967963293,0.0,118,-38.010329100850655,0.0,118,-12.66678954627591,0.0,0.0,0.0,0.0,0.0,0.0,0.0,712.0,712.0,0.0,0.0,712.0,0.0,0.0,712
0.0,0.0,-0.0,0.0,32481.974470340574,712.0,-0.0,0.7873845410113343,0.47997237932604736,0.0,799.2,0.0,0.0,1.0,888.0,-0.0,120,-16.779130678434058,0.0,118,-8.644095759684681,0.0,120,-3.4611855104346922,0.0,118,-59.5338493767592,0.0,118,-7.404682601948029,0.0,118,-19.973061121693473,0.0,0.0,0.0,0.0,0.0,0.0,0.0,712.0,712.0,0.0,0.0,712.0,0.0,0.0,712
0.0,0.0,-0.0,0.0,31690.863359229465,712.0,-0.0,0.7682074845279001,0.47997237932604736,0.0,799.2,0.0,0.0,1.0,888.0,-0.0,120,-17.112052064221828,0.0,118,-24.776991301023962,0.0,120,-34.02787041743933,0.0,118,-43.79031849681863,0.0,118,-14.66611975950688,0.0,118,-50.425462281638296,0.0,0.0,0.0,0.0,0.0,0.0,0.0,712.0,712.0,0.0,0.0,712.0,0.0,0.0,712
0.0,0.0,-0.0,0.0,30899.752248118355,712.0,-0.0,0.749030428044466,0.47997237932604736,0.0,799.2,0.0,0.0,1.0,888.0,-0.0,120,-24.28157416525643,0.0,118,-59.98008621024848,0.0,120,-18.894356481781283,0.0,118,-11.675168094461963,0.0,118,-10.32907738130579,0.0,118,-3.3448853570014836,0.0,0.0,0.0,0.0,0.0,0.0,0.0,712.0,712.0,0.0,0.0,712.0,0.0,0.0,712
0.0,0.0,-0.0,0.0,30108.641137007246,712.0,-0.0,0.7298533715610318,0.47997237932604736,0.0,799.2,0.0,0.0,1.0,888.0,-0.0,120,-21.812723225375716,0.0,118,-53.32785519605751,0.0,120,-39.45161119559439,0.0,118,-59.45885110953235,0.0,118,-2.023880766105479,0.0,118,-18.44995299991377,0.0,0.0,0.0,0.0,0.0,0.0,0.0,712.0,712.0,0.0,0.0,712.0,0.0,0.0,712
0.0,0.0,-0.0,0.0,29317.530025896136,712.0,-0.0,0.7106763150775977,0.47997237932604736,0.0,799.2,0.0,0.0,1.0,888.0,-0.0,120,-40.04641618206644,0.0,118,-57.60120482757065,0.0,120,-32.225594165542105,0.0,118,-18.513684200241403,0.0,118,-38.358124091929994,0.0,118,-17.41108235471373,0.0,0.0,0.0,0.0,0.0,0.0,0.0,712.0,712.0,0.0,0.0,712.0,0.0,0.0,712
0.0,0.0,-0.0,0.0,28526.418914785027,712.0,-0.0,0.6914992585941635,0.47997237932604736,0.0,799.2,0.0,0.0,1.0,888.0,-0.0,120,-53.42336178199102,0.0,118,-24.29639666243348,0.0,120,-39.03095908709336,0.0,118,-42.93562677995087,0.0,118,-2.7466771560412306,0.0,118,-3.7668736555719717,0.0,0.0,0.0,0.0,0.0,0.0,0.0,712.0,712.0,0.0,0.0,712.0,0.0,0.0,712
0.0,0.0,-0.0,0.0,27735.307803673917,712.0,-0.0,0.6723222021107294,0.47997237932604736,0.0,799.2,0.0,0.0,1.0,888.0,-0.0,120,-50.44728407122443,0.0,118,-7.6881563204584165,0.0,120,-38.88846643447735,0.0,118,-26.67557265048745,0.0,118,-51.15469102850655,0.0,118,-37.81180711115279,0.0,0.0,0.0,0.0,0.0,0.0,0.0,712.0,712.0,0.0,0.0,712.0,0.0,0.0,712
0.0,0.0,-0.0,0.0,26944.196692562808,712.0,-0.0,0.6531451456272952,0.47997237932604736,0.0,799.2,0.0,0.0,1.0,888.0,-0.0,120,-22.942186635051204,0.0,118,-20.927017395165734,0.0,120,-57.58342938871249,0.0,118,-2.561265066976519,0.0,118,-39.862044876444,0.0,118,-23.870643502035108,0.0,0.0,0.0,0.0,0.0,0.0,0.0,712.0,712.0,0.0,0.0,712.0,0.0,0.0,712
0.0,0.0,-0.0,0.0,26153.085581451698,712.0,-0.0,0.633968089143861,0.47997237932604736,0.0,799.2,0.0,0.0,1.0,888.0,-0.0,120,-5.612804979013834,0.0,118,-34.556548909890545,0.0,120,-2.290060907077902,0.0,118,-24.284711974404523,0.0,118,-18.870274240686346,0.0,118,-5.477575349489808,0.0,0.0,0.0,0.0,0.0,0.0,0.0,712.0,712.0,0.0,0.0,712.0,0.0,0.0,712
0.0,0.0,-0.0,0.0,25361.97447034059,712.0,-0.0,0.6147910326604269,0.47997237932604736,0.0,799.2,0.0,0.0,1.0,888.0,-0.0,120,-33.06439963656085,0.0,118,-48.948906888352724,0.0,120,-12.661159920903916,0.0,118,-25.87362435278701,0.0,118,-55.77983396407304,0.0,118,-46.741393917305494,0.0,0.0,0.0,0.0,0.0,0.0,0.0,712.0,712.0,0.0,0.0,712.0,0.0,0.0,712
0.0,0.0,-0.0,0.0,24570.86335922948,712.0,-0.0,0.5956139761769926,0.47997237932604736,0.0,799.2,0.0,0.0,1.0,888.0,-0.0,120,-51.478923107299735,0.0,118,-34.35311045415049,0.0,120,-25.75135057471508,0.0,118,-19.249769124793165,0.0,118,-24.417984770807443,0.0,118,-13.67882990199002,0.0,0.0,0.0,0.0,0.0,0.0,0.0,712.0,712.0,0.0,0.0,712.0,0.0,0.0,712
0.0,0.0,-0.0,0.0,23779.75224811837,712.0,-0.0,0.5764369196935585,0.47997237932604736,0.0,799.2,0.0,0.0,1.0,888.0,-0.0,120,-18.003461768501523,0.0,118,-25.366211715924937,0.0,120,-21.14804186286898,0.0,118,-44.967598229020595,0.0,118,-59.92033398583088,0.0,118,-47.106408806285906,0.0,0.0,0.0,0.0,0.0,0.0,0.0,712.0,712.0,0.0,0.0,712.0,0.0,0.0,712
0.0,0.0,-0.0,0.0,22988.64113700726,712.0,-0.0,0.5572598632101243,0.47997237932604736,0.0,799.2,0.0,0.0,1.0,888.0,-0.0,120,-58.7654748314492,0.0,118,-14.676402484769875,0.0,120,-55.32673443690478,0.0,118,-47.20386597255902,0.0,118,-5.900166278444676,0.0,118,-12.934114972519012,0.0,0.0,0.0,0.0,0.0,0.0,0.0,712.0,712.0,0.0,0.0,712.0,0.0,0.0,712
0.0,0.0,-0.0,0.0,22197.53002589615,712.0,-0.0,0.5380828067266902,0.47997237932604736,0.0,799.2,0.0,0.0,1.0,888.0,-0.0,120,-18.487627412467084,0.0,118,-55.84779978639895,0.0,120,-54.46709131585605,0.0,118,-27.665550978982075,0.0,118,-11.554045051213347,0.0,118,-32.30209599575141,0.0,0.0,0.0,0.0,0.0,0.0,0.0,712.0,712.0,0.0,0.0,712.0,0.0,0.0,712
0.0,0.0,-0.0,0.0,21406.41891478504,712.0,-0.0,0.518905750243256,0.47997237932604736,0.0,799.2,0.0,0.0,1.0,888.0,-0.0,120,-39.12385069330449,0.0,118,-45.554072048206805,0.0,120,-24.098232799335893,0.0,118,-25.101824651837337,0.0,118,-54.04662830115395,0.0,118,-30.514658070980406,0.0,0.0,0.0,0.0,0.0,0.0,0.0,712.0,712.0,0.0,0.0,712.0,0.0,0.0,712
0.0,0.0,-0.0,0.0,20615.30780367393,712.0,-0.0,0.4997286937598219,0.47997237932604736,0.0,799.2,0.0,0.0,1.0,888.0,-0.0,120,-45.12970362328531,0.0,118,-5.7772721829149765,0.0,120,-11.32048890311222,0.0,118,-35.135462304073144,0.0,118,-38.98988323381956,0.0,118,-24.277916658489637,0.0,0.0,0.0,0.0,0.0,0.0,0.0,712.0,712.0,0.0,0.0,712.0,0.0,0.0,712
0.0,0.0,-0.0,0.0,19824.196692562822,712.0,-0.0,0.4805516372763877,0.47997237932604736,0.0,799.2,0.0,0.0,1.0,888.0,-0.0,120,-59.392912119802304,0.0,118,-6.353187330858998,0.0,120,-13.448119859590332,0.0,118,-24.849095063811312,0.0,118,-38.76137170236831,0.0,118,-46.24842516235275,0.0,0.0,0.0,0.0,0.0,0.0,0.0,712.0,712.0,0.0,0.0,712.0,0.0,0.0,712
0.0,0.0,-0.0,0.0,19033.085581451713,712.0,-0.0,0.46137458079295357,0.47997237932604736,0.0,799.2,0.0,0.0,1.0,888.0,-0.0,120,-53.140450872722845,0.0,118,-49.51167310225889,0.0,120,-13.228783143849379,0.0,118,-16.534294630739097,0.0,118,-12.998449044076763,0.0,118,-8.131448552032767,0.0,0.0,0.0,0.0,0.0,0.0,0.0,712.0,712.0,0.0,0.0,712.0,0.0,0.0,712
0.0,0.0,-0.0,0.0,18241.974470340603,712.0,-0.0,0.44219752430951936,0.47997237932604736,0.0,799.2,0.0,0.0,1.0,888.0,-0.0,120,-52.72622185850481,0.0,118,-47.66114306339392,0.0,120,-25.15300235067058,0.0,118,-58.665347672821355,0.0,118,-58.237945987308194,0.0,118,-23.247648946079536,0.0,0.0,0.0,0.0,0.0,0.0,0.0,712.0,712.0,0.0,0.0,712.0,0.0,0.0,712
0.0,0.0,-0.0,0.0,17450.863359229494,714.0,-0.0,0.4230204678260852,0.47997237932604736,0.0,799.2,0.0,0.0,1.0,888.0,-0.0,120,-59.883527319736565,0.0,118,-57.14895437434081,0.0,120,-44.4364243375575,0.0,118,-40.294691107624665,0.0,118,-9.507265180278841,0.0,120,-45.048545033173205,0.0,0.0,0.0,0.0,0.0,0.0,0.0,714.0,714.0,0.0,0.0,714.0,0.0,0.0,714
0.0,0.0,-0.0,0.0,16657.53002589616,714.0,-0.0,0.40378954320646165,0.47997237932604736,0.0,799.2,0.0,0.0,1.0,888.0,-0.0,120,-34.09632459673467,0.0,118,-0.7456623964581488,0.0,120,-10.184501141168841,0.0,118,-22.954266403285008,0.0,118,-23.29841023809171,0.0,120,-33.44191180104273,0.0,0.0,0.0,0.0,0.0,0.0,0.0,714.0,714.0,0.0,0.0,714.0,0.0,0.0,714
0.0,0.0,-0.0,0.0,15864.196692562828,714.0,-0.0,0.384558618586838,0.47997237932604736,0.0,799.2,0.0,0.0,1.0,888.0,-0.0,120,-32.757139540817114,0.0,118,-38.794645789504195,0.0,120,-0.8141937953914713,0.0,118,-19.591696350018996,0.0,118,-20.38848666101035,0.0,120,-11.814122686755173,0.0,0.0,0.0,0.0,0.0,0.0,0.0,714.0,714.0,0.0,0.0,714.0,0.0,0.0,714
0.0,0.0,-0.0,0.0,15070.863359229494,714.0,-0.0,0.3653276939672144,0.47997237932604736,0.0,799.2,0.0,0.0,1.0,888.0,-0.0,120,-34.6665639008757,0.0,118,-24.375801412858983,0.0,120,-3.9827531874355016,0.0,118,-54.945940248173805,0.0,118,-31.974258724965374,0.0,120,-3.1327861684013403,0.0,0.0,0.0,0.0,0.0,0.0,0.0,714.0,714.0,0.0,0.0,714.0,0.0,0.0,714
0.0,0.0,-0.0,0.0,14277.53002589616,714.0,-0.0,0.3460967693475907,0.47997237932604736,0.0,799.2,0.0,0.0,1.0,888.0,-0.0,120,-51.290792160961914,0.0,118,-3.1272341345493104,0.0,120,-17.13684503402344,0.0,118,-17.51064936852108,0.0,118,-33.09664261259318,0.0,120,-9.085243812323196,0.0,0.0,0.0,0.0,0.0,0.0,0.0,714.0,714.0,0.0,0.0,714.0,0.0,0.0,714
0.0,0.0,-0.0,0.0,13484.196692562826,714.0,-0.0,0.3268658447279671,0.47997237932604736,0.0,799.2,0.0,0.0,1.0,888.0,-0.0,120,-51.12860622176739,0.0,118,-0.8903564776459238,0.0,120,-37.40076232880193,0.0,118,-1.0069230428281606,0.0,118,-27.9007150378671,0.0,120,-51.312383689607486,0.0,0.0,0.0,0.0,0.0,0.0,0.0,714.0,714.0,0.0,0.0,714.0,0.0,0.0,714
0.0,0.0,-0.0,0.0,12690.863359229492,714.0,-0.0,0.3076349201083434,0.47997237932604736,0.0,799.2,0.0,0.0,1.0,888.0,-0.0,120,-20.215582782870605,0.0,118,-25.063877300988548,0.0,120,-9.875175156823623,0.0,118,-21.514210349493972,0.0,118,-29.63146546177946,0.0,120,-4.817870729418329,0.0,0.0,0.0,0.0,0.0,0.0,0.0,714.0,714.0,0.0,0.0,714.0,0.0,0.0,714
0.0,0.0,-0.0,0.0,11897.530025896158,714.0,-0.0,0.2884039954887198,0.47997237932604736,0.0,799.2,0.0,0.0,1.0,888.0,-0.0,120,-51.06470905753885,0.0,118,-21.460828726032553,0.0,120,-44.11236940592963,0.0,118,-41.56207487698384,0.0,118,-17.695555370387893,0.0,120,-7.77816938334011,0.0,0.0,0.0,0.0,0.0,0.0,0.0,714.0,714.0,0.0,0.0,714.0,0.0,0.0,714
0.0,0.0,-0.0,0.0,11104.196692562824,714.0,-0.0,0.26917307086909614,0.47997237932604736,0.0,799.2,0.0,0.0,1.0,888.0,-0.0,120,-55.97474983328213,0.0,118,-37.92331787297948,0.0,120,-11.372157043748691,0.0,118,-55.723121140050246,0.0,118,-27.850208572390017,0.0,120,-25.355372658228315,0.0,0.0,0.0,0.0,0.0,0.0,0.0,714.0,714.0,0.0,0.0,714.0,0.0,0.0,714
0.0,0.0,-0.0,0.0,10310.86335922949,714.0,-0.0,0.24994214624947253,0.47997237932604736,0.0,799.2,0.0,0.0,1.0,888.0,-0.0,120,-45.85718655675539,0.0,118,-55.134128706894586,0.0,120,-41.28490184992528,0.0,118,-33.60223047267655,0.0,118,-50.11967266880548,0.0,120,-47.070721934210354,0.0,0.0,0.0,0.0,0.0,0.0,0.0,714.0,714.0,0.0,0.0,714.0,0.0,0.0,714
0.0,0.0,-0.0,0.0,9517.530025896156,714.0,-0.0,0.2307112216298489,0.47997237932604736,0.0,799.2,0.0,0.0,1.0,888.0,-0.0,120,-21.67065203965963,0.0,118,-50.154313531312894,0.0,120,-21.037023121690584,0.0,118,-20.48953979495954,0.0,118,-53.87337954842721,0.0,120,-51.18797424675594,0.0,0.0,0.0,0.0,0.0,0.0,0.0,714.0,714.0,0.0,0.0,714.0,0.0,0.0,714
0.0,0.0,-0.0,0.0,8724.196692562822,714.0,-0.0,0.21148029701022525,0.47997237932604736,0.0,799.2,0.0,0.0,1.0,888.0,-0.0,120,-20.40784978570133,0.0,118,-7.031436534322628,0.0,120,-55.01522905868814,0.0,118,-45.128231759027116,0.0,118,-7.339691686527239,0.0,120,-58.18620010826238,0.0,0.0,0.0,0.0,0.0,0.0,0.0,714.0,714.0,0.0,0.0,714.0,0.0,0.0,714
0.0,0.0,-0.0,0.0,7930.863359229489,714.0,-0.0,0.19224937239060164,0.47997237932604736,0.0,799.2,0.0,0.0,1.0,888.0,-0.0,120,-20.710506060486427,0.0,118,-9.84548171983062,0.0,120,-30.04491693933056,0.0,118,-28.501116931982043,0.0,118,-46.88427319744051,0.0,120,-49.74536934405569,0.0,0.0,0.0,0.0,0.0,0.0,0.0,714.0,714.0,0.0,0.0,714.0,0.0,0.0,714
0.0,0.0,-0.0,0.0,7137.530025896156,714.0,-0.0,0.17301844777097802,0.47997237932604736,0.0,799.2,0.0,0.0,1.0,888.0,-0.0,120,-8.35495498716105,0.0,118,-22.678711721328032,0.0,120,-12.089853005312571,0.0,118,-10.366891488904695,0.0,118,-27.419524297249488,0.0,120,-23.723275636535835,0.0,0.0,0.0,0.0,0.0,0.0,0.0,714.0,714.0,0.0,0.0,714.0,0.0,0.0,714
0.0,0.0,-0.0,0.0,6344.196692562823,714.0,-0.0,0.1537875231513544,0.47997237932604736,0.0,799.2,0.0,0.0,1.0,888.0,-0.0,120,-26.516293956928884,0.0,118,-11.176557630035056,0.0,120,-25.85896929657363,0.0,118,-41.42027715660494,0.0,118,-39.55094743716204,0.0,120,-26.657340196160945,0.0,0.0,0.0,0.0,0.0,0.0,0.0,714.0,714.0,0.0,0.0,714.0,0.0,0.0,714
0.0,0.0,-0.0,0.0,5550.86335922949,714.0,-0.0,0.13455659853173077,0.47997237932604736,0.0,799.2,0.0,0.0,1.0,888.0,-0.0,120,-19.56816543026933,0.0,118,-33.64682412388435,0.0,120,-36.70420810416742,0.0,118,-12.126960186233779,0.0,118,-31.564711605016207,0.0,120,-53.97718544704266,0.0,0.0,0.0,0.0,0.0,0.0,0.0,714.0,714.0,0.0,0.0,714.0,0.0,0.0,714
0.0,0.0,-0.0,0.0,4757.530025896157,714.0,-0.0,0.11532567391210717,0.47997237932604736,0.0,799.2,0.0,0.0,1.0,888.0,-0.0,120,-28.455399412940277,0.0,118,-52.06379480425818,0.0,120,-22.0057047242619,0.0,118,-10.99268343181738,0.0,118,-32.410737962337826,0.0,120,-38.83621273279522,0.0,0.0,0.0,0.0,0.0,0.0,0.0,714.0,714.0,0.0,0.0,714.0,0.0,0.0,714
0.0,0.0,-0.0,0.0,3964.196692562824,714.0,-0.0,0.09609474929248356,0.47997237932604736,0.0,799.2,0.0,0.0,1.0,888.0,-0.0,120,-29.960760160849777,0.0,118,-35.26093306024955,0.0,120,-49.18355154961196,0.0,118,-16.78949844027821,0.0,118,-7.6576982382522,0.0,120,-32.61574690629764,0.0,0.0,0.0,0.0,0.0,0.0,0.0,714.0,714.0,0.0,0.0,714.0,0.0,0.0,714
0.0,0.0,-0.0,0.0,3170.863359229491,714.0,-0.0,0.07686382467285993,0.47997237932604736,0.0,799.2,0.0,0.0,1.0,888.0,-0.0,120,-42.9483874136412,0.0,118,-13.910954907821749,0.0,120,-36.293662820699105,0.0,118,-21.615581126511948,0.0,118,-46.32753766845504,0.0,120,-1.3924504390437509,0.0,0.0,0.0,0.0,0.0,0.0,0.0,714.0,714.0,0.0,0.0,714.0,0.0,0.0,714
0.0,0.0,-0.0,0.0,2377.530025896158,714.0,-0.0,0.05763290005323632,0.47997237932604736,0.0,799.2,0.0,0.0,1.0,888.0,-0.0,120,-16.414118466140547,0.0,118,-56.514118320697705,0.0,120,-19.32716505458778,0.0,118,-4.360809596769344,0.0,118,-28.02870340976259,0.0,120,-26.475582591177734,0.0,0.0,0.0,0.0,0.0,0.0,0.0,714.0,714.0,0.0,0.0,714.0,0.0,0.0,714
0.0,0.0,-0.0,0.0,1584.1966925628246,714.0,-0.0,0.0384019754336127,0.47997237932604736,0.0,799.2,0.0,0.0,1.0,888.0,-0.0,120,-34.44534130584138,0.0,118,-20.17870975578921,0.0,120,-7.611072083668549,0.0,118,-21.637284456093795,0.0,118,-22.766333914649728,0.0,120,-22.63086845491477,0.0,0.0,0.0,0.0,0.0,0.0,0.0,714.0,714.0,0.0,0.0,714.0,0.0,0.0,714
0.0,0.0,-0.0,0.0,790.8633592294914,711.7770233065422,-0.0,0.019171050813989076,0.47997237932604736,1.0669674127452806,799.2,0.0,2.222976693457781,1.0,888.0,-1974.0033037905096,120,-6.425253594748539,0.0,118,-46.63326243442631,0.0,120,-58.75447695091727,0.0,118,-37.263207675571365,0.0,118,-1.4592285198976973,0.0,120,-14.49718118144435,0.0,0.0,0.0,0.0,0.0,-1974.0033037905096,-1974.0033037905096,714.0,714.0,0.0,0.0,714.0,0.0,0.0,714
0.0,0.0,-0.0,0.0,0.0,0.0,-0.0,0.0,0.47997237932604736,342.70027883879783,799.2,0.0,714.0,1.0,888.0,-634032.0,120,-37.314505539960415,0.0,118,-18.18077050851346,0.0,120,-48.871263049487986,0.0,118,-7.890846189585112,0.0,118,-23.452826582875083,0.0,120,-43.2678713554119,0.0,0.0,0.0,0.0,0.0,-634032.0,-634032.0,714.0,714.0,0.0,0.0,714.0,0.0,0.0,714
0.0,0.0,-0.0,0.0,0.0,0.0,-0.0,0.0,0.47997237932604736,342.70027883879783,799.2,0.0,714.0,1.0,888.0,-634032.0,120,-44.453898849395955,0.0,118,-28.965719055279926,0.0,120,-46.86496599758931,0.0,118,-23.392244824725992,0.0,118,-19.72259088606778,0.0,120,-1.3374750020742798,0.0,0.0,0.0,0.0,0.0,-634032.0,-634032.0,714.0,714.0,0.0,0.0,714.0,0.0,0.0,714
0.0,0.0,-0.0,0.0,0.0,0.0,-0.0,0.0,0.47997237932604736,342.70027883879783,799.2,0.0,714.0,1.0,888.0,-634032.0,120,-13.909096747395555,0.0,118,-48.95313296452456,0.0,120,-51.40851018437935,0.0,118,-52.344018755458656,0.0,118,-29.777590000407162,0.0,120,-31.4338243043966,0.0,0.0,0.0,0.0,0.0,-634032.0,-634032.0,714.0,714.0,0.0,0.0,714.0,0.0,0.0,714
0.0,0.0,-0.0,0.0,0.0,0.0,-0.0,0.0,0.47997237932604736,342.70027883879783,799.2,0.0,714.0,1.0,888.0,-634032.0,120,-23.94145055923726,0.0,118,-46.374271313256564,0.0,120,-21.186136565745397,0.0,118,-12.86182527601211,0.0,118,-23.110572334096624,0.0,120,-21.067028773689835,0.0,0.0,0.0,0.0,0.0,-634032.0,-634032.0,714.0,714.0,0.0,0.0,714.0,0.0,0.0,714
0.0,0.0,-0.0,0.0,0.0,0.0,-0.0,0.0,0.47997237932604736,342.70027883879783,799.2,0.0,714.0,1.0,888.0,-634032.0,120,-54.1106774452071,0.0,118,-17.509191567926,0.0,120,-59.52614842681419,0.0,118,-50.77321292820809,0.0,118,-51.28398780580984,0.0,120,-30.340525442505633,0.0,0.0,0.0,0.0,0.0,-634032.0,-634032.0,714.0,714.0,0.0,0.0,714.0,0.0,0.0,714
0.0,0.0,-0.0,0.0,0.0,0.0,-0.0,0.0,0.47997237932604736,342.70027883879783,799.2,0.0,714.0,1.0,888.0,-634032.0,120,-57.048533507680084,0.0,118,-16.815907718749205,0.0,120,-29.25570304328366,0.0,118,-28.77571450562983,0.0,118,-8.903784080403536,0.0,120,-57.275106142798634,0.0,0.0,0.0,0.0,0.0,-634032.0,-634032.0,714.0,714.0,0.0,0.0,714.0,0.0,0.0,714
0.0,0.0,-0.0,0.0,0.0,0.0,-0.0,0.0,0.47997237932604736,342.70027883879783,799.2,0.0,714.0,1.0,888.0,-634032.0,120,-16.71563536377353,0.0,118,-22.186237324946248,0.0,120,-28.626954649156698,0.0,118,-16.271334273554025,0.0,118,-14.976120872009297,0.0,120,-38.61655578313067,0.0,0.0,0.0,0.0,0.0,-634032.0,-634032.0,714.0,714.0,0.0,0.0,714.0,0.0,0.0,714
0.0,0.0,-0.0,0.0,0.0,0.0,-0.0,0.0,0.47997237932604736,342.70027883879783,799.2,0.0,714.0,1.0,888.0,-634032.0,120,-56.64881961046177,0.0,118,-7.75389427711789,0.0,120,-5.038615613780584,0.0,118,-17.669659632453467,0.0,118,-50.616427477592296,0.0,120,-27.151167123788202,0.0,0.0,0.0,0.0,0.0,-634032.0,-634032.0,714.0,714.0,0.0,0.0,714.0,0.0,0.0,714
0.0,0.0,-0.0,0.0,0.0,0.0,-0.0,0.0,0.47997237932604736,342.70027883879783,799.2,0.0,714.0,1.0,888.0,-634032.0,120,-54.65638567143328,0.0,118,-35.36448448792585,0.0,120,-49.31409746423907,0.0,118,-54.59396420100836,0.0,118,-53.092193231814164,0.0,120,-4.521668624024855,0.0,0.0,0.0,0.0,0.0,-634032.0,-634032.0,714.0,714.0,0.0,0.0,714.0,0.0,0.0,714
0.0,0.0,-0.0,0.0,0.0,0.0,-0.0,0.0,0.47997237932604736,342.70027883879783,799.2,0.0,714.0,1.0,888.0,-634032.0,120,-48.93837090254757,0.0,118,-40.90761419077775,0.0,120,-42.89087891837976,0.0,118,-27.877986592147867,0.0,118,-45.87665182169305,0.0,120,-32.73508102690541,0.0,0.0,0.0,0.0,0.0,-634032.0,-634032.0,714.0,714.0,0.0,0.0,714.0,0.0,0.0,714
0.0,0.0,-0.0,0.0,0.0,0.0,-0.0,0.0,0.47997237932604736,342.70027883879783,799.2,0.0,714.0,1.0,888.0,-634032.0,120,-56.341827164029716,0.0,118,-53.43534709663298,0.0,120,-51.138355357562936,0.0,118,-52.44887829656169,0.0,118,-4.927051136023273,0.0,120,-6.005754079735386,0.0,0.0,0.0,0.0,0.0,-634032.0,-634032.0,714.0,714.0,0.0,0.0,714.0,0.0,0.0,714
0.0,0.0,-0.0,0.0,0.0,0.0,-0.0,0.0,0.47997237932604736,342.70027883879783,799.2,0.0,714.0,1.0,888.0,-634032.0,120,-32.2873020944661,0.0,118,-43.03394957955411,0.0,120,-41.21695870306058,0.0,118,-20.50269879321338,0.0,118,-37.92292241839487,0.0,120,-27.762687916025584,0.0,0.0,0.0,0.0,0.0,-634032.0,-634032.0,714.0,714.0,0.0,0.0,714.0,0.0,0.0,714
0.0,0.0,-0.0,0.0,0.0,0.0,-0.0,0.0,0.47997237932604736,342.70027883879783,799.2,0.0,714.0,1.0,888.0,-634032.0,120,-12.401240683653201,0.0,118,-12.402376536243505,0.0,120,-55.38135676676013,0.0,118,-54.32721580768539,0.0,118,-19.602185630726908,0.0,120,-6.9858285489760386,0.0,0.0,0.0,0.0,0.0,-634032.0,-634032.0,714.0,714.0,0.0,0.0,714.0,0.0,0.0,714
0.0,0.0,-0.0,0.0,0.0,0.0,-0.0,0.0,0.47997237932604736,342.70027883879783,799.2,0.0,714.0,1.0,888.0,-634032.0,120,-54.9285565038267,0.0,118,-38.235566480957054,0.0,120,-35.15340503630481,0.0,118,-38.25615135357494,0.0,118,-19.514298004070703,0.0,120,-31.11223614923208,0.0,0.0,0.0,0.0,0.0,-634032.0,-634032.0,714.0,714.0,0.0,0.0,714.0,0.0,0.0,714
0.0,0.0,-0.0,0.0,0.0,0.0,-0.0,0.0,0.47997237932604736,342.70027883879783,799.2,0.0,714.0,1.0,888.0,-634032.0,120,-33.95241136988516,0.0,118,-44.236201373014644,0.0,120,-16.39429324389289,0.0,118,-26.325000771932316,0.0,118,-52.8374969906277,0.0,120,-22.0477893465416,0.0,0.0,0.0,0.0,0.0,-634032.0,-634032.0,714.0,714.0,0.0,0.0,714.0,0.0,0.0,714
0.0,0.0,-0.0,0.0,0.0,0.0,-0.0,0.0,0.47997237932604736,342.70027883879783,799.2,0.0,714.0,1.0,888.0,-634032.0,120,-33.10636186994703,0.0,118,-56.96959012845526,0.0,120,-50.60140403679514,0.0,118,-0.5172079512179617,0.0,118,-23.031895847756193,0.0,120,-55.589229190265314,0.0,0.0,0.0,0.0,0.0,-634032.0,-634032.0,714.0,714.0,0.0,0.0,714.0,0.0,0.0,714
0.0,0.0,-0.0,0.0,0.0,0.0,-0.0,0.0,0.47997237932604736,342.70027883879783,799.2,0.0,714.0,1.0,888.0,-634032.0,120,-4.880715292325492,0.0,118,-35.927646725200105,0.0,120,-2.846986381788148,0.0,118,-53.1783598963055,0.0,118,-32.57181269153618,0.0,120,-30.90899410648227,0.0,0.0,0.0,0.0,0.0,-634032.0,-634032.0,714.0,714.0,0.0,0.0,714.0,0.0,0.0,714
0.0,0.0,-0.0,0.0,0.0,0.0,-0.0,0.0,0.47997237932604736,342.70027883879783,799.2,0.0,714.0,1.0,888.0,-634032.0,120,-51.32041244354678,0.0,118,-3.4271152706980357,0.0,120,-2.777508926780299,0.0,118,-50.72783242622962,0.0,118,-59.809758067678985,0.0,120,-58.404156718809396,0.0,0.0,0.0,0.0,0.0,-634032.0,-634032.0,714.0,714.0,0.0,0.0,714.0,0.0,0.0,714
0.0,0.0,-0.0,0.0,0.0,0.0,-0.0,0.0,0.47997237932604736,342.70027883879783,799.2,0.0,714.0,1.0,888.0,-634032.0,120,-29.4239103118619,0.0,118,-22.643700067349613,0.0,120,-35.00200485144926,0.0,118,-43.05618417070304,0.0,118,-44.22738266036306,0.0,120,-53.68306737184973,0.0,0.0,0.0,0.0,0.0,-634032.0,-634032.0,714.0,714.0,0.0,0.0,714.0,0.0,0.0,714
0.0,0.0,-0.0,0.0,0.0,0.0,-0.0,0.0,0.47997237932604736,342.70027883879783,799.2,0.0,714.0,1.0,888.0,-634032.0,120,-20.571077833496368,0.0,118,-19.45689815524251,0.0,120,-52.988054776498636,0.0,118,-34.40700826557886,0.0,118,-57.07314196160273,0.0,120,-23.69158758177421,0.0,0.0,0.0,0.0,0.0,-634032.0,-634032.0,714.0,714.0,0.0,0.0,714.0,0.0,0.0,714
0.0,0.0,-0.0,0.0,0.0,0.0,-0.0,0.0,0.47997237932604736,342.70027883879783,799.2,0.0,714.0,1.0,888.0,-634032.0,120,-39.89181832412471,0.0,118,-0.6204130757059856,0.0,120,-37.818871014959385,0.0,118,-15.06263330177397,0.0,118,-19.234367286225535,0.0,120,-0.40341100405651087,0.0,0.0,0.0,0.0,0.0,-634032.0,-634032.0,714.0,714.0,0.0,0.0,714.0,0.0,0.0,714
0.0,0.0,-0.0,0.0,0.0,0.0,-0.0,0.0,0.47997237932604736,342.70027883879783,799.2,0.0,714.0,1.0,888.0,-634032.0,120,-15.885722876102585,0.0,118,-8.514870897491145,0.0,120,-47.58137873733689,0.0,118,-12.021917893393034,0.0,118,-23.43499834333229,0.0,120,-10.879912627390599,0.0,0.0,0.0,0.0,0.0,-634032.0,-634032.0,714.0,714.0,0.0,0.0,714.0,0.0,0.0,714
0.0,0.0,-0.0,0.0,0.0,0.0,-0.0,0.0,0.47997237932604736,342.70027883879783,799.2,0.0,714.0,1.0,888.0,-634032.0,120,-59.08207341371985,0.0,118,-22.43332674822254,0.0,120,-23.558037759210823,0.0,118,-49.72194895200578,0.0,118,-9.222355211841604,0.0,120,-40.03430009691743,0.0,0.0,0.0,0.0,0.0,-634032.0,-634032.0,714.0,714.0,0.0,0.0,714.0,0.0,0.0,714
0.0,0.0,-0.0,0.0,0.0,0.0,-0.0,0.0,0.47997237932604736,342.70027883879783,799.2,0.0,714.0,1.0,888.0,-634032.0,120,-14.970066031166231,0.0,118,-56.173834859886334,0.0,120,-9.27179957265256,0.0,118,-43.26011351890715,0.0,118,-30.090428222235367,0.0,120,-33.50033668551797,0.0,0.0,0.0,0.0,0.0,-634032.0,-634032.0,714.0,714.0,0.0,0.0,714.0,0.0,0.0,714
0.0,0.0,-0.0,0.0,0.0,0.0,-0.0,0.0,0.47997237932604736,342.70027883879783,799.2,0.0,714.0,1.0,888.0,-634032.0,120,-59.248776924958605,0.0,118,-40.98555138668008,0.0,120,-37.20401979731304,0.0,118,-40.25990800420866,0.0,118,-33.59426472841762,0.0,120,-37.83830993412451,0.0,0.0,0.0,0.0,0.0,-634032.0,-634032.0,714.0,714.0,0.0,0.0,714.0,0.0,0.0,714
0.0,0.0,-0.0,0.0,0.0,0.0,-0.0,0.0,0.47997237932604736,342.70027883879783,799.2,0.0,714.0,1.0,888.0,-634032.0,120,-57.926872381060804,0.0,118,-57.13758167756954,0.0,120,-9.782971709267631,0.0,118,-56.90679777028349,0.0,118,-12.162464060182227,0.0,120,-18.862961666602086,0.0,0.0,0.0,0.0,0.0,-634032.0,-634032.0,714.0,714.0,0.0,0.0,714.0,0.0,0.0,714
0.0,0.0,-0.0,0.0,0.0,0.0,-0.0,0.0,0.47997237932604736,342.70027883879783,799.2,0.0,714.0,1.0,888.0,-634032.0,120,-17.429573151469317,0.0,118,-53.700787190658154,0.0,120,-54.6217397934471,0.0,118,-49.81789896475169,0.0,118,-27.91037374281127,0.0,120,-38.23000173418184,0.0,0.0,0.0,0.0,0.0,-634032.0,-634032.0,714.0,714.0,0.0,0.0,714.0,0.0,0.0,714
0.0,0.0,-0.0,0.0,0.0,0.0,-0.0,0.0,0.47997237932604736,342.70027883879783,799.2,0.0,714.0,1.0,888.0,-634032.0,120,-39.0673136556548,0.0,118,-22.146247052544496,0.0,120,-35.55323322436312,0.0,118,-12.044683326151775,0.0,118,-23.643280943099345,0.0,120,-7.3770928355011005,0.0,0.0,0.0,0.0,0.0,-634032.0,-634032.0,714.0,714.0,0.0,0.0,714.0,0.0,0.0,714
0.0,0.0,-0.0,0.0,0.0,0.0,-0.0,0.0,0.47997237932604736,342.70027883879783,799.2,0.0,714.0,1.0,888.0,-634032.0,120,-55.457738352789875,0.0,118,-44.25071688417907,0.0,120,-50.216842731226386,0.0,118,-41.16327596407713,0.0,118,-11.45538248025294,0.0,120,-30.394258998149404,0.0,0.0,0.0,0.0,0.0,-634032.0,-634032.0,714.0,714.0,0.0,0.0,714.0,0.0,0.0,714
0.0,0.0,-0.0,0.0,0.0,0.0,-0.0,0.0,0.47997237932604736,342.70027883879783,799.2,0.0,714.0,1.0,888.0,-634032.0,120,-23.518005814161874,0.0,118,-28.17947654311912,0.0,120,-48.261170801955494,0.0,118,-57.9032944610656,0.0,118,-41.60834657623166,0.0,120,-26.74182905175779,0.0,0.0,0.0,0.0,0.0,-634032.0,-634032.0,714.0,714.0,0.0,0.0,714.0,0.0,0.0,714
0.0,0.0,-0.0,0.0,0.0,0.0,-0.0,0.0,0.47997237932604736,342.70027883879783,799.2,0.0,714.0,1.0,888.0,-634032.0,120,-46.55432988884594,0.0,118,-35.76212517890763,0.0,120,-38.54639694218767,0.0,118,-17.715157746818196,0.0,118,-33.31139238526962,0.0,120,-48.21086746455606,0.0,0.0,0.0,0.0,0.0,-634032.0,-634032.0,714.0,714.0,0.0,0.0,714.0,0.0,0.0,714
0.0,0.0,-0.0,0.0,0.0,0.0,-0.0,0.0,0.47997237932604736,342.70027883879783,799.2,0.0,714.0,1.0,888.0,-634032.0,120,-38.079936363803625,0.0,118,-37.67113799747712,0.0,120,-31.824157784359603,0.0,118,-32.598369521994165,0.0,118,-58.24186407601067,0.0,120,-44.1106047689582,0.0,0.0,0.0,0.0,0.0,-634032.0,-634032.0,714.0,714.0,0.0,0.0,714.0,0.0,0.0,714
182.00198818478486,0.0,-1820.0198818478486,0.0,0.0,0.0,-0.0,0.0,0.47997237932604736,255.3200792500119,799.2,0.0,531.9474416601207,1.0,888.0,-472369.3281941872,120,-25.561334629916818,0.0,118,-58.46526455487368,0.0,120,-5.625834589922758,0.0,118,-22.799405790296458,0.0,118,-41.5446090951251,0.0,120,-54.43258564796103,0.0,0.0,0.0505701550944109,0.0505701550944109,0.0,-474189.34807603504,-474189.34807603504,714.0,714.0,182.05255833987928,0.0,531.9474416601207,0.0,0.0,714
182.00198818478486,0.0,-1820.0198818478486,0.0,0.0,0.0,-0.0,0.0,0.47997237932604736,255.3200792500119,799.2,0.0,531.9474416601207,1.0,888.0,-472369.3281941872,120,-3.000557593028206,0.0,118,-36.70967660402509,0.0,120,-23.38650675387575,0.0,118,-49.0872891487619,0.0,118,-22.138856955551567,0.0,120,-33.354989805357434,0.0,0.0,0.0505701550944109,0.0505701550944109,0.0,-474189.34807603504,-474189.34807603504,714.0,714.0,182.05255833987928,0.0,531.9474416601207,0.0,0.0,714
182.00198818478486,0.0,-1820.0198818478486,0.0,0.0,0.0,-0.0,0.0,0.47997237932604736,255.3200792500119,799.2,0.0,531.9474416601207,1.0,888.0,-472369.3281941872,120,-12.83926174251502,0.0,118,-0.6115047268201179,0.0,120,-50.32903784032724,0.0,118,-13.22170430204935,0.0,118,-9.12524944313371,0.0,120,-37.56603772755498,0.0,0.0,0.0505701550944109,0.0505701550944109,0.0,-474189.34807603504,-474189.34807603504,714.0,714.0,182.05255833987928,0.0,531.9474416601207,0.0,0.0,714
182.00198818478486,0.0,-1820.0198818478486,0.0,0.0,0.0,-0.0,0.0,0.47997237932604736,255.3200792500119,799.2,0.0,531.9474416601207,1.0,888.0,-472369.3281941872,120,-50.52595722290199,0.0,118,-17.94569411791672,0.0,120,-50.1332439639944,0.0,118,-57.46467638419243,0.0,118,-16.467098618733857,0.0,120,-31.622179440286605,0.0,0.0,0.0505701550944109,0.0505701550944109,0.0,-474189.34807603504,-474189.34807603504,714.0,714.0,182.05255833987928,0.0,531.9474416601207,0.0,0.0,714
182.00198818478486,0.0,-1820.0198818478486,0.0,0.0,0.0,-0.0,0.0,0.47997237932604736,255.3200792500119,799.2,0.0,531.9474416601207,1.0,888.0,-472369.3281941872,120,-50.97011295790659,0.0,118,-22.793968614337853,0.0,120,-22.757266071759844,0.0,118,-19.42098806332655,0.0,118,-42.834593657636255,0.0,120,-40.18081800605487,0.0,0.0,0.0505701550944109,0.0505701550944109,0.0,-474189.34807603504,-474189.34807603504,714.0,714.0,182.05255833987928,0.0,531.9474416601207,0.0,0.0,714
182.00198818478486,0.0,-1820.0198818478486,0.0,0.0,0.0,-0.0,0.0,0.47997237932604736,255.3200792500119,799.2,0.0,531.9474416601207,1.0,888.0,-472369.3281941872,120,-40.52725633948502,0.0,118,-26.958608724471837,0.0,120,-7.461561945569882,0.0,118,-57.147140814080046,0.0,118,-35.854927897409176,0.0,120,-34.48699488036767,0.0,0.0,0.0505701550944109,0.0505701550944109,0.0,-474189.34807603504,-474189.34807603504,714.0,714.0,182.05255833987928,0.0,531.9474416601207,0.0,0.0,714
813.2634007656621,0.0,-8132.634007656621,99.4893700351164,0.0,0.0,-0.0,0.0,0.47997237932604736,0.0,799.2,0.0,0.0,1.0,888.0,-0.0,120,-54.221310278338265,0.0,118,-21.668568494003576,0.0,120,-20.97160734399533,0.0,118,-56.60674186792718,0.0,118,-17.79799639874846,0.0,120,-36.7341428617647,0.0,0.0,0.225969269454199,0.225969269454199,0.0,-8132.634007656621,-8132.634007656621,813.4893700351164,813.4893700351164,813.4893700351164,0.0,0.0,99.4893700351164,0.0,714
813.2634007656621,0.0,-8132.634007656621,99.4893700351164,89.54043303160476,0.0,-0.0,0.002170519308452834,0.47997237932604736,0.0,799.2,0.0,0.0,1.0,888.0,-0.0,120,-56.35771604615448,0.0,118,-21.017864017521944,0.0,120,-42.34448162389136,0.0,118,-5.378482298516225,0.0,118,-44.88687258617303,0.0,120,-43.763358932705664,0.0,0.0,0.225969269454199,0.225969269454199,0.0,-8132.634007656621,-8132.634007656621,813.4893700351164,813.4893700351164,813.4893700351164,0.0,0.0,99.4893700351164,0.0,714
813.2634007656621,0.0,-8132.634007656621,99.4893700351164,179.08086606320953,0.0,-0.0,0.004341038616905668,0.47997237932604736,0.0,799.2,0.0,0.0,1.0,888.0,-0.0,120,-1.4257325766927709,0.0,118,-40.079680171285446,0.0,120,-49.14722147261566,0.0,118,-32.54943381996928,0.0,118,-48.86356978245584,0.0,120,-27.4885193620293,0.0,0.0,0.225969269454199,0.225969269454199,0.0,-8132.634007656621,-8132.634007656621,813.4893700351164,813.4893700351164,813.4893700351164,0.0,0.0,99.4893700351164,0.0,714
813.2634007656621,0.0,-8132.634007656621,99.4893700351164,268.6212990948143,0.0,-0.0,0.006511557925358502,0.47997237932604736,0.0,799.2,0.0,0.0,1.0,888.0,-0.0,120,-53.08175502560171,0.0,118,-32.96673988661329,0.0,120,-15.469960787723675,0.0,118,-56.56851982057428,0.0,118,-27.847015261748755,0.0,120,-48.0862636084214,0.0,0.0,0.225969269454199,0.225969269454199,0.0,-8132.634007656621,-8132.634007656621,813.4893700351164,813.4893700351164,813.4893700351164,0.0,0.0,99.4893700351164,0.0,714
813.2634007656621,0.0,-8132.634007656621,99.4893700351164,358.16173212641905,0.0,-0.0,0.008682077233811336,0.47997237932604736,0.0,799.2,0.0,0.0,1.0,888.0,-0.0,120,-23.668018826909048,0.0,118,-56.69294619469614,0.0,120,-26.210255064235223,0.0,118,-9.410583115225775,0.0,118,-19.702605469804283,0.0,120,-14.727213800417253,0.0,0.0,0.225969269454199,0.225969269454199,0.0,-8132.634007656621,-8132.634007656621,813.4893700351164,813.4893700351164,813.4893700351164,0.0,0.0,99.4893700351164,0.0,714
813.2634007656621,0.0,-8132.634007656621,99.4893700351164,447.70216515802383,0.0,-0.0,0.01085259654226417,0.47997237932604736,0.0,799.2,0.0,0.0,1.0,888.0,-0.0,120,-41.710263149981124,0.0,118,-50.35184102293034,0.0,120,-6.027669818631988,0.0,118,-19.43766628311536,0.0,118,-45.61212630606951,0.0,120,-37.56571550741435,0.0,0.0,0.225969269454199,0.225969269454199,0.0,-8132.634007656621,-8132.634007656621,813.4893700351164,813.4893700351164,813.4893700351164,0.0,0.0,99.4893700351164,0.0,714
1513.299116217352,0.0,-15132.991162173521,799.7195938823195,537.2425981896286,0.0,-0.0,0.013023115850717004,0.47997237932604736,0.0,799.2,0.0,0.0,1.0,888.0,-0.0,120,-9.133060906979306,0.0,118,-34.951676712359045,0.0,120,-56.67382520222965,0.0,118,-13.116464678161982,0.0,118,-23.471974747216116,0.0,120,-23.965068978320122,0.0,0.0,0.420477664967311,0.420477664967311,0.0,-15132.991162173521,-15132.991162173521,1513.7195938823195,1513.7195938823195,1513.7195938823195,0.0,0.0,799.7195938823195,0.0,714
1513.299116217352,0.0,-15132.991162173521,799.7195938823195,1256.9902326837162,0.0,-0.0,0.030470274469340804,0.47997237932604736,0.0,799.2,0.0,0.0,1.0,888.0,-0.0,120,-41.76778701033803,0.0,118,-30.680387337943465,0.0,120,-22.223418910405115,0.0,118,-17.328014573997606,0.0,118,-29.8515938784492,0.0,120,-11.579921135893505,0.0,0.0,0.420477664967311,0.420477664967311,0.0,-15132.991162173521,-15132.991162173521,1513.7195938823195,1513.7195938823195,1513.7195938823195,0.0,0.0,799.7195938823195,0.0,714
1513.299116217352,0.0,-15132.991162173521,799.7195938823195,1976.7378671778038,0.0,-0.0,0.0479174330879646,0.47997237932604736,0.0,799.2,0.0,0.0,1.0,888.0,-0.0,120,-51.40496141194687,0.0,118,-36.10354484528112,0.0,120,-14.098234278700959,0.0,118,-5.822547174618887,0.0,118,-53.65683137422077,0.0,120,-46.88610964744724,0.0,0.0,0.420477664967311,0.420477664967311,0.0,-15132.991162173521,-15132.991162173521,1513.7195938823195,1513.7195938823195,1513.7195938823195,0.0,0.0,799.7195938823195,0.0,714
1513.299116217352,0.0,-15132.991162173521,799.7195938823195,2696.485501671891,0.0,-0.0,0.0653645917065884,0.47997237932604736,0.0,799.2,0.0,0.0,1.0,888.0,-0.0,120,-32.02906637545224,0.0,118,-4.937057542754264,0.0,120,-41.924451305545574,0.0,118,-6.853575044783595,0.0,118,-15.283772906669155,0.0,120,-8.63450627544598,0.0,0.0,0.420477664967311,0.420477664967311,0.0,-15132.991162173521,-15132.991162173521,1513.7195938823195,1513.7195938823195,1513.7195938823195,0.0,0.0,799.7195938823195,0.0,714
1513.299116217352,0.0,-15132.991162173521,799.7195938823195,3416.233136165979,0.0,-0.0,0.08281175032521221,0.47997237932604736,0.0,799.2,0.0,0.0,1.0,888.0,-0.0,120,-3.1302022201687985,0.0,118,-3.9938399931098223,0.0,120,-38.5937913104589,0.0,118,-3.565960722559367,0.0,118,-8.192183200719086,0.0,120,-21.149008625669182,0.0,0.0,0.420477664967311,0.420477664967311,0.0,-15132.991162173521,-15132.991162173521,1513.7195938823195,1513.7195938823195,1513.7195938823195,0.0,0.0,799.7195938823195,0.0,714
1513.299116217352,0.0,-15132.991162173521,799.7195938823195,4135.980770660067,0.0,-0.0,0.100258908943836,0.47997237932604736,0.0,799.2,0.0,0.0,1.0,888.0,-0.0,120,-41.923915884556656,0.0,118,-1.1372227892693743,0.0,120,-44.59404265498502,0.0,118,-2.046102737756703,0.0,118,-17.570970267880732,0.0,120,-45.212950195407274,0.0,0.0,0.420477664967311,0.420477664967311,0.0,-15132.991162173521,-15132.991162173521,1513.7195938823195,1513.7195938823195,1513.7195938823195,0.0,0.0,799.7195938823195,0.0,714
2025.488153958722,0.0,-20254.88153958722,1312.0509458881354,4855.728405154155,0.0,-0.0,0.11770606756245981,0.47997237932604736,0.0,799.2,0.0,0.0,1.0,888.0,-0.0,120,-38.45190028393955,0.0,118,-13.692287957332162,0.0,120,-29.918415576669354,0.0,118,-52.04099534921074,0.0,118,-20.237989146951165,0.0,120,-4.039599491378767,0.0,0.0,0.562791929413371,0.562791929413371,0.0,-20254.88153958722,-20254.88153958722,2026.0509458881354,2026.0509458881354,2026.0509458881354,0.0,0.0,1312.0509458881354,0.0,714
2025.488153958722,0.0,-20254.88153958722,1312.0509458881354,6036.574256453477,0.0,-0.0,0.14633055187388738,0.47997237932604736,0.0,799.2,0.0,0.0,1.0,888.0,-0.0,120,-19.71269713549446,0.0,118,-48.12773429400655,0.0,120,-11.239184355651606,0.0,118,-51.3684552975156,0.0,118,-39.742757950475024,0.0,120,-19.734785749253273,0.0,0.0,0.562791929413371,0.562791929413371,0.0,-20254.88153958722,-20254.88153958722,2026.0509458881354,2026.0509458881354,2026.0509458881354,0.0,0.0,1312.0509458881354,0.0,714
2025.488153958722,0.0,-20254.88153958722,1312.0509458881354,7217.420107752799,0.0,-0.0,0.17495503618531497,0.47997237932604736,0.0,799.2,0.0,0.0,1.0,888.0,-0.0,120,-22.366907336507083,0.0,118,-18.538745167672037,0.0,120,-13.996330803209588,0.0,118,-4.748144800960985,0.0,118,-50.18891264019916,0.0,120,-45.13117887781511,0.0,0.0,0.562791929413371,0.562791929413371,0.0,-20254.88153958722,-20254.88153958722,2026.0509458881354,2026.0509458881354,2026.0509458881354,0.0,0.0,1312.0509458881354,0.0,714
2025.488153958722,0.0,-20254.88153958722,1312.0509458881354,8398.26595905212,0.0,-0.0,0.20357952049674252,0.47997237932604736,0.0,799.2,0.0,0.0,1.0,888.0,-0.0,120,-24.68305098896431,0.0,118,-53.67426199152374,0.0,120,-30.7000926104081,0.0,118,-6.680028867034733,0.0,118,-8.807309267313748,0.0,120,-28.70049840066738,0.0,0.0,0.562791929413371,0.562791929413371,0.0,-20254.88153958722,-20254.88153958722,2026.0509458881354,2026.0509458881354,2026.0509458881354,0.0,0.0,1312.0509458881354,0.0,714
2025.488153958722,0.0,-20254.88153958722,1312.0509458881354,9579.111810351442,0.0,-0.0,0.2322040048081701,0.47997237932604736,0.0,799.2,0.0,0.0,1.0,888.0,-0.0,120,-55.18494836082685,0.0,118,-40.36164038322867,0.0,120,-38.36261637126795,0.0,118,-30.150326073907152,0.0,118,-25.320418200889375,0.0,120,-35.74123650854018,0.0,0.0,0.562791929413371,0.562791929413371,0.0,-20254.88153958722,-20254.88153958722,2026.0509458881354,2026.0509458881354,2026.0509458881354,0.0,0.0,1312.0509458881354,0.0,714
2025.488153958722,0.0,-20254.88153958722,1312.0509458881354,10759.957661650764,0.0,-0.0,0.2608284891195977,0.47997237932604736,0.0,799.2,0.0,0.0,1.0,888.0,-0.0,120,-58.13604812965625,0.0,118,-1.6000947265996013,0.0,120,-13.13607012420345,0.0,118,-43.92887026353306,0.0,118,-51.00274697707689,0.0,120,-20.33735768197313,0.0,0.0,0.562791929413371,0.562791929413371,0.0,-20254.88153958722,-20254.88153958722,2026.0509458881354,2026.0509458881354,2026.0509458881354,0.0,0.0,1312.0509458881354,0.0,714
2300.1868898432012,0.0,-23001.86889843201,1586.8260081788067,11940.803512950086,0.0,-0.0,0.2894529734310253,0.47997237932604736,0.0,799.2,0.0,0.0,1.0,888.0,-0.0,120,-4.409211339287637,0.0,118,-50.181765655016136,0.0,120,-24.65236933592137,0.0,118,-2.916479326201895,0.0,118,-22.936917213064916,0.0,120,-33.60329713982354,0.0,0.0,0.639118335605224,0.639118335605224,0.0,-23001.86889843201,-23001.86889843201,2300.8260081788067,2300.8260081788067,2300.8260081788067,0.0,0.0,1586.8260081788067,0.0,714
2300.1868898432012,0.0,-23001.86889843201,1586.8260081788067,13368.946920311011,0.0,-0.0,0.3240721140356098,0.47997237932604736,0.0,799.2,0.0,0.0,1.0,888.0,-0.0,120,-19.59078751288081,0.0,118,-25.6530154646147,0.0,120,-42.720961934186185,0.0,118,-27.615432106514184,0.0,118,-27.47947483645029,0.0,120,-53.90376095295062,0.0,0.0,0.639118335605224,0.639118335605224,0.0,-23001.86889843201,-23001.86889843201,2300.8260081788067,2300.8260081788067,2300.8260081788067,0.0,0.0,1586.8260081788067,0.0,714
2300.1868898432012,0.0,-23001.86889843201,1586.8260081788067,14797.090327671936,0.0,-0.0,0.3586912546401943,0.47997237932604736,0.0,799.2,0.0,0.0,1.0,888.0,-0.0,120,-18.83110281545889,0.0,118,-32.5075895104686,0.0,120,-26.074472903889248,0.0,118,-16.288189325378724,0.0,118,-39.72022183438285,0.0,120,-23.884464052301,0.0,0.0,0.639118335605224,0.639118335605224,0.0,-23001.86889843201,-23001.86889843201,2300.8260081788067,2300.8260081788067,2300.8260081788067,0.0,0.0,1586.8260081788067,0.0,714
2300.1868898432012,0.0,-23001.86889843201,1586.8260081788067,16225.233735032862,0.0,-0.0,0.39331039524477884,0.47997237932604736,0.0,799.2,0.0,0.0,1.0,888.0,-0.0,120,-48.40515380940016,0.0,118,-55.00728248936637,0.0,120,-41.102477615472196,0.0,118,-32.12722549744962,0.0,118,-2.8539880547232577,0.0,120,-47.06610705739408,0.0,0.0,0.639118335605224,0.639118335605224,0.0,-23001.86889843201,-23001.86889843201,2300.8260081788067,2300.8260081788067,2300.8260081788067,0.0,0.0,1586.8260081788067,0.0,714
2300.1868898432012,0.0,-23001.86889843201,1586.8260081788067,17653.377142393787,0.0,-0.0,0.4279295358493634,0.47997237932604736,0.0,799.2,0.0,0.0,1.0,888.0,-0.0,120,-10.05583378539318,0.0,118,-42.330330411387585,0.0,120,-50.3051155374788,0.0,118,-29.90873475524693,0.0,118,-38.47889150681417,0.0,120,-19.004654622927116,0.0,0.0,0.639118335605224,0.639118335605224,0.0,-23001.86889843201,-23001.86889843201,2300.8260081788067,2300.8260081788067,2300.8260081788067,0.0,0.0,1586.8260081788067,0.0,714
2300.1868898432012,0.0,-23001.86889843201,1586.8260081788067,19081.520549754714,0.0,-0.0,0.4625486764539479,0.47997237932604736,0.0,799.2,0.0,0.0,1.0,888.0,-0.0,120,-27.873781883645343,0.0,118,-18.83894090702752,0.0,120,-57.44816663181543,0.0,118,-40.557050884641626,0.0,118,-9.763656177847142,0.0,120,-36.32221880392766,0.0,0.0,0.639118335605224,0.639118335605224,0.0,-23001.86889843201,-23001.86889843201,2300.8260081788067,2300.8260081788067,2300.8260081788067,0.0,0.0,1586.8260081788067,0.0,714
2375.9871330239093,0.0,-23759.871330239093,1662.6473128330294,20509.66395711564,0.0,-0.0,0.4971678170585325,0.47997237932604736,0.0,799.2,0.0,0.0,1.0,888.0,-0.0,120,-32.52668955060149,0.0,118,-39.21185674322275,0.0,120,-51.00750776770718,0.0,118,-46.74842962905798,0.0,118,-58.08875559497612,0.0,120,-59.93792469362239,0.0,0.0,0.660179809120286,0.660179809120286,0.0,-23759.871330239093,-23759.871330239093,2376.6473128330294,2376.6473128330294,2376.6473128330294,0.0,0.0,1662.6473128330294,0.0,714
2375.9871330239093,0.0,-23759.871330239093,1662.6473128330294,22006.046538665367,0.0,-0.0,0.5334411203710122,0.47997237932604736,0.0,799.2,0.0,0.0,1.0,888.0,-0.0,120,-33.333769878554634,0.0,118,-21.85753402992747,0.0,120,-39.22960500227259,0.0,118,-58.095982357999816,0.0,118,-34.34738136351163,0.0,120,-47.144620397189705,0.0,0.0,0.660179809120286,0.660179809120286,0.0,-23759.871330239093,-23759.871330239093,2376.6473128330294,2376.6473128330294,2376.6473128330294,0.0,0.0,1662.6473128330294,0.0,714
2375.9871330239093,0.0,-23759.871330239093,1662.6473128330294,23502.429120215093,0.0,-0.0,0.5697144236834919,0.47997237932604736,0.0,799.2,0.0,0.0,1.0,888.0,-0.0,120,-7.137741146672914,0.0,118,-32.58287100401451,0.0,120,-14.837114858697651,0.0,118,-37.34338080742652,0.0,118,-27.45612779343253,0.0,120,-55.41369598459293,0.0,0.0,0.660179809120286,0.660179809120286,0.0,-23759.871330239093,-23759.871330239093,2376.6473128330294,2376.6473128330294,2376.6473128330294,0.0,0.0,1662.6473128330294,0.0,714
2375.9871330239093,0.0,-23759.871330239093,1662.6473128330294,24998.81170176482,0.0,-0.0,0.6059877269959717,0.47997237932604736,0.0,799.2,0.0,0.0,1.0,888.0,-0.0,120,-0.6899246728402408,0.0,118,-19.896480247005563,0.0,120,-25.352251164478147,0.0,118,-48.24030714130602,0.0,118,-13.196269246280663,0.0,120,-14.490819497854705,0.0,0.0,0.660179809120286,0.660179809120286,0.0,-23759.871330239093,-23759.871330239093,2376.6473128330294,2376.6473128330294,2376.6473128330294,0.0,0.0,1662.6473128330294,0.0,714
2375.9871330239093,0.0,-23759.871330239093,1662.6473128330294,26495.194283314544,0.0,-0.0,0.6422610303084514,0.47997237932604736,0.0,799.2,0.0,0.0,1.0,888.0,-0.0,120,-57.69938872687896,0.0,118,-5.206301062731724,0.0,120,-16.647048077865236,0.0,118,-10.667396109844688,0.0,118,-54.30344231951122,0.0,120,-25.787788477321627,0.0,0.0,0.660179809120286,0.660179809120286,0.0,-23759.871330239093,-23759.871330239093,2376.6473128330294,2376.6473128330294,2376.6473128330294,0.0,0.0,1662.6473128330294,0.0,714
2375.9871330239093,0.0,-23759.871330239093,1662.6473128330294,27991.57686486427,0.0,-0.0,0.6785343336209311,0.47997237932604736,0.0,799.2,0.0,0.0,1.0,888.0,-0.0,120,-11.716128016171846,0.0,118,-52.44207855588625,0.0,120,-33.55587573734763,0.0,118,-21.397846722951893,0.0,118,-42.24121991025978,0.0,120,-17.204016708610133,0.0,0.0,0.660179809120286,0.660179809120286,0.0,-23759.871330239093,-23759.871330239093,2376.6473128330294,2376.6473128330294,2376.6473128330294,0.0,0.0,1662.6473128330294,0.0,714
2235.2716211911697,0.0,-22352.7162119117,1523.8927024974191,29487.959446413995,0.0,-0.0,0.7148076369334108,0.47997237932604736,0.0,799.2,0.0,0.0,1.0,888.0,-0.0,120,-42.79959163530377,0.0,118,-24.45817335264567,0.0,118,-39.75761992135027,0.0,118,-20.241882458377894,0.0,118,-16.525999448628085,0.0,120,-49.77239992908397,0.0,0.0,0.621081306249283,0.621081306249283,0.0,-22352.7162119117,-22352.7162119117,2235.892702497419,2235.892702497419,2235.892702497419,0.0,0.0,1523.8927024974191,0.0,712
2235.2716211911697,0.0,-22352.7162119117,1523.8927024974191,30859.462878661674,0.0,-0.0,0.7480537870860707,0.47997237932604736,0.0,799.2,0.0,0.0,1.0,888.0,-0.0,120,-43.32211840427591,0.0,118,-47.39111464872593,0.0,118,-12.259483548366116,0.0,118,-59.23871074727671,0.0,118,-43.5725997579903,0.0,120,-30.780742577739424,0.0,0.0,0.621081306249283,0.621081306249283,0.0,-22352.7162119117,-22352.7162119117,2235.892702497419,2235.892702497419,2235.892702497419,0.0,0.0,1523.8927024974191,0.0,712
2235.2716211911697,0.0,-22352.7162119117,1523.8927024974191,32230.966310909353,0.0,-0.0,0.7812999372387306,0.47997237932604736,0.0,799.2,0.0,0.0,1.0,888.0,-0.0,120,-5.826229745310361,0.0,118,-20.64369723141678,0.0,118,-29.994545749775785,0.0,118,-0.36595723609401665,0.0,118,-56.296081228771854,0.0,120,-49.615717585921146,0.0,0.0,0.621081306249283,0.621081306249283,0.0,-22352.7162119117,-22352.7162119117,2235.892702497419,2235.892702497419,2235.892702497419,0.0,0.0,1523.8927024974191,0.0,712
2235.2716211911697,0.0,-22352.7162119117,1523.8927024974191,33602.46974315703,0.0,-0.0,0.8145460873913904,0.47997237932604736,0.0,799.2,0.0,0.0,1.0,888.0,-0.0,120,-44.834147409169894,0.0,118,-43.76490293880859,0.0,118,-0.25772795706797025,0.0,118,-38.85136711073988,0.0,118,-9.195305935008985,0.0,120,-8.312014909783192,0.0,0.0,0.621081306249283,0.621081306249283,0.0,-22352.7162119117,-22352.7162119117,2235.892702497419,2235.892702497419,2235.892702497419,0.0,0.0,1523.8927024974191,0.0,712
2235.2716211911697,0.0,-22352.7162119117,1523.8927024974191,34973.97317540471,0.0,-0.0,0.8477922375440504,0.47997237932604736,0.0,799.2,0.0,0.0,1.0,888.0,-0.0,120,-10.031293132808607,0.0,118,-45.36664339369488,0.0,118,-4.232707285466814,0.0,118,-42.20096521998401,0.0,118,-49.65702332470696,0.0,120,-44.28908035045494,0.0,0.0,0.621081306249283,0.621081306249283,0.0,-22352.7162119117,-22352.7162119117,2235.892702497419,2235.892702497419,2235.892702497419,0.0,0.0,1523.8927024974191,0.0,712
2235.2716211911697,0.0,-22352.7162119117,1523.8927024974191,36345.47660765239,0.0,-0.0,0.8810383876967103,0.47997237932604736,0.0,799.2,0.0,0.0,1.0,888.0,-0.0,120,-11.552000548940786,0.0,118,-26.510875082151514,0.0,118,-21.646532989656396,0.0,118,-15.974594999251108,0.0,118,-50.11966876374372,0.0,120,-41.03771501034486,0.0,0.0,0.621081306249283,0.621081306249283,0.0,-22352.7162119117,-22352.7162119117,2235.892702497419,2235.892702497419,2235.892702497419,0.0,0.0,1523.8927024974191,0.0,712
1898.759449120739,0.0,-18987.59449120739,1187.2870288509753,37716.98003990007,0.0,-0.0,0.9142845378493701,0.47997237932604736,0.0,799.2,0.0,0.0,1.0,888.0,-0.0,120,-14.703711327195245,0.0,118,-14.42852417965729,0.0,118,-39.435190757943346,0.0,118,-35.67888139732024,0.0,118,-47.89898911739636,0.0,120,-39.89300822858438,0.0,0.0,0.527579730236382,0.527579730236382,0.0,-18987.59449120739,-18987.59449120739,1899.2870288509753,1899.2870288509753,1899.2870288509753,0.0,0.0,1187.2870288509753,0.0,712
1898.759449120739,0.0,-18987.59449120739,1187.2870288509753,38785.53836586594,0.0,-0.0,0.9401870982926318,0.47997237932604736,0.0,799.2,0.0,0.0,1.0,888.0,-0.0,120,-56.966620554204475,0.0,118,-22.93462576690204,0.0,118,-29.595650268166864,0.0,118,-19.098085711817777,0.0,118,-50.60260661161234,0.0,120,-38.50378668114596,0.0,0.0,0.527579730236382,0.527579730236382,0.0,-18987.59449120739,-18987.59449120739,1899.2870288509753,1899.2870288509753,1899.2870288509753,0.0,0.0,1187.2870288509753,0.0,712
1898.759449120739,0.0,-18987.59449120739,1187.2870288509753,39854.096691831815,0.0,-0.0,0.9660896587358935,0.47997237932604736,0.0,799.2,0.0,0.0,1.0,888.0,-0.0,120,-51.38243579018767,0.0,118,-37.95333797968526,0.0,118,-36.978523466610525,0.0,118,-39.5274105668639,0.0,118,-42.0595461587128,0.0,120,-57.64741802897226,0.0,0.0,0.527579730236382,0.527579730236382,0.0,-18987.59449120739,-18987.59449120739,1899.2870288509753,1899.2870288509753,1899.2870288509753,0.0,0.0,1187.2870288509753,0.0,712
1898.759449120739,0.0,-18987.59449120739,367.0499802247893,40922.65501779769,0.0,-0.0,0.9919922191791553,0.47997237932604736,0.0,799.2,820.2370486261859,0.0,1.0,888.0,655533.4492620479,120,-44.29976223100447,0.0,118,-12.877376515196987,0.0,118,-7.7378492638026835,0.0,118,-48.349023464069575,0.0,118,-37.5703368466897,0.0,120,-24.618099438354456,0.0,0.0,0.527579730236382,0.527579730236382,0.0,636545.8547708405,636545.8547708405,1899.2870288509753,1899.2870288509753,1899.2870288509753,0.0,0.0,1187.2870288509753,0.0,712
1898.759449120739,0.0,-18987.59449120739,0.0,41253.0,0.0,-0.0,1.0,0.47997237932604736,0.0,799.2,1187.2870288509753,0.0,1.0,888.0,948879.7934576995,120,-25.268992213230494,0.0,118,-39.51171628998893,0.0,118,-45.01399749587549,0.0,118,-22.035870050310262,0.0,118,-35.36944408466107,0.0,120,-41.559987349853124,0.0,0.0,0.527579730236382,0.527579730236382,0.0,929892.1989664921,929892.1989664921,1899.2870288509753,1899.2870288509753,1899.2870288509753,0.0,0.0,1187.2870288509753,0.0,712
1898.759449120739,0.0,-18987.59449120739,0.0,41253.0,0.0,-0.0,1.0,0.47997237932604736,0.0,799.2,1187.2870288509753,0.0,1.0,888.0,948879.7934576995,120,-30.923986095740396,0.0,118,-34.18180332866321,0.0,118,-19.01304776320989,0.0,118,-3.3784985916862387,0.0,118,-54.24784628172751,0.0,120,-48.61491372802838,0.0,0.0,0.527579730236382,0.527579730236382,0.0,929892.1989664921,929892.1989664921,1899.2870288509753,1899.2870288509753,1899.2870288509753,0.0,0.0,1187.2870288509753,0.0,712
1349.1513645561524,0.0,-13491.513645561525,0.0,41253.0,0.0,-0.0,1.0,0.47997237932604736,0.0,799.2,637.5262329541952,0.0,1.0,888.0,509510.9653769928,120,-1.323766943933029,0.0,118,-22.0302401184556,0.0,118,-41.68348005758034,0.0,118,-44.973747167259965,0.0,118,-34.3179012714571,0.0,120,-6.618753650870994,0.0,0.0,0.374868398042832,0.374868398042832,0.0,496019.4517314313,496019.4517314313,1349.5262329541952,1349.5262329541952,1349.5262329541952,0.0,0.0,637.5262329541952,0.0,712
1349.1513645561524,0.0,-13491.513645561525,0.0,41253.0,0.0,-0.0,1.0,0.47997237932604736,0.0,799.2,637.5262329541952,0.0,1.0,888.0,509510.9653769928,120,-12.184250270812624,0.0,118,-13.225012026024604,0.0,118,-56.18042653206029,0.0,118,-52.42890035365395,0.0,118,-41.849747056866306,0.0,120,-7.812101894215737,0.0,0.0,0.374868398042832,0.374868398042832,0.0,496019.4517314313,496019.4517314313,1349.5262329541952,1349.5262329541952,1349.5262329541952,0.0,0.0,637.5262329541952,0.0,712
1349.1513645561524,0.0,-13491.513645561525,0.0,41253.0,0.0,-0.0,1.0,0.47997237932604736,0.0,799.2,637.5262329541952,0.0,1.0,888.0,509510.9653769928,120,-28.608252939416385,0.0,118,-3.0872457474004023,0.0,118,-13.36649975149879,0.0,118,-27.07816228703643,0.0,118,-30.676329980143123,0.0,120,-20.355110194154104,0.0,0.0,0.374868398042832,0.374868398042832,0.0,496019.4517314313,496019.4517314313,1349.5262329541952,1349.5262329541952,1349.5262329541952,0.0,0.0,637.5262329541952,0.0,712
1349.1513645561524,0.0,-13491.513645561525,0.0,41253.0,0.0,-0.0,1.0,0.47997237932604736,0.0,799.2,637.5262329541952,0.0,1.0,888.0,509510.9653769928,120,-43.30116114335383,0.0,118,-43.70094017576291,0.0,118,-33.958212906089784,0.0,118,-18.314505741532187,0.0,118,-13.291465229513161,0.0,120,-41.873162728698354,0.0,0.0,0.374868398042832,0.374868398042832,0.0,496019.4517314313,496019.4517314313,1349.5262329541952,1349.5262329541952,1349.5262329541952,0.0,0.0,637.5262329541952,0.0,712
1349.1513645561524,0.0,-13491.513645561525,0.0,41253.0,0.0,-0.0,1.0,0.47997237932604736,0.0,799.2,637.5262329541952,0.0,1.0,888.0,509510.9653769928,120,-46.90964767535005,0.0,118,-2.588653028027681,0.0,118,-2.193889137338174,0.0,118,-18.008965928268825,0.0,118,-40.72265730549346,0.0,120,-57.91025153790427,0.0,0.0,0.374868398042832,0.374868398042832,0.0,496019.4517314313,496019.4517314313,1349.5262329541952,1349.5262329541952,1349.5262329541952,0.0,0.0,637.5262329541952,0.0,712
1349.1513645561524,0.0,-13491.513645561525,0.0,41253.0,0.0,-0.0,1.0,0.47997237932604736,0.0,799.2,637.5262329541952,0.0,1.0,888.0,509510.9653769928,120,-7.591181373252067,0.0,118,-40.42513281195309,0.0,118,-33.27373258641549,0.0,118,-49.030642483572215,0.0,118,-46.51746293652436,0.0,120,-22.672209126950445,0.0,0.0,0.374868398042832,0.374868398042832,0.0,496019.4517314313,496019.4517314313,1349.5262329541952,1349.5262329541952,1349.5262329541952,0.0,0.0,637.5262329541952,0.0,712
639.0790792493865,0.0,-6390.7907924938645,0.0,41253.0,72.7433494587965,-0.0,1.0,0.47997237932604736,0.0,799.2,0.0,0.0,1.0,888.0,-0.0,120,-42.792042596982355,0.0,118,-41.75150840983076,0.0,118,-6.791595080466828,0.0,118,-4.334482455593564,0.0,118,-33.61492488239858,0.0,120,-18.641987127010523,0.0,0.0,0.177571291817001,0.177571291817001,0.0,-6390.7907924938645,-6390.7907924938645,712.0,712.0,639.2566505412035,0.0,72.7433494587965,0.0,0.0,712
639.0790792493865,0.0,-6390.7907924938645,0.0,41172.174056156895,72.7433494587965,-0.0,0.9980407256722394,0.47997237932604736,0.0,799.2,0.0,0.0,1.0,888.0,-0.0,120,-22.576460411769368,0.0,118,-37.66406649150266,0.0,118,-26.159202625367808,0.0,118,-33.97106056477982,0.0,118,-30.050742105566673,0.0,120,-8.616483567904488,0.0,0.0,0.177571291817001,0.177571291817001,0.0,-6390.7907924938645,-6390.7907924938645,712.0,712.0,639.2566505412035,0.0,72.7433494587965,0.0,0.0,712
639.0790792493865,0.0,-6390.7907924938645,0.0,41091.34811231379,72.7433494587965,-0.0,0.9960814513444789,0.47997237932604736,0.0,799.2,0.0,0.0,1.0,888.0,-0.0,120,-45.00458593107843,0.0,118,-9.61396705234489,0.0,118,-12.844029043013911,0.0,118,-25.933766189930438,0.0,118,-4.9036005461065235,0.0,120,-38.37901091047784,0.0,0.0,0.177571291817001,0.177571291817001,0.0,-6390.7907924938645,-6390.7907924938645,712.0,712.0,639.2566505412035,0.0,72.7433494587965,0.0,0.0,712
639.0790792493865,0.0,-6390.7907924938645,0.0,41010.522168470685,72.7433494587965,-0.0,0.9941221770167185,0.47997237932604736,0.0,799.2,0.0,0.0,1.0,888.0,-0.0,120,-5.224556611812352,0.0,118,-23.69514815767626,0.0,118,-35.89121003038192,0.0,118,-31.84708966424518,0.0,118,-31.933033376212286,0.0,120,-16.349222712664442,0.0,0.0,0.177571291817001,0.177571291817001,0.0,-6390.7907924938645,-6390.7907924938645,712.0,712.0,639.2566505412035,0.0,72.7433494587965,0.0,0.0,712
639.0790792493865,0.0,-6390.7907924938645,0.0,40929.69622462758,72.7433494587965,-0.0,0.9921629026889579,0.47997237932604736,0.0,799.2,0.0,0.0,1.0,888.0,-0.0,120,-55.172505617837324,0.0,118,-53.52343107679652,0.0,118,-26.29621699340835,0.0,118,-59.96211365571699,0.0,118,-6.726984544126591,0.0,120,-41.89988987505982,0.0,0.0,0.177571291817001,0.177571291817001,0.0,-6390.7907924938645,-6390.7907924938645,712.0,712.0,639.2566505412035,0.0,72.7433494587965,0.0,0.0,712
639.0790792493865,0.0,-6390.7907924938645,0.0,40848.870280784475,72.7433494587965,-0.0,0.9902036283611974,0.47997237932604736,0.0,799.2,0.0,0.0,1.0,888.0,-0.0,120,-24.50986874115573,0.0,118,-28.754658057189765,0.0,118,-2.573903343831947,0.0,118,-28.911205564067462,0.0,118,-53.31738079126134,0.0,120,-2.6472356849816725,0.0,0.0,0.177571291817001,0.177571291817001,0.0,-6390.7907924938645,-6390.7907924938645,712.0,712.0,639.2566505412035,0.0,72.7433494587965,0.0,0.0,712
67.97244475720369,0.0,-679.7244475720369,0.0,40768.04433694137,644.0086687618968,-0.0,0.9882443540334368,0.47997237932604736,0.0,799.2,0.0,0.0,1.0,888.0,-0.0,120,-38.800580566224085,0.0,118,-4.466317554687227,0.0,118,-9.12862650862919,0.0,118,-0.6360332787011846,0.0,118,-7.446618891887531,0.0,120,-20.36415687614048,0.0,0.0,0.0188864808994731,0.0188864808994731,0.0,-679.7244475720369,-679.7244475720369,712.0,712.0,67.99133123810316,0.0,644.0086687618968,0.0,0.0,712
67.97244475720369,0.0,-679.7244475720369,0.0,40052.47914942815,644.0086687618968,-0.0,0.9708985806954198,0.47997237932604736,0.0,799.2,0.0,0.0,1.0,888.0,-0.0,120,-4.6323091559211065,0.0,118,-16.056608742634424,0.0,118,-30.23739917829229,0.0,118,-47.78733798551443,0.0,118,-5.271828544793474,0.0,120,-27.203590706631932,0.0,0.0,0.0188864808994731,0.0188864808994731,0.0,-679.7244475720369,-679.7244475720369,712.0,712.0,67.99133123810316,0.0,644.0086687618968,0.0,0.0,712
67.97244475720369,0.0,-679.7244475720369,0.0,39336.913961914935,644.0086687618968,-0.0,0.9535528073574028,0.47997237932604736,0.0,799.2,0.0,0.0,1.0,888.0,-0.0,120,-37.74056085770821,0.0,118,-30.107543680965563,0.0,118,-37.44341908092126,0.0,118,-35.06649576964962,0.0,118,-50.53860029433142,0.0,120,-44.5885256709383,0.0,0.0,0.0188864808994731,0.0188864808994731,0.0,-679.7244475720369,-679.7244475720369,712.0,712.0,67.99133123810316,0.0,644.0086687618968,0.0,0.0,712
67.97244475720369,0.0,-679.7244475720369,0.0,38621.34877440172,644.0086687618968,-0.0,0.9362070340193857,0.47997237932604736,0.0,799.2,0.0,0.0,1.0,888.0,-0.0,120,-17.145464759481403,0.0,118,-4.5417709312356696,0.0,118,-20.47291973343945,0.0,118,-34.58218589480539,0.0,118,-41.89144974068764,0.0,120,-38.72122803015018,0.0,0.0,0.0188864808994731,0.0188864808994731,0.0,-679.7244475720369,-679.7244475720369,712.0,712.0,67.99133123810316,0.0,644.0086687618968,0.0,0.0,712
67.97244475720369,0.0,-679.7244475720369,0.0,37905.7835868885,644.0086687618968,-0.0,0.9188612606813686,0.47997237932604736,0.0,799.2,0.0,0.0,1.0,888.0,-0.0,120,-36.70607584619435,0.0,118,-26.51734070685508,0.0,118,-38.781238799768595,0.0,118,-53.34713702650434,0.0,118,-55.84453111618342,0.0,120,-38.896167709905185,0.0,0.0,0.0188864808994731,0.0188864808994731,0.0,-679.7244475720369,-679.7244475720369,712.0,712.0,67.99133123810316,0.0,644.0086687618968,0.0,0.0,712
67.97244475720369,0.0,-679.7244475720369,0.0,37190.218399375284,644.0086687618968,-0.0,0.9015154873433516,0.47997237932604736,0.0,799.2,0.0,0.0,1.0,888.0,-0.0,120,-15.607259066711624,0.0,118,-16.58612929531111,0.0,118,-11.113844557573252,0.0,118,-15.74945268466144,0.0,118,-12.876550901549912,0.0,120,-48.55653334224137,0.0,0.0,0.0188864808994731,0.0188864808994731,0.0,-679.7244475720369,-679.7244475720369,712.0,712.0,67.99133123810316,0.0,644.0086687618968,0.0,0.0,712
0.0,0.0,-0.0,0.0,36474.65321186207,712.0,-0.0,0.8841697140053346,0.47997237932604736,0.0,799.2,0.0,0.0,1.0,888.0,-0.0,120,-32.53537786079344,0.0,118,-23.547304703497417,0.0,118,-14.231851596955472,0.0,118,-47.16666956539828,0.0,118,-40.852170457760124,0.0,120,-55.936467778129,0.0,0.0,0.0,0.0,0.0,0.0,0.0,712.0,712.0,0.0,0.0,712.0,0.0,0.0,712
0.0,0.0,-0.0,0.0,35683.54210075096,712.0,-0.0,0.8649926575219005,0.47997237932604736,0.0,799.2,0.0,0.0,1.0,888.0,-0.0,120,-7.637342634770381,0.0,118,-38.55473951434586,0.0,118,-46.742466329130195,0.0,118,-11.234368958021243,0.0,118,-25.6826203317183,0.0,120,-6.2517489792391405,0.0,0.0,0.0,0.0,0.0,0.0,0.0,712.0,712.0,0.0,0.0,712.0,0.0,0.0,712
0.0,0.0,-0.0,0.0,34892.43098963985,712.0,-0.0,0.8458156010384662,0.47997237932604736,0.0,799.2,0.0,0.0,1.0,888.0,-0.0,120,-13.916111308623638,0.0,118,-22.16854015514568,0.0,118,-41.92723448806318,0.0,118,-9.741275724335496,0.0,118,-16.829301375257774,0.0,120,-11.725201702935102,0.0,0.0,0.0,0.0,0.0,0.0,0.0,712.0,712.0,0.0,0.0,712.0,0.0,0.0,712
0.0,0.0,-0.0,0.0,34101.31987852874,712.0,-0.0,0.826638544555032,0.47997237932604736,0.0,799.2,0.0,0.0,1.0,888.0,-0.0,120,-39.90118956187083,0.0,118,-28.252282369296392,0.0,118,-15.665490031100632,0.0,118,-14.102403331586387,0.0,118,-50.75022790770646,0.0,120,-26.82100968910385,0.0,0.0,0.0,0.0,0.0,0.0,0.0,712.0,712.0,0.0,0.0,712.0,0.0,0.0,712
0.0,0.0,-0.0,0.0,33310.20876741763,712.0,-0.0,0.8074614880715979,0.47997237932604736,0.0,799.2,0.0,0.0,1.0,888.0,-0.0,120,-50.23922436775171,0.0,118,-2.7806258449446553,0.0,118,-38.063616820657415,0.0,118,-48.63682811669921,0.0,118,-49.76540886787036,0.0,120,-24.60472388175277,0.0,0.0,0.0,0.0,0.0,0.0,0.0,712.0,712.0,0.0,0.0,712.0,0.0,0.0,712
0.0,0.0,-0.0,0.0,32519.09765630652,712.0,-0.0,0.7882844315881637,0.47997237932604736,0.0,799.2,0.0,0.0,1.0,888.0,-0.0,120,-57.66356892709453,0.0,118,-52.61574540757489,0.0,118,-12.742355978907828,0.0,118,-37.648901641317615,0.0,118,-26.505036152875526,0.0,120,-51.89975584005431,0.0,0.0,0.0,0.0,0.0,0.0,0.0,712.0,712.0,0.0,0.0,712.0,0.0,0.0,712
0.0,0.0,-0.0,0.0,31727.98654519541,712.0,-0.0,0.7691073751047296,0.47997237932604736,0.0,799.2,0.0,0.0,1.0,888.0,-0.0,120,-11.494954898577989,0.0,118,-37.754585346292366,0.0,118,-11.738124009432102,0.0,118,-14.005660962561146,0.0,118,-9.742775716679304,0.0,120,-16.338741782424897,0.0,0.0,0.0,0.0,0.0,0.0,0.0,712.0,712.0,0.0,0.0,712.0,0.0,0.0,712
0.0,0.0,-0.0,0.0,30936.8754340843,712.0,-0.0,0.7499303186212954,0.47997237932604736,0.0,799.2,0.0,0.0,1.0,888.0,-0.0,120,-27.71505048843314,0.0,118,-1.282497307694923,0.0,118,-40.48951666512838,0.0,118,-12.079865132140867,0.0,118,-54.09046543904289,0.0,120,-9.337941633904087,0.0,0.0,0.0,0.0,0.0,0.0,0.0,712.0,712.0,0.0,0.0,712.0,0.0,0.0,712
0.0,0.0,-0.0,0.0,30145.76432297319,712.0,-0.0,0.7307532621378613,0.47997237932604736,0.0,799.2,0.0,0.0,1.0,888.0,-0.0,120,-21.887904754392466,0.0,118,-36.3366708268431,0.0,118,-12.164944763330434,0.0,118,-12.254662007796124,0.0,118,-38.52262246678291,0.0,120,-43.506650317879796,0.0,0.0,0.0,0.0,0.0,0.0,0.0,712.0,712.0,0.0,0.0,712.0,0.0,0.0,712
0.0,0.0,-0.0,0.0,29354.65321186208,712.0,-0.0,0.7115762056544271,0.47997237932604736,0.0,799.2,0.0,0.0,1.0,888.0,-0.0,120,-9.591500647468719,0.0,118,-57.810796001415966,0.0,118,-9.549526694307849,0.0,118,-16.109714991781537,0.0,118,-35.898178745592546,0.0,120,-54.64859523551621,0.0,0.0,0.0,0.0,0.0,0.0,0.0,712.0,712.0,0.0,0.0,712.0,0.0,0.0,712
0.0,0.0,-0.0,0.0,28563.542100750972,712.0,-0.0,0.692399149170993,0.47997237932604736,0.0,799.2,0.0,0.0,1.0,888.0,-0.0,120,-2.9241841617549236,0.0,118,-52.21152854908761,0.0,118,-9.612961744373386,0.0,118,-40.143549357391976,0.0,118,-37.223730620550725,0.0,120,-18.10088859094725,0.0,0.0,0.0,0.0,0.0,0.0,0.0,712.0,712.0,0.0,0.0,712.0,0.0,0.0,712
0.0,0.0,-0.0,0.0,27772.430989639863,712.0,-0.0,0.6732220926875588,0.47997237932604736,0.0,799.2,0.0,0.0,1.0,888.0,-0.0,120,-59.18310910110041,0.0,118,-30.785536091468998,0.0,118,-58.49555877668265,0.0,118,-56.91424556257368,0.0,118,-26.172518278614106,0.0,120,-51.637269044348095,0.0,0.0,0.0,0.0,0.0,0.0,0.0,712.0,712.0,0.0,0.0,712.0,0.0,0.0,712
0.0,0.0,-0.0,0.0,26981.319878528753,712.0,-0.0,0.6540450362041246,0.47997237932604736,0.0,799.2,0.0,0.0,1.0,888.0,-0.0,120,-15.684441510311995,0.0,118,-26.703459132185287,0.0,118,-43.85026347382513,0.0,118,-22.896577045025413,0.0,118,-12.892433513809296,0.0,120,-6.664178136251834,0.0,0.0,0.0,0.0,0.0,0.0,0.0,712.0,712.0,0.0,0.0,712.0,0.0,0.0,712
0.0,0.0,-0.0,0.0,26190.208767417644,712.0,-0.0,0.6348679797206904,0.47997237932604736,0.0,799.2,0.0,0.0,1.0,888.0,-0.0,120,-3.839301610634145,0.0,118,-15.252594019105697,0.0,118,-9.877507762093343,0.0,118,-52.282946315397766,0.0,118,-54.070618431445915,0.0,120,-47.82118292187361,0.0,0.0,0.0,0.0,0.0,0.0,0.0,712.0,712.0,0.0,0.0,712.0,0.0,0.0,712
0.0,0.0,-0.0,0.0,25399.097656306534,712.0,-0.0,0.6156909232372563,0.47997237932604736,0.0,799.2,0.0,0.0,1.0,888.0,-0.0,120,-53.321492639185394,0.0,118,-38.8038640414472,0.0,118,-55.87479214060961,0.0,118,-7.506964021952198,0.0,118,-16.97675313894282,0.0,120,-53.27881732471485,0.0,0.0,0.0,0.0,0.0,0.0,0.0,712.0,712.0,0.0,0.0,712.0,0.0,0.0,712
0.0,0.0,-0.0,0.0,24607.986545195425,712.0,-0.0,0.5965138667538221,0.47997237932604736,0.0,799.2,0.0,0.0,1.0,888.0,-0.0,120,-31.087245893504758,0.0,118,-20.74238308322886,0.0,118,-5.766888555824076,0.0,118,-55.235260371321836,0.0,118,-4.201561949396999,0.0,120,-58.07389762252128,0.0,0.0,0.0,0.0,0.0,0.0,0.0,712.0,712.0,0.0,0.0,712.0,0.0,0.0,712
0.0,0.0,-0.0,0.0,23816.875434084315,712.0,-0.0,0.577336810270388,0.47997237932604736,0.0,799.2,0.0,0.0,1.0,888.0,-0.0,120,-30.716039092361378,0.0,118,-14.803481872882537,0.0,118,-20.06232000515012,0.0,118,-48.759837394407,0.0,118,-9.636483765154274,0.0,120,-56.573441063168545,0.0,0.0,0.0,0.0,0.0,0.0,0.0,712.0,712.0,0.0,0.0,712.0,0.0,0.0,712
0.0,0.0,-0.0,0.0,23025.764322973206,714.0,-0.0,0.5581597537869538,0.47997237932604736,0.0,799.2,0.0,0.0,1.0,888.0,-0.0,120,-40.34449741775432,0.0,118,-0.28178765379219817,0.0,120,-1.8943598692360286,0.0,118,-33.15635378418619,0.0,118,-0.7954272970507548,0.0,120,-2.5074887466656093,0.0,0.0,0.0,0.0,0.0,0.0,0.0,714.0,714.0,0.0,0.0,714.0,0.0,0.0,714
0.0,0.0,-0.0,0.0,22232.430989639874,714.0,-0.0,0.5389288291673302,0.47997237932604736,0.0,799.2,0.0,0.0,1.0,888.0,-0.0,120,-26.841865654865757,0.0,118,-31.603561476335695,0.0,120,-41.98644734913047,0.0,118,-46.33455323001126,0.0,118,-35.03858651457294,0.0,120,-36.20949317179572,0.0,0.0,0.0,0.0,0.0,0.0,0.0,714.0,714.0,0.0,0.0,714.0,0.0,0.0,714
0.0,0.0,-0.0,0.0,21439.09765630654,714.0,-0.0,0.5196979045477066,0.47997237932604736,0.0,799.2,0.0,0.0,1.0,888.0,-0.0,120,-2.2627047555650237,0.0,118,-53.00476837085935,0.0,120,-13.001450187043531,0.0,118,-50.186426602935896,0.0,118,-53.95202144103583,0.0,120,-51.518980340316475,0.0,0.0,0.0,0.0,0.0,0.0,0.0,714.0,714.0,0.0,0.0,714.0,0.0,0.0,714
0.0,0.0,-0.0,0.0,20645.76432297321,714.0,-0.0,0.500466979928083,0.47997237932604736,0.0,799.2,0.0,0.0,1.0,888.0,-0.0,120,-49.98970564157336,0.0,118,-45.67371270450268,0.0,120,-25.267532047136523,0.0,118,-56.18290466520059,0.0,118,-2.5750398013475007,0.0,120,-7.405854771296854,0.0,0.0,0.0,0.0,0.0,0.0,0.0,714.0,714.0,0.0,0.0,714.0,0.0,0.0,714
0.0,0.0,-0.0,0.0,19852.430989639877,714.0,-0.0,0.4812360553084594,0.47997237932604736,0.0,799.2,0.0,0.0,1.0,888.0,-0.0,120,-20.287673910537393,0.0,118,-53.30967526165927,0.0,120,-17.068469526621755,0.0,118,-1.8846974895366264,0.0,118,-13.599599984113333,0.0,120,-3.3354177949025265,0.0,0.0,0.0,0.0,0.0,0.0,0.0,714.0,714.0,0.0,0.0,714.0,0.0,0.0,714
0.0,0.0,-0.0,0.0,19059.097656306545,714.0,-0.0,0.46200513068883586,0.47997237932604736,0.0,799.2,0.0,0.0,1.0,888.0,-0.0,120,-22.47106641652175,0.0,118,-50.54985021008753,0.0,120,-48.76950421684291,0.0,118,-51.04629476088185,0.0,118,-13.896164549791841,0.0,120,-25.98734103662831,0.0,0.0,0.0,0.0,0.0,0.0,0.0,714.0,714.0,0.0,0.0,714.0,0.0,0.0,714
0.0,0.0,-0.0,0.0,18265.764322973213,714.0,-0.0,0.44277420606921225,0.47997237932604736,0.0,799.2,0.0,0.0,1.0,888.0,-0.0,120,-6.615329229519964,0.0,118,-41.484386860492165,0.0,120,-2.450730836732089,0.0,118,-10.113799527098738,0.0,118,-29.415513504911324,0.0,120,-7.913232727773281,0.0,0.0,0.0,0.0,0.0,0.0,0.0,714.0,714.0,0.0,0.0,714.0,0.0,0.0,714
0.0,0.0,-0.0,0.0,17472.43098963988,714.0,-0.0,0.42354328144958864,0.47997237932604736,0.0,799.2,0.0,0.0,1.0,888.0,-0.0,120,-12.435587596586583,0.0,118,-11.681414242744133,0.0,120,-24.473357770799456,0.0,118,-30.6431311922151,0.0,118,-49.12376079221813,0.0,120,-55.50775539622791,0.0,0.0,0.0,0.0,0.0,0.0,0.0,714.0,714.0,0.0,0.0,714.0,0.0,0.0,714
0.0,0.0,-0.0,0.0,16679.09765630655,714.0,-0.0,0.4043123568299651,0.47997237932604736,0.0,799.2,0.0,0.0,1.0,888.0,-0.0,120,-56.76199743639461,0.0,118,-24.18333667227851,0.0,120,-27.136822850989976,0.0,118,-16.982880845654137,0.0,118,-33.170202367845796,0.0,120,-41.28994409697363,0.0,0.0,0.0,0.0,0.0,0.0,0.0,714.0,714.0,0.0,0.0,714.0,0.0,0.0,714
0.0,0.0,-0.0,0.0,15885.764322973215,714.0,-0.0,0.3850814322103414,0.47997237932604736,0.0,799.2,0.0,0.0,1.0,888.0,-0.0,120,-39.27481386299512,0.0,118,-8.511078124732872,0.0,120,-15.093420469530104,0.0,118,-18.70022515462505,0.0,118,-37.102115131868985,0.0,120,-47.58782821223725,0.0,0.0,0.0,0.0,0.0,0.0,0.0,714.0,714.0,0.0,0.0,714.0,0.0,0.0,714
0.0,0.0,-0.0,0.0,15092.43098963988,714.0,-0.0,0.3658505075907178,0.47997237932604736,0.0,799.2,0.0,0.0,1.0,888.0,-0.0,120,-52.72759270104599,0.0,118,-33.621778589416685,0.0,120,-24.44922122478802,0.0,118,-39.638411020780865,0.0,118,-5.481926912129234,0.0,120,-27.17278304218057,0.0,0.0,0.0,0.0,0.0,0.0,0.0,714.0,714.0,0.0,0.0,714.0,0.0,0.0,714
0.0,0.0,-0.0,0.0,14299.097656306547,714.0,-0.0,0.34661958297109413,0.47997237932604736,0.0,799.2,0.0,0.0,1.0,888.0,-0.0,120,-56.625558156125535,0.0,118,-16.287561798659052,0.0,120,-0.30437116046567514,0.0,118,-59.60535072624705,0.0,118,-7.788093101982058,0.0,120,-45.35718156850942,0.0,0.0,0.0,0.0,0.0,0.0,0.0,714.0,714.0,0.0,0.0,714.0,0.0,0.0,714
0.0,0.0,-0.0,0.0,13505.764322973213,714.0,-0.0,0.3273886583514705,0.47997237932604736,0.0,799.2,0.0,0.0,1.0,888.0,-0.0,120,-22.586204000858043,0.0,118,-41.13798050174714,0.0,120,-37.08418687655019,0.0,118,-3.7113240308218587,0.0,118,-30.156674825700144,0.0,120,-47.1267662316381,0.0,0.0,0.0,0.0,0.0,0.0,0.0,714.0,714.0,0.0,0.0,714.0,0.0,0.0,714
0.0,0.0,-0.0,0.0,12712.430989639879,712.0,-0.0,0.30815773373184685,0.47997237932604736,0.0,799.2,0.0,0.0,1.0,888.0,-0.0,120,-56.85791175215158,0.0,118,-30.473567556297635,0.0,120,-0.7939469056819504,0.0,118,-2.3257891423065113,0.0,118,-13.38747642576212,0.0,118,-7.433256069382452,0.0,0.0,0.0,0.0,0.0,0.0,0.0,712.0,712.0,0.0,0.0,712.0,0.0,0.0,712
0.0,0.0,-0.0,0.0,11921.319878528768,712.0,-0.0,0.28898067724841264,0.47997237932604736,0.0,799.2,0.0,0.0,1.0,888.0,-0.0,120,-55.39511495860165,0.0,118,-7.2737750207393574,0.0,120,-42.27304454236483,0.0,118,-43.80464238364787,0.0,118,-44.44366571039816,0.0,118,-55.58656206902892,0.0,0.0,0.0,0.0,0.0,0.0,0.0,712.0,712.0,0.0,0.0,712.0,0.0,0.0,712
0.0,0.0,-0.0,0.0,11130.208767417656,712.0,-0.0,0.26980362076497844,0.47997237932604736,0.0,799.2,0.0,0.0,1.0,888.0,-0.0,120,-0.606716109694303,0.0,118,-30.46848808924253,0.0,120,-23.176105435098304,0.0,118,-31.44064138861863,0.0,118,-33.871979186344866,0.0,118,-33.51049124298194,0.0,0.0,0.0,0.0,0.0,0.0,0.0,712.0,712.0,0.0,0.0,712.0,0.0,0.0,712
0.0,0.0,-0.0,0.0,10339.097656306545,712.0,-0.0,0.25062656428154423,0.47997237932604736,0.0,799.2,0.0,0.0,1.0,888.0,-0.0,120,-34.018635331386406,0.0,118,-30.174657225628366,0.0,120,-29.712000737662038,0.0,118,-55.445373111332366,0.0,118,-57.142179396310425,0.0,118,-19.56846269400225,0.0,0.0,0.0,0.0,0.0,0.0,0.0,712.0,712.0,0.0,0.0,712.0,0.0,0.0,712
0.0,0.0,-0.0,0.0,9547.986545195434,712.0,-0.0,0.23144950779811005,0.47997237932604736,0.0,799.2,0.0,0.0,1.0,888.0,-0.0,120,-41.4965504808587,0.0,118,-30.776475507363713,0.0,120,-13.69324798026195,0.0,118,-11.035514617722287,0.0,118,-11.067609633767061,0.0,118,-0.6627107917943298,0.0,0.0,0.0,0.0,0.0,0.0,0.0,712.0,712.0,0.0,0.0,712.0,0.0,0.0,712
0.0,0.0,-0.0,0.0,8756.875434084322,712.0,-0.0,0.21227245131467584,0.47997237932604736,0.0,799.2,0.0,0.0,1.0,888.0,-0.0,120,-59.60980943680064,0.0,118,-39.42455625270023,0.0,120,-18.437104414485248,0.0,118,-29.45208505267319,0.0,118,-27.46676001034168,0.0,118,-34.57082346088763,0.0,0.0,0.0,0.0,0.0,0.0,0.0,712.0,712.0,0.0,0.0,712.0,0.0,0.0,712
0.0,0.0,-0.0,0.0,7965.764322973211,712.0,-0.0,0.19309539483124163,0.47997237932604736,0.0,799.2,0.0,0.0,1.0,888.0,-0.0,120,-47.68697098736222,0.0,118,-8.973726665917663,0.0,120,-41.15984524214586,0.0,118,-34.78356520027628,0.0,118,-23.499107378341776,0.0,118,-48.71826980777158,0.0,0.0,0.0,0.0,0.0,0.0,0.0,712.0,712.0,0.0,0.0,712.0,0.0,0.0,712
0.0,0.0,-0.0,0.0,7174.6532118621,712.0,-0.0,0.17391833834780743,0.47997237932604736,0.0,799.2,0.0,0.0,1.0,888.0,-0.0,120,-48.6842143700131,0.0,118,-18.261197197154658,0.0,120,-31.364436670826375,0.0,118,-40.00279211369578,0.0,118,-38.138814283665354,0.0,118,-45.51146079610425,0.0,0.0,0.0,0.0,0.0,0.0,0.0,712.0,712.0,0.0,0.0,712.0,0.0,0.0,712
0.0,0.0,-0.0,0.0,6383.5421007509885,712.0,-0.0,0.15474128186437322,0.47997237932604736,0.0,799.2,0.0,0.0,1.0,888.0,-0.0,120,-53.026950775258925,0.0,118,-18.784495889026637,0.0,120,-32.934242335507676,0.0,118,-45.88681983110352,0.0,118,-24.78039157675318,0.0,118,-39.318409925633524,0.0,0.0,0.0,0.0,0.0,0.0,0.0,712.0,712.0,0.0,0.0,712.0,0.0,0.0,712
0.0,0.0,-0.0,0.0,5592.430989639877,712.0,-0.0,0.135564225380939,0.47997237932604736,0.0,799.2,0.0,0.0,1.0,888.0,-0.0,120,-20.245358370395568,0.0,118,-30.11016801417193,0.0,120,-32.00788852209603,0.0,118,-27.22123155297764,0.0,118,-11.98926811454122,0.0,118,-10.276856713037033,0.0,0.0,0.0,0.0,0.0,0.0,0.0,712.0,712.0,0.0,0.0,712.0,0.0,0.0,712
0.0,0.0,-0.0,0.0,4801.319878528766,712.0,-0.0,0.1163871688975048,0.47997237932604736,0.0,799.2,0.0,0.0,1.0,888.0,-0.0,120,-48.50460431914209,0.0,118,-57.04593740861224,0.0,120,-39.310362626610036,0.0,118,-35.33315571197838,0.0,118,-42.65172000503356,0.0,118,-50.9050396064795,0.0,0.0,0.0,0.0,0.0,0.0,0.0,712.0,712.0,0.0,0.0,712.0,0.0,0.0,712
0.0,0.0,-0.0,0.0,4010.2087674176546,712.0,-0.0,0.0972101124140706,0.47997237932604736,0.0,799.2,0.0,0.0,1.0,888.0,-0.0,120,-47.92526791211948,0.0,118,-54.1777466273767,0.0,120,-12.523086751374564,0.0,118,-25.746142415732184,0.0,118,-59.1864191513747,0.0,118,-25.86659615972361,0.0,0.0,0.0,0.0,0.0,0.0,0.0,712.0,712.0,0.0,0.0,712.0,0.0,0.0,712
0.0,0.0,-0.0,0.0,3219.0976563065433,712.0,-0.0,0.07803305593063639,0.47997237932604736,0.0,799.2,0.0,0.0,1.0,888.0,-0.0,120,-14.326661181863972,0.0,118,-5.615722312400773,0.0,120,-11.105951594262065,0.0,118,-33.06660296777399,0.0,118,-30.11533709940645,0.0,118,-32.881464336767955,0.0,0.0,0.0,0.0,0.0,0.0,0.0,712.0,712.0,0.0,0.0,712.0,0.0,0.0,712
0.0,0.0,-0.0,0.0,2427.986545195432,712.0,-0.0,0.05885599944720219,0.47997237932604736,0.0,799.2,0.0,0.0,1.0,888.0,-0.0,120,-46.61785276926658,0.0,118,-50.789195611401695,0.0,120,-22.073710912550908,0.0,118,-10.924552322496549,0.0,118,-27.6989504621724,0.0,118,-28.289717577175153,0.0,0.0,0.0,0.0,0.0,0.0,0.0,712.0,712.0,0.0,0.0,712.0,0.0,0.0,712
0.0,0.0,-0.0,0.0,1636.875434084321,712.0,-0.0,0.03967894296376799,0.47997237932604736,0.0,799.2,0.0,0.0,1.0,888.0,-0.0,120,-7.438485855003483,0.0,118,-24.96597445767604,0.0,120,-17.432776029054835,0.0,118,-9.70623054538963,0.0,118,-27.962325956910654,0.0,118,-33.350740650891865,0.0,0.0,0.0,0.0,0.0,0.0,0.0,712.0,712.0,0.0,0.0,712.0,0.0,0.0,712
0.0,0.0,-0.0,0.0,845.7643229732098,712.0,-0.0,0.02050188648033379,0.47997237932604736,0.0,799.2,0.0,0.0,1.0,888.0,-0.0,120,-30.04185088652765,0.0,118,-12.082908383484089,0.0,120,-10.23292364126112,0.0,118,-32.74380763705503,0.0,118,-29.843939645916187,0.0,118,-35.765292973810055,0.0,0.0,0.0,0.0,0.0,0.0,0.0,712.0,712.0,0.0,0.0,712.0,0.0,0.0,712
0.0,0.0,-0.0,0.0,54.653211862098715,49.187890675888845,-0.0,0.0013248299968995883,0.47997237932604736,318.1315051584098,799.2,0.0,662.8121093241111,1.0,888.0,-588577.1530798107,120,-1.6923033478769578,0.0,118,-42.00803885956679,0.0,120,-38.01515343196451,0.0,118,-5.639441323260808,0.0,118,-18.162385691737054,0.0,118,-56.8719285103443,0.0,0.0,0.0,0.0,0.0,-588577.1530798107,-588577.1530798107,712.0,712.0,0.0,0.0,712.0,0.0,0.0,712
0.0,0.0,-0.0,0.0,0.0,0.0,-0.0,0.0,0.47997237932604736,341.7403340801457,799.2,0.0,712.0,1.0,888.0,-632256.0,120,-39.09744829629381,0.0,118,-27.368358466971543,0.0,120,-52.839431635778446,0.0,118,-54.004715206237506,0.0,118,-29.92931108460677,0.0,118,-41.961046849654664,0.0,0.0,0.0,0.0,0.0,-632256.0,-632256.0,712.0,712.0,0.0,0.0,712.0,0.0,0.0,712
0.0,0.0,-0.0,0.0,0.0,0.0,-0.0,0.0,0.47997237932604736,341.7403340801457,799.2,0.0,712.0,1.0,888.0,-632256.0,120,-43.44987312484401,0.0,118,-4.266315146508433,0.0,120,-2.180272195604036,0.0,118,-38.13367553782388,0.0,118,-16.916367624026215,0.0,118,-44.7418867269186,0.0,0.0,0.0,0.0,0.0,-632256.0,-632256.0,712.0,712.0,0.0,0.0,712.0,0.0,0.0,712
0.0,0.0,-0.0,0.0,0.0,0.0,-0.0,0.0,0.47997237932604736,341.7403340801457,799.2,0.0,712.0,1.0,888.0,-632256.0,120,-11.275851127575763,0.0,118,-23.972866295744282,0.0,120,-32.5548096843656,0.0,118,-20.96037876947289,0.0,118,-16.301670342038616,0.0,118,-54.10090126486416,0.0,0.0,0.0,0.0,0.0,-632256.0,-632256.0,712.0,712.0,0.0,0.0,712.0,0.0,0.0,712
0.0,0.0,-0.0,0.0,0.0,0.0,-0.0,0.0,0.47997237932604736,341.7403340801457,799.2,0.0,712.0,1.0,888.0,-632256.0,120,-2.4607969408567087,0.0,118,-24.490772913792973,0.0,120,-18.13568100557384,0.0,118,-27.150264813232358,0.0,118,-25.16075383180079,0.0,118,-21.550536852385743,0.0,0.0,0.0,0.0,0.0,-632256.0,-632256.0,712.0,712.0,0.0,0.0,712.0,0.0,0.0,712
0.0,0.0,-0.0,0.0,0.0,0.0,-0.0,0.0,0.47997237932604736,341.7403340801457,799.2,0.0,712.0,1.0,888.0,-632256.0,120,-46.839782236372336,0.0,118,-24.36074830349563,0.0,120,-52.18863471570809,0.0,118,-18.369351922889113,0.0,118,-49.12405481802503,0.0,118,-5.775407674871225,0.0,0.0,0.0,0.0,0.0,-632256.0,-632256.0,712.0,712.0,0.0,0.0,712.0,0.0,0.0,712
0.0,0.0,-0.0,0.0,0.0,0.0,-0.0,0.0,0.47997237932604736,342.70027883879783,799.2,0.0,714.0,1.0,888.0,-634032.0,120,-36.54270310350431,0.0,118,-23.86584272953843,0.0,120,-7.990020019119342,0.0,118,-7.3071323607732435,0.0,118,-12.820829928867736,0.0,120,-44.18174647467634,0.0,0.0,0.0,0.0,0.0,-634032.0,-634032.0,714.0,714.0,0.0,0.0,714.0,0.0,0.0,714
0.0,0.0,-0.0,0.0,0.0,0.0,-0.0,0.0,0.47997237932604736,342.70027883879783,799.2,0.0,714.0,1.0,888.0,-634032.0,120,-47.212273229541964,0.0,118,-11.388440080438748,0.0,120,-52.97527595131391,0.0,118,-41.53047630613203,0.0,118,-17.941720898189953,0.0,120,-43.08912636011178,0.0,0.0,0.0,0.0,0.0,-634032.0,-634032.0,714.0,714.0,0.0,0.0,714.0,0.0,0.0,714
0.0,0.0,-0.0,0.0,0.0,0.0,-0.0,0.0,0.47997237932604736,342.70027883879783,799.2,0.0,714.0,1.0,888.0,-634032.0,120,-46.86864668827594,0.0,118,-45.717618156035904,0.0,120,-38.25072503731412,0.0,118,-10.525086427783384,0.0,118,-20.07107188747049,0.0,120,-38.28804929688896,0.0,0.0,0.0,0.0,0.0,-634032.0,-634032.0,714.0,714.0,0.0,0.0,714.0,0.0,0.0,714
0.0,0.0,-0.0,0.0,0.0,0.0,-0.0,0.0,0.47997237932604736,342.70027883879783,799.2,0.0,714.0,1.0,888.0,-634032.0,120,-22.939986714924206,0.0,118,-37.66135373534727,0.0,120,-40.45108204485115,0.0,118,-53.74859595929504,0.0,118,-21.359202345953385,0.0,120,-6.466500340393124,0.0,0.0,0.0,0.0,0.0,-634032.0,-634032.0,714.0,714.0,0.0,0.0,714.0,0.0,0.0,714
0.0,0.0,-0.0,0.0,0.0,0.0,-0.0,0.0,0.47997237932604736,342.70027883879783,799.2,0.0,714.0,1.0,888.0,-634032.0,120,-59.54956213296165,0.0,118,-51.32830664363982,0.0,120,-54.37416525383457,0.0,118,-27.970824086079414,0.0,118,-34.230767253386794,0.0,120,-19.667148675300158,0.0,0.0,0.0,0.0,0.0,-634032.0,-634032.0,714.0,714.0,0.0,0.0,714.0,0.0,0.0,714
0.0,0.0,-0.0,0.0,0.0,0.0,-0.0,0.0,0.47997237932604736,342.70027883879783,799.2,0.0,714.0,1.0,888.0,-634032.0,120,-12.801589518367338,0.0,118,-29.043390208755373,0.0,120,-51.123495074889966,0.0,118,-2.270262727059531,0.0,118,-18.754112529251298,0.0,120,-47.71641428693793,0.0,0.0,0.0,0.0,0.0,-634032.0,-634032.0,714.0,714.0,0.0,0.0,714.0,0.0,0.0,714
0.0,0.0,-0.0,0.0,0.0,0.0,-0.0,0.0,0.47997237932604736,342.70027883879783,799.2,0.0,714.0,1.0,888.0,-634032.0,120,-24.486425812220144,0.0,118,-44.57526045325296,0.0,120,-16.014029624031934,0.0,118,-31.412683400768508,0.0,118,-3.3485111780137955,0.0,120,-58.47901309875926,0.0,0.0,0.0,0.0,0.0,-634032.0,-634032.0,714.0,714.0,0.0,0.0,714.0,0.0,0.0,714
0.0,0.0,-0.0,0.0,0.0,0.0,-0.0,0.0,0.47997237932604736,342.70027883879783,799.2,0.0,714.0,1.0,888.0,-634032.0,120,-33.27409231731082,0.0,118,-9.993461012949147,0.0,120,-9.528404956209261,0.0,118,-29.893585804024454,0.0,118,-8.689905245726914,0.0,120,-38.841166948393855,0.0,0.0,0.0,0.0,0.0,-634032.0,-634032.0,714.0,714.0,0.0,0.0,714.0,0.0,0.0,714
0.0,0.0,-0.0,0.0,0.0,0.0,-0.0,0.0,0.47997237932604736,342.70027883879783,799.2,0.0,714.0,1.0,888.0,-634032.0,120,-42.50795300724624,0.0,118,-6.422685375034332,0.0,120,-29.836432090621322,0.0,118,-23.766157778739373,0.0,118,-21.422370972891006,0.0,120,-29.896994867512536,0.0,0.0,0.0,0.0,0.0,-634032.0,-634032.0,714.0,714.0,0.0,0.0,714.0,0.0,0.0,714
0.0,0.0,-0.0,0.0,0.0,0.0,-0.0,0.0,0.47997237932604736,342.70027883879783,799.2,0.0,714.0,1.0,888.0,-634032.0,120,-13.224789009719762,0.0,118,-24.479600585367546,0.0,120,-26.017520058780626,0.0,118,-50.026367814514174,0.0,118,-25.664560697892334,0.0,120,-53.42836298674174,0.0,0.0,0.0,0.0,0.0,-634032.0,-634032.0,714.0,714.0,0.0,0.0,714.0,0.0,0.0,714
0.0,0.0,-0.0,0.0,0.0,0.0,-0.0,0.0,0.47997237932604736,342.70027883879783,799.2,0.0,714.0,1.0,888.0,-634032.0,120,-50.73827553864835,0.0,118,-8.211323610521681,0.0,120,-52.82531775274925,0.0,118,-21.639773596424533,0.0,118,-57.171398083122675,0.0,120,-0.6574453088486298,0.0,0.0,0.0,0.0,0.0,-634032.0,-634032.0,714.0,714.0,0.0,0.0,714.0,0.0,0.0,714
0.0,0.0,-0.0,0.0,0.0,0.0,-0.0,0.0,0.47997237932604736,342.70027883879783,799.2,0.0,714.0,1.0,888.0,-634032.0,120,-17.578555192276088,0.0,118,-1.693603732536444,0.0,120,-5.144052400387748,0.0,118,-57.738820306282236,0.0,118,-48.63393433079865,0.0,120,-1.5682340572047182,0.0,0.0,0.0,0.0,0.0,-634032.0,-634032.0,714.0,714.0,0.0,0.0,714.0,0.0,0.0,714
0.0,0.0,-0.0,0.0,0.0,0.0,-0.0,0.0,0.47997237932604736,342.70027883879783,799.2,0.0,714.0,1.0,888.0,-634032.0,120,-40.17110834265522,0.0,118,-47.93079563027956,0.0,120,-12.743887700023823,0.0,118,-26.033755496984455,0.0,118,-19.445375423154893,0.0,120,-39.19269954299923,0.0,0.0,0.0,0.0,0.0,-634032.0,-634032.0,714.0,714.0,0.0,0.0,714.0,0.0,0.0,714
0.0,0.0,-0.0,0.0,0.0,0.0,-0.0,0.0,0.47997237932604736,342.70027883879783,799.2,0.0,714.0,1.0,888.0,-634032.0,120,-28.9953954673947,0.0,118,-26.639370322664963,0.0,120,-20.352433446685367,0.0,118,-36.209729015503164,0.0,118,-1.1630208240493634,0.0,120,-1.3664565489149227,0.0,0.0,0.0,0.0,0.0,-634032.0,-634032.0,714.0,714.0,0.0,0.0,714.0,0.0,0.0,714
0.0,0.0,-0.0,0.0,0.0,0.0,-0.0,0.0,0.47997237932604736,342.70027883879783,799.2,0.0,714.0,1.0,888.0,-634032.0,120,-8.539439669316307,0.0,118,-23.001542869170702,0.0,120,-10.653830834656052,0.0,118,-18.56847233063038,0.0,118,-55.94580929229934,0.0,120,-25.298733318106443,0.0,0.0,0.0,0.0,0.0,-634032.0,-634032.0,714.0,714.0,0.0,0.0,714.0,0.0,0.0,714
0.0,0.0,-0.0,0.0,0.0,0.0,-0.0,0.0,0.47997237932604736,342.70027883879783,799.2,0.0,714.0,1.0,888.0,-634032.0,120,-17.88298498966086,0.0,118,-45.52790856160144,0.0,120,-59.36304147701685,0.0,118,-29.674765629261138,0.0,118,-37.41307424426184,0.0,120,-55.228550618820485,0.0,0.0,0.0,0.0,0.0,-634032.0,-634032.0,714.0,714.0,0.0,0.0,714.0,0.0,0.0,714
0.0,0.0,-0.0,0.0,0.0,0.0,-0.0,0.0,0.47997237932604736,342.70027883879783,799.2,0.0,714.0,1.0,888.0,-634032.0,120,-39.74145439409199,0.0,118,-54.32030555888723,0.0,120,-56.84491120159561,0.0,118,-37.57686768789138,0.0,118,-7.016363809531554,0.0,120,-53.74747720681201,0.0,0.0,0.0,0.0,0.0,-634032.0,-634032.0,714.0,714.0,0.0,0.0,714.0,0.0,0.0,714
0.0,0.0,-0.0,0.0,0.0,0.0,-0.0,0.0,0.47997237932604736,342.70027883879783,799.2,0.0,714.0,1.0,888.0,-634032.0,120,-7.175828798845529,0.0,118,-11.563648653207839,0.0,120,-33.94063353374812,0.0,118,-30.177888542611914,0.0,118,-23.937363901521717,0.0,120,-6.327988596521221,0.0,0.0,0.0,0.0,0.0,-634032.0,-634032.0,714.0,714.0,0.0,0.0,714.0,0.0,0.0,714
0.0,0.0,-0.0,0.0,0.0,0.0,-0.0,0.0,0.47997237932604736,342.70027883879783,799.2,0.0,714.0,1.0,888.0,-634032.0,120,-51.43713104321087,0.0,118,-55.623593927491314,0.0,120,-12.079286576088782,0.0,118,-25.130267914061058,0.0,118,-0.3260803051006267,0.0,120,-52.19341354847108,0.0,0.0,0.0,0.0,0.0,-634032.0,-634032.0,714.0,714.0,0.0,0.0,714.0,0.0,0.0,714
0.0,0.0,-0.0,0.0,0.0,0.0,-0.0,0.0,0.47997237932604736,342.70027883879783,799.2,0.0,714.0,1.0,888.0,-634032.0,120,-33.87259578850272,0.0,118,-1.5485891342470959,0.0,120,-34.72429997658613,0.0,118,-53.23160070169752,0.0,118,-47.55181354545846,0.0,120,-10.718944663741297,0.0,0.0,0.0,0.0,0.0,-634032.0,-634032.0,714.0,714.0,0.0,0.0,714.0,0.0,0.0,714
0.0,0.0,-0.0,0.0,0.0,0.0,-0.0,0.0,0.47997237932604736,342.70027883879783,799.2,0.0,714.0,1.0,888.0,-634032.0,120,-55.37357574358855,0.0,118,-21.233059286153214,0.0,120,-43.735674070091555,0.0,118,-20.869196033505276,0.0,118,-23.11920663146936,0.0,120,-9.114871009477579,0.0,0.0,0.0,0.0,0.0,-634032.0,-634032.0,714.0,714.0,0.0,0.0,714.0,0.0,0.0,714
0.0,0.0,-0.0,0.0,0.0,0.0,-0.0,0.0,0.47997237932604736,342.70027883879783,799.2,0.0,714.0,1.0,888.0,-634032.0,120,-8.578037275822922,0.0,118,-28.174910439633763,0.0,120,-46.216040961106316,0.0,118,-49.45266959904037,0.0,118,-12.849053150607459,0.0,120,-33.59777258751209,0.0,0.0,0.0,0.0,0.0,-634032.0,-634032.0,714.0,714.0,0.0,0.0,714.0,0.0,0.0,714
0.0,0.0,-0.0,0.0,0.0,0.0,-0.0,0.0,0.47997237932604736,342.70027883879783,799.2,0.0,714.0,1.0,888.0,-634032.0,120,-37.98039073222836,0.0,118,-57.00364773759171,0.0,120,-55.907186479718895,0.0,118,-4.515872919138754,0.0,118,-29.67452938339608,0.0,120,-7.528957285177578,0.0,0.0,0.0,0.0,0.0,-634032.0,-634032.0,714.0,714.0,0.0,0.0,714.0,0.0,0.0,714
0.0,0.0,-0.0,0.0,0.0,0.0,-0.0,0.0,0.47997237932604736,342.70027883879783,799.2,0.0,714.0,1.0,888.0,-634032.0,120,-48.86379403042677,0.0,118,-34.45305881319654,0.0,120,-34.6295721061149,0.0,118,-32.286586524349474,0.0,118,-58.921732640618,0.0,120,-56.08387905809795,0.0,0.0,0.0,0.0,0.0,-634032.0,-634032.0,714.0,714.0,0.0,0.0,714.0,0.0,0.0,714
0.0,0.0,-0.0,0.0,0.0,0.0,-0.0,0.0,0.47997237932604736,342.70027883879783,799.2,0.0,714.0,1.0,888.0,-634032.0,120,-16.868887939517887,0.0,118,-18.835708936990724,0.0,120,-54.24964518038265,0.0,118,-36.05718482176099,0.0,118,-41.09077344641555,0.0,120,-56.50707577540315,0.0,0.0,0.0,0.0,0.0,-634032.0,-634032.0,714.0,714.0,0.0,0.0,714.0,0.0,0.0,714
0.0,0.0,-0.0,0.0,0.0,0.0,-0.0,0.0,0.47997237932604736,342.70027883879783,799.2,0.0,714.0,1.0,888.0,-634032.0,120,-14.336034303996076,0.0,118,-20.661109769233967,0.0,120,-3.8190573826636,0.0,118,-30.819684522126412,0.0,118,-3.9156478224422786,0.0,120,-35.65576490121371,0.0,0.0,0.0,0.0,0.0,-634032.0,-634032.0,714.0,714.0,0.0,0.0,714.0,0.0,0.0,714
179.16212445979272,0.0,-1791.6212445979272,0.0,0.0,0.0,-0.0,0.0,0.47997237932604736,256.6835141309695,799.2,0.0,534.7880944553337,1.0,888.0,-474891.82787633635,120,-52.22531893430858,0.0,118,-29.17753335911692,0.0,120,-48.813571632924855,0.0,118,-24.118719549926652,0.0,118,-21.494738750963972,0.0,120,-15.037580717918669,0.0,0.0,0.0497810848735184,0.0497810848735184,0.0,-476683.4491209343,-476683.4491209343,714.0,714.0,179.21190554466625,0.0,534.7880944553337,0.0,0.0,714
179.16212445979272,0.0,-1791.6212445979272,0.0,0.0,0.0,-0.0,0.0,0.47997237932604736,256.6835141309695,799.2,0.0,534.7880944553337,1.0,888.0,-474891.82787633635,120,-18.15779447205333,0.0,118,-58.384278888262294,0.0,120,-54.59487685559195,0.0,118,-56.6171058505137,0.0,118,-51.289329274327265,0.0,120,-54.051219517263476,0.0,0.0,0.0497810848735184,0.0497810848735184,0.0,-476683.4491209343,-476683.4491209343,714.0,714.0,179.21190554466625,0.0,534.7880944553337,0.0,0.0,714
179.16212445979272,0.0,-1791.6212445979272,0.0,0.0,0.0,-0.0,0.0,0.47997237932604736,256.6835141309695,799.2,0.0,534.7880944553337,1.0,888.0,-474891.82787633635,120,-34.078324818213716,0.0,118,-17.737637808451147,0.0,120,-45.993785234168975,0.0,118,-38.59029223173114,0.0,118,-18.979916571436416,0.0,120,-10.525886127032319,0.0,0.0,0.0497810848735184,0.0497810848735184,0.0,-476683.4491209343,-476683.4491209343,714.0,714.0,179.21190554466625,0.0,534.7880944553337,0.0,0.0,714
179.16212445979272,0.0,-1791.6212445979272,0.0,0.0,0.0,-0.0,0.0,0.47997237932604736,256.6835141309695,799.2,0.0,534.7880944553337,1.0,888.0,-474891.82787633635,120,-15.107798567540176,0.0,118,-4.731287380417422,0.0,120,-22.74174974873395,0.0,118,-17.13015855544951,0.0,118,-24.023668881062378,0.0,120,-36.58680011788642,0.0,0.0,0.0497810848735184,0.0497810848735184,0.0,-476683.4491209343,-476683.4491209343,714.0,714.0,179.21190554466625,0.0,534.7880944553337,0.0,0.0,714
179.16212445979272,0.0,-1791.6212445979272,0.0,0.0,0.0,-0.0,0.0,0.47997237932604736,256.6835141309695,799.2,0.0,534.7880944553337,1.0,888.0,-474891.82787633635,120,-44.69208420404295,0.0,118,-41.771955599945926,0.0,120,-4.129349854504712,0.0,118,-5.052918316068331,0.0,118,-20.66282746034821,0.0,120,-6.574249829602188,0.0,0.0,0.0497810848735184,0.0497810848735184,0.0,-476683.4491209343,-476683.4491209343,714.0,714.0,179.21190554466625,0.0,534.7880944553337,0.0,0.0,714
179.16212445979272,0.0,-1791.6212445979272,0.0,0.0,0.0,-0.0,0.0,0.47997237932604736,256.6835141309695,799.2,0.0,534.7880944553337,1.0,888.0,-474891.82787633635,120,-48.447075221685274,0.0,118,-49.912573670099924,0.0,120,-3.4311080022184437,0.0,118,-29.41856610662317,0.0,118,-34.04206814352801,0.0,120,-43.887816582058214,0.0,0.0,0.0497810848735184,0.0497810848735184,0.0,-476683.4491209343,-476683.4491209343,714.0,714.0,179.21190554466625,0.0,534.7880944553337,0.0,0.0,714
802.9306883010877,0.0,-8029.306883010877,89.15378657513634,0.0,0.0,-0.0,0.0,0.47997237932604736,0.0,799.2,0.0,0.0,1.0,888.0,-0.0,120,-51.17527935353516,0.0,118,-12.971534451433818,0.0,120,-38.3323458119066,0.0,118,-3.618631656583906,0.0,118,-30.854529788352114,0.0,120,-17.44610252865519,0.0,0.0,0.223098274048649,0.223098274048649,0.0,-8029.306883010877,-8029.306883010877,803.1537865751363,803.1537865751363,803.1537865751363,0.0,0.0,89.15378657513634,0.0,714
802.9306883010877,0.0,-8029.306883010877,89.15378657513634,80.23840791762271,0.0,-0.0,0.0019450320683980003,0.47997237932604736,0.0,799.2,0.0,0.0,1.0,888.0,-0.0,120,-25.689540262612343,0.0,118,-40.55196015289707,0.0,120,-24.458019121606576,0.0,118,-10.711317710063724,0.0,118,-9.967018861725784,0.0,120,-42.545850694965104,0.0,0.0,0.223098274048649,0.223098274048649,0.0,-8029.306883010877,-8029.306883010877,803.1537865751363,803.1537865751363,803.1537865751363,0.0,0.0,89.15378657513634,0.0,714
802.9306883010877,0.0,-8029.306883010877,89.15378657513634,160.47681583524542,0.0,-0.0,0.0038900641367960007,0.47997237932604736,0.0,799.2,0.0,0.0,1.0,888.0,-0.0,120,-56.416879359033516,0.0,118,-1.2900462981249916,0.0,120,-40.38436010131127,0.0,118,-6.767933747308175,0.0,118,-53.28665791811788,0.0,120,-54.16251479648452,0.0,0.0,0.223098274048649,0.223098274048649,0.0,-8029.306883010877,-8029.306883010877,803.1537865751363,803.1537865751363,803.1537865751363,0.0,0.0,89.15378657513634,0.0,714
802.9306883010877,0.0,-8029.306883010877,89.15378657513634,240.71522375286813,0.0,-0.0,0.005835096205194001,0.47997237932604736,0.0,799.2,0.0,0.0,1.0,888.0,-0.0,120,-27.77702344476786,0.0,118,-28.1360581754792,0.0,120,-50.31158938657443,0.0,118,-36.39833872276634,0.0,118,-38.208467801919056,0.0,120,-15.02215785950314,0.0,0.0,0.223098274048649,0.223098274048649,0.0,-8029.306883010877,-8029.306883010877,803.1537865751363,803.1537865751363,803.1537865751363,0.0,0.0,89.15378657513634,0.0,714
802.9306883010877,0.0,-8029.306883010877,89.15378657513634,320.95363167049084,0.0,-0.0,0.007780128273592001,0.47997237932604736,0.0,799.2,0.0,0.0,1.0,888.0,-0.0,120,-34.974876647211055,0.0,118,-11.892920780296246,0.0,120,-59.25119556256647,0.0,118,-1.6272531652653321,0.0,118,-35.269210157582684,0.0,120,-51.83583808605743,0.0,0.0,0.223098274048649,0.223098274048649,0.0,-8029.306883010877,-8029.306883010877,803.1537865751363,803.1537865751363,803.1537865751363,0.0,0.0,89.15378657513634,0.0,714
802.9306883010877,0.0,-8029.306883010877,89.15378657513634,401.1920395881135,0.0,-0.0,0.00972516034199,0.47997237932604736,0.0,799.2,0.0,0.0,1.0,888.0,-0.0,120,-50.786425131271514,0.0,118,-19.591867186030413,0.0,120,-37.21898030380672,0.0,118,-9.35339860597164,0.0,118,-39.264896083064286,0.0,120,-56.662035135422514,0.0,0.0,0.223098274048649,0.223098274048649,0.0,-8029.306883010877,-8029.306883010877,803.1537865751363,803.1537865751363,803.1537865751363,0.0,0.0,89.15378657513634,0.0,714
1498.3771037112554,0.0,-14983.771037112554,784.7934352210391,481.4304475057362,0.0,-0.0,0.011670192410388,0.47997237932604736,0.0,799.2,0.0,0.0,1.0,888.0,-0.0,120,-50.62723670850976,0.0,118,-50.887940451278,0.0,120,-48.35958757073594,0.0,118,-55.41153131905273,0.0,118,-19.558366362540742,0.0,120,-22.336663060229306,0.0,0.0,0.416331509783622,0.416331509783622,0.0,-14983.771037112554,-14983.771037112554,1498.793435221039,1498.793435221039,1498.793435221039,0.0,0.0,784.7934352210391,0.0,714
1498.3771037112554,0.0,-14983.771037112554,784.7934352210391,1187.7445392046714,0.0,-0.0,0.028791713068253736,0.47997237932604736,0.0,799.2,0.0,0.0,1.0,888.0,-0.0,120,-29.328840800800577,0.0,118,-47.82094495483262,0.0,120,-23.431961821461233,0.0,118,-42.67028841976314,0.0,118,-23.817496203072594,0.0,120,-11.268725597454026,0.0,0.0,0.416331509783622,0.416331509783622,0.0,-14983.771037112554,-14983.771037112554,1498.793435221039,1498.793435221039,1498.793435221039,0.0,0.0,784.7934352210391,0.0,714
1498.3771037112554,0.0,-14983.771037112554,784.7934352210391,1894.0586309036066,0.0,-0.0,0.045913233726119475,0.47997237932604736,0.0,799.2,0.0,0.0,1.0,888.0,-0.0,120,-0.25917773048540704,0.0,118,-48.22396509619621,0.0,120,-12.12573799904803,0.0,118,-49.96797006805126,0.0,118,-28.61755293249603,0.0,120,-31.625013683779212,0.0,0.0,0.416331509783622,0.416331509783622,0.0,-14983.771037112554,-14983.771037112554,1498.793435221039,1498.793435221039,1498.793435221039,0.0,0.0,784.7934352210391,0.0,714
1498.3771037112554,0.0,-14983.771037112554,784.7934352210391,2600.3727226025417,0.0,-0.0,0.0630347543839852,0.47997237932604736,0.0,799.2,0.0,0.0,1.0,888.0,-0.0,120,-18.81265266571644,0.0,118,-4.013481820414224,0.0,120,-24.195541751595655,0.0,118,-2.6189194636938873,0.0,118,-17.057186800411767,0.0,120,-34.26963623301539,0.0,0.0,0.416331509783622,0.416331509783622,0.0,-14983.771037112554,-14983.771037112554,1498.793435221039,1498.793435221039,1498.793435221039,0.0,0.0,784.7934352210391,0.0,714
1498.3771037112554,0.0,-14983.771037112554,784.7934352210391,3306.6868143014767,0.0,-0.0,0.08015627504185094,0.47997237932604736,0.0,799.2,0.0,0.0,1.0,888.0,-0.0,120,-16.200806825144742,0.0,118,-24.715712935129368,0.0,120,-59.011943149347246,0.0,118,-30.591047003464382,0.0,118,-22.81583281845399,0.0,120,-6.7284422571747875,0.0,0.0,0.416331509783622,0.416331509783622,0.0,-14983.771037112554,-14983.771037112554,1498.793435221039,1498.793435221039,1498.793435221039,0.0,0.0,784.7934352210391,0.0,714
1498.3771037112554,0.0,-14983.771037112554,784.7934352210391,4013.0009060004118,0.0,-0.0,0.09727779569971667,0.47997237932604736,0.0,799.2,0.0,0.0,1.0,888.0,-0.0,120,-27.421778936705202,0.0,118,-23.707604714883473,0.0,120,-42.90998465994979,0.0,118,-36.57572436711165,0.0,118,-39.50765296682947,0.0,120,-2.4228230761715452,0.0,0.0,0.416331509783622,0.416331509783622,0.0,-14983.771037112554,-14983.771037112554,1498.793435221039,1498.793435221039,1498.793435221039,0.0,0.0,784.7934352210391,0.0,714
1993.9426674167198,0.0,-19939.426674167196,1280.496694276241,4719.314997699347,0.0,-0.0,0.11439931635758241,0.47997237932604736,0.0,799.2,0.0,0.0,1.0,888.0,-0.0,120,-35.551835178018635,0.0,118,-56.019869025820945,0.0,120,-0.5829652364218263,0.0,118,-17.497263965868367,0.0,118,-45.06330118135278,0.0,120,-29.458298623652606,0.0,0.0,0.554026859521178,0.554026859521178,0.0,-19939.426674167196,-19939.426674167196,1994.496694276241,1994.496694276241,1994.496694276241,0.0,0.0,1280.496694276241,0.0,714
1993.9426674167198,0.0,-19939.426674167196,1280.496694276241,5871.762022547964,0.0,-0.0,0.14233539433612014,0.47997237932604736,0.0,799.2,0.0,0.0,1.0,888.0,-0.0,120,-26.12312971958434,0.0,118,-1.2401152478602917,0.0,120,-19.1969642703341,0.0,118,-1.0135800884478385,0.0,118,-7.54928553380652,0.0,120,-56.49777658114242,0.0,0.0,0.554026859521178,0.554026859521178,0.0,-19939.426674167196,-19939.426674167196,1994.496694276241,1994.496694276241,1994.496694276241,0.0,0.0,1280.496694276241,0.0,714
1993.9426674167198,0.0,-19939.426674167196,1280.496694276241,7024.209047396581,0.0,-0.0,0.17027147231465786,0.47997237932604736,0.0,799.2,0.0,0.0,1.0,888.0,-0.0,120,-40.50198010263267,0.0,118,-18.447373605750744,0.0,120,-6.483522678574454,0.0,118,-39.04508832227295,0.0,118,-4.435980280679567,0.0,120,-47.217588674999654,0.0,0.0,0.554026859521178,0.554026859521178,0.0,-19939.426674167196,-19939.426674167196,1994.496694276241,1994.496694276241,1994.496694276241,0.0,0.0,1280.496694276241,0.0,714
1993.9426674167198,0.0,-19939.426674167196,1280.496694276241,8176.656072245198,0.0,-0.0,0.1982075502931956,0.47997237932604736,0.0,799.2,0.0,0.0,1.0,888.0,-0.0,120,-28.961042763352133,0.0,118,-10.407127540759454,0.0,120,-48.945291881754756,0.0,118,-47.27585693489318,0.0,118,-39.702708753255216,0.0,120,-4.131397696581098,0.0,0.0,0.554026859521178,0.554026859521178,0.0,-19939.426674167196,-19939.426674167196,1994.496694276241,1994.496694276241,1994.496694276241,0.0,0.0,1280.496694276241,0.0,714
1993.9426674167198,0.0,-19939.426674167196,1280.496694276241,9329.103097093815,0.0,-0.0,0.22614362827173334,0.47997237932604736,0.0,799.2,0.0,0.0,1.0,888.0,-0.0,120,-8.509220987649774,0.0,118,-2.521596315222956,0.0,120,-56.61530965444824,0.0,118,-43.777326337213324,0.0,118,-13.888993989693637,0.0,120,-28.398265974464902,0.0,0.0,0.554026859521178,0.554026859521178,0.0,-19939.426674167196,-19939.426674167196,1994.496694276241,1994.496694276241,1994.496694276241,0.0,0.0,1280.496694276241,0.0,714
1993.9426674167198,0.0,-19939.426674167196,1280.496694276241,10481.550121942433,0.0,-0.0,0.2540797062502711,0.47997237932604736,0.0,799.2,0.0,0.0,1.0,888.0,-0.0,120,-41.433002509312146,0.0,118,-13.868714469462391,0.0,120,-31.6116856995279,0.0,118,-32.60203841309005,0.0,118,-59.427075839303065,0.0,120,-19.724445884609253,0.0,0.0,0.554026859521178,0.554026859521178,0.0,-19939.426674167196,-19939.426674167196,1994.496694276241,1994.496694276241,1994.496694276241,0.0,0.0,1280.496694276241,0.0,714
2253.043903111876,0.0,-22530.43903111876,1539.669922534802,11633.99714679105,0.0,-0.0,0.28201578422880885,0.47997237932604736,0.0,799.2,0.0,0.0,1.0,888.0,-0.0,120,-31.58790281968632,0.0,118,-40.518985534945685,0.0,120,-29.502791769982394,0.0,118,-16.25759829517413,0.0,118,-13.997439033424632,0.0,120,-38.85810013752599,0.0,0.0,0.626019422926334,0.626019422926334,0.0,-22530.43903111876,-22530.43903111876,2253.669922534802,2253.669922534802,2253.669922534802,0.0,0.0,1539.669922534802,0.0,714
2253.043903111876,0.0,-22530.43903111876,1539.669922534802,13019.700077072373,0.0,-0.0,0.31560613960372275,0.47997237932604736,0.0,799.2,0.0,0.0,1.0,888.0,-0.0,120,-26.209532418240766,0.0,118,-10.866401569234235,0.0,120,-28.475128548068025,0.0,118,-55.52522920154411,0.0,118,-14.663964246667582,0.0,120,-57.382414159981856,0.0,0.0,0.626019422926334,0.626019422926334,0.0,-22530.43903111876,-22530.43903111876,2253.669922534802,2253.669922534802,2253.669922534802,0.0,0.0,1539.669922534802,0.0,714
2253.043903111876,0.0,-22530.43903111876,1539.669922534802,14405.403007353696,0.0,-0.0,0.3491964949786366,0.47997237932604736,0.0,799.2,0.0,0.0,1.0,888.0,-0.0,120,-28.71111454843382,0.0,118,-23.43480779109106,0.0,120,-55.340921790032915,0.0,118,-45.368713632343876,0.0,118,-34.15028901209416,0.0,120,-4.848593667981533,0.0,0.0,0.626019422926334,0.626019422926334,0.0,-22530.43903111876,-22530.43903111876,2253.669922534802,2253.669922534802,2253.669922534802,0.0,0.0,1539.669922534802,0.0,714
2253.043903111876,0.0,-22530.43903111876,1539.669922534802,15791.105937635019,0.0,-0.0,0.3827868503535505,0.47997237932604736,0.0,799.2,0.0,0.0,1.0,888.0,-0.0,120,-17.866136072227544,0.0,118,-59.424615184485305,0.0,120,-30.234835010331572,0.0,118,-52.16499847886074,0.0,118,-24.72257517585551,0.0,120,-38.069884668920004,0.0,0.0,0.626019422926334,0.626019422926334,0.0,-22530.43903111876,-22530.43903111876,2253.669922534802,2253.669922534802,2253.669922534802,0.0,0.0,1539.669922534802,0.0,714
2253.043903111876,0.0,-22530.43903111876,1541.669922534802,17176.80886791634,0.0,-0.0,0.4163772057284644,0.47997237932604736,0.0,799.2,0.0,0.0,1.0,888.0,-0.0,120,-54.077768909137816,0.0,118,-1.5033388932600156,0.0,118,-12.476982613834277,0.0,118,-1.8594211925794024,0.0,118,-22.02099394957201,0.0,120,-5.803107772741811,0.0,0.0,0.626019422926334,0.626019422926334,0.0,-22530.43903111876,-22530.43903111876,2253.669922534802,2253.669922534802,2253.669922534802,0.0,0.0,1541.669922534802,0.0,712
2253.043903111876,0.0,-22530.43903111876,1541.669922534802,18564.31179819766,0.0,-0.0,0.45001119429369163,0.47997237932604736,0.0,799.2,0.0,0.0,1.0,888.0,-0.0,120,-13.189279274425944,0.0,118,-20.27520862908372,0.0,118,-42.25053906758272,0.0,118,-5.323183529323932,0.0,118,-41.37018181472097,0.0,120,-18.761623288778,0.0,0.0,0.626019422926334,0.626019422926334,0.0,-22530.43903111876,-22530.43903111876,2253.669922534802,2253.669922534802,2253.669922534802,0.0,0.0,1541.669922534802,0.0,712
2308.012649960938,0.0,-23080.126499609378,1598.6539427228054,19951.81472847898,0.0,-0.0,0.4836451828589189,0.47997237932604736,0.0,799.2,0.0,0.0,1.0,888.0,-0.0,120,-4.587020172801937,0.0,118,-32.33017974498448,0.0,118,-13.662333109386328,0.0,118,-31.431169962593728,0.0,118,-51.58963377357192,0.0,118,-10.255191246630089,0.0,0.0,0.641292761867446,0.641292761867446,0.0,-23080.126499609378,-23080.126499609378,2308.6539427228054,2308.6539427228054,2308.6539427228054,0.0,0.0,1598.6539427228054,0.0,710
2308.012649960938,0.0,-23080.126499609378,1598.6539427228054,21390.603276929505,0.0,-0.0,0.51852236872299,0.47997237932604736,0.0,799.2,0.0,0.0,1.0,888.0,-0.0,120,-39.044573167614175,0.0,118,-44.19665005265983,0.0,118,-6.787118320702974,0.0,118,-15.684754891229598,0.0,118,-1.2145236725295394,0.0,118,-26.669651441023344,0.0,0.0,0.641292761867446,0.641292761867446,0.0,-23080.126499609378,-23080.126499609378,2308.6539427228054,2308.6539427228054,2308.6539427228054,0.0,0.0,1598.6539427228054,0.0,710
2308.012649960938,0.0,-23080.126499609378,1598.6539427228054,22829.39182538003,0.0,-0.0,0.553399554587061,0.47997237932604736,0.0,799.2,0.0,0.0,1.0,888.0,-0.0,120,-7.864552891065417,0.0,118,-33.518847078510504,0.0,118,-25.111613001428555,0.0,118,-12.330299470897941,0.0,118,-38.05339633179426,0.0,118,-14.167451385175909,0.0,0.0,0.641292761867446,0.641292761867446,0.0,-23080.126499609378,-23080.126499609378,2308.6539427228054,2308.6539427228054,2308.6539427228054,0.0,0.0,1598.6539427228054,0.0,710
2308.012649960938,0.0,-23080.126499609378,1598.6539427228054,24268.180373830553,0.0,-0.0,0.5882767404511321,0.47997237932604736,0.0,799.2,0.0,0.0,1.0,888.0,-0.0,120,-48.255637318340014,0.0,118,-58.82746963372842,0.0,118,-19.4476494973911,0.0,118,-48.63871398069531,0.0,118,-6.4341846983648265,0.0,118,-42.503185183998255,0.0,0.0,0.641292761867446,0.641292761867446,0.0,-23080.126499609378,-23080.126499609378,2308.6539427228054,2308.6539427228054,2308.6539427228054,0.0,0.0,1598.6539427228054,0.0,710
2308.012649960938,0.0,-23080.126499609378,1598.6539427228054,25706.968922281078,0.0,-0.0,0.6231539263152032,0.47997237932604736,0.0,799.2,0.0,0.0,1.0,888.0,-0.0,120,-5.062387988373858,0.0,118,-0.40411386979358976,0.0,118,-40.65382610728083,0.0,118,-33.69183994896019,0.0,118,-12.058838179943683,0.0,118,-56.4566300210692,0.0,0.0,0.641292761867446,0.641292761867446,0.0,-23080.126499609378,-23080.126499609378,2308.6539427228054,2308.6539427228054,2308.6539427228054,0.0,0.0,1598.6539427228054,0.0,710
2308.012649960938,0.0,-23080.126499609378,1598.6539427228054,27145.7574707316,0.0,-0.0,0.6580311121792742,0.47997237932604736,0.0,799.2,0.0,0.0,1.0,888.0,-0.0,120,-6.013002530193812,0.0,118,-6.3960601602085765,0.0,118,-10.111625029085207,0.0,118,-11.602031448115387,0.0,118,-59.63296500605688,0.0,118,-4.865377998645308,0.0,0.0,0.641292761867446,0.641292761867446,0.0,-23080.126499609378,-23080.126499609378,2308.6539427228054,2308.6539427228054,2308.6539427228054,0.0,0.0,1598.6539427228054,0.0,710
2153.76756578207,0.0,-21537.6756578207,1444.3660007822873,28584.546019182126,0.0,-0.0,0.6929082980433453,0.47997237932604736,0.0,799.2,0.0,0.0,1.0,888.0,-0.0,120,-17.057087960126204,0.0,118,-39.65372602942571,0.0,118,-27.531020514484904,0.0,118,-48.98235441684217,0.0,118,-9.612161989930923,0.0,118,-39.997399085194495,0.0,0.0,0.598435000217302,0.598435000217302,0.0,-21537.6756578207,-21537.6756578207,2154.3660007822873,2154.3660007822873,2154.3660007822873,0.0,0.0,1444.3660007822873,0.0,710
2153.76756578207,0.0,-21537.6756578207,1444.3660007822873,29884.475419886185,0.0,-0.0,0.7244194463405372,0.47997237932604736,0.0,799.2,0.0,0.0,1.0,888.0,-0.0,120,-25.113977065665946,0.0,118,-48.25890411525896,0.0,118,-15.059602588892444,0.0,118,-9.562959431798262,0.0,118,-0.6132194965829418,0.0,118,-54.37940905114086,0.0,0.0,0.598435000217302,0.598435000217302,0.0,-21537.6756578207,-21537.6756578207,2154.3660007822873,2154.3660007822873,2154.3660007822873,0.0,0.0,1444.3660007822873,0.0,710
2153.76756578207,0.0,-21537.6756578207,1444.3660007822873,31184.404820590244,0.0,-0.0,0.7559305946377293,0.47997237932604736,0.0,799.2,0.0,0.0,1.0,888.0,-0.0,120,-15.519651447514581,0.0,118,-19.517000137679496,0.0,118,-49.9663981007777,0.0,118,-23.93289027243132,0.0,118,-41.767582013579684,0.0,118,-36.624617313328784,0.0,0.0,0.598435000217302,0.598435000217302,0.0,-21537.6756578207,-21537.6756578207,2154.3660007822873,2154.3660007822873,2154.3660007822873,0.0,0.0,1444.3660007822873,0.0,710
2153.76756578207,0.0,-21537.6756578207,1444.3660007822873,32484.334221294303,0.0,-0.0,0.7874417429349212,0.47997237932604736,0.0,799.2,0.0,0.0,1.0,888.0,-0.0,120,-18.825586805080878,0.0,118,-23.198231557696502,0.0,118,-12.529011261672206,0.0,118,-48.88920352754743,0.0,118,-59.23124399235378,0.0,118,-56.92758181414693,0.0,0.0,0.598435000217302,0.598435000217302,0.0,-21537.6756578207,-21537.6756578207,2154.3660007822873,2154.3660007822873,2154.3660007822873,0.0,0.0,1444.3660007822873,0.0,710
2153.76756578207,0.0,-21537.6756578207,1444.3660007822873,33784.26362199836,0.0,-0.0,0.8189528912321131,0.47997237932604736,0.0,799.2,0.0,0.0,1.0,888.0,-0.0,120,-36.41248516030637,0.0,118,-44.36749406547763,0.0,118,-48.79528799573311,0.0,118,-17.50424222970436,0.0,118,-50.28308837490018,0.0,118,-14.904273944731642,0.0,0.0,0.598435000217302,0.598435000217302,0.0,-21537.6756578207,-21537.6756578207,2154.3660007822873,2154.3660007822873,2154.3660007822873,0.0,0.0,1444.3660007822873,0.0,710
2153.76756578207,0.0,-21537.6756578207,1444.3660007822873,35084.19302270242,0.0,-0.0,0.850464039529305,0.47997237932604736,0.0,799.2,0.0,0.0,1.0,888.0,-0.0,120,-26.749520183032146,0.0,118,-12.11959276348329,0.0,118,-50.05199204042594,0.0,118,-14.108701803317539,0.0,118,-52.70179262194896,0.0,118,-59.86438217086278,0.0,0.0,0.598435000217302,0.598435000217302,0.0,-21537.6756578207,-21537.6756578207,2154.3660007822873,2154.3660007822873,2154.3660007822873,0.0,0.0,1444.3660007822873,0.0,710
1819.3485931720081,0.0,-18193.485931720083,1109.8541082020643,36384.12242340648,0.0,-0.0,0.881975187826497,0.47997237932604736,0.0,799.2,0.0,0.0,1.0,888.0,-0.0,120,-40.09860436658527,0.0,118,-46.269938768431096,0.0,118,-42.589059215744015,0.0,118,-27.658789653751285,0.0,118,-30.110390408270366,0.0,118,-16.724869374629534,0.0,0.0,0.505515030056129,0.505515030056129,0.0,-18193.485931720083,-18193.485931720083,1819.8541082020643,1819.8541082020643,1819.8541082020643,0.0,0.0,1109.8541082020643,0.0,710
1819.3485931720081,0.0,-18193.485931720083,1109.8541082020643,37382.991120788334,0.0,-0.0,0.9061884255881593,0.47997237932604736,0.0,799.2,0.0,0.0,1.0,888.0,-0.0,120,-24.54495228685778,0.0,118,-4.608823581432537,0.0,118,-42.50799315540948,0.0,118,-29.011461301347335,0.0,118,-15.738101706961071,0.0,118,-45.709930725427846,0.0,0.0,0.505515030056129,0.505515030056129,0.0,-18193.485931720083,-18193.485931720083,1819.8541082020643,1819.8541082020643,1819.8541082020643,0.0,0.0,1109.8541082020643,0.0,710
1819.3485931720081,0.0,-18193.485931720083,1109.8541082020643,38381.85981817019,0.0,-0.0,0.9304016633498216,0.47997237932604736,0.0,799.2,0.0,0.0,1.0,888.0,-0.0,120,-12.327937510456907,0.0,118,-46.58447612599218,0.0,118,-20.44843659076958,0.0,118,-47.139112077239616,0.0,118,-12.824569168446441,0.0,118,-15.225378190007552,0.0,0.0,0.505515030056129,0.505515030056129,0.0,-18193.485931720083,-18193.485931720083,1819.8541082020643,1819.8541082020643,1819.8541082020643,0.0,0.0,1109.8541082020643,0.0,710
1819.3485931720081,0.0,-18193.485931720083,1109.8541082020643,39380.728515552044,0.0,-0.0,0.9546149011114838,0.47997237932604736,0.0,799.2,0.0,0.0,1.0,888.0,-0.0,120,-8.254153356301781,0.0,118,-52.76529516036258,0.0,118,-45.64166923538901,0.0,118,-42.44527309734824,0.0,118,-53.32587108291071,0.0,118,-38.26712234576888,0.0,0.0,0.505515030056129,0.505515030056129,0.0,-18193.485931720083,-18193.485931720083,1819.8541082020643,1819.8541082020643,1819.8541082020643,0.0,0.0,1109.8541082020643,0.0,710
1819.3485931720081,0.0,-18193.485931720083,970.4475411845568,40379.5972129339,0.0,-0.0,0.9788281388731461,0.47997237932604736,0.0,799.2,139.40656701750743,0.0,1.0,888.0,111413.72836039195,120,-14.077892376847952,0.0,118,-27.680696616067234,0.0,118,-13.996353218993079,0.0,118,-42.4449578597547,0.0,118,-58.11722639248077,0.0,118,-8.073154849202197,0.0,0.0,0.505515030056129,0.505515030056129,0.0,93220.24242867186,93220.24242867186,1819.8541082020643,1819.8541082020643,1819.8541082020643,0.0,0.0,1109.8541082020643,0.0,710
1819.3485931720081,0.0,-18193.485931720083,0.0,41253.0,0.0,-0.0,1.0,0.47997237932604736,0.0,799.2,1109.8541082020643,0.0,1.0,888.0,886995.4032750898,120,-43.99957047054712,0.0,118,-17.160983935511183,0.0,118,-40.74700998470212,0.0,118,-32.83547816240604,0.0,118,-32.70931933149713,0.0,118,-39.55784993210645,0.0,0.0,0.505515030056129,0.505515030056129,0.0,868801.9173433697,868801.9173433697,1819.8541082020643,1819.8541082020643,1819.8541082020643,0.0,0.0,1109.8541082020643,0.0,710
1283.7600280627923,0.0,-12837.600280627923,0.0,41253.0,0.0,-0.0,1.0,0.47997237932604736,0.0,799.2,574.1167271536683,0.0,1.0,888.0,458834.0883412117,120,-56.922264301245924,0.0,118,-49.7496598253166,0.0,118,-35.27676132024252,0.0,118,-48.227348963146014,0.0,118,-51.660973960490814,0.0,118,-54.78149990245396,0.0,0.0,0.356699090876019,0.356699090876019,0.0,445996.4880605838,445996.4880605838,1284.1167271536683,1284.1167271536683,1284.1167271536683,0.0,0.0,574.1167271536683,0.0,710
1283.7600280627923,0.0,-12837.600280627923,0.0,41253.0,0.0,-0.0,1.0,0.47997237932604736,0.0,799.2,574.1167271536683,0.0,1.0,888.0,458834.0883412117,120,-25.126248410656736,0.0,118,-57.62604795016836,0.0,118,-33.81408550666704,0.0,118,-23.5306881237611,0.0,118,-29.41425997594499,0.0,118,-35.56103377634046,0.0,0.0,0.356699090876019,0.356699090876019,0.0,445996.4880605838,445996.4880605838,1284.1167271536683,1284.1167271536683,1284.1167271536683,0.0,0.0,574.1167271536683,0.0,710
1283.7600280627923,0.0,-12837.600280627923,0.0,41253.0,0.0,-0.0,1.0,0.47997237932604736,0.0,799.2,574.1167271536683,0.0,1.0,888.0,458834.0883412117,120,-25.336185313463428,0.0,118,-0.5527575584075306,0.0,118,-25.964691148006285,0.0,118,-52.39611385080387,0.0,118,-33.18189284149261,0.0,118,-57.87934164470323,0.0,0.0,0.356699090876019,0.356699090876019,0.0,445996.4880605838,445996.4880605838,1284.1167271536683,1284.1167271536683,1284.1167271536683,0.0,0.0,574.1167271536683,0.0,710
1283.7600280627923,0.0,-12837.600280627923,0.0,41253.0,0.0,-0.0,1.0,0.47997237932604736,0.0,799.2,574.1167271536683,0.0,1.0,888.0,458834.0883412117,120,-21.30078204919068,0.0,118,-54.78534655769735,0.0,118,-44.258091883742345,0.0,118,-13.147116998493651,0.0,118,-1.611146299945061,0.0,118,-47.202062268829025,0.0,0.0,0.356699090876019,0.356699090876019,0.0,445996.4880605838,445996.4880605838,1284.1167271536683,1284.1167271536683,1284.1167271536683,0.0,0.0,574.1167271536683,0.0,710
1283.7600280627923,0.0,-12837.600280627923,0.0,41253.0,0.0,-0.0,1.0,0.47997237932604736,0.0,799.2,574.1167271536683,0.0,1.0,888.0,458834.0883412117,120,-21.880478539881217,0.0,118,-0.010766753358923964,0.0,118,-57.22499451801515,0.0,118,-52.83342886378656,0.0,118,-37.45881329950448,0.0,118,-36.36639125534483,0.0,0.0,0.356699090876019,0.356699090876019,0.0,445996.4880605838,445996.4880605838,1284.1167271536683,1284.1167271536683,1284.1167271536683,0.0,0.0,574.1167271536683,0.0,710
1283.7600280627923,0.0,-12837.600280627923,0.0,41253.0,0.0,-0.0,1.0,0.47997237932604736,0.0,799.2,574.1167271536683,0.0,1.0,888.0,458834.0883412117,120,-4.71830352331343,0.0,118,-14.936540180503602,0.0,118,-44.697196287444505,0.0,118,-55.92200226930235,0.0,118,-23.523366286128237,0.0,118,-53.90015113909048,0.0,0.0,0.356699090876019,0.356699090876019,0.0,445996.4880605838,445996.4880605838,1284.1167271536683,1284.1167271536683,1284.1167271536683,0.0,0.0,574.1167271536683,0.0,710
603.8023600097988,0.0,-6038.023600097988,0.0,41253.0,106.0298705097872,-0.0,1.0,0.47997237932604736,0.0,799.2,0.0,0.0,1.0,888.0,-0.0,120,-0.7285630857937386,0.0,118,-32.96226188859574,0.0,118,-36.27196889220775,0.0,118,-21.175511841379326,0.0,118,-15.894833009963236,0.0,118,-46.0575825182549,0.0,0.0,0.167769480413948,0.167769480413948,0.0,-6038.023600097988,-6038.023600097988,710.0,710.0,603.9701294902128,0.0,106.0298705097872,0.0,0.0,710
603.8023600097988,0.0,-6038.023600097988,0.0,41135.1890327669,106.0298705097872,-0.0,0.997144184247616,0.47997237932604736,0.0,799.2,0.0,0.0,1.0,888.0,-0.0,120,-43.454640268068204,0.0,118,-17.169805435361628,0.0,118,-3.8218668683260537,0.0,118,-56.4844212489097,0.0,118,-12.912861312266951,0.0,118,-18.090306788844693,0.0,0.0,0.167769480413948,0.167769480413948,0.0,-6038.023600097988,-6038.023600097988,710.0,710.0,603.9701294902128,0.0,106.0298705097872,0.0,0.0,710
603.8023600097988,0.0,-6038.023600097988,0.0,41017.378065533805,106.0298705097872,-0.0,0.994288368495232,0.47997237932604736,0.0,799.2,0.0,0.0,1.0,888.0,-0.0,120,-15.218286776329226,0.0,118,-49.857447964763615,0.0,118,-40.80511382189329,0.0,118,-13.04093929004398,0.0,118,-7.933689744160873,0.0,118,-17.902029617516234,0.0,0.0,0.167769480413948,0.167769480413948,0.0,-6038.023600097988,-6038.023600097988,710.0,710.0,603.9701294902128,0.0,106.0298705097872,0.0,0.0,710
603.8023600097988,0.0,-6038.023600097988,0.0,40899.56709830071,106.0298705097872,-0.0,0.991432552742848,0.47997237932604736,0.0,799.2,0.0,0.0,1.0,888.0,-0.0,120,-57.56045081609284,0.0,118,-26.10658600389979,0.0,118,-15.659128508892202,0.0,118,-9.330715956822473,0.0,118,-51.65745363610301,0.0,118,-11.371732338617708,0.0,0.0,0.167769480413948,0.167769480413948,0.0,-6038.023600097988,-6038.023600097988,710.0,710.0,603.9701294902128,0.0,106.0298705097872,0.0,0.0,710
603.8023600097988,0.0,-6038.023600097988,0.0,40781.75613106761,106.0298705097872,-0.0,0.988576736990464,0.47997237932604736,0.0,799.2,0.0,0.0,1.0,888.0,-0.0,120,-36.809021919524035,0.0,118,-41.643177764481635,0.0,118,-45.11485024581913,0.0,118,-2.551729572677537,0.0,118,-44.77596683582774,0.0,118,-51.14263093154419,0.0,0.0,0.167769480413948,0.167769480413948,0.0,-6038.023600097988,-6038.023600097988,710.0,710.0,603.9701294902128,0.0,106.0298705097872,0.0,0.0,710
603.8023600097988,0.0,-6038.023600097988,0.0,40663.94516383451,106.0298705097872,-0.0,0.98572092123808,0.47997237932604736,0.0,799.2,0.0,0.0,1.0,888.0,-0.0,120,-51.33649660491058,0.0,118,-14.792949738250154,0.0,118,-42.364077316800696,0.0,118,-18.17470071605712,0.0,118,-49.42611140408955,0.0,118,-45.08113966953796,0.0,0.0,0.167769480413948,0.167769480413948,0.0,-6038.023600097988,-6038.023600097988,710.0,710.0,603.9701294902128,0.0,106.0298705097872,0.0,0.0,710
69.82249039294582,0.0,-698.2249039294583,0.0,40546.134196601415,640.1581090817991,-0.0,0.982865105485696,0.47997237932604736,0.0,799.2,0.0,0.0,1.0,888.0,-0.0,120,-50.57399216020411,0.0,118,-0.7726976982563571,0.0,118,-31.51945028835874,0.0,118,-15.223558063888856,0.0,118,-1.9809599647469955,0.0,118,-25.971135542238024,0.0,0.0,0.0194005252550558,0.0194005252550558,0.0,-698.2249039294583,-698.2249039294583,710.0,710.0,69.84189091820087,0.0,640.1581090817991,0.0,0.0,710
69.82249039294582,0.0,-698.2249039294583,0.0,39834.84740873275,640.1581090817991,-0.0,0.9656230433843054,0.47997237932604736,0.0,799.2,0.0,0.0,1.0,888.0,-0.0,120,-49.54216343949275,0.0,118,-20.68825218121441,0.0,118,-49.74557736306278,0.0,118,-15.872931814433604,0.0,118,-34.68495522582923,0.0,118,-29.999068079728342,0.0,0.0,0.0194005252550558,0.0194005252550558,0.0,-698.2249039294583,-698.2249039294583,710.0,710.0,69.84189091820087,0.0,640.1581090817991,0.0,0.0,710
69.82249039294582,0.0,-698.2249039294583,0.0,39123.56062086408,640.1581090817991,-0.0,0.9483809812829147,0.47997237932604736,0.0,799.2,0.0,0.0,1.0,888.0,-0.0,120,-46.76446741848491,0.0,118,-18.634899065572124,0.0,118,-45.56917110010509,0.0,118,-8.035421191916619,0.0,118,-37.086378195766926,0.0,118,-18.839464996054424,0.0,0.0,0.0194005252550558,0.0194005252550558,0.0,-698.2249039294583,-698.2249039294583,710.0,710.0,69.84189091820087,0.0,640.1581090817991,0.0,0.0,710
69.82249039294582,0.0,-698.2249039294583,0.0,38412.273832995415,640.1581090817991,-0.0,0.9311389191815241,0.47997237932604736,0.0,799.2,0.0,0.0,1.0,888.0,-0.0,120,-6.8651759420241865,0.0,118,-16.404594071568425,0.0,118,-7.340462413267261,0.0,118,-13.884696971272625,0.0,118,-20.888650312751192,0.0,118,-12.837302097377792,0.0,0.0,0.0194005252550558,0.0194005252550558,0.0,-698.2249039294583,-698.2249039294583,710.0,710.0,69.84189091820087,0.0,640.1581090817991,0.0,0.0,710
69.82249039294582,0.0,-698.2249039294583,0.0,37700.98704512675,640.1581090817991,-0.0,0.9138968570801336,0.47997237932604736,0.0,799.2,0.0,0.0,1.0,888.0,-0.0,120,-44.74126068139121,0.0,118,-32.16982249009669,0.0,118,-14.639870247533654,0.0,118,-34.60197277459445,0.0,118,-8.238981368059088,0.0,118,-4.33285158202811,0.0,0.0,0.0194005252550558,0.0194005252550558,0.0,-698.2249039294583,-698.2249039294583,710.0,710.0,69.84189091820087,0.0,640.1581090817991,0.0,0.0,710
69.82249039294582,0.0,-698.2249039294583,0.0,36989.70025725808,640.1581090817991,-0.0,0.8966547949787429,0.47997237932604736,0.0,799.2,0.0,0.0,1.0,888.0,-0.0,120,-45.25131669850765,0.0,118,-47.069258328850324,0.0,118,-39.424422663709656,0.0,118,-23.413573877341186,0.0,118,-26.061216794338677,0.0,118,-57.29834568699232,0.0,0.0,0.0194005252550558,0.0194005252550558,0.0,-698.2249039294583,-698.2249039294583,710.0,710.0,69.84189091820087,0.0,640.1581090817991,0.0,0.0,710
0.0,0.0,-0.0,0.0,36278.413469389416,710.0,-0.0,0.8794127328773523,0.47997237932604736,0.0,799.2,0.0,0.0,1.0,888.0,-0.0,120,-51.0946342702147,0.0,118,-19.3751000046392,0.0,118,-19.124213871348203,0.0,118,-29.563000886748576,0.0,118,-26.717908769918314,0.0,118,-45.713612710058534,0.0,0.0,0.0,0.0,0.0,0.0,0.0,710.0,710.0,0.0,0.0,710.0,0.0,0.0,710
0.0,0.0,-0.0,0.0,35489.524580500525,710.0,-0.0,0.8602895445301075,0.47997237932604736,0.0,799.2,0.0,0.0,1.0,888.0,-0.0,120,-50.76473545656084,0.0,118,-34.93427172616177,0.0,118,-2.244220117817599,0.0,118,-42.54620639977914,0.0,118,-8.656079784068238,0.0,118,-52.63365036749231,0.0,0.0,0.0,0.0,0.0,0.0,0.0,710.0,710.0,0.0,0.0,710.0,0.0,0.0,710
0.0,0.0,-0.0,0.0,34700.635691611635,710.0,-0.0,0.8411663561828627,0.47997237932604736,0.0,799.2,0.0,0.0,1.0,888.0,-0.0,120,-42.94073289490115,0.0,118,-58.323182483836064,0.0,118,-31.148931143788207,0.0,118,-49.40520520672778,0.0,118,-24.002883246949402,0.0,118,-59.3939565893748,0.0,0.0,0.0,0.0,0.0,0.0,0.0,710.0,710.0,0.0,0.0,710.0,0.0,0.0,710
0.0,0.0,-0.0,0.0,33911.746802722744,710.0,-0.0,0.8220431678356179,0.47997237932604736,0.0,799.2,0.0,0.0,1.0,888.0,-0.0,120,-30.766458704672676,0.0,118,-27.66109284844672,0.0,118,-16.095551955185883,0.0,118,-44.55749168529317,0.0,118,-17.788493779967514,0.0,118,-21.773545013604288,0.0,0.0,0.0,0.0,0.0,0.0,0.0,710.0,710.0,0.0,0.0,710.0,0.0,0.0,710
0.0,0.0,-0.0,0.0,33122.857913833854,710.0,-0.0,0.802919979488373,0.47997237932604736,0.0,799.2,0.0,0.0,1.0,888.0,-0.0,120,-7.46602455999251,0.0,118,-28.468456447830068,0.0,118,-23.419370257134403,0.0,118,-15.64503450381692,0.0,118,-56.146542060943986,0.0,118,-16.767548107970676,0.0,0.0,0.0,0.0,0.0,0.0,0.0,710.0,710.0,0.0,0.0,710.0,0.0,0.0,710
0.0,0.0,-0.0,0.0,32333.969024944963,710.0,-0.0,0.7837967911411282,0.47997237932604736,0.0,799.2,0.0,0.0,1.0,888.0,-0.0,120,-49.09957751120914,0.0,118,-19.64440885192601,0.0,118,-20.67861063933423,0.0,118,-39.561828417743854,0.0,118,-29.174602542220615,0.0,118,-30.545861916908517,0.0,0.0,0.0,0.0,0.0,0.0,0.0,710.0,710.0,0.0,0.0,710.0,0.0,0.0,710
0.0,0.0,-0.0,0.0,31545.080136056073,710.0,-0.0,0.7646736027938834,0.47997237932604736,0.0,799.2,0.0,0.0,1.0,888.0,-0.0,120,-31.485410148408153,0.0,118,-26.704981122722117,0.0,118,-42.10071234182592,0.0,118,-2.676029057199978,0.0,118,-9.072036702395403,0.0,118,-35.256556363301755,0.0,0.0,0.0,0.0,0.0,0.0,0.0,710.0,710.0,0.0,0.0,710.0,0.0,0.0,710
0.0,0.0,-0.0,0.0,30756.191247167182,710.0,-0.0,0.7455504144466386,0.47997237932604736,0.0,799.2,0.0,0.0,1.0,888.0,-0.0,120,-7.246422000630062,0.0,118,-58.22242665332597,0.0,118,-55.869056174627055,0.0,118,-23.533003804217106,0.0,118,-19.782576997562288,0.0,118,-55.660481672034,0.0,0.0,0.0,0.0,0.0,0.0,0.0,710.0,710.0,0.0,0.0,710.0,0.0,0.0,710
0.0,0.0,-0.0,0.0,29967.30235827829,710.0,-0.0,0.7264272260993938,0.47997237932604736,0.0,799.2,0.0,0.0,1.0,888.0,-0.0,120,-20.651904005575282,0.0,118,-40.573003814839026,0.0,118,-11.337183607737318,0.0,118,-41.26008857546524,0.0,118,-2.3973110472955694,0.0,118,-45.18334378778277,0.0,0.0,0.0,0.0,0.0,0.0,0.0,710.0,710.0,0.0,0.0,710.0,0.0,0.0,710
0.0,0.0,-0.0,0.0,29178.4134693894,710.0,-0.0,0.707304037752149,0.47997237932604736,0.0,799.2,0.0,0.0,1.0,888.0,-0.0,120,-53.417793837159635,0.0,118,-15.138754989605125,0.0,118,-34.1488738534907,0.0,118,-35.32782612244137,0.0,118,-46.92694541000607,0.0,118,-50.78220984570761,0.0,0.0,0.0,0.0,0.0,0.0,0.0,710.0,710.0,0.0,0.0,710.0,0.0,0.0,710
0.0,0.0,-0.0,0.0,28389.52458050051,710.0,-0.0,0.6881808494049041,0.47997237932604736,0.0,799.2,0.0,0.0,1.0,888.0,-0.0,120,-48.50753143013615,0.0,118,-59.15210738898975,0.0,118,-7.143637787897954,0.0,118,-49.377982810240525,0.0,118,-36.40859948181023,0.0,118,-46.5908739972665,0.0,0.0,0.0,0.0,0.0,0.0,0.0,710.0,710.0,0.0,0.0,710.0,0.0,0.0,710
0.0,0.0,-0.0,0.0,27600.63569161162,710.0,-0.0,0.6690576610576593,0.47997237932604736,0.0,799.2,0.0,0.0,1.0,888.0,-0.0,120,-8.684316485337845,0.0,118,-28.34332629291152,0.0,118,-46.173416717004706,0.0,118,-32.676363167978074,0.0,118,-5.489272160729415,0.0,118,-49.55750091062315,0.0,0.0,0.0,0.0,0.0,0.0,0.0,710.0,710.0,0.0,0.0,710.0,0.0,0.0,710
0.0,0.0,-0.0,0.0,26811.74680272273,710.0,-0.0,0.6499344727104145,0.47997237932604736,0.0,799.2,0.0,0.0,1.0,888.0,-0.0,120,-0.12033007069460977,0.0,118,-19.085749752400687,0.0,118,-43.91715175647402,0.0,118,-34.13134903040593,0.0,118,-43.68242206507945,0.0,118,-54.063734651489874,0.0,0.0,0.0,0.0,0.0,0.0,0.0,710.0,710.0,0.0,0.0,710.0,0.0,0.0,710
0.0,0.0,-0.0,0.0,26022.85791383384,710.0,-0.0,0.6308112843631697,0.47997237932604736,0.0,799.2,0.0,0.0,1.0,888.0,-0.0,120,-22.641401983827496,0.0,118,-3.615871561440993,0.0,118,-21.620404157692874,0.0,118,-0.49932254218525873,0.0,118,-35.34334827346994,0.0,118,-58.204596756702166,0.0,0.0,0.0,0.0,0.0,0.0,0.0,710.0,710.0,0.0,0.0,710.0,0.0,0.0,710
0.0,0.0,-0.0,0.0,25233.96902494495,710.0,-0.0,0.6116880960159249,0.47997237932604736,0.0,799.2,0.0,0.0,1.0,888.0,-0.0,120,-28.76189631327691,0.0,118,-28.62548486912409,0.0,118,-25.94449234222479,0.0,118,-1.7413447672496507,0.0,118,-11.551084919643678,0.0,118,-22.12820878949393,0.0,0.0,0.0,0.0,0.0,0.0,0.0,710.0,710.0,0.0,0.0,710.0,0.0,0.0,710
0.0,0.0,-0.0,0.0,24445.080136056058,710.0,-0.0,0.5925649076686801,0.47997237932604736,0.0,799.2,0.0,0.0,1.0,888.0,-0.0,120,-16.900626021924936,0.0,118,-25.939679726039575,0.0,118,-14.497627246696172,0.0,118,-29.376662316063182,0.0,118,-13.830064141022042,0.0,118,-13.14502245176958,0.0,0.0,0.0,0.0,0.0,0.0,0.0,710.0,710.0,0.0,0.0,710.0,0.0,0.0,710
0.0,0.0,-0.0,0.0,23656.191247167168,710.0,-0.0,0.5734417193214353,0.47997237932604736,0.0,799.2,0.0,0.0,1.0,888.0,-0.0,120,-35.79670189119012,0.0,118,-38.94145488397386,0.0,118,-27.151370091981114,0.0,118,-31.11986375315072,0.0,118,-46.883242776178825,0.0,118,-5.632557165581391,0.0,0.0,0.0,0.0,0.0,0.0,0.0,710.0,710.0,0.0,0.0,710.0,0.0,0.0,710
0.0,0.0,-0.0,0.0,22867.302358278277,710.0,-0.0,0.5543185309741904,0.47997237932604736,0.0,799.2,0.0,0.0,1.0,888.0,-0.0,120,-56.81966435794342,0.0,118,-16.643543652566805,0.0,118,-32.07555516458028,0.0,118,-44.56879631625295,0.0,118,-1.4712682863549231,0.0,118,-11.306185668360367,0.0,0.0,0.0,0.0,0.0,0.0,0.0,710.0,710.0,0.0,0.0,710.0,0.0,0.0,710
0.0,0.0,-0.0,0.0,22078.413469389387,710.0,-0.0,0.5351953426269456,0.47997237932604736,0.0,799.2,0.0,0.0,1.0,888.0,-0.0,120,-41.13158020803142,0.0,118,-47.40817929083386,0.0,118,-47.90893429361007,0.0,118,-48.81320104157019,0.0,118,-37.45344728757122,0.0,118,-29.226259569111942,0.0,0.0,0.0,0.0,0.0,0.0,0.0,710.0,710.0,0.0,0.0,710.0,0.0,0.0,710
0.0,0.0,-0.0,0.0,21289.524580500496,710.0,-0.0,0.5160721542797008,0.47997237932604736,0.0,799.2,0.0,0.0,1.0,888.0,-0.0,120,-39.3358579035644,0.0,118,-11.001147683204612,0.0,118,-56.17546793284427,0.0,118,-17.480902952261456,0.0,118,-34.26388765314543,0.0,118,-17.06408851965812,0.0,0.0,0.0,0.0,0.0,0.0,0.0,710.0,710.0,0.0,0.0,710.0,0.0,0.0,710
0.0,0.0,-0.0,0.0,20500.635691611606,710.0,-0.0,0.49694896593245597,0.47997237932604736,0.0,799.2,0.0,0.0,1.0,888.0,-0.0,120,-26.096535508849122,0.0,118,-20.005133746686536,0.0,118,-31.180228013000278,0.0,118,-35.198606631642036,0.0,118,-18.126677115544442,0.0,118,-27.868329027106256,0.0,0.0,0.0,0.0,0.0,0.0,0.0,710.0,710.0,0.0,0.0,710.0,0.0,0.0,710
0.0,0.0,-0.0,0.0,19711.746802722715,712.0,-0.0,0.47782577758521116,0.47997237932604736,0.0,799.2,0.0,0.0,1.0,888.0,-0.0,120,-47.25392472752265,0.0,118,-22.209565729587688,0.0,120,-52.08950241924248,0.0,118,-28.226709584994833,0.0,118,-16.636540793962816,0.0,118,-8.993700125031072,0.0,0.0,0.0,0.0,0.0,0.0,0.0,712.0,712.0,0.0,0.0,712.0,0.0,0.0,712
0.0,0.0,-0.0,0.0,18920.635691611606,712.0,-0.0,0.45864872110177696,0.47997237932604736,0.0,799.2,0.0,0.0,1.0,888.0,-0.0,120,-4.075656873066831,0.0,118,-55.91435070817897,0.0,120,-28.092073567433754,0.0,118,-49.79052176753203,0.0,118,-46.91583791859452,0.0,118,-4.366747797140949,0.0,0.0,0.0,0.0,0.0,0.0,0.0,712.0,712.0,0.0,0.0,712.0,0.0,0.0,712
0.0,0.0,-0.0,0.0,18129.524580500496,712.0,-0.0,0.4394716646183428,0.47997237932604736,0.0,799.2,0.0,0.0,1.0,888.0,-0.0,120,-9.190194053022251,0.0,118,-29.57227361749345,0.0,120,-18.21622532656158,0.0,118,-48.95861558151003,0.0,118,-26.584965466269267,0.0,118,-58.81415734214869,0.0,0.0,0.0,0.0,0.0,0.0,0.0,712.0,712.0,0.0,0.0,712.0,0.0,0.0,712
0.0,0.0,-0.0,0.0,17338.413469389387,712.0,-0.0,0.42029460813490865,0.47997237932604736,0.0,799.2,0.0,0.0,1.0,888.0,-0.0,120,-6.7780509619724345,0.0,118,-37.93857387399721,0.0,120,-14.827011062013518,0.0,118,-58.854039581843274,0.0,118,-6.73489582326474,0.0,118,-36.048417499756866,0.0,0.0,0.0,0.0,0.0,0.0,0.0,712.0,712.0,0.0,0.0,712.0,0.0,0.0,712
0.0,0.0,-0.0,0.0,16547.302358278277,712.0,-0.0,0.4011175516514745,0.47997237932604736,0.0,799.2,0.0,0.0,1.0,888.0,-0.0,120,-33.53518883329605,0.0,118,-18.34259413379423,0.0,120,-22.52771544167095,0.0,118,-2.425917323029223,0.0,118,-56.994953892588285,0.0,118,-52.03604643078924,0.0,0.0,0.0,0.0,0.0,0.0,0.0,712.0,712.0,0.0,0.0,712.0,0.0,0.0,712
0.0,0.0,-0.0,0.0,15756.191247167166,712.0,-0.0,0.3819404951680403,0.47997237932604736,0.0,799.2,0.0,0.0,1.0,888.0,-0.0,120,-51.93175458313061,0.0,118,-39.20769855030956,0.0,120,-25.575015489299265,0.0,118,-54.4920714934033,0.0,118,-7.594511400044341,0.0,118,-46.752265855199,0.0,0.0,0.0,0.0,0.0,0.0,0.0,712.0,712.0,0.0,0.0,712.0,0.0,0.0,712
0.0,0.0,-0.0,0.0,14965.080136056054,712.0,-0.0,0.3627634386846061,0.47997237932604736,0.0,799.2,0.0,0.0,1.0,888.0,-0.0,120,-19.11505215171371,0.0,118,-50.834488309890894,0.0,120,-42.003718762327495,0.0,118,-28.507968048345816,0.0,118,-17.544043542821548,0.0,118,-0.3869842924733047,0.0,0.0,0.0,0.0,0.0,0.0,0.0,712.0,712.0,0.0,0.0,712.0,0.0,0.0,712
0.0,0.0,-0.0,0.0,14173.969024944943,712.0,-0.0,0.3435863822011719,0.47997237932604736,0.0,799.2,0.0,0.0,1.0,888.0,-0.0,120,-36.276360538308495,0.0,118,-38.84284941302574,0.0,120,-14.330664352326679,0.0,118,-21.954126635386416,0.0,118,-12.137804867041996,0.0,118,-7.02944725550868,0.0,0.0,0.0,0.0,0.0,0.0,0.0,712.0,712.0,0.0,0.0,712.0,0.0,0.0,712
0.0,0.0,-0.0,0.0,13382.857913833832,712.0,-0.0,0.3244093257177377,0.47997237932604736,0.0,799.2,0.0,0.0,1.0,888.0,-0.0,120,-4.931217662824214,0.0,118,-30.986938041342647,0.0,120,-57.21146897669086,0.0,118,-13.832538096348454,0.0,118,-53.33335067925674,0.0,118,-28.606258158540577,0.0,0.0,0.0,0.0,0.0,0.0,0.0,712.0,712.0,0.0,0.0,712.0,0.0,0.0,712
0.0,0.0,-0.0,0.0,12591.74680272272,712.0,-0.0,0.30523226923430347,0.47997237932604736,0.0,799.2,0.0,0.0,1.0,888.0,-0.0,120,-8.091260643591411,0.0,118,-36.661943553364246,0.0,120,-51.355748254882876,0.0,118,-49.28099389539132,0.0,118,-53.46196400020628,0.0,118,-17.36093466983767,0.0,0.0,0.0,0.0,0.0,0.0,0.0,712.0,712.0,0.0,0.0,712.0,0.0,0.0,712
0.0,0.0,-0.0,0.0,11800.63569161161,712.0,-0.0,0.28605521275086926,0.47997237932604736,0.0,799.2,0.0,0.0,1.0,888.0,-0.0,120,-59.988980305290056,0.0,118,-30.195864999673955,0.0,120,-59.27444674622361,0.0,118,-0.07037885971030944,0.0,118,-40.046414674726954,0.0,118,-29.554898086139726,0.0,0.0,0.0,0.0,0.0,0.0,0.0,712.0,712.0,0.0,0.0,712.0,0.0,0.0,712
0.0,0.0,-0.0,0.0,11009.524580500498,712.0,-0.0,0.26687815626743505,0.47997237932604736,0.0,799.2,0.0,0.0,1.0,888.0,-0.0,120,-16.09897827556878,0.0,118,-3.3560879441140545,0.0,120,-41.25035561564337,0.0,118,-23.62932778833604,0.0,118,-31.738491538758822,0.0,118,-8.49164584785408,0.0,0.0,0.0,0.0,0.0,0.0,0.0,712.0,712.0,0.0,0.0,712.0,0.0,0.0,712
0.0,0.0,-0.0,0.0,10218.413469389387,712.0,-0.0,0.24770109978400084,0.47997237932604736,0.0,799.2,0.0,0.0,1.0,888.0,-0.0,120,-39.9954759927784,0.0,118,-54.07313913043462,0.0,120,-23.996776362797117,0.0,118,-34.850809020362234,0.0,118,-53.97329488631114,0.0,118,-43.74619298786352,0.0,0.0,0.0,0.0,0.0,0.0,0.0,712.0,712.0,0.0,0.0,712.0,0.0,0.0,712
0.0,0.0,-0.0,0.0,9427.302358278275,712.0,-0.0,0.22852404330056664,0.47997237932604736,0.0,799.2,0.0,0.0,1.0,888.0,-0.0,120,-53.73247833431566,0.0,118,-53.8401101957468,0.0,120,-59.30186207834879,0.0,118,-18.041714645554865,0.0,118,-27.467191957726932,0.0,118,-16.068945991185082,0.0,0.0,0.0,0.0,0.0,0.0,0.0,712.0,712.0,0.0,0.0,712.0,0.0,0.0,712
0.0,0.0,-0.0,0.0,8636.191247167164,712.0,-0.0,0.20934698681713243,0.47997237932604736,0.0,799.2,0.0,0.0,1.0,888.0,-0.0,120,-15.112454247476608,0.0,118,-25.872162219709228,0.0,120,-12.190489913528708,0.0,118,-33.51727310915145,0.0,118,-55.93994213898825,0.0,118,-7.536715489058929,0.0,0.0,0.0,0.0,0.0,0.0,0.0,712.0,712.0,0.0,0.0,712.0,0.0,0.0,712
0.0,0.0,-0.0,0.0,7845.080136056053,712.0,-0.0,0.19016993033369822,0.47997237932604736,0.0,799.2,0.0,0.0,1.0,888.0,-0.0,120,-28.327359437598663,0.0,118,-31.19211471818311,0.0,120,-12.939698634940973,0.0,118,-1.1724918440384813,0.0,118,-33.88838947195079,0.0,118,-24.6568524305422,0.0,0.0,0.0,0.0,0.0,0.0,0.0,712.0,712.0,0.0,0.0,712.0,0.0,0.0,712
0.0,0.0,-0.0,0.0,7053.969024944941,714.0,-0.0,0.17099287385026402,0.47997237932604736,0.0,799.2,0.0,0.0,1.0,888.0,-0.0,120,-48.654780695619884,0.0,118,-41.967055633828544,0.0,120,-54.44302845267207,0.0,118,-12.356135797363573,0.0,118,-29.176370721598918,0.0,120,-31.799575604707428,0.0,0.0,0.0,0.0,0.0,0.0,0.0,714.0,714.0,0.0,0.0,714.0,0.0,0.0,714
0.0,0.0,-0.0,0.0,6260.635691611608,714.0,-0.0,0.1517619492306404,0.47997237932604736,0.0,799.2,0.0,0.0,1.0,888.0,-0.0,120,-23.501054230218664,0.0,118,-59.74274733683798,0.0,120,-15.726881881450979,0.0,118,-25.307629148400046,0.0,118,-1.661644635291124,0.0,120,-58.83150630790901,0.0,0.0,0.0,0.0,0.0,0.0,0.0,714.0,714.0,0.0,0.0,714.0,0.0,0.0,714
0.0,0.0,-0.0,0.0,5467.302358278275,714.0,-0.0,0.1325310246110168,0.47997237932604736,0.0,799.2,0.0,0.0,1.0,888.0,-0.0,120,-14.041551580516295,0.0,118,-51.717494278646456,0.0,120,-15.69423147589427,0.0,118,-34.13856387185466,0.0,118,-39.49440459775065,0.0,120,-24.9260365391741,0.0,0.0,0.0,0.0,0.0,0.0,0.0,714.0,714.0,0.0,0.0,714.0,0.0,0.0,714
0.0,0.0,-0.0,0.0,4673.969024944942,714.0,-0.0,0.11330009999139316,0.47997237932604736,0.0,799.2,0.0,0.0,1.0,888.0,-0.0,120,-8.089272273650467,0.0,118,-34.120900725767896,0.0,120,-2.7139629998993575,0.0,118,-21.507951316859803,0.0,118,-50.23745412462963,0.0,120,-27.41055881181141,0.0,0.0,0.0,0.0,0.0,0.0,0.0,714.0,714.0,0.0,0.0,714.0,0.0,0.0,714
0.0,0.0,-0.0,0.0,3880.635691611609,714.0,-0.0,0.09406917537176955,0.47997237932604736,0.0,799.2,0.0,0.0,1.0,888.0,-0.0,120,-52.977297351900575,0.0,118,-52.63688401873293,0.0,120,-23.437047604125866,0.0,118,-35.89515636287522,0.0,118,-5.316266238354556,0.0,120,-12.94461122590106,0.0,0.0,0.0,0.0,0.0,0.0,0.0,714.0,714.0,0.0,0.0,714.0,0.0,0.0,714
